trade_date,AU.SHF,AG.SHF
20100104,0.0,
20100105,0.0,
20100106,0.0,
20100107,0.0,
20100108,0.0,
20100111,0.0,
20100112,0.0,
20100113,0.0,
20100114,0.0,
20100115,0.0,
20100118,0.0,
20100119,0.0,
20100120,0.0,
20100121,0.0,
20100122,0.0,
20100125,0.0,
20100126,0.0,
20100127,0.0,
20100128,0.0,
20100129,0.0,
20100201,0.0,
20100202,0.0,
20100203,0.0,
20100204,0.0,
20100205,0.0,
20100208,0.0,
20100209,0.0,
20100210,0.0,
20100211,0.0,
20100212,0.0,
20100222,0.0,
20100223,0.0,
20100224,0.0,
20100225,0.0,
20100226,0.0,
20100301,0.0,
20100302,0.0,
20100303,0.0,
20100304,0.0,
20100305,-5.266083082188421,
20100308,-7.817286714540846,
20100309,-9.551908278411249,
20100310,-12.44243414746663,
20100311,-12.728086093703366,
20100312,-18.139154909289946,
20100315,-19.74288439316984,
20100316,-21.19182110374074,
20100317,-19.664801989217505,
20100318,-22.398925291146963,
20100319,-25.227772335695395,
20100322,-24.26049101822101,
20100323,-24.426249289093647,
20100324,-21.25951243757367,
20100325,-18.1280339410796,
20100326,-18.204504643940968,
20100329,-14.65817934946127,
20100330,-17.93009852050535,
20100331,-21.735567075069806,
20100401,-24.10281345346588,
20100402,-21.783619298891193,
20100406,-27.462619908141857,
20100407,-27.81413100650126,
20100408,-28.081803079676696,
20100409,-24.644316436629733,
20100412,-31.29942337249632,
20100413,-36.71551509067498,
20100414,-41.21967791181744,
20100415,-46.14947013235847,
20100416,-50.57711950107431,
20100419,-52.14083927855249,
20100420,-54.61872809364982,
20100421,-56.57493383729628,
20100422,-58.25745142183569,
20100423,-60.0621882934568,
20100426,-60.478554738753736,
20100427,-60.89430890550158,
20100428,-60.90927770153042,
20100429,-61.16680799095429,
20100430,-61.30736914416295,
20100504,-61.63172392587063,
20100505,-61.65328455192329,
20100506,-61.885162176767764,
20100507,-59.92318937251249,
20100510,-58.1708343070847,
20100511,-56.566436492440786,
20100512,-54.96602984665769,
20100513,-53.67500474104148,
20100514,-52.65055731913279,
20100517,-51.832514350276384,
20100518,-51.38950002573964,
20100519,-50.85969530674197,
20100520,-49.470021055481745,
20100521,-48.23636305483667,
20100524,-47.19681733704617,
20100525,-46.749298889868555,
20100526,-46.164555147972195,
20100527,-45.7873894918736,
20100528,-45.47502466335731,
20100531,-45.17966142582321,
20100601,-44.8763858881302,
20100602,-44.717690758239016,
20100603,-44.59031588061936,
20100604,-45.04819993466175,
20100607,-45.293089918844274,
20100608,-45.020156937079456,
20100609,-32.320338046658954,
20100610,-25.090326928074163,
20100611,-27.18077729902176,
20100617,-29.0392628067838,
20100618,-22.902154508964,
20100621,-17.240037454267412,
20100622,-11.985658329782364,
20100623,-17.612061123833566,
20100624,-22.634248577168687,
20100625,-24.654685105529214,
20100628,-28.44158694205862,
20100629,-26.052700509964374,
20100630,-28.069018242859354,
20100701,-29.29371833839152,
20100702,-21.396647181588985,
20100705,-24.551931806185785,
20100706,-25.597391803482367,
20100707,-22.072442426765917,
20100708,-22.983241111871827,
20100709,-26.289994615799433,
20100712,-28.7050727238388,
20100713,-29.15083945877098,
20100714,-27.7757489338461,
20100715,-29.922795706045527,
20100716,-30.940035327647355,
20100719,-27.439577030133265,
20100720,-25.278154646453995,
20100721,-26.974340330237396,
20100722,-25.838753393293153,
20100723,-25.00113948904657,
20100726,-28.020960018013977,
20100727,-29.63147449706355,
20100728,-23.732444878777045,
20100729,-23.729263039251236,
20100730,-25.860135890448753,
20100802,-25.299425890789628,
20100803,-29.24253366305163,
20100804,-25.00727699709468,
20100805,-30.2916174547721,
20100806,-35.04200402549506,
20100809,-32.59330044869661,
20100810,-33.99842141908215,
20100811,-35.654967752082875,
20100812,-40.55916786953223,
20100813,-34.126628959222344,
20100816,-31.77096119926795,
20100817,-31.340917671909107,
20100818,-34.30737849865604,
20100819,-38.41774938463265,
20100820,-40.07275877441629,
20100823,-44.201828674531725,
20100824,-45.897308874843034,
20100825,-40.29338573023099,
20100826,-37.42119283855328,
20100827,-42.93514239708276,
20100830,-46.673417563575356,
20100831,-43.41707010497973,
20100901,-33.80011961652445,
20100902,-36.98283670672837,
20100903,-45.146115491417184,
20100906,-48.99385843794962,
20100907,-55.13963885506745,
20100908,-49.586638900946824,
20100909,-32.21094965062309,
20100910,-34.912903585336096,
20100913,-44.72991559919457,
20100914,-44.570274076290005,
20100915,-8.678347479822731,
20100916,-9.124797953543839,
20100917,0.055243069458719415,
20100920,2.83726348668438,
20100921,-1.774555557707867,
20100927,-2.3307074616077,
20100928,-11.666685873574988,
20100929,-14.10217068050903,
20100930,-10.370603596952567,
20101008,7.15530787896589,
20101011,23.79950170050749,
20101012,25.487657377285096,
20101013,30.455771828969525,
20101014,35.83376791574045,
20101015,28.224404214257156,
20101018,30.404167155438873,
20101019,22.4492869651268,
20101020,30.860506509189577,
20101021,21.32425286728981,
20101022,13.637023662118734,
20101025,7.4643856321289155,
20101026,2.4741109626410274,
20101027,-1.605409780776817,
20101028,-4.94231920652873,
20101029,-7.685641633992891,
20101101,-9.838201041514388,
20101102,-11.627391372882,
20101103,-13.139295346266753,
20101104,-14.372278166441069,
20101105,-15.028189830527433,
20101108,-15.714506990043736,
20101109,-15.850673579663619,
20101110,-15.815671717936585,
20101111,-15.872970992865667,
20101112,-15.761232083631057,
20101115,-15.659766649896762,
20101116,-15.572050514044651,
20101117,-15.51110290724252,
20101118,-15.38536727497925,
20101119,-15.312223572291646,
20101122,-15.364848781523179,
20101123,-15.432912499294218,
20101124,-15.460049533763543,
20101125,-15.472423569137256,
20101126,-15.47264499402998,
20101129,-15.58638578485157,
20101130,-15.675074009782005,
20101201,-15.556124204552379,
20101202,-15.460031496348444,
20101203,-15.584096300618935,
20101206,-15.598989119119814,
20101207,-16.041488006555053,
20101208,-16.183776183198876,
20101209,-16.311010254818473,
20101210,-16.597160441890384,
20101213,-17.007388458868785,
20101214,-17.29957822355022,
20101215,-17.670669918174518,
20101216,-18.10315037797373,
20101217,-21.45193276494465,
20101220,-16.285906966866936,
20101221,-20.414854559347095,
20101222,-25.775889374541723,
20101223,-31.916961742932234,
20101224,-38.40933764373146,
20101227,-41.17468705152772,
20101228,-37.3659735291418,
20101229,-36.96156782084408,
20101230,-36.735181354301346,
20101231,-37.118827861754696,
20110104,-35.86572860631592,
20110105,-22.560221065856997,
20110106,-26.006353425502596,
20110107,-21.930154321992976,
20110110,-24.661506559758877,
20110111,-29.89021213165197,
20110112,-35.054126780186095,
20110113,-37.28175397635025,
20110114,-39.92376915464262,
20110117,-26.05837054092849,
20110118,-29.57712825214932,
20110119,-33.92562523198675,
20110120,-34.97948047385648,
20110121,-31.79930080912625,
20110124,-30.89283264261644,
20110125,-31.36489730018999,
20110126,-29.015482974058745,
20110127,-31.384242767678074,
20110128,-27.833431123125585,
20110131,-26.848460752755113,
20110201,-26.514101977347927,
20110209,-24.46627949439693,
20110210,-31.91581095384619,
20110211,-34.05606031109668,
20110214,-39.17781845672124,
20110215,-41.4888723727137,
20110216,-42.11074651835499,
20110217,-43.069518117435884,
20110218,-43.12339068055879,
20110221,-42.72938632715681,
20110222,-21.62958620402475,
20110223,-26.277874125784535,
20110224,-20.489025076102017,
20110225,-23.62314484869851,
20110228,-26.901945556346668,
20110301,-22.181461967110454,
20110302,-14.326945384477728,
20110303,-8.569267981602573,
20110304,-17.707465462276577,
20110307,-17.63132007261953,
20110308,-9.970464148768757,
20110309,-20.592936688549596,
20110310,-16.725799099926878,
20110311,-7.513971503932189,
20110314,-5.939163263897674,
20110315,0.5362421589974566,
20110316,0.7567194624667345,
20110317,-8.557200535667869,
20110318,-10.37713326365086,
20110321,-0.7623948830169349,
20110322,-4.1857540175318935,
20110323,-11.462581429438176,
20110324,-15.057949161959982,
20110325,-21.8090793783692,
20110328,-21.641064190035785,
20110329,-26.86696692330508,
20110330,-31.051325026282143,
20110331,-38.269907910358064,
20110401,-40.558427582630806,
20110406,-25.4492622204581,
20110407,-27.304003974121436,
20110408,-28.298154240852313,
20110411,-27.241338525766427,
20110412,-28.348479002547933,
20110413,-36.18142646813076,
20110414,-41.904532350573426,
20110415,-47.44606051111721,
20110418,-52.16323557858622,
20110419,-56.57153384939121,
20110420,-60.90017733442131,
20110421,-64.67824512771658,
20110422,-67.79270686860035,
20110425,-70.32656523660596,
20110426,-70.41057942499259,
20110427,-72.12252642752891,
20110428,-71.88935871276942,
20110429,-71.51574274161642,
20110503,-71.13462130975529,
20110504,-69.91482605743667,
20110505,-69.95362703440215,
20110506,-68.92412130862634,
20110509,-68.34487368022467,
20110510,-67.79880101602137,
20110511,-67.2169075787685,
20110512,-65.55116202295208,
20110513,-63.4887975151135,
20110516,-61.37277828270081,
20110517,-59.72890025112993,
20110518,-58.39807542119211,
20110519,-57.63818357973078,
20110520,-56.998706336628636,
20110523,-56.451316410792344,
20110524,-55.72104764833882,
20110525,-55.738890446609055,
20110526,-55.75022720294602,
20110527,-56.80878239739018,
20110530,-57.507372340450665,
20110531,-58.0787977637157,
20110601,-58.69692101181478,
20110602,-58.982174687725696,
20110603,-60.16636786337748,
20110607,-61.073179843074634,
20110608,-61.66295441552238,
20110609,-62.3642735824903,
20110610,-64.89524811013108,
20110613,-68.04547066033147,
20110614,-69.6855728953745,
20110615,-75.84785786753764,
20110616,-79.46625702558866,
20110617,-84.08275162898909,
20110620,-79.49869081975001,
20110621,-74.24119801928136,
20110622,-81.54318093674684,
20110623,-82.62578245670367,
20110624,-57.60108125768378,
20110627,-41.522303923302,
20110628,-40.640568775269976,
20110629,-43.76214003627346,
20110630,-41.48679750342962,
20110701,-37.03247076995709,
20110704,-17.659343580108366,
20110705,-18.3695830844411,
20110706,-9.52414295069384,
20110707,-6.4860660932386764,
20110708,-15.147901618057842,
20110711,-9.819937561274653,
20110712,-5.004224046717561,
20110713,8.674817491233966,
20110714,16.783690815069974,
20110715,28.709644524911678,
20110718,39.564836965616564,
20110719,38.46053702998946,
20110720,38.335983872365965,
20110721,36.79533229959483,
20110722,39.15056995039241,
20110725,37.01869059579795,
20110726,26.033218272180864,
20110727,25.42917119050104,
20110728,20.119428351626876,
20110729,20.548270620321127,
20110801,21.588748788956746,
20110802,24.916197632634262,
20110803,67.71969333168151,
20110804,101.9633906595815,
20110805,125.67918249395403,
20110808,158.96913299727217,
20110809,212.42830607719767,
20110810,231.51349986094704,
20110811,245.97990451419838,
20110812,242.1981130741869,
20110815,219.96354814794702,
20110816,196.56732759180792,
20110817,175.13903992006547,
20110818,153.4345485565267,
20110819,153.159950456193,
20110822,166.6318045182216,
20110823,174.7586635161372,
20110824,172.1331500070218,
20110825,154.31736438293018,
20110826,153.75572894452907,
20110829,144.8011192005541,
20110830,128.24562931052026,
20110831,110.63142615946424,
20110901,97.88267251598793,
20110902,83.11805389478995,
20110905,74.1181637738737,
20110906,75.04053395044681,
20110907,77.24836295546979,
20110908,76.03178070395738,
20110909,73.58119721796535,
20110913,65.19890614705892,
20110914,58.60732713174153,
20110915,55.04062865402476,
20110916,49.42138041748492,
20110919,41.69636773168452,
20110920,34.80454677066986,
20110921,28.888160907071875,
20110922,25.762963079297133,
20110923,24.323105273043122,
20110926,14.311049879484237,
20110927,14.856863378661803,
20110928,11.70130560802818,
20110929,8.741361068119867,
20110930,4.286130514854387,
20111010,-2.0393565852771616,
20111011,-5.27211627336221,
20111012,-8.589973436213304,
20111013,-11.93144126773521,
20111014,-15.596505565480578,
20111017,-19.214250935656843,
20111018,-21.45423619277654,
20111019,-21.795931500729154,
20111020,-18.263780036548706,
20111021,-20.230344707454233,
20111024,-21.920460701753104,
20111025,-23.494543158615716,
20111026,-24.221698302816876,
20111027,-24.956513723642,
20111028,-25.623522661117075,
20111031,-27.91080092109692,
20111101,-29.789623341574693,
20111102,-31.284093551466732,
20111103,-32.97082513819618,
20111104,-34.181325037483795,
20111107,-35.19955980781077,
20111108,-36.083411517524446,
20111109,-36.76251398445514,
20111110,-36.86619548602529,
20111111,-36.933163596212225,
20111114,-36.90376003612938,
20111115,-36.93404011060405,
20111116,-37.03581588575195,
20111117,-37.794679735864364,
20111118,-37.5271600974103,
20111121,-37.570237910327215,
20111122,-37.203088088417,
20111123,-38.26867665712925,
20111124,-39.12123188723458,
20111125,-39.87487253523951,
20111128,-40.46719778265431,
20111129,-40.92947356291947,
20111130,-41.42327338221966,
20111201,-41.45400733876648,
20111202,-41.88275609904948,
20111205,-42.323703665726605,
20111206,-42.49090770268232,
20111207,-42.43992406902988,
20111208,-42.826812009759955,
20111209,-42.80043891935337,
20111212,-42.927223547531796,
20111213,-42.65752516405348,
20111214,-42.42921426842484,
20111215,-40.76284994460419,
20111216,-39.29916303258717,
20111219,-38.107327661835775,
20111220,-28.492200250640057,
20111221,-22.970020423733402,
20111222,-13.024661671209946,
20111223,-9.818443967749957,
20111226,-3.7582357207012924,
20111227,-2.5927894683940673,
20111228,-1.1234242015977507,
20111229,0.47133795896277886,
20111230,5.395518392202498,
20120104,6.82039602904784,
20120105,7.44123383980024,
20120106,9.698868479944409,
20120109,7.820786218522013,
20120110,5.40910904520736,
20120111,3.0953521116824834,
20120112,0.1929619855009581,
20120113,6.930537616601887,
20120116,4.688860894732323,
20120117,3.164031131047595,
20120118,2.5596853325255293,
20120119,-3.1884486905096447,
20120120,-6.644053855495994,
20120130,-7.657599873390195,
20120131,-9.581471753814949,
20120201,-10.710259917069175,
20120202,-10.848238206194305,
20120203,-14.091688366989901,
20120206,-14.00468381799208,
20120207,-14.485460223598087,
20120208,-15.05553463424105,
20120209,-14.57283622563477,
20120210,-16.736894687820687,
20120213,-19.22036305445095,
20120214,-21.554670330256798,
20120215,-23.157146403511412,
20120216,-19.695759127939656,
20120217,-19.502815916495,
20120220,-22.44376127457273,
20120221,-22.07670406851368,
20120222,-25.594256036740916,
20120223,-24.85772023909179,
20120224,-25.481849283275096,
20120227,-29.639756458157308,
20120228,-32.67020941538198,
20120229,-36.55077554828226,
20120301,-19.08239778805945,
20120302,-19.229900091806638,
20120305,-18.1225737024906,
20120306,-17.259897035078776,
20120307,-15.151319569204963,
20120308,-18.602356743080186,
20120309,-18.09546914651375,
20120312,-16.25787400403958,
20120313,-18.846145262645575,
20120314,-11.836216763982298,
20120315,-5.657764430016457,
20120316,-5.927777812279836,
20120319,-9.451576522690054,
20120320,-7.304402179379652,
20120321,-7.431702384127448,
20120322,-8.084607872872674,
20120323,-7.125124657883534,
20120326,-10.015075226448532,
20120327,-11.73482791954948,
20120328,-14.669876575262455,
20120329,-17.3596223188923,
20120330,-22.949080060613664,
20120405,-24.437954033066227,
20120406,-29.57802228052181,
20120409,-30.06747641097032,
20120410,-27.389082922853135,
20120411,-25.234607563672636,
20120412,-23.47409005922697,
20120413,-21.941022797456366,
20120416,-20.625808467163292,
20120417,-19.647247705404816,
20120418,-18.896818045984524,
20120419,-18.244869541007706,
20120420,-17.745776752542376,
20120423,-17.33725172344152,
20120424,-17.000696925852125,
20120425,-16.71653328574525,
20120426,-16.561207831086058,
20120427,-16.693273102222662,
20120502,-16.905819845234575,
20120503,-17.08807705441153,
20120504,-17.22507134421609,
20120507,-18.072856983368794,
20120508,-18.73355755748309,
20120509,-18.509162500744246,
20120510,-18.34728656715411,0.0
20120511,-18.279578962788754,0.0
20120514,-18.221132906386263,0.0
20120515,-18.271911369561458,0.0
20120516,-18.51838392020487,0.0
20120517,-18.32325682150715,0.0
20120518,-17.905614024656284,0.0
20120521,-17.387889100241466,0.0
20120522,-16.944618164593486,0.0
20120523,-16.438160775379036,0.0
20120524,-15.995998997769806,0.0
20120525,-15.647640209484779,0.0
20120528,-15.237772236291391,0.0
20120529,-14.90529663434021,0.0
20120530,-14.516389151040563,0.0
20120531,-14.137550856458224,0.0
20120601,-13.82968345278541,0.0
20120604,-13.062215612472249,0.0
20120605,-12.436636818523604,0.0
20120606,-12.052710437146713,0.0
20120607,-11.728025464885302,0.0
20120608,-1.1438654837052418,0.0
20120611,0.2780573952076182,0.0
20120612,-1.1562026751820618,0.0
20120613,-1.4172736963684152,0.0
20120614,-3.8313223277650597,0.0
20120615,-4.118173759815877,0.0
20120618,-2.5919781168505427,0.0
20120619,-6.155146979393561,0.0
20120620,-10.051427031987581,0.0
20120621,-10.510501808512483,0.0
20120625,-11.903106331280053,0.0
20120626,-16.091960265032807,0.0
20120627,-17.862398410747574,0.0
20120628,-19.417266142398855,0.0
20120629,-15.602103276784232,0.0
20120702,-16.259325687694783,0.0
20120703,-16.2972924909669,0.0
20120704,-19.565899776430804,0.0
20120705,-21.13763105861991,-7.036385491651138
20120706,-22.349023525789907,-11.285556872783973
20120709,-23.87515168994371,-15.630596547763385
20120710,-28.160719315394427,-21.67288325159306
20120711,-28.17830505841277,-26.87261932980753
20120712,-24.364687633994173,-30.31472002528627
20120713,-21.280328684589595,-33.40119419804571
20120716,-19.757112134698108,-35.936753494014674
20120717,-19.059981304882072,-36.98926448794427
20120718,-18.926250524592398,-39.702058682809025
20120719,-17.993099643682395,-42.62824261799561
20120720,-19.546057725215736,-45.51530297429788
20120723,-16.135975839527063,-50.7968596819949
20120724,-13.949659530690084,-55.866229448552524
20120725,-2.1237142625129906,-59.90373862971692
20120726,6.025350135867276,-61.288544085268654
20120727,6.901352199187885,-62.22712655145718
20120730,5.057297101049962,-63.00089294049837
20120731,3.1429695587925432,-63.30893071316741
20120801,-4.029317165864725,-63.567434236742706
20120802,-8.840634870571227,-63.35722120617388
20120803,-15.974052347762644,-64.16915566555403
20120806,-18.886640622071944,-64.54352754164567
20120807,-24.94585990099822,-64.86887636898855
20120808,-28.578793039550426,-65.18666913086105
20120809,-27.198745426340448,-65.35736538197662
20120810,-29.668898167413772,-65.77672795699655
20120813,-18.733620600327804,-66.1109608660718
20120814,-16.98208244246,-66.33035496789645
20120815,-19.524092383626602,-66.49362962920604
20120816,-22.08389103281108,-66.6260663436782
20120817,-24.836193948148242,-66.4044740015877
20120820,-30.718783107775348,-66.38141840880589
20120821,-32.30379428555697,-65.4562220691259
20120822,-28.113924774932357,-64.60893930708794
20120823,2.6732674053345127,-62.08594478443437
20120824,7.095858544528549,-59.89365961875707
20120827,8.191879884775403,-57.90483748994137
20120828,2.958257603539644,-56.353015075496316
20120829,0.07786884475644393,-55.199861247060156
20120830,-2.737064922278465,-54.63350350191766
20120831,-4.3143072552237784,-53.930498459225035
20120903,2.4200742923225134,-51.60982154884307
20120904,3.2866478183737096,-49.72588853017816
20120905,-3.4613142403875328,-48.209959324762785
20120906,15.046385837287046,-46.80022502432377
20120907,23.885042983753866,-45.18642715436729
20120910,23.04361883221045,-43.11773470727532
20120911,17.720814935204697,-41.4222716783191
20120912,10.87244649784785,-40.063696945160444
20120913,4.825805862074549,-38.720571675730426
20120914,19.919691191301965,-37.205344157398606
20120917,15.382368689145972,-28.871824056736788
20120918,11.574624975764044,-21.26964687437303
20120919,19.83484143531121,-10.106612670790758
20120920,19.296229749518037,-1.4862773722787823
20120921,15.985836797045467,2.301638594601638
20120924,17.484610757951742,5.8107753014506995
20120925,10.432897680530276,4.781768833690961
20120926,3.207268603056537,3.526465558635485
20120927,0.5697149007217681,4.010073108161895
20120928,-3.5896873194903938,3.054062514607472
20121008,-4.153247176585067,5.230021389635666
20121009,-8.296039677068608,2.901573177570585
20121010,-11.521290200944104,0.9992313157011504
20121011,-15.07105539693031,0.713716243465002
20121012,-19.447481386936104,-0.47218750967189727
20121015,-20.990078336838145,-2.4730527397289714
20121016,-24.76755724465753,-4.186421475434709
20121017,-26.36998550195463,-7.635589707803839
20121018,-29.45741376261439,-9.35346660346761
20121019,-31.51411272198561,-10.828841449194655
20121022,-39.354907122055295,-13.660506375232298
20121023,-41.2235182317674,-14.852121003648882
20121024,-37.1743472839333,-15.189014723948954
20121025,-30.08328628255749,-8.62860826651976
20121026,-29.59938124550659,-4.312597795934977
20121029,-29.881640182249605,-5.4088532078259846
20121030,-32.36348876617752,-8.366706071592063
20121031,-34.39461348863797,-12.77925756201122
20121101,-35.78331791186396,-16.234513739277947
20121102,-37.861168636399086,-19.242115180502285
20121105,-38.8782825815041,-21.835282615151073
20121106,-39.4605228553655,-23.84713920517393
20121107,-38.106683129425825,-24.747336126332588
20121108,-36.99400543699914,-25.498715346769085
20121109,-35.822903168129756,-25.955713221146056
20121112,-35.29442508577305,-26.69644761284707
20121113,-34.792062881864005,-27.214696714902257
20121114,-34.394583847069704,-27.523950448590877
20121115,-34.05718551819751,-27.77626680592895
20121116,-33.81571336484801,-28.13567895972818
20121119,-33.54511412507215,-28.378579490110802
20121120,-33.26819297776008,-28.471304284639338
20121121,-33.089763879890626,-28.529885070782033
20121122,-32.929997442437006,-28.61830813201319
20121123,-32.93447986192216,-28.916943469831686
20121126,-32.87732974159901,-29.038903217298778
20121127,-32.830929830636826,-29.14276661197015
20121128,-32.684785044076186,-29.158059340643753
20121129,-32.35604338671274,-29.235401604099838
20121130,-32.27520850442866,-29.551725079918064
20121203,-32.72248380236424,-30.394272822736355
20121204,-32.839167600089056,-30.861609176814827
20121205,-34.67521514077115,-32.08252685891588
20121206,-35.969666384618066,-32.96602930686093
20121207,-37.33221101992457,-33.86693504851575
20121210,-38.38003395461471,-34.575927641527656
20121211,-39.37802670139034,-35.34398633412485
20121212,-40.19949428121656,-36.228037149290046
20121213,-40.5046959890432,-36.63019587851148
20121214,-40.88891450220848,-37.02222533166527
20121217,-41.40959689267606,-37.43648499255971
20121218,-41.46635032292873,-37.77481795344414
20121219,-40.76699985321746,-37.42685700014409
20121220,-40.25381822715179,-37.062142047326255
20121221,-39.46488257552974,-35.7658085808487
20121224,-38.8709574330956,-34.845780318176686
20121225,-38.38384304991746,-34.08646648777013
20121226,-38.358828297745646,-33.4161297531277
20121227,-32.28463076582587,-32.810731217297686
20121228,-27.332494787294074,-32.437198172675586
20121231,-23.765579524910912,-32.34570161405904
20130104,-4.226166068589645,-31.83950625858147
20130107,0.5243280873550579,-30.90869196200833
20130108,-3.5673730326973523,-30.198449487605018
20130109,-3.368930135300874,-29.59714553194216
20130110,-8.46651218036383,-29.17289769479417
20130111,-8.196155400246447,-28.76937286110184
20130114,-12.817588280697173,-28.431774647360214
20130115,-5.286496660302563,-28.159284551682322
20130116,-4.436655260088717,-27.887389766907614
20130117,-6.681685735911821,-27.681858113825253
20130118,-12.21803639737832,-27.53570965569723
20130121,-23.478281350596227,-27.705016317626406
20130122,-26.848156842526176,-27.971019983872043
20130123,-38.59556633918863,-29.868103548259835
20130124,-32.11067749456577,-31.22444128153504
20130125,-35.63374784316659,-32.594419949700594
20130128,-38.333574283490414,-33.502251536677335
20130129,-40.56727571052425,-34.26116450406321
20130130,-46.73145455332978,-34.96181875015784
20130131,-48.79611754613623,-35.12101570430162
20130201,-51.647822997911426,-36.375088653597615
20130204,-47.68686621747122,-38.738154119139594
20130205,-49.10442131449022,-40.75074746766991
20130206,-51.76294200148961,-42.50001570910764
20130207,-58.95028534794681,-43.94264562848969
20130208,-67.93533421153127,-44.99653622351189
20130218,-51.555471216696446,-42.87087844093889
20130219,-48.55080358002549,-41.261909277563
20130220,-46.751104999215904,-34.85687606795217
20130221,-22.3061843049495,-23.07680714272103
20130222,-19.119820647103037,-20.928116931796797
20130225,-13.435167675225289,-18.203716570984735
20130226,-8.237885214151607,-15.87625956354948
20130227,-2.1685816362594394,-15.044517546363068
20130228,-1.3678614735707566,-16.914039361501704
20130301,-1.3633188411339254,-15.968169163036123
20130304,1.5729369932301958,-16.09227921783783
20130305,2.307230397441912,-13.89334258825235
20130306,2.2977462801700077,-11.092322665648432
20130307,5.894197351694518,-10.632192582665173
20130308,11.237737719104338,-10.342649468041754
20130311,10.857031657252833,-9.634708935870606
20130312,6.39716296782621,-12.204833282214947
20130313,3.655830683266213,-10.98963332966384
20130314,3.526863070457781,-4.033408467491009
20130315,-1.306367129517254,-3.8136315072550575
20130318,7.925969360043067,5.800097958366055
20130319,8.11910870294272,0.6554118937580211
20130320,2.617205330006926,-3.678588810979557
20130321,-4.697993207846385,-4.69133467704237
20130322,-13.638367023304134,-7.461870218986438
20130325,-18.93149421024176,-9.80273891321002
20130326,-18.972033945570836,-12.891026646016476
20130327,-18.263177460167565,17.825465592306575
20130328,-24.657643150463684,29.977346747558673
20130329,-39.75601753214554,29.219732431268707
20130401,-43.81869970867894,31.255627399900572
20130402,-49.16625480268346,29.137131436617143
20130403,-24.932056026648997,34.90557054358208
20130408,-17.757012179182862,30.953982714529864
20130409,-19.98581378085707,26.301446501997688
20130410,-26.11626561621219,21.50019814396505
20130411,-17.760753968776303,18.061336003119994
20130412,-21.625444057469085,10.330594661081447
20130415,-29.465597532410758,-0.26092880145949965
20130416,-12.779129613645743,-4.500175304330972
20130417,8.444145168152358,15.44359675831343
20130418,35.397511573854146,31.713905224746316
20130419,46.08680438485389,36.80359278819731
20130422,54.78317370279795,34.53232143135726
20130423,61.957421789975506,39.942088947907855
20130424,67.53416435779758,42.12119258265108
20130425,71.75826645609851,39.323630840158
20130426,74.69051515396204,37.5740465839671
20130502,77.0706475269185,30.644406705497435
20130503,78.68980513447661,25.413824968101398
20130506,80.02274942454355,21.13446497122052
20130507,81.09835333527634,17.629339882220936
20130508,82.19432171211817,14.763494987805712
20130509,83.10564616070621,12.420494542202675
20130510,83.85886207533787,10.504930863088939
20130513,84.3577787795066,8.944377770519822
20130514,84.83882726213334,7.667453590958969
20130515,85.1756686888164,6.619400974730115
20130516,87.15168079463378,5.790101874204012
20130517,99.68942919985157,5.252845226552444
20130520,108.4764934461561,4.770768629143236
20130521,111.53572100676514,4.311206437809182
20130522,115.46069284751361,3.940746822721063
20130523,118.51277717471851,3.6361615110529493
20130524,120.92521412655307,3.401254009940994
20130527,123.24946361972485,3.217612555394852
20130528,125.79733453938225,3.0668891731197876
20130529,129.5616840159948,2.983656211276554
20130530,132.2985982361955,2.9191356911569213
20130531,135.4120096202188,2.882105944082566
20130603,137.4270967188754,2.8484380153386133
20130604,139.38315924883238,2.847484488646715
20130605,141.00540250244467,2.8583089094408867
20130606,142.73989169630437,2.8709572354982376
20130607,143.62253549166746,2.8742879532509553
20130613,145.38199097440338,2.8578048596329855
20130614,146.87733719573757,2.8448294332345037
20130617,149.0064315180221,2.8570203464501307
20130618,151.35025388402508,2.868853892602785
20130619,153.72447694547262,2.878946223903036
20130620,154.07268608908026,2.9084988396129083
20130621,161.30744066990553,2.9980606619522105
20130624,165.85993724719125,3.0620569569162344
20130625,137.82373166859114,3.109463065403358
20130626,128.13864116619104,3.1029873582288117
20130627,112.88304269518429,3.110509095812566
20130628,105.48524161611965,3.112994027998347
20130701,94.34913188352162,3.0099573742568184
20130702,78.45002107083553,2.940641223509721
20130703,61.67955952836644,2.8894498496668275
20130704,45.05697783069018,0.054274829609125004
20130705,36.40484053054675,7.482488602895763
20130708,56.40529229634936,28.537617812082367
20130709,72.22733621334162,40.26332629903573
20130710,86.71066973160612,51.391965855292
20130711,106.50531150178271,59.85098616727455
20130712,104.99996240796933,62.70864400354181
20130715,104.29019942353413,63.572134380579016
20130716,93.91873212392751,60.018234307504784
20130717,86.96730421221945,56.12938655968886
20130718,94.20178983062866,64.48458906683074
20130719,89.32136177634199,73.37237431312214
20130722,82.99362241770682,70.10631248099119
20130723,78.84570429594173,66.1548749013802
20130724,69.62759768724186,58.849262670350825
20130725,68.8604091212552,53.925492583809266
20130726,61.85042166814777,44.381219882735365
20130729,63.02093184020755,43.143065789872786
20130730,52.21815076252574,37.13789453870093
20130731,49.73819696985097,33.408965130641484
20130801,58.886308492379094,38.101436409498035
20130802,58.95415044688153,37.28090872714167
20130805,52.898310245144096,35.12411608917347
20130806,49.39342872348147,27.880450517123766
20130807,47.32769210332794,20.997758727836164
20130808,44.30653493509026,17.792145372157613
20130809,47.09216104808934,22.2466314740783
20130812,47.44895278367976,31.340887126699986
20130813,41.091418132564996,33.458843870194734
20130814,38.46881737857122,41.55547458046777
20130815,36.29377016339123,45.87544724968141
20130816,43.163831002462494,49.56604102595063
20130819,40.146022948496245,55.63846343409483
20130820,34.498118431895,58.25359244630535
20130821,26.561403853949578,59.02123680579105
20130822,21.83485213503465,57.58199384279531
20130823,16.28862522118908,51.52781071272063
20130826,14.212459377386354,51.52118194960467
20130827,7.259510509566643,50.841092058351116
20130828,4.263946819750288,48.898002091894135
20130829,3.3315975816313914,49.519866089368136
20130830,-1.8900541383814915,47.35069158230924
20130902,-4.19446206905155,44.85948173776346
20130903,-12.293960001948768,38.598036397615495
20130904,-11.320876945844512,33.965816773095234
20130905,-12.927881110703751,29.51632699407276
20130906,-9.918874145374094,26.281245490493767
20130909,-11.700631251695711,21.66073552420986
20130910,-17.481717640701035,17.54860708389816
20130911,-19.77210926356554,15.543107967228542
20130912,-24.682582811464496,11.622804284550044
20130913,-22.186892369156567,10.088076509493337
20130916,-21.45278757821606,9.295497723391406
20130917,-23.0856249487184,8.321747717607064
20130918,-21.73138898887612,7.48566906073491
20130923,-28.725955212306356,2.331866968822447
20130924,-30.420219214060527,1.8863706563275706
20130925,-31.51406022346896,0.7400392170038018
20130926,-32.25159796341208,-1.2926936842273733
20130927,-36.18579827938377,-5.252919010266693
20130930,-41.103931991708606,-11.396665030596845
20131008,-48.8710006371301,-17.231265060838567
20131009,-47.5486102005884,-19.769307367549594
20131010,-44.16267715757996,-21.875100659550657
20131011,-40.56551262118593,-23.40403270815638
20131014,-34.78502409487644,-23.377735914267305
20131015,-34.000715078123996,-24.245744593192168
20131016,-26.785150788301056,-22.910441593824885
20131017,-16.292073767188135,-19.35360119036233
20131018,-13.01464624436477,-19.55365382863038
20131021,-15.800902358041226,-20.93122705017621
20131022,-19.650435651501077,-23.071815382611085
20131023,-17.793085087575093,-20.93148830599907
20131024,-20.611143140042117,-21.36967752347087
20131025,-20.235216604584295,-22.209539658919756
20131028,-19.94213871229304,-21.153299897241173
20131029,-17.864044271561554,-22.310349876655053
20131030,-16.430375029107545,-22.50291459173661
20131031,-12.395509879655735,-19.60498681167712
20131101,-9.096297908356036,-20.90018581509562
20131104,-6.368163265673132,-22.48474087158518
20131105,-4.119237458333493,-25.169176761344566
20131106,-2.273678177693256,-27.87406133570229
20131107,-0.7424066300333128,-30.11793307595939
20131108,0.5257677225583702,-27.466535854221554
20131111,1.520288221702591,-24.159704001441717
20131112,2.3309932283059944,-26.247294702463535
20131113,3.029624179317766,-25.171001757641147
20131114,3.6042027844572906,-23.312772713565288
20131115,4.726214724035072,-23.66015159635302
20131118,5.639954032020907,-28.947065175338487
20131119,6.2857920952101285,-30.745934913889045
20131120,6.995517161361549,-32.77104516187333
20131121,7.294017826662859,-31.025959147612195
20131122,7.528761587827143,-34.85592613122024
20131125,7.723130485940505,-38.99187656277596
20131126,7.62198747186854,-41.27426613475114
20131127,7.5372808276334045,-43.42114638747975
20131128,7.475892141143852,-45.64199333840246
20131129,7.4171796296203985,-47.885396802177596
20131202,7.357393615387244,-49.58416151095612
20131203,7.243754867647881,-50.026197178374005
20131204,7.150423967891506,-50.49980947396766
20131205,7.015760191023621,-50.51927911381442
20131206,6.90730898326158,-50.49767197642841
20131209,6.874639104774236,-50.51995472165817
20131210,6.805251529631094,-49.74523091713653
20131211,6.736576405318533,-49.31271593634329
20131212,6.703619512985045,-49.01081587074283
20131213,6.565951503713498,-46.74874329237521
20131216,6.44513293275317,-44.880241635999525
20131217,6.344846567495867,-42.992270150421135
20131218,6.2512554322937195,-41.514748073003666
20131219,6.265956377890674,-40.38631103361984
20131220,6.165750609832087,-39.228170239417956
20131223,6.088936344387981,-38.27975536099474
20131224,6.1241882995505454,-37.70767788558961
20131225,6.128695296472989,-37.21224304560496
20131226,6.134506738791918,-36.8181160306272
20131227,6.589161905959517,-36.1302559512183
20131230,5.787666769816712,-35.533263101069075
20131231,4.578433726458311,-35.21911209034003
20140102,-0.3127726419210654,-34.56102407542651
20140103,6.964490590871417,-34.08510053864601
20140106,13.095848856449757,-33.6785674998896
20140107,18.19859176672001,-33.36808126291765
20140108,19.387740324887993,-33.00090524771653
20140109,19.542641940183685,-32.75474031828927
20140110,18.21127966517085,-32.499086564934665
20140113,19.63799330875349,-33.22001488120745
20140114,10.848499312858516,-33.77072431983746
20140115,8.23270286746274,-34.710333202527245
20140116,2.48916297401134,-35.48554692834392
20140117,-3.841125353218566,-36.37417528711537
20140120,-7.631037554515803,-37.50569901946389
20140121,-19.363619913713094,-38.47280714340706
20140122,-20.85315274849752,-32.55993961056209
20140123,-26.691366048889556,-31.87832873424779
20140124,-19.01613175414419,-26.014325773800607
20140127,-13.185694350342231,-23.882401410668123
20140128,-14.799410139642413,-24.08798967852204
20140129,-20.210544881478274,-27.450462771021122
20140130,-26.778035074435262,-32.65551984537131
20140207,-42.733812567784234,-42.39886629803929
20140210,-32.94960863644535,-38.71129441527018
20140211,-28.163898340002316,-37.0451284524539
20140212,-13.470811270877116,-32.005021332191
20140213,-12.03551898966911,-33.49701914476743
20140214,-3.216470812156639,-27.41821696109578
20140217,12.966833611051166,-21.043740183773085
20140218,9.668423479313804,-14.191864497865364
20140219,9.303200208718188,-4.903955645319174
20140220,5.566406051961443,1.8529617708710895
20140221,4.798212795821878,3.062710484887093
20140224,7.51736544634075,5.991557092943169
20140225,16.562281351267412,9.547120391113358
20140226,28.76921246524495,13.481305919736421
20140227,39.991443888621056,18.52747749712231
20140228,34.605168043416825,17.016957397672495
20140303,38.53523073729599,14.040948382571143
20140304,41.84557484725937,12.636663453195824
20140305,35.55182647178252,9.527126734372692
20140306,30.43086639335915,4.514053820236799
20140307,31.32788373168517,3.1609769075893412
20140310,48.9859989396271,7.499517142933233
20140311,39.54415552288674,3.7772199119175953
20140312,44.9504100136103,5.002131926084713
20140313,44.101511534133316,4.800156619122753
20140314,37.608623514935275,2.165656517769542
20140317,41.50734425052396,2.9788470877605544
20140318,43.35053633563573,0.9843887780670066
20140319,36.234559178307585,-1.2860523623927134
20140320,47.346166985847915,1.9552337154963502
20140321,39.35436166042975,-1.7209245713833814
20140324,31.916307370562404,-6.831362598442642
20140325,29.611933945054286,-8.939645743783467
20140326,21.771395087367974,-12.031286744030815
20140327,18.93842906534166,-13.807412102864081
20140328,14.231293771672618,-18.19466323708026
20140331,13.668008646800532,-22.096535721827696
20140401,11.718851865095644,-25.622560410620746
20140402,3.0888016955183875,-31.088551330438488
20140403,-4.713835015062861,-34.922949470665834
20140404,-13.167319005715516,-40.24180930123901
20140408,-24.19973281368499,-53.33476665710292
20140409,-28.825953109330502,-60.23167209086256
20140410,-31.143023063977903,-64.42932006733167
20140411,-32.775795339546676,-70.08725704619268
20140414,-34.047222590707975,-76.65278944434259
20140415,-31.416592304692156,-78.18540881778861
20140416,-17.731187771561654,-73.21988209106843
20140417,-23.090095115970804,-77.029416366918
20140418,-24.550929929267785,-84.87615891541012
20140421,-32.01152061692753,-85.56961660598898
20140422,-29.670669341050967,-83.49768792228086
20140423,-27.808495284392215,-81.832896680487
20140424,-31.2507691268449,-84.87949023390364
20140425,-11.008747899958308,-61.61442199022495
20140428,-8.495903153562152,-53.94766163495007
20140429,-10.67157141102291,-52.49550410236004
20140430,-18.504484453344475,-56.22683410697579
20140505,-24.428942843949834,-66.63995822637548
20140506,-29.350659518990945,-70.07496000618679
20140507,-33.41439113174593,-74.06419709497898
20140508,-36.813196806699146,-71.52776280503481
20140509,-39.60112994122174,-69.44501942334412
20140512,-41.98556087181462,-67.53005207278827
20140513,-43.88923459089648,-65.88162269992102
20140514,-45.90552883173464,-64.47601984240777
20140515,-48.21458165018827,-64.2151280049597
20140516,-50.46381901244162,-63.83499172437898
20140519,-52.313350519320714,-63.277738162278965
20140520,-53.670411350219815,-62.616740101974194
20140521,-55.16095980147467,-63.66039460251713
20140522,-56.5499116078152,-64.56226749781536
20140523,-57.78392059275428,-65.26294500406021
20140526,-58.77290827770629,-65.7843779599148
20140527,-59.731489181582425,-66.30386568737616
20140528,-60.40349183086571,-67.1552258160633
20140529,-60.61809898357447,-67.25333870591152
20140530,-60.65486979193352,-66.79609722504952
20140603,-61.8977453382621,-66.78511285684964
20140604,-62.855873479564565,-66.7829159621794
20140605,-63.619956267205,-66.78056745922711
20140606,-64.44880738213779,-67.33480135591972
20140609,-65.1119903289095,-67.69643464178252
20140610,-65.65781781689037,-68.25653696849734
20140611,-65.69331811419578,-68.57349130211115
20140612,-65.78932305729452,-69.02804314721438
20140613,-65.37836801790982,-67.7320173730079
20140616,-64.55440010979133,-67.2447019227938
20140617,-63.10843981228935,-66.5456878410042
20140618,-61.97578495878374,-66.20385465498383
20140619,-60.34731790674744,-65.54356853782072
20140620,-56.89332009169286,-60.56029552184608
20140623,-54.03557857836785,-56.49031825489964
20140624,-51.69140599505226,-53.182775432148915
20140625,-49.84454899217501,-50.5794729086946
20140626,-49.03381001669559,-48.52228935137054
20140627,-48.9226201547184,-47.191601204267045
20140630,-48.669168877928975,-45.97843791301779
20140701,-37.06125025558037,-45.084364720425164
20140702,-31.152270303843885,-44.37986602062924
20140703,-25.347052577582154,-43.731895979191414
20140704,-21.871899346511576,-43.216338282711675
20140707,-23.59871524912105,-36.365413270648105
20140708,-27.048476193666744,-32.72678302068985
20140709,-19.501983809230243,-24.820206410835077
20140710,-15.158090719066678,-17.724502239455326
20140711,-13.771348887794856,-8.31565743718381
20140714,-10.70850128734321,-7.084089850856667
20140715,-8.14540099464481,-7.688537453282856
20140716,-3.1333371696849395,-3.2136493259923227
20140717,-6.273214270674386,-7.948756386152428
20140718,7.9827675494621015,-5.592118521224199
20140721,2.5818202129133234,-10.0877922872753
20140722,-5.373689737710424,-15.861224631259615
20140723,-10.694244839014504,-17.031955497592627
20140724,-9.511476039107002,-20.704741363260776
20140725,-1.3243038710247592,-8.663584203991427
20140728,-1.6460004564123256,-9.601171953740199
20140729,-12.475461818857184,-17.321950440130905
20140730,-15.21765350305605,-20.505819480097234
20140731,-16.019739349896973,-24.94364081912479
20140801,-13.61069990773768,-25.971263865259637
20140804,-13.132056621585734,-27.968343424390905
20140805,-19.299516226300746,-30.519448633917673
20140806,-19.427714056841943,-22.482201573272775
20140807,-14.314685221458976,-24.380810996996708
20140808,0.7632578200402783,-26.923655517495735
20140811,-0.3005308148268683,-35.565044261460486
20140812,-11.423913098397735,-47.65258923986535
20140813,-11.723729868175063,-55.14781564566018
20140814,-12.334248980717115,-55.75940884641266
20140815,-17.613595982584474,-62.891535025898676
20140818,6.581526714839673,-44.154951061091204
20140819,-3.5945051168624285,-51.70949237301345
20140820,-6.296532498556294,-45.04212340710403
20140821,3.4479495646844907,-40.32819252540342
20140822,3.925110917297417,-43.95214094094868
20140825,0.7113025420412448,-45.475067882016454
20140826,-3.2860801358723273,-48.51422271334225
20140827,-10.133503325353466,-48.64144705091243
20140828,-14.227103828928497,-43.861835792987634
20140829,-20.57061823103719,-41.659096980564065
20140901,-28.195899807849784,-45.24158548157223
20140902,-32.16459999390185,-50.554644281351386
20140903,-27.589793838726727,-47.049871627427294
20140904,-35.46472722134287,-56.48010223887664
20140905,-21.022735643707463,-50.12105654625891
20140909,-36.67375892737609,-63.42829702099687
20140910,-28.690369078278405,-54.68880698439538
20140911,-19.094349014177958,-52.649648594828626
20140912,2.663629720786259,-29.079337825007368
20140915,10.988618455308634,-27.412777436303912
20140916,6.094936848014867,-28.778127445994215
20140917,8.628240710994731,-30.186628365205603
20140918,9.350759481065273,-32.01617945525124
20140919,31.494685318226786,-16.708323336484234
20140922,64.68111557474221,19.695723978453223
20140923,58.893945177685474,38.128661324829395
20140924,50.94590348160409,35.64736430513913
20140925,54.04520964508069,47.12454803710486
20140926,60.56591700357443,51.653825354269294
20140929,43.94536644203057,44.48751108909077
20140930,21.96147702914833,32.890743159970775
20141008,2.176095670919785,23.041054589404627
20141009,16.599531233953083,23.42983357563153
20141010,19.665258617373432,27.984203937095085
20141013,22.106367892372976,28.154720965350265
20141014,10.635181304580403,21.449887729067903
20141015,9.151347121206722,19.90257335616603
20141016,33.638044864620134,27.37719180314759
20141017,30.630784628374936,26.841422921896257
20141020,22.60212579197066,21.407439019204638
20141021,13.986172700960195,16.035926578383076
20141022,6.91662122175329,12.13033220578837
20141023,-0.5642733339005295,11.222573076886388
20141024,0.06446664974996494,7.930088017039434
20141027,-10.345611074565523,2.6213359650946972
20141028,-15.453179253762785,-1.811166985618313
20141029,-19.91105476332321,-8.10334590725189
20141030,-0.37156562845051827,1.9626034200299318
20141031,27.838738849406965,23.18513610408508
20141103,49.17815409916284,33.8556698768115
20141104,66.68242670180933,26.878706279979877
20141105,77.68748253185092,21.27433826831997
20141106,87.25394175291694,16.664899641074143
20141107,94.7680804176328,12.896770788489292
20141110,97.4201973432711,9.87809736671436
20141111,98.83932427292967,7.4076762845526
20141112,98.75098894404196,5.403778669031647
20141113,99.19191155144144,3.74850073892346
20141114,99.5825469071036,2.4146949465362297
20141117,96.69954863649596,1.4951967115448959
20141118,94.43111313416789,0.7418522307972206
20141119,92.52331227275103,0.12542782887537804
20141120,90.83814754864162,-0.38002939898217075
20141121,89.27106956865605,-0.7915686203440468
20141124,87.84128127422318,-1.125616011474526
20141125,86.66941451781044,-1.397247007588998
20141126,85.72386550440372,-1.6208954619898719
20141127,85.67143862374584,-1.8133533785670157
20141128,86.3585719017043,-1.9975479937256624
20141201,85.69337566167128,-2.1280652230829014
20141202,82.1636033235747,-2.1373418911620115
20141203,79.94165018378861,-2.169378154385842
20141204,78.12327768884663,-2.1980269699614006
20141205,76.61104585712516,-2.221741287150361
20141208,75.81709306321763,-2.2468259663007086
20141209,75.39885660647096,-2.2674377034922304
20141210,74.66238631452262,-2.2648144646472104
20141211,73.93830733525917,-2.2639266210187285
20141212,73.43358122142698,-2.2784414781545883
20141215,74.20343702180475,-2.358301713720452
20141216,74.28515423080725,-2.3766927272796434
20141217,74.35811168504324,-2.3871294744631237
20141218,74.60702877732649,-2.395491059389698
20141219,74.90751421791187,-2.4030164061373305
20141222,75.20649723972812,-2.409479198298054
20141223,75.1088099551106,-2.4053975278136304
20141224,75.03142877918481,-2.4017520407520654
20141225,74.9681259800032,-2.399451077665966
20141226,74.9639934422552,-2.4021651673918276
20141229,55.5918623516998,-2.451160123236296
20141230,38.18576360740807,-2.6864351123642516
20141231,28.701168044274407,-1.8961507071793746
20150105,9.363313628151584,-10.211228238978013
20150106,5.538902144636317,-8.99950749720202
20150107,2.5339653295152025,-9.55721674938781
20150108,-4.510687516180134,-12.103942558798082
20150109,-14.608594064410623,-15.164977484920055
20150112,-11.454406976814834,-11.485527753678372
20150113,-15.693049044308719,-12.383796913271896
20150114,-13.375971373534023,-8.299962759877461
20150115,-7.291775998187937,-4.944635040134306
20150116,5.662436721025851,-5.305703565462264
20150119,14.01857888180328,3.4455048997570703
20150120,2.386401856166652,-2.68893765103709
20150121,4.85256289703787,-0.19290545669765097
20150122,10.673775504266498,3.933381121340061
20150123,17.53155279161667,4.575368371107162
20150126,12.534083113990118,0.522082725938461
20150127,7.509243024367469,-1.9596200504114512
20150128,3.2408839965140785,-6.767316113218572
20150129,-0.8795944359655598,-10.366466022543337
20150130,4.887940053556669,-5.8190284397442555
20150202,6.585110524615509,-2.601040483038641
20150203,2.898585208232472,-3.549231550486871
20150204,4.925114128607568,-2.7817624337743387
20150205,2.895918365052837,-2.1747017461938527
20150206,-1.7562096342714393,-3.696424869792813
20150209,9.39520637464263,0.7217285979061493
20150210,1.516783064648915,-3.3054608923988305
20150211,-3.3590617188960974,-5.59054190552752
20150212,-4.58445782541014,-6.768653502401682
20150213,-7.333629768646362,-7.770944965165816
20150216,-12.550102303436924,-7.951126169180841
20150217,-22.527960390390774,-13.755179336602797
20150225,-34.67481237445253,-20.18396693832937
20150226,-36.62926237225537,-23.066708042705027
20150227,-37.51025336854085,-24.441039093143498
20150302,-31.66924467867856,-22.86326811789744
20150303,-24.72211636507152,-17.70139139063884
20150304,-22.369245168575343,-15.000139281664124
20150305,-23.71798305813613,-14.699997753498605
20150306,-26.51822058327134,-18.8612922836894
20150309,-12.04310418842872,-12.90249908765637
20150310,-16.769233801529435,-15.896123648341641
20150311,-18.39049545881664,-19.771984786400157
20150312,-12.474054050067325,-12.027198611480289
20150313,-18.02317499582542,-14.90195975155594
20150316,-22.4534539618007,-16.931920257475106
20150317,-25.76839856649529,-19.95294825145159
20150318,-8.964882906112017,-16.939984139497483
20150319,-6.732018299584309,-13.86135466526687
20150320,-9.445043591768915,-14.829066826550083
20150323,-6.020020617852972,-5.174352207189882
20150324,-9.32022740358601,-3.716441344306569
20150325,-2.5976775452091636,-5.554258040147956
20150326,-5.789978306832206,-6.002782434528265
20150327,-9.24981511228526,-8.594915519170899
20150330,-7.709816162800104,-7.768221501294048
20150331,-8.756266397464415,-8.312107518555417
20150401,-10.49855406769417,-10.671254410765128
20150402,-4.615776210609745,-9.76409509894834
20150403,-5.7649142515928995,-11.607120002081802
20150407,-19.268505212060738,-20.56769706219797
20150408,-22.692551188748524,-24.885201396400657
20150409,-18.473187354906315,-19.87388443510569
20150410,-20.17141543220873,-19.54197814082761
20150413,-18.0665372853972,-17.949384672636654
20150414,-15.14253098357952,-17.62500882154796
20150415,-14.172027605857837,-16.832007111128878
20150416,-13.10248882490054,-17.081364033045276
20150417,-12.266104770042096,-15.257329014721154
20150420,-13.882455869217958,-17.570193368480787
20150421,-12.203337845122553,-15.67197732758413
20150422,-14.272446317890653,-17.973266086747962
20150423,-2.144271609165477,-13.977028076797088
20150424,-4.594640550355024,-15.12047458612636
20150427,-1.0742934195868128,-12.865740490135925
20150428,6.589566039817793,-3.453860693664026
20150429,6.015478782858065,-0.6477548894123386
20150430,4.430945874704293,0.4568491056561477
20150504,-8.959316935531438,-8.338612603306146
20150505,-15.052528492091488,-10.86802487120823
20150506,-20.165221419810305,-12.938999006743378
20150507,-24.055884669171064,-14.58477411329221
20150508,-27.51093825402898,-16.584556287774237
20150511,-30.336490685600157,-18.227505008301804
20150512,-32.920535703655666,-19.61240190768095
20150513,-35.05165790135978,-20.51961055460364
20150514,-36.0806888620667,-20.94558420038111
20150515,-36.997585064290334,-21.342668928276336
20150518,-37.70970945962939,-21.60749901648259
20150519,-38.310056011927415,-21.6879591701851
20150520,-38.680060816931416,-21.454290835531015
20150521,-39.013864387124464,-21.254678878778737
20150522,-39.82952628826139,-21.240103887227622
20150525,-40.561408787007494,-21.20891469517043
20150526,-41.28624165577426,-21.08531616717525
20150527,-42.700703284834255,-21.69008737134816
20150528,-44.07126933070248,-22.180726719356596
20150529,-45.259989067137596,-22.58184375921532
20150601,-47.15470309366612,-22.981451966623887
20150602,-48.7800223741523,-23.30731059758944
20150603,-50.254819844404906,-23.58832455309241
20150604,-51.996896157701755,-23.754745626768145
20150605,-53.4844293367103,-23.742684064924035
20150608,-54.680624796348894,-23.72840257857534
20150609,-55.56325749188355,-23.745442251256648
20150610,-56.673139244419716,-24.129425114645777
20150611,-61.30809446629194,-25.178409120966602
20150612,-65.20523605582392,-26.084822008174477
20150615,-69.67514389223317,-27.609407881913675
20150616,-73.16446501613095,-28.83741811093004
20150617,-79.1641497428103,-32.24538657275491
20150618,-82.75478433353202,-34.52492341263403
20150619,-83.45283121936143,-36.4239991823193
20150623,-82.32762325234886,-37.882645572093416
20150624,-81.65471093154497,-39.1543527364617
20150625,-81.46711628443688,-40.28255683217759
20150626,-81.1747484249635,-40.896827723077216
20150629,-79.98334554757973,-41.05342344243975
20150630,-78.76838008312265,-40.99864842115987
20150701,-77.80269636603803,-41.164048139866445
20150702,-56.96841909122917,-38.257798193838326
20150703,-45.49970766687153,-35.139465184563846
20150706,-45.94726281807559,-38.7019928999661
20150707,-43.80750899252835,-37.37781574906387
20150708,39.448704552532284,-19.335746106238485
20150709,52.48371094867728,-7.865526679154209
20150710,40.72592266166562,-5.410696730569068
20150713,27.31153431740138,-4.916573459571847
20150714,24.149656850872415,-2.7190575156827057
20150715,12.268430770945907,-5.99730690515188
20150716,18.960377216507116,-3.7299718430200133
20150717,10.884042552037137,-4.34467029387792
20150720,48.1330357179887,1.4328955026140089
20150721,58.71738061331113,6.557487535775513
20150722,68.58335935201886,6.451537984959611
20150723,74.78219347359293,5.47919480014401
20150724,81.75965129664183,6.334733957060464
20150727,85.83347603495852,9.948418215976107
20150728,76.12118955991284,8.024153140287867
20150729,61.055226355591145,3.6160156068878786
20150730,67.05151023381642,5.269643877919285
20150731,68.19969459235405,2.8735949938206415
20150803,65.9488515707484,2.8017788404851394
20150804,57.999285723421174,2.6128670147644386
20150805,44.96593873191036,-3.276179743075422
20150806,37.33474126823523,-12.319729855749271
20150807,35.13217258441041,-16.46026852158243
20150810,36.021158754201494,-5.3056504930247295
20150811,52.69524672446684,21.76127261605625
20150812,62.060989496391265,36.65638727710719
20150813,63.48102863620016,43.590102927291404
20150814,53.20478462021851,36.715779274600095
20150817,44.89113700652631,39.78101512592935
20150818,33.730516255209395,29.85269817781397
20150819,28.85927053329441,27.96133513561818
20150820,29.85857677487188,27.915065131525566
20150821,37.389415443443696,29.378392113161617
20150824,50.66523160573354,35.88825562169319
20150825,64.15611358132293,39.23640890977431
20150826,65.56367976575112,36.34618147235297
20150827,58.50800709128685,31.472596177199936
20150828,53.54782260685623,30.120055142821105
20150831,46.736505973811546,25.432547043017763
20150901,35.73903665090837,17.997098154442973
20150902,27.34145163521535,12.12028987150652
20150907,12.150674206425837,1.3583648854414678
20150908,2.309649213656145,-3.3420928014401734
20150909,-1.999505713044681,0.9275856401647695
20150910,-1.9576563635227535,-1.3604939378387715
20150911,-5.692537121247014,-5.172348601181012
20150914,-9.324382624800693,-3.634483895305869
20150915,-19.009802845501184,-11.366013891781119
20150916,-29.153744204530263,-16.648952766661388
20150917,-26.813989200448052,-12.74218428107343
20150918,-25.793650392634014,-6.8474282353342755
20150921,-29.450213334998274,-9.188755442088663
20150922,-41.60655101317228,-19.690217044364488
20150923,-48.663683037958656,-26.069777759198494
20150924,-52.81687676197354,-35.653081171284214
20150925,-41.73496651150221,-38.12287521190176
20150928,-52.50282098154029,-49.60270300606616
20150929,-53.76047674682845,-51.334061172634726
20150930,-57.23210015238927,-57.17157211678074
20151008,-62.662386270906126,-54.10113135286296
20151009,-61.00552184000201,-49.478819943842154
20151012,-54.90419627235033,-45.97782260509447
20151013,-51.27748860445535,-43.77697815537823
20151014,-43.96944931094244,-41.42611218655031
20151015,-37.47805996202898,-38.729300166689626
20151016,-27.771987658552455,-37.14744916750573
20151019,-24.506531688396556,-36.45226814812427
20151020,-24.883082443042976,-36.190473074163734
20151021,-22.398786993690095,-34.804024815066796
20151022,-22.389926043446188,-33.97817872896331
20151023,-21.94133371898249,-31.51630417206836
20151026,-20.195939027935182,-30.94593974239273
20151027,-26.003902035846075,-32.461424943040534
20151028,-26.418697191013706,-31.880367625545727
20151029,-12.096073302347405,-19.880734683167194
20151030,-10.305044391636855,-17.473056224645905
20151102,-14.2074637902595,-20.925401503777977
20151103,-22.21486745567616,-24.859140807843662
20151104,-22.215683884404207,-26.82217082054436
20151105,-20.85583785822293,-30.966088010650676
20151106,-25.14971908706878,-36.96128108499674
20151109,-18.15542850286126,-33.082157311405425
20151110,-12.420057984638804,-37.998705968326064
20151111,-7.2169388648284185,-42.825273781215984
20151112,-2.7985569623121576,-52.90912967796893
20151113,0.8167958015517183,-47.39541467621623
20151116,3.2113141409513766,-42.55159433580606
20151117,4.93637231198756,-38.17081684014199
20151118,6.366199663062593,-34.56498545434205
20151119,7.453297155116876,-31.684055455817575
20151120,8.335742897347863,-29.61713535280369
20151123,9.012309624374415,-27.34861672283566
20151124,9.56860761692773,-25.491777673943506
20151125,9.989939843231518,-23.885422765125785
20151126,10.372811834514092,-22.516527851330487
20151127,10.749537731181746,-21.397995153449678
20151130,10.918490812358494,-20.45882271343769
20151201,10.704951037127582,-19.452862867436906
20151202,10.58734539997825,-18.637376870902735
20151203,10.45459377876917,-18.04090913852796
20151204,10.304229752111516,-17.448270559049778
20151207,10.011341642406608,-16.52459290582434
20151208,9.744834703204516,-15.743218557509206
20151209,9.520905608378353,-15.105435795023496
20151210,9.339519127190822,-14.584571912538914
20151211,9.196871882545135,-14.156910701563733
20151214,9.143095694458342,-13.83831351668234
20151215,9.185177083055642,-13.725902486582259
20151216,9.234653233374948,-13.628005097968485
20151217,9.28408492262305,-13.529841325591866
20151218,9.320957339838214,-13.444046255902393
20151221,9.35259901037755,-13.563357641711738
20151222,9.367580577693062,-13.661030054080992
20151223,9.388090193975847,-13.76202920529338
20151224,9.423830866181486,-13.839919018933902
20151225,9.458603705995847,-13.982716797044766
20151228,9.62977158536275,-14.1130293314659
20151229,10.043560268336167,-14.321404831572824
20151230,10.413293793753015,-14.493477287958948
20151231,10.79252499453916,-14.694035722633512
20160104,11.094230314479526,-14.909597353411062
20160105,11.971211230262528,-16.212592191890796
20160106,18.660054047246263,-17.758243225020788
20160107,43.14978185531216,-18.541775899849135
20160108,51.32376708272132,-19.193290379795503
20160111,54.49661785072498,-19.696892189152617
20160112,50.09756501795538,-19.28923174958765
20160113,40.8770748596199,-26.187787960789144
20160114,40.07924152991133,-18.824993538847334
20160115,34.391477554922744,-22.103070603370632
20160118,35.54606286016551,-20.250624881646143
20160119,19.97008196574786,-29.606620771999747
20160120,9.871816711053505,-30.620301316901966
20160121,12.677213407484842,-32.77038370202836
20160122,9.509625172565473,-31.46771798564813
20160125,3.1997599054075363,-24.23706847740449
20160126,2.6406479618534946,-21.267096449235257
20160127,1.4338097690459406,-17.637483653972772
20160128,-2.865604878961851,-23.3837248565755
20160129,-3.723896788979686,-26.244822608603794
20160201,-7.281477576394218,-31.16272587683302
20160202,-11.07455432048366,-35.78740713532204
20160203,-12.803802487376748,-38.72643176302955
20160204,-6.775856198373462,-19.50899832782122
20160205,-6.56920642467819,-17.091224566102188
20160215,-8.38709275210055,-18.423967425199756
20160216,-1.463532682068752,-21.531267585271067
20160217,10.371714769997212,-26.82910637646838
20160218,13.52613828047745,-34.033175631265365
20160219,20.099928899559668,-37.73219509317209
20160222,31.55078810027271,-33.52724891435197
20160223,34.323605151296896,-34.72871872783729
20160224,41.109847591358665,-37.62605364487358
20160225,66.5398640181908,-17.27068716609011
20160226,74.32540581675043,-9.638736408175998
20160229,85.90467904455643,4.922451323980116
20160301,83.04368647623775,4.391692129388624
20160302,82.91810518245649,4.6389440028250535
20160303,76.5929846151961,4.68423403114607
20160304,75.32714715823444,14.29557311008356
20160307,84.06052885920025,47.12479304895465
20160308,75.634088899141,61.624442692564735
20160309,67.25092127093984,57.37856331650915
20160310,60.87047928257083,48.48366183981159
20160311,67.26069757158879,52.40466582147582
20160314,62.1190946798261,43.71430451120376
20160315,58.97525644118974,45.52820596507511
20160316,48.11633387339057,31.768824666498343
20160317,43.12062766889227,24.125605519275084
20160318,34.84316528424788,41.32973082401726
20160321,25.49406921501629,38.00545653237427
20160322,14.674880032972654,30.95967703921966
20160323,8.505886177664577,26.417757686156477
20160324,5.322086024284858,23.729624425998956
20160325,-5.657988017275453,13.127501117004694
20160328,-15.419017019267983,2.8533689659741674
20160329,-22.31990301563784,-3.23155856887095
20160330,-20.023385218002208,-3.8251071728647723
20160331,-22.700772956673465,-8.738284718444433
20160401,-26.81615895034091,-11.994303926179818
20160405,-36.09174191609916,-19.93313586101936
20160406,-39.39299072769753,-26.17682584646976
20160407,-40.855438490697686,-30.27228180508005
20160408,-40.69591459761919,-32.96184110882538
20160411,-41.40504102012986,-31.337963138038717
20160412,-44.942063352695854,-24.66607098981539
20160413,-44.83484080157352,-15.723275742153032
20160414,-44.1658467316436,-9.073571166529643
20160415,-46.490535665514436,-12.6726202925945
20160418,-49.36102753324335,-5.48817321314548
20160419,-50.56771292871313,3.3388320849507105
20160420,-46.31990459922322,24.558847605637673
20160421,-41.133193701345355,37.10480517011285
20160422,-33.09427141586115,43.922199076907106
20160425,-27.94081829282732,44.64601455209641
20160426,-36.010510108845914,35.63302791521792
20160427,-36.533166682443046,31.134517219954294
20160428,-30.856957264752918,28.384546660906757
20160429,-25.612154367348783,26.20550352986978
20160503,-21.284834802678205,14.875082085872561
20160504,-17.727605323444923,9.57514317791731
20160505,-14.815806716407199,2.980156108404108
20160506,-12.434534111580808,-2.344127044014086
20160509,-10.485600489236331,-6.689631619132509
20160510,-8.887403851218897,-10.108991989942181
20160511,-7.579744574199668,-12.93408831055597
20160512,-6.512149439038827,-15.245831251571758
20160513,-5.648256905239549,-17.085738838100315
20160516,-4.94088473645491,-18.562843817020717
20160517,-4.353610580454069,-19.76105385586132
20160518,-3.8791120232140535,-21.60691089610523
20160519,-3.465909524249646,-22.86824536659245
20160520,-3.1411784567012244,-24.842934058362705
20160523,-2.8916840805026216,-27.016366162790188
20160524,-2.6883993788775853,-28.765163929902265
20160525,-2.500866738394501,-30.205987172235258
20160526,-2.360808666412637,-32.37245214517384
20160527,-2.2466044502307536,-34.07662890331721
20160530,-2.17620514343272,-36.144757822071504
20160531,-2.1648825671221883,-37.63646254609359
20160601,-2.169522003097329,-39.45766111413578
20160602,-2.1713422662503583,-41.050312365379376
20160603,-2.1753753301943606,-42.335677883793196
20160606,-2.097543966911807,-42.47033974200104
20160607,-2.040526162322193,-42.91885820091929
20160608,-1.99183387635127,-43.311122585025814
20160613,-1.8914834543421921,-41.79168495365401
20160614,-1.8110022367120318,-40.6367261557458
20160615,-1.7454883834609962,-39.80203938079463
20160616,-1.6816597403664832,-38.89574020860168
20160617,-1.6015269084560009,-37.64346031931633
20160620,-1.5470134131053312,-37.117986315703696
20160621,-1.5019406687912238,-36.75047578936481
20160622,-1.457410727498403,-36.38393508018878
20160623,-1.423444678268777,-36.177938357014924
20160624,-1.3507536045014956,-35.64482587019665
20160627,-1.2909407772527168,-35.25566199045953
20160628,-1.2420163787644751,-35.0357346343985
20160629,-1.2078648097326217,-34.444909219699824
20160630,-1.0717680661692306,-33.9472895407969
20160701,5.130543289344567,-32.89739004202178
20160704,13.866952769953663,-31.540292530575
20160705,12.713137892631357,-3.8069641883261984
20160706,19.070895691092577,19.51496493362733
20160707,16.60017803630951,23.407473290921942
20160708,14.32593330756046,27.02503048196349
20160711,15.943412525487725,36.86627381344812
20160712,10.425809979416332,35.78603652206563
20160713,13.147468255606404,41.98403869036978
20160714,9.967868383209474,40.57272306515355
20160715,6.165680565423593,34.37580081861677
20160718,4.169140746175954,30.306654821497535
20160719,-0.09129630175044738,24.50286838216369
20160720,-4.522142790676068,18.868918859894215
20160721,-6.236544874750512,16.998507099527338
20160722,-7.602818391295694,16.278299985585257
20160725,-14.321905445829211,12.173297001760869
20160726,-19.60658493374108,9.50068061996373
20160727,-25.60213420105606,4.107295947830986
20160728,-23.258127227526572,7.4047212922151955
20160729,-25.501898052649153,5.211692233676542
20160801,-24.90293986244963,7.212432699411057
20160802,-29.729925174545862,3.42956294294594
20160803,-35.768877719990556,0.9052272171635247
20160804,-36.58419913298666,1.0522310722980763
20160805,-40.04444889482736,-2.488775597402278
20160808,-36.87217821036464,-2.417160611291291
20160809,-42.65747519662017,-7.231372721611035
20160810,-41.9917646873094,-7.4775194577364585
20160811,-40.590964896676304,-8.511372792932173
20160812,-39.809270842022926,-10.556058748691663
20160815,-34.56823347372296,-10.273931819116676
20160816,-37.28285485872204,-12.321959606522602
20160817,-36.01778197076821,-12.522326664418438
20160818,-36.30713679958884,-11.986413675567873
20160819,-38.709522250482856,-15.334859740735993
20160822,-34.81936016319908,-13.029087213475025
20160823,-40.84650310486471,-15.985412117322348
20160824,-43.36923358143555,-18.702159266864122
20160825,-41.07573535084649,-18.007531188716285
20160826,-45.11746641107395,-21.142388047276977
20160829,-21.799880332180475,-13.119630508606624
20160830,-27.061943058047696,-15.014133781517497
20160831,-25.79802565901004,-15.830590086076533
20160901,-27.638448033225764,-19.107783101082404
20160902,-24.10879202861818,-17.256454986810475
20160905,-19.10650441333642,-14.079443989372775
20160906,-34.64233836397997,-18.22082253215039
20160907,-24.895138003491613,-12.916690272345042
20160908,-32.06613623851385,-14.894956363464516
20160909,-30.213751323630333,-14.586538552515416
20160912,-27.6367790311904,-10.81829623363011
20160913,-24.378654539200625,-9.988666260922024
20160914,-24.096307778132186,-9.897055420377784
20160919,-37.5047307734871,-14.289816214855694
20160920,-45.05973218707502,-17.0325338909078
20160921,-43.44923075165935,-14.553520865164073
20160922,-32.77068226133549,-5.698744625297375
20160923,-30.316310601153035,-5.372138949465474
20160926,-35.67147655148398,-6.633490065683999
20160927,-38.17798068607466,-9.564158271520384
20160928,-32.930274612111546,-5.884748949363769
20160929,-35.476190666652805,-7.829351959016135
20160930,-38.959095562291175,-10.93873591146827
20161010,-34.51841197615535,-11.312309901518748
20161011,-28.03675030726544,-10.340076668140728
20161012,-26.341902114211287,-10.537988309993603
20161013,-18.06332772298312,-10.573156638943297
20161014,-16.92649911791677,-12.75031502705857
20161017,-11.709043225640487,-12.039726648118913
20161018,-12.116540533409385,-10.777308946490864
20161019,-13.661174945252432,-12.039793894285072
20161020,-12.702825058927946,-12.043841902096828
20161021,-10.795316479512204,-11.098594786956177
20161024,-12.855119676939859,-12.765417797400907
20161025,-10.157709263988835,-8.560185981837376
20161026,-6.038567983722744,-6.464612962470599
20161027,-6.377545942315009,-8.527815798879761
20161028,-7.628225566796627,-11.31177503908135
20161031,0.7700045106803713,-8.6090839188728
20161101,-4.5289191375327595,-10.37476460511332
20161102,-5.898807086453851,-7.023006573799635
20161103,-5.797357170210824,-6.139198142728903
20161104,-7.537882968029604,-5.172838306289433
20161107,-13.478802942952756,-10.597388795165013
20161108,-18.206506759326746,-13.786917490425632
20161109,-19.058742982386814,15.685401935159229
20161110,-18.980770631532284,39.82042274379078
20161111,-18.621108763393707,59.491429903375504
20161114,-17.65774091581418,62.50894886225083
20161115,-16.825436344402668,65.1066241284188
20161116,-16.136600918284813,67.22033969407032
20161117,-15.599266497844878,68.95192501539493
20161118,-15.115921921606152,70.40194164259364
20161121,-14.694853544487277,71.59105684399815
20161122,-14.351912645313764,72.54060874746776
20161123,-14.08232370029169,73.34631970881064
20161124,-13.827217014731538,73.98193924476762
20161125,-13.601641005946064,74.4983820178079
20161128,-13.387178414716034,74.47796878669182
20161129,-13.215427469298405,74.43679739335887
20161130,-13.124173934008297,74.89050171648375
20161201,-13.056756477201763,75.27422742926908
20161202,-13.001960674864415,75.76211353356105
20161205,-12.954897546512447,76.12990906529524
20161206,-12.916357453817977,76.48460624183085
20161207,-13.374962358344924,77.86196757471784
20161208,-13.833234164356256,78.4461463859812
20161209,-14.348046629924495,79.12562254045531
20161212,-16.149795105911693,97.50235944704683
20161213,-18.100313609602594,112.12456732550964
20161214,-19.63057140960727,124.13809965373
20161215,-20.63569123480756,132.9238176553721
20161216,-21.69706890574453,134.1821288157046
20161219,-22.746112468848754,135.5280263455851
20161220,-23.640303211288245,133.53688692624607
20161221,-24.418726720961953,131.40325624907922
20161222,-25.322694022696908,129.3082819210221
20161223,-26.267259933659872,127.56777524268041
20161226,-27.493108835111773,128.77167717474796
20161227,-28.24552462569869,128.45217239238707
20161228,-28.848677821437573,128.25026716724
20161229,-29.376607100711478,127.45584849810612
20161230,-29.320925310324018,126.61482969686664
20170103,-29.096296152029485,125.8098588750099
20170104,-20.319320951481306,124.48613166858591
20170105,-6.489145878943705,123.38808325200615
20170106,-2.66821311397012,101.56939573440914
20170109,-8.25505234564095,78.79226327607716
20170110,-8.017124381721723,60.588195889312246
20170111,-10.585427671231882,48.072065069965106
20170112,12.68851861486688,39.492689341387255
20170113,5.380496196529163,28.65219006522347
20170116,4.784015996852973,22.842913845391568
20170117,-6.05765187727886,14.298813364256661
20170118,-8.39623928690356,13.768851110178343
20170119,-12.698619852882501,7.712345347822262
20170120,-18.86754955762936,-0.6946170624837569
20170123,-20.785293424729282,-4.710826355431851
20170124,-31.70148765247461,-16.05503122240268
20170125,-34.32514974811285,-20.46001178358936
20170126,-37.05081288385411,-25.13616980573902
20170203,-46.2237541430773,-33.82624461072318
20170206,-38.23155307586719,-31.142633729213482
20170207,-35.61162285896339,-33.427737901896286
20170208,-35.8113033460992,-33.46026152302967
20170209,-35.0567683698005,-33.59585025262349
20170210,-24.032086839264515,-33.57086415799338
20170213,-18.310733745295874,-17.01052413343515
20170214,-18.233825303357566,-17.210302128715984
20170215,-14.68481648294198,-9.699408064344698
20170216,-6.830805779883591,-7.793074147062535
20170217,-9.290755697014722,-10.278565879883164
20170220,-12.09904119197817,-15.71016000792932
20170221,-21.500920737216628,-13.554899511173828
20170222,-20.331384764493706,-13.768038162610575
20170223,-20.46209702391625,-9.462000606009198
20170224,-3.1112975044646327,7.098739034496658
20170227,-2.7203461791706984,7.962448968445642
20170228,-5.3765049192857015,-0.3947536345044646
20170301,-0.6906374627998066,-2.9921027739138353
20170302,-2.6664289865036643,-10.12706550427802
20170303,6.783462010845751,1.0886959273192431
20170306,5.40099204171267,-3.4957806649794936
20170307,-4.1626180215232615,-12.745799522923111
20170308,-4.680671824566245,-13.12601720866001
20170309,2.56797292763216,-10.875618689268208
20170310,6.400314577778319,-8.817779765841939
20170313,17.286516447893753,-2.4039978238738717
20170314,5.2468995566546655,-9.316005129118603
20170315,-0.6465326573647895,-14.936635556874569
20170316,12.53329364691658,-10.256993293441168
20170317,4.516217092671775,-13.365319992550283
20170320,-1.6287821562845648,-19.176784095246028
20170321,-2.145597061121128,-23.519434298847237
20170322,8.570244336731054,-19.952286905523803
20170323,5.575400315206451,-24.05464925056074
20170324,6.062772099815709,-23.49193876258637
20170327,3.225453199615045,-20.74082606071494
20170328,-1.3016567818574667,-20.561271211097097
20170329,-3.499244273474643,-18.831427390629443
20170330,-10.296978184452135,-20.84802336024729
20170331,-8.264285764657336,-18.56193031513271
20170405,-21.478928625852717,-28.618457586419613
20170406,-14.220424757418838,-31.329703607779287
20170407,5.244370391483157,-15.76157606878798
20170410,14.778026836253549,-5.513516682514245
20170411,10.431615198136326,-9.581400725544446
20170412,28.462179290301712,-2.243269275548577
20170413,32.02233083111424,-2.982368686545489
20170414,21.184443190838834,-8.238156767541062
20170417,19.633451888030304,-6.586319253650506
20170418,17.674819782504038,-10.151848677925514
20170419,25.468252305183768,-2.8997126719316424
20170420,25.413438305818634,-8.036112599529485
20170421,17.06809096901704,-2.8040101282398995
20170424,33.75354011905221,0.003880734295912062
20170425,23.100006791205974,-4.924521953383932
20170426,17.206525103825307,-7.420645875433437
20170427,6.9388682041960505,-9.672732501655762
20170428,-1.5055952411288396,-14.176995897046211
20170502,-7.930046188944078,-20.089398865422076
20170503,-13.515044702788469,-25.185941520840082
20170504,-17.65358343759842,-13.3692709838926
20170505,-21.0160533001425,-12.220331733256783
20170508,-24.337446422689172,-16.4269015189847
20170509,-27.129785409460744,-20.784163679437622
20170510,-29.39445725400239,-24.367649626565687
20170511,-32.88718493892591,-28.068787869291288
20170512,-36.06732829519116,-31.27057169314194
20170515,-38.22596948679469,-33.52838182719802
20170516,-39.77410429441603,-35.193129579695864
20170517,-40.74237418488516,-36.560336359148685
20170518,-40.66365504542774,-37.8286163853195
20170519,-40.59167064650167,-38.89358039284683
20170522,-40.442836075716066,-39.81830455208714
20170523,-40.217436186384624,-40.43868965021929
20170524,-39.23942306668505,-40.84503904494252
20170525,-38.37048782883921,-41.06193859418495
20170526,-37.67487487365803,-41.23504663976055
20170531,-36.975602368764925,-41.331948381854126
20170601,-36.687652362240186,-42.318025964272614
20170602,-36.41299123917121,-42.998175402634544
20170605,-36.213299347417454,-45.42024848619641
20170606,-36.00504128437451,-47.27556636978872
20170607,-35.867619194134946,-48.80218784203371
20170608,-35.665824406992876,-50.24628777455464
20170609,-34.95059628036754,-50.15978062258155
20170612,-34.226591670202716,-49.80529358652421
20170613,-33.65032233026234,-49.49256274266366
20170614,-33.23790407964015,-49.43871066285262
20170615,-32.742164520605165,-49.56447119685628
20170616,-32.37193452176811,-49.69339490109405
20170619,-32.362406372128014,-49.74168196311684
20170620,-32.35421934095361,-49.76312651897369
20170621,-32.388965000125225,-49.84139076673022
20170622,-32.444438308399725,-49.68050054875752
20170623,-33.09452566300674,-49.7990638663987
20170626,-33.807789296385444,-50.18145350159862
20170627,-34.308621996882714,-50.45407605539988
20170628,-17.899026168015528,-50.577908246762895
20170629,-8.067105986874632,-50.68619755324033
20170630,13.110463558457461,-50.418107752724644
20170703,11.420977536048891,-52.02627399944019
20170704,24.18719189516281,-50.72741816795282
20170705,7.425557105014031,-49.67730019360463
20170706,2.075336029986016,-40.22003719661739
20170707,-7.906103964123995,-24.164668281086907
20170710,21.22670374021218,12.942206908948586
20170711,15.360785951977098,34.33793491621291
20170712,14.902483170216508,40.53551813584957
20170713,13.88902588277975,36.012789893064806
20170714,2.272971383049351,34.67598257564328
20170717,6.036169852282632,31.408982164879955
20170718,0.4445448049236579,24.8487542503732
20170719,-6.9738025342319805,18.382017566835454
20170720,-16.80656293656167,13.672756374850335
20170721,-6.573894216483665,13.39192024384735
20170724,-9.967853029983969,8.916268571332623
20170725,-19.071551910977732,3.190091706971735
20170726,-16.219501524010767,5.34519016860636
20170727,-9.4801362401025,5.44248905508744
20170728,-7.043734886149564,2.794168826086484
20170731,-5.151514247386883,-0.9266560205155526
20170801,-16.200820170549957,-3.520327811332542
20170802,-9.258629572528125,-5.924065658539984
20170803,-6.741792533955512,-5.149979307019944
20170804,-5.237131694994393,-7.112982275157618
20170807,3.8544743458292507,6.4673576485993065
20170808,-4.473830978406169,2.7204963971657503
20170809,6.946944039822987,11.647428125317065
20170810,16.56279260495275,22.509764141254053
20170811,32.67863638455539,26.924467215958128
20170814,33.99530007689712,29.712422829381598
20170815,35.90622403362773,28.589143487155358
20170816,22.688749613723502,21.52777189364705
20170817,27.439032813590288,29.222142620746457
20170818,21.134260803018496,24.1541496002726
20170821,34.533546194636486,28.548665633383617
20170822,27.2753744583812,20.98833421700081
20170823,21.204841921142584,17.429680644195845
20170824,8.72980106818008,10.92346800274845
20170825,-2.81623398489228,4.010529939180486
20170828,25.56462825769372,14.482216883435052
20170829,34.42900625925006,14.266593599797464
20170830,40.22985062714835,12.188797358297778
20170831,29.956825682726414,3.7783892769832437
20170901,27.319279722363454,1.5919673561902363
20170904,39.65404901785813,8.440971712398117
20170905,24.79731172382086,0.35585543984700013
20170906,22.089432588489956,-0.3911746909228766
20170907,20.56547026865479,-6.648176932450421
20170908,30.96566512110917,-3.571251204840475
20170911,33.44461736341807,-4.118107235107805
20170912,22.713682035629493,-11.559109635221798
20170913,7.453283004637652,-21.671775542037913
20170914,3.6062348925756798,-29.456632394368096
20170915,-0.2772536695671198,-39.428201554339005
20170918,0.07822206732992305,-39.60310225743364
20170919,-3.694457662333228,-34.9893944283265
20170920,-16.758025151946185,-44.436946428469774
20170921,-8.134768046503318,-39.35894217228509
20170922,-8.937913402352414,-41.894687331567546
20170925,-19.06983036271618,-47.68768029719379
20170926,-8.26046103668174,-39.118089374620055
20170927,-5.026849130665098,-41.12013929991356
20170928,-6.010692363434626,-43.84083559218938
20170929,-17.129260676468377,-49.58205310959331
20171009,-26.837130737078425,-53.15905509848607
20171010,-36.08899626331154,-57.15179990487793
20171011,-40.97577597986875,-59.129539863656625
20171012,-43.82969955342681,-60.36323734022168
20171013,-50.71998843938897,-60.756887462375445
20171016,-47.985740609489966,-54.593788087500634
20171017,-43.41980714415886,-51.85356468242801
20171018,-44.23698703968632,-55.6134266093671
20171019,-44.78912245272104,-58.26070350716349
20171020,-43.637815021588175,-50.35457283853056
20171023,-41.07604940404114,-45.022119593809066
20171024,-43.23204814997396,-45.985508941349806
20171025,-44.041494229737296,-50.38351780274842
20171026,-40.219511550645244,-54.79229340989471
20171027,-32.98096704599381,-42.44507716224377
20171030,-29.43266987319527,-35.66038018091163
20171031,-27.52299257591398,-45.755566218915035
20171101,-32.78726104764646,-45.028247747317764
20171102,-45.46786202019801,-33.08885111606334
20171103,-56.65475521241802,-41.46833444309401
20171106,-61.091953094770865,-33.797686171151646
20171107,-68.95356501205104,-28.64977011656462
20171108,-82.1890713575645,-36.07211185722605
20171109,-93.08540355710312,-39.835331647247635
20171110,-101.41522150029614,-42.32051475878517
20171113,-109.17096989090008,-41.62572353031813
20171114,-116.8379126098924,-49.65346018100288
20171115,-123.7764272869888,-54.30239068079204
20171116,-129.27293553887458,-54.676712520419784
20171117,-133.08484833494964,-64.81772347466239
20171120,-135.6443107063566,-73.50170836425512
20171121,-135.9872992927936,-80.16786327977528
20171122,-137.3987505396237,-86.22364143345823
20171123,-139.7202337735197,-91.37075052397424
20171124,-145.2387837313499,-100.68125646933007
20171127,-149.81353793295202,-108.23988643216798
20171128,-152.4856747620711,-114.5246160407796
20171129,-155.34105647291713,-117.44678651624231
20171130,-152.9226988652488,-114.9651297469794
20171201,-148.90266355541917,-112.69949734451053
20171204,-145.79261181108382,-111.23348258144576
20171205,-144.41105164378396,-112.00164116403842
20171206,-141.87296805261576,-111.19889851956913
20171207,-139.02560870545568,-109.67888260174011
20171208,-136.40957525579483,-108.26277093514707
20171211,-134.4048835431611,-106.26122963480688
20171212,-132.72148417530406,-104.87998654113898
20171213,-131.67115420750835,-103.92285500421988
20171214,-127.74782984376294,-98.27553865739634
20171215,-125.01146296577554,-93.72598279371614
20171218,-124.01398256827255,-89.96875946547664
20171219,-123.18219894578179,-86.84943365784034
20171220,-122.47646697448906,-84.3088152551856
20171221,-121.9682283304322,-82.2566573206066
20171222,-121.61921001236092,-80.62449691021243
20171225,-119.89864839761023,-78.26538222294201
20171226,-119.10495947386845,-76.32865023124386
20171227,-118.2309432368751,-74.79187687240713
20171228,-118.69851922662856,-74.70999617961346
20171229,-120.52192321142134,-74.87674168895708
20180102,-120.87775789441314,-74.94611564783483
20180103,-120.86538704532592,-75.07459008708204
20180104,-121.31162942245766,-76.01307974795803
20180105,-80.94963140121503,-78.37891830321183
20180108,-51.926384836433655,-81.35190180421824
20180109,-43.524259058699435,-83.84093669248527
20180110,-35.59286632960595,-85.39334918070347
20180111,-25.38092447378716,-86.86219586630115
20180112,-16.904754400760144,-95.03999440231934
20180115,18.94577136960283,-101.04478574579447
20180116,-2.2394930825126393,-92.96386713386616
20180117,9.61250724868207,-66.6991729827032
20180118,18.327081009453636,-54.32346713152162
20180119,26.399421624896704,-45.46372747312746
20180122,15.247651745810225,-49.716490517204036
20180123,13.59817346335037,-50.96584089835219
20180124,25.253467297676682,-28.90208928259624
20180125,42.94155694191273,0.07986122389420627
20180126,61.6882817165932,7.303116338697797
20180129,55.53207994105758,2.560702399111985
20180130,61.63635356669238,5.885088446872981
20180131,60.940892323031925,1.1829976998852714
20180201,51.04533772778103,-5.826582329441754
20180202,37.27991001602181,-7.340431535486428
20180205,61.48476007419648,19.643362379835228
20180206,72.19717400885233,27.378486979125988
20180207,79.10121540592708,27.68795508456006
20180208,82.63073656968218,38.31907113977108
20180209,80.30713862553438,35.04332764679728
20180212,81.26776361553252,36.089110675050705
20180213,64.13571551938519,27.269598104877122
20180214,48.983476695084214,20.24333156392894
20180222,27.951770315645714,5.979714301731563
20180223,16.397321336222202,3.2542440107145794
20180226,10.815633183306705,7.88228268823668
20180227,7.366477637145723,7.345726087442433
20180228,17.331182064884672,13.641693991466214
20180301,8.459945234031299,9.069984684426425
20180302,20.444459354391988,14.545839954565498
20180305,17.84767943669075,13.059245101894975
20180306,3.916342965518807,6.292070765918898
20180307,11.536714251239811,13.413724784042083
20180308,10.661744643122725,14.044298706313315
20180309,7.339025366333445,10.326682943372537
20180312,13.557050299269692,20.226567576653153
20180313,1.9536372363855876,5.276339192445438
20180314,7.184253598623546,0.43143106591821023
20180315,-6.616699649981146,-14.599991623529611
20180316,-10.026618678484086,-11.083804855916346
20180319,-5.703198024459878,4.2196650075274444
20180320,-14.767314192959962,-8.167599980757513
20180321,-19.4596353213641,-12.064204529031912
20180322,12.495625344834904,8.434630058227055
20180323,36.06679883271854,14.05001332202611
20180326,41.95564173591155,5.564874605053689
20180327,34.120260464143186,-3.8293149980603154
20180328,29.192033546819466,-8.604532231403764
20180329,40.0864600620256,1.935614855488906
20180330,17.895631369273065,-9.210160307979056
20180402,-1.3445143489649958,-22.118182044858173
20180403,6.020249200858644,-24.835609171537214
20180404,6.691617003196757,-32.293699519844814
20180409,-12.376725460416882,-48.7676745606446
20180410,-13.476575868637887,-52.49541577825988
20180411,-7.49440188878443,-51.302457352909705
20180412,31.41043944171468,-31.81508743885705
20180413,34.641446016865814,-30.013102052147037
20180416,38.31851254869804,-29.54091734804614
20180417,25.640993465709002,-34.19702903022393
20180418,18.896893061053472,-28.128282384475543
20180419,21.20752015962586,0.9897568440136468
20180420,19.38105910049048,6.203085381375615
20180423,27.886669560635283,3.0767345205247256
20180424,27.25955868814526,7.5505129847287185
20180425,20.85534798451524,-2.393903313221906
20180426,9.314934204779743,-9.898085323005644
20180427,15.553066943568032,-13.289522018495395
20180502,22.263062566856114,-16.409543783696414
20180503,27.823529915567846,-18.975976515397488
20180504,32.37886521224976,-21.10486099916366
20180507,37.112276334736904,-22.90750515901798
20180508,41.00143428287077,-24.408792972384575
20180509,44.35623227304143,-25.62486867660803
20180510,47.09238939199049,-26.582321974812462
20180511,50.406711433992264,-27.350682795503864
20180514,53.66979365475937,-27.98295865943457
20180515,57.640268516300196,-28.37153950676122
20180516,58.91332244859946,-28.702273780702036
20180517,59.754989480871544,-29.00241962297196
20180518,60.16324207202688,-29.242658638933314
20180521,60.97576537046505,-32.10281917017463
20180522,61.40693798720525,-34.109975991881406
20180523,62.025677346420665,-35.654504117652195
20180524,61.13034530887668,-38.602328282936
20180525,59.82099137866097,-40.79905905280881
20180528,58.50478382457626,-42.27867033213604
20180529,57.27569251021008,-43.57100170737607
20180530,56.18784232127296,-45.56713071754153
20180531,55.27270056131771,-46.463783655928225
20180601,54.43707690668879,-46.9615555028197
20180604,53.540194445184405,-47.41319202730209
20180605,52.7811176227091,-47.789815761484924
20180606,52.090589428409636,-47.965592415712585
20180607,51.542051778014994,-48.08479354176025
20180608,51.14933237133677,-48.43073756006416
20180611,50.721987682433806,-47.441695874112106
20180612,50.67998610462214,-47.693435495039175
20180613,52.40336259634201,-48.35295461322962
20180614,54.196403353820656,-46.81514589941433
20180615,55.68909589669858,-45.581889854181256
20180619,55.3631047055858,-41.4607250987806
20180620,54.82832573831787,-38.10907091330117
20180621,54.28262773434525,-35.376897353016695
20180622,54.32843833638726,-33.06213089174364
20180625,54.790415401930574,-31.17659921349417
20180626,55.55738319058131,-29.671582774729895
20180627,56.45669978891775,-28.44085916215618
20180628,36.625172198057044,-24.501648392401105
20180629,24.218183130374044,-20.478785305026147
20180702,12.536334742274693,-21.019513870496027
20180703,18.082074392672276,-20.19486597763599
20180704,33.50143271676451,-18.385302679809627
20180705,16.75215389135284,-23.5970251232954
20180706,13.561459779577614,-24.284059902143778
20180709,0.0573845128286169,-26.464074038461114
20180710,-7.392038385487709,-26.797070935219857
20180711,-10.266980148628617,-26.983926220233396
20180712,-15.495723485109284,-22.043150690797262
20180713,-34.110826726668186,-28.0776391108086
20180716,-48.56556048536168,-29.012554484412615
20180717,-44.70256876643278,-18.781035628678765
20180718,2.0924005471445084,26.442928955576814
20180719,0.06546678696703563,23.237543924630945
20180720,13.10142052504663,26.976003363845017
20180723,10.593604612435172,15.027726211853503
20180724,7.690455044386722,-11.245194706041854
20180725,-9.990712310071578,-23.095169633257377
20180726,-13.313105357905243,-45.197348313611634
20180727,-19.271546765932804,-56.02883799001489
20180730,-29.70462127819588,-65.51565716594723
20180731,-43.446629865571644,-78.4261487849314
20180801,-24.333644185927117,-71.01543441004614
20180802,-24.940017616787664,-76.12889828934912
20180803,-29.51399379801691,-83.13687713480961
20180806,-20.627356193307186,-59.849366661411345
20180807,-33.31378936878828,-67.85098273011566
20180808,-21.258893725849937,-67.45009287181111
20180809,-26.826104147444163,-73.3443716169126
20180810,-34.252595797718314,-68.89921125382762
20180813,-20.107290641799622,-54.883994937068806
20180814,6.7604435995161865,-8.458631847601195
20180815,2.6480924754845803,10.170318734646207
20180816,62.59183023780859,70.66917525344043
20180817,62.410451921920625,70.05680955387557
20180820,45.143122725456124,57.1700147305993
20180821,32.63117404635039,45.354887111393985
20180822,26.377354814599197,30.518545871174005
20180823,15.221114431498377,34.280972180080234
20180824,3.1391337824871997,25.75282509092542
20180827,10.705797748626182,26.62580610887911
20180828,-1.1388519034066598,15.58647139017004
20180829,-4.604407427119829,14.492804527189893
20180830,-13.70000366196975,7.484810063228663
20180831,-7.5213252219965545,12.30844942703266
20180903,-11.305665873831016,22.796439426624236
20180904,-22.773353077671207,18.617240764188516
20180905,-23.80944580967457,25.56650673311313
20180906,-26.290895506210322,12.880615834635913
20180907,-17.142730284907433,8.98970432784418
20180910,-14.827642008477968,5.562131377807993
20180911,-26.50637162545738,-7.01479382640786
20180912,-22.117487274104413,-2.910569029718035
20180913,-9.466709036341287,-9.372983483415572
20180914,15.605199479845556,-12.711895136313828
20180917,15.687376881769321,-14.046218197333307
20180918,7.539747660329937,-21.444376025445855
20180919,-7.335739703685892,-22.68099556595356
20180920,-13.42704289999215,-9.392641638173425
20180921,-13.57321267488283,2.993694489173856
20180925,-36.25301976008668,-10.494302435559527
20180926,-46.92232121459131,-7.0125747388044
20180927,-33.813654339102044,-11.133428399898376
20180928,-11.649337239064932,-10.501393365152115
20181008,-17.94616038721414,-19.13177477688633
20181009,-12.409715615228274,-22.333120608515845
20181010,-10.550565091637683,-28.030563414355967
20181011,9.693983074640892,-32.07924325567247
20181012,64.66907880751337,-21.194844321712527
20181015,70.72772065909811,-20.301298726696388
20181016,70.50454013361009,-20.0708546071579
20181017,61.80287882408527,-21.86763430866651
20181018,57.741585877407445,-19.539984162469498
20181019,69.14217955596082,-18.477041959813413
20181022,57.04351651424195,-21.96978344955147
20181023,55.34708564959249,-26.729874395535425
20181024,70.16982130283884,-23.734880831357213
20181025,74.6511168243816,-24.136068219408
20181026,70.1126404002464,-22.548437901346652
20181029,93.26135166227587,-20.798957313113174
20181030,84.96126292292043,-17.98405795130702
20181031,86.14778563430728,-19.33613334978997
20181101,73.14630184652702,-20.431797341045673
20181102,67.7115798065437,-21.32764812340889
20181105,46.009028106149806,-22.605172670180888
20181106,24.71877735571062,-23.65339750453322
20181107,7.291098311436586,-24.4022813791722
20181108,-6.92489875770544,-25.030077959138076
20181109,-21.56637746991629,-25.66838708949848
20181112,-34.56555117336063,-26.08190823331465
20181113,-44.81140778251272,-26.41217373814811
20181114,-53.3127078008868,-26.679114606991195
20181115,-59.13024650947193,-26.912140937638586
20181116,-64.5856135144214,-27.39178392457719
20181119,-68.73350554715068,-27.72001804278722
20181120,-72.18394364476225,-28.018723966966952
20181121,-75.03508585861113,-28.59819445335735
20181122,-78.07278033515047,-28.95674856958919
20181123,-80.5468713419706,-29.321645552156898
20181126,-82.61319827931591,-29.58982575356504
20181127,-84.30534103053091,-30.031932525332508
20181128,-87.61180563509178,-30.49433503804759
20181129,-88.16606199438574,-30.2522900823173
20181130,-88.62242340001472,-30.772019231541304
20181203,-88.55759483714057,-31.20904457214497
20181204,-88.55000883146974,-31.488388548564355
20181205,-88.38624373444345,-31.822272632428838
20181206,-88.21106936653024,-32.09175204983781
20181207,-88.26141198792594,-32.53135693496344
20181210,-87.76032376589093,-32.89618977935723
20181211,-87.9388843333749,-33.22484234172322
20181212,-86.96155884172673,-33.57750164481579
20181213,-86.64265442575012,-34.003138347842985
20181214,-86.27406471531309,-34.265272743345626
20181217,-86.09154500263169,-34.47523028155113
20181218,-85.37996170769283,-34.62943913640768
20181219,-84.78720981150381,-34.73573427453041
20181220,-84.28514641712637,-34.88215709690959
20181221,-82.25503748192295,-34.99169882775207
20181224,-80.60626652337932,-35.235159617907854
20181225,-79.09994212087923,-35.900669778229215
20181226,-78.6646871777747,-36.33470482959259
20181227,-78.32266610277013,40.040979510342794
20181228,-77.76496881366516,79.10809933882267
20190102,-77.96485813654739,65.84353650368301
20190103,-77.36512750231712,91.97590372732574
20190104,-35.182572039925105,118.15357559964914
20190107,12.22293803107617,137.67843978264537
20190108,24.543813113944204,135.95969747478955
20190109,32.54509814125253,119.18339773282693
20190110,48.71888209302094,119.70030351432699
20190111,55.47760364538786,117.15919536933077
20190114,51.69609360311897,106.93370799467938
20190115,47.513673092994715,87.71522421000563
20190116,41.722606965795265,83.79056695366708
20190117,26.273918138406756,63.89324391020928
20190118,20.726185733712676,58.8535771485291
20190121,27.346714065451906,60.47086367468465
20190122,14.155581572683374,47.1448130938897
20190123,7.184341327661968,36.11580054563086
20190124,0.5876548529599999,25.62452245229442
20190125,-3.448795630302124,13.567736255935062
20190128,14.33038095603014,26.270665302989716
20190129,13.272994727615792,26.920558843158435
20190130,23.056007261180373,27.035499439190854
20190131,17.053387121035662,21.326976525562035
20190201,11.04175371241781,15.149986182491615
20190211,-12.15269750038215,-7.258543221485356
20190212,-18.792175806415944,-16.514465331909058
20190213,-26.400434112523417,-21.731583727959844
20190214,-16.968648152436423,-17.377033147229124
20190215,-4.357697819303981,-18.630092881192727
20190218,3.1184663007492497,-17.95916069041325
20190219,-14.80746471371975,-24.995447001130003
20190220,-4.998488242274403,-11.24851675638897
20190221,-4.505169478583099,-9.029782216744808
20190222,-5.220515161760358,-12.35048779655179
20190225,-0.6870618403205938,-11.869220415511366
20190226,-3.552807690249214,-12.69294325782235
20190227,-14.495820582290039,-16.993992700321567
20190228,-9.569073424984635,-12.15387255947514
20190301,-4.810252579212353,-9.989337129472178
20190304,18.322491940766525,7.71299981646248
20190305,13.497941429685929,15.510954372795817
20190306,12.510249562369859,7.232246474059226
20190307,5.398129083572713,-2.8830806514384495
20190308,10.905018180373977,-5.9457999149803324
20190311,16.485134935949624,-1.7598136573371914
20190312,12.06799921969639,-11.755095855923809
20190313,3.668919811635277,-22.480081779047172
20190314,-0.2009756512730962,-24.500938705182897
20190315,8.573287849727514,-18.003005722629503
20190318,2.14077820859048,-24.925374102822207
20190319,-3.590999241502282,-32.868512897011435
20190320,-11.279012305101126,-40.57299695200924
20190321,3.698912134950234,-30.988457709911202
20190322,5.849877692022037,-31.751832132833954
20190325,7.309519655305542,-34.35624251489991
20190326,6.421733210952601,-34.56640349592868
20190327,3.715582880328461,-33.89365165190084
20190328,10.604359210414083,-31.00814930126197
20190329,35.93673605848354,-18.60462702958957
20190401,36.108094337857416,-21.66712192192806
20190402,26.779962052412962,-27.569090737437552
20190403,17.210809926270127,-26.77872365726692
20190404,9.516111937358055,-32.49914185276465
20190408,-9.86686753803521,-44.95151690782463
20190409,-14.994791592323766,-48.536433919877055
20190410,-16.111578130753017,-49.43971003043061
20190411,-15.15636795330368,-52.56423351348346
20190412,-7.277718872419235,-41.42409084808692
20190415,-7.653462209078229,-38.01501646986022
20190416,-14.629112730513942,-38.052990741477196
20190417,-8.096375080125505,-39.08452648665913
20190418,-11.182979842406695,-43.641919298037294
20190419,-20.149968948649512,-53.50940616639145
20190422,-29.937680311323913,-58.217951189388174
20190423,-34.16642693666743,-60.60315136309255
20190424,-31.491370654194302,-53.5004533598442
20190425,-28.03664047855444,-46.48353026592555
20190426,-21.887982844270955,-43.2380920526826
20190429,-23.083854868400763,-44.825094014627126
20190430,-24.056557701649794,-50.72468355752503
20190506,-24.672889402442543,-61.460140130714706
20190507,-25.197175194114852,-70.74951413422397
20190508,-25.46418120557589,-78.14473435131478
20190509,-25.79244344605249,-84.30184554730324
20190510,-26.066335024085717,-89.71376818014078
20190513,-26.152656361950093,-94.11007734349579
20190514,-25.54205653727463,-95.5635598164961
20190515,-25.384975322722024,-98.4898159431805
20190516,-25.43702421194634,-101.81372696496591
20190517,-25.439258836153574,-101.34313268559748
20190520,-25.243735735611757,-100.43783735199403
20190521,-25.36056830571607,-99.74245244439179
20190522,-25.498497089382983,-99.25676830290458
20190523,-25.628697045188254,-99.04861353178899
20190524,-25.809872802463627,-99.35611504601384
20190527,-25.978700640644252,-100.57774029884466
20190528,-26.189411793914974,-102.69219337748518
20190529,-26.402189547594933,-104.94726515181746
20190530,-26.38924690153028,-106.8174989573474
20190531,-25.85510555927028,-107.40817140555185
20190603,-25.13049878134571,-107.76646345636554
20190604,-24.377938421919552,-106.4845207216669
20190605,-23.734082994021126,-105.31757166899777
20190606,-23.20485860808021,-104.4097637038745
20190610,-22.70856515226603,-103.63883803933598
20190611,-22.25305160144698,-101.81874587302394
20190612,-21.990895505989936,-99.84811622364933
20190613,-21.92604757798605,-98.50530828115488
20190614,-21.438247081615817,-95.7792223874459
20190617,-20.68544520243981,-93.74367053767138
20190618,-20.22949758135758,-92.57670991487097
20190619,-19.739421480753727,-91.621811278642
20190620,-18.84115961215641,-88.67972932327825
20190621,-18.098250200262587,-86.24893260871477
20190624,-17.485535777107977,-84.27407113794094
20190625,-16.806391210481074,-82.58557354679313
20190626,-15.954205563355282,-80.06819783485287
20190627,-15.235630927381077,-78.18065913338354
20190628,-14.693004316618477,-76.66944195581854
20190701,5.072748329768313,-74.76357875748612
20190702,11.892289776267667,-73.15676919859334
20190703,35.72598675436492,-38.86045066565734
20190704,39.49997260818944,-34.1374563002364
20190705,30.05023667948415,-37.11337939938402
20190708,39.00945762455301,-23.057100683263787
20190709,33.99872834142456,-27.64323364953463
20190710,26.968972324366387,-30.416031319596055
20190711,29.40173303213536,-24.135745793482172
20190712,23.49905665185153,-28.14659610857905
20190715,17.119768819631776,-29.20292605916541
20190716,10.53102952579986,-19.093007370891403
20190717,10.11046625191215,24.390941120555976
20190718,16.561871297897916,86.2832058532894
20190719,18.810260317535924,116.0431996263033
20190722,23.413107376350624,169.25481804702542
20190723,17.24834535038268,157.38734803062005
20190724,12.467411459362296,158.30579539131102
20190725,5.7115038370586095,149.19788156920228
20190726,4.469927395580327,135.3236551797829
20190729,0.3375422089269299,121.55246322267335
20190730,-7.579040798843215,100.06376531996233
20190731,-14.428064857181173,84.04519009316283
20190801,-5.550157774952751,86.1778528575827
20190802,6.6195444199742255,85.14436347596786
20190805,18.004026543064825,94.27278942941221
20190806,27.319043206848537,94.26941450205328
20190807,32.94372408957851,93.64846503078138
20190808,46.084796028910155,98.60179399483155
20190809,40.75961642130097,89.84353342936508
20190812,36.02713882539544,79.44082388771146
20190813,35.12917559001854,73.91813572337537
20190814,46.319969085725866,74.62463342872877
20190815,50.03840389149954,70.70072028554107
20190816,46.34006133016137,58.42569575186754
20190819,41.80789774591898,48.45070922231208
20190820,30.14336057150664,37.20386111335311
20190821,20.949763030544002,30.526135328970962
20190822,11.271414695828637,21.499298413454273
20190823,4.407847301302243,13.994444461204754
20190826,16.78123206529272,21.31532915140883
20190827,15.382773557063798,20.60303207928411
20190828,20.320931024913563,28.284580628367408
20190829,19.203328513662836,32.03236441864828
20190830,21.34006112929189,37.42192581472542
20190902,20.421330483556645,34.811592858139235
20190903,12.317241653656096,31.202353758235425
20190904,21.74411274683538,39.12085958923579
20190905,20.981327204442938,37.29153896575353
20190906,27.620203258786518,42.37681859530135
20190909,30.597072262499875,43.501962439541394
20190910,27.390355303642306,39.21231153423401
20190911,21.80619057927181,34.05559828042892
20190912,13.796371713290128,27.31398408999175
20190916,1.966150888162717,17.463974793706228
20190917,-4.112813875140015,12.046244751076523
20190918,-8.98474158099296,7.630272776092938
20190919,-10.520982028537047,5.935784639756485
20190920,-16.715284019836425,1.7873707801397165
20190923,-17.773021782268124,1.040850044850721
20190924,-21.386009810405962,1.0318853333629834
20190925,-19.63381314200629,2.757762528546327
20190926,-18.280258317492947,4.559525834672755
20190927,-21.401406909090664,4.1388593746699405
20190930,-22.282155431447237,3.7193358173502933
20191008,-33.1022155742925,-3.487112412794979
20191009,-33.71401791269352,-4.01084966056417
20191010,-34.70033715062614,-5.576616534744126
20191011,-34.518003005512625,-5.724425108653449
20191014,-28.09742714905702,-5.238194123723554
20191015,-35.29532066746396,-9.272213827705775
20191016,-38.23087344199011,-10.163571086414388
20191017,-43.09577410821503,-12.638321638075062
20191018,-46.7547195449792,-15.385854813995799
20191021,-50.33828176570477,-16.573931906655414
20191022,-52.351370501736476,-16.142960219796155
20191023,-56.62510222314128,-19.255117361108752
20191024,-61.34167037784056,-23.194079755351463
20191025,-54.97673174878697,-19.988959492312254
20191028,-50.81197421749668,-16.21144685936309
20191029,-49.25561394722558,-16.94450948998414
20191030,-48.12406582943718,-18.713662000098367
20191031,-48.45434842450854,-21.176308065040967
20191101,-47.584242065292486,-23.788497394907527
20191104,-50.15573384088998,-27.865937666937516
20191105,-55.1600004533381,-31.084853349926178
20191106,-48.61418734457998,-28.85533649903135
20191107,-53.00222096609029,-32.335154617960114
20191108,-44.959283087943426,-27.706562197041226
20191111,-45.36982789491153,-28.02881237757874
20191112,-45.51890829959956,-28.312040069480105
20191113,-45.10981645743139,-28.52472352288639
20191114,-44.977655152475535,-28.77503270190947
20191115,-44.86665864235066,-28.968700854825393
20191118,-44.77010371545748,-29.234362990231574
20191119,-44.5220948118995,-29.20025388650878
20191120,-44.37676308452107,-29.183642570264073
20191121,-44.258162765319966,-29.17046431240265
20191122,-44.56850240940247,-29.80142485561961
20191125,-44.70879405183937,-30.276140669443883
20191126,-45.151984798171895,-30.822600986725604
20191127,-45.47156509161683,-31.269710059345947
20191128,-45.762789777912715,-31.643932869054517
20191129,-46.408089815585114,-32.06708088641579
20191202,-46.886126642483575,-32.42048711940832
20191203,-47.351794858885114,-32.70248784960067
20191204,-46.97257665608086,-32.67428575284627
20191205,-46.686278807175064,-32.422133415051285
20191206,-47.89343010102909,-33.81148099988931
20191209,-48.51876741102835,-34.55348248700873
20191210,-49.650307750264616,-35.18964937527557
20191211,-51.382985300887015,-36.00788742354778
20191212,-52.590430072085084,-36.45411416926574
20191213,-52.49906213761017,-36.86755091749297
20191216,-51.81083376910723,-36.99707220950103
20191217,-51.42860965543409,-37.56410811303248
20191218,-51.136422640522724,-38.04670103708096
20191219,-50.89022771049207,-38.42059474870322
20191220,-50.67784985170579,-38.660444267986726
20191223,-50.796455684314374,-38.79770339866579
20191224,-50.8279619079838,-38.78542643938548
20191225,-50.725310336977714,-38.710393112473824
20191226,-50.7385096856281,-38.53873374153752
20191227,-50.73609156023557,-38.26901021138785
20191230,-50.72934243713196,-38.07433545535771
20191231,-50.62349238620268,-37.84150613362024
20200102,-52.54376659087706,-38.37832050523963
20200103,-52.94102163998391,-39.09935114632842
20200106,-51.90341736175429,-39.61533394653108
20200107,-50.89252378983194,-40.00054655317794
20200108,-9.333927799718724,-39.836397147941504
20200109,17.73918960853575,-37.76211129842934
20200110,18.80542733992115,-36.10050208340143
20200113,23.589181739005245,-34.78590842331932
20200114,22.87876535059358,-33.51203358292745
20200115,19.317759031475735,-32.43885826335858
20200116,16.754626629771515,-31.559851956719385
20200117,12.084074450293633,-30.853518247852175
20200120,6.638949388062495,-30.28427463497442
20200121,0.9897858944693341,-29.896606253869578
20200122,1.983944722846133,-29.41363654309022
20200123,-3.541820589696807,-29.069434920517292
20200203,-7.925115091733062,-28.805544928524906
20200204,-12.020313839091868,-28.604928190676123
20200205,-16.724517615259728,-28.442678237031252
20200206,-20.461256907351988,-28.39107543908737
20200207,-24.82011576782878,-28.47555224329115
20200210,-28.25563055294957,-28.786176654057538
20200211,-32.6067448684962,-29.241319364858082
20200212,-36.09500766181738,-29.672681869759234
20200213,-37.823845878469584,-30.470206781956648
20200214,-43.78996666250131,-33.860902803431365
20200217,-48.146615856834295,-36.365286799822115
20200218,-50.29909762272316,-38.43462141179521
20200219,-47.39610507621098,-39.732512619346295
20200220,-43.304637851287296,-40.89744056769875
20200221,-36.13181768375237,-41.56836033711698
20200224,-25.686402969112322,-42.058328646899305
20200225,-11.602879572231327,-41.400348573080635
20200226,-8.718981435296882,-40.75768243883808
20200227,-8.834578457362147,-35.45193111724934
20200228,2.834781057278636,-15.217970214122158
20200302,10.445822436450484,-9.990291589652465
20200303,5.216908679931231,-9.52163392668273
20200304,4.8476837029660755,-8.37090102900311
20200305,-3.6486604809092062,-13.321440737409818
20200306,-0.17307917443183396,-13.117607877736868
20200309,14.989397406749552,-1.0532290341425872
20200310,16.6994286794434,0.5637531847455731
20200311,12.153738061800391,-3.166976324265788
20200312,15.745751392340738,-0.3431248173727696
20200313,27.461308997866144,3.068457159829544
20200316,31.142059666210507,0.7210650719527845
20200317,36.646709584421295,-4.696462840584513
20200318,36.67527283984369,2.4949708063123377
20200319,35.405978854334116,7.451566094637924
20200320,33.18409024511823,10.486493193029306
20200323,27.69807254997591,11.583985636342833
20200324,25.79162393069009,9.33900716531464
20200325,23.771540522741063,10.173992995834274
20200326,18.01710604013408,8.844823807597653
20200327,13.357627063390131,7.468353770723358
20200330,10.127681746660478,7.748996337138985
20200331,4.186819581073165,5.3976787692502715
20200401,0.7106974607143575,2.824366539094191
20200402,-3.076354635663411,1.6062334376568472
20200403,-6.8526555833201215,0.29928794110440005
20200407,-6.97912253201706,-0.45336204459324053
20200408,-9.675853806970188,-1.442756549661928
20200409,-13.17249166205493,-3.3478637666035205
20200410,-15.938875572824816,-5.057040173955407
20200413,-16.31863225516576,-4.546721676032393
20200414,-13.333060076380551,-4.22875409007029
20200415,-14.41407631065497,-4.600156398959567
20200416,-15.127736164247928,-5.185562744511864
20200417,-11.352866706458638,-3.9000458608753266
20200420,-12.07416701213727,-4.43509301843109
20200421,-14.096692498702522,-4.961371955153195
20200422,-16.630872900332133,-3.9261429005211967
20200423,-15.920633965954272,-3.6200092301398645
20200424,-17.223535288311144,-5.787279491506404
20200427,-18.777851456224635,-7.415219498369567
20200428,-19.362651903678792,-7.7221307305804965
20200429,-23.474733665752808,-10.313542032697184
20200430,-27.147939057313916,-11.84847653405878
20200506,-30.18909636092015,-13.750548801898283
20200507,-32.629443177265344,-15.343296939256978
20200508,-35.99014304176728,-17.176652830028125
20200511,-39.04445728481981,-18.805600931068913
20200512,-41.49847642407067,-20.122330877170615
20200513,-43.58555271038659,-21.20134070441762
20200514,-45.21456068677703,-22.099608884820352
20200515,-46.32212347845014,-22.40534441471406
20200518,-46.160848274183635,-22.145787208164595
20200519,-45.41625279429221,-21.89912484982791
20200520,-45.564548447479844,-21.750659562205833
20200521,-45.463213682382865,-21.46173459358923
20200522,-45.444969057119344,-21.160704936504406
20200525,-45.45560766654863,-21.263081669880744
20200526,-46.02084871481373,-21.488824153513995
20200527,-46.24484705346523,-21.585230491292734
20200528,-46.48828584763717,-21.708480700649517
20200529,-46.926282568170386,-21.971266987048104
20200601,-47.172977439683024,-21.89995170534656
20200602,-47.32915802163118,-21.78864982206713
20200603,-47.152635474306884,-21.591120025861045
20200604,-46.88802393060405,-21.333963165132104
20200605,-47.05146699831453,-21.24742110337193
20200608,-46.97461554843148,-21.166221814567013
20200609,-46.93463582662674,-21.109627429471853
20200610,-46.68845954626529,-21.06280595190074
20200611,-46.439993567108154,-21.027156758499654
20200612,-46.68374116918106,-21.203627798748723
20200615,-48.7535731720943,-22.006684989723265
20200616,-51.78465302493347,-22.704971570455577
20200617,-55.11838496238252,-23.62338914130668
20200618,-58.45571619130834,-24.665568511154877
20200619,-61.162563738300086,-25.631873794006697
20200622,-62.38810826282088,-26.311537855891707
20200623,-63.49519257421919,-27.180149913852976
20200624,-64.96967302789092,-28.00203465062803
20200629,-66.55381700701581,-28.775142056213998
20200630,-67.84632138833439,-29.410425882405946
20200701,-69.303227088417,-31.585845131968654
20200702,-69.60248800529318,-33.083499422735045
20200703,-70.74137042823021,-34.7706668123548
20200706,-72.91293575902687,-35.51577608185999
20200707,-71.78591007064311,-31.325754512488654
20200708,-63.176353228511836,-29.308818609084035
20200709,-51.39641519846222,-20.61162345146918
20200710,-39.69427992480281,-12.595080707839054
20200713,-38.39305399867575,-10.273245607644604
20200714,-38.55230467431031,-5.270008685104671
20200715,-37.484189416343064,-7.037510242512886
20200716,-35.344127785867016,-7.657798224516351
20200717,-35.187054425719914,-8.46336185401191
20200720,-41.06674412776184,-10.555833830372183
20200721,-40.86136615103655,-4.754754455663783
20200722,-11.461445962170371,-4.998733478320542
20200723,5.321816251084585,7.879974803764986
20200724,19.946016785183925,13.770531001642187
20200727,38.63086968634792,22.07000941615479
20200728,68.0619149059875,28.195381226861386
20200729,69.45782844064496,34.489629564812276
20200730,64.97385166304633,33.653030928054015
20200731,66.89185259335463,36.48780962016978
20200803,58.14939554150895,35.08459327756045
20200804,43.521837123556224,28.64789015958814
20200805,55.993023649789365,33.09363585903334
20200806,57.783051937901575,34.04702816622934
20200807,60.50097455557824,35.819976156492494
20200810,58.88082563345761,36.80000952498929
20200811,57.60942975057272,40.00178667111954
20200812,51.707141682814424,34.70116243388725
20200813,47.121076644184946,33.59461476522004
20200814,47.60923775227307,36.24468637208359
20200817,43.213065324469724,38.40929047796776
20200818,42.10995505958163,35.329041168083876
20200819,43.74625167708657,37.23558619812126
20200820,45.354519291075334,37.142903503108585
20200821,40.7310523602729,31.618200636867627
20200824,37.511776509814176,28.573337844560623
20200825,30.2387301947365,23.608948645232157
20200826,23.05839542104147,17.716336623916312
20200827,22.268237187603226,15.023755290467534
20200828,26.0740162447861,14.204185997465718
20200831,22.10701168291611,10.41087277448107
20200901,17.696138362218395,6.738145171543401
20200902,14.453000390107958,3.6788507810435993
20200903,13.986545346913047,2.6197537482484683
20200904,13.811037315309953,3.723915017086792
20200907,11.875832310368883,2.7358995832647572
20200908,4.3567536662857265,-1.1060971145953282
20200909,6.882434266570234,-0.6711787340352251
20200910,1.9675577150534096,-3.3986892119854115
20200911,-0.3824062339010903,-5.832665959373782
20200914,-7.835478093328485,-8.957671516793411
20200915,-14.579897975507729,-11.954193173184972
20200916,-19.59409208932576,-14.861559038322651
20200917,-20.81243597565955,-16.22975678886616
20200918,-26.4811756498886,-16.464238783992496
20200921,-33.10792707234656,-18.48993504581759
20200922,-12.035398618286905,-13.479411842258456
20200923,-7.30616023954668,-10.72299804060979
20200924,-3.714391302428104,-7.846970995867969
20200925,-5.783794560698756,-5.84986280990673
20200928,-11.743591180858456,-6.268135025713332
20200929,-16.983974883734593,-7.302003185691574
20200930,-23.825666364826077,-8.763341795794021
20201009,-35.32202504826766,-12.114638490997772
20201012,-35.9903817654847,-11.883246988545585
20201013,-38.95093271511472,-12.179976135884788
20201014,-37.012823476762634,-11.143450175714724
20201015,-38.82518839287983,-11.355876827172636
20201016,-39.95448438392023,-10.915495321990207
20201019,-40.25845159210393,-10.535836126735715
20201020,-41.896578739762965,-10.994562643392191
20201021,-41.750040850324005,-11.071578699910962
20201022,-41.12272555637506,-10.644330555385697
20201023,-40.97228696715892,-10.732486959366563
20201026,-38.61794075377725,-10.706201064135316
20201027,-37.64945278090178,-11.035514767403042
20201028,-41.176899174574274,-12.546019202770385
20201029,-34.175320818471825,-10.540647690146393
20201030,-29.722655439426223,-9.145748385732281
20201102,-31.194076289440957,-9.16092261790312
20201103,-37.168748502925254,-11.133486858247192
20201104,-35.296903891441744,-10.535604636028827
20201105,-36.19890069659899,-12.01971010919636
20201106,-30.42954586799563,-10.842640618961635
20201109,-28.586706577107186,-10.40876197790323
20201110,-15.711899218039962,-8.342418376158209
20201111,-22.492338147743443,-11.342304270845158
20201112,-24.288171549325945,-11.490696591410215
20201113,-29.193068995457953,-14.539495554217405
20201116,-32.65688643101946,-15.23994762587338
20201117,-35.50765661220142,-16.53377735207054
20201118,-39.73002572046226,-18.358989928818044
20201119,-41.93204763268823,-18.61052221490249
20201120,-43.730206881296404,-19.081285888799815
20201123,-45.233371008419,-20.244027768296878
20201124,-45.41332556015476,-19.121218240843028
20201125,-45.41828089982815,-18.20009781587233
20201126,-45.66173255658476,-17.712529018845448
20201127,-45.89545901729293,-17.31720141253669
20201130,-45.252709750905815,-16.90208792712809
20201201,-44.62760562569961,-16.412077668881253
20201202,-43.65942480762856,-15.856226001004172
20201203,-42.59918472234314,-15.441894316546747
20201204,-41.95424692412108,-15.225302334336316
20201207,-41.42720789778943,-15.05160844704728
20201208,-41.55670361782252,-15.241663551643326
20201209,-41.63467353164691,-15.33109697473626
20201210,-41.5728913438603,-15.346351117117024
20201211,-41.60237336867824,-15.350538693551005
20201214,-41.621467604102115,-15.494409578478026
20201215,-41.47887761059785,-15.577981887748683
20201216,-41.29558777972957,-15.521086322075709
20201217,-41.10468440019404,-15.446675325041316
20201218,-40.85673622326257,-15.3838686058355
20201221,-40.42783115475981,-15.008469070820077
20201222,-40.679062198996476,-14.496384223795339
20201223,-41.16092431013292,-14.073846135807953
20201224,-41.54772911019252,-13.71901831858647
20201225,-41.84601257649134,-13.434567927194058
20201228,-44.50047131377121,-13.404197277847674
20201229,-46.49521793455074,-13.39005958524699
20201230,-48.849380715521896,-13.480668248355741
20201231,-51.23249598464742,-13.555484095819796
20210104,-52.58782567698,-13.593253090414235
20210105,-53.7560618062881,-13.65462488602684
20210106,-55.569886626422516,-13.749772245319807
20210107,-56.670358929352204,-13.896759465589007
20210108,-57.77277019447082,-14.064198676259535
20210111,-55.60956979040772,-13.492077275787071
20210112,-53.77657951452442,-12.998050878184685
20210113,-52.40940822787092,-12.60485685394207
20210114,-51.2950198924748,-12.323959045096158
20210115,-50.42992662618375,-12.128732347155323
20210118,-15.734288270804814,-11.972899311674048
20210119,-8.70066819828048,-12.095353865875436
20210120,5.633245094859502,-12.470022953798313
20210121,33.92549656408291,-12.760104007005168
20210122,42.55825612559263,-12.997858578111009
20210125,51.196599650833576,-13.192263782435608
20210126,57.86358880359218,-13.476220564702805
20210127,60.29647143127284,-13.726155921271278
20210128,67.01149409193283,-13.955199126798895
20210129,82.98709421522179,-13.869913173256824
20210201,113.10608862860637,-13.306449189262462
20210202,116.5073261085475,-12.838984426782963
20210203,118.68534544038141,-12.340087809964809
20210204,112.73134583729929,-11.926923649607563
20210205,113.01450970149327,-11.591717551428218
20210208,109.55054665881042,-11.757623224140637
20210209,95.08411398573679,-11.926318332906801
20210210,78.33309768887277,-12.059101689370197
20210218,58.884333417139175,-12.181592389627474
20210219,59.628256433060166,-12.267164931090456
20210222,61.25880712472353,-12.254814682152327
20210223,56.74940257045104,-12.227525118747426
20210224,50.29497125862313,-12.169530374161432
20210225,52.717796760661734,-12.128832792658125
20210226,60.22991532256013,-11.970888043121958
20210301,69.89526443018153,-11.842956955392664
20210302,67.49135483269492,-11.68701392038303
20210303,56.92172325333941,-11.543327945762922
20210304,55.93829485425975,-11.394606611301736
20210305,54.217296936929564,-5.709126550898568
20210308,48.96752125440843,-1.1004362073098013
20210309,41.12581624696747,-0.565483853837158
20210310,36.7450026042296,-0.015972074523168713
20210311,30.192131359622515,-0.9995211016753648
20210312,25.14117832993488,-1.673303186435096
20210315,21.583110872943298,-1.5886053969193965
20210316,14.32290473489289,-3.736784314409448
20210317,9.17529120577977,-5.511524354216403
20210318,8.0656217111937,-6.093531119591728
20210319,8.363790049496492,-5.703588235426163
20210322,5.40603620544357,-6.278363823695459
20210323,-2.3924579310660317,-8.67866440955779
20210324,-5.207372451547162,-8.626278066554585
20210325,-10.79964391591072,-10.808368973529221
20210326,-6.138903957231687,-8.35643384395997
20210329,-10.735587569354573,-10.119183490296543
20210330,-6.713653581222356,-11.02323901125636
20210331,-6.439007516069708,-10.320003796509411
20210401,-4.275293999865195,-11.474657690809707
20210402,-6.697938939085857,-13.41921065162001
20210406,-17.0800436987112,-18.82706754571503
20210407,-18.943294737485097,-19.89074131081144
20210408,-17.846479470098085,-19.016778200827464
20210409,-14.588910673951315,-19.17809234286137
20210412,-12.410391544869293,-19.60213925864898
20210413,-12.05115866273968,-18.362636386989685
20210414,-12.98009101437124,-17.72480338994352
20210415,-11.940809584285848,-16.876190006481767
20210416,-10.003322773104191,-15.72286523699916
20210419,-9.984239985704965,-15.691719071973727
20210420,-11.333062036309316,-16.47264320263529
20210421,-12.250151351717419,-14.643125873600424
20210422,-11.628781643075179,-12.600890659605719
20210423,-11.90332418834526,-13.185140412773043
20210426,-7.998263452879675,-11.4364147487006
20210427,-9.837000881376973,-14.810576458451926
20210428,-7.097980882957197,-13.679764789508276
20210429,-6.678297966870689,-14.104922798226873
20210430,-3.0150089449426187,-13.301144295744221
20210506,-15.13212895081513,-16.393701830911017
20210507,-9.245643089121407,-11.791178848355397
20210510,-3.5279843337057475,-8.545619849556452
20210511,-4.958835065203481,-6.844016575200662
20210512,-4.273237980261543,-7.575349947335736
20210513,-0.3766411437985617,-4.6512485818077005
20210514,-0.6448279226466316,-4.7105826937260975
20210517,-0.8606010091821431,-4.524262727728167
20210518,-1.0351824246858354,0.8662863501035573
20210519,-1.1860461177157917,5.117041183741552
20210520,-1.3130973644865969,8.436538616332848
20210521,-1.445801659751748,11.106307752572
20210524,-1.5724244801675553,13.298149120038781
20210525,-1.6661736461451842,15.125329094429176
20210526,-1.7338548890572807,16.681773181028984
20210527,-1.7896193786586272,17.81952874105509
20210528,-1.8130924825308863,18.756991413438726
20210531,-1.840706817113803,19.526935533415045
20210601,-1.8604334905626225,20.10505248654852
20210602,-1.8168655443146977,20.563153037947252
20210603,-1.796444682467756,21.53644501594427
20210604,-1.769537230979618,22.217787168394988
20210607,-1.7426047574104595,22.842096017560102
20210608,-1.7155740833343573,23.44632554167247
20210609,-1.6937464848037453,23.953886345111428
20210610,-1.6774654270074463,24.485097175451425
20210611,-1.659023639706219,24.643365443859985
20210615,-1.6208897387207,24.815829707634563
20210616,-1.595435378178604,25.62580391708733
20210617,-1.5538898642142553,26.008573770555028
20210618,-1.514803879179167,26.165205819436387
20210621,-1.482447812157408,26.311394062349514
20210622,-1.4561227219127744,26.462761836611055
20210623,-1.4334997580961317,26.55470842460972
20210624,-1.4273862662351255,26.756052280559793
20210625,-1.4226413233636221,27.027295351271274
20210628,-1.4186654173645439,27.24836443161391
20210629,-1.425224606762281,27.544879779420494
20210630,-1.4372222266827974,28.125052073150048
20210701,-1.4459217332795147,28.53687810341533
20210702,-1.452837498795944,28.888680495252782
20210705,-1.4692259807415753,29.24931847674392
20210706,-1.477361442399129,29.588678629359595
20210707,-1.4909324192600422,29.84548919226133
20210708,-1.502104348700388,29.893055776505314
20210709,-1.5094953657621017,29.940774159737625
20210712,-1.5286073042188084,30.597731462724493
20210713,-0.4115499319432755,31.293244975773455
20210714,0.7606958702839538,31.811030611741252
20210715,0.12149053923504197,28.045901050186743
20210716,-4.666129357856316,19.620921349464762
20210719,1.8101019824842421,26.340786628522046
20210720,2.1676173543002,23.7964023418553
20210721,7.664702083911784,23.163349407899272
20210722,7.798007901014088,16.557746748234997
20210723,3.0785116496388407,12.790931314685967
20210726,-0.5131237493436015,9.771561925778808
20210727,-3.4894723927122633,4.380415412000901
20210728,1.6144162621858758,6.6032234272765
20210729,2.6321407660846567,5.354466636960521
20210730,-2.0348884445219286,3.0100817488940206
20210802,2.916197436676706,1.59262306597437
20210803,-2.84321687897445,-1.4923473079135314
20210804,-11.649573320498531,-3.4970173969326956
20210805,-1.8208041811352431,-0.6792782627953678
20210806,-2.0234130656288376,-1.1953700854042602
20210809,14.175292844169771,8.055680339274025
20210810,14.315032305904863,9.736033493229023
20210811,12.381035686414558,8.37353759010331
20210812,10.258725339072155,4.521689962496826
20210813,4.804093300523593,2.4607093321123186
20210816,4.263443196513442,0.9959582035049909
20210817,0.9886629449788493,-3.2590934063293813
20210818,-0.08343555625875163,-5.959333104529713
20210819,1.598869474785755,0.28278584823840014
20210820,-0.02697262646737401,-2.8649635445454797
20210823,1.3622854058370817,3.621505554756016
20210824,2.2016509110674445,1.4682844310453598
20210825,0.7522272777938089,-2.64376904499502
20210826,1.866587683009312,-5.472668432096666
20210827,5.598717500771491,-5.501363078690392
20210830,17.59933037337233,4.558186187081556
20210831,10.043272302387622,0.09798611282125988
20210901,10.014732000027028,-0.38102017296093554
20210902,4.343515700151282,-2.4450511573719047
20210903,-0.5162921778025107,-5.4609932505761405
20210906,4.349881444132338,1.5150258942103738
20210907,-9.830978341128583,-5.46374685001699
20210908,1.82635300795581,-6.666684594454442
20210909,1.7192321700768058,-5.87811397608369
20210910,2.5150875428214614,-7.4650016381578785
20210913,2.1144808341286003,-5.021662252876157
20210914,-5.989906156791608,-5.630655215866026
20210915,-3.776593340813402,-6.875114151238528
20210916,-1.3648644788557636,-5.695851078973264
20210917,5.262128384165839,1.5714983155880837
20210922,-10.518900054379722,-5.843197191888954
20210923,-12.276059733941105,-3.409783360303836
20210924,-7.665537656660828,-5.278420014947918
20210927,-7.849608920493523,-1.1156519255060173
20210928,-9.440980063722925,-2.0197640440414277
20210929,-6.7864641963106305,1.7004963728452245
20210930,-2.582491754903089,6.564071911851644
20211008,-15.812661781930935,-0.3274380624080792
20211011,-10.086160249952068,0.029035848191825243
20211012,-16.214110004743585,-3.2338718686682495
20211013,-17.318717587575176,-3.112874751915208
20211014,-3.387889871913719,1.9687534890859753
20211015,-8.317935192764155,2.141818730541676
20211018,-3.9189577578367567,2.384021162759857
20211019,-8.371607095333045,0.49325232204289515
20211020,-4.096857417115532,3.125460892327152
20211021,-3.506561278628079,6.44329971003892
20211022,-6.809507549174634,6.073474141840961
20211025,5.320523303237027,12.723584525364663
20211026,-1.194816564323332,7.408239473054113
20211027,4.234104181597553,9.446962035001459
20211028,7.871889439962481,7.942614934557838
20211029,9.648312662908232,8.635587755906684
20211101,7.262056231527973,4.212189650829766
20211102,-0.8166003303482788,-1.360100889365071
20211103,-5.399956831952636,-2.953149791962316
20211104,-4.965206064752738,-3.4274878523293077
20211105,-6.159543168088303,-8.136686612913973
20211108,0.8124355207496765,-6.779113178725128
20211109,-4.5387571282396495,-12.132535332685876
20211110,-7.456379760242392,-12.877996648961783
20211111,6.07097059298909,-0.5615814425007816
20211112,1.9287000682974986,-0.7573037194300691
20211115,2.2584883744268804,1.2620586562887024
20211116,-2.7494581940688088,-3.3867889825984356
20211117,1.6404285683429898,-3.3493714391229124
20211118,-5.481247063730952,-7.503259722306777
20211119,-10.44667834382546,-8.817426398875707
20211122,-14.220581276275881,-8.686093677209229
20211123,-16.50634595073013,-6.0452194950240905
20211124,-18.408805723611515,-3.867816673351667
20211125,-20.14470705362431,-2.0859730376824865
20211126,-21.575861166042877,-0.6002645138960157
20211129,-22.765520214418952,0.6007244018027872
20211130,-23.80914680206902,1.5317223447679609
20211201,-24.782855787675373,2.3358179187712036
20211202,-25.565654128545553,2.9571862424254
20211203,-26.7135768709982,3.5152877428454605
20211206,-27.879203871414273,4.0436650487256856
20211207,-28.92528430571304,4.482163229755755
20211208,-29.767228439120373,4.845647096791117
20211209,-31.777023326075724,5.481336379418454
20211210,-33.4764604648424,6.068327558780175
20211213,-34.41331467356797,6.2431034490682205
20211214,-35.37526831442677,6.367759695635035
20211215,-35.78695383647253,6.474001033790313
20211216,-35.606045731339314,6.447019444641144
20211217,-34.79710392387084,6.374878888250052
20211220,-34.31915210509469,6.315795664599621
20211221,-35.0614633683909,6.406849181765009
20211222,-35.80767979850489,6.497963758710701
20211223,-35.90248658136369,6.534810386679188
20211224,-36.0567604717765,6.5650269526126515
20211227,-36.23997569774203,6.598280381830722
20211228,-36.41955482460141,6.729594995001309
20211229,-36.54114792622519,6.832316909964759
20211230,-36.633805111686364,6.921104175115526
20211231,-36.38517866310434,6.896397259946979
20220104,-36.055973229215276,6.769371598734575
20220105,-35.78334812165332,6.665441920628705
20220106,-35.34026047506653,6.5334992488463355
20220107,-34.92051945232574,6.394936302114296
20220110,-34.6102398968705,6.323327945317127
20220111,-34.276420437031426,6.322629298045091
20220112,-33.935016420598494,6.309223840910026
20220113,-34.16297048111674,6.324766788832548
20220114,-34.66873572530221,6.395732380651679
20220117,-35.71938495752128,6.479024952764436
20220118,-36.56341442583977,6.548399796612412
20220119,-37.5567938677791,6.417807869340546
20220120,-37.42912504714347,8.095924239151948
20220121,-37.76799827313997,10.510882559707293
20220124,-38.0087862877825,10.59030871196588
20220125,-38.19574537982939,8.197139636266746
20220126,-38.37434257187858,5.884127907036629
20220127,-37.26913082678565,6.069688901460411
20220128,-36.38616782149986,5.63343875824082
20220207,-35.93596547896561,-2.2680008298382694
20220208,-35.59542012404212,-5.932808954971512
20220209,-35.284426649355545,-7.8797294054307425
20220210,-35.25092615993171,-10.563896062103186
20220211,-35.23306556502489,-3.097634207091579
20220214,-34.42202723130922,-0.30122907117558856
20220215,-33.699259450005115,-0.1492616598959156
20220216,-32.6007808867621,-1.0209951255910916
20220217,-31.565545264258535,-3.9679889786371136
20220218,-30.647101041669963,-3.8560722565589503
20220221,-29.94015227938158,-4.764379346260436
20220222,-29.218197209909448,-5.0110543476904486
20220223,-28.49163668219958,-6.687197828580846
20220224,-27.595244932053973,-2.0630476296795623
20220225,-26.66871130980756,6.880572277304809
20220228,-25.869711336870512,7.0399958632371025
20220301,-8.245321689922383,4.244374716157004
20220302,11.83990250528489,9.020760516126025
20220303,23.917471177728167,8.373601623756038
20220304,32.8395206574029,7.923206539308286
20220307,48.33869986334471,15.066102863117267
20220308,58.25209374284856,19.903507422158103
20220309,75.75816995100244,31.06549912092404
20220310,76.2085569958669,32.02986495304182
20220311,67.91325582977294,26.898861287296544
20220314,61.39295969479293,22.515354612685215
20220315,53.17711831350097,17.364641716338394
20220316,44.86399283038937,11.951201375400638
20220317,38.3022008465138,10.154069442197207
20220318,29.60151010722305,5.250449749701993
20220321,22.10253037268485,0.8894155468950566
20220322,14.241354254963353,-1.5500637220154279
20220323,8.21545066034459,-4.084619277459918
20220324,3.37093922938972,-6.352076269397823
20220325,1.1730236768410112,-5.089626920357923
20220328,-0.28432682868475095,-5.017215440905808
20220329,-5.029665269928677,-8.27928101333676
20220330,-4.944038733483139,-7.150366230932095
20220331,-8.579386027622677,-8.615235719717822
20220401,-11.054268616493067,-10.754406045423409
20220406,-19.63483566750013,-15.503551835800318
20220407,-23.31318874368275,-16.88318182093035
20220408,-25.69418228663711,-17.198228778146298
20220411,-24.56724182775556,-17.483710969399645
20220412,-24.14093285989071,-15.207916818621163
20220413,-22.476466873368192,-14.346044846849512
20220414,-28.905260400586183,-14.897164591560022
20220415,-31.418146264595862,-16.43722586116799
20220418,-42.70421776018962,-17.510679402538635
20220419,-43.942129790473224,-18.340043242258268
20220420,-33.83310823601605,-14.171719939046401
20220421,-35.90402524048464,-17.707123377616
20220422,-33.8672862610012,-15.337949734896744
20220425,-21.95828316471156,-12.533340380436881
20220426,-16.782953839051913,-12.73992773984924
20220427,-17.16928929144394,-14.3313964173754
20220428,-12.546892553610844,-11.7099446961094
20220429,-11.623385185844642,-13.41846431416124
20220505,-27.27440436432048,-21.56911385848577
20220506,-21.153734299511513,-15.014241648502207
20220509,-21.8758810367542,-16.199612111590827
20220510,-18.759766596044617,-13.832213128038703
20220511,-15.310868147344406,-8.651622807007948
20220512,-11.469402444942888,-5.379078492298066
20220513,-8.81114935870948,-0.3956963996431965
20220516,-5.116487203396044,5.145689006343662
20220517,-8.594110316806482,2.2261208642610115
20220518,-11.554065545887218,-3.5501891547728257
20220519,-14.005129805694835,-6.670031439540305
20220520,-15.982521923115074,-8.940372912379818
20220523,-17.87751158117061,-10.997926022510905
20220524,-19.83137134544091,-12.751873394975018
20220525,-21.48831978035151,-14.230558623361496
20220526,-22.85667206210542,-15.794396888706025
20220527,-24.061982905610652,-16.82720249527757
20220530,-24.85933870203887,-17.64785389219662
20220531,-25.502295674338356,-18.165579084201532
20220601,-26.450215928420207,-18.694147256831908
20220602,-27.035389024201343,-18.889350207125414
20220606,-27.511441514724183,-19.06187026686194
20220607,-27.949959517675477,-19.144623592863308
20220608,-28.331607308170803,-19.183674892932082
20220609,-28.725954637537328,-19.298838919428054
20220610,-29.51684540830021,-19.25004706416783
20220613,-29.554670902083906,-19.432144865136603
20220614,-28.921488214133326,-19.42851664018414
20220615,-28.402709908080148,-19.72426943996546
20220616,-28.252482373607556,-19.77508260664017
20220617,-28.061098668730462,-19.72367087924325
20220620,-27.94712110188775,-19.718905004628503
20220621,-27.845470944542587,-19.676622099982147
20220622,-27.776851689076686,-19.64911397856718
20220623,-27.721557265800605,-19.643282866319698
20220624,-27.601684085414483,-19.271897067176155
20220627,-27.43496854729847,-18.76519260117659
20220628,-27.361708561184667,-18.36287848198649
20220629,-27.305407109563923,-18.022444474826596
20220630,-27.35746474156918,-17.76678235739927
20220701,-27.38182813115997,-17.231330866754156
20220704,-27.319758427714547,-16.95147583035152
20220705,-27.30631230328052,-16.626061332532174
20220706,-26.69788731628148,-16.14919444239893
20220707,-26.005488568804726,-15.738022573398094
20220708,-25.434829846190368,-15.42317821467194
20220711,-25.64286701644942,-15.198765049378826
20220712,-26.460042094796094,-15.045642558643074
20220713,-27.106270583502866,-14.920470457097334
20220714,-27.701736479969686,-14.948934171767673
20220715,15.725288346222936,-14.721870391303282
20220718,40.09312736044962,-8.723087806702916
20220719,46.60288739311578,-7.575064366940117
20220720,45.997004368133204,-8.561589313605763
20220721,55.429060666101165,-5.5727254799305825
20220722,75.90859098057793,-3.3350588035427164
20220725,77.91463129814703,-0.8721033895333892
20220726,67.64263095546539,-2.6305857968894957
20220727,55.56670191877487,-4.408034436472345
20220728,58.17237969793423,-0.8121678804038247
20220729,66.67677972245052,4.2044315549424365
20220801,64.65049286347333,5.597568261216803
20220802,60.58200835202152,5.022195635450568
20220803,71.6398122165785,6.43317332288121
20220804,65.37349064172784,3.163057528193929
20220805,57.234153836834324,0.22501098412555023
20220808,46.861514024379524,1.117541427868072
20220809,33.20261000262852,1.119113401545232
20220810,23.332032636875173,-1.6148145118674595
20220811,17.941405616426547,-3.185393338592506
20220812,7.967756417710154,-4.901254967612096
20220815,6.277759971906624,-3.443034230929286
20220816,-0.05647016577655254,-4.505824875675766
20220817,-5.958195547672991,-7.651006615886079
20220818,-8.683553948015396,-6.396532526943597
20220819,-9.797371225110425,-5.583242291195436
20220822,-14.011287241796246,-6.375066088010635
20220823,-20.177794939613605,-6.256686611585945
20220824,-24.90769034055579,-6.171396222111545
20220825,-32.324648478486125,-7.182418117841184
20220826,-40.311808442091774,-11.016248943390435
20220829,-25.728620998641155,-1.992338337968218
20220830,-33.40217772928336,-6.1329324351536485
20220831,-35.4795974317699,-7.066788760466521
20220901,-24.336736333427332,-4.208280754459706
20220902,-22.63104050357272,-3.3307725451253867
20220905,-23.144863932139376,-2.602334436180408
20220906,-34.53412018649497,-9.351468031355509
20220907,-34.22743553707501,-7.848647336068874
20220908,-33.9711440767731,-7.554397806782996
20220909,-30.605181441380324,-5.152162461522331
20220913,-45.96715615070702,-9.566662728681461
20220914,-36.43401746792904,-6.392707958979469
20220915,-32.381320871726295,-7.1753984426885316
20220916,-16.626154521754145,-2.8580809549942714
20220919,-12.584408810618266,-1.4008546089242297
20220920,-14.329487477409172,-3.1421501591820773
20220921,-14.687474016287789,-4.5831331214590065
20220922,-13.59992203037118,-0.9874354491455383
20220923,-11.490886217588246,-0.5520427690658939
20220926,6.48177541859471,4.7879543597286025
20220927,9.027774744203152,5.348562101646162
20220928,11.98552152760106,6.470342408062177
20220929,27.239320397068187,10.063202897031555
20220930,28.478386954702497,9.169480057205359
20221010,16.48769447744997,2.9412841863539145
20221011,9.540574286692735,0.5222349590624854
20221012,5.524885926111186,-0.08018377088812742
20221013,-7.2389014302272034,-1.7150632524027682
20221014,14.580931570445168,1.0442482831879958
20221017,14.190315854903726,3.407176524418133
20221018,7.873710084209436,0.3551775081388948
20221019,-3.976876419151682,-2.4304729061708574
20221020,-4.189366840933219,-4.322486224344428
20221021,-9.46276716331358,-3.7267322467023436
20221024,9.291076980070832,6.808238417791758
20221025,6.152978406313179,5.87533957963778
20221026,3.093023315700172,7.9831109880887645
20221027,1.0522817140158502,5.598196099876596
20221028,-7.5242276740413,4.333884912048305
20221031,-10.942413239851112,4.624432128994916
20221101,-16.323133351043396,4.364860815621528
20221102,-20.74954971580034,4.665513142277382
20221103,-25.143282566612424,6.000287220225484
20221104,-28.836581592724105,8.131874647010731
20221107,-31.37761494087672,12.347008559518816
20221108,-33.4466562228491,14.531942622479598
20221109,-32.672733417603744,22.225670610569427
20221110,-32.04410414172752,24.781675652423385
20221111,-31.423377888211455,30.280863277987013
20221114,-30.763412601063308,29.14911398921957
20221115,-30.216350268485115,24.939680236285234
20221116,-29.771237239582334,22.865362351764457
20221117,-29.581759951665983,19.40823921714168
20221118,-29.449427327073256,14.663334334043615
20221121,-29.609350654760835,10.660131033230211
20221122,-29.72665150285366,5.613010575638695
20221123,-29.822820191606194,-0.3615896229885887
20221124,-29.93006595549839,-5.269497887676278
20221125,-30.02218362541849,-9.266455874325036
20221128,-30.184094501587346,-12.63181757326961
20221129,-30.22085336707312,-15.641179606444837
20221130,-30.219273772736198,-18.091728860277186
20221201,-30.308676530222876,-19.60894128492714
20221202,-30.343525569107747,-20.711606577168382
20221205,-30.06683301467257,-21.819808714226575
20221206,-29.4983143351623,-22.330991954270722
20221207,-30.88917742134005,-23.123319341163597
20221208,-31.944578942490878,-23.72770783160697
20221209,-33.26367917178398,-24.17544513102246
20221212,-34.94856764686382,-24.98983539815192
20221213,-36.4497029282988,-25.782012219077963
20221214,-36.77826656931761,-26.438714386127046
20221215,-36.63970829819768,-26.553362014572098
20221216,-36.407978508422865,-26.574418204368904
20221219,-36.14969178356563,-26.722923921933713
20221220,-35.942645791930794,-26.83680792226817
20221221,-35.291606360507444,-26.619309013353938
20221222,-34.824576876818305,-26.432917651109058
20221223,-34.21619199336388,-26.26001809240999
20221226,-33.71793334705819,-26.139550129821185
20221227,-33.35399402148916,-26.023641616757487
20221228,-33.058009677717635,-25.898992555545508
20221229,-32.829699197146304,-26.290909775511814
20221230,-32.672851785928366,-26.80499914841989
20230103,-33.04896977177854,-27.21636580921566
20230104,-33.98755256473284,-28.049356909883755
20230105,-34.748727091247375,-28.122372976566083
20230106,-34.94774601001224,-28.195211318794318
20230109,-34.58651107200363,-28.226662690026586
20230110,-34.28544031566219,-28.199291156909073
20230111,-34.03114384485135,-28.078604870953317
20230112,-34.39579068181543,-28.102566567565628
20230113,-35.2511376678506,-28.416080595354813
20230116,-36.173553012136416,-28.54121237865835
20230117,-37.04235472209236,-28.63443705478846
20230118,-37.68739597329721,-28.71103908732346
20230119,-38.98859063586696,-28.875883770466434
20230120,-39.399093946823605,-28.488209528921757
20230130,-40.50649107408739,-28.097592525888903
20230131,-40.51877452906241,-27.753998085376825
20230201,-40.41874148072437,-27.536393785268167
20230202,-40.03841905291987,-27.21549835747342
20230203,-38.5521101161737,-26.837899423630265
20230206,-36.71210311756589,-26.25070205774143
20230207,-35.17946288781756,-25.80199552496228
20230208,-34.00144970825237,-25.449322624006662
20230209,-33.03699651709291,-25.383511381509717
20230210,-32.27067903084123,-25.288859119125966
20230213,-31.946772785513108,-25.445077701220008
20230214,-31.68124809752886,-25.618384118764627
20230215,-31.474148741991005,-25.87325446693028
20230216,-31.30479284126235,-26.105260358185035
20230217,-31.15790440006548,-26.29580268437837
20230220,-31.037246187730663,-26.512066777453658
20230221,-31.028314419363067,-26.68298152277458
20230222,-30.96687754375673,-19.753034755610045
20230223,-30.962473297913885,-16.916484405141002
20230224,-31.34995498614017,-12.441652460771838
20230227,-31.66408708994246,-5.149989987574014
20230228,-32.11319027046807,-7.4227745914594445
20230301,-32.572284622690056,-5.069532641053324
20230302,-33.44260042160641,-4.096800592014619
20230303,-35.13695752465835,-5.058271378303975
20230306,-38.40480038095954,-2.974105863168984
20230307,-41.33619814500112,-9.862095191683117
20230308,-41.548057322725484,0.3950945560618599
20230309,-41.756318512458016,-1.8836138791778234
20230310,-42.02727031933648,-1.8084510602971182
20230313,-41.869007182537636,7.329538469401356
20230314,-40.83202123871331,10.660021329937441
20230315,-40.09178520895971,6.648525437967321
20230316,-39.188834880182036,10.417016706503171
20230317,-38.593581188204126,11.23329659693054
20230320,-35.90114048957074,15.561878432557409
20230321,-33.52108697260534,12.667717877380113
20230322,-31.17915220088952,9.149991545988257
20230323,-29.27768506748385,10.79552784315726
20230324,-27.716130034098835,9.485515427824959
20230327,-26.37964001724566,13.402591410093342
20230328,-25.22892354158829,6.17137286452365
20230329,-24.286962257406696,2.006187914431482
20230330,-23.532739239124748,-1.9004830126712953
20230331,-22.913728164557853,-1.8663580546242708
20230403,-22.197987374149154,-0.6658799023277024
20230404,-21.534195887864804,-1.6125190540237786
20230406,-21.066387684993664,-7.498473370657499
20230407,-20.687136111551254,-5.718141317547393
20230410,-20.229127511366645,-7.643866365115994
20230411,-19.87887602531034,-8.390321584407056
20230412,-19.635822683777192,-4.540147726531637
20230413,-19.435019724181647,1.0706806555168773
20230414,-19.305534494975454,6.643254182341835
20230417,-19.066319049152536,16.370204195159296
20230418,-19.732461089294347,14.304497919501584
20230419,-20.378781844856146,11.933811541188106
20230420,-21.323411965683572,9.655820768461966
20230421,-22.11337457865043,9.557767380880648
20230424,-22.79403373466673,11.832780451763675
20230425,-23.291376547268417,8.696353202753432
20230426,-23.752680429352754,6.813970040482833
20230427,-24.142251405144517,4.308230784862634
20230428,-24.312103181234622,3.913706640905151
20230504,-23.721958698710914,-3.85140698735604
20230505,-23.51544440823232,-4.3411577752835875
20230508,-23.202964472264757,-3.730857108491977
20230509,-23.242684564968645,-9.727047248000655
20230510,-23.258381843881708,-13.8026983495818
20230511,-23.496385579804258,-12.640039220651417
20230512,-23.586079084961646,-11.412362232489876
20230515,-23.77126556807368,-10.449922492118562
20230516,-23.90627313460959,-9.654701230478981
20230517,-24.022269048355046,-9.058759870837568
20230518,-24.368752712755686,-8.59571480164474
20230519,-24.65464369229877,-8.220216358913438
20230522,-24.85613813012271,-7.911016289206918
20230523,-24.973531495133205,-7.67387041206512
20230524,-25.07844934813668,-7.488718127295415
20230525,-25.140366877648752,-7.324069543125493
20230526,-25.264351523694405,-7.213574468937681
20230529,-25.39512781714567,-7.0902521354887185
20230530,-25.50608866311369,-6.990250614424265
20230531,-25.304710784383644,-6.844912423233515
20230601,-26.668511271687333,-6.828166500560632
20230602,-27.925681359842716,-6.837034640814178
20230605,-29.07041884227041,-6.826768168974279
20230606,-29.7697372087581,-6.80984709483675
20230607,-30.402903907868474,-6.805450214637277
20230608,-30.78661780180382,-6.836235820075687
20230609,-30.96278427418764,-7.07663644760424
20230612,-31.185654160181354,-7.252635451611256
20230613,-31.368891720258993,-7.45770316009916
20230614,-31.439301193029113,-7.573397327177828
20230615,-31.234640355217874,-7.556362948962851
20230616,-25.606942480140333,-7.5010483561921975
20230619,-25.255289689231287,-7.454237547884081
20230620,-34.54340498601748,-7.433830991377563
20230621,-30.741545647177034,-7.280872191350278
20230626,-44.56227993872056,-7.160066883436118
20230627,-43.5782444063709,-7.051869747299837
20230628,-42.68302378337478,-6.9757906715709606
20230629,-41.98184434036183,-6.926943822404922
20230630,-42.63768855526093,-6.946990913657474
20230703,-43.14089905334629,-6.948036662012698
20230704,-43.62302038682101,-6.974711215953938
20230705,-45.26794395912549,-7.053486534614576
20230706,-47.20480729181745,-7.0795572661636275
20230707,-48.794808280190885,-7.032563928768646
20230710,-50.53863156694122,-6.975317758108589
20230711,-53.51958578913511,-7.129219467404917
20230712,-55.96536793578392,-7.258704409112054
20230713,-56.310481248333545,-7.143106768164552
20230714,-56.8015432601289,-7.0624060628524665
20230717,-58.770676485303035,-7.076195284583453
20230718,-61.56949788085936,-7.127590175678612
20230719,-60.831469591258504,-7.13292539026704
20230720,-60.151187214650726,-7.141574884241416
20230721,-59.31704141670556,-7.303542845876346
20230724,-58.699604911907876,-7.484777579959122
20230725,-57.73908222140841,-7.622394224134005
20230726,-57.139308403023044,-7.754682384692833
20230727,-56.630163666085416,-7.865565541189116
20230728,-55.35361900413512,-7.74302819156124
20230731,-54.30419189126505,-7.660332826273788
20230801,-53.36276174729414,-7.5697820128550575
20230802,-52.5803760916719,-7.48429097026001
20230803,-51.683306635353894,-7.319317930524529
20230804,-50.966604448019496,-7.247595786211759
20230807,-50.38314268404417,-7.212635711969303
20230808,-49.90444255003306,-7.186486463091633
20230809,-49.50639534470515,-7.161954066906386
20230810,-49.931782709897995,-7.42993538675333
20230811,-50.36001882204455,-7.636372116861154
20230814,-50.81033317053611,-7.820896636558173
20230815,-51.34181562521958,-7.967244810201728
20230816,-54.63347702774373,-8.19912656804935
20230817,-57.335702571472105,-8.39532885539108
20230818,-60.05156950485153,-8.59298652564565
20230821,-61.61086756770207,-8.735484069502608
20230822,-63.57034747867464,-8.77341588443727
20230823,-65.96194515745279,-8.716688426136539
20230824,-64.70852570860605,-8.630797835123238
20230825,-68.9121156779206,-8.825132788715305
20230828,-72.39774114614568,1.7876419949082043
20230829,-75.2979620060365,3.220160690533452
20230830,-77.36106038689155,18.54483728834951
20230831,-80.23891054903967,34.93963699773962
20230901,-82.55320054264197,33.93608010105288
20230904,-84.04426927672789,53.33678875415902
20230905,-85.29341252471681,50.855332066971165
20230906,-86.10278085971663,64.72359642120506
20230907,-88.03263465540553,86.4446277553044
20230908,-88.8477991449394,99.03011650759923
20230911,-89.36588945455341,110.72891912715494
20230912,-89.80739051285192,108.8114799614422
20230913,-90.27737114720497,111.11317928208143
20230914,-88.03295499228045,141.32094678959083
20230915,-85.81727403820335,181.80354302206078
20230918,-83.10158846534232,177.60968984247268
20230919,-80.61785895684677,152.45413754962436
20230920,-78.55618462375587,130.1886656204695
20230921,-77.03064683504333,123.45912686010476
20230922,-76.21240410758924,123.24080958259988
20230925,-75.55248490542762,110.13757870601874
20230926,-74.88201886264802,98.8516362918201
20230927,-72.79779308239421,85.93809461513702
20230928,-68.2105038413939,78.5962107413952
20231009,-63.82552730367495,61.424212670068115
20231010,-60.0198488826374,54.01131772708724
20231011,-56.9191279335265,47.72345763544231
20231012,-53.990355942385044,39.56965120428604
20231013,-51.52585044161915,33.93955622927363
20231016,-48.814956758882424,37.64200612837448
20231017,-46.50237641202189,28.664975084450138
20231018,-44.30236320409649,26.57909742893214
20231019,-42.37741903451875,24.76988489510514
20231020,-40.683754730851156,25.80072355163382
20231023,-39.365672076058644,30.838268339400695
20231024,-38.3661522447027,22.677013168534984
20231025,-37.577484890575775,15.492942607190917
20231026,-36.87753847926761,14.480490822551824
20231027,-36.31221753694945,13.697136907045357
20231030,-35.85412238089125,10.701333561522398
20231031,-35.48408327131189,8.248929614485661
20231101,-35.14129163739624,6.241553082599109
20231102,-35.08129720327279,4.620897370947745
20231103,-36.18555438586013,3.278027526807309
20231106,-37.68363381250839,2.100743028787953
20231107,-39.57183921051181,1.1519459201802782
20231108,-40.81258784888707,0.4179806626295096
20231109,-41.57170104507413,-0.1943019739960502
20231110,-42.115626609611844,-0.6838762126702499
20231113,-43.64187062138334,-1.099641226359877
20231114,-44.981915901969074,-1.425551037003049
20231115,-46.938963587464954,-1.6073577522489892
20231116,-49.10030560534448,-1.7573193823971562
20231117,-53.388296079301824,-1.8795378259582571
20231120,-54.52045857722691,-1.9728795261915275
20231121,-55.43219326292216,-2.049196456266821
20231122,-56.21097221701924,-2.113467365066367
20231123,-57.66257938895117,-2.169216314232187
20231124,-58.86689378012689,-2.2151703794801927
20231127,-58.38208327187141,-2.139900681526869
20231128,-57.818754531177376,-2.0786604735859258
20231129,-56.646227737472856,-2.0479231099578685
20231130,-55.7225956055593,-2.025395787706507
20231201,-54.97190279934629,-2.0095267946502298
20231204,-53.335082317622025,-1.999311882637688
20231205,-50.96513624092744,-1.9391925244428352
20231206,-49.11292180174771,-1.8977622097372744
20231207,-47.81879952740888,-1.8636953543435528
20231208,-46.88156389777087,-1.836353145436902
20231211,-45.83969246446525,-1.8000551492632129
20231212,-44.97461008177792,-1.7717830141147128
20231213,-44.3115680059216,-1.7725637097400844
20231214,-42.8223770834309,-1.7360844451338768
20231215,-41.62200838769221,-1.7062716076352533
20231218,-41.18515577393101,-1.6839428408937782
20231219,-40.86150995375789,-1.6655827173866076
20231220,-44.4533033740144,-1.6502199999721436
20231221,-47.004943227134056,-1.6372889428911312
20231222,-42.311712331029995,-1.6268319794856307
20231225,-38.025184272184795,-1.685072206891036
20231226,-47.75278152255246,-11.230363495945667
20231227,-52.50685293338428,-16.70427768985223
20231228,-56.38166863882245,-18.481452917544427
20231229,-59.269912628024876,-19.9313315983069
20240102,-62.96202070000988,-27.250563863199982
20240103,-69.22109590752157,-31.84937320554744
20240104,-74.01079229477736,-32.690698764158405
20240105,-77.93533273121673,-33.34465948246478
20240108,-81.06219898003506,-33.95867633396266
20240109,-85.11673683360041,-35.328759983634626
20240110,-88.68654152153096,-36.40873221700034
20240111,-91.84080760336114,-37.37029703401716
20240112,-106.59863647632818,-41.40067482580999
20240115,-116.16658351433263,-43.74806295346876
20240116,-124.20843081969024,-45.629637915290736
20240117,-125.98961011231012,-46.853367414512725
20240118,-127.39466655788407,-47.98047801998893
20240119,-127.96618043842108,-49.1334862321097
20240122,-129.42114340974396,-48.30600105100293
20240123,-131.06292176804533,-47.263407135415235
20240124,-132.52391333501006,-46.44102668976154
20240125,-133.6197701586183,-45.626250766386974
20240126,-133.69394436753754,-44.89982300413702
20240129,-134.32312971387674,-44.65974001155009
20240130,-135.6952301334898,-44.60275860483363
20240131,-136.7175973619337,-44.73707905198732
20240201,-138.16400034537733,-45.830426261311054
20240202,-138.42712562548914,-46.782553214275566
20240205,-136.00534530557962,-46.914836957918894
20240206,-134.00041332174237,-46.97106600785604
20240207,-132.26593522623932,-46.945927702248305
20240208,-130.53193537913904,-46.81133337450337
20240219,-127.69156491719747,-45.712264648986846
20240220,-126.78834058478233,-45.12287685837864
20240221,-126.04668107176872,-44.63890091321623
20240222,-128.38561156221468,-44.42846608377541
20240223,-130.20815763611034,-44.09813947617031
20240226,-130.69171625031922,-43.78973373259422
20240227,-131.70207195858612,-45.547729301731884
20240228,-132.5198086016445,-47.30064234624763
20240229,-133.2591090586952,-48.83069295383593
20240301,-134.20455619024452,-50.0650381658852
20240304,-129.3781627879988,-50.60854301078499
20240305,-122.24406342723496,-49.827915938533685
20240306,-116.00561278535666,-49.24080010835619
20240307,-109.93067540236686,-48.77176078930101
20240308,-104.92852423444613,-48.46592457355569
20240311,-100.84100105134871,-17.627335566213112
20240312,-98.3350686234916,-14.84770169448179
20240313,-96.20383157282814,-4.725678537605746
20240314,-94.44945744848992,25.410126596002222
20240315,-92.99746396304319,34.754637652214704
20240318,-91.20299940984874,52.73489763798645
20240319,-89.8563846982111,46.78115699913665
20240320,-88.81161835350026,37.12738588722099
20240321,-85.19605171375295,44.14735767275475
20240322,-81.7887577804766,50.755555104282614
20240325,-79.01933404334414,50.20463733933891
20240326,-76.81549557047444,37.982520225813936
20240327,-75.10141105126999,32.768683898555715
20240328,-73.66426335729588,27.010651336373922
20240329,-70.73359233558854,31.012808055252606
20240401,-68.66103307715645,23.69882719192135
20240402,-67.39536656423356,27.733849091773543
20240403,-65.98618135255639,43.505405868952764
20240408,-63.34719299928461,45.151631031090844
20240409,-61.236810429409964,66.7977686062883
20240410,-59.505282215847714,78.14042580521479
20240411,-57.89020059088422,88.46058317720899
20240412,-55.46456336806262,89.72159406331832
20240415,-52.9424854038624,120.47361736162793
20240416,-50.88519019380935,118.45135678557372
20240417,-49.518942015148355,109.63976877642548
20240418,-48.24189483912173,97.3474548894363
20240419,-47.23756115684702,85.54935207005965
20240422,-45.93811223586482,73.21514365101295
20240423,-44.01028905716462,62.11289919623596
20240424,-39.68402310671948,49.41736930119645
20240425,-37.642953378479966,37.35742363792084
20240426,-36.12311160880298,27.917952347896623
20240429,-34.82364923263464,19.72966734299034
20240430,-34.06606307735726,11.803345277348052
20240506,-33.40286590108839,2.631786007566442
20240507,-32.85817057772324,-2.8818472838048765
20240508,-32.541698754781194,-8.430547850748253
20240509,-33.0054600904212,-14.225854428839078
20240510,-32.67739504882903,-15.711149204635001
20240513,-32.37358915974846,-16.843434144470542
20240514,-32.13634949271992,-17.784018290906307
20240515,-32.84620628906899,-19.31425225870622
20240516,-33.451394940168434,-20.215582939307833
20240517,-33.997848625157374,-20.978136529740414
20240520,-33.64390639833708,-20.309674506102965
20240521,-33.22086451652864,-19.76179765223629
20240522,-32.89345169322671,-19.315189212144972
20240523,-32.37004209702595,-18.760878670176133
20240524,-32.480452963324865,-18.45869169486367
20240527,-32.711385647369404,-18.224345327547613
20240528,-32.90389724598082,-17.998126070281632
20240529,-33.08092064430917,-17.743738966632055
20240530,-33.14017927756017,-17.379794991777235
20240531,-33.17811318928345,-17.107015387920107
20240603,-33.14106676642887,-16.698013530563244
20240604,-33.04119733371915,-16.353979179478017
20240605,-32.932232960273865,-15.896961197789956
20240606,-32.62291847474191,-15.461231005361903
20240607,-33.03826377626787,-15.15126599713273
20240611,-32.383156150121266,-14.595673214155688
20240612,-31.82579275631771,-14.138147284759347
20240613,-31.432198749261367,-13.763024400617137
20240614,-31.213671431121817,-13.484905852085472
20240617,-31.029992990669236,-13.261059946846078
20240618,-31.672242498983223,-13.472231817053196
20240619,-32.26449550268224,-13.6448740866299
20240620,-32.622438383213805,-13.709122046680422
20240621,-33.730548086534604,-13.96479357709035
20240624,-34.370331505685286,-14.10257241413295
20240625,-34.898369623856695,-14.228915109828362
20240626,-35.27312959022325,-14.378992531904899
20240627,-35.63586703748534,-14.640876078361348
20240628,-35.00618896166606,-14.88881201154255
20240701,-34.529479919134225,-15.091964740154589
20240702,-34.26758722855486,-15.38039496878328
20240703,-34.113683429226825,-15.579554988283565
20240704,-33.99257273231906,-15.97354253602902
20240705,-34.301937930212056,-16.47976354928001
20240708,-34.54761954478548,-16.998969345148097
20240709,-38.59172555424787,-19.314622668780974
20240710,-41.99720718118953,-21.211226593840657
20240711,-44.74000263480028,-22.770819628577005
20240712,-46.87503455706153,-23.950890862111034
20240715,-48.593127181042306,-24.88977381710185
20240716,-49.32058339808471,-25.678621328369054
20240717,-49.43144128695089,-26.29918690780692
20240718,-49.72408610087932,-27.44200854762691
20240719,-47.3087236808755,-27.29397946360151
20240722,-45.9482683716567,-27.547112613793747
20240723,-44.74250118300558,-27.717688508187056
20240724,-43.57624739609014,-27.74944172735374
20240725,-41.47678069776944,-26.290020239888843
20240726,-39.91899173469888,-25.19475597087253
20240729,-38.583250522304446,-24.266559159635293
20240730,-37.49170438879567,-23.53775635270979
20240731,-36.56761297257542,-22.941181517158522
20240801,-35.75728719933603,-22.447591780213877
20240802,-35.068931381774945,-22.08556973848754
20240805,-33.77726716333804,-21.619114357769735
20240806,-32.638670829001846,-20.941128680338682
20240807,-31.716146610220992,-20.349325493105287
20240808,-30.978124256256006,-19.900019472844395
20240809,-30.33524258616234,-19.39637526237902
20240812,-29.743477827406053,-18.9071456810877
20240813,-29.333301436566174,-18.531617096575246
20240814,-29.138275862558647,-18.21789630619647
20240815,-28.978649233196194,-17.954488172884655
20240816,-29.695663373399686,-17.882310626015006
20240819,-30.134956476605463,-17.737530380498573
20240820,-30.545108003611176,-17.598349260563506
20240821,-31.083244767517787,-17.565461597736498
20240822,-32.966769461763256,-9.301542430859353
20240823,-34.443898717176175,-1.178009436276211
20240826,-35.675548930901215,8.575304941380919
20240827,-36.67693237970276,7.7207495274001685
20240828,-37.61158008712893,9.096208833123162
20240829,-38.56298307060505,8.07447500447792
20240830,-39.42499287223471,7.926180857841673
20240902,-43.769292422023305,11.002047390111063
20240903,-49.166891784885394,6.128917445843226
20240904,-52.592893262258116,5.922961429353323
20240905,-55.00772200340295,3.4831199588196076
20240906,-57.59308023303871,3.345611290360066
20240909,-59.43842490158421,10.519441280894046
20240910,-60.98856245642111,7.914055767381299
20240911,-62.09585608996972,7.157394809264763
20240912,-63.04464962514052,7.319559545753249
20240913,-61.921099316159584,7.981610679630831
20240918,-61.74542065147375,0.5671133201057076
20240919,-61.550568272670326,2.797697873058202
20240920,-60.47300299169181,1.9566812528263582
20240923,-59.4409719659168,2.685389587296713
20240924,-58.70118042751575,2.6975700794649873
20240925,-58.04349469462762,6.985553109295086
20240926,-57.5293273332111,5.560059841105445
20240927,-57.13450515895004,5.951722018955019
20240930,-56.55778137700426,6.471583560447539
20241008,-56.12661198702077,1.0297115855616743
20241009,-54.84426583308258,0.7041472150626736
20241010,-53.7723508099827,-1.0596329215634068
20241011,-52.84743809363669,-2.418110556594555
20241014,-51.91161765977303,-3.8400124497376584
20241015,-51.13096010668136,-5.705608777238306
20241016,-50.4897444658558,-6.096394675027034
20241017,-50.031284405690116,-3.454415161935136
20241018,-49.57407115575213,0.1950405253871415
20241021,-49.09642438755383,5.1047930526726955
20241022,-49.257931895320624,5.5713984927052795
20241023,-49.492374560562034,5.66950587141916
20241024,-49.063274659039635,6.473367843799686
20241025,-49.0166305852136,5.576572368487326
20241028,-49.10477386830189,3.9834957446106425
20241029,-33.19680703420183,0.606878015551454
20241030,-14.396870187988084,-2.6732692488385603
20241031,3.2280399959250503,-5.1996212017613
20241101,23.54674744805895,-7.601384429669108
20241104,39.810096083133125,-9.969967277409042
20241105,53.13798678677246,-13.867986893566858
20241106,66.43518553930807,-14.306447856584368
20241107,72.72078048617183,-15.323535823109559
20241108,78.31230958374799,-17.690370326234707
20241111,83.41933192560778,-19.725444830619633
20241112,85.70807447818967,-21.505169653430848
20241113,88.75650499039622,-23.113103750077983
20241114,89.57013723480021,-24.215577595883815
20241115,90.70656591487428,-25.107142628421112
20241118,91.40199935258379,-27.711155513971054
20241119,90.63948109747412,-29.495288592726595
20241120,90.19400641499195,-30.968392557532834
20241121,89.39481408926015,-32.13509427518095
20241122,88.11415390906187,-33.14327545051065
20241125,86.48922628725182,-33.87959227541883
20241126,84.98521985232064,-34.58521734628063
20241127,83.86927087127076,-35.08044895751339
20241128,82.94386253182002,-35.53474124725335
20241129,82.03806443867454,-35.73615175779689
20241202,81.21466085795149,-35.856232675019925
20241203,80.22003081960602,-35.416637190684476
20241204,79.40462727574503,-35.46870213494095
20241205,80.00846395443425,-35.58988187339233
20241206,80.59651663775497,-35.72487489635191
20241209,80.98402523188746,-35.843560546718905
20241210,82.41851805594617,-36.416574836604376
20241211,83.39599997110422,-36.98800902826645
20241212,86.38173817812397,-38.21932601915084
20241213,88.0290083785104,-38.39284850957209
20241216,89.27671447490627,-38.59633483027388
20241217,91.50759959423542,-39.02970114340927
20241218,93.31748542804894,-39.42792182726838
20241219,95.30110844052838,-39.32058304829834
20241220,98.37347901255656,-39.20732307420173
20241223,101.51060734636889,-39.03685733343346
20241224,105.94844613224765,-38.93782799590515
20241225,110.5650719993953,-38.93763846157522
20241226,114.80443115576638,-39.253948512018354
20241227,119.5243966369688,-40.0356143120028
20241230,124.60533330018366,-40.84808674573294
20241231,130.89390309620583,-42.605830248274685
20250102,134.80175592958017,-43.3223640458376
20250103,136.80319539690512,-43.900392071524685
20250106,138.27873511545633,-44.36643927462055
20250107,139.8908346199128,-44.36753026729036
20250108,141.05276249685332,-44.77490912952901
20250109,142.92447024972827,-45.09548975314267
20250110,144.62110935277823,-45.56024658395613
20250113,148.25334278724029,-47.31917428400334
20250114,152.00182621507295,-47.77753879341438
20250115,154.7250038511896,-47.93861697469399
20250116,156.98714673072433,-47.275606087669026
20250117,162.12255072649975,-47.790673929421594
20250120,165.9476648076356,-48.21530336755734
20250121,172.05095210001875,-49.150683601375476
20250122,176.26660643180765,-49.91030062075208
20250123,179.68043900154197,-50.18008447673237
20250124,182.31088861534025,-50.319835194251816
20250127,183.7568649690681,-50.144830028946394
20250205,168.7414780989842,-47.264185607433745
20250206,156.22090389672942,-44.97100176016168
20250207,146.05584961727342,-43.25587931625144
20250210,137.25138652131065,-41.85021895454793
20250211,130.34851305640044,-40.601854333542136
20250212,124.1063114102983,-39.7053888315462
20250213,118.99832545587824,-38.94816128174368
20250214,114.82354644919909,-37.9328146336083
20250217,109.5463690390434,-36.641437917159415
20250218,105.1233483822133,-35.586691383738525
20250219,102.02136360180506,-35.028106088465506
20250220,99.48412141893785,-34.597867231218764
20250221,96.84012073154567,-34.46273554760627
20250224,94.67518750074106,-34.370169395391265
20250225,92.93112181252455,-34.287336004386965
20250226,90.99118521672256,-34.08779966951216
20250227,89.40456026915636,-33.92822010281195
20250228,87.79417941362567,-33.8546613971763
20250303,86.48839958597694,-33.81025863974924
20250304,85.41157447077369,-33.85605383249588
20250305,90.62502032340124,-36.874341686911734
20250306,94.96296300832601,-39.303390287420946
20250307,98.46623538187463,-41.2935524397336
20250310,103.13242883396255,-42.921871733284014
20250311,107.81512416720878,-44.37307140226256
20250312,112.03395437036727,-45.41125105936222
20250313,115.05615152130642,-46.2505944704249
20250314,115.2596480075974,-46.95584000649229
20250317,119.22222650136648,-49.836592581719074
20250318,122.80514152947225,-52.31725480360217
20250319,125.18471888446993,-54.45212301327128
20250320,127.17869817439977,-56.14131381814636
20250321,129.626395257116,-56.49966554989248
20250324,131.6127374869032,-56.75961300838404
20250325,133.24111229035736,-57.2538040307622
20250326,136.80492920359367,-58.02670060662474
20250327,140.42819016840372,-58.68157290966686
20250328,141.09806839882532,-58.956541273976974
20250331,141.17768751196945,-59.118901295104436
20250401,140.93903447438288,-58.84505790779972
20250402,140.1214589733633,-58.54319459949558
20250403,139.81648724893614,-57.79514169209123
20250407,131.04486737086953,-52.188229590064736
20250408,123.86104470888637,-47.56856230626642
20250409,117.94498903927635,-43.763999155787864
20250410,111.69136535926503,-40.45615198269345
20250411,106.05952765903488,-37.76851309855869
20250414,101.78553887289368,-35.72184128544868
20250415,98.2813063217936,-34.02341225915425
20250416,94.45554533144968,-32.60875298092622
20250417,91.32369144893494,-31.435683882743
20250418,88.76942539160288,-30.476374795526137
20250421,86.6308148641452,-29.7425435263265
20250422,83.44173566373755,-29.12672450926565
20250423,76.53365446683672,-28.620126117918836
20250424,81.27685051763356,-28.222359896536247
20250425,72.93077062852178,-23.070720090931385
20250428,62.89176916649623,-18.93931618259355
20250429,54.68397437960866,-17.31181362868769
20250430,47.9556422281933,-15.839844428695198
20250506,42.41137449393598,-17.943240717788807
20250507,37.874441395729164,-16.41421246099977
20250508,34.31426661231636,-16.834880604759256
20250509,31.38933238018017,-17.17389991767762
20250512,28.876525285642884,-17.463540240487752
20250513,26.897063439699814,-18.362148774716328
20250514,25.322541365598717,-19.030009340358426
20250515,23.87235261683396,-19.230704274211085
20250516,22.6253828352869,-19.33019852741459
20250519,21.712883397322834,-19.48116553068797
20250520,20.996603847944684,-19.625828002001647
20250521,20.181840071461593,-19.269111067220518
20250522,19.580394534692424,-19.040314055389114
20250523,19.35714913089463,-18.895205792872833
20250526,20.337955072488075,-18.779484068662153
20250527,21.190120833387986,-18.746656367078096
20250528,21.901529415668904,-18.719791191883953
20250529,22.470209445327527,-18.842669354031084
20250530,22.898428497912857,-18.970152656258847
20250603,23.132776117372877,-18.547033033569793
20250604,23.553765577275886,-18.214353073868597
20250605,23.947020707686338,-17.942487016043003
20250606,24.432472414093105,-17.20557311624919
20250609,24.755297401077424,-16.60842659620644
20250610,25.34634044800044,-16.111228846289922
20250611,25.860366548747265,-15.711020683896527
20250612,26.28505756260914,-15.360228853452941
20250613,27.711750664480572,-15.310516865910534
20250616,29.112200608236474,-15.28586058911408
20250617,30.051669109777283,-15.259923814913943
20250618,30.84195849713418,-15.205742637794131
20250619,33.994217052461025,-14.993440901086467
20250620,36.53176669888937,-14.695716658762231
20250623,38.554568544987745,-14.441359915910166
20250624,39.68756824234092,-14.221997287197173
20250625,40.783041825297786,-14.067815587620986
20250626,41.67209262548827,-13.93693641133594
20250627,42.33246082267048,-13.829159722690266
20250630,43.25890905392219,-13.732893621313544
20250701,44.45491176791032,-13.866022190875
20250702,45.43296688805342,-13.946600406440766
20250703,46.008162609572864,-13.88305284367638
20250704,46.36450605987919,-14.639548515747629
20250707,46.93883482407668,-15.264164154380643
20250708,47.2068097825625,-15.753050948212753
20250709,46.90865587289451,-16.129733848802452
20250710,46.76927334881844,-16.49644401022318
20250711,47.38891096247515,-16.70024563682317
20250714,47.32108653639122,-16.718967823469377
20250715,47.5846706881207,-16.735090183829687
20250716,47.720909312294786,-16.920374546440822
20250717,47.93827639725768,-17.63994772103037
20250718,48.15388057121449,-18.625785009534884
20250721,48.2139669833585,-19.544970988872084
20250722,48.98912072143722,-20.210131029948283
20250723,49.16642444484453,-20.72910489409786
20250724,47.96902542500643,-20.894266701473473
20250725,47.41781395794328,-21.037388881853612
20250728,46.9274623678235,-20.712987212030836
20250729,46.91837685083463,-20.442583269457717
20250730,46.867927516065336,-20.29079264491694
20250731,46.97024592107384,-20.16152980294092
20250801,47.15238027787858,-19.975857737406447
20250804,46.768497985449194,-19.716535710002862
20250805,46.57980867160007,-19.519448653225638
20250806,47.14812631506315,-19.31329379785357
20250807,47.9029925726095,-19.114504268601483
20250808,48.482946438672165,-19.056950848720486
20250811,48.820233004609435,-19.22291805833563
20250812,49.011327004723945,-19.356846700003018
20250813,49.25461943771274,-19.399056273000756
20250814,49.44915207159745,-19.42951985980529
20250815,49.53949101178227,-19.49951703316812
20250818,49.77657477973976,-19.524103548010974
20250819,50.03032033716522,-19.67175172930118
20250820,50.97121504805602,-19.74673646188019
20250821,26.94047015205205,-19.684325731136703
20250822,9.223040625241063,-19.61964257533627
20250825,9.535117404675551,-19.473403266210216
20250826,-8.095459983980174,-19.338741224567165
20250827,-19.48752275608746,-19.201929252546513
20250828,-29.12662116950477,-23.644536467175712
20250829,-36.98340002769564,-27.624472583733624
20250901,-41.6935790285505,-28.78845901580061
20250902,-45.422006458268626,-29.740172054916485
20250903,-47.460174661228464,-30.57100563323401
20250904,-49.022026290386066,-31.20750253890063
20250905,-50.30750646473192,-31.726757729415723
20250908,-52.19761625059381,-32.25587628961955
20250909,-53.20691737407392,-32.72636988750379
20250910,-53.88221552304487,-33.1299508297064
20250911,-54.1193488043392,-33.474482544954135
20250912,-54.6450924358529,-33.463849398767124
20250915,-54.790374805568405,-33.425201967792546
20250916,-54.743416596751366,-33.519189519974006
20250917,-54.14755068208885,-33.418188104302395
20250918,-52.52305501114249,-33.23555139294269
20250919,-51.29560807442665,-32.99872579976951
20250922,-49.58280384593272,-32.348313028492164
20250923,-48.08146539769225,-31.869877103246722
20250924,-46.90637888017812,-31.555278753233722
20250925,-45.664583040908475,-31.290360748630107
20250926,-44.63976345933061,-30.925382599875537
20250929,-44.1919429769236,-31.1699745651449
20250930,-43.755922127583496,-31.32371268429816
20251009,-40.98055482293649,-31.240799277650193
20251010,-38.45287239117592,-31.122415393220567
20251013,-36.03433061034184,-30.352092285361504
20251014,-34.04032353253924,-29.722406258360593
20251015,-32.29691746253022,-28.85357289132835
20251016,-30.909606612316725,-28.224933631790023
20251017,-29.498293921159906,-27.724465216133154
20251020,-27.80429654299762,-26.54116551801545
20251021,-26.37793610590922,-25.594728144022096
20251022,-24.65191457083085,-24.452433399306997
20251023,-23.225195057035382,-23.658240513241655
20251024,-22.10434662621351,-22.993919340922886
20251027,-21.16732703152226,-22.459218631844244
20251028,-20.175760154996986,-21.940750529633476
20251029,-19.364523591677937,-21.426206522384746
20251030,-18.700872148611907,-20.979350971586328
20251031,-12.735105812826355,-20.589817263319087
20251103,-9.538344015943501,-18.500453317601114
20251104,-7.279423796849919,-16.619360570126705
20251105,-5.473534767971256,-15.00176787473643
20251106,-6.8005564869858715,-15.753700941248631
20251107,-7.004988766656227,-15.46265636315839
20251110,-6.048395101433928,-15.409469128446819
20251111,-6.439628310656928,-15.33849492351494
20251112,-6.815375871247107,-15.49164259235469
20251113,-7.097819270591033,-15.315927541871556
20251114,-7.487260133461621,-15.157698501972561
20251117,-7.841420715669191,-15.099072647911136
20251118,-8.249335806731674,-14.991980194987184
20251119,-8.828542518730087,-14.888044823316429
20251120,-9.327170955204789,-14.785813679290007
20251121,-9.718260594039322,-14.579752867192221
20251124,-10.037433031358757,-14.402125005256211
20251125,-10.678904085337926,-14.333010876653772
20251126,-11.236493865191731,-14.343256034696143
20251127,-11.691890099754888,-14.31636998538024
20251128,-12.090176638367346,-14.296208275536141
20251201,-12.385026339618582,-14.10660895390298
20251202,-12.647528066158882,-14.043159895374869
20251203,-12.871443741846036,-13.994946346385374
20251204,-13.04768378945486,-13.904285074164099
20251205,-13.175214926223068,-13.816786306956242
20251208,-13.379837934359516,-13.756687901907354
20251209,-13.610461045075219,-13.68621038847784
20251210,-13.792560143825554,-13.39310375902076
20251211,-14.101152223022055,-13.265677421541247
20251212,-14.284460091515266,-13.198699330453074
20251215,-14.922738002625842,-13.372014453815567
20251216,-15.439877755916308,-13.598092108027263
20251217,-16.21446036750238,-13.587526121026581
20251218,-16.9211389564144,-13.615524484719975
20251219,-17.71157772659636,-13.850851948866145
20251222,-17.86961840827245,-13.820472396414555
20251223,-18.12053182619515,-13.811488492170874
20251224,-18.327550617723375,-13.497640236357043
20251225,-18.398334870988975,-13.16891497874355
20251226,-18.452808356089708,-12.806605788864218
20251229,-18.39433875197969,-12.517529056901553
20251230,-17.87352920275719,-12.256192953177024
20251231,-17.401919751699243,-11.766293675257119
20260105,-16.869097910805667,-11.271089260166487
20260106,-16.417447875336173,-10.783702951264951
20260107,-16.021996617637566,-10.371609174936486
20260108,-15.746009646129982,-9.94625786005122
20260109,-19.345185534717753,-9.644903932832442
20260112,-21.938137013058988,-9.169515114536681
20260113,-24.180237576463526,-8.777400374735352
20260114,-26.017812684806856,-8.403409139660091
20260115,-27.724301838034783,-8.101299382062084
20260116,-29.123891387961397,-7.86113606365546
20260119,-30.064209932919553,-7.669087178987141
20260120,-30.833469711719673,-7.5155241316422465
20260121,-31.025396550467406,-7.4039532040869585
20260122,-31.20551151713901,-7.3114118572694515
20260123,-30.93365397911164,-7.238058443698956
20260126,-30.520696956990143,-7.121823480966831
20260127,-30.181865583705612,-7.035470157099347
20260128,-29.630136289269526,-6.977556963284926
20260129,-28.74108741323519,-6.929596190198818
20260130,-26.483735752895356,-6.784279791004631
20260202,-23.47783262966719,-6.519809180016295
20260203,-20.845468090662216,-6.183572415091825
20260204,-18.66393438410351,-5.873658936959499
20260205,-16.849568728551084,-5.544870464373682
20260206,-15.357497685967797,-5.2567123950066605
20260209,-14.125657506249992,-5.0265210459419825
20260210,-13.116277130834492,-4.835274859557483
20260211,-12.291376016155578,-4.698534831812379
20260212,-11.617065228179047,-4.586051012078178
20260213,-11.059264738776042,-4.489155756753772
20260224,-10.586235757243896,-4.361828731026607
20260225,-10.198889056879516,-4.25547416832241
20260226,-9.893533432340304,-4.167091979122554
20260227,-9.644800734881274,-4.094069493422207
20260302,-9.421640071927174,-4.037184650709739
20260303,-9.242394349153164,-3.9806708170184546
20260304,-9.082886419759765,-3.9400917980069314
20260305,-8.971991337225834,-3.9119600405308756
20260306,-8.940814543797794,-3.90166200031546
20260309,-9.024988576656797,-3.913937137363294
20260310,-9.938109333328358,-3.948777026374019
20260311,-11.508243661038076,-4.051974602170743
20260312,-13.209310921557181,-4.1806701476357775
20260313,-14.86343285724828,-4.395215278752191
20260316,-16.231893830549236,-4.609460202638609
20260317,-17.771844764108387,-4.903532200889952
20260318,-19.03735625725938,-5.150919519998672
20260319,-19.382418659703507,-5.262420585502906
20260320,-19.57136705425084,-5.352562310243904
20260323,-18.55626716119703,-5.321406748833434
20260324,-17.70380510982183,-5.334639437976104
20260325,-16.876616685814238,-5.320874440198405
20260326,-16.191149857517658,-5.30567651779714
20260327,-15.628550671808421,-5.299150199592907
20260330,-15.319769878150055,-5.331861064380555
20260331,-15.055887257773533,-5.449227643431811
20260401,-14.753348059417451,-5.52129039162026
20260402,-14.468349124777706,-5.543634544893404
20260403,-14.222481632111398,-5.560291294332764
