trade_date,CU.SHF,AL.SHF
20100104,0.0,0.0
20100105,0.0,0.0
20100106,0.0,0.0
20100107,0.0,0.0
20100108,0.0,0.0
20100111,0.0,0.0
20100112,0.0,0.0
20100113,0.0,0.0
20100114,0.0,0.0
20100115,0.0,0.0
20100118,-13.246878049014141,-8.164934756378601
20100119,-23.661176056430616,-14.75883862208709
20100120,-31.7525071571892,-3.534020428282918
20100121,-38.60487769620924,-11.212347635341422
20100122,-43.06994614024488,-0.7727953175271913
20100125,-46.87728258174188,-9.010904336724312
20100126,-50.110090629912214,-15.768465207244903
20100127,-53.03358774038658,-21.45356793035071
20100128,-54.2397417122722,-25.52276864426542
20100129,-54.596300708125476,-28.921705764373556
20100201,-33.935012366888586,-31.785479342071252
20100202,-38.304428248025864,-34.33009025420856
20100203,-21.201913149368266,-36.801232988273284
20100204,-7.862151480571244,-38.86542763189318
20100205,2.4452842545897817,-40.60449697651036
20100208,11.238939819056839,-43.616430103406216
20100209,18.173008647815635,-45.88941197162384
20100210,23.57903216359646,-49.45220329142476
20100211,10.4911089901665,-52.6007577883076
20100212,0.05797229142172135,-54.9112700763498
20100222,-7.5321435743363585,-56.67998308762222
20100223,-13.80406582402585,-58.151741097256576
20100224,-18.933721068600033,-59.60309697403171
20100225,-23.125034969205394,-60.81775397884177
20100226,-11.059151220029609,-62.472194734805505
20100301,-1.8317737670514354,-63.871064963334
20100302,5.5498087931393565,-64.83458840081552
20100303,11.576531671915378,-65.49439693640088
20100304,16.87405612163293,-69.6519667627359
20100305,21.656845189380583,-74.66338158186097
20100308,25.77675981545113,-78.91782249433541
20100309,29.1141933853414,-81.98121931658702
20100310,32.103517877193916,-86.67430346234403
20100311,34.92904768612289,-91.13001544111009
20100312,38.40633261690925,-96.61604944130833
20100315,22.064522786514328,-99.27610745235093
20100316,8.665335031506693,-102.03820104399148
20100317,-2.4232396833473673,-104.52780482123175
20100318,-11.414813193882624,-106.04663316027971
20100319,-18.878099366132535,-107.38500596967383
20100322,-4.380688024119961,-67.11026885901107
20100323,-14.655795664002243,-34.14099096060764
20100324,-0.7584259876070786,-6.605897241017467
20100325,10.658020204862048,15.559975366662345
20100326,19.82311320218015,32.83994086291272
20100329,28.73714389578319,47.224864863320704
20100330,37.475411558829784,61.19429506864275
20100331,44.548691185073686,73.14035309182582
20100401,50.09581720250877,82.66280178573336
20100402,54.59736440938795,90.50019603187562
20100406,58.53927649445729,50.30986711702109
20100407,61.85725039788484,16.800300008338045
20100408,63.96114696557605,-10.37198430114691
20100409,66.57001302469274,-32.99534726629312
20100412,68.69553063107215,-49.80259737427148
20100413,40.84598229219538,-65.85560874610151
20100414,18.02044142704155,-78.82428766890482
20100415,-1.9965081818754855,-89.99283863014655
20100416,-18.801036044735746,-100.05044959418322
20100419,-28.91265330871486,-102.40090008112911
20100420,-37.198276005164345,-104.3744662685494
20100421,-43.975560721123706,-106.10812715948273
20100422,-49.51918375435083,-107.58437903759012
20100423,-54.04773244992901,-109.22046703196119
20100426,-57.75983859696212,-111.4481041090264
20100427,-62.26059713508832,-112.74501129259764
20100428,-63.479023691508495,-111.14524208426451
20100429,-64.37123646089053,-109.7425104502162
20100430,-65.5769959703864,-108.56453778051173
20100504,-66.79430981919799,-107.6090275677136
20100505,-67.39698367836216,-106.9252974830928
20100506,-67.75516466213622,-106.31351874965036
20100507,-67.57168152289145,-104.67393215861864
20100510,-44.986908243531225,-69.16301886942938
20100511,-26.591383235901564,-39.07174947497729
20100512,-11.626707272740425,-14.435031432889716
20100513,0.3683497124832175,5.612671638457962
20100514,10.201029638600755,22.029911338878517
20100517,17.078996270180266,4.475578488746461
20100518,23.178066511232704,-10.719126162015792
20100519,28.364783737858247,-23.54063057232763
20100520,14.076702249583166,-33.94753370351866
20100521,2.3849893367286708,-42.462748100027135
20100524,-6.548803750115563,-48.589021266829626
20100525,-13.942962696522732,-53.70836743989229
20100526,-19.85261411577399,-57.77201838785651
20100527,-25.194063445862092,-61.82107400191673
20100528,-29.53473071630568,-64.95562866905126
20100531,-15.306830011664687,-38.62440552731191
20100601,-3.7515817375719593,-17.106710705825144
20100602,5.837255250111597,0.34084306787344454
20100603,13.695745668386802,14.589199084446403
20100604,20.38213348837365,26.718518908965017
20100607,7.936208244525117,10.169884173731434
20100608,-2.2885784078910087,-2.8175232959739773
20100609,-10.412726316231158,-12.38336866872501
20100610,-17.192057973028987,-20.211597352118496
20100611,-22.53363409253608,-26.416890527263057
20100617,-28.120055590914692,-32.91330541794512
20100618,-32.599142231852056,-38.264213277561446
20100621,-34.68970612689356,-41.51293137697907
20100622,-20.36491340404707,-44.01286678369613
20100623,-24.676124955687197,-46.06288694702636
20100624,-11.81455084599525,-27.461811950393823
20100625,-1.1364281619390608,-12.1960860684094
20100628,7.588255343271195,0.2816638641946055
20100629,14.617056566592128,10.446920585221136
20100630,20.310479556664962,18.82918922863395
20100701,24.95657156958855,25.68596388396856
20100702,28.574318729419392,31.18057618390509
20100705,31.608595955969264,15.199585766916584
20100706,34.13626587019624,22.75076391611764
20100707,36.301703775096314,29.089823623015832
20100708,39.873037561506735,38.27809886493598
20100709,22.286520043643364,46.23128611702383
20100712,28.580520717049286,55.17467812564248
20100713,33.491467835914875,63.24737970216507
20100714,37.579155367710214,70.34307789627056
20100715,40.93027349033927,76.46565997886306
20100716,23.08263636586756,43.693838787563614
20100719,4.7885589245173925,7.500109427713808
20100720,-10.262020490120126,-25.675010993180404
20100721,-22.576652562183178,-52.94788606919735
20100722,-32.51651274551611,-11.008003525023723
20100723,-13.730652454557864,19.071733988320442
20100726,-24.387634266939443,43.19715348294928
20100727,-6.164730825411543,63.74829747603104
20100728,-19.271095765024505,24.388442253165103
20100729,-30.856872936822963,47.62558974301684
20100730,-9.17575981114638,67.98891809178266
20100802,7.522596956311315,80.92843067972913
20100803,21.111012844888112,91.3235487709054
20100804,32.36538034924893,99.73551727466032
20100805,41.74201299282696,106.65473477970943
20100806,49.577755933941305,112.38589099897847
20100809,56.65666489414728,117.56878202846868
20100810,62.00702492871407,119.71484853658968
20100811,66.03192727534628,121.20942732558196
20100812,69.04168853755435,121.55876471632725
20100813,70.91124828601527,120.99599067097988
20100816,73.35458371694284,120.94504361927692
20100817,44.437810089557125,121.27228929598967
20100818,20.775982569120167,121.49459859321688
20100819,1.2750721406390852,121.67852195236689
20100820,-14.848618289233693,122.1836613724538
20100823,-28.045799644694945,123.27636911959537
20100824,-39.04164086732033,124.53492847627187
20100825,-49.32205180544412,127.34073139468799
20100826,-57.298061242497816,78.36631198492037
20100827,-63.61563200102354,38.23616266767763
20100830,-68.17053822759917,3.0534485839441117
20100831,-40.53293453305456,-23.73110830620283
20100901,-47.55639868645899,-44.55627154722982
20100902,-53.38224243647949,-61.31677210361542
20100903,-29.144403047725874,-74.94602058265777
20100906,-38.302397237508046,-85.57661862669525
20100907,-46.17829041041769,-96.58325785480041
20100908,-53.00693745898337,-105.80532489691757
20100909,-29.158060186683006,-111.23231328396419
20100910,-8.942723783087152,-115.35014900448284
20100913,-21.952528758536264,-118.80218834359167
20100914,-32.44153369198528,-120.93285499990436
20100915,-41.059311257844264,-122.70619307270104
20100916,-48.12467489660887,-124.16037421603347
20100917,-54.58456576572539,-127.33529581928825
20100920,-59.86999889133948,-129.7641136812702
20100921,-64.08774858150034,-80.63520152938857
20100927,-67.35424793875168,-89.85128815069083
20100928,-40.13198914727946,-49.82853627016172
20100929,-17.809671950304136,-17.130415516633555
20100930,2.428061292135943,10.608070015541754
20101008,20.31992504127199,35.28198127205691
20101011,31.329305349684706,47.7023352551726
20101012,39.83999532042043,57.10243870818775
20101013,46.61502708343717,64.64905614745498
20101014,51.94392805487284,70.97986205522153
20101015,56.90285232277457,76.12955284791607
20101018,60.341430738694214,79.56953613634033
20101019,64.42409767290222,83.61109960870365
20101020,67.12996009509064,86.95494903877984
20101021,69.54874144850368,89.71201136048734
20101022,71.85237486250817,91.78054441243957
20101025,72.31530250776767,57.199429612586556
20101026,72.67492657016142,29.336763257284034
20101027,72.93298411260534,40.52535757791262
20101028,73.06945526188825,49.687955370369444
20101029,72.11947104686844,57.22651702144761
20101101,71.05553124000747,29.943913416904905
20101102,70.20470384454342,41.39957724232508
20101103,69.48829996667756,50.794207742458774
20101104,68.88080961559254,24.656247555603173
20101105,66.822715651064,35.978980584559864
20101108,66.16934685672604,48.5642954627278
20101109,65.5388076108777,59.49094852901799
20101110,64.95122425716521,68.67524124574406
20101111,64.11575313863979,76.09604036413182
20101112,43.66422684272018,46.276293406795254
20101115,26.889830741375924,21.466148513636423
20101116,13.210190348014008,1.3374310688212365
20101117,2.8073841241420214,-11.305385230377993
20101118,-5.553868892822574,-20.550983254366262
20101119,-12.243910139035773,-28.288184994793784
20101122,-17.98312639305551,-34.8634540088206
20101123,-22.369880193902503,-40.11253145465546
20101124,-25.871346169663184,-44.498766912990426
20101125,-28.728646652017474,-48.08235069061261
20101126,-31.250267578055563,-50.999835677344414
20101129,-33.40711737996203,-53.48280592721056
20101130,-35.16599110162348,-55.51450051676951
20101201,-36.53092773026476,-33.6605029883513
20101202,-37.42784703684417,-39.29281321831421
20101203,-38.821244411369875,-44.63527971774923
20101206,-40.01023998508806,-49.0837065071893
20101207,-24.46247515407922,-27.52684756390144
20101208,-28.14996456457848,-9.951121446765969
20101209,-31.06905150739525,4.415838601893582
20101210,-34.837326165500464,-10.297890315989926
20101213,-37.93034237120202,-22.406941085395307
20101214,-40.56530038591935,-32.42295938288767
20101215,-44.384849421324205,-48.53528321581066
20101216,-25.11032371789649,-73.33727004014466
20101217,-9.27356392364355,-94.87607401019868
20101220,-19.167789051079925,-113.4524847987942
20101221,-2.167160079523971,-137.3110792081504
20101222,11.615205690139119,-65.61402160729635
20101223,23.084356694650094,-7.717421203837918
20101224,32.76231382155574,-53.808078785198916
20101227,40.62836385008126,2.7147426163813466
20101228,47.067223418000886,49.17779468336234
20101229,52.602198607951316,87.13137303488395
20101230,57.84473151415455,18.797781097982345
20101231,61.96718184137278,-38.02423875836857
20110104,65.47576688230971,-84.02387258779234
20110105,39.04109480940069,-119.77146243981343
20110106,15.997149866222403,-159.8753590118658
20110107,-1.5344500890260038,-186.48734462585136
20110110,-15.904600986494374,-208.4384491563355
20110111,-27.800508074749743,-226.06228078195386
20110112,-37.47345901801431,-240.45881399030927
20110113,-46.00871299110359,-251.60624228416037
20110114,-53.43970652222703,-153.57415555776336
20110117,-60.33138366225444,-76.77464403646769
20110118,-65.73876783540723,-14.552874815710434
20110119,-69.94953683148684,35.6568376808332
20110120,-72.50694471956834,75.34404280629201
20110121,-74.31225892913344,110.93506065839341
20110124,-75.54943668911874,140.6203101130041
20110125,-76.09934711877044,164.76116522403885
20110126,-76.56830631158294,182.87908932128022
20110127,-76.73350479537825,197.32453970312963
20110128,-77.66315964985856,211.09171246428474
20110131,-77.50588501708509,216.50655589593748
20110201,-76.6193396528577,213.95920051367264
20110209,-48.88651737631055,209.94901087155492
20110210,-26.070801565130278,207.83096502968144
20110211,-4.193060779565638,207.27058973022474
20110214,13.555784019309874,206.77563723632503
20110215,28.269353836192785,205.69222236744704
20110216,40.05667127169128,131.8146344278455
20110217,48.90675432454006,143.89610257617323
20110218,55.679545662564934,154.00865979807517
20110221,61.05999293528497,157.91496203866302
20110222,65.0000804309675,158.65664250509633
20110223,39.293350953849846,158.05582169337603
20110224,46.66461663282039,157.92503295198748
20110225,52.27501453396943,157.75568308442243
20110228,56.030917174796826,157.6052842718072
20110301,59.462855555395535,156.65149611441035
20110302,62.17584288032951,156.2592340160045
20110303,64.45662050165699,155.98907646665967
20110304,39.22782922513726,155.65769234115956
20110307,46.58254459419389,98.81007213136542
20110308,25.829189044606505,50.6152225258495
20110309,8.993444053374827,12.002612770026554
20110310,-3.768002458049077,-19.92827680005216
20110311,-14.190191603247568,13.720729389164212
20110314,-22.917356771014397,41.16898093965645
20110315,-30.04205315355871,61.346097675340864
20110316,-34.799101685845365,77.09361125594093
20110317,-38.72152068401664,89.80136677036283
20110318,-41.25017198024035,99.23477999654865
20110321,-43.41644091540719,51.913934937073
20110322,-25.744906651531277,12.25119021238634
20110323,-10.874901482147742,-21.27246262626359
20110324,1.2845108759493986,-48.74267840822172
20110325,11.452632691268098,-71.16211773880609
20110328,20.08692395100111,-88.41205720803984
20110329,27.154604548972937,-102.6516438108911
20110330,32.99388703533448,-114.29080760227824
20110331,37.76094770434864,-123.71797175115053
20110401,20.023301230614127,-131.70216837272247
20110406,5.774085602336849,-138.48040450864227
20110407,-8.028455721707793,-146.96890200227057
20110408,5.654398923886484,-155.70969526513446
20110411,19.180487118991504,-163.05242525432766
20110412,29.59583100035411,-167.95494494126572
20110413,38.08694015850886,-173.0408600973845
20110414,44.70947235232667,-185.26337924129163
20110415,51.90994676105091,-197.1745607837586
20110418,58.17772843186141,-209.56405689324993
20110419,65.15085401155233,-216.95934881756347
20110420,69.3958967250531,-136.05290107472362
20110421,72.77904409116488,-69.64112047556304
20110422,75.87441384038233,-14.62049076480143
20110425,78.30057012368573,30.815312578117588
20110426,79.92379759709006,68.35936106128574
20110427,82.14435622846155,103.69631815620615
20110428,83.75633072204562,134.37481661400142
20110429,84.83523201237831,159.4754325916315
20110503,85.88781982051394,181.12279025130402
20110504,86.07586949993981,198.95823649432478
20110505,86.85457739578347,114.3276272804877
20110506,87.07941751854356,47.80144399334583
20110509,88.00332712203806,-5.053121774146098
20110510,88.81347568346392,-48.24588363927474
20110511,89.68288459838564,-85.58734994653389
20110512,88.12665441084724,-114.18315427302099
20110513,84.16927200957613,-53.082761410282785
20110516,80.89588731981601,-4.340725653035812
20110517,78.03605411991201,36.07512984194909
20110518,75.98042798954586,70.88570804380083
20110519,74.80400963012946,104.74674386404358
20110520,48.476647669120574,132.52219681545998
20110523,52.06308961762132,154.58237795760476
20110524,54.90278218925191,168.197981791
20110525,32.6553093269822,179.56410847935757
20110526,38.55718464633888,188.56508902404678
20110527,19.73718543634035,196.24563872525806
20110530,4.22493950429483,202.27106134026963
20110531,-8.421991363674929,205.82986015225103
20110601,-19.110960202230107,208.74157458408376
20110602,-27.97270893072968,214.13413574372686
20110603,-35.5824852407821,220.25185793052754
20110607,-42.10809785468931,213.65349952590572
20110608,-21.707412208372354,207.24578190533546
20110609,-4.774468513633723,201.98145625293336
20110610,11.731971698207191,199.15960264878575
20110613,29.699433041203207,197.5910636710095
20110614,44.769302702778575,197.7597128298216
20110615,56.63455274032157,197.64728885138047
20110616,65.9656044380497,194.76938982401842
20110617,73.96328283965211,192.41758550724532
20110620,79.67802987859648,190.15549312331714
20110621,86.10306022623442,187.38119868614177
20110622,91.0158926750075,120.56215999811407
20110623,95.43929110342478,65.84766811980829
20110624,100.61571776761753,21.02559492758034
20110627,60.349010938700744,-15.229476183579422
20110628,71.50698779404026,-44.63533172478596
20110629,79.48235507783531,-68.82281729766166
20110630,82.5512536477729,-24.200370819957456
20110701,85.63001196272103,11.98540723000692
20110704,88.01083892220322,-21.810217565045445
20110705,89.73663954260242,-58.595775670362585
20110706,91.94528577277785,-88.5099167925266
20110707,93.87038496484998,-112.78510963131669
20110708,95.10741819766942,-132.70803480813603
20110711,96.15159068655176,-148.89441179340164
20110712,96.78780831100607,-160.9578912931606
20110713,96.69405258593112,-168.32123863901194
20110714,96.77321050688448,-94.68374938096726
20110715,96.43800085054076,-35.479561869163774
20110718,97.06749993063346,9.283860429244871
20110719,97.49084159294456,47.16633404574024
20110720,98.20441342006038,77.99108224907413
20110721,98.49408689816774,99.77195746689276
20110722,98.85258456197934,116.28876899283003
20110725,99.59141511920423,130.02908442251265
20110726,99.22828012222807,131.56285373373504
20110727,99.32058503325065,130.8500181556153
20110728,102.68062153666727,130.26424426855118
20110729,105.37287193680288,129.27853514714818
20110801,107.88998380155824,127.534415137684
20110802,107.40658125044264,125.10852798367523
20110803,107.16769427987619,122.86761672277903
20110804,106.77360104814129,82.92437202522649
20110805,73.52709866436693,54.26222065756655
20110808,46.53068670801827,31.75672456292217
20110809,25.33209832893137,13.520235242604727
20110810,7.874292527467031,-1.0033077178163339
20110811,-6.405086593988079,-12.883914411911517
20110812,-18.101743326194974,-22.46401693484867
20110815,-27.313012945374656,-30.503251596658053
20110816,-35.12315843328703,-36.95479448912781
20110817,-41.38565157051383,-42.09604001217176
20110818,-46.50584663574925,-46.32420253247013
20110819,-25.375323837005507,-49.86253988592515
20110822,-33.468039374847564,-28.831868908454535
20110823,-14.248698295424438,-10.693789153125056
20110824,1.5057392720152423,-22.26693385755363
20110825,14.268754087130585,-31.738438305831412
20110826,-1.0587334487410147,-39.43032042328888
20110829,-13.891015108285192,-46.27377563125226
20110830,-24.56758206594574,-51.913029284915886
20110831,-6.91096590661407,-56.83095670663485
20110901,7.561991267503264,-61.7552395930549
20110902,24.244671929524262,-29.79552945152442
20110905,1.5362154833179793,-50.58789338879094
20110906,-21.42532948941265,-69.06456467091277
20110907,-41.67738937046093,-21.92254741524379
20110908,-9.528834130422045,16.88209898877825
20110909,16.962311036032187,53.36712249365068
20110913,-8.564830343545035,81.7018179822239
20110914,-27.76649250217908,108.16818167483117
20110915,-43.703445784503515,134.60252392702228
20110916,-55.33950894866915,159.66424711894277
20110919,-59.886016369590095,93.22439035816207
20110920,-63.60943566306412,39.93759336918552
20110921,-67.12889677843177,-3.226213369928403
20110922,-67.05017192163862,-36.016496214627225
20110923,-64.65790358378294,-51.4502376829914
20110926,-61.21306912011994,-59.809408638139516
20110927,-57.72429912562628,-35.10989032973481
20110928,-54.95166635729248,-14.89133044542371
20110929,-37.60122310596747,1.624776611797915
20110930,-24.146926379657312,14.845285306560836
20111010,-13.137997637899728,25.632505322541075
20111011,-4.137223298087419,34.47256110952319
20111012,3.122950833008912,41.67073899279792
20111013,-4.04056454407015,47.68973422397673
20111014,-9.718407586803792,52.59605859551334
20111017,-14.36540147401546,56.645038474309864
20111018,-18.06370153033567,32.97870125717216
20111019,-21.066254982237155,13.612911009523092
20111020,-23.17942015260412,-1.8761096209621773
20111021,-24.904545147301487,-14.33439079470028
20111024,-25.762731869647368,-24.225275123522575
20111025,-26.266415177967882,-7.398482456494406
20111026,-26.660818123793945,6.4481858568167345
20111027,-27.138208990436635,-7.258062650622897
20111028,-27.893193056766037,-19.867408689829144
20111031,-29.23155329910892,0.08997417735340663
20111101,-30.460448876468035,-22.042593720996887
20111102,-31.427892482126598,4.209583695901457
20111103,-18.90848097153402,25.482952952872314
20111104,-22.210080441427948,41.86304232452899
20111107,-24.749885706656823,55.11696383171624
20111108,-13.661712705034054,65.98452707773885
20111109,-4.569117089366112,74.90961942795154
20111110,2.245951810412073,80.20386032757924
20111111,7.858724486118633,83.70156851093552
20111114,12.075528862801361,51.058349291458285
20111115,15.678158265416187,23.76683238838866
20111116,18.57252154333834,37.34206214736223
20111117,21.55074506065616,11.17302629894162
20111118,23.8779905326268,-10.416474035569141
20111121,26.494577956833275,-30.30150315589891
20111122,29.006102860063887,-47.32078098141694
20111123,31.06087255759262,-16.29272659279776
20111124,32.821445084066596,9.306439491318368
20111125,34.41147000490071,30.429604996182615
20111128,35.35226064647298,47.825591608808594
20111129,36.13451863616135,61.618515522365335
20111130,36.82248847683586,72.82017074152557
20111201,36.61578719707369,78.63267652357641
20111202,36.92472459498491,84.66571092159641
20111205,37.33432757552494,89.83146859924337
20111206,37.66235912881915,94.03603598770046
20111207,37.8952628765944,97.51735703398789
20111208,39.14566568641513,103.85554501742793
20111209,40.115785409745506,110.57588629379882
20111212,42.222458058996715,118.04599611991455
20111213,44.0287444194016,124.20165599571123
20111214,45.62573376707572,128.72298977006068
20111215,28.60370310927179,79.8035470885724
20111216,14.830853640199786,89.34610650877345
20111219,3.612164747701235,96.72194210780388
20111220,-5.56106458131261,102.8278970086998
20111221,-13.01293679924286,107.76460239865622
20111222,-19.10456580282167,111.72671747091698
20111223,-24.111558250544366,114.61962498541871
20111226,-28.641813027230207,116.49968296445414
20111227,-32.344159509054684,118.12369236261834
20111228,-35.537242666487636,73.64467663872414
20111229,-16.39360735450704,90.85301088491573
20111230,-1.5130302327784977,43.21580458968353
20120104,-13.020764051113167,4.882838794347412
20120105,-22.408591142705692,-26.339649216574568
20120106,-30.320025530633135,-51.96586410001729
20120109,-12.800133852806216,-72.95384831880126
20120110,1.6676062159499372,-88.75625045127778
20120111,-10.390549575687363,-45.03797541043369
20120112,-20.36502700862689,-8.412225512016722
20120113,-28.549470503014955,23.402514414260683
20120116,-7.5860242531868805,54.37869494349646
20120117,9.085261373002037,81.5036816432092
20120118,23.21151025612897,107.0413732696964
20120119,34.263028627925955,127.68939835980018
20120120,43.63091114167192,145.2802100811613
20120130,50.916021064341656,156.79282604831377
20120131,57.424291702955486,168.04653118710988
20120201,62.00382471678802,178.33026908490612
20120202,65.84798706145598,187.05265983305088
20120203,68.93482979296368,192.5522442657838
20120206,72.76067081716089,198.15857966268882
20120207,76.27032240943323,122.80137806267643
20120208,46.7660649449656,138.59428273180498
20120209,53.6297967416741,150.3060080264914
20120210,59.3915525988343,159.97693452789179
20120213,63.656823592379425,167.55690251494374
20120214,66.59114467561265,175.04159995347803
20120215,69.53219542499122,185.79975059095258
20120216,70.89328703961452,193.03612103595148
20120217,72.05772559595619,198.2619535659651
20120220,72.87964829936598,202.3671443837116
20120221,75.05116556001605,211.63026913157424
20120222,45.923521286243975,128.96288974251618
20120223,20.981369476898312,61.361152574131715
20120224,1.0828443537538892,94.2026190896269
20120227,-14.719933225602992,121.09729321855241
20120228,-27.37244551074218,54.83256167473887
20120229,-38.89619245158444,-1.3134392832478903
20120301,-47.82169876486301,45.512268793725696
20120302,-54.30105283818467,83.57208983740263
20120305,-59.862311832905355,114.6293628133145
20120306,-33.83911667486393,140.4130496368728
20120307,-11.464693294919348,166.9024466219179
20120308,6.8647777136422565,190.7516342577873
20120309,20.876752496178543,209.47449793613342
20120312,32.770038605583565,225.08613191417055
20120313,42.785326969552315,240.00395001608968
20120314,50.832870299886224,251.65441994603628
20120315,58.94093524171847,266.4337905427294
20120316,65.75373815653532,279.948393721612
20120319,71.25625846191919,292.04086945664375
20120320,76.35014001783536,303.49564948939906
20120321,80.77198955076608,317.6713119497103
20120322,83.89112852020114,327.23309591494575
20120323,50.13891476877347,196.923912015059
20120326,21.628890644920922,79.2298875670748
20120327,-1.9538444556404408,-17.06398544172309
20120328,-20.756453293090022,-90.13282873797283
20120329,-36.822005166559336,-153.2238160288191
20120330,-52.140639400412375,-217.79239877348536
20120405,-64.8083429083829,-258.09532959945614
20120406,-75.97057820681434,-146.77383026207153
20120409,-86.52222357708608,-55.875069298544226
20120410,-94.46812050862852,18.084813668361218
20120411,-98.76938594582552,75.95388139079584
20120412,-101.81900605235896,118.41486723480973
20120413,-104.95450651820791,153.725481480587
20120416,-105.11059892809185,178.04936217709968
20120417,-105.25104163606645,198.01749677905875
20120418,-69.51267395599926,212.2948273424137
20120419,-40.16028446541287,223.98096435931404
20120420,-16.158529646076023,233.4556405461091
20120423,3.431309461955622,140.93187718306058
20120424,-13.935071781080078,65.87487192959495
20120425,5.4967202529918495,4.389230331126093
20120426,20.753215569356197,-45.9136510195083
20120427,0.42703968270387316,-87.23152853702597
20120502,16.981604854865115,-25.112932591507708
20120503,30.2322234842271,25.711927433962114
20120504,8.362781893369185,67.26524741149618
20120507,-9.147528449762053,103.10269179883956
20120508,-23.771731130348254,137.59809614714842
20120509,-35.92961509586409,162.8898924163113
20120510,-45.77214936355807,183.9146443480572
20120511,-56.186271907391635,202.13540644962674
20120514,-63.47973482519786,218.50633524030488
20120515,-69.4037161825753,231.45897419745953
20120516,-74.2602215177769,241.9648923317774
20120517,-44.779792926403125,242.82763024402146
20120518,-18.378394893766735,244.70818545733965
20120521,2.4004763756079917,243.27065256058435
20120522,19.42981936816596,240.87127441371425
20120523,32.74169086207624,238.52793772524504
20120524,43.716509363015376,237.34243407574544
20120525,52.58085391086346,235.27755586123345
20120528,26.544177109156074,233.82314890740656
20120529,5.152478439995419,232.63337644561608
20120530,-12.104339974310905,235.83146929624257
20120531,6.228954085524285,238.46755524874172
20120601,21.37610215060944,240.61860226352255
20120604,2.833399216852078,242.08250135917444
20120605,-11.686820020311636,240.8019320073072
20120606,-23.386428974607327,241.12750431434281
20120607,-33.16162955280937,241.3648809940064
20120608,-41.05764745111907,242.7819023422958
20120611,-20.59486917300711,243.9667945749646
20120612,-3.987685994442364,244.26590593733656
20120613,10.369597345637898,247.48101075554823
20120614,-6.001593296468529,258.81180790656236
20120615,-18.63266241484886,267.9738909576125
20120618,-1.2210518446620227,281.66520043375164
20120619,12.974842322939582,176.84966238742842
20120620,25.048981764733934,96.82183714832166
20120621,34.4212047982596,39.62667508853074
20120625,42.139060134511446,-8.50041047387205
20120626,49.007777813420915,-31.151836693295607
20120627,54.585331034054306,-49.65150844793922
20120628,59.28048652681426,-60.57559051914757
20120629,62.746208193826625,-69.42788950969027
20120702,65.6305676632948,-76.52301125412859
20120703,36.92233444439226,-82.22191270217662
20120704,13.097266278990643,-86.47343229252088
20120705,27.865369685906803,-89.90730363021744
20120706,39.88396209647213,-92.63069013269455
20120709,49.890105347174014,-94.79136623952
20120710,60.77183161743741,-58.422023642766305
20120711,70.73603364859198,-28.62739818658693
20120712,79.04202465916453,-4.190916226998256
20120713,85.16679057719901,15.699382421401367
20120716,92.08474812116042,31.76230975427452
20120717,97.4963130243385,44.98750232721027
20120718,102.2195995903094,56.27177653312771
20120719,105.83692879083712,65.7240760618818
20120720,111.19017339593341,74.42317955701266
20120723,72.56013716707362,41.61122003257072
20120724,40.626988802625796,6.641434967740027
20120725,15.748872882608214,-20.488593301262114
20120726,-4.45549261212966,-49.61476605722505
20120727,-22.16038188281659,-72.0911019403298
20120730,-36.67342243425895,-90.58278185367426
20120731,-49.47615441918706,-105.92772880943596
20120801,-59.87122358690618,-120.79365398644178
20120802,-68.37623373093007,-132.85927813916118
20120803,-74.96457585020059,-143.18352849839812
20120806,-80.44461095856501,-151.84253128772176
20120807,-84.80814672055885,-158.90571342910692
20120808,-88.39175872080732,-95.85532151237544
20120809,-90.93541837191303,-45.10086125187898
20120810,-93.28069932715967,-3.8149811518136736
20120813,-95.56862149691297,30.975866760324514
20120814,-97.37448310128862,59.469389128245155
20120815,-98.84005248585312,82.78197687240389
20120816,-100.38884126487913,35.2208204027703
20120817,-101.2398140258942,-2.326390450909252
20120820,-108.18755883537946,-39.202478085851574
20120821,-113.72107775654915,-69.71169297168511
20120822,-121.98839482676124,-98.48204536314402
20120823,-128.2931674348114,-122.02395899359564
20120824,-75.9831324185356,-144.99189382033728
20120827,-90.9851615649352,-163.8593088802883
20120828,-102.43699987511953,-179.69656412401977
20120829,-55.77679173701141,-193.9005997152199
20120830,-72.8526421004631,-109.8073716521171
20120831,-30.765131687996778,-41.89805329368728
20120903,-51.93327884297511,12.585323168830033
20120904,-15.896586743166996,-35.62309183641173
20120905,13.014736455657555,-75.81801957534023
20120906,36.58940094351518,-18.7979888563087
20120907,57.25411553324482,29.709858448808202
20120910,68.45603746554984,66.26486005021783
20120911,77.61806084845529,96.17744379224847
20120912,85.00881043566685,120.98768141628909
20120913,91.28719383121653,146.52635811468696
20120914,90.50037870512834,162.1646583337329
20120917,89.3080301040216,175.52187586318436
20120918,88.14515146544974,184.20980332906797
20120919,86.90092135908479,190.53869151041226
20120920,84.74709010895798,191.18231983809767
20120921,83.14639486139488,191.7259737272964
20120924,81.41962781979001,191.02992632516273
20120925,80.18739999211117,190.27380571819947
20120926,79.27991067853539,189.53307170328898
20120927,78.55081172188571,188.9716417094797
20120928,50.59532953037391,120.40482398368842
20121008,28.081281248436785,65.89661173359619
20121009,9.615258973270416,21.322629080424182
20121010,-5.458821251038827,-14.630112142879769
20121011,-17.864055818901857,22.284965902880536
20121012,-28.060057345268685,52.44731336544484
20121015,-37.58275445534624,80.3403829601088
20121016,-45.37461325839259,28.340015658997714
20121017,-51.73931026125319,-14.472248495070831
20121018,-56.84988498795695,25.86313905963919
20121019,-66.57421392127436,67.82319044237354
20121022,-74.53304644216448,102.32535914594996
20121023,-41.369439271699996,130.65919538508695
20121024,-55.403828654262604,157.42012427529414
20121025,-20.74932638908031,189.0308860962532
20121026,8.100225398143094,216.32398854265034
20121029,32.75166480445293,239.6632139254948
20121030,53.154912798457595,254.78111566448604
20121031,68.81321682771078,266.14188046715446
20121101,81.14786904309587,275.914726121878
20121102,93.37185578297972,163.98525509321664
20121105,103.09014217183451,67.89775447965059
20121106,57.63479212739095,-10.65087257395621
20121107,22.182812407539544,-75.02505504079731
20121108,-5.006236711656819,-127.24525119817066
20121109,-26.87258931778948,-169.51103582471856
20121112,-44.93620313093916,-204.23360692660052
20121113,-60.155462251062296,-230.75159824729258
20121114,-71.5209678896875,-248.11070814379235
20121115,-81.86273324270526,-260.85610821449984
20121116,-91.13703276035439,-271.59620121471653
20121119,-98.77713001664323,-164.3330273993322
20121120,-105.58402889340822,-74.56616668671533
20121121,-110.89859519083618,-0.4499586590790575
20121122,-115.23303796095804,60.03694619886379
20121123,-119.56046136635314,111.46089813755488
20121126,-122.99693231420302,152.66266865359643
20121127,-125.83868192005454,193.7350792958092
20121128,-128.82532390739834,230.97768563363792
20121129,-131.35315891180815,261.54062252668166
20121130,-83.75698013549884,276.8637590813543
20121203,-41.68585538568417,291.64563177343615
20121204,-7.6223590737040725,300.5013513750898
20121205,20.54514698908836,308.8065411497062
20121206,48.23253122640107,311.1953431659215
20121207,71.0507902647782,313.6347498973618
20121210,89.35116030769973,315.6324720987568
20121211,104.88741253604887,314.7710401609952
20121212,118.57110753048937,317.295190554723
20121213,128.2773597252247,322.719905992333
20121214,136.40792790665125,201.1947701429416
20121217,143.15260731166535,100.33754771673556
20121218,148.11294196837966,24.482452846632675
20121219,153.61016095790006,-37.72710679002533
20121220,97.87976264175373,-88.35822938223534
20121221,52.413410648512595,-129.48407870668814
20121224,15.157343050425341,-164.22398246265678
20121225,-15.25468821193643,-191.28583634911953
20121226,-40.17385283098612,-213.43241213205192
20121227,-60.1138561675374,-229.51016323810765
20121228,-81.33371436084235,-251.17112255264655
20121231,-98.92894929967024,-269.28315496632723
20130104,-112.33066494685255,-284.9115173143682
20130107,-124.65097978637343,-296.4265264256635
20130108,-67.9150786219094,-312.89213132914745
20130109,-21.493873811921937,-327.53782990545903
20130110,17.337577546533144,-338.5443114942087
20130111,-19.57912731008593,-200.61841850367156
20130114,-49.78447488992674,-87.46272467847174
20130115,-70.4845664239016,-139.4417869700386
20130116,-87.39257867981581,-180.9659186049683
20130117,-101.57800549732315,-214.8180814041968
20130118,-111.13891051851066,-251.14643233231502
20130121,-119.0627445800918,-280.05096305887565
20130122,-128.68431102787946,-304.8681267923732
20130123,-136.65654293110188,-325.12121638167673
20130124,-142.77129370164138,-341.8976175141367
20130125,-147.73675033583248,-358.5046052753724
20130128,-151.28018616352568,-369.57028332615243
20130129,-92.79107495681838,-384.68873875138274
20130130,-45.69506293496422,-238.0133452080649
20130131,-7.844726542578945,-269.73989723126954
20130201,24.27344615444649,-145.19243688064532
20130204,-10.797845589250574,-196.07896119403966
20130205,21.36406816189233,-86.01523726101526
20130206,-12.718962849069314,2.6034040320434393
20130207,-41.38466445344128,76.75745174663625
20130208,-1.8375276515540806,134.55996241932758
20130218,-29.49698448540785,46.40543779104288
20130219,-56.54241205153059,-33.04772436844391
20130220,-78.82018273670361,-99.89159709660353
20130221,-90.93730500980193,-144.4178644021561
20130222,-103.08843982379646,-183.42222609296712
20130225,-112.66880109643078,-207.7260311889395
20130226,-122.34040639239717,-228.8214441792333
20130227,-129.05865378695106,-242.69193666187368
20130228,-134.26338439633224,-143.8092011887975
20130301,-135.28628830995956,-66.87689096845683
20130304,-135.7726017993475,-5.873211982267253
20130305,-134.66105724569562,39.03033635259706
20130306,-134.57381528285916,72.29418934728868
20130307,-135.67175354863085,96.6606156553396
20130308,-136.10855499890616,116.54049209527054
20130311,-137.17515785674172,132.17191828016226
20130312,-138.0435366694336,144.59304375232517
20130313,-137.23898960815796,152.0085369441698
20130314,-136.56645387700922,158.0272941398708
20130315,-88.19481770702976,163.34379705802306
20130318,-90.467192457977,101.12644425946468
20130319,-92.31622479855993,115.31528278466
20130320,-93.26563907502978,125.9651172070173
20130321,-94.72086621047032,135.60306559930427
20130322,-95.91772842402692,143.48903859401958
20130325,-96.81685621890242,83.63515233254161
20130326,-97.56931854759947,34.624671879056194
20130327,-98.45066758322164,-5.752553290805171
20130328,-99.26047443688809,-39.02185115285029
20130329,-100.8836383718069,-68.12074544725755
20130401,-100.64248230816274,-18.59297094390857
20130402,-100.07860980171539,22.914701683767536
20130403,-99.49677093144972,59.826449060226345
20130408,-64.47861852178103,91.08137668816363
20130409,-69.36330674969844,116.65226537309532
20130410,-73.39362033784161,139.16787245861818
20130411,-76.65210392928513,157.32310525799085
20130412,-79.5783055252073,176.80138980526033
20130415,-79.32036274396093,107.0939733308802
20130416,-79.23541563892127,50.891810866952866
20130417,-81.28189564486125,0.4665052257863122
20130418,-80.57571868953833,-40.84248114861145
20130419,-80.21159502183534,-74.42600962154233
20130422,-78.74004472257587,-100.71884755785995
20130423,-77.47066000145895,-122.05324869497531
20130424,-52.07784299900521,-138.99071371628912
20130425,-31.645975634500136,-152.79743811197324
20130426,-15.10757041899275,-164.4098644795255
20130502,-22.037847775121705,-167.51392483419733
20130503,-26.97776803628502,-169.26973571568217
20130506,-30.441495520331706,-170.37392521915214
20130507,-33.31694856337502,-171.49087696765855
20130508,-35.546879086524925,-171.8186895378581
20130509,-37.43614981542716,-172.95686099452985
20130510,-38.98633895023023,-173.87658112296137
20130513,-40.25640310666745,-174.2760001378024
20130514,-41.23326895492701,-175.338042681428
20130515,-41.99913200442991,-176.07675556891044
20130516,-25.662198995396214,-104.40001802786003
20130517,-12.389036913907988,-45.30468147706965
20130520,-1.4816334249377712,3.0460484281224747
20130521,-10.409555510280997,42.14155896950209
20130522,0.6803908435469896,74.44134552623242
20130523,-9.034338103898179,101.86347523251605
20130524,-16.958143403376994,124.07497990780395
20130527,-3.8085027799730486,142.53667200496264
20130528,-13.291749053550262,157.7005142937249
20130529,-21.05451565434526,87.88595436213173
20130530,-29.345710838622985,13.903535144344614
20130531,-37.35011943312433,61.88091160723525
20130603,-47.069613445693584,101.53129568987829
20130604,-55.66417956974034,133.42856163280692
20130605,-63.35470181949118,157.5140659545905
20130606,-69.05544744585586,175.30489697822304
20130607,-74.00227102007274,189.68855051003328
20130613,-75.41533261758289,121.38007160202197
20130614,-76.97505681342761,65.62464258147175
20130617,-78.62195886449328,19.680661691213967
20130618,-79.53917044390289,-14.682467679704246
20130619,-81.19964930104543,-42.86763090546995
20130620,-81.25751129824292,-63.4559135818028
20130621,-82.45157357518144,-80.60244215792721
20130624,-81.26005113073039,-94.34638077830323
20130625,-80.35679458935924,-105.27167257313366
20130626,-79.98977522804337,-114.29999280470662
20130627,-78.94564810481413,-121.30713722542333
20130628,-78.1697107361309,-126.81822509027438
20130701,-76.78942574265164,-130.34713864459565
20130702,-75.2811720922288,-133.27043656380812
20130703,-73.95480491422136,-137.4185833122735
20130704,-72.90400623652606,-141.5788808892054
20130705,-71.89994849820592,-145.0426577611751
20130708,-71.29110557898844,-87.94791337634437
20130709,-45.91756969576333,-41.587966868475206
20130710,-25.095573684200257,-64.37210556779407
20130711,-9.671801797540871,-20.51315669865666
20130712,2.5966240491440264,15.044715880763277
20130715,12.64573080159899,44.02318549488828
20130716,20.94612616240186,70.68946893315083
20130717,27.697044832744755,92.62261609934704
20130718,33.7874260515215,115.3634297501301
20130719,38.76166306482335,133.34383744214875
20130722,44.20692461987597,151.10130819341202
20130723,48.81684923195469,165.86602665232132
20130724,52.860835016938196,178.9808190767866
20130725,30.069934911143005,102.60711066211223
20130726,37.63714975789549,129.34191198321224
20130729,43.62429451928118,60.7024982257944
20130730,48.85260072174766,3.6652149522948343
20130731,53.21928250956934,-41.37504860717705
20130801,30.699465936250043,-75.49426277444492
20130802,11.913300672846315,-20.12800244489637
20130805,-3.7744014493264495,28.27688598866137
20130806,-16.637620470714907,68.06545341933314
20130807,-27.238457762445577,100.67734053896665
20130808,-6.213135477007289,135.58510641980493
20130809,12.72752202118375,162.18461790054874
20130812,27.182421740806383,180.77138428922188
20130813,38.88639365489854,99.79378399558327
20130814,48.78455855444453,128.8086707537038
20130815,57.00076692544098,151.31270496778473
20130816,62.81946390460625,77.57677611080462
20130819,67.81684879506086,17.338943360006375
20130820,71.38848630138054,-29.12974110544331
20130821,74.30217016838127,-67.46099693024736
20130822,76.68268043592273,-98.9025112423355
20130823,79.01958291618577,-125.23666628518718
20130826,82.565364670319,-151.0189904079138
20130827,84.87475005520321,-171.66603423876992
20130828,86.19035181598358,-192.29913072977868
20130829,88.00016045052207,-209.57351789203008
20130830,89.0793029207871,-219.58555227238864
20130902,89.70418104382507,-227.1640112284584
20130903,90.14179362557311,-233.17506298195835
20130904,90.29445299964785,-238.2416706546993
20130905,93.71343966078322,-148.66423900977958
20130906,96.45068271893591,-72.83712498478296
20130909,100.49176007773089,-6.856404802163126
20130910,103.763114358658,46.38046150262979
20130911,106.4362010471887,-14.906439285351412
20130912,107.57124345914391,-68.63844241167347
20130913,112.4448787459627,-3.427237029107162
20130916,116.8200148445722,49.65152390760993
20130917,121.05937357263602,95.26119574238356
20130918,73.3444187727661,132.56094083399165
20130923,34.67978627793941,54.210684036325226
20130924,3.3860509590818033,-8.517501302502962
20130925,-24.999152570097042,47.21371533344996
20130926,-47.58618429286235,-14.289031942640694
20130927,-67.2386667766093,-64.3337028686857
20130930,-82.13071766007381,-106.38734377117282
20131008,-94.89958664184445,-146.25630170898566
20131009,-104.40889576483842,-179.81051844390657
20131010,-111.93745734559492,-207.62007139153093
20131011,-118.24859898166262,-115.2508008641532
20131014,-122.23227545948006,-35.17792472616628
20131015,-125.5037872312343,-81.77331654223642
20131016,-129.09976832021084,-119.08171420051009
20131017,-79.66977269115853,-150.62189629598384
20131018,-90.20156780603067,-176.40881168527167
20131021,-46.373115004247516,-90.92796540710944
20131022,-10.627850915047683,-17.7232579715691
20131023,18.705451056178518,-75.4880957344505
20131024,42.08170089232045,5.149402534289982
20131025,59.68251770903647,-60.67935444870757
20131028,74.14425776009493,-111.44365616668064
20131029,86.41428383842016,-28.97448796212366
20131030,94.98887935879425,38.6580370276137
20131031,102.85368661465088,-26.851249585313333
20131101,108.46541413468151,-79.8515676277408
20131104,112.85444937544487,-121.59185413487731
20131105,116.66123067603344,-43.81245658284318
20131106,121.81470153768164,19.089900482002587
20131107,126.38316476085919,70.72093206087368
20131108,130.46060743115748,122.6350928475357
20131111,136.2337838884354,35.21918952976757
20131112,140.85605932482082,100.24698989262431
20131113,89.73840155207314,153.85385294110355
20131114,47.36705096644028,201.47973179761354
20131115,11.557807342130179,89.06150151594969
20131118,-16.764214714332148,-2.158678993822813
20131119,-39.17532678673305,73.77195649451757
20131120,-55.58079883489635,122.29292568956559
20131121,-69.3473473032579,157.07420621398032
20131122,-81.58551419866677,185.75219512329812
20131125,-92.33710185203773,213.41617244779536
20131126,-100.6049214246168,237.34100624624472
20131127,-55.29260897611966,257.17231901066623
20131128,-18.16623420677695,269.44741331354396
20131129,-43.0913753809615,281.0683481838395
20131202,-5.4582092040848424,292.0748409739315
20131203,24.080748103291146,301.8174529006323
20131204,-8.418428738489292,184.88220017710384
20131205,-33.96475809687244,93.55192926979083
20131206,-54.588608532410646,18.643162084920444
20131209,-71.66457104766035,-39.70061725765055
20131210,-85.38717710292886,-85.13205566016683
20131211,-102.43754656062693,-122.72681951286792
20131212,-115.16945988520864,-47.330984037082686
20131213,-125.40555828449587,-89.50965535842798
20131216,-134.218474590491,-124.27024327755416
20131217,-144.92416187810954,-152.54806300401987
20131218,-156.70500549316142,-182.48903958910145
20131219,-165.12219319878065,-212.03598024808366
20131220,-170.95171286959612,-236.48169278666475
20131223,-175.40041583221057,-131.01942048508664
20131224,-107.26128687726904,-168.9413498323836
20131225,-58.82811706332198,-197.88123769945634
20131226,-18.793398782322253,-94.86502022262181
20131227,13.970836731045434,-14.10943772092567
20131230,40.65974637853431,48.98358947827782
20131231,64.99444725179121,100.14366828616087
20140102,84.28034372653421,140.56357251535127
20140103,95.74590958823664,174.09874065766755
20140106,105.00436321413983,195.7604483735017
20140107,112.61431799724268,104.71219867947157
20140108,118.90555318675736,27.919242862991638
20140109,73.96745863863605,79.72095342540158
20140110,36.41979736684781,122.22066891335808
20140113,5.4213642553216586,158.68570896605445
20140114,-20.143133902314315,188.35730967702412
20140115,-40.38533408187475,211.168094405635
20140116,-56.538827116723866,227.94004480765983
20140117,-70.08975059387596,241.49172529240715
20140120,-81.59391672075265,249.1108482674259
20140121,-90.92486423918687,256.3494613947325
20140122,-98.64480286299907,262.5513743501207
20140123,-109.72273235597342,267.69269331135627
20140124,-60.74905884096,270.9317850698286
20140127,-20.692348461491676,273.5699508413709
20140128,12.030074170641319,278.2291279150294
20140129,38.697030532188656,281.9106490924667
20140130,1.210616073438484,287.2738390080993
20140207,-33.933345021649515,196.25557228863565
20140210,-62.772862555418996,121.96565191496353
20140211,-82.28476968630447,62.91796720212433
20140212,-97.89634678541505,16.6371959619955
20140213,-117.85576287285895,-20.68750278350283
20140214,-134.55567337022663,-49.75916965982107
20140217,-147.25379902578737,-72.73922495323568
20140218,-156.3070292813943,-90.26260571031159
20140219,-165.39885758537199,-104.38291100465261
20140220,-174.68348495816812,-116.34035997386967
20140221,-182.07697982386938,-126.19005461231538
20140224,-183.73697240315826,-134.3597512779503
20140225,-184.11340967978816,-140.9284464129569
20140226,-183.7374739660798,-145.68466345704525
20140227,-118.60341190357374,-149.73269872103074
20140228,-65.59590191792574,-153.24325294221285
20140303,-23.60104004778069,-155.5506648203573
20140304,-48.55194602332861,-157.49185845761045
20140305,-12.057533715045041,-158.83347929453487
20140306,-37.365854402443475,-159.93585976258908
20140307,-2.9840109302288127,-168.3151867739034
20140310,-17.86644822836995,-172.73429742717354
20140311,-30.219647388211754,-175.90457221497365
20140312,-38.20285288626294,-179.82169831949102
20140313,-44.7624028935896,-183.35745138317392
20140314,-50.210441058296894,-112.56588631215679
20140317,-55.08261961913496,-52.899724265720934
20140318,-58.04262372485365,-2.9528471074750984
20140319,-60.53416014968118,37.43409198221838
20140320,-62.15670972729817,69.53846896942022
20140321,-63.54174661569545,96.22391504184901
20140324,-64.57896837457187,118.96521887090714
20140325,-65.12793015856968,131.49466793559944
20140326,-41.04741825790135,141.28057422150465
20140327,-21.33566150963019,149.32178879410316
20140328,-29.24184187102725,152.78452155712833
20140331,-35.67760426018993,156.97130490460202
20140401,-41.00119251811314,160.5956922624465
20140402,-45.49012257717303,163.12930772277753
20140403,-25.29310767388399,165.24564819453374
20140404,-32.49041956388023,166.5861107853216
20140408,-42.49421154790239,170.1284624192083
20140409,-18.77311917057431,174.50377128757194
20140410,9.057623346271372,175.97915199735826
20140411,31.076235964705738,112.35016857564038
20140414,49.37481862172421,124.19555268445701
20140415,64.06671236777814,134.22555675539212
20140416,77.21994527033485,143.7118175482036
20140417,87.90125198517177,154.2341114901352
20140418,97.10065236912965,165.66452595043708
20140421,104.47186609928038,175.94578535290694
20140422,110.32643642936307,184.51138574727625
20140423,115.63171798760739,187.28960256928676
20140424,69.94481486123541,185.85095451394466
20140425,81.4884997655813,182.2586877308411
20140428,93.35365565075327,179.90755472261603
20140429,102.57477229905183,176.0798444411035
20140430,110.17407498926194,171.8462527028454
20140505,116.39631427322162,167.12851336298806
20140506,122.282940687272,163.29436601937851
20140507,127.0780299941212,159.6385596154844
20140508,130.9351822911252,156.58336375580564
20140509,133.59806528026002,153.18788359357598
20140512,133.7649647653304,151.16947730838527
20140513,134.99746738603417,150.5136441341628
20140514,135.74308043799317,149.99349494425704
20140515,137.04222245263733,149.54998734140622
20140516,137.70027650465948,149.1223424684772
20140519,136.64803371298052,148.57902757746274
20140520,135.930919020381,148.13436314911814
20140521,90.19096721080332,147.64618877370316
20140522,52.52462175490131,147.18903478884974
20140523,21.82961377298314,142.9955402333286
20140526,-3.388090350796106,141.5634757947308
20140527,-24.715152276081866,140.81413755793025
20140528,-42.16532032877209,140.0984700528391
20140529,-12.951210496088143,139.954187958672
20140530,-32.124036512077225,139.17812894779922
20140603,-47.81910362412072,139.4836898697631
20140604,-59.51012334780253,138.73638370863756
20140605,-69.38516963423211,138.85085485293106
20140606,-77.47482890258622,139.15772731096826
20140609,-82.43151131439522,136.81494410686233
20140610,-87.99311493450121,134.58169340240883
20140611,-92.16276839116591,132.83733694993904
20140612,-95.55660030523778,129.8274418878127
20140613,-98.17628606695206,127.44920892258732
20140616,-100.53147420114222,125.58628172983782
20140617,-104.20692028247403,124.2011465086051
20140618,-107.250749877986,122.81320229597381
20140619,-112.23367447574282,121.72019602068241
20140620,-114.43309490668719,120.57455619751997
20140623,-72.43268727769649,72.85218232176943
20140624,-37.64341850678722,33.87159127929065
20140625,-8.845533090420403,1.6395294936975244
20140626,14.135775882320454,27.54862608492561
20140627,33.812282109860156,49.08022409230691
20140630,49.95151507825055,67.9844420275996
20140701,61.51898360453577,82.34085072808739
20140702,72.41196718620299,95.03229493052672
20140703,80.08444301271818,104.29632750286432
20140704,86.47925342187752,111.89332620296189
20140707,94.26338964891087,123.3354896631275
20140708,53.65195124355639,131.63213525681118
20140709,66.8014620825556,138.47795056084152
20140710,77.84158198810138,148.8812051899678
20140711,86.82005896456846,157.09655506957736
20140714,93.6396300245798,93.24788001681922
20140715,99.1077503811511,41.20956846179944
20140716,103.32360442721073,-2.194661449489105
20140717,105.58130769407828,-37.94923743483332
20140718,108.49779851220157,-68.51031518645235
20140721,112.99596001174358,-20.151396502623882
20140722,116.38421200887598,18.033708838400425
20140723,119.13096912666606,-19.531718646546278
20140724,120.65902672659429,-47.49944105455809
20140725,121.585324461664,-69.59472311435954
20140728,121.55513359841562,-88.17705000329916
20140729,123.8191071864189,-103.737396473371
20140730,124.60352229866287,-114.64188997354347
20140731,76.39650175094859,-123.31428950914086
20140801,36.46945351247358,-128.78183713836134
20140804,2.8540236917697586,-75.99826702562709
20140805,-24.542265746511955,-33.21543679229844
20140806,-43.864183662862565,0.9649615975867512
20140807,-60.074056444859366,28.97663934678459
20140808,-74.00946099107941,52.171115365024676
20140811,-85.35382286418137,71.11497942891208
20140812,-94.61356590077182,86.61852657274369
20140813,-101.36807001313886,99.3035475939433
20140814,-107.36878826883527,109.42233073004981
20140815,-112.36855576438582,116.97357125782402
20140818,-116.54707790331368,124.58940514492483
20140819,-119.64236859474683,131.07111893479134
20140820,-122.14598569140507,77.63424959804827
20140821,-76.08784919720797,91.48786101105725
20140822,-85.54974660929416,104.52410618333941
20140825,-46.05023590464182,115.24288550177276
20140826,-13.646503027065425,123.73779759111616
20140827,13.556394857606215,132.76287800811463
20140828,36.41484634589443,142.0886065738172
20140829,54.16514789600077,152.15858935364903
20140901,68.99710099726575,160.40147031777474
20140902,81.59626587905885,160.64926011376647
20140903,96.2738369325866,161.93771521502245
20140904,108.01092813394675,162.95882937604904
20140905,116.8243742618217,163.9663113469241
20140909,122.6102011346643,161.58338315338972
20140910,126.18123195628183,156.9100864107681
20140911,127.94298922030531,152.71366717830315
20140912,129.08369808636735,149.5548748224663
20140915,81.40473119980378,145.99465237073136
20140916,42.90747707832634,142.2640242864718
20140917,57.149066380760935,139.28307952280335
20140918,68.39123441131599,135.65595477656186
20140919,79.22034896745124,134.24955033921577
20140922,87.3883594614009,131.14039976929135
20140923,93.65899898858044,128.16585161669036
20140924,98.68105548468407,126.06802201431057
20140925,58.553270108161975,81.73039597743364
20140926,25.909385961460675,88.28664742944922
20140929,-1.2073630527948913,50.815477030831765
20140930,-22.65276806860046,19.955330311734357
20141008,-40.133835393296614,-10.490261948676338
20141009,-54.39506395106004,-35.46921272796242
20141010,-65.3868918810068,-55.53488225686299
20141013,-73.41126908293153,-19.810204689088167
20141014,-80.19456638003822,9.96799373467206
20141015,-86.11389875970947,35.533338383894474
20141016,-89.99199231784645,55.83852953899858
20141017,-92.61497239203914,72.86360555253027
20141020,-94.35449375883401,83.53024709986433
20141021,-96.07952961236401,92.61630748499493
20141022,-98.21169392724829,101.22740034699582
20141023,-100.15247733958923,109.02797272454137
20141024,-101.71032218116639,115.37920673219938
20141027,-104.60029111743586,124.28162597746729
20141028,-106.31669876526405,132.90771955788247
20141029,-107.59081828563215,139.85984733431397
20141030,-108.41490121018795,145.4987122033755
20141031,-108.94344012791518,147.68926430220014
20141103,-108.8894542837262,150.49854015754696
20141104,-108.81831128427646,151.10558273260693
20141105,-106.29608092492967,101.90571225701345
20141106,-104.13392183683293,61.78129595194442
20141107,-102.61889513217274,27.98280103556688
20141110,-101.89213341082366,0.3022458533854306
20141111,-101.17739402287505,-22.276832413285074
20141112,-100.64240665657493,-40.72125078820758
20141113,-102.00049402975029,-56.577052854188665
20141114,-104.39651554538891,-69.16217642936728
20141117,-106.1520037192117,-81.5354174565815
20141118,-107.70553852654518,-91.79738768108669
20141119,-109.53206681263408,-50.04180279612597
20141120,-110.97771420523885,-15.6847191870384
20141121,-112.35942663830022,-37.758939775791255
20141124,-113.83781376874775,-55.875978121551945
20141125,-70.37447437885983,-70.69671162646549
20141126,-77.95584623153401,-82.78528297060049
20141127,-84.23661328347963,-92.69957397600896
20141128,-88.30063772721958,-49.458298040962035
20141201,-88.16516647176606,-64.52865410809514
20141202,-87.03418952329784,-79.03500289868079
20141203,-87.54984502625567,-99.45958818580847
20141204,-87.50137904775647,-115.55246994424984
20141205,-87.5424131683912,-128.71024254425691
20141208,-87.74744956343272,-139.7152951123985
20141209,-88.04831904889907,-148.47584698398956
20141210,-88.15693906272377,-155.63444726734735
20141211,-88.26557463895911,-161.88735962894057
20141212,-88.35905066829021,-166.90550460581343
20141215,-55.977262012212584,-171.92791787564073
20141216,-61.22087442408019,-174.54739747246535
20141217,-65.52694468215752,-175.46265294783692
20141218,-69.10102922173252,-170.59005716723286
20141219,-71.93329050827147,-165.32867035029605
20141222,-73.98354070962601,-159.33760610851465
20141223,-75.57405491871536,-153.96050012797704
20141224,-77.75640314573903,-149.55369765059845
20141225,-79.5784092144221,-145.99280124077828
20141226,-81.86043671473615,-142.7652270135031
20141229,-88.66112533640462,-141.84564260328148
20141230,-47.65479276983606,-141.09196187760716
20141231,-62.82062131224318,-141.55599353298345
20150105,-74.08248714086638,-90.33324193445833
20150106,-37.731661491454744,-48.450295308312164
20150107,-7.961649757352728,-64.97508191255119
20150108,-29.42322011409964,-78.1393379927754
20150109,-1.155657389684838,-88.63026550561165
20150112,21.77471320808258,-97.08508180330404
20150113,-1.743589094558774,-104.66674477830077
20150114,-16.592727365844514,-110.87517962107692
20150115,-29.17457880686135,-69.26776878705884
20150116,-39.281365312196066,-34.9108500316564
20150119,-46.33597303824097,-3.7024959968022153
20150120,-52.17273105722787,22.97683303466565
20150121,-57.438902961254406,46.870180989346395
20150122,-61.39223642317757,67.06864289958222
20150123,-64.42814591969454,83.59798875892513
20150126,-65.23142040427487,97.0588941223667
20150127,-64.54359688530407,107.49331985931133
20150128,-63.929216379487364,116.24565747323037
20150129,-63.58051717652629,123.36230444543158
20150130,-40.340264661302875,129.1817366291237
20150202,-22.68283025628899,135.93392048649963
20150203,-28.653569441279462,135.04418071158815
20150204,-33.38578418450047,134.87582423394971
20150205,-37.27335158574195,134.77582451593202
20150206,-40.19384173661862,134.0695617264116
20150209,-23.214478590970216,132.94160834672755
20150210,-8.957219124256696,131.55657183993947
20150211,4.186392037077081,130.6509897066039
20150212,14.999205463899042,132.84508040438607
20150213,23.22414804349156,134.16619048022906
20150216,30.249916064788046,135.19820374085555
20150217,36.21109136259974,136.5599619158565
20150225,41.0729317166351,137.1709976260294
20150226,44.89069565299479,137.79780305827168
20150227,48.378688797666875,138.00791185343812
20150302,54.00726444705028,137.25851045526778
20150303,58.839787313591145,136.50157235460884
20150304,63.54893002795725,135.79210864081494
20150305,67.91202664069502,135.31664496730744
20150306,39.72876898800027,134.8631513765267
20150309,13.625618991348725,134.85665387477064
20150310,-8.116782384276995,143.55002545849004
20150311,-26.124484552171506,151.8395844122281
20150312,-40.50882580393619,151.35494788374075
20150313,-53.41154841682379,152.81373712682247
20150316,-64.89562728429777,155.50638824976357
20150317,-32.72322575789047,158.41578841711635
20150318,-45.0325846397537,162.53771656496397
20150319,-55.096443102887775,163.38778811718336
20150320,-66.56159218218018,164.80080630773642
20150323,-39.521462433548095,166.0068565896981
20150324,-17.386084805079513,166.99510573505827
20150325,0.6825356139199791,168.7848131762678
20150326,15.863911335033224,170.21110205962103
20150327,28.248746932527,172.28629772045502
20150330,38.67120178440011,176.28458068718314
20150331,47.5753953554469,180.83819946851094
20150401,54.85689429994867,185.61349541587853
20150402,60.73820872080667,189.47709798805897
20150403,65.62493068692032,193.37485517649466
20150407,37.79363204626263,196.66350417006467
20150408,15.003225825146416,199.3768818735705
20150409,-3.646700622914644,129.1627595491576
20150410,-19.193877783826608,58.78732814913904
20150413,-31.997895085218694,10.176725596731679
20150414,-41.3242897585037,-27.979206394866203
20150415,-49.176964683280204,-58.80870349354007
20150416,-56.82557685153937,-81.7149869314927
20150417,-62.96060610637542,-105.32302638357663
20150420,-68.07223204010184,-48.97062423922469
20150421,-81.09456943973724,-2.518744772094084
20150422,-91.96361799373157,-38.83144242439792
20150423,-100.40374642176575,-67.71121099556322
20150424,-106.99630322858265,-91.23706075492139
20150427,-110.71763663078175,-107.50658341666934
20150428,-113.77835837086648,-55.29565849020426
20150429,-117.6570837486606,-12.000463100099
20150430,-119.67039722029995,23.131995782090673
20150504,-80.64794822355542,51.024981252539845
20150505,-48.45422512564371,73.47396333103602
20150506,-22.241115273520208,87.2050484905222
20150507,-1.0669289900367063,97.24208129138079
20150508,16.42637054183505,107.02088084051059
20150511,30.566051390636083,115.00253610310713
20150512,42.12455954263649,121.45722566439714
20150513,53.72285357569385,127.46475743546671
20150514,62.86633104048695,132.01996885703082
20150515,70.36629444150965,137.0194799651431
20150518,76.62798501035475,140.7715493942068
20150519,81.1037315707803,144.31289131350226
20150520,49.43501612226585,89.43072051307828
20150521,23.619593788657458,44.782288581908034
20150522,2.148728398206266,8.07192888176897
20150525,-15.04828066194038,-21.886673315682998
20150526,-29.47921128255779,12.636825416702678
20150527,-41.24852865583558,40.72923218278691
20150528,-50.86731727187441,63.702307561310775
20150529,-59.254400677905814,82.35710450001959
20150601,-73.05384399562897,98.38379565173317
20150602,-84.31260404730422,111.66373694210027
20150603,-95.11886416580178,133.49246116777326
20150604,-104.10433424737562,154.71371610518383
20150605,-110.33003084995174,170.03532169834264
20150608,-113.96176056628272,183.12708164307068
20150609,-116.82515400984778,203.20593600963417
20150610,-120.51321998898872,225.86997477358247
20150611,-123.54438590753348,240.502215855308
20150612,-124.06291851091005,142.28837667779416
20150615,-124.72717435663607,63.512346012495954
20150616,-125.41431040227077,102.59881254063025
20150617,-129.41423838668297,135.37500629703518
20150618,-133.2140505083185,169.910257721745
20150619,-136.37632722442166,81.76614714182615
20150623,-138.96697540650493,16.551098101246723
20150624,-139.75513338397093,-36.77278762816706
20150625,-140.204148421567,20.157923080738435
20150626,-138.93245344321028,-33.29754126574062
20150629,-90.07939310087094,-80.49874940242272
20150630,-98.45839694971613,-114.90038391749633
20150701,-105.39151755943111,-138.60329850984164
20150702,-110.5059804056354,-80.12099516459504
20150703,-114.38090848540179,-32.39881245949512
20150706,-109.97795802493076,3.7923864105887617
20150707,-105.47652236627276,33.27361062838867
20150708,-98.82420389922672,6.5419756537224
20150709,-72.27724436661103,21.318532860487302
20150710,-50.557100350865305,33.461224482220516
20150713,-32.68625218678916,43.4659318816514
20150714,-18.07421711596539,51.71879722736818
20150715,-6.210526055724361,26.160836225646342
20150716,3.519480991805208,5.549099813648397
20150717,11.505188495135561,-11.31028701904382
20150720,17.93698032104002,-25.067125201778936
20150721,23.167477084579698,-36.46311985699818
20150722,27.28917112262796,-14.095226763455067
20150723,13.996455050261178,-27.280586473662684
20150724,3.317904577728808,-6.63499028505923
20150727,-5.422186308047103,10.256878295928752
20150728,-12.566663739766744,24.121386575512574
20150729,-18.17500723255973,35.629128593147065
20150730,-22.79267256861448,12.582877401863716
20150731,-26.593177617394687,-6.289266640775625
20150803,-30.22938736719621,-21.79418726565973
20150804,-33.36891441171684,-34.42648710280945
20150805,-37.04818811209032,-49.691834527491565
20150806,-46.1310775464892,-74.60418317643688
20150807,-21.925492203591915,-94.94348003040524
20150810,-2.115477746793316,-111.4308097058081
20150811,11.921309667811192,-123.2797265346504
20150812,23.59412328981044,-131.21653475640642
20150813,33.04491723042654,-140.33721894689808
20150814,40.69841483084703,-147.7871751316273
20150817,47.509828191420176,-87.75418380779325
20150818,53.059756240842916,-39.14524372909069
20150819,58.92443934462424,2.8887542495921426
20150820,63.69532649751785,35.667131198217916
20150821,70.75447435453964,63.268135800239925
20150824,75.15444612231273,21.425251895639878
20150825,44.909700360329836,-12.981571353517685
20150826,54.934979681750576,-41.95414047412144
20150827,63.35570836317454,-65.56616703331359
20150828,33.83981338619354,-83.91343499271599
20150831,9.095756945530791,-102.49709967236625
20150901,-11.340325949196883,-117.9245522515771
20150902,-27.985544974061447,-130.2356917023196
20150907,-41.37206160597569,-141.44860788187904
20150908,-52.39274738947649,-151.23291854094882
20150909,-28.911756097689537,-92.46951579540843
20150910,-8.247129581958735,-43.94103723305041
20150911,8.728189956811466,-2.7199415840648236
20150914,22.021383322598034,30.843211424286658
20150915,32.94490330576287,56.4779821427802
20150916,41.46713139922004,77.30764583765496
20150917,48.791574007211416,95.11902608502258
20150918,54.58268861371879,46.223598919721674
20150921,59.07433177930762,7.965949138912617
20150922,62.487389707241825,36.50393449270249
20150923,64.55419217095829,-3.1435538771863536
20150924,66.5903711491647,-35.98407818852781
20150925,68.23112592987567,-62.70010478946334
20150928,68.91797934572861,-83.84111799009939
20150929,69.604125223125,-100.94164067403717
20150930,69.43899798516384,-114.88227285171767
20151008,68.97956880637824,-121.87169593441882
20151009,67.55586122601792,-73.53498987224792
20151012,66.45796077515887,-86.50569055385371
20151013,65.44140492738737,-96.40171931834206
20151014,67.0734040492172,-105.64148687858064
20151015,68.16908012534905,-59.65540689518755
20151016,68.88761669348422,-21.829111474721373
20151019,69.7108661807442,8.692150924305286
20151020,70.4351170841306,33.90470220044318
20151021,71.57718096188195,53.19352310692226
20151022,72.25978756053277,69.37363735166745
20151023,72.56840409105892,83.96089093828918
20151026,72.52089217113813,42.23437054777516
20151027,46.12441620352154,59.28722648621514
20151028,52.01352432188704,70.66800760440374
20151029,56.83352726411102,79.11995249324491
20151030,60.76336243706276,86.23589211177071
20151102,64.7322747916366,49.133040197110546
20151103,68.58069278921651,19.795328993234797
20151104,39.69365701439935,-2.487632379450486
20151105,48.74436166766522,-20.955411001088578
20151106,61.195631541338955,-37.16407465268181
20151109,71.03882504209986,-50.48476581339964
20151110,79.45334247182602,-59.06146111249369
20151111,85.65725730872987,-65.17781211105574
20151112,91.40869334611065,-69.38449494781571
20151113,56.830888864962645,-72.70938820010515
20151116,28.5475843303133,-75.50053290153996
20151117,7.6671089997451585,-77.80517323388571
20151118,-9.405219436134077,-80.24894109021278
20151119,-24.073862384364066,-81.44818301481861
20151120,-36.77352648170817,-81.81139174497463
20151123,-44.15286105740424,-82.43052569946305
20151124,-49.93847057619657,-83.03968462936471
20151125,-53.18724442067867,-84.2358075454285
20151126,-55.28946276932922,-55.6819090663692
20151127,-56.86499095435157,-33.152165275028274
20151130,-57.96746343162743,-15.893842313953797
20151201,-58.636198380358564,-1.7757522977055618
20151202,-59.45949460760949,-12.815803983117716
20151203,-60.16614964715671,-21.891748863867477
20151204,-60.594713374457484,-29.200278800982513
20151207,-60.34987168667044,-35.17284149516587
20151208,-59.958103010818206,-40.931208780003615
20151209,-59.58648332194719,-46.39922783025173
20151210,-59.35110603737365,-50.811131995143356
20151211,-38.18313267725144,-53.42869756653242
20151214,-20.8550631274346,-31.91668414352056
20151215,-6.003161048728902,-14.42712782421145
20151216,6.12607669403091,-0.074884686078062
20151217,15.969400898317298,12.455196654425558
20151218,23.707923150086376,22.662800486674634
20151221,32.26598927765421,31.074612465545794
20151222,39.33349648509533,38.259050312440316
20151223,45.82009670608279,44.17204840655882
20151224,51.41430659291467,50.84020784063208
20151225,56.01252185758373,57.28217065763268
20151228,59.83418375908234,31.166647767363695
20151229,62.681558288005064,10.158356923741026
20151230,37.460128530174096,-7.042207985102123
20151231,16.176248012641864,-21.16261596931606
20160104,-0.47585872021461123,-31.758552153776204
20160105,-14.494158657909162,-40.144143113706484
20160106,-26.67674517245266,-46.79085619119719
20160107,-36.65669742444917,-52.46510166220338
20160108,-15.534610563493223,-57.2431617811948
20160111,2.3748684703810494,-63.07077267086897
20160112,-13.239877050471328,-66.53157527171129
20160113,-26.354399521348963,-69.57009453865975
20160114,-37.08142841786224,-71.84833027715892
20160115,-46.03562552401595,-73.63104388250298
20160118,-54.56568339382402,-75.41297952082725
20160119,-61.68168526414168,-77.29153158575309
20160120,-67.40574095785168,-78.48311360049564
20160121,-72.02582487470154,-79.5422615551537
20160122,-75.4003233047033,-79.84102325196906
20160125,-45.12993311254168,-79.87328733481124
20160126,-54.358372419919085,-82.86953163304318
20160127,-27.575403038690986,-86.04740070564331
20160128,-5.605196341564497,-51.96585731937586
20160129,12.483022832796756,-24.020618490823075
20160201,28.193045895702305,-0.04814472896254077
20160202,42.06077640105666,20.672630613906964
20160203,53.61725006772791,37.967777087603515
20160204,61.33398243608313,50.22818296992405
20160205,68.31357226350744,59.92770062072085
20160215,36.56746079313688,67.83408686898507
20160216,10.430480675700307,76.24002531924732
20160217,27.66828834133073,82.69811341957234
20160218,3.619937644147512,88.41728109187021
20160219,-16.065824769645115,93.00768931560286
20160222,-31.691704033763667,56.15034911949411
20160223,-44.73688679147476,25.773242222196767
20160224,-55.102745746433435,41.912531292309794
20160225,-63.88102113712437,13.408494988772262
20160226,-71.39848153992735,-11.188589632021538
20160229,-39.10161426684476,14.342790765308088
20160301,-51.279899268505275,34.45110967904766
20160302,-24.067214176111158,5.776532066064278
20160303,-1.5939806398853342,-18.024388389321057
20160304,14.679979132203119,-37.494925784673654
20160307,28.23756942331002,-55.33011562907735
20160308,38.891036599510684,-69.80329535899915
20160309,47.04742865451723,-78.63806489964793
20160310,54.670891044061655,-87.50615744166187
20160311,60.60692780193633,-96.0296804010567
20160314,67.46449737319088,-102.87413642352499
20160315,72.08100039605706,-110.80386370016156
20160316,76.10157346745581,-117.88481603053833
20160317,79.24472007606781,-123.5003243330895
20160318,48.09371616126163,-127.7401790057032
20160321,22.57220162880929,-133.75053886519947
20160322,1.552443072132158,-138.62646506989205
20160323,-16.3836940746186,-83.02558017575664
20160324,-29.959999109175772,-36.75676039746922
20160325,-41.14549053094099,-2.5794429573632778
20160328,-50.04686047117049,25.360125307162342
20160329,-57.327053571987484,49.569686788887424
20160330,-64.54016118036886,70.0787305416695
20160331,-70.40356213391564,86.83505850983585
20160401,-78.83582532624948,99.68707301776338
20160405,-85.33467211285392,110.01284306489623
20160406,-91.02487227567055,117.66247782319685
20160407,-96.51018217614059,129.45738210050175
20160408,-97.59364432674434,135.3633872007019
20160411,-99.36125452515292,83.03963329525034
20160412,-100.62029392293068,39.7212485029124
20160413,-65.33686986296219,5.768090943120459
20160414,-70.79336889909825,-22.39049053235213
20160415,-75.79454625418461,-45.41146459198795
20160418,-43.27470697653411,-9.263523423542924
20160419,-53.60381110539151,-35.15992087821775
20160420,-61.32872160141831,-56.33747219334754
20160421,-66.11526623551295,-24.64694732951474
20160422,-37.526278426258216,-3.032397193086841
20160425,-14.152485621789126,15.056601794376919
20160426,4.593336364245853,29.263291650299088
20160427,19.914611384390437,40.909417384481515
20160428,33.0572620100862,48.06221548538581
20160429,43.5477136309367,25.09412507733057
20160503,19.11185377253392,6.231593212506243
20160504,-0.13131737284486833,-7.950983899185228
20160505,15.303920739489268,6.690689113947465
20160506,27.842243555233058,18.417155096700007
20160509,38.50641429343711,2.810662773306073
20160510,47.21531414347831,14.46046235370389
20160511,22.86815479766602,23.62378091180875
20160512,1.063758003564351,31.309416157136184
20160513,-15.313803268433857,37.48505596728746
20160516,-28.615362920201378,42.35703970480659
20160517,-39.24556660323796,46.058273820413284
20160518,-47.77257272096065,48.85814373302061
20160519,-55.357649732468516,51.14209521436685
20160520,-63.56794182958388,29.92448889456406
20160523,-70.28537605976642,10.99073186076114
20160524,-75.9881708387628,-4.632423876329225
20160525,-80.3059011170767,-17.069061819906057
20160526,-82.39271536143937,-27.00563611463687
20160527,-84.2454432840714,-36.096805631361114
20160530,-51.483023648323126,-44.098869157334036
20160531,-24.36085347121608,-50.786785132331026
20160601,-1.8792808433797397,-56.970856889009006
20160602,16.704870565940713,-60.955533416524716
20160603,-3.76123000350962,-36.16617679416623
20160606,-21.443613563165282,-14.966400219019024
20160607,-35.28887665630349,2.4571368907146085
20160608,-12.225518255813506,16.637891361216084
20160613,6.933499913956727,28.28702363732212
20160614,24.373671281869928,37.976384839100014
20160615,1.3662081481866446,46.3729127371461
20160616,-17.80054001991129,54.204160501690374
20160617,-34.57132979293419,60.995623398263554
20160620,-48.41922771339626,33.52629011100886
20160621,-59.76067515417661,43.82530972208466
20160622,-30.51323995487054,19.260525347331928
20160623,-43.34388307213513,32.35026655703235
20160624,-17.252676166608982,9.470493544161984
20160627,3.3344108063375373,-8.636533291500644
20160628,19.84023247014413,-23.45614036120003
20160629,33.46473817589661,-35.63567109040821
20160630,44.47176218535968,-45.184654206584625
20160701,54.61408427492092,-53.09158046146973
20160704,60.313732728779435,-60.33453848100149
20160705,64.10859611252499,-30.398718805599525
20160706,67.1990023580292,-4.843109847803608
20160707,69.6589777391302,17.319326889450917
20160708,72.37481276288638,37.10895081931733
20160711,74.39202014530468,53.5016391776518
20160712,76.16166217072147,64.9286627149524
20160713,75.11886028691255,32.48537987638561
20160714,74.25756076885854,47.21623716378424
20160715,73.4501165061389,18.129270711130644
20160718,72.20983667753966,-4.283500373447075
20160719,71.09913206149821,-20.83930146944071
20160720,70.54243734922949,-34.82627106304212
20160721,70.03297757893996,-46.208224143800976
20160722,69.46395059500307,-54.797212383508274
20160725,69.49292677138124,-62.98026819902862
20160726,69.55154079290797,-69.53575007047984
20160727,44.22382305472404,-74.84253638668046
20160728,23.40759077602469,-44.6924022987786
20160729,31.844033662386746,-18.724543574665994
20160801,39.59571735094893,2.3919137804042743
20160802,46.386205164142936,19.714983178686186
20160803,52.13176781520898,33.31353499374868
20160804,57.18611177216682,44.414780455848906
20160805,61.52074015961746,53.095682083633385
20160808,65.29647781172059,59.672250170097925
20160809,68.21867460225596,65.39828147881428
20160810,76.6087367538063,70.0654365385201
20160811,83.47131146350345,73.83864335582686
20160812,89.08841362230234,76.9061487559383
20160815,51.294982726385086,79.96904386707217
20160816,19.108420072525206,83.5485791424179
20160817,-7.21421404402891,86.52130395097076
20160818,-29.710131673494896,86.57627543837413
20160819,-49.41784812508299,87.80598715723345
20160822,-65.18296829307498,86.62892719265881
20160823,-78.88533080464592,85.76372676728027
20160824,-88.52446784834169,85.11797833823478
20160825,-96.19695838587617,85.81947195557514
20160826,-102.9754660458032,86.57647806622101
20160829,-117.2822837455397,87.24464283878002
20160830,-129.43434862479285,87.79960252103557
20160831,-139.64147454579603,88.59486744970145
20160901,-145.9889592175613,55.727817602797785
20160902,-150.74996500305613,28.45925866213702
20160905,-154.44130648416484,6.832567235472949
20160906,-158.6349013211095,-10.911704402536436
20160907,-162.7367390478326,-26.115224795723883
20160908,-100.38340699993901,-38.64801211592893
20160909,-49.44279343295866,-48.78317502515965
20160912,-73.63303627550404,-56.95069595336665
20160913,-89.94442703891397,-64.04872903102437
20160914,-102.91943046904879,-69.40148476750639
20160919,-110.51039305505205,-78.18015564646662
20160920,-116.69489078293992,-83.94119309754872
20160921,-122.42437276032607,-92.62899454071265
20160922,-125.96056909220762,-98.15431466655444
20160923,-131.56598167818723,-101.01438732404225
20160926,-137.50984041532243,-103.39839998593192
20160927,-142.0593781301969,-105.18207372126537
20160928,-87.40523146917926,-106.53245256791237
20160929,-42.03733760392734,-107.44930372987504
20160930,-4.867985366307357,-108.44730976903124
20161010,25.949571107005784,-71.11866789256743
20161011,48.59028939652284,-40.71228393461912
20161012,66.86189818587395,-13.360521129997396
20161013,80.32283578355656,8.921534604341748
20161014,90.68881987707351,27.11380335113416
20161017,99.53462517275776,40.85974585518664
20161018,106.75759062130268,52.10499995276943
20161019,114.62771536473427,60.206353285413215
20161020,123.05309156593276,66.77295381702423
20161021,129.74009663476093,73.33987262191285
20161024,138.8863678778276,77.02433418438844
20161025,140.37495516662983,78.3895143199007
20161026,140.8045269005585,49.61847641602546
20161027,142.33130175365275,54.86785726083894
20161028,142.0424040609525,58.5958858792813
20161031,141.8730731424178,34.14548314993245
20161101,141.13857833204762,14.213320905670857
20161102,140.632287004567,0.7685777980003202
20161103,139.27960151952612,-10.124172878998069
20161104,138.1371970463752,-18.86923708535549
20161107,131.14716501456348,-26.43547246648806
20161108,125.94280587170275,-32.656576249439716
20161109,119.46716202343242,-37.77571188283067
20161110,109.50304458856374,-40.749425683480474
20161111,98.94530116585551,-43.17750212833786
20161114,89.63704512331341,-45.352906447508815
20161115,80.98039659342112,-45.89617879668768
20161116,58.59554811062379,-46.35735174502897
20161117,55.32530824943767,-29.26632370672225
20161118,37.84051443812701,-32.55498808049014
20161121,38.35261968558445,-35.02992927088782
20161122,24.03268713174394,-37.31658072633785
20161123,26.973872868337647,-39.35060164614298
20161124,28.90310759524861,-41.07219924627423
20161125,30.42920773475437,-42.70033556471167
20161128,18.161802694258,-44.125859168666864
20161129,9.038734117246523,-44.41178718942229
20161130,1.630639149340703,-45.23931661598921
20161201,-4.411527125126847,-45.91526674614732
20161202,-9.308431815021116,-46.565861610609076
20161205,-13.388406326562366,-47.043325690657184
20161206,-16.733262623469678,-47.43181399839737
20161207,-19.52844640433559,-47.79975866701925
20161208,-22.08423629648246,-49.45117592124981
20161209,-24.98873214401634,-50.54877394800994
20161212,-27.555773320388305,-51.60687986954853
20161213,-30.23785476483006,-30.786601869095875
20161214,-32.49407760498284,-13.941472026128357
20161215,-34.54601586601432,-0.0038959467061865597
20161216,-36.217401763871145,11.684064748721118
20161219,-37.57475234536396,22.69812259989618
20161220,-22.660089465718183,31.92600497579684
20161221,-26.60930187712314,13.535279635856794
20161222,-12.201645929425904,23.722120071228805
20161223,-0.6301276301973222,32.03716488666304
20161226,9.41129764102497,39.23721679865933
20161227,20.538049672560643,47.52804900758022
20161228,4.454267608721525,55.13244520717454
20161229,16.727150553103566,62.35776658624489
20161230,26.82493539409654,34.03081139175139
20170103,8.347340196411972,44.338490332193544
20170104,-6.916452723506823,52.642537443910314
20170105,-19.856650286111446,59.3686976020575
20170106,-31.465831982588885,64.81242039529116
20170109,-40.761889563543704,35.7349029077193
20170110,-48.12069009024188,44.73399430003156
20170111,-25.750845323231545,51.699721975132206
20170112,-7.29888211956571,27.110828567169843
20170113,7.724734259841722,7.111454585973451
20170116,19.925238112351842,-9.440025334193232
20170117,3.2512684928175246,9.302308369225994
20170118,-10.92791377234717,24.629822844168505
20170119,-22.661183816235894,38.11388798480832
20170120,-32.737064480946714,49.397521367952564
20170123,-40.83893664928715,56.76638756534733
20170124,-49.03980668305974,63.04997945329388
20170125,-55.7335742848653,67.14012441338924
20170126,-62.09014407446996,70.04637435300518
20170203,-65.04654671974464,72.18616238966985
20170206,-67.55365652879219,73.53384557573426
20170207,-69.6119406283611,75.59042913497953
20170208,-70.8708022098568,77.2383182832038
20170209,-71.82519961038365,78.93350450267992
20170210,-72.86312747569129,80.71092550237424
20170213,-48.539536434827134,81.87856664304644
20170214,-28.64384525784274,82.35510456176942
20170215,-12.885896874480244,82.65751812153205
20170216,0.027431523778863678,83.49273147796951
20170217,10.58733964475953,82.7024637842565
20170220,19.281266230194937,82.04833339152256
20170221,27.09630529686331,52.61160385109747
20170222,33.46763176941832,29.538675202019444
20170223,38.617868249374254,37.48030711668245
20170224,42.862384710216276,43.793058022796835
20170227,23.52840300173268,50.36232299621643
20170228,7.691262658640546,26.660813735677134
20170301,17.613475648086144,35.62318038176549
20170302,25.794833261849693,43.49594098502884
20170303,33.34650660028398,50.03748035768238
20170306,39.43494639259426,53.86817211800173
20170307,44.41172832759985,57.01203912835851
20170308,48.65798287671959,59.65081822330137
20170309,51.848949982982994,61.68217122366059
20170310,54.49928643602813,62.784721390184
20170313,61.27921042933229,64.0039105394736
20170314,66.8465621551548,66.14254084602206
20170315,73.97285904098726,40.515662398479535
20170316,79.11665985409007,20.0852294685535
20170317,83.17578931228114,2.975524585977056
20170320,86.7666579297536,15.981542811572183
20170321,88.97945517478244,26.54713882037251
20170322,90.27460866447024,35.82235898373787
20170323,56.89290575187107,15.085405252884305
20170324,64.08743049802412,26.519988253723813
20170327,35.96358740679786,7.50446754849762
20170328,13.421605233026701,20.2976463435771
20170329,-5.300218632015876,32.79142362486793
20170330,11.961668421692998,43.017287636303486
20170331,-6.5193814064996465,50.80121337427801
20170405,11.027305793746608,23.33946134288182
20170406,-7.121991578198766,37.16894679407928
20170407,-21.8740750371671,48.319312727622496
20170410,-34.80257980497481,57.911011581913236
20170411,-11.952985933281191,28.473885382890288
20170412,8.092241981339889,42.26846882349754
20170413,24.335520471589632,14.579648121662865
20170414,37.708075682183896,-8.065983965309014
20170417,48.87436961427209,-26.031597244223665
20170418,57.609991060347525,-42.46122608478921
20170419,64.9713234450756,-15.734623976445926
20170420,71.63437348848396,-31.967300142781358
20170421,77.12930234583825,-45.507800919132215
20170424,82.24312666336571,-56.52847454103425
20170425,86.34724697034858,-66.39043380719595
20170426,49.89876511821407,-74.43462412967605
20170427,19.23361113605526,-81.29739097991094
20170428,-8.935693970100111,-84.01505017034934
20170502,-30.656111864354127,-85.70879417432513
20170503,-1.3286080463943488,-87.52415492800931
20170504,-19.35833505067923,-89.64518805370408
20170505,-34.71362403261585,-91.30204434663247
20170508,-47.90709991893436,-91.5453929032994
20170509,-58.64162466228693,-91.66550996663473
20170510,-67.61604695604683,-92.45456322215242
20170511,-74.6612892132212,-93.09815008898114
20170512,-80.4720654104863,-94.25804986740386
20170515,-84.63615614565263,-95.00727528134972
20170516,-88.37516608032708,-97.73886893378909
20170517,-92.16926672157824,-99.58335193402141
20170518,-56.00786583069012,-102.20711699322794
20170519,-65.01752397909118,-104.29356346047553
20170522,-72.30086825020712,-106.00926696659096
20170523,-78.29123357835202,-66.17369022481185
20170524,-83.23585373435547,-74.52091539916552
20170525,-87.29133478980971,-80.84625975037058
20170526,-90.61863650171773,-86.0262663578621
20170531,-92.05607933918665,-89.90102198008374
20170601,-93.77401312170427,-93.41280954626446
20170602,-95.20450135993009,-96.71852579232615
20170605,-103.28387209903478,-99.50133209450642
20170606,-109.34423068362824,-101.85560208575183
20170607,-114.90299395177988,-106.22876920003478
20170608,-118.64136902200849,-109.89086601364123
20170609,-119.71719368680307,-111.52944811563906
20170612,-120.53135274671578,-112.37009786334771
20170613,-120.42796848203167,-113.03301537055924
20170614,-121.24198970486056,-114.42579684943932
20170615,-76.7707828201,-115.08815553965911
20170616,-40.26432172346073,-115.9945240512848
20170619,-9.575565548898242,-74.85074989886539
20170620,-31.610628025992,-80.54684334353763
20170621,-50.39462799293151,-46.76861256831551
20170622,-65.28655875478074,-19.476667476876592
20170623,-32.488939405705665,2.1986569495615593
20170626,-5.60467370671554,20.22859606694358
20170627,16.3257540945447,34.92678968346652
20170628,37.05257337148139,51.701780043926846
20170629,53.23129979481831,65.76306366143329
20170630,66.46753547024944,77.18119466493202
20170703,77.47600679428476,85.22234949100368
20170704,85.57043524833846,91.65227014922031
20170705,92.28237305090376,96.40506821138675
20170706,97.82726247848485,100.22020701743513
20170707,56.01035172422757,105.16553074512949
20170710,21.724308161279232,109.29805008471962
20170711,-7.891274212016746,112.85699831942358
20170712,-32.03602050566871,115.88015536312457
20170713,-53.02036215771518,119.4179226919553
20170714,-69.75099822389889,122.29277042972791
20170717,-81.66742856732222,73.44915240914673
20170718,-42.4389875650595,33.613766931124175
20170719,-9.457969592482018,1.014652943886523
20170720,17.307335508960136,-27.385137456910204
20170721,44.09417881018917,-52.87590934605168
20170724,65.30208949762515,-74.16788028501814
20170725,79.01707680977493,-90.74487093511621
20170726,83.59632565157544,-103.58186725117933
20170727,87.64234049532706,-113.2505091237328
20170728,90.85683082652872,-64.31687486806858
20170731,92.68054953263915,-23.523895851398755
20170801,94.53062604065141,9.25185596935749
20170802,95.82686062437615,30.417401239590895
20170803,96.88957458097912,46.58070768307457
20170804,97.60339796811586,59.68131192208472
20170807,98.77718361933698,67.26719417718229
20170808,99.70755957942141,72.35385977187873
20170809,99.58717742158375,71.51641667055863
20170810,98.65703647474999,70.55025369160911
20170811,96.78600842085724,69.725773177308
20170814,95.68665774419706,68.34470887517718
20170815,94.8443545476118,67.46447774025867
20170816,94.08012454508163,66.54946689328072
20170817,91.95665582968299,65.4600440872803
20170818,89.88945872015981,64.30654641761366
20170821,88.21430856831701,63.39087754155196
20170822,87.16641313996027,62.57012132934958
20170823,88.1645730445708,61.73614816786258
20170824,88.90632027189632,61.079119010330714
20170825,88.81313548441554,60.643290612380255
20170828,89.32757544722631,59.88084895546056
20170829,90.08104015991272,59.29291652597472
20170830,90.81661201948907,59.098321548000115
20170831,57.02246233338789,59.20853545001343
20170901,29.2489593082186,37.63191268401094
20170904,6.577091120297733,19.840205908120637
20170905,-11.865050501856622,5.049785213480148
20170906,7.941968256937182,-10.807528733487889
20170907,24.224562130839725,5.729843019871724
20170908,2.716240480582727,18.605295812434473
20170911,-14.758801847051956,27.006664732732048
20170912,-29.106050760348747,33.87184122155757
20170913,-40.12853460600534,39.83003742399346
20170914,-14.262848380194582,45.73907188505047
20170915,7.15164675251908,50.04682966779584
20170918,25.24022995114031,53.51934381856248
20170919,0.4366582093966545,56.28469770281173
20170920,-20.633508109934123,57.2951318867565
20170921,-37.35585172452852,58.016113430254435
20170922,-53.569871709171046,58.158679277012546
20170925,-22.626382561221703,58.49730950100888
20170926,2.0208627936070527,58.798277286672196
20170927,-18.929472701683476,59.11648750613556
20170928,-36.11048795905037,59.27707023303706
20170929,-12.39207484869139,59.59676684879385
20171009,7.1129850715900425,59.7301649121158
20171010,23.446061126379224,59.66005235707405
20171011,36.38914611832637,59.65606603711731
20171012,46.45027784158019,37.80155079526243
20171013,56.53477403694672,19.6883367834465
20171016,61.721899524106085,29.539368733029306
20171017,65.9435601882074,37.57700290010788
20171018,70.1226759586315,43.73914788843601
20171019,74.18320251781921,48.73900091739422
20171020,77.49811436527817,53.28833940596422
20171023,79.24185885011823,57.080386156691596
20171024,79.94787520661438,60.30578372026853
20171025,79.53689397721733,32.04239422040694
20171026,79.88185201209869,9.13222612447436
20171027,79.83951229549037,25.931012081059713
20171030,79.67935654999518,2.7671835575676424
20171031,79.5887870085504,-16.390274784994986
20171101,79.41518227462426,-31.83401057551495
20171102,79.00435454595424,-7.109469594230365
20171103,79.76829166639666,13.156301934711035
20171106,80.39120118518288,31.207396321734635
20171107,50.532808105114235,46.71058746400758
20171108,27.25390398404142,58.96474229845713
20171109,7.774195586181279,29.608790072275728
20171110,-8.094365452762634,4.184432238825022
20171113,-24.42451347143503,-16.85611579303077
20171114,-37.498623042265045,-34.140928399731095
20171115,-46.67573866112427,-49.65262465640303
20171116,-54.21227590223547,-62.653679101725295
20171117,-60.71473333926389,-74.9983082703673
20171120,-66.46563323929145,-83.26523837820082
20171121,-72.69531612018228,-89.40520479946836
20171122,-77.92338818592827,-93.85882695752112
20171123,-82.20274364706489,-100.03596859510886
20171124,-86.28449178643586,-105.39905463896666
20171127,-89.35207649346707,-110.004537598902
20171128,-91.7578800833214,-113.5305378088384
20171129,-55.62094588176411,-116.23862019281444
20171130,-25.944795495257505,-71.42751879733318
20171201,-1.4951898324231039,-34.49985246323375
20171204,17.552457291427856,-4.309310583579493
20171205,31.548455525347777,20.280316072950004
20171206,43.018979346501496,-6.58206455931064
20171207,52.383854039123854,21.090922435634113
20171208,59.81153429018857,42.2602049108659
20171211,65.81819325678565,60.3317311146136
20171212,37.66508683241795,74.6803358416034
20171213,13.14192204947635,35.74145998127761
20171214,-6.920781192156058,4.100336505267946
20171215,-22.72779522958794,-18.87021668900036
20171218,-35.13882319655088,-38.951481257727465
20171219,-45.53125974512993,-57.01475214075728
20171220,-54.56689145733525,-69.56107139641692
20171221,-61.632230480627456,-33.939839993230215
20171222,-67.63441780423526,-4.574445295847826
20171225,-73.0172037725112,19.198193734777707
20171226,-77.3799032051394,39.246718453657685
20171227,-80.93767589967399,55.48863681248291
20171228,-83.4105887883627,64.17774191179083
20171229,-85.14219762552752,71.56501394730998
20180102,-52.37531563655335,76.97758961165583
20180103,-23.72026487279262,81.43385849644086
20180104,4.111525499230223,86.69385526106556
20180105,26.716298626371433,92.80126314082756
20180108,44.8323525207201,96.58009653776516
20180109,60.69319444360417,100.1238449122068
20180110,74.73847799683402,102.95717276429305
20180111,86.20878070954437,104.9430655658837
20180112,94.97104029391795,65.89903008139414
20180115,103.36436345905615,33.28207058534556
20180116,109.32374397504643,10.23705207215631
20180117,66.5487569720975,-8.39368553435444
20180118,31.292041931901352,-24.464821245168647
20180119,1.2679344628912923,-37.18550255797609
20180122,-23.45950247289094,-47.41908584623654
20180123,-43.85282854929153,-55.943458958794196
20180124,-58.958325352988375,-63.1035383471918
20180125,-28.949006394194843,-68.87952418502486
20180126,-2.7802414830015807,-76.88441329380504
20180129,18.555758356416053,-83.7808274247377
20180130,35.3714212237672,-48.07437247365929
20180131,49.05696379173894,-59.82664708250496
20180201,60.657708801217616,-28.60164824916522
20180202,69.35807890111019,-2.9802958192137012
20180205,76.28470864295905,18.465611834319926
20180206,82.22854480550846,35.53340653256327
20180207,87.10410437746144,49.14477326519131
20180208,90.5952483699025,19.009535303607727
20180209,93.15475519853204,-5.788994594253328
20180212,95.28790722082836,-25.195036755956018
20180213,59.015601061352754,-46.23917829808001
20180214,66.93496581281136,-60.51748374188261
20180222,73.44902424815282,-72.10637546693715
20180223,77.51315718671933,-79.83397011969431
20180226,80.89948512267001,-86.3004432734414
20180227,83.64256804688434,-91.59140643142747
20180228,86.43421666408324,-95.79388213731941
20180301,91.33317109130329,-100.13182950068422
20180302,53.88426287252564,-104.48287024753448
20180305,64.76892886656584,-63.23211624869808
20180306,73.656526652911,-74.1875706912784
20180307,81.11958159841197,-39.34548152157981
20180308,86.89245713521532,-10.542634732691296
20180309,91.21590515110123,12.51433819614457
20180312,93.34491659961041,31.45528927919978
20180313,95.12416674347669,46.58252901696282
20180314,95.8272376794689,58.68255035952667
20180315,97.34305003586908,68.49166948814698
20180316,99.25966728228524,76.50616583197503
20180319,99.86808423430115,41.254752280478954
20180320,100.78501422459627,12.529270162144787
20180321,101.34379127081455,-13.835032237508516
20180322,100.71118441033187,-35.33727210093556
20180323,64.79174665948109,-55.15091761912501
20180326,69.40601407980101,-71.42881065081215
20180327,41.3014223820361,-83.39331257976853
20180328,49.60921024086199,-93.2876070510204
20180329,55.71861212813994,-100.9368982311951
20180330,30.611598020187717,-107.17399885326688
20180402,10.07054327580294,-65.67586453924717
20180403,-7.093476580030565,-31.103803478174562
20180404,-21.137417117939094,-1.6751925841685174
20180409,-32.576464341364435,-22.983281461943974
20180410,-42.46153053815392,3.6658399201689296
20180411,-51.37282033685231,25.485909681587497
20180412,-58.492429057453414,45.731351019666405
20180413,-64.939314168955,59.90256334681604
20180416,-70.22968673137936,71.48928187116574
20180417,-74.31652943044466,78.64310193586479
20180418,-78.05558170501594,84.66608551588133
20180419,-47.462124235194004,86.14936723891961
20180420,-55.90111700736406,56.35233237442327
20180423,-63.151950659120985,31.97831326327886
20180424,-31.83075162843286,14.915626129678154
20180425,-1.228149804900584,0.9163638591573682
20180426,25.2415460703269,-10.549673841603623
20180427,48.12159954299071,-19.97310260345458
20180502,67.52016893010577,-27.654114887779073
20180503,83.62025591463376,-33.92045087689639
20180504,96.69909184661975,-39.261222267733075
20180507,107.2082496040108,-43.6373212921114
20180508,115.9210961647115,-47.27833469898358
20180509,67.73359284427517,-50.348556163670445
20180510,27.817854847704197,-52.88610470640788
20180511,-4.011583235051045,-54.95689676716869
20180514,-31.368149564300374,-56.66178867230016
20180515,-52.93313133657852,-58.4145177466359
20180516,-70.31862738425367,-59.831995796143545
20180517,-85.1874192983737,-61.53183055139298
20180518,-97.7873805606563,-62.913348866955204
20180521,-113.43229908008354,-65.95053547071537
20180522,-129.53661497919336,-70.11709040390383
20180523,-144.3929878368198,-73.68495096722093
20180524,-156.43415867526332,-91.95457547834114
20180525,-166.2158840344259,-106.43743906375552
20180528,-173.98246144799586,-118.46991970279215
20180529,-180.1728919029274,-65.17653547821897
20180530,-177.2637014998088,-21.3059992724525
20180531,-172.3202867174788,15.658523165383201
20180601,-168.5961821514451,45.41161195463879
20180604,-165.2441014929553,70.76874812333651
20180605,-161.12896917141225,91.58847301678395
20180606,-156.93754482847024,104.1233477673107
20180607,-151.56144427781265,113.15822506772635
20180608,-146.54463477275425,118.195000667138
20180611,-142.22394750997876,122.44266446081548
20180612,-139.1382473942652,126.2246208761188
20180613,-135.9532800897946,126.97634013811339
20180614,-133.36998812042012,128.09324678978
20180615,-86.95313792617436,127.32229157178678
20180619,-86.33104228850432,124.01521943606225
20180620,-85.7404785189046,121.28110552205769
20180621,-85.32331993056968,79.41256236110104
20180622,-85.09808379357024,44.33324091825673
20180625,-84.87533498878273,15.257001187879624
20180626,-84.70665359202934,-8.374576075398869
20180627,-84.56222459489318,-26.721304848601726
20180628,-85.43942398035657,-41.70813010682064
20180629,-86.62178973669074,-54.121013917389284
20180702,-87.33902097607651,-63.726397826302446
20180703,-87.96921313159362,-71.42019291749477
20180704,-87.03700439138977,-77.73261982496618
20180705,-86.80389171513688,-41.692912358810524
20180706,-87.99319692831709,-11.61800572409722
20180709,-87.47771015215932,-31.856347761678617
20180710,-87.42639492519963,-48.345622678130205
20180711,-85.36983137482541,-61.12196571865054
20180712,-82.6794070613985,-71.79285955769463
20180713,-80.54659224178044,-80.41604700410807
20180716,-78.81126290880056,-88.82861580101935
20180717,-79.71199422274775,-100.37962704454493
20180718,-80.50309738384647,-110.6305560157742
20180719,-80.76320371501063,-118.7803572257715
20180720,-81.03391697645473,-125.56108566460044
20180723,-80.8986834146269,-77.03004582073578
20180724,-80.62221984137855,-89.11523927715507
20180725,-79.9451116033171,-45.62943443213556
20180726,-79.35619827174409,-10.330710090883585
20180727,-78.88155532101872,18.265118429037173
20180730,-78.24742582776247,45.47262200019418
20180731,-77.54764339796938,66.67601379940496
20180801,-78.39414976758039,25.954995369156638
20180802,-79.47820560096626,48.73767906959126
20180803,-80.42610418491444,12.140705444647095
20180806,-82.12325989932332,-18.242458738285514
20180807,-83.5144667117884,-43.06261775334502
20180808,-90.90746025022077,-67.29492433242967
20180809,-99.53384119624717,-30.089420592975365
20180810,-106.357489261019,-1.685665051638227
20180813,-111.9156575136714,21.71221461471945
20180814,-116.1663441772171,40.93944870143165
20180815,-117.00320933344968,55.46054541845641
20180816,-115.51451062934967,66.80391756195708
20180817,-114.22054144375403,76.01365457017911
20180820,-112.80989120047914,84.85804887115624
20180821,-111.33520604934927,90.14459943335832
20180822,-110.85267789341268,94.3839665332985
20180823,-110.61077349978565,97.95922821249093
20180824,-109.46814558102218,100.31642483214468
20180827,-109.30569487396086,102.09823573860643
20180828,-109.84900686299979,102.58963835057911
20180829,-110.14339193869752,103.10387946716163
20180830,-110.92196129166425,103.95948844998483
20180831,-70.03855840257728,104.51932157184159
20180903,-36.938724554767006,104.8677411093468
20180904,-10.128995494549773,104.94206413969577
20180905,11.739977928460904,104.30407372314939
20180906,30.306209720603253,107.11120504910791
20180907,4.033367419769501,111.0447286992452
20180910,-17.627271658520907,114.51774576165406
20180911,5.648079666426878,70.32005435431022
20180912,27.24142476475342,34.2302159248685
20180913,45.525414209144465,4.338606698562043
20180914,60.255034704759225,-19.90384331269308
20180917,72.49645167427737,6.357715063137059
20180918,81.07360460156656,-20.968000972277355
20180919,86.12587187775813,-43.17295869964835
20180920,90.27535844410049,-61.21642446446187
20180921,93.94937241452031,-76.67013718694308
20180925,57.40891092258477,-89.00494067133737
20180926,27.39762358751727,-104.35179033621921
20180927,3.3465849727858865,-114.84965966304236
20180928,21.828412868786966,-124.5151108464581
20181008,37.028271669151984,-129.74694036194748
20181009,49.73427156486697,-132.75996333571277
20181010,61.080990668854156,-134.10170115081982
20181011,31.18542595078453,-85.17430125479547
20181012,7.592913832693305,-45.94913731652907
20181015,-11.45170698102107,-14.606998508343702
20181016,7.93552855593992,10.686032304288872
20181017,23.9907988310373,-14.034151447409712
20181018,37.156268850457,-34.263484050122784
20181019,49.23003806518256,-50.82431645766996
20181022,21.38337029948722,-64.71523104962766
20181023,36.5467616953256,-76.71467412232575
20181024,49.98497819139472,-86.46773628849294
20181025,62.377383664038234,-94.63743985141508
20181026,29.222166239669736,-101.25459748646206
20181029,1.582209628514289,-107.76400421136547
20181030,-22.582130531257018,-112.93700316176967
20181031,-41.11082653779826,-116.7046822736863
20181101,-56.403968380302985,-120.8677522559458
20181102,-27.52715964242196,-123.23060411961552
20181105,-3.8572127780186864,-75.04125913772667
20181106,16.043209703729204,-34.411968073121955
20181107,32.49443522058917,0.11153386095362425
20181108,47.35261695825349,31.605750397002513
20181109,61.960913378469705,59.25811758895336
20181112,73.86085930578616,84.38393069818808
20181113,83.76288445741329,106.2098060710701
20181114,91.74639405025549,123.94366642793402
20181115,96.31723367168206,140.71041613593084
20181116,100.11641005565912,154.5440684776689
20181119,103.5053970763967,88.166779227456
20181120,106.76059099951041,35.400527766125265
20181121,109.66829888133927,-8.14175062939421
20181122,113.03121164295868,-42.522555345692396
20181123,115.6771594343769,-71.40091391040792
20181126,117.81852708347328,-94.84207678068852
20181127,118.9741343379875,-115.4040610060407
20181128,120.79112844982808,-133.82573679435518
20181129,75.08294150685266,-150.45631353217726
20181130,28.301120555257025,-166.9791982217404
20181203,52.58734740755906,-106.54720017501407
20181204,16.2954840940626,-57.036938197341186
20181205,39.69922869861427,-17.185095767753285
20181206,58.14433463901851,14.33806102881885
20181207,73.1865736228369,40.114485075865645
20181210,85.52260300950716,61.2622279196108
20181211,44.293008465046476,78.5486299421928
20181212,62.402259460852754,93.28155744957617
20181213,80.14446645054858,105.47271574533742
20181214,93.30686934526321,115.42694752437363
20181217,49.188296215066856,64.74563584759515
20181218,67.10371938359835,23.04143726766995
20181219,31.309425851603102,-10.697465796646535
20181220,1.975520479870295,-38.69223876737411
20181221,-21.816551511176257,-61.164005475525485
20181224,-41.00243898633734,-79.68417531458888
20181225,-57.27505669193996,-94.76087543061143
20181226,-71.50821927684201,-107.92583001869579
20181227,-83.26122529436478,-116.6900647717431
20181228,-93.02553148647559,-124.39101823401269
20190102,-102.0373379041579,-135.8133509811887
20190103,-110.60941164013937,-144.2730812457396
20190104,-117.8485384948329,-149.90960402877795
20190107,-123.25717905373862,-155.99859141855603
20190108,-128.2060391494241,-160.6210253885697
20190109,-131.28414637168336,-162.95136112353853
20190110,-134.0522053645941,-102.09951854286855
20190111,-136.26491198070178,-51.99108272002867
20190114,-84.81544387093838,-11.213017109828845
20190115,-42.28902939048735,-40.169581443362546
20190116,-7.824715544874679,-62.64745348303018
20190117,20.632363796809237,-82.41659223480325
20190118,-12.794193093447754,-97.83174353866102
20190121,19.370343757795712,-109.98937520435013
20190122,45.58282044966439,-118.833192140693
20190123,67.72457022761358,-124.15390856127766
20190124,85.5150537535596,-128.63211280211678
20190125,100.02704347133785,-132.29683212171688
20190128,112.24503453942823,-136.67879063813368
20190129,122.27294799403667,-140.08830486864343
20190130,135.2063892026084,-146.73312420917358
20190131,145.41868202423325,-153.5550484610912
20190201,83.71194909499643,-160.07017553588594
20190211,32.525520453711955,-158.76659547235315
20190212,62.62353738037773,-157.83133373354113
20190213,88.94337077714363,-157.84183999368946
20190214,110.59684756351118,-158.11864308159468
20190215,53.61905713552991,-158.38520886461734
20190218,72.95787397989518,-159.27663474907501
20190219,88.77840731563847,-159.86161754142208
20190220,101.93103740334591,-160.86736218464605
20190221,112.60736148608375,-161.59587179695276
20190222,122.51909013095656,-160.99423997804573
20190225,128.95235814734792,-103.17738617264366
20190226,133.93056670023975,-53.94897575471241
20190227,137.69937206759064,-11.884939356519801
20190228,141.74248749663616,22.57676217883102
20190301,144.81525473595616,50.96400520707413
20190304,92.20025013376191,74.23567106236045
20190305,101.40921356553358,31.103158357762986
20190306,108.71050026353113,-3.90264164229912
20190307,114.83628108726151,-32.769727077852544
20190308,119.63637139632402,-56.42776426261244
20190311,123.62242585935388,-84.8080391973239
20190312,75.47517935095347,-108.4909435588833
20190313,36.248921381658725,-127.091032574588
20190314,54.84616186113978,-142.24531002334885
20190315,70.64299496975772,-154.71475916302438
20190318,92.13835329742952,-164.6844406018438
20190319,109.85904894035319,-99.29250557818666
20190320,125.73770985979701,-46.01706894192292
20190321,137.9776605474541,-2.343888884965154
20190322,79.7570578177585,35.92890193058414
20190325,33.75029337318498,-7.276255815498224
20190326,-4.028730159078606,-43.39352653337801
20190327,-34.39268565057866,1.8259174255232347
20190328,-59.435385873504856,38.561899339766455
20190329,-78.92136870829852,68.37624367324334
20190401,-92.46674305291107,22.592292529449836
20190402,-103.41979104451487,55.18440679363178
20190403,-112.04345980854428,83.13433331177185
20190404,-119.37666601939615,106.37312997927741
20190408,-125.09856505744501,125.37986314157048
20190409,-76.43022147682517,140.9082563862467
20190410,-36.83266554639347,153.47676147789406
20190411,-4.914253989374611,164.27938043407616
20190412,21.475861647905692,173.41943550458382
20190415,43.22867072132779,180.85682461061674
20190416,60.9424613436411,107.6133930673383
20190417,75.43870943443484,131.40429288615948
20190418,87.42317089634453,150.91405125551697
20190419,97.50187760345011,166.82111792424433
20190422,106.6891410002637,178.6799384578406
20190423,54.08533879930764,194.93568919894375
20190424,11.684703874025354,206.81414781788413
20190425,-22.804876839600375,214.39125224416537
20190426,-50.42250661177361,132.3957384221023
20190429,-7.552715360045603,65.3424362564359
20190430,35.231063913656705,5.295246116771981
20190506,-1.6382412469264214,-29.640868727285074
20190507,-31.520591215734804,-57.372541817175936
20190508,-54.773717819730166,-79.96967407269433
20190509,-73.74286829771988,-98.12273664730974
20190510,-91.98043788794898,-110.1025309325383
20190513,-107.31976490316208,-119.81297930805765
20190514,-120.36711653543685,-127.62539164219078
20190515,-130.0020667627593,-132.53928069747815
20190516,-138.08792047426786,-136.6260747879323
20190517,-145.13249807026315,-139.6005066755733
20190520,-150.96147477679517,-86.20358323588464
20190521,-155.47224243113843,-42.45814984513746
20190522,-157.3288512731219,-8.020160244230603
20190523,-157.84084332059948,21.1325285943081
20190524,-102.80301836691237,43.64267638872705
20190527,-110.26632655786347,61.94982906452078
20190528,-116.95094620712973,77.20329437944919
20190529,-69.20890645515638,89.54787158650849
20190530,-30.302259016192885,99.72371732154829
20190531,1.3812641662410574,108.19179247756962
20190603,32.21719648582657,121.68208478606793
20190604,58.3504546571124,132.21008812651166
20190605,80.12476993799923,140.58191247637248
20190606,96.41882469657813,145.38404586021278
20190610,48.32089867242409,153.36617150297675
20190611,66.45520873622962,158.79187690099045
20190612,80.44988087296245,163.0179048655721
20190613,92.34984006520895,96.26555046322692
20190614,102.0636039377181,41.584592077983416
20190617,109.96398975489558,70.03918379046827
20190618,63.911291264791025,93.23356445599829
20190619,28.00923610436177,41.313009755825796
20190620,48.53380651854252,-2.8208996867034988
20190621,66.77122107327672,-35.778481151973146
20190624,83.61698787065717,-65.16082626174928
20190625,96.45728923797107,-88.78641687696916
20190626,107.00522888853541,-108.5924973314089
20190627,116.38545545565822,-125.41559160067897
20190628,124.66381926252589,-138.57449636624156
20190701,132.1380749005376,-148.71231444660737
20190702,82.61377467901782,-156.93860363922943
20190703,42.78947005564122,-164.39830843283377
20190704,9.977122687964632,-101.14528526707336
20190705,-18.291325139100472,-46.863099429271756
20190708,-41.77721125818285,-2.4870182802143153
20190709,-63.77316201683305,35.990607528712204
20190710,-83.24096054720829,66.55192866217095
20190711,-96.94572057050051,91.76348698402585
20190712,-108.14865316046956,112.52687782620723
20190715,-117.32896439476623,129.51835564783678
20190716,-66.96387696149421,143.27336105737723
20190717,-23.270536659081824,155.09630096474788
20190718,12.515494664854907,165.19099352196395
20190719,32.670945772861934,178.50661105488234
20190722,47.92840777611134,188.51237789430533
20190723,60.71240807157965,113.12982961152369
20190724,71.06407633108587,52.06682459292532
20190725,79.56500519940529,4.761436284301276
20190726,86.53881522726434,-35.059145633665665
20190729,92.64981079056278,-69.52545464261651
20190730,99.54613769510452,-97.93595665985431
20190731,104.52226939560732,-122.09243999397837
20190801,108.56229630178726,-145.99649032361285
20190802,111.73593794108926,-74.78584096038921
20190805,113.75164677633585,-103.70896202479362
20190806,115.51386997712672,-42.162762379614996
20190807,116.80678829181194,8.398690843168218
20190808,117.6824151447936,47.46508035995935
20190809,118.30849609045259,79.75212248211223
20190812,119.0345676776554,95.59914314348129
20190813,119.50455846050733,108.58674290152223
20190814,119.88859149424711,119.10430351957473
20190815,120.1577138574633,127.81258549875483
20190816,130.53449151786305,135.00663898163057
20190819,142.19969900390862,137.78984493176083
20190820,151.78799657395183,141.1164377912975
20190821,159.72427620663854,143.77343921712253
20190822,95.24956224450453,146.4538751090381
20190823,42.68453731354594,148.2318662664437
20190826,1.2547580859125,149.01059144629716
20190827,34.40378590011444,149.71809484269335
20190828,-8.2338650480919,150.51391554384426
20190829,-43.27276330337654,150.86978380693253
20190830,-72.21189860975474,151.75049428469316
20190902,-99.12277209356598,152.3867697705365
20190903,-42.783561899273636,152.6322178630266
20190904,-73.46584308001177,153.48249637289553
20190905,-102.88710433328386,154.3607412426438
20190906,-122.95961826952264,97.6623558188794
20190909,-139.31929387877338,42.02319100813819
20190910,-74.14507174633455,-3.1594047511235908
20190911,-21.514236848701913,-39.935571774553416
20190912,21.766661209520528,-70.05029043484863
20190916,57.25119878460015,-90.87488068653278
20190917,84.87115606842703,-118.97606270776366
20190918,107.39854792248288,-142.88646818340362
20190919,125.38014587381727,-160.55812696447487
20190920,140.56345195368678,-172.2840330698081
20190923,151.47563279342836,-182.60620523319452
20190924,163.0216391455707,-107.4054504889815
20190925,174.29041792110584,-45.96799493282088
20190926,101.31089472781032,3.833794319795327
20190927,123.00704448589687,44.545549695962464
20190930,139.00395292081603,77.70128518437875
20191008,147.98248352315855,108.35266018350751
20191009,155.96761478829634,133.40526423899865
20191010,91.79114833720448,155.30555343745107
20191011,37.8701040887698,170.3319933779173
20191014,-11.189849244994788,185.22714541468335
20191015,-51.323815288197665,197.13770395638537
20191016,-83.35605954535524,203.59185494234222
20191017,-109.73005215237606,210.99743597867587
20191018,-132.8333678205441,128.3646363866436
20191021,-71.04617685222244,57.20557310595021
20191022,-20.022888915368398,0.30217620880544244
20191023,21.146258938856175,-46.17104940066075
20191024,52.50807878455898,-84.65218037901666
20191025,78.19914440055314,-121.65428673311692
20191028,100.49469611769965,-151.10893097220674
20191029,119.51550372621756,-175.89226386858886
20191030,134.98811709110086,-193.616039650772
20191031,147.15982672536066,-209.96146660036328
20191101,157.050200573129,-224.33964560067568
20191104,167.15410968413318,-234.12977180096627
20191105,180.1220206054606,-242.54668005479053
20191106,191.80203175891575,-250.57947594985484
20191107,201.2629045566178,-153.11725094997436
20191108,210.0367457242101,-186.06263669456615
20191111,216.63127388998106,-201.87653720954256
20191112,221.92092478218134,-211.75973160512174
20191113,225.82511926970085,-222.0134778308821
20191114,229.41860312223628,-229.33550974754587
20191115,232.22933189201322,-235.31013363402883
20191118,137.2921380163988,-148.1114836915446
20191119,59.29394585610881,-77.59022088297478
20191120,-4.811191337302957,-20.37843520377934
20191121,-71.8823817360213,24.668741172428042
20191122,-122.29040802963998,61.64778918530156
20191125,-158.53799017328026,91.13354785085218
20191126,-70.88276150143851,114.99411055014258
20191127,-3.789371063646319,135.43769577472077
20191128,52.83528732453273,150.58332817748766
20191129,102.0938125865452,161.92278546939036
20191202,142.90511328660648,93.60882667601086
20191203,176.14387934446725,37.66206969129693
20191204,202.94642180772888,-8.0418011781815
20191205,221.44825336069684,31.967484386494377
20191206,236.20468954329039,63.59965627732772
20191209,224.70209715639007,12.569507566456204
20191210,214.92945196303478,-30.729201266320594
20191211,207.51584513600656,-66.11395990565269
20191212,201.50213024617474,-95.2650805787926
20191213,196.87443067877473,-118.95304143565124
20191216,193.11435823536056,-141.70168121468373
20191217,190.4742911915112,-159.52665188305943
20191218,187.3956707689752,-172.89501356386543
20191219,184.85474520518744,-183.27432458283798
20191220,183.76132407715286,-191.434465706258
20191223,183.0163912296009,-199.7035340565134
20191224,180.65052120098392,-208.36374037358505
20191225,179.02859525848143,-216.0609933911618
20191226,177.86657136266493,-212.4318654809672
20191227,177.12276165681624,-210.13967041663525
20191230,175.60608725621887,-208.80421179587245
20191231,173.43357549938543,-207.76614951726305
20200102,172.0426956694131,-206.7403036265431
20200103,168.69070079103065,-206.4005894596941
20200106,165.65467973369542,-208.7351401891884
20200107,174.5258779626807,-211.73160219962736
20200108,103.18228380184848,-213.27756400852866
20200109,42.85688864562934,-212.31259854964577
20200110,-6.455436664416904,-137.66445426440632
20200113,-46.713842222645766,-145.08516724417896
20200114,-76.88501207707948,-151.15697215329408
20200115,-102.0214068642772,-157.31461825035092
20200116,-123.22967222186098,-104.33102497907176
20200117,-61.08456445541383,-60.56640927247727
20200120,-10.564676837983196,-25.045567174667678
20200121,-41.42048417670899,3.528239897290849
20200122,-71.1213356099942,26.931459164620097
20200123,-92.41827462371913,45.85663034339139
20200203,-88.19356994924641,20.41078217260718
20200204,-84.65437607280477,-0.4318912657987387
20200205,-81.57967861140695,-17.4764644441722
20200206,-78.7809233553126,-31.367023974222207
20200207,-76.50425746100117,-42.628311310538834
20200210,-74.67466894883046,-51.84342457682899
20200211,-73.10680103104785,-59.28060218167005
20200212,-71.90895302207791,-65.3648216152188
20200213,-70.87500165473564,-70.53319591748887
20200214,-69.9788110202044,-74.87221327880548
20200217,-69.09821439970429,-43.69777588094897
20200218,-68.37524422346733,-17.857615017762893
20200219,-67.88781035921167,3.2919892779691065
20200220,-67.47599757178725,20.645190572597507
20200221,-67.09226467437482,38.68132321750912
20200224,-66.78702765652139,53.44256970645499
20200225,-66.53010328175488,21.95897714512615
20200226,-66.45451427778617,39.85542354851969
20200227,-42.30736324443524,54.73914254894334
20200228,-46.245934031501825,25.60708197040212
20200302,-17.161992825466097,-6.603300412406411
20200303,-34.37822307900481,-32.81810673823011
20200304,-7.867901627924903,-54.111634729571854
20200305,14.732568254478755,-71.91563986550686
20200306,33.03898673560379,-86.92603044389917
20200309,44.817383314293444,-94.51325882853189
20200310,53.035500876337956,-100.2387700985224
20200311,59.55335245037737,-104.9232296659465
20200312,64.2003629159859,-108.73934846210689
20200313,37.03393796243646,-111.44739077509536
20200316,45.14325602358717,-113.49555272325243
20200317,51.736525896163556,-115.4556304480314
20200318,32.11859865061794,-111.72510500687046
20200319,17.692563637983667,-105.34162894893497
20200320,6.757477418633824,-99.10963637241055
20200323,-1.8126373334279131,-91.38558294674414
20200324,-8.456055839342238,-84.90235119722847
20200325,-13.52434365728919,-78.90144470262909
20200326,-17.667471210374828,-73.9937162320695
20200327,-21.068597182208396,-70.03577694185445
20200330,-24.00260876072407,-66.88934487342975
20200331,-26.38205379280232,-64.27363292393717
20200401,-28.325913991431364,-62.11411858211727
20200402,-29.799356599378797,-60.313363638212785
20200403,-30.967998833838035,-58.730639796237234
20200407,-31.921386610613624,-57.502439541221136
20200408,-19.44127828050167,-56.587430083044346
20200409,-22.586736225020548,-55.79304084887602
20200410,-25.046939156625033,-54.85961146793076
20200413,-27.065902527691645,-54.13137182568245
20200414,-15.46168175246625,-53.52245910106009
20200415,-5.970749310533617,-52.81188663080999
20200416,3.0157389738791753,-52.798546355599214
20200417,12.588389216401747,-32.80677029305413
20200420,21.262082031814106,-16.323025547284477
20200421,30.778103026748422,1.2680441862016734
20200422,39.217905528424794,-13.596834150586487
20200423,47.14084199817124,-26.92227371033616
20200424,54.1923227874554,-6.047678294290052
20200427,59.516451627682464,-20.85955875863822
20200428,64.40523399598887,-34.87999915909237
20200429,36.84659274964896,-46.28479676405858
20200430,14.166276404744442,-57.03439234515868
20200506,27.76575836558321,-65.84339168582764
20200507,6.599965643437787,-71.95846900665903
20200508,21.999948238935087,-76.79279649540828
20200511,34.56066455860878,-80.73669660801869
20200512,44.237726238912465,-83.18332453541294
20200513,18.397220300591897,-85.84959344600693
20200514,-2.634252637936761,-88.60011592417686
20200515,-19.807272506116263,-90.86588641444324
20200518,-34.032889637174776,-92.98577924844359
20200519,-45.30808412999174,-94.96621704815502
20200520,-55.5759810870958,-100.69564848976277
20200521,-63.69899775275837,-105.02308687899024
20200522,-70.53929608887174,-114.7710345044696
20200525,-76.5775623894597,-123.09565847055524
20200526,-83.54247985620167,-129.50428635893368
20200527,-89.14554858889105,-134.62883659448386
20200528,-95.56998738067219,-138.66786275152626
20200529,-101.06504437661559,-142.08043951193554
20200601,-104.21431254074609,-144.39540945558238
20200602,-107.21305780581744,-143.81984009797748
20200603,-110.01355274964293,-142.9049057514122
20200604,-112.52868095145007,-144.37035301465835
20200605,-69.83003474171929,-145.98738704562726
20200608,-35.73767508395994,-144.42324577050522
20200609,-51.88281543485847,-145.16161735727377
20200610,-64.56184414937842,-145.5766949736109
20200611,-75.46976648110024,-143.33241782284583
20200612,-83.98266408215852,-141.44345410325946
20200615,-89.0334134648957,-140.5697788599065
20200616,-92.15867010835578,-137.24361450255907
20200617,-94.01396242425923,-90.36845319447377
20200618,-95.74256339107806,-51.03100665348694
20200619,-99.30696017318215,-18.769792949676518
20200622,-60.74437480640595,7.610293113164981
20200623,-29.27667679485992,28.881273440512896
20200624,-3.0073869222542573,45.874664311370346
20200629,18.341440932790743,59.528399419741916
20200630,-5.7272973478179185,70.70893866844506
20200701,-25.827844658691273,79.43117117386618
20200702,0.17637360664510943,87.71634274810621
20200703,-19.569354496974213,94.70963335831627
20200706,-36.02305355675365,100.53451292982808
20200707,-49.73554485872786,104.64360508694644
20200708,-61.29311610345101,110.00496604932007
20200709,-69.75434804981474,65.59240568109058
20200710,-76.65623027014944,29.039348388785996
20200713,-49.12105799615971,46.229136646574446
20200714,-27.117026808413964,18.569892569463587
20200715,-8.603896113173224,34.49355557410379
20200716,4.928418322886419,13.210794812120952
20200717,16.03754837668456,-3.9297398143387468
20200720,25.051595581519265,-17.944143806722707
20200721,32.67441881073741,-29.40947326318256
20200722,38.98484507763903,-38.663353871458995
20200723,43.92056815375134,-46.298633486187995
20200724,47.53614645073676,-52.64083916240537
20200727,27.24297940490985,-58.08261817086399
20200728,10.630588150817317,-62.4680825802783
20200729,-3.0355497694008107,-66.1867046798373
20200730,-14.170340132183886,-39.29472739148046
20200731,-23.502598950935656,-17.348263987713104
20200803,-30.7488036482147,0.43468794191528587
20200804,-36.63409981167844,15.08639157674976
20200805,-41.468438856995846,27.037436629573186
20200806,-45.78227306872869,36.56939266691216
20200807,-49.33202753202224,15.434350320884562
20200810,-56.01916271179015,-2.8820881973062344
20200811,-61.782437236562856,13.730103261111632
20200812,-66.32628596993337,27.31920245123142
20200813,-72.53346055127024,45.05878457394922
20200814,-78.91771190155676,12.964864655659559
20200817,-83.16219518399178,-13.527484614877872
20200818,-87.43735255880974,-35.2200613690555
20200819,-55.069247347435734,-52.149098069155265
20200820,-28.396254267809052,-66.0079095818251
20200821,-5.812282150460462,-77.35596161302027
20200824,12.765331115700194,-86.62947487121421
20200825,27.721588868319245,-93.10430533114994
20200826,40.011341617624005,-97.83911859856822
20200827,50.10660091220913,-57.14900868135645
20200828,58.0099480395429,-23.905305534994806
20200831,65.48672464812515,3.4323882540717245
20200901,70.49118119043385,26.190758413542607
20200902,73.48452685956713,44.749002555254606
20200903,75.80334681090179,59.27157751938576
20200904,77.69792356381218,71.22874578671973
20200907,46.58178155071572,80.87874607781526
20200908,21.205734359110735,89.87465511964636
20200909,0.9674857121026389,96.21173660242285
20200910,-15.834963491266366,102.0003085093479
20200911,3.8717698715199473,106.27287333616889
20200914,20.28257746228809,106.90703877981848
20200915,-0.5203413456787125,107.38304184675403
20200916,-20.808797074741072,108.94765228959199
20200917,-37.191475567054674,110.2051885328695
20200918,-12.23618995448446,110.66663813157855
20200921,8.269545830649474,111.08389760988105
20200922,25.101482157085965,111.66921112692631
20200923,38.785086445877766,112.81403136901615
20200924,48.920329261439036,74.75717581970156
20200925,57.35600118908276,44.527758532140936
20200928,64.18221830042866,20.286677975786883
20200929,71.75941200227027,0.6583427125824868
20200930,79.54921131545842,-15.384241787567467
20201009,85.32189059657155,-27.971127409162982
20201012,49.56893010341757,-38.00299156575132
20201013,19.36361773175394,-46.71077452881448
20201014,-5.647720203983739,-53.83611638335753
20201015,-27.550278242250087,-60.01542309651294
20201016,0.24003072036786302,-33.10679244009799
20201019,22.700959639493124,-10.824754957443941
20201020,41.65253699579026,8.449655762653226
20201021,55.15976655273657,24.19470386098711
20201022,66.80793975489829,37.10255587819581
20201023,76.32511011236986,47.739610914603446
20201026,87.87090694589843,56.71785404701881
20201027,97.31551312307006,64.03431905777619
20201028,105.47926358216061,34.69975069151414
20201029,112.08653667450913,9.81712209655818
20201030,119.79912726960333,-17.81483053527158
20201102,127.13270679792367,5.078651842112315
20201103,130.03270870396133,23.811154321371873
20201104,132.66659157635752,39.19871487733071
20201105,134.58012342777414,52.00154520209366
20201106,137.6269697061047,64.46788193582206
20201109,139.17325553563705,75.60958706008357
20201110,140.2277888146548,84.61900437598766
20201111,140.56197604656734,90.42860123720732
20201112,141.14089037657638,94.65536296328568
20201113,141.1499486616662,97.62355340885792
20201116,135.278440852213,60.52512653060944
20201117,128.91247579370912,29.997674456634098
20201118,124.72432830567655,41.802207886348974
20201119,121.13057035618422,51.37102816054725
20201120,117.51443913464178,58.98392321352945
20201123,114.4327560138928,64.84518880208701
20201124,111.34402575321312,69.73409195500065
20201125,108.62389315586056,74.32549264000487
20201126,71.41321579693361,77.96144665603046
20201127,40.52450939962725,81.13691403437652
20201130,17.146115922811273,85.20370649453443
20201201,-1.3792991027947075,89.14407760870935
20201202,-16.744322417883286,92.46817933266142
20201203,-29.193021699480997,62.668577753837944
20201204,-8.387102957161273,38.294431683146556
20201207,8.217145493083866,19.094985457149594
20201208,21.940546326217525,3.4186338031549117
20201209,33.18198582585316,-9.443964417949157
20201210,42.56014222979087,-19.48156144041754
20201211,50.24084599625005,-27.427796699085455
20201214,23.83144469555207,-33.99317342919898
20201215,0.6898137497902821,-39.28785738053857
20201216,-18.280579682060417,-44.2516661735531
20201217,4.025631033542856,-24.120552149715635
20201218,22.63553930565418,-31.724124054904497
20201221,37.70273987925144,-36.79581030261601
20201222,14.380090818175486,-40.08676720976474
20201223,-4.822963903488183,-42.870980038058725
20201224,-20.99162646884144,-44.982503726963415
20201225,-34.739627980687786,-46.84606944770515
20201228,-49.98472091503529,-48.58880900493966
20201229,-62.65520555964843,-50.0256565348519
20201230,-72.91004684959083,-51.327964014673206
20201231,-80.28451964480557,-53.8760797350376
20210104,-86.67139044821768,-56.198411385715765
20210105,-92.37509549766816,-58.416077523233284
20210106,-95.62976767256465,-60.21355598296696
20210107,-98.2771084911515,-61.712102029600786
20210108,-99.45345551965937,-64.08951512783
20210111,-96.80737405876043,-65.5020766037725
20210112,-94.6426707397638,-67.14550449730977
20210113,-92.9039190408877,-68.42715278388908
20210114,-91.50008244553308,-69.69958927508253
20210115,-90.9040804868074,-70.93490691192505
20210118,-90.46315025401424,-72.76405168242347
20210119,-89.97531846671781,-75.9323050004921
20210120,-91.68818738049997,-81.35256169368019
20210121,-93.0749728140966,-84.93640929572332
20210122,-93.84595031708245,-89.59930220405988
20210125,-94.60912540529968,-93.20883171908312
20210126,-94.80701979076908,-98.59189239702309
20210127,-95.3302234554225,-103.96366161844188
20210128,-94.7964712068906,-109.29956612023669
20210129,-94.8914628143462,-111.58712883945148
20210201,-95.01791842110697,-71.4560662302003
20210202,-94.71758060339252,-76.27265086014363
20210203,-95.66869801300777,-80.2292318673438
20210204,-60.983819191740146,-81.74385244401468
20210205,-68.12138412047906,-82.05571689637297
20210208,-78.45630909343045,-83.75634635422394
20210209,-85.5177890240198,-85.23126324567723
20210210,-89.0498160572455,-87.11869451612797
20210218,-58.81529512840885,-85.21851393826388
20210219,-34.29746570283994,-83.56272312327268
20210222,-16.876858883221256,-82.0299115581713
20210223,-2.4210477282244836,-52.82982016114142
20210224,9.349254971883965,-29.14291180491808
20210225,18.321737431630766,-12.748215113850907
20210226,5.360391707714557,0.75595754420508
20210301,-5.103825873494537,10.785064206008414
20210302,-13.678389213934146,18.9688866235557
20210303,-20.651457387173483,24.71556804005863
20210304,-7.555981195790737,28.750948129529107
20210305,3.084401724070487,32.06728524993005
20210308,11.741305013364773,34.81514408282826
20210309,19.01256635269197,37.190013369233604
20210310,24.850403423567247,39.138238484261294
20210311,29.34429554681591,40.746040104381066
20210312,32.91063668199972,41.93579007068114
20210315,35.8312896968174,42.8281676920298
20210316,38.070789077583605,43.53153713691692
20210317,40.013610367541496,27.12260377516705
20210318,42.47476550542287,13.247575488495738
20210319,44.441423012842286,19.770307253901265
20210322,48.02388230813756,25.180034631226544
20210323,51.03956267368037,12.003613336731025
20210324,53.43449298359542,1.2115603124148782
20210325,57.102199271473324,-9.323331686309663
20210326,31.743361985508464,-17.563115377716684
20210329,10.924720756323074,-24.890309510194705
20210330,-6.235246684899415,-30.94072074973286
20210331,10.870297958881924,-12.4454635892158
20210401,25.949437676672073,-24.271375615373827
20210402,35.595844800931616,-33.94973424613797
20210406,43.499619832800455,-41.86617900160433
20210407,49.973532275717616,-19.529414049499245
20210408,55.60521500769898,-1.003884761100859
20210409,63.08558311052955,15.246625262185404
20210412,68.41212986299703,29.068228892495302
20210413,73.10967556620032,40.57535033483485
20210414,77.23604080456428,49.77276102166559
20210415,78.40169371491058,55.84268105384411
20210416,79.24773782880987,60.507068795174
20210419,80.01797286573976,64.13160018628872
20210420,80.8250995450641,66.9127748332915
20210421,81.09215406376562,71.3694850336294
20210422,81.51999773456417,75.03349785509538
20210423,82.65048526684771,45.09141195598729
20210426,82.62244795939763,19.40874067428658
20210427,53.3310623594634,-1.2356564165464303
20210428,29.958174793070135,15.888096512163758
20210429,10.889095705453077,-3.6932723262188327
20210430,-4.76255571368828,-20.051564025711624
20210506,-18.663193068196666,-0.28613498867121173
20210507,-29.378325692083813,-15.420316224490389
20210510,-36.481726034675056,-26.924195739875024
20210511,-41.23569383606233,-34.57484021290049
20210512,-45.15772659148316,-40.928369348431964
20210513,-48.438627671012405,-45.59778981445997
20210514,-28.829826001857125,-48.948992138073
20210517,-12.799706324952371,-51.410184680983015
20210518,0.5713525112847051,-53.8716484598753
20210519,-9.659824778179612,-32.582290455992556
20210520,2.241824083580056,-15.194513217490858
20210521,11.58350205037104,-1.532486232325696
20210524,19.280079728669044,8.662905170670385
20210525,25.562144116828094,16.875099159536543
20210526,30.656582315304778,23.673475407244773
20210527,35.16610544859701,29.075747432529973
20210528,18.639056624562972,14.03171572884647
20210531,4.914601732812411,1.7235146209957355
20210601,-6.4667638123864775,-8.658357824502424
20210602,5.20108856220808,-17.034013257590974
20210603,14.979026039245777,-24.246573219662636
20210604,1.6952441940363199,-30.847783367319224
20210607,-11.07766467325259,-37.37245973465837
20210608,-22.05494820807361,-17.954745322541214
20210609,-31.585285673559643,-27.173070072582792
20210610,-39.62757888064659,-34.879701429942344
20210611,-46.5687866012564,-17.810984536674614
20210615,-51.55882416119292,-3.5233258431585233
20210616,-55.749013539581924,7.89999127003862
20210617,-60.00978078534001,17.604695483453344
20210618,-62.80490696395225,25.33970504644669
20210621,-65.48970358935856,32.13053730885354
20210622,-67.04985899434365,38.597921128524405
20210623,-67.85633145101964,44.14039752281212
20210624,-68.53914010569085,48.80069803216875
20210625,-69.08027394054,52.593240104045016
20210628,-70.49909229964194,55.82336525710477
20210629,-71.95538385537361,58.53847145937487
20210630,-73.12393546114656,60.76979468084534
20210701,-74.08444436140574,62.78306279512319
20210702,-46.323935146375,64.30170637203781
20210705,-22.90422039511385,65.18152686708203
20210706,-3.814493520029673,65.8375279231074
20210707,11.3968018896206,66.33866652069909
20210708,23.836417237223714,66.6201305943798
20210709,33.96864667732603,66.81362997597921
20210712,42.42215327048198,70.2714034500564
20210713,50.39003010577643,73.3393870364829
20210714,59.19129455409277,43.276475536127585
20210715,66.5050982621578,18.883839306912936
20210716,75.2834003573154,33.445411915170574
20210719,39.77127140724318,44.98788635777339
20210720,10.072728081569469,55.2086991430961
20210721,33.64052705211474,63.01003362621111
20210722,50.77095616383158,34.29103719119262
20210723,63.82880008243273,10.428241148763627
20210726,73.12986586250844,-8.845295177972085
20210727,39.372565670394415,-24.733751951541453
20210728,11.760211096752734,-3.155903024218735
20210729,-10.733133480552588,14.319572402934874
20210730,-29.176831562417693,27.95607437900881
20210802,-1.748066612487521,39.92352585059822
20210803,-22.179998251382383,49.351905370814364
20210804,-40.368485076117814,23.093805594141426
20210805,-11.96903790237653,36.72558771030222
20210806,9.72979845343783,47.80990578502372
20210809,26.56332171710614,57.00487596778538
20210810,40.374986737478075,64.83948648631873
20210811,51.780167634117646,71.84648260211792
20210812,60.782977300365594,77.85083334999639
20210813,68.14580785978701,44.60449849253859
20210816,74.4761581784903,16.55746355561683
20210817,80.17738157619465,33.043364265973175
20210818,83.70208286509407,8.47875171585194
20210819,52.540858202015436,-11.140769745680146
20210820,26.738455763325987,-27.517739542608016
20210823,5.049910695867508,-40.528435091633405
20210824,-12.723317244181482,-51.20644983542261
20210825,-26.943473805323478,-60.40246110500894
20210826,-38.47725336086161,-68.19239846880117
20210827,-47.66703815356425,-74.02414539019023
20210830,-54.449150981124454,-76.46987129012713
20210831,-60.60836983286977,-46.18795665514995
20210901,-64.84778193669364,-22.448028625957882
20210902,-68.76741303566251,-33.183237921944105
20210903,-72.8651289930553,-12.724462194182069
20210906,-76.60931843346863,3.3050367220324555
20210907,-79.52162649563105,16.39221565918514
20210908,-81.84671566782276,27.074857823094185
20210909,-83.75970366987794,9.142208990637702
20210910,-84.98327433677544,-5.5422949734058085
20210913,-84.90752729454084,6.842504654786174
20210914,-83.42479007390338,-3.026142236111734
20210915,-82.71221014542937,-11.32538438199245
20210916,-84.81546365475482,-18.266690489036147
20210917,-86.40143138144877,-23.94553384912646
20210922,-53.7555888031461,-28.48538201117192
20210923,-61.63465136933957,-32.14298366022011
20210924,-68.02909796508492,-34.84552837432585
20210927,-73.50855319848974,-36.927007845406045
20210928,-78.24164500796743,-38.76897059270392
20210929,-82.47909430163261,-40.60749019438353
20210930,-49.12805962729228,-24.411824651310656
20211008,-21.418391874959646,-10.99323221971837
20211011,-0.5562480331096619,-18.01757497893639
20211012,16.200735781951437,-23.79312746107253
20211013,29.91306165052443,-28.706169813609126
20211014,38.38252708239344,-32.729158786440024
20211015,44.991931695243856,-17.945622286978796
20211018,49.028583642776056,-5.699113626672888
20211019,52.23310238990247,-13.438616550271695
20211020,31.748592747481766,-18.673566943350362
20211021,14.413736374338368,-24.34385710359103
20211022,0.25405080303802036,-27.501607050730666
20211025,11.72692318853064,-30.07466755506478
20211026,21.168300692087136,-32.09836348595006
20211027,28.42878381867495,-33.27584050920752
20211028,34.34491352872887,-34.420651884374976
20211029,39.13595175829892,-35.37594713775322
20211101,21.03031278651037,-36.122918079278264
20211102,6.274452827921513,-36.71267305998701
20211103,15.744245318341168,-37.12541651722838
20211104,23.22459755228264,-37.320809636236014
20211105,29.39155634592317,-36.99917922670463
20211108,34.7926852742293,-36.728688084376216
20211109,39.232444138112676,-36.637513434773666
20211110,42.88012740547971,-36.60925871067586
20211111,47.27593670376193,-36.33865379437765
20211112,51.47940032955076,-36.50575197370368
20211115,57.71850397999895,-36.82659810937622
20211116,62.813061970155964,-37.03009371178224
20211117,32.345364757020235,-37.990353654557644
20211118,8.690992601357317,-38.8342458204715
20211119,21.47376454282684,-23.935904802380364
20211122,31.91987664244207,-11.7090078761443
20211123,40.29056327024265,-1.6564729953053525
20211124,48.03478952272892,7.670504515852756
20211125,54.24870822638959,15.172879416929174
20211126,58.516050068417336,20.870255056288947
20211129,62.032343744141166,25.568283321088824
20211130,64.73419786509695,29.426237601955034
20211201,68.45245282280048,32.622301979383884
20211202,71.7142062176991,35.46930207509627
20211203,43.226328444639094,18.132229281597855
20211206,19.90035247786278,3.8859932739228538
20211207,0.6964998797298076,-7.748979941417169
20211208,-15.01973172847874,-17.278425784087222
20211209,-27.870300119124106,-25.82591024876068
20211210,-38.386577831046516,-32.73674741641248
20211213,-47.040268724400676,-38.06420740703449
20211214,-53.99354108474848,-43.486520758039916
20211215,-29.083836831595697,-47.65861802779497
20211216,-39.721980025681944,-51.05563775033545
20211217,-51.841845511535666,-28.509311569520168
20211220,-61.31786399861842,-10.10152228789925
20211221,-68.78222598345495,4.958313050782554
20211222,-74.90043161542289,16.550866822563425
20211223,-80.26760214863994,0.8819920343281411
20211224,-86.7361635196501,15.446881236970354
20211227,-92.10985339363675,25.684730607354176
20211228,-96.23121292071896,7.967188429546161
20211229,-99.50365386708395,-6.678262355173476
20211230,-103.9462710131543,-18.44062964603375
20211231,-108.53288999638801,-28.047142377103118
20220104,-65.9184008185617,-36.2072477252972
20220105,-31.09737019902623,-42.84750618187803
20220106,-3.3506791727563305,-48.077696638915725
20220107,19.38198484632192,-52.09895219142695
20220110,37.9410117224836,-55.38758966230515
20220111,53.114079335735,-32.427301078406714
20220112,63.469685367678856,-13.574459100143658
20220113,73.64194597205821,1.9990639324111832
20220114,82.25248789165252,14.414956030225383
20220117,87.20111480607993,25.563469645515774
20220118,92.09526344422713,6.938862560753294
20220119,96.78724225395558,-8.258760806774688
20220120,59.25842672005133,7.875993025920973
20220121,28.315844950189202,-8.296437060640718
20220124,42.72259360035546,-20.653139508012995
20220125,53.61080000396802,-32.89479145589924
20220126,62.01284660958607,-11.831051513808944
20220127,68.14131431644235,5.378845711434488
20220128,72.96203525780032,-11.663734386573157
20220207,77.00084797303967,-25.388561878321788
20220208,80.6793468977364,-36.699475889294845
20220209,83.77449395274127,-45.95791824489425
20220210,82.7147130592191,-53.30262830408
20220211,80.76966665327677,-57.503587181696574
20220214,79.17296067393671,-60.937752204972206
20220215,77.82359006724923,-63.90562507867448
20220216,77.4352903783863,-66.27870824320415
20220217,77.09558769941981,-68.5819179253513
20220218,76.60923795532726,-70.74831919249169
20220221,76.91747256105384,-72.09303214241254
20220222,77.08512056720214,-72.9539818856846
20220223,77.20863296204959,-73.6047489173437
20220224,48.506892707233675,-74.20403452486946
20220225,54.32469946272725,-73.78883175080018
20220228,59.37177253110879,-74.13522265415511
20220301,64.02126654810057,-74.24632677022053
20220302,68.50482370906036,-75.002679101775
20220303,71.68204964128334,-48.94660455764993
20220304,74.32252940734125,-27.557785118237046
20220307,74.73237504266646,-10.206130113404482
20220308,74.55612019402771,-19.000948340883422
20220309,73.77337482647094,-24.166835194479884
20220310,75.70051555858369,-28.626473876597096
20220311,78.71188696809033,-32.46882569896855
20220314,81.07761646635727,-35.59305868304054
20220315,82.94893712497326,-38.08462693093766
20220316,84.25871620811407,-39.92608811710313
20220317,85.42881780873066,-41.35528635718357
20220318,86.51376863506499,-42.199636067382585
20220321,53.992964298030934,-42.890261579143406
20220322,27.219597281338153,-43.52496958663936
20220323,5.288082992346188,-27.17514701214562
20220324,-12.811934937469617,-30.678544418170283
20220325,-27.743123783553134,-16.467478393207237
20220328,-39.57235338144043,-4.740097617716483
20220329,-49.06937607927909,4.867609859441762
20220330,-56.75143441863625,12.77568168603994
20220331,-63.88592939907165,20.036159343356243
20220401,-69.71320376582415,26.004786138944255
20220406,-79.10039055275026,31.231358748204073
20220407,-88.11901143732716,15.283843965037155
20220408,-99.10997024837516,-1.815992506611367
20220411,-109.2642617707597,-13.430731483203258
20220412,-117.63455130797627,-23.246169447324917
20220413,-124.06665402906965,-31.155285144569152
20220414,-130.39047773813093,-37.716483856037044
20220415,-135.42969468214844,-42.97998278950968
20220418,-82.46593238588056,-47.48182847720224
20220419,-96.52844788393826,-52.613573563999886
20220420,-51.32226114734008,-57.24519279505842
20220421,-69.71572943361579,-61.06717794138101
20220422,-84.1717872844566,-64.16313638383264
20220425,-90.80526652150039,-62.982064062784616
20220426,-96.22462894025007,-61.98295156851234
20220427,-101.29348828956535,-61.12011153274143
20220428,-106.13337355073939,-60.29085420461754
20220429,-110.75254357503184,-59.6129843997353
20220505,-114.6769886400394,-58.934723241087625
20220506,-117.017127644802,-58.07317687745907
20220509,-119.1520922667392,-57.34667566951386
20220510,-120.71169552771455,-57.27051773193237
20220511,-122.35220450097302,-56.705265446950705
20220512,-123.32395185336463,-35.54436729613085
20220513,-124.05442505557052,-39.7380475681837
20220516,-125.68762570048744,-43.10194878933453
20220517,-126.30368672049514,-24.682610532850013
20220518,-78.26982104803167,-9.15761304962651
20220519,-88.81299140742816,-18.362396597103082
20220520,-97.21594666992073,-25.706274632182545
20220523,-104.2895181560267,-31.70084780235126
20220524,-110.07604302384804,-36.354250924333286
20220525,-115.75227646056418,-40.232591684913196
20220526,-127.29743755916934,-47.85668950447508
20220527,-75.18273880506419,-53.636252082648305
20220530,-32.53654013528205,-58.3759466477123
20220531,2.1915606381831183,-62.377736738829235
20220601,30.25477819983637,-64.40180651926958
20220602,54.200164705774235,-65.89455240883306
20220606,74.77209873899339,-68.24557999549555
20220607,93.34569059483651,-70.23418446140855
20220608,44.314358235017444,-71.86075650561861
20220609,3.9750724823760932,-74.14263534698512
20220610,38.97193049613064,-75.96186015609354
20220613,1.5706812772565926,-75.68860867822436
20220614,-28.995023612780884,-75.82149892491364
20220615,-51.94467991182193,-76.03449417006122
20220616,-71.31600307387437,-75.98153796545577
20220617,-85.38210578358226,-76.03547032881127
20220620,-91.43499973721549,-76.2365614910547
20220621,-96.48856681549964,-75.84807387656839
20220622,-99.64391199505516,-48.51183653771497
20220623,-102.14228576899376,-26.172568602797135
20220624,-98.42514252250118,-8.914755040657024
20220627,-95.88589709772732,-19.758927127197193
20220628,-92.53997249634546,-28.091199192150583
20220629,-89.36083459078311,-34.89988415460789
20220630,-86.49363382476311,-16.059973782500993
20220701,-83.11939627425745,0.173087064389674
20220704,-80.65276714275359,-13.699242683568507
20220705,-78.68933389664457,1.8391105811477435
20220706,-52.76786359692705,-11.613119521695284
20220707,-54.010943577187085,-22.707079640868823
20220708,-54.848611076831304,-31.78502356207686
20220711,-55.538913276745426,-11.577032248621887
20220712,-34.80254973265789,-22.437185323807462
20220713,-17.959872986238533,-31.01235318053158
20220714,-4.094890093229285,-38.387368511715174
20220715,6.769536304644387,-44.435426524143665
20220718,13.389032955180124,-25.78716528591113
20220719,18.837011574122002,-10.320394868577392
20220720,23.109132412841554,2.519456729717167
20220721,26.599685537903017,13.032633210355241
20220722,29.78052924070907,22.283583520673385
20220725,32.38692723331823,30.13558808023386
20220726,34.168735375836334,36.74705538395109
20220727,35.7354804786307,42.132021737723555
20220728,36.715936016208296,44.91697076433925
20220729,37.9038103965349,47.25309426448973
20220801,38.90945920337072,48.52318313355479
20220802,39.72737216384993,50.0343901379319
20220803,41.18334571081435,51.23349864001422
20220804,42.33585838426049,52.207880486689774
20220805,42.970271523219814,52.74705699256507
20220808,43.504326214382125,53.24847742086416
20220809,44.192772015269405,54.78722436390857
20220810,45.11053187042152,56.739109561332434
20220811,45.74475849003941,34.50218552923434
20220812,47.48545104564619,16.205476903729572
20220815,50.304001438619345,1.6679492356928356
20220816,29.569467121770188,-10.127158395979398
20220817,12.541166950833654,-19.235275663807354
20220818,-1.3434128661078308,-26.31129968462129
20220819,-12.698959415809076,-32.09071689937105
20220822,-21.911030764669118,-36.93296046060727
20220823,-30.609029616256542,-40.98489895257491
20220824,-37.97318138898683,-43.95226391011902
20220825,-44.98145673805002,-47.59272790033332
20220826,-50.44122602937898,-50.562971429178916
20220829,-54.302899081906126,-54.189105557943996
20220830,-57.602202552887825,-31.922207201457628
20220831,-60.448120725699596,-13.580955768663133
20220901,-62.38313290727344,-22.604221884583165
20220902,-64.46449729550629,-30.223900013271805
20220905,-39.6905149965023,-36.24764017618485
20220906,-45.0777347891984,-41.15145381072907
20220907,-24.743108745248517,-45.104095764655064
20220908,-7.063268301509594,-48.01915515525443
20220909,5.910992988604414,-50.03320016944035
20220913,17.34799502603292,-53.458935986259426
20220914,26.434810994531226,-56.28828822286567
20220915,33.87111401914921,-59.2121065753391
20220916,40.191878536023545,-62.133254263256276
20220919,45.57597350486661,-37.12858693846485
20220920,50.19723988430824,-16.57832914377559
20220921,53.99761892497175,0.29477304746336863
20220922,57.1269100317026,15.254745935302926
20220923,59.6930014168519,27.68991589369044
20220926,36.648871816788315,9.328061429419277
20220927,17.702287441810302,-5.565235436806591
20220928,2.2300414351135736,-17.770806442810535
20220929,-10.120273515503051,-27.666366421514038
20220930,-20.911490943933025,-36.865673860106945
20221010,-30.454045571071127,-44.145043310802656
20221011,-38.23275577172935,-50.35748840407844
20221012,-45.042334363853485,-55.47555583277703
20221013,-51.30958084835655,-59.96105768446328
20221014,-55.72199505049837,-62.77635014005351
20221017,-61.22089008670173,-64.96866600461445
20221018,-34.609158692339555,-39.427175342470704
20221019,-12.405755838817596,-18.436501232656965
20221020,5.767531839108057,-0.9955073775377091
20221021,20.50873408858521,13.339963133329967
20221024,31.896160645897762,25.05962319139572
20221025,41.23590399412259,34.658125592599646
20221026,48.7652760377666,42.36261830109036
20221027,54.824259204869634,48.63285939463651
20221028,59.51574005376242,26.7955494167607
20221031,65.67704788643732,8.925875402284195
20221101,69.87914218232677,-5.07551617323029
20221102,73.72859268099737,-16.956136513451046
20221103,77.14994536433399,-26.50665235589001
20221104,79.55987648609896,-34.27044799629652
20221107,80.42217134046452,-40.98238183794229
20221108,81.69177821774113,-46.366586572672155
20221109,51.15894333034273,-50.699457605814395
20221110,57.85269710170479,-54.213355166243915
20221111,30.52337560605007,-58.142571223312
20221114,8.105875022312057,-62.4609893181739
20221115,23.965573529683954,-66.07398551899044
20221116,37.07594432254577,-69.01312496258618
20221117,47.630661002470994,-71.48017032859383
20221118,55.48576680066166,-73.35143873511133
20221121,62.0567345570112,-74.32419683964608
20221122,67.02073474141775,-75.0940481951683
20221123,70.9768642668918,-75.84227470524978
20221124,74.49753753542632,-76.37647303643372
20221125,77.87173881362611,-78.29608096106404
20221128,80.18897433830044,-83.70485020113348
20221129,82.80988415242516,-48.24234933726927
20221130,84.74294199313363,-20.46197989206133
20221201,85.38941934369517,1.6391794721804456
20221202,53.3393678079851,20.6754613057147
20221205,25.104202133375065,36.69684948285817
20221206,2.311224878644591,49.54730850684932
20221207,20.764819372935552,60.44865716950111
20221208,34.88846830960274,69.4549786729419
20221209,10.447780656905449,77.15578647484155
20221212,-8.770818368024129,46.22571131208137
20221213,10.179429135598088,20.69735117308457
20221214,-9.03424493588671,-0.1531166462835101
20221215,-24.530057022615313,-17.384644649385677
20221216,-2.8717660091969313,-31.915027507404282
20221219,15.33038895574339,-44.06333590328718
20221220,30.683689181775474,-53.99110335237239
20221221,7.033632791648151,-62.078850383113355
20221222,-12.375685860575066,-69.14599822685157
20221223,-28.033885870279992,-75.0960858742458
20221226,-4.02249327056926,-80.47028841267228
20221227,-23.151597523172963,-48.15751795135544
20221228,1.2638037938306346,-22.269188237790992
20221229,-21.62904904241802,0.23756561661821268
20221230,5.115948223387493,18.909721884675573
20230103,26.53789939382302,32.34557710596743
20230104,1.6127701032449522,42.12932851656231
20230105,-18.79919556870441,50.0468962527921
20230106,-35.29356420700368,56.733262319556445
20230109,-48.40349951804333,62.023242482598974
20230110,-60.43530649340045,67.43668197675605
20230111,-67.8469434499374,38.561220054055944
20230112,-73.71421848737401,15.025528046540185
20230113,-78.96721355403794,-3.9154647572005876
20230116,-84.2097016759896,-19.43607444564911
20230117,-88.42139771802582,-32.3998195282023
20230118,-55.5809733867631,-11.315921387059262
20230119,-29.06381896475505,5.938476926514344
20230120,-7.543063837179638,19.168046940576048
20230130,9.279067656536517,2.6944564169241705
20230131,23.14253300872655,-10.756795522225241
20230201,34.46558723916796,-22.635135830013258
20230202,43.36075517648991,-32.99525483784618
20230203,50.595565950082296,-41.56460280612617
20230206,56.316868990353136,-48.5564735524886
20230207,61.19366835679648,-56.023093427777184
20230208,66.63848203601506,-64.81755896147432
20230209,37.759617814079974,-70.73931428264211
20230210,13.70100899207864,-74.37944521634007
20230213,28.835483358066668,-77.27434161341206
20230214,41.20703463092504,-80.02858536101674
20230215,53.39209166182055,-81.44120851749601
20230216,63.90196279017639,-82.42549384350967
20230217,72.3185646524068,-83.44493978336837
20230220,78.88636370341607,-83.7348116732233
20230221,83.80557048536119,-84.05382912128584
20230222,94.20658411579025,-85.86523384113399
20230223,103.72359916765475,-87.35257757096338
20230224,112.9325980439856,-90.95968339628324
20230227,66.08519146344992,-96.27818522049398
20230228,29.47108030417069,-100.38454139382011
20230301,1.3854817736845393,-103.79495354968402
20230302,-22.27181318472284,-106.60854741486554
20230303,-41.72098217412307,-108.45574303283801
20230306,-57.751110644026554,-109.39853929766393
20230307,-70.79670187758836,-110.19851786612469
20230308,-35.259296792838015,-69.26183585145729
20230309,-51.222224821360854,-78.62311030094529
20230310,-63.93252374846172,-41.57877779980066
20230313,-30.438688699322668,-56.01413873635119
20230314,-3.5119524207740005,-24.339542495682565
20230315,18.498969892209484,3.163389185237535
20230316,-1.0851752768199217,25.02157017195766
20230317,-16.680097578337083,42.67346098636061
20230320,-29.63966196480458,57.80047115086939
20230321,-39.986451786775575,69.40694292519893
20230322,-48.170323102501335,34.799606436386554
20230323,-54.79638336317343,6.7115044307764276
20230324,-59.1496824004926,-14.898315352318082
20230327,-63.50850711274796,-34.02184848255929
20230328,-67.37675387816995,-48.87557683533407
20230329,-71.23245808062491,-62.0400310899996
20230330,-42.222631727481044,-72.82874370650774
20230331,-18.62495442337481,-82.03903476423498
20230403,0.8510866118426313,-43.87966426226365
20230404,16.8385120855686,-12.670633460134429
20230406,30.04747680867906,12.743404127523183
20230407,40.779064345742725,33.310313084191144
20230410,49.66019587980165,51.735412957613484
20230411,57.067127138084345,67.0395150105988
20230412,63.5353661441565,80.43088858411635
20230413,35.195634015557424,91.59214063808062
20230414,51.94298902689625,101.57760699810365
20230417,66.5521475997132,109.9431577585741
20230418,78.6068771651069,119.60217121011894
20230419,89.65417077379345,127.99896423910336
20230420,99.22411206309924,75.45915017013762
20230421,105.7742142001015,37.6158327721785
20230424,118.48410086808495,5.286938995674821
20230425,129.93520971725104,-21.061595029459404
20230426,137.51055655698502,-43.877954504620796
20230427,141.03734524067002,-59.87346024840739
20230428,141.38220719604806,-72.90097862107645
20230504,141.56513039903405,-83.53334155842073
20230505,141.7256275545941,-92.1206667207945
20230508,140.27059520691134,-98.49077209457265
20230509,139.38399364352318,-103.05986096491851
20230510,139.43399739655666,-107.19200877630844
20230511,94.8010601833142,-109.130929074473
20230512,58.50819142069999,-68.04609117886784
20230515,29.178153685707112,-35.905427724249776
20230516,5.090104150939679,-9.462004685164219
20230517,-15.937921344636845,11.881522694078996
20230518,-30.657665169858785,29.26112144259155
20230519,-42.7151692717135,3.24816262607203
20230522,-52.35008598748063,22.25390389570543
20230523,-60.072786698671464,38.70890109698841
20230524,-31.75856400467484,50.79803727101013
20230525,-8.615783691891776,22.85194930688742
20230526,8.677137226539527,33.559416929634594
20230529,22.636142542822142,42.207821588223155
20230530,34.39369559469351,49.75617224489372
20230531,44.660137461297225,55.910086816334406
20230601,52.555199661304634,60.27560619161185
20230602,58.784216251486335,63.71097719314212
20230605,64.09998435241033,65.62624160187828
20230606,68.14864368011534,67.37540993738475
20230607,71.4777669208031,68.80918084027313
20230608,39.24098909936141,70.37817672912286
20230609,12.087439930162123,43.48159244003273
20230612,-10.035629810646013,21.56704090625872
20230613,-28.801364611944447,3.731005863768512
20230614,-44.08061029645321,-11.074296578222743
20230615,-58.793425140513136,-23.19485680889981
20230616,-70.1229227232767,-32.911486566437304
20230619,-80.72769676809433,-41.142497600210355
20230620,-40.8257364686378,-47.88224235187459
20230621,-59.781632240216894,-54.772294889280325
20230626,-75.15735160643439,-59.73259887345788
20230627,-31.44152726355385,-66.43754188405401
20230628,-54.806555984503454,-72.29191876427898
20230629,-15.880862529928265,-41.27687499464827
20230630,15.947325949962032,-15.87909371637886
20230703,41.18575118430009,-31.90456077172752
20230704,62.215934055669194,-6.926598461532005
20230705,80.05733432074825,16.066879910298468
20230706,96.30439533958742,34.83585892787123
20230707,109.23822362747671,6.8195646069659395
20230710,119.81002946501265,-15.89545205908683
20230711,128.61284200400067,-34.949958662889344
20230712,135.3498647159919,-52.02133900483718
20230713,139.0400535894821,-65.30690214061147
20230714,141.13365379614729,-77.13110741332325
20230717,141.5916136030934,-39.547031909188945
20230718,143.58967151209418,-7.437800076146753
20230719,145.1869371795568,20.47333598299043
20230720,146.24072305299046,43.658053546982906
20230721,147.3799546754561,63.70357323018711
20230724,148.37957397060953,84.82127971415537
20230725,147.1915653309114,103.03701221144122
20230726,147.0636197359309,117.47742143910705
20230727,147.8122468395399,129.96459062541328
20230728,148.42750351332484,139.93089162684308
20230731,151.68601313916037,148.81776656810825
20230801,151.03828146235318,156.08341299149055
20230802,100.2776569800364,165.7016940102563
20230803,59.5528795435565,172.35799355937507
20230804,26.407438405927593,178.15617910009945
20230807,-0.41870253853702716,184.40150227745244
20230808,-22.33261313075147,191.80025300926738
20230809,3.9987040068201853,198.2457195795011
20230810,26.9864104926637,210.7428441795049
20230811,46.62137530562346,218.97993059651424
20230814,63.22064152226515,218.86260066063977
20230815,27.429926050515572,211.95395465760816
20230816,44.9429527258768,206.21566249313983
20230817,14.591375931282395,201.52535369425564
20230818,-10.346762430701098,197.37990476706324
20230821,-30.61166411541023,193.5376644323008
20230822,-48.44945300727997,189.4414472928349
20230823,-62.65989630808227,186.27895813368923
20230824,-74.29976095666072,183.19982408367977
20230825,-83.83584939910912,180.79819783735988
20230828,-92.0416527547441,178.86268916505327
20230829,-101.5760856392083,179.22142208932974
20230830,-52.093836727440895,114.04570589957876
20230831,-9.789098922762513,62.4418416274894
20230901,25.681366925033178,77.14055764642474
20230904,-12.356183925281538,41.596386135088856
20230905,-43.522721083691295,12.472055910633276
20230906,-68.23459810665508,-11.129814519474143
20230907,-87.9081438307393,-30.522849598986085
20230908,-103.61689065573466,-45.45948281413939
20230911,-116.58447131918884,-58.595711674257345
20230912,-128.75941622222663,-70.34159537163478
20230913,-62.51087004508149,-79.38623189692329
20230914,-94.80102590296887,-86.44178860920118
20230915,-120.64759845181763,-92.51087259828459
20230918,-142.08912326201067,-96.77390235774924
20230919,-154.45392498498455,-100.75269624307705
20230920,-166.67702417859482,-104.05545218666484
20230921,-176.2332255386781,-107.09409969620194
20230922,-183.28631149716747,-109.07803595282947
20230925,-111.79534388608428,-110.35464383468462
20230926,-53.698193909495735,-69.1811367952876
20230927,-5.465444950570381,-77.74919487274909
20230928,33.076978636985174,-85.37900620301646
20231009,65.43268845982479,-92.2232701124653
20231010,20.05659498102545,-101.21183563832501
20231011,-15.14053355763985,-108.35758747080726
20231012,-45.556717202874765,-114.80396816990412
20231013,-69.79654859947634,-119.11769449889967
20231016,-89.90595664803097,-124.34959509239553
20231017,-105.15850681910263,-128.25184202486392
20231018,-113.76078210865533,-131.2124014993449
20231019,-120.75111187051535,-134.04739714972575
20231020,-70.43414537009028,-137.69715947394158
20231023,-28.60131457291696,-140.51480448041607
20231024,1.9673332441644853,-143.24477983827543
20231025,26.95736711619092,-143.13359634710224
20231026,47.17780673879258,-91.10417376424323
20231027,63.31126314728409,-48.452963993569284
20231030,76.06023307290049,-15.118456661240373
20231031,86.76079173678457,12.332199351682114
20231101,96.1230610849927,34.78032924983515
20231102,103.86915452327105,53.361159620682734
20231103,110.07954862952016,68.5921858878895
20231106,115.13184981837142,84.06040469568555
20231107,66.19450227165697,97.64966758717746
20231108,25.41127656519771,108.73331499857422
20231109,-7.334183927028796,116.9627158655633
20231110,23.139445802569995,125.10809825632913
20231113,-10.259429407338674,75.40743620903257
20231114,-40.76420685436222,32.84580453355073
20231115,-69.51402438236975,-2.7322804650190906
20231116,-93.7952435553541,-31.94430259233081
20231117,-115.3990080941968,-55.365126142808236
20231120,-136.18376270692983,-74.47484038921426
20231121,-161.0793226906467,-90.23442793439428
20231122,-182.9351201431404,-106.07374998518033
20231123,-94.41946027586596,-119.0535422750591
20231124,-20.861611639379436,-129.9907061497014
20231127,44.534077374797505,-66.58811159609279
20231128,-18.621764734076336,-15.42759696224157
20231129,-67.24298948715906,-44.86709384486072
20231130,-107.0297839997314,-68.0544755151964
20231201,-141.42787291386557,-86.93146152825746
20231204,-169.96353673736309,-102.12366596301997
20231205,-183.6849987027613,-113.69322745808846
20231206,-194.76543560029194,-123.8917804723904
20231207,-201.08276412933415,-132.6844983452192
20231208,-203.65275867946494,-139.3942589667725
20231211,-204.99064945737564,-147.00449718938248
20231212,-205.9746555136743,-153.7361637710909
20231213,-205.98266129796954,-158.99520647607466
20231214,-204.85034086057865,-104.05688528107574
20231215,-202.74671283957895,-59.16912013689649
20231218,-201.0373738511411,-23.1742879737546
20231219,-200.6082099863507,5.806096342821008
20231220,-198.8932030295976,29.934695234422282
20231221,-197.74942950216084,49.7322012109963
20231222,-197.08794052278554,65.21081189044588
20231225,-125.96233284394954,78.10324641752402
20231226,-139.87827718906186,88.745619989094
20231227,-76.92050765392405,102.02020680723757
20231228,-25.370059874962188,55.09602949229871
20231229,15.091294966478765,16.140757129293238
20240102,48.48581770894593,-14.056009408637225
20240103,0.23021827259417596,-33.49691789330943
20240104,-38.75395466543893,-48.76378189051198
20240105,-75.00397100725834,-61.34184091085231
20240108,-108.08439146137879,-71.48037896064004
20240109,-137.2463708801815,-79.40543833497415
20240110,-158.6671369418173,-85.8943001470546
20240111,-84.35946138179285,-91.65028149069737
20240112,-21.147332763781204,-98.55874510576618
20240115,30.126119126782555,-103.61164697184681
20240116,71.56522490980899,-108.2932456352801
20240117,105.74280958239909,-112.62823967807934
20240118,33.74180645950993,-116.33697173311886
20240119,80.6972994306509,-118.91245363720944
20240122,13.511391565843443,-122.04747173256082
20240123,-40.15735455154393,-124.64903856060191
20240124,-83.74355793350749,-80.41100421938116
20240125,-114.10887685066693,-44.4351896005883
20240126,-139.1031950796708,-14.997129002852372
20240129,-65.2942694473411,9.073646838662874
20240130,-5.623808132918802,30.573795549207638
20240131,43.53199402334005,52.884449612808794
20240201,-11.059756636553347,71.26404791584082
20240202,-53.28903438821783,86.0402964372973
20240205,-87.90982487994272,98.14347443748929
20240206,-30.684408715033413,109.11002763202458
20240207,18.33286438038935,118.03873459467506
20240208,60.84031822794255,125.52891699190326
20240219,93.29700002884894,74.37843191604327
20240220,124.08718980839949,31.890646937043893
20240221,143.9656011052918,52.245125622790894
20240222,160.32502432948544,68.08296115211702
20240223,173.77485922042945,81.00271354921196
20240226,183.3101190577934,92.18186370653802
20240227,191.06670580370871,101.31727157839481
20240228,196.8211097348856,108.71520935364084
20240229,201.7433157206841,120.1828402576146
20240301,208.70980768190557,131.32584207146542
20240304,213.5995621238643,143.28972547308172
20240305,217.5107048704184,153.26097384996754
20240306,134.71908995794425,89.01080413844754
20240307,152.95442432525056,36.63168917906093
20240308,167.35694174747104,-7.453118917538269
20240311,96.10761944049374,32.567533503898105
20240312,38.98587866307576,65.2907149593276
20240313,-9.343429654189716,91.93952690456226
20240314,25.440835609958043,37.74506252451769
20240315,47.299397632253836,66.37171954708222
20240318,64.47276566793285,91.76250625330977
20240319,78.6223879858139,113.26964518590583
20240320,90.11520598595607,139.9140890084519
20240321,99.05891794045041,161.79887069021
20240322,103.77985185734833,176.98162975842118
20240325,108.04575562339932,190.82722381728456
20240326,111.2280515218368,202.16556956716914
20240327,114.13903090799884,210.38350271480957
20240328,116.42484699842514,219.37677950684588
20240329,72.13947232838457,219.7177262608702
20240401,36.15821724082626,220.0471485460999
20240402,6.527129652346008,220.3245479111271
20240403,-17.315815578424505,220.15364615618878
20240408,6.180470866931608,214.70029775582697
20240409,25.40040015779484,210.1938120727313
20240410,41.98148065370585,203.76250329316954
20240411,54.610233776163824,198.01345379184505
20240412,64.89832616255602,191.17572025583215
20240415,74.31593068946522,186.08858803248387
20240416,84.92948569019377,131.68302467755964
20240417,94.12166454181516,87.41834215849322
20240418,97.69387302037745,50.995440213402524
20240419,101.02946614431534,21.65390186267078
20240422,103.86535645415161,-2.5285563451353004
20240423,65.45897370504862,-20.700592799507735
20240424,34.90572574158498,-35.57083180122834
20240425,9.58495395150749,-47.307586193363164
20240426,-11.034760443401455,-57.04675079512518
20240429,-27.598002035473904,-64.76241987029184
20240430,-40.85489765686141,-71.52615822393507
20240506,-50.52451472967425,-76.88647920594597
20240507,-57.65495276904418,-80.99585845632762
20240508,-62.76840257507779,-83.80179227531791
20240509,-68.01221612778482,-86.59641122285112
20240510,-71.67628882287204,-88.759863881734
20240513,-74.78556205773006,-91.01173393498698
20240514,-77.31185211299949,-92.87653864109231
20240515,-47.32584356096722,-56.617897562004536
20240516,-22.800230236899456,-27.868014253422505
20240517,-3.347758025317145,-45.48593309106648
20240520,9.955033491620437,-14.08523260525211
20240521,21.154440190891176,-34.454840223894315
20240522,29.976395269159564,-50.45005817165165
20240523,13.818265199033247,-58.6341027622932
20240524,0.16693433610928124,-66.5939406594353
20240527,-11.134216042263835,-73.10495986489809
20240528,-20.321872171096416,-78.23637714697136
20240529,-27.866190441220372,-81.67674516789369
20240530,-33.02296128930612,-84.68862169278664
20240531,-16.631260866437813,-87.09732724755186
20240603,-23.968453039921464,-87.84488409315053
20240604,-30.044344398746798,-88.28828601964301
20240605,-34.65934377946627,-88.3868236299791
20240606,-38.275572211913534,-88.52004808615322
20240607,-41.43653242358561,-88.66136237492466
20240611,-43.71005647828055,-88.12199307606863
20240612,-45.74277620335052,-56.62435767450386
20240613,-47.41413417613912,-31.04695155070325
20240614,-48.81553981644963,-9.625426817325545
20240617,-50.19012011619572,7.612856781922839
20240618,-53.59295161301147,21.602559721637185
20240619,-56.09813145042516,33.16596204719464
20240620,-58.068905721588365,11.122295011466397
20240621,-61.6653453749385,-9.724389270509205
20240624,-65.04098536729838,-26.800100976181156
20240625,-67.80022428730331,-40.858862513824384
20240626,-70.75127954303085,-53.74247658787668
20240627,-73.63340699391212,-66.82294938600965
20240628,-77.83364611060767,-76.82504099038265
20240701,-46.0894851750025,-84.95918521282532
20240702,-55.24125909324738,-93.24155242198972
20240703,-28.20487353049761,-101.51310495698948
20240704,-3.773799534710287,-56.16446859237307
20240705,-23.57043721111494,-17.80332413957664
20240708,-39.74609881077505,-42.349071148680494
20240709,-55.85230457994035,-65.07006048696806
20240710,-67.85620770555327,-79.34260733636955
20240711,-77.53117342162213,-91.10553623204588
20240712,-84.55417320700059,-99.94992631086119
20240715,-92.87618212773,-110.25402469988491
20240716,-99.64676285593382,-118.9567914692465
20240717,-104.92596331021775,-126.41202277944105
20240718,-109.55120575928919,-133.57210753570868
20240719,-109.42109511617448,-139.12651983083768
20240722,-108.83563006258348,-143.0962907660794
20240723,-70.43201369649712,-88.4283827958746
20240724,-76.03567394458713,-43.92004831471585
20240725,-78.64802638565654,-7.606756389694107
20240726,-48.422005363002434,23.038936203009534
20240729,-23.692374392670718,48.27643545755296
20240730,-3.1359760943295103,68.15531056087357
20240731,13.422347412796773,82.54917222635974
20240801,-4.954385205532402,93.28444906259315
20240802,11.853234559266006,102.12280476832976
20240805,24.89165215601142,59.64946605779486
20240806,35.52946284164158,23.827151493608177
20240807,43.816764067556264,-6.619750211403509
20240808,50.81916606905879,-32.14913516353783
20240809,55.7203930214844,-51.49220293205396
20240812,31.470575965853765,-67.0425202259867
20240813,11.69999429082568,-79.22523058468492
20240814,-4.537808324951674,-89.27086899129378
20240815,-17.332511188354815,-96.08250372892739
20240816,-28.025055361229153,-101.06712430065475
20240819,-37.04870710448078,-104.89455972623978
20240820,-44.82427961493847,-108.65336401937643
20240821,-22.12882031986035,-111.34010805213303
20240822,-1.5048712690803396,-114.30497602519141
20240823,16.13496612537856,-116.50890293917642
20240826,28.781564840207515,-118.26275711040087
20240827,39.36740124375584,-122.02524139388693
20240828,48.51970284409301,-125.82983871369683
20240829,55.981380426497175,-127.47023104391434
20240830,62.855345925005686,-128.48660389837258
20240902,70.09389602073892,-130.06475894973553
20240903,77.6660840344614,-131.74621604009275
20240904,82.38260512264709,-132.42767833219668
20240905,86.79067648004855,-84.59419677456528
20240906,89.09295969685603,-93.53001251919342
20240909,90.77982698794442,-52.4291089323442
20240910,91.78315583452932,-18.469745210784954
20240911,92.68133704181669,9.265810394630584
20240912,93.70586702772299,-15.994771922042538
20240913,95.61077448610472,-37.387075232094695
20240918,96.89676661130748,-55.11688142963653
20240919,61.55794776132395,-68.75349684912192
20240920,68.08035459275438,-80.23286061481419
20240923,73.12161761902098,-87.08573161453752
20240924,43.414842525618965,-91.7440175481208
20240925,53.69118614707612,-95.73904700590585
20240926,61.959628027755,-98.90696594169421
20240927,32.935739541276305,-100.252571848584
20240930,8.908682441722139,-102.14522046160604
20241008,-8.876574428008471,-103.6239627322484
20241009,-23.81826232696478,-106.509176886267
20241010,-36.120806946915174,-109.07039362792634
20241011,-47.78862374912921,-111.59041538901937
20241014,-57.537850152571025,-115.04523796643885
20241015,-65.75629021621577,-115.51011837039276
20241016,-73.19632876208293,-116.46636918180921
20241017,-78.82007416160909,-116.09060684940356
20241018,-82.84004038889044,-115.74167959187066
20241021,-86.02199311805131,-115.31536409965382
20241022,-88.2285769536195,-114.57193715884624
20241023,-54.49270719022059,-114.20848044354823
20241024,-63.173200407796394,-113.82893840368898
20241025,-33.44738273809591,-111.68877388168754
20241028,-8.962120295152966,-111.90162759248771
20241029,12.961782293534919,-112.35255262272416
20241030,31.02891122411213,-112.72504218817487
20241031,46.3296499253522,-112.52198471825143
20241101,60.561923293878074,-113.73566702948354
20241104,70.80468783942429,-114.69977148785303
20241105,82.51778467965619,-115.55842052103934
20241106,44.120948874033544,-116.58196462145912
20241107,60.14282099259127,-76.50475889639851
20241108,25.65697070134798,-43.66694618266495
20241111,44.33036406096418,-17.96408419687102
20241112,13.696776326394573,-31.091471256021453
20241113,32.40328665456112,-9.143383303958386
20241114,47.01594596525724,8.832560185147617
20241115,59.624874884931735,23.26320780966471
20241118,71.06719777539,35.19676236798259
20241119,79.77324160759753,44.956277432202
20241120,43.703087160187835,52.5773033450685
20241121,13.980455610038943,26.82866104199803
20241122,33.06395412558062,38.327294979289924
20241125,5.320872057212239,15.181714485735785
20241126,-17.330238166263744,28.6473397954689
20241127,-35.594858230469505,7.158956344892231
20241128,-50.46285472863849,-9.723713484579136
20241129,-62.593366369259506,-23.365143214848068
20241202,-74.20205917733846,-34.56734555034912
20241203,-82.87030983238594,-43.956022492470794
20241204,-90.27330397982661,-51.30172689739961
20241205,-96.36161299281174,-59.45931720849207
20241206,-102.04292900436315,-66.79713924261361
20241209,-59.98764508344128,-73.33342130941223
20241210,-75.13245238752563,-81.16841970839572
20241211,-91.00232065735626,-87.5772356156855
20241212,-38.735424112899466,-92.94045278592243
20241213,-66.5597380002377,-97.61812192238789
20241216,-88.32317298922376,-57.17499578300736
20241217,-107.99525174280086,-25.35961735662091
20241218,-123.6049783596644,1.951945434334865
20241219,-136.48195772763637,24.300186844748374
20241220,-150.35133215330455,-3.8064641992763404
20241223,-162.24755292718928,-28.252309507803485
20241224,-173.58295161501465,-48.26920963003284
20241225,-184.32451386013227,-64.64508880351592
20241226,-194.5433584734704,-81.26207596042057
20241227,-202.91422135284438,-96.46551122913183
20241230,-209.67238034953377,-108.8655078111565
20241231,-216.95439155665548,-59.09698814357628
20250102,-223.102035475338,-17.80595848539201
20250103,-227.29171443449354,15.777023589387072
20250106,-146.60261002902337,-15.689330394268632
20250107,-86.32155447704166,-40.49915650166819
20250108,-36.05207013204956,-60.62079370475794
20250109,4.664309853350794,-75.51624209298173
20250110,37.24901666407916,-86.81992470357427
20250113,-5.138775032416946,-96.92499072521932
20250114,32.63711431062996,-105.73307645391674
20250115,62.86359736405225,-116.06699809346789
20250116,84.1031261888712,-124.03848919935866
20250117,101.57415686329742,-130.03983922450143
20250120,55.90616234460071,-135.06154137333996
20250121,18.443668602998734,-139.48350524609646
20250122,-12.199402784761865,-142.57669498614877
20250123,-36.25834045038708,-89.83879496148302
20250124,-54.33510538963502,-47.998177040368
20250127,-20.128552020895604,-14.800286087043714
20250205,7.69719770858945,12.305636310003928
20250206,-16.34548824796033,34.28844217038693
20250207,-36.16894313205293,51.35039389211937
20250210,-6.233326825821424,65.62997817571987
20250211,18.40991484440285,80.36909582143103
20250212,39.460245835625635,91.78128276617346
20250213,56.37873619113562,100.98926004491112
20250214,70.13205615578306,109.03169052193476
20250217,35.489214639777494,116.5217125320439
20250218,7.181039892520239,122.83258276320603
20250219,-15.983193800203393,128.01429201899867
20250220,-34.8302169007902,132.61383972356055
20250221,-50.73375574445753,136.6639599863412
20250224,-63.817134065848286,140.03963263281562
20250225,-76.67513190551291,141.90068950249875
20250226,-87.2250590113701,89.01112408842214
20250227,-95.88881756362893,45.25866518026121
20250228,-103.65234414444457,7.613569640997753
20250303,-111.73188136296447,-26.995816073339817
20250304,-118.67841762922237,-57.43621532855083
20250305,-124.03433269387597,-82.43467337979243
20250306,-72.03557500456775,-34.91267559082256
20250307,-27.578890557887238,8.792391359308082
20250310,8.787384092388473,44.72328429804661
20250311,38.50427842592465,74.89526781650007
20250312,57.743978352122305,99.33193527234913
20250313,73.98816574712609,119.24284347700359
20250314,85.71693948549208,137.74834174055874
20250317,98.90789899363159,153.32497505706104
20250318,109.53818412721742,161.3297034277402
20250319,117.66134978880943,167.9752375348756
20250320,123.85054150543311,171.86415670017664
20250321,127.22199932969964,172.58621211200503
20250324,80.1898099870944,174.09389637231072
20250325,41.079136113302916,107.78949392348748
20250326,9.119226595011593,123.33979191563763
20250327,-16.409166659032852,66.3828465298328
20250328,8.28105608213847,85.2597096667813
20250331,27.947307066882203,100.3116641491424
20250401,1.7227786850128899,51.621081716520386
20250402,22.23746019164244,12.132736197625105
20250403,38.23899150256919,-24.440005000869576
20250407,20.854254468632327,-39.29122898201798
20250408,6.625665550998905,-51.64169962458882
20250409,-4.859522479032826,-61.0228766251438
20250410,-12.991798053638176,-65.75823077867598
20250411,-19.646998140692386,-69.61237895324574
20250414,-25.059699514815453,-72.72726045424595
20250415,-29.48917478731295,-75.26787906027417
20250416,-33.09776001342994,-77.51106524676665
20250417,-36.061447802298495,-79.17577122727559
20250418,-38.54508566267742,-80.89596985060734
20250421,-22.613402759364632,-50.31037608531541
20250422,-9.399202715868588,-25.282610017426496
20250423,1.326975519834138,-4.997544117630544
20250424,10.102147488662096,-19.710968348376312
20250425,17.281921101313674,-31.732278727248232
20250428,23.22827921123646,-41.83311091925133
20250429,28.105722155635224,-50.137048896005716
20250430,32.12347458609728,-56.96764420279625
20250506,35.40234901646249,-62.50727469687709
20250507,38.16776873742678,-66.41492982198675
20250508,45.84127506489345,-74.8597210261055
20250509,52.22280154072365,-81.70809463012702
20250512,58.46426788636271,-46.50559944473926
20250513,74.37766540674365,-63.66456053652566
20250514,86.47094354627578,-76.31258328202769
20250515,45.935937808750325,-86.45526975700194
20250516,12.31876679491229,-94.96832409923101
20250519,-16.000417350963694,-102.05460012749134
20250520,-39.23660797425382,-107.88235697851572
20250521,-57.92005677591276,-64.08237835073625
20250522,-76.33854620518652,-27.569878623669734
20250523,-91.45700507172664,2.8160087679602572
20250526,-105.04235874702621,27.952364871000345
20250527,-117.15373391718764,48.07434433589435
20250528,-127.04232155553478,64.73833819109745
20250529,-72.90121855170032,78.48037416010847
20250530,-29.774954804171095,89.08014143108737
20250603,6.12243912768994,49.315834092040355
20250604,-24.960287626560795,17.373647991728262
20250605,9.603133166340408,40.55723753214288
20250606,37.22460073093458,59.50534855998781
20250609,1.1319982550015308,74.88495834517056
20250610,32.223467098837325,92.14968380406933
20250611,57.42214226860423,103.53013511638022
20250612,15.333983121572295,115.65441564068122
20250613,48.01383822045314,125.7562947792399
20250616,4.930274681891245,134.16286140045102
20250617,-31.05833948657295,141.02946861822744
20250618,-60.949061644399904,144.80951326014218
20250619,-84.79082906959175,148.11338759580713
20250620,-34.87107227242618,150.18032253809912
20250623,-62.80212718339845,152.10447717997027
20250624,-86.18837617590255,153.47205999882095
20250625,-105.19564704115963,155.50191956524864
20250626,-120.65567966427548,156.99893095379363
20250627,-67.9802007061517,157.96324477127774
20250630,-23.31478803091136,160.09348003238617
20250701,11.720793530951784,166.2860865226275
20250702,40.82915991515225,174.17294900559122
20250703,64.6966574260529,103.13609498785206
20250704,22.939127757252997,122.99372753064483
20250707,47.96692043540397,67.23872892455458
20250708,68.1540397071204,21.664049503119568
20250709,30.21592655997705,-20.81243020192382
20250710,-1.7109164961146255,-54.44181009693785
20250711,-28.702703358180592,-81.92667225328977
20250714,-51.541606073718015,-98.16809622338819
20250715,-69.96951992749736,-111.5727826641393
20250716,-85.30383291244836,-125.57348304992388
20250717,-98.62296326780096,-137.0902004116107
20250718,-108.88360729307739,-146.64313426326757
20250721,-64.37261374144977,-148.7474216787555
20250722,-27.819728278270833,-150.71318010747092
20250723,2.051140889181339,-151.51226614273443
20250724,26.420727934104818,-95.66624273195102
20250725,47.69936573005143,-49.337579858651175
20250728,65.01075689139154,-12.421682446986596
20250729,80.84352379809141,17.889212590599907
20250730,93.7143868768684,42.6748619282291
20250731,102.76175597459056,62.52908107756943
20250801,110.87023467431374,78.83553451570798
20250804,63.52419455986043,34.53071208530122
20250805,24.61048705983078,-2.303187538420607
20250806,-11.498295250419641,-32.087511429242454
20250807,-41.07405461373479,-57.74123925545824
20250808,-65.38058552172555,-78.46823323499123
20250811,-84.2289318170467,-101.60582395404359
20250812,-100.10673277973918,-120.50614087292452
20250813,-112.85268301433909,-135.8869246110962
20250814,-122.55905184011058,-147.8160265385606
20250815,-131.5498311505836,-158.00636018574676
20250818,-148.76301402736476,-178.7012998902953
20250819,-80.586037979247,-196.55921925439824
20250820,-25.08256283538757,-213.45701354199286
20250821,21.432849502134886,-226.29162787005905
20250822,62.70930236502177,-236.26095609336338
20250825,87.81491365025236,-245.00073599837026
20250826,106.96011982051508,-251.2464317908164
20250827,122.65263519742996,-254.6682659944706
20250828,140.6818240663556,-260.10789863837516
20250829,154.7270487412155,-264.4655333564591
20250901,165.63355167044463,-167.33496312655458
20250902,174.56905746917818,-88.66368863679217
20250903,181.89827086992887,-22.829368604794638
20250904,186.71913141070755,30.885079162696268
20250905,190.10165226808115,73.82670985764065
20250908,192.43191748621123,108.88496633323405
20250909,120.55009413093701,40.54192274910485
20250910,61.09208846949087,-15.668872492881798
20250911,11.518931487503206,-60.1368269306894
20250912,43.638970214121834,-91.07418276056146
20250915,69.90366400307596,-29.30782382275212
20250916,91.39535831467148,21.482857180336254
20250917,108.78020132565584,62.457738551923576
20250918,59.248431236219155,92.01853060110254
20250919,18.84631928518051,116.31993123324294
20250922,-17.895649266584257,138.3468479740708
20250923,-48.973416897435,156.2827682490853
20250924,-74.40844473160519,172.3518255520577
20250925,-41.0403470005978,185.45038975929637
20250926,-13.802841457197996,107.35068860262093
20250929,8.477485159962942,41.85739138849059
20250930,26.474447723069257,-12.204158667572976
20251009,35.47087825826842,20.747357227857904
20251010,42.58943777251585,47.66660459613944
20251013,48.10870890217049,69.35955011903329
20251014,52.5402184209245,87.08875914426913
20251015,55.8434492068519,101.48720441102995
20251016,58.287600787625685,113.19056188076812
20251017,60.10085201215212,123.07386054799476
20251020,61.58101532702337,133.6978050112946
20251021,62.809770962889864,142.44933764385954
20251022,63.82432492873883,149.3001334988803
20251023,64.6986499073782,90.01709274034162
20251024,65.48350517869125,39.70646179967022
20251027,66.12182200051566,-0.670674988838497
20251028,42.16328482667401,-30.726527126358455
20251029,22.78125744243013,-54.87333728993743
20251030,7.126790396966215,-74.34706640383408
20251031,-6.6766156653573425,-90.29844325144757
20251103,7.095638289914363,-100.7357758190072
20251104,17.773239831860156,-108.40302468586349
20251105,26.568617092748166,-114.60047021515322
20251106,37.478332019621064,-124.04238847566049
20251107,46.63937046678686,-70.4561725392089
20251110,54.333300794987615,-25.883051539644985
20251111,60.93735328464714,10.218597642650847
20251112,32.329158146921834,38.32238799337269
20251113,8.694451452570542,60.69587831179786
20251114,-10.689943825542004,77.19293255805404
20251117,-26.89114225142698,89.91637209124528
20251118,-39.71638649273385,97.94482142906746
20251119,-50.10314460513346,55.838870133602754
20251120,-58.840754013886,21.22557181605404
20251121,-67.9081154928067,40.92747562016417
20251124,-75.55807506766463,57.431239932342585
20251125,-83.06384032150847,21.866882339196405
20251126,-93.4263399627234,-7.826869342340271
20251127,-102.27501486077931,-32.18858987637411
20251128,-110.79286066031999,-51.899557764785655
20251201,-68.37475447357822,-68.81076746627069
20251202,-29.83691938829427,-83.3662355850831
20251203,1.777497478217326,-95.54309583548344
20251204,24.387652901842383,-106.79716627393513
20251205,41.07028149868121,-60.83084782880715
20251208,54.74553418498079,-23.281523747453516
20251209,26.83243829261084,-39.70238586497133
20251210,4.138979446846403,-53.426083717915205
20251211,-14.552021640698511,-65.11137199244078
20251212,-29.125543682038746,-74.79050413547303
20251215,-39.668098091756335,-81.91852532807941
20251216,-48.51718033762465,-88.83110143835476
20251217,-55.64321763135843,-94.57946790911541
20251218,-61.39378705307713,-99.33260150674474
20251219,-66.36961888632044,-103.40013679809925
20251222,-70.24105740243661,-106.72751808002356
20251223,-73.19030584117347,-109.42502591792362
20251224,-74.70723660934408,-111.51333490391191
20251225,-75.90729790919424,-113.07098009292082
20251226,-48.29551279902208,-114.30049856980828
20251229,-25.211293265171367,-71.12361995995083
20251230,-6.5123106718187325,-35.818231428353236
20251231,8.76734458107405,-8.539270454256519
20260105,20.29552978681735,9.648093127001419
20260106,28.341818941794685,22.770132413727584
20260107,34.26038845982064,33.58317067207222
20260108,39.04931644393161,12.960995667405905
20260109,42.973512841060405,-2.9267064261700275
20260112,45.85521991867408,-15.947453041591045
20260113,48.05718018657649,-26.124500205804832
20260114,50.26791393329381,-34.93658459822542
20260115,51.87751954292,-41.89508475505931
20260116,52.6514936618533,-21.884059694167373
20260119,53.32380955955286,-5.509122728877345
20260120,53.86352051861181,7.795922819702344
20260121,54.35297487238333,18.659727488364553
20260122,54.729850128497816,27.48890994338213
20260123,55.3871456110523,10.30973073322918
20260126,34.711363638019826,-3.7334627413917665
20260127,17.247127635505066,-15.227341062790943
20260128,2.963852637430917,-2.777676686887368
20260129,11.326251122445376,7.389769189935098
20260130,16.880313625359804,14.567514388742763
20260202,20.927061870000962,4.60617689375258
20260203,23.703753000688607,-3.4581335061283007
20260204,26.04865915316149,-10.04266943419643
20260205,27.71114306459595,-15.468876733591488
20260206,29.05803021327975,-20.1453133649403
20260209,30.215111550775532,-23.981476037136517
20260210,31.203013601943237,-27.149668896069823
20260211,32.060688908214225,-29.763085456051023
20260212,32.795919848515695,-31.92038689939419
20260213,33.39636757342673,-33.69154146281154
20260224,33.86165993596622,-20.067471073515428
20260225,21.189089369563032,-23.89989850093912
20260226,10.822671042891939,-27.061815142497
20260227,2.3559457746045083,-29.653449219697304
20260302,-4.575192714480046,-16.94487037228583
20260303,-10.182683121739968,-21.025817545809062
20260304,-14.777162549960906,-10.40598464095626
20260305,-18.535839472586115,-0.8015446579774802
20260306,-22.585513200832043,7.054162917728683
20260309,-26.730118325650032,14.093408260041072
20260310,-12.393282820626132,22.810194614488495
20260311,3.4812848361255053,31.02290266255234
20260312,16.6070417695903,37.75732886854457
20260313,31.915423574752037,44.18102885581226
20260316,44.63546503961196,49.51383896704276
20260317,56.933708355074884,53.755386553396995
20260318,66.71391276323665,57.05862315722767
20260319,40.21018230462645,34.69409014769633
20260320,18.583588410816542,16.46194551802125
20260323,1.5663008851137823,1.617838642666789
20260324,-11.652049537253713,-10.855082869309404
20260325,-22.123492712729718,-21.020952062344563
20260326,-30.692573226318874,-29.29586740650265
20260327,-37.96136803135483,-35.95593456738715
20260330,-43.91874451802728,-17.92893667702843
20260331,-49.096218576258615,-2.440446974332297
20260401,-52.630642178318745,12.565586094744155
20260402,-55.40374891370888,24.82784694638999
20260403,-57.62011729202972,34.88789012103245
