trade_date,CU.SHF,AL.SHF
20100104,0.0,0.0
20100105,0.0,0.0
20100106,0.0,0.0
20100107,0.0,0.0
20100108,0.0,0.0
20100111,0.0,0.0
20100112,0.0,0.0
20100113,0.0,0.0
20100114,0.0,0.0
20100115,0.0,0.0
20100118,0.0,0.0
20100119,0.0,0.0
20100120,0.0,0.0
20100121,0.0,0.0
20100122,0.0,0.0
20100125,0.0,0.0
20100126,0.0,0.0
20100127,0.0,0.0
20100128,0.0,0.0
20100129,-10.491943427412197,-8.168190508880057
20100201,-19.05171321020421,-14.89055719126097
20100202,-26.176986217384552,-20.563506189805842
20100203,-31.379658480063075,-25.575228843105496
20100204,-35.04206242731653,-29.705509655886452
20100205,-37.47074839998991,-33.126667891184866
20100208,-39.84414433760722,-37.5093067415994
20100209,-41.54257602381734,-40.900081069104175
20100210,-42.67642698748838,-45.37496811546212
20100211,-43.664232641072495,-49.26814087350132
20100212,-44.215080091154135,-52.18679048124434
20100222,-28.572489462665548,-30.88771253554936
20100223,-15.720102055158371,-13.455782062505453
20100224,-5.2117251567854685,1.0410536046029644
20100225,3.376820991021825,12.920699078143587
20100226,10.61776545954141,23.295298224710233
20100301,15.899589951328013,31.82500363245857
20100302,20.05441404327302,13.446683193253554
20100303,23.44201263875858,23.456561321353693
20100304,26.58088977445487,35.26193414794345
20100305,29.597938565930125,46.52913410382184
20100308,32.27344148638525,55.90093536694589
20100309,34.4292743168362,63.15058791586977
20100310,36.45196216842596,71.2683383095773
20100311,38.48669285699507,78.52574737244025
20100312,41.31701748815488,86.30387646774346
20100315,24.44591476469125,50.38078206936351
20100316,10.61369479839917,20.405086350301424
20100317,18.196647917555474,-4.349114573410293
20100318,24.320099121639675,-24.083710352478008
20100319,29.436815775490775,-40.32541016883059
20100322,35.149225698648785,-53.74226681850823
20100323,39.82980814659189,-64.73739168729539
20100324,21.35518087466798,-74.293951856792
20100325,6.193760094686357,-81.75032868874551
20100326,16.17055626651768,-86.99539510032484
20100329,25.748701286870663,-91.53367915391614
20100330,35.030330897942186,-97.44683162587611
20100331,42.54817649934047,-102.80143255555944
20100401,48.45903637907342,-106.93089959819096
20100402,53.25818272304859,-110.3558735223562
20100406,57.44358414383678,-66.55539538598686
20100407,60.96077601404429,-30.092078432124293
20100408,63.22766871132779,-48.7384345824264
20100409,65.96989497991952,-15.367680268167039
20100412,68.20452531078307,10.232875997737615
20100413,71.16308855644576,33.48040119317239
20100414,73.62329974407767,52.33549422688784
20100415,76.9777214577515,68.32019797716518
20100416,80.14928170402004,82.31829476797873
20100419,52.04667625388793,46.80985146211165
20100420,29.04116118125162,17.70703141410831
20100421,10.220332876149891,-6.223283029769023
20100422,-5.177095389431811,-25.860427447672258
20100423,-17.76784625148521,-42.355423622886164
20100426,-28.076298210114956,-56.74034660270039
20100427,-37.97406601015045,-67.98412232391948
20100428,-43.608226782894185,-74.52269893184409
20100429,-48.113312577361796,-79.77861309211981
20100430,-52.27505882312336,-84.04862282114546
20100504,-55.910907084045135,-87.55055240205392
20100505,-58.492381698461394,-90.51381827751189
20100506,-60.46958139671391,-92.88594517242699
20100507,-61.610749875867775,-93.68773580848055
20100510,-60.70780667847935,-93.13288871044949
20100511,-59.886109668595445,-93.71580954842234
20100512,-59.127604352171964,-94.20933388686957
20100513,-58.2582405388906,-94.50351521852188
20100514,-57.56548543253425,-94.75878284182521
20100517,-55.83173260341644,-91.07880710323255
20100518,-54.88485063296832,-88.89998672879673
20100519,-54.30669791825446,-87.50678896877659
20100520,-53.56360070808509,-86.28348131567917
20100521,-52.957076575275075,-85.28306876198545
20100524,-51.828675763359186,-83.62382900643327
20100525,-50.99013064270729,-82.37321008590854
20100526,-50.163933301191584,-81.22507142838325
20100527,-49.99423365950469,-81.0099355581129
20100528,-31.982966856558942,-80.65560629093288
20100531,-35.02583159949953,-80.51205934678019
20100601,-37.429686827031226,-80.36857867424541
20100602,-39.531020421693555,-80.09335251890766
20100603,-41.26337170605514,-79.84125224370736
20100604,-42.93746387492516,-80.10656238419622
20100607,-43.870735037864875,-77.23245504106708
20100608,-44.676077447175274,-74.3285280913057
20100609,-45.09340734171616,-70.89237258094794
20100610,-45.56716062578787,-68.08260054551035
20100611,-45.749627169083055,-65.58407495318744
20100617,-47.114959015183494,-64.9591835812416
20100618,-48.140426850371576,-64.48356813618516
20100621,-31.369941299367728,-42.55343522835197
20100622,-33.68388903250914,-44.864188116588586
20100623,-19.54562249032094,-46.75942258299647
20100624,-7.616867010857388,-48.483714025788444
20100625,2.29804043033815,-49.94116245559829
20100628,10.398275100516406,-30.600671360890363
20100629,16.91616364065331,-35.253381263812145
20100630,5.489427885181114,-39.12538432894874
20100701,-3.847556390194631,-42.29194169308234
20100702,5.007304944414747,-24.43771019667527
20100705,12.326493768420612,-9.68269541378074
20100706,18.360000444142184,2.3925338593410523
20100707,23.393850244770196,12.433089940304114
20100708,29.312066491294637,24.64986221551519
20100709,34.31947418113595,35.080910676635916
20100712,38.425665011327254,46.051643674447654
20100713,21.331775032601243,19.57415631585544
20100714,27.6303158013858,34.61044058028202
20100715,32.79031384518021,47.22986581129163
20100716,37.23420781764552,57.511591404223815
20100719,16.367117385048267,18.805543386785047
20100720,27.571210197928565,47.197817841384335
20100721,36.73871686855985,70.55745530862193
20100722,44.10365626890712,90.0418212385762
20100723,48.9585767390254,101.74886334030961
20100726,53.21048140876308,110.8420774981816
20100727,57.32463654559356,119.09414439756361
20100728,61.129200445160365,125.20991927972926
20100729,65.10441312965264,130.11588912836646
20100730,69.3380196977718,135.48098122523643
20100802,71.76114382723338,136.14920960709097
20100803,73.66982392108972,136.5041860751042
20100804,75.36804395704532,136.70149325081874
20100805,76.92601049011161,136.89962421474533
20100806,78.364662977172,137.1317096276423
20100809,80.20958883860727,137.8153609064651
20100810,81.27759906508943,136.28023125494957
20100811,81.79876065965274,134.76292227696675
20100812,81.94182494289555,87.87315768575087
20100813,81.46590534493049,93.43503946414543
20100816,81.99021221969144,98.39517445004924
20100817,82.66247749495945,102.8223963393492
20100818,83.21516181820996,61.85559874478478
20100819,83.80859144899358,28.335275869632568
20100820,52.67880659941928,0.5549004819081167
20100823,58.99777189848289,-22.853909420572833
20100824,32.175826758915576,-42.37109781343583
20100825,8.946785343294021,-60.11577903418618
20100826,24.26375231892062,-75.00719654779414
20100827,36.587561063551405,-87.25125340454285
20100830,46.05666200603111,-43.156704641379164
20100831,52.92568383991542,-61.53941549055814
20100901,57.69592084661785,-75.49034106170228
20100902,61.678215112973085,-36.90318366732887
20100903,64.995971310917,-5.415761411751081
20100906,67.6354985437553,19.826069722178996
20100907,70.17810057007452,42.787354205650786
20100908,72.64314577142984,61.790494638522446
20100909,73.6465533654732,25.891539063213923
20100910,75.17014185049516,45.52587918750538
20100913,76.13859808641553,61.67324031151923
20100914,76.77559041479556,74.19098842820875
20100915,77.33263039468903,84.4628476958592
20100916,77.80284509948187,92.87036436225378
20100917,78.86670502262147,101.7343786661958
20100920,79.73720373789081,108.81790873783093
20100921,80.34273436504233,114.56827135896687
20100927,80.65378176164968,117.61470892034578
20100928,80.96548969850346,119.91637042432276
20100929,81.27008346897279,121.75178086976281
20100930,83.49331572608978,124.23895796804787
20101008,86.64604230541603,128.25270777865282
20101011,85.59612856580254,123.7692933060238
20101012,84.24012340633502,119.33904074979326
20101013,82.94240460827638,115.56991236331402
20101014,81.6663278479231,112.642380777288
20101015,81.22117942617932,110.21706816597046
20101018,80.23824382329809,107.45932139656664
20101019,80.70330837848721,106.43001482161607
20101020,80.44931430875108,105.62497057661726
20101021,80.44639489604404,104.98748352780888
20101022,80.7686367741321,104.27865800388444
20101025,79.61042589000543,103.21264509167852
20101026,78.64366388290142,101.90947968256921
20101027,77.81649645939262,99.90303465314595
20101028,77.06505627289603,98.2696911591967
20101029,50.717856572500494,96.975209939579
20101101,53.54511939734279,96.22113591484413
20101102,55.87800324599959,95.62639564972989
20101103,57.76645402241443,95.16160462124454
20101104,59.29020838846816,94.76214437833588
20101105,58.9758601015986,93.33835071225025
20101108,59.749192316254344,95.49468920356539
20101109,60.28595389594631,97.88854340788511
20101110,60.65343485403953,100.09145523754442
20101111,60.59937999062789,101.80021544833212
20101112,58.37542753577154,67.30698211205005
20101115,38.92626767205431,38.673075636117616
20101116,23.058184200387227,15.415825987214937
20101117,10.86483363972011,0.21330152103503133
20101118,1.0385898017413169,-11.126603185028332
20101119,-6.850080298028953,-20.57732857442639
20101122,-13.569992886777205,-28.554571483065452
20101123,-18.75913459785662,-34.95071847903762
20101124,-22.91709977289837,-40.27546538748492
20101125,-26.311535963755357,-44.62692216974447
20101126,-29.27263156038656,-48.17266688754321
20101129,-31.789051547323755,-51.169667826464114
20101130,-33.842119056737616,-53.62193297979515
20101201,-35.44775969353996,-55.632942599747054
20101202,-21.46380630990513,-57.27026380945619
20101203,-9.362835599606814,-59.34410292868357
20101206,0.5869017942889593,-61.11819822522648
20101207,8.753368119956523,-62.638347217166
20101208,15.297058809387181,-63.820401555925564
20101209,20.553037707693285,-64.77435742227755
20101210,26.23331487483522,-66.90805069940265
20101213,30.890696769748647,-40.761556109016794
20101214,34.80559034836659,-19.2603565034495
20101215,39.672359390599226,6.248933854262076
20101216,43.66375621913176,38.73934783524128
20101217,46.99613784301593,66.56868311527774
20101220,50.031713166930054,90.29189224840435
20101221,54.45061446248418,118.36150348510415
20101222,57.9388394063276,143.5726369599119
20101223,60.98551155334977,163.43529944205972
20101224,63.77234961503729,181.21361552556218
20101227,66.00021131747525,195.0052197797313
20101228,67.82600770950505,206.50636690792135
20101229,69.58665848281835,215.85475030952315
20101230,71.74110777540939,229.09995618380523
20101231,73.33694423694492,240.8496601707402
20110104,74.77829975141418,249.97194465246002
20110105,75.71223243637338,255.5471577654506
20110106,77.89193606213819,270.96456427829617
20110107,49.10673861672328,277.37851257111254
20110110,54.827382509155775,282.8039502024583
20110111,59.646420229654524,286.9067816378725
20110112,63.529205326572765,290.24067832697
20110113,67.32705087992413,292.3368585596101
20110114,70.88198297671654,291.4701996780488
20110117,74.60233712501858,189.59868013488304
20110118,77.41500248675972,106.86344980532297
20110119,79.50281972804795,39.86999640157705
20110120,80.32326708948197,-13.549360375229085
20110121,50.73064164190771,-60.37577503297831
20110124,56.255386181388594,-99.25362187402811
20110125,31.740962502553728,-130.91569302851303
20110126,11.664674287682267,-155.18733934312274
20110127,23.630533139459512,-174.66765335736446
20110128,34.21527374956142,-192.55425999956776
20110131,41.95761473502379,-113.74923975630543
20110201,47.53439124026209,-56.250086838162424
20110209,52.693807899878365,-11.131315143582817
20110210,57.04037366084247,26.947061926386958
20110211,63.80699167804842,59.27466900934749
20110214,69.19219057553956,85.68806573742552
20110215,73.79005010947161,106.62057295925655
20110216,77.30087731346485,123.71401629400286
20110217,79.37928654053661,137.26832410302924
20110218,80.61161747565302,148.5859319564119
20110221,81.45896078235704,153.4781847136658
20110222,51.60633624710323,155.02655196646222
20110223,28.33483298523362,98.59406469244458
20110224,8.66753386279335,52.061237727320254
20110225,-7.003255037558194,14.05126565319297
20110228,7.530514798092416,40.02894273716492
20110301,-7.458047577577072,5.049235074748618
20110302,7.422376680624656,-23.958635770329007
20110303,-7.512622679058143,-47.743132447470636
20110304,7.362714447898142,-67.09282905273217
20110307,-8.463008861710389,-83.44035446363688
20110308,-19.208081964769722,-98.49876287006144
20110309,-27.8552322270239,-109.99973891753692
20110310,-33.91691941473894,-119.74838272624044
20110311,-38.857487295084724,-128.00163263794906
20110314,-43.099689609790246,-134.6715381432077
20110315,-46.55487093073896,-137.84818993279188
20110316,-48.309588958083744,-139.6862321938554
20110317,-49.77555572493895,-141.01351117411104
20110318,-50.29438246826769,-141.1356254177972
20110321,-50.81624949652047,-144.75276040193722
20110322,-51.354567321864074,-148.65792415589473
20110323,-31.828260212420027,-152.9253743821299
20110324,-15.859146267000654,-156.45869711756689
20110325,-2.5739958802364864,-96.72991678229367
20110328,-12.822584741975243,-109.33116551634787
20110329,-21.211054287042685,-59.138265690880644
20110330,-28.13098227557337,-18.08275471735317
20110331,-33.78220744636227,-45.002292118030034
20110401,-38.51200752905842,-67.29843049107845
20110406,-20.901208937427636,-24.338267289013018
20110407,-4.348281552457394,13.753625076916265
20110408,8.665450516909537,46.71537778075368
20110411,21.644074786010368,73.87525640347064
20110412,31.61149363700591,94.99180679056454
20110413,39.73611867940579,113.34374706499263
20110414,18.963939424148947,49.0512993461078
20110415,0.18648105606550056,-5.462551030431824
20110418,-15.553378399675264,-52.70877618598259
20110419,-30.27638580340003,-88.62321005707206
20110420,-40.862240918383044,-113.96919254997812
20110421,-49.43332570388938,-134.92241067192018
20110422,-56.77337152352057,-152.74967108313936
20110425,-62.67244459170793,-167.75453590825094
20110426,-67.13714943456277,-180.40054378594027
20110427,-71.68255318639378,-195.3663767491053
20110428,-75.19667368762654,-209.37759182637345
20110429,-77.83187625694453,-220.84133958357222
20110503,-80.15780147515903,-231.33125960834644
20110504,-81.38767267192216,-240.03789324099583
20110505,-83.01877999104175,-244.8510243211382
20110506,-83.9410378237549,-246.07199822616622
20110509,-85.43556191721096,-245.49502904465592
20110510,-86.71257687951449,-244.97108049696456
20110511,-87.96396739515428,-246.54432919373465
20110512,-86.72026760820339,-245.8752282025489
20110513,-83.01859189832207,-241.51046061518346
20110516,-79.95442177424451,-236.69009236780022
20110517,-77.26576412808079,-233.28216276808763
20110518,-75.35019072350214,-232.23691680155054
20110519,-74.28836095791186,-236.7613692112933
20110520,-73.50801917564048,-240.5341630086643
20110523,-72.54330266841033,-242.95580484295374
20110524,-71.65932013989747,-240.5035128790128
20110525,-46.36520401387402,-238.72317936954988
20110526,-26.095962632543472,-153.6699646705138
20110527,-9.541640152325927,-83.76485975210963
20110530,4.116870273535152,-26.828437413940257
20110531,15.247108454626732,18.384815716988413
20110601,24.695146913008852,55.37744731886893
20110602,32.54158896682138,88.65439525400568
20110603,39.32065981576622,117.58661571166476
20110607,45.16660432513086,129.6546649831998
20110608,49.699162302389595,138.51946273403064
20110609,53.64909244971695,145.7508314764112
20110610,59.53306703185774,153.1527278316313
20110613,28.608325919758993,159.94907518424677
20110614,43.876578694324216,166.96172224974302
20110615,55.904142187949816,172.44893292222528
20110616,65.367995804291,174.15255315470964
20110617,73.47433032112227,175.5492645959927
20110620,40.95274452567345,110.90829332478667
20110621,54.41873584657013,122.54258066916229
20110622,23.956485930014367,133.0118412925892
20110623,-1.3709813356796157,141.621969299858
20110624,21.40731304471395,148.7222902339648
20110627,-4.457865652765815,89.24963815800785
20110628,-25.777868923729873,105.19728243113649
20110629,-0.11434587306752331,118.37350423922118
20110630,17.426680142488777,128.96025589203757
20110701,32.34627000385221,137.29864726709374
20110704,44.41505004676509,143.9517166990369
20110705,54.06735773542577,158.52972950726465
20110706,62.76132793054242,170.274060840901
20110707,69.99260127574826,179.68304567089575
20110708,75.57104972476803,187.4427097496098
20110711,80.16728920872335,193.67732765460744
20110712,83.7097434655101,197.5984588159653
20110713,85.99381771234351,198.29988479403397
20110714,88.01847288304009,205.278987973343
20110715,89.27503370375898,209.94449596618094
20110718,91.20689044690293,210.08536229452687
20110719,92.69579746989231,211.4584719355164
20110720,94.28119550119945,212.41192234070917
20110721,95.28418132819061,209.75264481459413
20110722,96.2262981865435,206.27296773185842
20110725,97.442635357484,203.65251975444497
20110726,97.47018758991152,191.8002099144069
20110727,97.88214568862803,180.13512775798316
20110728,101.50371661833968,170.58842485230667
20110729,104.40994973089849,162.2710465338572
20110801,107.10213836036375,154.52828809044593
20110802,68.49606415476623,147.19442403593501
20110803,36.75265196074921,140.93789531099156
20110804,10.979409512370367,132.91650145694942
20110805,-4.849967137627447,95.1648720107944
20110808,-17.596003493613484,65.22253021556313
20110809,-27.13519365422188,40.90134895840187
20110810,-35.053491822385624,21.39942168601769
20110811,-41.52781924386751,5.445591463952681
20110812,-46.83852458518723,-7.467148490959782
20110815,-50.824924884550136,-18.233086506203513
20110816,-54.36017729261242,-26.915568506028645
20110817,-57.1250306372346,-33.88212784418153
20110818,-59.383520417611706,-39.60372894047813
20110819,-61.26143102483527,-44.363970583386234
20110822,-62.82939980125373,-48.262548748254765
20110823,-64.54011557593115,-52.383461656909816
20110824,-65.96931425766982,-56.3766659061048
20110825,-67.01167907539342,-59.646400891009634
20110826,-67.56090603626065,-62.26410799298015
20110829,-68.30188358898306,-64.95596546099966
20110830,-42.68115323181918,-39.093122517835674
20110831,-21.731160496874157,-17.628622041070958
20110901,-4.563622488164077,0.8337660722047019
20110902,14.323715220341894,21.413657001869797
20110905,30.019737639299777,43.72999774816443
20110906,1.8793704563906304,8.104618986596165
20110907,25.68524107071564,41.21587557726352
20110908,45.58604532144968,68.54080870992058
20110909,62.05630331483631,95.63333953822168
20110913,28.330254248203786,116.28326829141835
20110914,2.4203948910699506,53.819616185421566
20110915,-19.00508337184522,-2.0670529504518798
20110916,-35.1317578837669,-51.22613450174881
20110919,-43.352401861942795,-79.32228551331282
20110920,-50.08193288407997,-101.23695961656665
20110921,-56.060939959262925,-118.73266581281652
20110922,-57.9945708877732,-130.5217754860811
20110923,-57.24877546516578,-128.77273890509002
20110926,-55.15105520488772,-123.073273274402
20110927,-52.7644695586181,-114.5213948714355
20110928,-50.89362398428579,-107.53426653735198
20110929,-48.999468991687465,-101.79117414315982
20110930,-46.708185336605816,-96.79961055949329
20111010,-44.83436649358828,-92.68604416584944
20111011,-43.294710991311845,-89.3345474358664
20111012,-41.93089706979013,-86.55781871435144
20111013,-40.90280373726935,-84.4155267234296
20111014,-39.87842147214859,-82.64443427688387
20111017,-39.041776471115746,-81.23007312270394
20111018,-38.25346289159953,-79.82820823129367
20111019,-37.58515064145304,-78.68365129922167
20111020,-36.69488023741712,-77.39147878266242
20111021,-35.96264885305757,-76.11969283609139
20111024,-34.81027126526598,-74.77688588466074
20111025,-23.293314659688484,-73.60328564111012
20111026,-13.888051743379442,-72.72235975485678
20111027,-6.038139082705221,-72.03396360562849
20111028,0.7489082696499793,-72.86587310756097
20111031,7.022593018741239,-75.96265928430896
20111101,12.289481374349027,-84.26747564417518
20111102,16.560737253120138,-91.19054954013315
20111103,20.354943357304215,-96.64919773451642
20111104,23.39354966614902,-100.08996987314688
20111107,25.718178708701338,-102.75717728058542
20111108,27.630339998440796,-104.96288353590452
20111109,29.2152896680224,-106.80100198463255
20111110,17.919098481215798,-106.2968096921364
20111111,8.63995302521326,-105.05034526375502
20111114,12.714715849333327,-68.52553027103787
20111115,16.201129436215066,-74.07452361729
20111116,7.51053203072359,-78.50290042555423
20111117,-0.21006486369639868,-83.60921580617183
20111118,-6.417434007841544,-87.96558121248013
20111121,-12.208668072918071,-93.75077266428062
20111122,-17.31763113686054,-99.23381967009287
20111123,-21.49757751133534,-103.6155830311648
20111124,-24.99693095531064,-107.41323827456044
20111125,-28.009594808645836,-110.69880400065341
20111128,-30.11436275862808,-113.50039079428468
20111129,-31.84896581883372,-115.35244212866394
20111130,-33.316127080840516,-116.78429251031532
20111201,-20.77035280466151,-76.49824795520249
20111202,-10.02757177007116,-42.25959092467719
20111205,-1.0811876322482041,-14.01650563861685
20111206,6.2314830497320335,9.069511611269382
20111207,12.17909153915949,27.999291635089758
20111208,18.10516186487748,46.97712787287492
20111209,22.900827737578343,64.03899953916454
20111212,28.137492690859947,79.9703615024865
20111213,13.5384880122993,37.811727513525966
20111214,1.4747291315886442,3.83341491931519
20111215,-7.519846137944905,-22.378832334764795
20111216,-14.724777562068414,-42.362248982930865
20111219,-20.569715326881834,-58.2806041321145
20111220,-25.34623918778966,-71.37589321040848
20111221,-29.200806931814988,-82.03114474550878
20111222,-32.34918682038069,-90.67207030015999
20111223,-17.98696662298483,-97.39309548207206
20111226,-23.630783513772407,-102.40524973444325
20111227,-28.244226270771023,-106.59188335624579
20111228,-32.18275183516464,-110.21352167671013
20111229,-39.01366087411754,-120.77297500690429
20111230,-43.820189227005244,-129.93272932180554
20120104,-24.070051870528072,-75.83304993881086
20120105,-7.938440065909862,-31.710523537986422
20120106,5.490636359947682,4.470268209921945
20120109,16.49949860312354,34.09381531781417
20120110,25.64003277080155,56.96167799592471
20120111,32.733163292120395,74.18578422818652
20120112,38.64534732207209,89.13448691958162
20120113,43.50609621401558,103.21346094920477
20120116,51.36853033347445,119.67856029026889
20120117,57.32080603481585,134.93084419965936
20120118,62.676955888522095,150.75450627042835
20120119,66.55293869079306,163.45468899676268
20120120,70.0499284658359,174.54272060231241
20120130,72.5315806932031,180.73488011107378
20120131,75.10974958111485,187.63548451118623
20120201,76.4737447989184,194.35759453187768
20120202,77.68701258319904,200.1659261078458
20120203,78.62130521984436,203.2812803087978
20120206,80.68596889369961,206.93688187970025
20120207,82.75465719932855,129.98362533114033
20120208,83.34528200765767,144.47066686054816
20120209,83.55824706569487,81.29258709452478
20120210,83.87846650030585,29.51282511657596
20120213,83.69157132994705,-12.51982644219742
20120214,53.966632988108984,-48.1930831666856
20120215,59.203049498851854,-82.01460049266787
20120216,34.435549716257064,-108.12099822826399
20120217,14.120413567938742,-128.78594399603898
20120220,-2.3702617107246886,-145.52313655377205
20120221,-17.361667442036815,-165.1215354525328
20120222,1.2769771739208442,-179.28858673538954
20120223,-15.547621160456975,-190.84460090779112
20120224,-28.80451162226407,-200.14362227171185
20120227,-7.961430903178059,-207.77629582207643
20120228,8.81496576901223,-125.7517456230767
20120229,23.71279993562358,-56.71134758357397
20120301,3.403840461034455,-92.98709441203448
20120302,17.95916877141585,-29.745570967310226
20120305,30.1280430510036,21.91491306400399
20120306,9.511078580580683,-28.69500573724861
20120307,-8.440065145857853,-75.49677434040717
20120308,-23.150489165187235,-115.96517511836943
20120309,-3.681193131954674,-148.2855768220643
20120312,12.677174000747298,-175.02246918447761
20120313,26.34571047468628,-87.35763270098607
20120314,37.38227498590492,-126.76197850640614
20120315,13.235092719383372,-164.2490657284866
20120316,28.358048820079333,-196.34270978268611
20120319,5.744294518947334,-223.6362189611589
20120320,-13.349687578944568,-247.5282081749114
20120321,-29.226164828037252,-271.8797690560386
20120322,-41.71727192887755,-289.7672880928508
20120323,-52.631594689563634,-307.8945839913199
20120326,-62.456071639173054,-333.80342734723513
20120327,-31.45021272147494,-355.0003340079766
20120328,-44.88984551059097,-366.6262048376348
20120329,-56.56750788996921,-379.44566920126977
20120330,-68.29605071956591,-402.88300591458136
20120405,-78.02640671496306,-409.5330990785347
20120406,-40.894216939559605,-399.4676113835572
20120409,-57.82338254024131,-391.0497465933338
20120410,-70.98725056939189,-383.7505721253523
20120411,-79.55776508645009,-375.1349564919703
20120412,-86.10040716741543,-363.19938322667974
20120413,-92.09383470325412,-354.0037218375715
20120416,-94.5882310794933,-341.91337701463243
20120417,-96.64183157812217,-332.08805437340374
20120418,-95.67240412833685,-321.98891991960505
20120419,-94.99114305813484,-313.7306764679251
20120420,-94.41991105500844,-306.8872231804272
20120423,-93.90457912647926,-301.1668295022872
20120424,-93.5735260807086,-295.8422517220532
20120425,-93.45830032172803,-291.5611435656769
20120426,-92.72178108014033,-189.04518708148774
20120427,-59.310411464254514,-105.00752081833441
20120502,-31.89449153810083,-39.65692627621461
20120503,-42.43367622505632,13.812296237383736
20120504,-18.345788681320357,57.52918552338659
20120507,-30.99999528359895,95.13682298129534
20120508,-41.651022176214795,131.08056711461228
20120509,-50.558125951573075,56.938104797856504
20120510,-24.990547857072325,-4.055373900101733
20120511,-39.18314340208512,-54.977821537663175
20120514,-49.56808422994708,-98.10467485778922
20120515,-58.021456604642836,-132.94852479358312
20120516,-64.9474636812867,-161.36543372860584
20120517,-69.11740405464889,-176.88261865960837
20120518,-74.81022081800309,-190.75317597918348
20120521,-78.64570741251056,-199.12564480572934
20120522,-81.81228112563169,-204.75263170519656
20120523,-83.78188684545728,-208.9763209637306
20120524,-85.4766697130544,-213.16383854359725
20120525,-86.74825783362266,-215.4950686076577
20120528,-87.45236886360527,-217.63747751811732
20120529,-88.11742281044567,-219.39055439983397
20120530,-88.41607736103543,-224.9964330769663
20120531,-88.47293190535311,-229.6025256147884
20120601,-88.6666294577421,-233.3653961993789
20120604,-87.20156300816281,-236.148060033966
20120605,-85.35178911350563,-235.94648001395484
20120606,-83.65776732358422,-237.15486177432726
20120607,-82.47454274742682,-238.11453709763
20120608,-81.40457642853333,-240.12253006344244
20120611,-79.60149581943575,-241.79094452863004
20120612,-77.9911580902836,-242.48566499033558
20120613,-77.44319705132278,-246.02444998072926
20120614,-77.8484250758,-257.62007636352865
20120615,-49.97189807155266,-266.9988378769486
20120618,-26.8622446546924,-280.8674297313902
20120619,-8.004315430721634,-283.40430774768754
20120620,7.884216329920215,-279.7495929622277
20120621,-7.4758609026334835,-268.477222274646
20120625,-20.092869674453723,-260.5854174073803
20120626,-30.96998561882823,-237.40320600252957
20120627,-39.82713742029666,-218.4026287918579
20120628,-17.96607857220016,-198.64468898235373
20120629,-0.45552688718516615,-182.39351552504075
20120702,13.920057142466979,-168.94943253941534
20120703,28.164540396685542,-157.8435301174112
20120704,40.15563131825483,-109.94374819623279
20120705,50.00403199075931,-70.79766222421736
20120706,57.99741307316964,-76.99552898233085
20120709,64.7102016008356,-81.99896166194969
20120710,72.8973649158878,-86.22460827661797
20120711,80.6569245291423,-89.7198461110911
20120712,87.1591171977966,-92.63864728928375
20120713,91.80804810880707,-94.92357075290482
20120716,97.5185042833852,-58.74737920652145
20120717,101.94211352070424,-29.065879549804603
20120718,105.85707272369955,-4.317354093520811
20120719,108.81304317270177,16.151151003714844
20120720,113.62517607200449,33.86351360033061
20120723,74.55241208385905,8.426038795285416
20120724,42.25703191635933,-20.51007695367522
20120725,17.08254452111747,-42.703466691510954
20120726,-3.3643067260766353,-67.79057155833773
20120727,-21.267593430591386,-86.96221553214927
20120730,-35.9429591551656,-102.75005661061746
20120731,-48.878502645383406,-115.88277179238949
20120801,-59.382235771975935,-128.93868915431287
20120802,-67.97615279144169,-139.52339782196478
20120803,-74.6372368997101,-148.63599005705558
20120806,-80.17678818089097,-156.30363619935056
20120807,-84.589018993371,-162.55570835680322
20120808,-88.2124723985627,-167.15856903973284
20120809,-53.55895254393513,-103.43988195608048
20120810,-62.699954558814106,-117.71835420015314
20120813,-70.54801214099388,-130.41223204829734
20120814,-76.90307544644571,-140.8264152729502
20120815,-82.09071895007256,-149.34681644534436
20120816,-86.68484109924049,-154.70273776629642
20120817,-51.8204715447491,-157.71839258923654
20120820,-17.043583904237757,-166.34138892630116
20120821,11.25923369686235,-173.73443820478022
20120822,38.15597695974479,-183.59156419022182
20120823,59.70300736179797,-108.76353973188546
20120824,77.83191968778114,-43.834241500510856
20120827,92.4978056943179,9.365198163230756
20120828,103.67461779915992,53.292291719154534
20120829,112.8599863601263,90.47892229305744
20120830,119.55707406482982,122.8667827182916
20120831,126.66099971997014,148.47170937301073
20120903,130.39353450549876,168.34240171431017
20120904,133.27989690558434,183.65486674079915
20120905,135.06822307736317,196.93492631529358
20120906,136.45134454309252,204.36351232693713
20120907,138.95934211471717,212.29654123510022
20120910,135.30576830493632,215.65396414809308
20120911,132.31329517158966,218.4048925996009
20120912,129.7594567000495,220.99195771321382
20120913,127.90135895662051,228.3480387212617
20120914,120.4574228986407,229.1096697391122
20120917,113.81833898962265,230.29506701304018
20120918,108.19904055366878,229.0242324516773
20120919,103.30864879490036,227.20504261072898
20120920,98.17159437462527,221.18206164744768
20120921,94.1300801696681,216.2712170258555
20120924,90.4062794356499,211.11239811489293
20120925,87.54011495054198,138.75173246002788
20120926,85.29576837179695,147.37864812842133
20120927,83.47287710728153,154.481658784588
20120928,81.96950678439927,160.60242187509422
20121008,80.38085755455944,98.78555546292822
20121009,79.12649095645375,48.23176485896857
20121010,51.41400491702025,7.386453494111089
20121011,28.6682565004192,-28.211595706418546
20121012,10.011834552357632,-57.296374113794116
20121015,-6.433024720924711,-84.3077962996673
20121016,-19.88847074841134,-106.3721310080918
20121017,-30.8870118439958,-124.69127758632587
20121018,-39.788913555655455,-139.7242058535092
20121019,-52.615237294845876,-160.98224509190354
20121022,-63.11206556599571,-178.54640385920175
20121023,-71.2492887349765,-193.0218683322929
20121024,-79.8509782151252,-208.44412941391724
20121025,-89.91369741314607,-230.77779939149025
20121026,-98.64269941814649,-250.48055396602606
20121029,-106.83187082081933,-267.6094947264386
20121030,-113.76599044821192,-277.64625450162185
20121031,-118.40409854114614,-284.8497213339019
20121101,-121.72222680863388,-291.2211413764896
20121102,-126.56905759114717,-300.0350001327204
20121105,-130.25148910578972,-311.7551816142979
20121106,-133.28108800884704,-321.2760021053686
20121107,-134.02108952210972,-329.17288829377105
20121108,-132.80942919955166,-335.1843874960582
20121109,-131.43883771697617,-339.6430564320811
20121112,-130.49040636663733,-343.4325328780789
20121113,-130.1543558075426,-344.64162857122943
20121114,-128.79278989044408,-341.2934602270134
20121115,-128.72149669786975,-221.38366590706843
20121116,-129.4760210418526,-122.96361397565744
20121119,-130.14539315605086,-42.72454693101113
20121120,-81.71621733879601,-94.84457594720192
20121121,-91.37038573706256,-138.1588307686714
20121122,-99.25541204423419,-173.4441375488414
20121123,-106.48785834357906,-204.24860015117292
20121126,-61.9516929030142,-105.64510267354449
20121127,-25.482920530395887,-17.607642699124284
20121128,5.016740084302554,58.060913092328725
20121129,30.05522669291161,120.0632631747014
20121130,48.30442626836277,161.1095559751887
20121203,66.3643862174753,196.9376474138461
20121204,80.78238405615366,99.24860432359556
20121205,92.87630045897194,18.261604421945428
20121206,107.41256588357854,-43.594133152752
20121207,119.47081862065066,-94.68830534113226
20121210,128.96754714432265,-136.49447200729628
20121211,137.30081994783126,-168.20358554070935
20121212,145.0911681401295,-197.3763640472164
20121213,149.9755911331121,-224.60450248619125
20121214,154.16102633128642,-246.61610952130545
20121217,157.67786965909414,-266.05317200855745
20121218,159.99724752536687,-275.2917723831525
20121219,163.33368368634416,-282.9969274325768
20121220,105.83537214684436,-289.03353718068655
20121221,58.922545698132204,-293.67296690542094
20121224,20.482999000114116,-298.5603455343472
20121225,-10.897333344009253,-301.1974061350481
20121226,-36.60874430268207,-303.36006013872077
20121227,-57.1969491898341,-303.08732978901855
20121228,-14.64785365882523,-311.3706224579373
20121231,20.398575465396785,-318.5372912524742
20130104,48.07854090062883,-325.21035609394295
20130107,72.0810601121904,-329.3983036089519
20130108,93.04749947691552,-339.8690399336561
20130109,110.20278099620752,-349.60984603642066
20130110,125.08938602591178,-356.6032337831773
20130111,136.11027932390448,-368.13866399600784
20130114,145.12814471941465,-377.8839791849023
20130115,88.9893950746504,-377.0591770207544
20130116,102.53289303042847,-375.3801468282812
20130117,53.815562265603965,-373.88426813236197
20130118,72.06054787437678,-381.2914942008138
20130121,87.0895387803459,-386.5332864058292
20130122,102.52441537354191,-391.99002771260785
20130123,115.25299194118932,-396.40277168005053
20130124,125.25929743716748,-400.218890030988
20130125,133.40875339217206,-406.22201006188715
20130128,139.55727957325806,-408.61179633330084
20130129,145.16685155509558,-416.63179484814054
20130130,148.997786029329,-417.61254591881766
20130131,151.44942261002458,-416.6846978127945
20130201,154.60502273384935,-416.42768633722517
20130204,157.15295649785625,-417.9987107494231
20130205,158.77836077861608,-416.4119488745451
20130206,160.10822289130346,-413.6801926884109
20130207,161.9758772152692,-413.09300610184596
20130208,164.54837007739084,-409.7435978008628
20130218,106.63693183827434,-398.9338387527492
20130219,54.839883122391186,-397.41622335881914
20130220,12.310786041959636,-398.0112780887287
20130221,-16.375603281804736,-388.33396703207666
20130222,-42.0834111372533,-382.9899464265384
20130225,-62.755595807440926,-371.0087114618614
20130226,-81.50232933776911,-362.416364402533
20130227,-95.6456816513463,-351.996871390028
20130228,-106.9254981035647,-342.75436903548564
20130301,-112.91892679769522,-331.22057557868385
20130304,-117.47203328931307,-319.84289701084776
20130305,-119.68786482839471,-305.52533461969114
20130306,-122.32302148688574,-290.33555156582014
20130307,-125.64837680647075,-275.05809383413805
20130308,-127.90761039168427,-262.50206515065105
20130311,-130.46529408719655,-251.59502350729178
20130312,-132.5536481307148,-242.3028571199766
20130313,-132.74726262193352,-231.95292969952098
20130314,-132.89140452464378,-223.4363427578854
20130315,-132.27070280341357,-216.8602913818532
20130318,-126.52928026410922,-209.94962810043404
20130319,-121.82156936721356,-204.3524331999986
20130320,-117.40637554029183,-198.81369481956708
20130321,-114.47237786386656,-195.20644728229954
20130322,-112.07805614044202,-192.25544178919748
20130325,-110.03894253233295,-191.06487707190865
20130326,-108.38738916767899,-190.1298976336758
20130327,-107.30181627237764,-189.64265561940408
20130328,-106.50232336437936,-189.47738942170392
20130329,-106.80878749429975,-191.22073130359232
20130401,-105.49033159020235,-193.5955100340595
20130402,-104.04503194156598,-196.52345884755957
20130403,-102.74202540950927,-201.86997764878348
20130408,-100.98948757536719,-207.29880916971032
20130409,-99.23583597535983,-211.73925558526986
20130410,-97.83478061338275,-216.96631899585188
20130411,-96.6494168820006,-134.05941502293916
20130412,-95.93974339561083,-61.60249042459147
20130415,-92.70699372883657,-87.96374685718034
20130416,-90.18811371745588,-108.70086928691482
20130417,-90.2431940727532,-130.1093239910145
20130418,-87.90769013054084,-147.6772505078121
20130419,-86.21048074629194,-161.83627546088832
20130422,-83.64822395167673,-172.23633779005212
20130423,-81.48644300708693,-180.5675588849507
20130424,-77.9779685534414,-186.86605841717804
20130425,-74.76332472659253,-113.81264817904531
20130426,-71.95458442190125,-53.725660667671434
20130502,-68.54904105022865,-76.95412171540762
20130503,-65.03238071591798,-95.17535134576336
20130506,-44.839535276925275,-109.75124709830949
20130507,-28.27662208892614,-121.89050395969636
20130508,-14.847860538085111,-68.22062212997771
20130509,-3.7959098774355944,-23.438939460972144
20130510,5.2510173833425196,13.189108023005222
20130513,12.654776370122965,-21.2222544729207
20130514,18.65011980684516,-50.1122507737975
20130515,23.522009974181127,-73.6192894626673
20130516,27.94600807801281,-99.89674608888537
20130517,31.47222341888121,-121.8472164366311
20130520,34.404852301889754,-139.80669217569582
20130521,37.34673459142352,-74.7379560699856
20130522,39.75371910857795,-21.187348596984762
20130523,42.11679170109131,23.62181640442927
20130524,44.0256054374441,60.059077230278405
20130527,46.087291726153296,90.16002435971447
20130528,47.883485464061366,114.8468934930673
20130529,28.997948950973342,135.1073792816073
20130530,11.606305656637684,168.54555601871456
20130531,-3.8439241188201447,188.40620141353793
20130603,13.365395994102652,205.05198734958046
20130604,28.08800165480232,218.12730935438142
20130605,40.792374434541905,226.81304136315143
20130606,50.59536140362463,232.0040586761365
20130607,58.89856425824719,236.078773717417
20130613,33.32171442831522,159.33570877169956
20130614,11.991618042307193,96.67925481120795
20130617,-5.83104307343754,45.08898078827085
20130618,-19.98296661485729,6.106157036069567
20130619,-32.471846168189934,-25.858756138018652
20130620,-41.38930873499752,-49.53956149934265
20130621,-49.832135114344304,-69.21633590864165
20130624,-54.57141966277272,-85.03047566525142
20130625,-58.52064157012115,-97.64956838972765
20130626,-62.12383184866676,-108.06372574555624
20130627,-64.32805806714235,-116.20473690430028
20130628,-66.20986434167217,-122.64353391844644
20130701,-67.00409687445816,-126.93148223128186
20130702,-67.27499392734322,-130.47580858927867
20130703,-67.4042955065877,-135.13206951493126
20130704,-67.54449853937125,-139.7080968731981
20130705,-67.51489674598835,-143.51201629353275
20130708,-67.70333596353771,-148.14227448659838
20130709,-67.80515520266714,-151.5767322921143
20130710,-67.9502921417883,-154.3629136416806
20130711,-44.73475326284017,-94.14199966820019
20130712,-26.091245331555395,-108.85348018091888
20130715,-10.82616232806417,-57.348065828306204
20130716,1.7418499654047315,-12.250645785826451
20130717,11.984455217019836,24.762522238365637
20130718,20.93167091138293,-19.32104383745611
20130719,28.243317950164524,23.147449961396426
20130722,35.60100588970056,60.940627527341945
20130723,41.77564299817481,92.0981970164458
20130724,47.09984809839103,118.62532210197934
20130725,51.71607854685362,140.8888230296053
20130726,55.34763091438599,160.66331301116114
20130729,32.45416239440365,86.3290990668435
20130730,13.393409480358098,24.632433822244092
20130731,-2.2907287078464513,-24.220051349945837
20130801,10.969350810614134,-61.45835592761937
20130802,22.17936757458801,-91.92414012951986
20130805,31.668402742681803,-119.95591173136555
20130806,39.459985165278376,-143.07556539063654
20130807,45.91130160345205,-162.04925033366942
20130808,53.636667640545305,-185.79848716092536
20130809,61.69554275372678,-100.76559502913963
20130812,67.24716597652339,-34.369699016886784
20130813,71.66663893866699,19.989413045418157
20130814,75.60475924116416,63.514185430841444
20130815,78.94456748730249,97.88994424907918
20130816,80.7734825461293,126.3163005211749
20130819,82.50650041085247,149.4826647934314
20130820,83.4072921688464,165.62014777643785
20130821,84.1357386053988,179.1349660246974
20130822,84.72832733893708,190.27212231961278
20130823,85.60238492774296,199.9936208029595
20130826,87.9512935888658,212.18377137700023
20130827,89.28141917037784,221.70994594074972
20130828,89.79580836476282,233.24414939503487
20130829,90.9500794449778,138.59825675554458
20130830,57.3345297209855,65.28226334835425
20130902,63.73118478944195,5.9096560976039365
20130903,68.89116032653237,-42.47842607881645
20130904,39.82341841571118,-82.21714955212866
20130905,12.746636951783227,-113.52934115944328
20130906,-9.346983672290639,-141.68489515367207
20130909,-29.225097221384765,-168.6616116747546
20130910,-45.45402656710208,-189.98611134738064
20130911,-58.72876558137023,-208.2972716171781
20130912,-68.5378871689288,-226.86730522862257
20130913,-80.50849632669582,-238.35019285840775
20130916,-90.69024741062657,-247.4694210883039
20130917,-99.68047294486232,-257.1122025265877
20130918,-107.26091019609615,-264.98449183924953
20130923,-113.0882101511297,-271.0537608781448
20130924,-117.51503702833836,-274.64295623252383
20130925,-123.91822455980441,-278.8904533166537
20130926,-74.2553060861479,-175.26466277088963
20130927,-32.449825351671784,-90.75568371511181
20130930,0.5674059187529269,-20.50397252466151
20131008,28.165967944400084,42.43613383057577
20131009,-3.718896557911085,94.86674472520758
20131010,-29.554730721745297,138.12062016714086
20131011,-50.84454992578567,167.62794677476006
20131014,-16.116664555704883,196.26832334203544
20131015,12.309199946082982,213.5745517734021
20131016,36.48601508690523,226.9190884805547
20131017,55.80950464193642,238.85247525238395
20131018,70.67953031121259,248.59746719505355
20131021,85.25687436440603,256.80444458588386
20131022,97.06941311385066,266.78507747724353
20131023,106.82139435254987,279.265948057275
20131024,60.62208171482094,295.4027110911563
20131025,24.347849878624654,306.58562923316356
20131028,-5.3921388247358495,312.6396991721446
20131029,-30.162550164035466,318.00280276964236
20131030,-0.3921666432148798,322.54854762633136
20131031,-25.456376210995035,322.38390975672286
20131101,3.484453640971217,321.651016858894
20131104,-21.259103013547193,319.42776714218445
20131105,-41.7195836526626,205.67820358882173
20131106,-60.498808518560054,113.34571070470712
20131107,-76.21561592703242,37.6354770918888
20131108,-89.41443111257195,-33.9798489952755
20131111,-102.6505487186836,-92.9203083416234
20131112,-113.37886691320574,-147.45699619323364
20131113,-118.27199264267581,-192.48022173251118
20131114,-122.82327155653611,-233.08312444512882
20131115,-127.68882017666866,-266.48992631902127
20131118,-130.69327359334937,-293.06439267698084
20131119,-132.3900113241108,-315.3181060433569
20131120,-131.84735891093266,-319.92159350225234
20131121,-131.74726009274215,-318.7703889698149
20131122,-132.63998829915388,-318.0490719235264
20131125,-134.10894429789082,-321.6590716479821
20131126,-134.78188342576934,-325.9033783191248
20131127,-137.29659499237806,-329.63244161574994
20131128,-139.40675085835753,-328.73296817224883
20131129,-142.2881617322547,-329.57471125005253
20131202,-146.2159575249102,-331.7618653008331
20131203,-148.1777936088325,-334.2886546226427
20131204,-149.35723559386315,-335.56825143284834
20131205,-95.12442181141591,-332.27116750198815
20131206,-51.029811392552524,-329.75755345562595
20131209,-14.750499800036778,-324.7557481544612
20131210,14.683937318449404,-213.05951604065183
20131211,44.58944128241649,-121.24810278780184
20131212,67.83919193030921,-46.12112489839226
20131213,86.6807935941236,-88.51977060859035
20131216,102.53457620745917,-21.39019615000629
20131217,119.0009722919926,-68.37347899057166
20131218,135.49512310452033,-113.61892539628019
20131219,147.76865306261976,-30.234172921774043
20131220,156.75336184910083,38.26065837496305
20131223,163.78358317907808,-31.16142585176019
20131224,170.25289413196708,-87.23935422329832
20131225,168.22894012605298,-131.03415038293204
20131226,166.9805570998936,-174.247570026605
20131227,165.96770972558565,-206.07359066480535
20131230,165.0208242831581,-108.07799020307827
20131231,166.74442008284706,-28.36126054403956
20140102,167.53032149739806,35.42317619973276
20140103,163.85952776439797,88.07478003579786
20140106,160.7336871764536,18.74515946660631
20140107,158.21103760277214,-40.118492244351906
20140108,156.21196013673602,-90.5785951655912
20140109,104.49088250680042,-130.98769621843755
20140110,61.39350780443684,-164.16618574402386
20140113,25.854400067894492,-193.00476819114462
20140114,45.732395621309344,-216.43653995209786
20140115,13.512826437453688,-234.1420100852408
20140116,-12.44033214636424,-246.73688490915546
20140117,13.652256651349344,-256.8709581027218
20140120,-13.07772897465923,-261.6938569304106
20140121,-34.866165174201356,-266.6446503008109
20140122,-52.77859453710183,-270.9747107278212
20140123,-72.19583463478477,-274.58451398402036
20140124,-88.09340506056942,-276.57054743837193
20140127,-101.08784927612328,-278.18348368836087
20140128,-111.66841777414446,-282.0038366080212
20140129,-120.21931166232758,-284.9990471140055
20140130,-128.81184572207476,-289.800710116631
20140207,-140.31535921797854,-275.89633154068906
20140210,-149.81269235241547,-264.3404512181203
20140211,-153.49917588384702,-253.15066263403506
20140212,-156.16267912885894,-241.96441026758941
20140213,-165.52821660840394,-232.27063515316317
20140214,-173.56040824476344,-222.8726415986341
20140217,-179.16676392313568,-214.37752017590086
20140218,-182.41763692467927,-206.1484836197649
20140219,-186.76208202078698,-199.19862929420532
20140220,-192.16248676896222,-193.916856756231
20140221,-196.37798130542816,-189.66173379788373
20140224,-195.4377917971609,-186.29112515705165
20140225,-193.68680736579034,-183.41775231403983
20140226,-191.5702538909907,-180.4486410124767
20140227,-188.46654725221114,-178.17595308456558
20140228,-185.6431555731709,-176.5150065123777
20140303,-181.9581888085711,-174.591190468674
20140304,-178.11688591852075,-173.07047035168776
20140305,-173.3987833282862,-171.5796162987799
20140306,-169.37233135873169,-170.36451731151683
20140307,-166.16541378345994,-176.84772476848065
20140310,-151.3785051082863,-179.7154648772822
20140311,-139.45678483541602,-181.61643649233528
20140312,-127.57869261579368,-184.49504181915054
20140313,-117.88808994502385,-187.18109606471353
20140314,-110.04054864583401,-190.60201614520565
20140317,-104.03452582711988,-195.1467413812119
20140318,-98.09418334956858,-199.9942611491063
20140319,-93.30361802444794,-203.4817260103304
20140320,-88.96808435210733,-205.39562408333003
20140321,-85.47832585417567,-207.37976922595703
20140324,-82.52707866060113,-209.9109177488137
20140325,-79.81274766532088,-205.90478519934118
20140326,-77.54040905255455,-202.16157925547515
20140327,-75.69074265347007,-199.1335201855335
20140328,-50.143397898782034,-193.5395745137531
20140331,-29.273955551472206,-190.31634823274956
20140401,-12.140992782337689,-187.87800044002176
20140402,2.010152785895082,-121.98553176106012
20140403,13.570753986808096,-68.03012956496976
20140404,22.899402910818132,-24.27588919972667
20140408,34.647016104487946,13.968644249623337
20140409,44.34243072683595,46.736647330638796
20140410,60.69761871687977,71.44241421441295
20140411,73.32714126793078,90.08565832489968
20140414,83.94374114254468,105.97913520657825
20140415,92.35037624844942,119.32121518258221
20140416,100.3611248090659,131.51735626135914
20140417,106.83494433504264,144.25682498271698
20140418,112.59185520084218,157.50129153527672
20140421,117.14648659795424,169.26677537686666
20140422,120.69658047373257,179.04674122142512
20140423,124.11638129663697,182.81852977540854
20140424,126.21272091678266,182.19280404622614
20140425,127.52587744739266,179.26565552998048
20140428,131.02060102678075,177.45871019463917
20140429,133.3931821521652,174.07624437275877
20140430,135.3891375963547,170.2069435560179
20140505,137.02682004266114,112.73319266699094
20140506,139.16244540772254,65.6833934596952
20140507,140.888533856308,27.706879958303112
20140508,142.2346854510962,-3.300731377252245
20140509,142.8431133202363,-27.77482073839594
20140512,141.32909497985648,-48.55878951778341
20140513,141.18630119791914,-66.55944503276129
20140514,140.8066717386263,-81.30369567947399
20140515,141.185160789519,-93.34924248840193
20140516,141.08995332574446,-103.13991486147368
20140519,139.4214056575046,-110.95704135355075
20140520,138.20004152044618,-117.35273805682652
20140521,134.09800050441888,-122.46122278910093
20140522,130.9845336484623,-126.58315352872064
20140523,128.3142406479507,-80.99988657195621
20140526,126.23306214974197,-41.70550977322946
20140527,125.22467465703757,-9.133214270400867
20140528,124.40038409500855,17.414273102386417
20140529,123.32982039609598,39.57620863557437
20140530,122.43380824844726,57.05069131981023
20140603,121.70891686296892,72.28851362868122
20140604,79.19462068708897,83.75851223866148
20140605,44.10053003067911,93.86896001385972
20140606,15.377107186886576,102.35435880627351
20140609,-6.461745423008392,106.70309714847573
20140610,-25.836033750639274,109.94472770918344
20140611,-41.30697469527889,112.67981956457281
20140612,-53.94731455405749,113.33492766342214
20140613,-64.13232499780455,113.95533364808594
20140616,-72.67732423547606,114.54583832342763
20140617,-81.41716121965628,115.16805644881495
20140618,-88.6045833720442,73.03432739646077
20140619,-96.97772006179044,38.518691909491324
20140620,-56.73986426038546,52.50059828836366
20140623,-25.229134930722342,68.75476225758987
20140624,0.9776697771007182,30.51915668132555
20140625,22.75353914185154,51.04380974680663
20140626,39.98956225417931,67.9703099283785
20140627,54.96538005047194,29.071632645850983
20140630,67.25859521147838,-4.042013787288607
20140701,75.67932189535854,23.410114152269774
20140702,83.99769851505799,-8.508778210234494
20140703,89.56367773632682,19.580904024059695
20140704,94.23499092301185,42.580706993030844
20140707,100.60899305892985,3.0523556790483606
20140708,105.78908915376782,33.21866199711007
20140709,109.45912037272859,57.95783607563154
20140710,112.74330240733383,83.00111152025055
20140711,115.37601203484954,103.19466024889961
20140714,117.00359162753705,119.71765978920736
20140715,118.22371896538885,133.03496410676775
20140716,118.96394235976888,144.75836991468043
20140717,76.29032149526864,154.5922716336262
20140718,40.306261733627714,163.9455249854647
20140721,8.752816553025804,170.0397454562173
20140722,-16.771576637701028,173.64464316836134
20140723,-37.62972200479565,176.35946119753316
20140724,-7.5997205627834346,175.8130485962746
20140725,16.6463494067186,174.57858383030938
20140728,35.69597218982395,174.07293604362175
20140729,53.570702397571175,174.0158486881804
20140730,20.533594633692626,172.14244178566025
20140731,42.35204846643317,170.3601955372364
20140801,60.68845121083875,167.2739420704395
20140804,22.669567263159447,166.22918869066447
20140805,45.42520380054494,164.9706633392128
20140806,13.381927784729434,163.11722534155047
20140807,-13.236328896829551,161.64667331911852
20140808,-35.687683906327756,160.7193249787524
20140811,-53.99964161302093,159.92715093105292
20140812,-68.96014487709509,159.28303052904073
20140813,-80.37890735740335,158.75632355818632
20140814,-90.19583700505167,158.06551106443047
20140815,-98.3179592758356,101.88011748311433
20140818,-105.05113532177259,54.472703824933795
20140819,-110.23659739166776,73.70290876388962
20140820,-114.45035470706765,89.90813670087248
20140821,-69.79142384638645,101.53013227700433
20140822,-33.80602224455581,112.74050994638702
20140825,-3.714461424401357,121.96539767153897
20140826,20.991857911313133,129.23803482092487
20140827,41.89687198900685,137.26307210523083
20140828,59.60250945340404,145.77058356236685
20140829,24.39450684887979,155.17111598064423
20140901,-4.7210198423634715,162.86626483077083
20140902,21.28143973754403,162.6659101698542
20140903,46.92534281680176,163.58770162454877
20140904,9.152037115552798,164.30881825657056
20140905,35.93982706495394,165.07084770371443
20140909,2.3786908599703094,162.48709471803633
20140910,-23.917593051580813,157.64948678184263
20140911,-44.27273920736812,153.31863111827323
20140912,-60.626220803055105,150.04984531880544
20140915,-73.81247516426913,99.1364822903091
20140916,-84.08841903773329,58.29781316347037
20140917,-90.84256434754843,24.812969299876578
20140918,-95.95864183868758,-1.395551194369226
20140919,-101.7755004989371,-24.400129226512725
20140922,-105.84257435079842,-41.26360067707978
20140923,-108.75790207990569,-54.630288723062705
20140924,-111.03470346849564,-65.90256146497886
20140925,-113.03235085353047,-75.33644505107586
20140926,-114.47884937083315,-83.05523303515648
20140929,-116.07046468830801,-89.37333425839105
20140930,-116.63166940674753,-94.74460619762974
20141008,-117.02566376087148,-104.33566454724695
20141009,-117.30655988816673,-112.25181485406564
20141010,-116.8599340113668,-118.35701126912925
20141013,-115.52557628049878,-122.46498092308727
20141014,-74.3901252809502,-126.3749637809974
20141015,-40.364485326553755,-130.77540478543338
20141016,-52.56065405435542,-133.76385659480312
20141017,-61.98933199463737,-136.62069132546122
20141020,-69.2971516155053,-135.6951354595351
20141021,-75.57806785873144,-135.29667068836193
20141022,-81.43777067427621,-136.14769751338702
20141023,-86.42835831443024,-137.5991249515887
20141024,-50.94672517212223,-138.75560400887446
20141027,-63.066439019127,-143.4077692038378
20141028,-30.86517134646917,-148.55638219764018
20141029,-4.648893623967739,-152.6632985850248
20141030,16.582409647788065,-155.97426322668437
20141031,33.807765213224364,-98.9704428678488
20141103,47.41481117170643,-51.31394752703852
20141104,58.520876010805765,-14.013725372962982
20141105,30.617799589228472,-33.19190346572555
20141106,7.886525856569175,-5.560906940890696
20141107,-10.965801564843751,-27.115364967661844
20141110,8.95919974962836,-44.778071785619886
20141111,-10.480848709777943,-59.160728663380326
20141112,9.28566260258613,-70.89898408374006
20141113,27.254067076486738,-81.26792555053343
20141114,1.357216268804996,-89.36379954455845
20141117,21.847122492915787,-98.06401818719245
20141118,38.72881752321217,-105.32078827885928
20141119,10.277860864440097,-111.23670480746617
20141120,29.76972752035288,-116.27042339771877
20141121,45.91652844157535,-120.05633412998428
20141124,59.47544251688197,-123.21020986589168
20141125,71.4272807639281,-125.78835578092527
20141126,38.06377161256518,-127.86026455152214
20141127,10.688528588965145,-129.57910436039938
20141128,-10.634612558855695,-132.40607514337205
20141201,-24.62023678855925,-132.39501719188513
20141202,-35.042883418855915,-134.5620272399635
20141203,-45.01150366807592,-144.89078991958522
20141204,-52.697281572882126,-152.72345318097626
20141205,-59.06633341622128,-159.1228651924876
20141208,-64.44883885711188,-164.59835000640544
20141209,-68.98581938009112,-168.8347100790861
20141210,-72.56034842460816,-172.2916988906082
20141211,-75.50472775322818,-175.51602004797215
20141212,-77.91835776178308,-178.05622676683925
20141215,-47.434876906888576,-181.05123600738912
20141216,-54.231650246996914,-182.01193048935042
20141217,-59.808488537271195,-181.56999814347017
20141218,-64.42229237591643,-175.58697596366005
20141219,-68.1052330889674,-169.41705845646376
20141222,-40.59343314266031,-162.68265092265187
20141223,-18.17074186951888,-156.6973549759075
20141224,1.0561148644564733,-151.79294252617788
20141225,16.82362789337274,-147.8249106844342
20141226,30.51561563387759,-144.2642256492216
20141229,3.282917494279331,-143.0720960325057
20141230,-22.200104555539166,-142.09542377424518
20141231,5.666614409663461,-142.37700781205095
20150105,-18.04747609567004,-141.97557734784252
20150106,-37.64739933843868,-141.6205568317521
20150107,-53.71212728528734,-141.20529588627477
20150108,-66.85542900059158,-140.5095130621856
20150109,-77.61778279506251,-139.66040874421998
20150112,-86.22570972287586,-138.8370171803472
20150113,-90.10757149261566,-138.82741917769974
20150114,-88.89053114607286,-138.82482231149427
20150115,-88.3273273543209,-135.03223279413575
20150116,-87.6790686692084,-132.24369671659372
20150119,-85.93409396670562,-133.06031497903876
20150120,-84.57119363506258,-134.87367837853554
20150121,-83.9467359794828,-138.42214536160355
20150122,-83.08046343809171,-141.97479556779263
20150123,-82.17305893189702,-144.88484094200638
20150126,-79.7499855960769,-147.20268227216044
20150127,-76.42242295132391,-92.35706082711992
20150128,-73.64825588804905,-103.86144553780103
20150129,-71.53245859262222,-113.22976740735304
20150130,-70.20671551345498,-120.891479052514
20150202,-67.76469897760379,-68.67143779847662
20150203,-65.53873475871883,-32.36020333975603
20150204,-63.56455580785996,-2.091399080786404
20150205,-42.04965386255294,22.711732712966114
20150206,-24.706799084713552,42.38075934216679
20150209,-10.543261875775164,57.92349730507273
20150210,1.4101400063574383,70.17811735131282
20150211,12.668776780306825,80.43225421590938
20150212,21.939338435632468,91.7570240938178
20150213,28.902438656728002,100.54868986249139
20150216,34.89579020289058,107.69297596270653
20150217,40.012261111956356,114.05568464282548
20150225,44.18297969338143,67.87816774016491
20150226,47.43528036124179,29.969695877705433
20150227,50.46062174077804,-0.7435945421841196
20150302,55.7106641277776,23.734550677031425
20150303,60.23347796145895,-4.779976882727694
20150304,64.68922237621273,-28.019894163821295
20150305,68.84499310744948,-47.13937857703993
20150306,72.1633380786634,-62.7181152390351
20150309,77.92246860864881,-75.82889703500477
20150310,83.01976314791133,-95.25458804413614
20150311,87.40874154059959,-112.32513561866584
20150312,90.65049061265007,-64.779823050627
20150313,94.4365468966806,-24.02380272856931
20150316,98.46153513145333,10.821128368079396
20150317,100.93263440045133,40.03693942301113
20150318,64.3222100352532,65.68229466069607
20150319,34.37566163120877,84.14244292278237
20150320,6.642857145716982,99.9637056941356
20150323,20.37308701654957,112.95831972402469
20150324,31.618546563182203,123.5917573904164
20150325,40.7772340061341,133.2729827124699
20150326,48.668664565026596,141.1559680437864
20150327,55.08899957524885,148.51391534386306
20150330,60.63140849208162,156.8344496517897
20150331,65.54283720718631,164.92445589409812
20150401,69.5575285422809,172.59315976408624
20150402,72.76600037362395,178.824096091138
20150403,75.46585113013447,184.6587627153775
20150407,77.64428034950944,189.53215579278697
20150408,79.44597522593982,193.5421422921615
20150409,80.92331966471247,124.38888170982295
20150410,82.42020245438846,54.88142809877433
20150413,83.72852436113293,6.980989191887823
20150414,53.36096251578398,-30.593899817011177
20150415,28.292787177500617,-60.94799811165868
20150416,39.738522528628806,-83.46531889177156
20150417,48.980288933084964,-106.75511616925932
20150420,56.63379071650057,-124.54785603127743
20150421,20.937630997482906,-139.45092090377128
20150422,-8.482726726915107,-150.86685925940654
20150423,-32.1011990216432,-159.37655204238843
20150424,-51.11240081030057,-166.2359761568693
20150427,-18.644030310122666,-103.15317405661393
20150428,7.936994510126523,-51.73377810470438
20150429,31.059604226237006,-9.086197330144548
20150430,48.817913974680664,25.51639504841704
20150504,57.20612457233778,52.975853379534136
20150505,64.33547079826889,75.07013143494045
20150506,70.04136320968098,88.51100421189855
20150507,74.43691704167335,98.31059051796143
20150508,78.20224456777963,107.89511566225839
20150511,81.10994832095437,115.71781913908261
20150512,83.47865703107871,122.04245723928616
20150513,87.55802424805566,127.94358326946681
20150514,90.54965249969206,132.41173544848544
20150515,93.01628472631384,137.34001626724233
20150518,95.15979524337637,83.70440206865398
20150519,96.26612176143435,39.34925079247471
20150520,61.84060809643734,3.5513782686012116
20150521,33.76962358570686,-25.482627799936832
20150522,10.453298232155774,-49.417548157922276
20150525,-8.253632615981694,-68.92351816633946
20150526,-23.919953790409775,-86.93607299290287
20150527,-36.70004525316902,-101.51952565422341
20150528,-47.14583085151087,-113.43982040157701
20150529,-56.20954815215383,-123.05143318751013
20150601,-70.5626010200137,-131.6791554869527
20150602,-82.27431433998265,-138.90539498909806
20150603,-93.45117258708414,-155.78109047895325
20150604,-102.73985931933393,-172.94986735978563
20150605,-109.2136422724631,-184.95580908847137
20150608,-113.04835173015566,-195.33475314408508
20150609,-116.077819507562,-213.19403087410046
20150610,-119.90176448711851,-234.04205238996394
20150611,-123.04410413327605,-247.18846117780197
20150612,-123.65359705924489,-256.73126816747754
20150615,-124.39227498709184,-262.95827249727176
20150616,-125.14030182718915,-265.7818433009013
20150617,-129.19004955252527,-268.88839510089326
20150618,-133.03062328037132,-279.14848492490165
20150619,-136.22625040155577,-285.64555138724836
20150623,-138.84418527870557,-284.0584734225415
20150624,-139.65466873395326,-282.72607342035735
20150625,-140.12195007155256,-281.5660821204402
20150626,-138.8652002477439,-280.1626364303413
20150629,-137.209596282637,-282.47928180982325
20150630,-137.019472280252,-280.1571831599149
20150701,-136.941488284415,-273.81340698091134
20150702,-136.31959281698585,-257.3108547823846
20150703,-87.56728778765194,-243.68179204257905
20150706,-88.03954109040815,-229.67651736683123
20150707,-87.52690851075427,-218.08789959258706
20150708,-84.13815619925705,-199.11744179980315
20150709,-77.41923207760294,-178.8802778890988
20150710,-71.92183492167337,-162.3753795056299
20150713,-67.52378576346973,-148.94114962807723
20150714,-63.91581393424642,-138.016702656262
20150715,-60.87222662172165,-129.07730004277835
20150716,-58.40536954607921,-121.46392076960815
20150717,-56.411824584996104,-115.23003113261736
20150720,-54.67877348547137,-110.09237038561182
20150721,-53.22894421911443,-106.02922955286144
20150722,-51.884916959974554,-102.4894227537028
20150723,-50.78234429004996,-99.60311046568354
20150724,-49.68293124616211,-97.17894357440585
20150727,-48.78650652759422,-95.19555145367289
20150728,-48.046562101214384,-93.61666461366686
20150729,-47.20401498283506,-92.4889015334551
20150730,-46.54367890974884,-92.2409654289926
20150731,-46.025819169231895,-92.05422895693077
20150803,-46.12882136415393,-91.96552006978666
20150804,-46.37754222740951,-91.83939576073148
20150805,-47.69161087038433,-96.66603252033684
20150806,-54.839332530547935,-113.03761789785572
20150807,-60.68666149580209,-126.38901752974793
20150810,-65.47628437089269,-137.15897675072483
20150811,-39.919350297361014,-144.3300450259459
20150812,-18.82096213623954,-148.43952261292088
20150813,-1.6583344817961678,-154.42875446586447
20150814,12.304845248119367,-159.3166132835089
20150817,24.278725805552085,-163.51255216822724
20150818,34.05249065240539,-166.4366311603806
20150819,43.37304022681172,-171.0921064318868
20150820,50.97145449203488,-173.28805571100443
20150821,60.344033622780834,-175.86707403797433
20150824,32.10796949549492,-174.23082888108084
20150825,42.85045787242186,-173.0638192617437
20150826,53.25014491891678,-172.93052512630635
20150827,61.97720719358326,-172.7286635669194
20150828,68.70529934206283,-171.59184124748435
20150831,74.8047898321335,-174.2339775171767
20150901,79.98622785819492,-176.61836139733109
20150902,84.15037380869622,-178.25789918520923
20150907,87.32510337976777,-180.73950491333417
20150908,89.99069065894274,-183.38001611213937
20150909,87.58378412374437,-118.77168653547342
20150910,87.06740332648717,-65.4609951112854
20150911,86.71280779099447,-20.32717984807526
20150914,85.82697973238413,16.437289208278123
20150915,85.14948218649694,-17.79393617068175
20150916,84.17996866527517,16.539712672095188
20150917,83.73844086125652,45.39980804047367
20150918,83.17557967611933,68.74635627386616
20150921,82.46851537581715,26.393659701394466
20150922,81.62808537711325,-8.39152725972397
20150923,53.358469261695845,-39.87620440189891
20150924,29.883624568461393,-66.03806498147445
20150925,10.702143293636563,-87.28973034732877
20150928,-4.336213617400429,-103.95990253744384
20150929,-16.76449871812921,-117.40246439459172
20150930,-26.20657629925821,-128.3502195321714
20151008,-33.60758742700091,-132.89092503660822
20151009,-16.379084783110457,-134.90715455859237
20151012,-2.2160859595825158,-136.719279842681
20151013,-12.879870987370365,-137.48556510010982
20151014,-24.06851264374875,-139.2555425182088
20151015,-6.40157898707763,-140.7148898840038
20151016,-18.350570307625787,-142.1102222537079
20151019,-28.36237368322367,-142.8243330657474
20151020,-36.60453231343199,-143.64921486162308
20151021,-43.89761160403764,-142.98448801152398
20151022,-49.612867176841974,-142.8389722736143
20151023,-27.145586148611308,-144.06889223806388
20151026,-35.35676840004463,-144.33545205105915
20151027,-15.717405845354138,-142.82447498890204
20151028,-27.135061301568257,-139.01666547023848
20151029,-36.47842115657747,-135.0415816562006
20151030,-44.10918471271712,-131.9899523360072
20151102,-51.106129380808355,-129.415377987435
20151103,-57.43202836217523,-126.28974043048426
20151104,-63.40766029128479,-122.01178008976608
20151105,-68.14672798511693,-118.74789549134678
20151106,-77.07029489198125,-117.17610741743849
20151109,-84.02718596535263,-115.94915625729143
20151110,-90.08018322721465,-112.62323511204153
20151111,-94.35194519950238,-109.00108174704941
20151112,-98.52252889310634,-105.23989737726508
20151113,-98.56738387621489,-102.04562655147282
20151116,-98.59645700337738,-99.50290973447713
20151117,-96.35983390963811,-97.44348155174342
20151118,-94.51817272562946,-96.31664789573273
20151119,-93.71173325758755,-94.59448858297128
20151120,-93.74996628707282,-92.56745993709954
20151123,-90.7699481708844,-91.23094512938343
20151124,-88.07972366904397,-90.24002779929958
20151125,-84.39372422391746,-90.12699741173884
20151126,-80.82203715379731,-60.5019735024413
20151127,-77.75527908709817,-37.09585435908726
20151130,-75.05951735842011,-41.5818101139589
20151201,-72.62060613864348,-22.793180497709738
20151202,-70.90128277347897,-7.286050122222072
20151203,-69.527612691959,5.444777323134926
20151204,-68.25409222929574,15.743665722201339
20151207,-45.071878352763996,24.162885339799455
20151208,-47.45792664671294,31.92306283470382
20151209,-28.299359125123743,39.02892660227918
20151210,-12.555492328411654,44.78088553589308
20151211,0.1041876300810895,48.49485955441856
20151214,10.470926214928378,51.475317137257505
20151215,19.62719386774989,53.80269140551605
20151216,27.09636708024083,55.749512865517154
20151217,33.12691121430723,58.129703742094364
20151218,37.74588613589631,60.03285174022184
20151221,43.751595356953246,61.65010894572077
20151222,48.730810549976354,63.27536561440165
20151223,53.50880821371272,64.63994274452718
20151224,57.70507055370279,67.58666684442436
20151225,61.15951055277401,70.98381893346273
20151228,64.04535632787439,73.7782528071689
20151229,66.12706311701673,75.70565263724018
20151230,67.92874352848008,77.29457944408672
20151231,70.05101094443881,78.64182898121254
20160104,71.02543423055333,78.78699916350969
20160105,72.21653862091357,78.62196339439751
20160106,73.90414696036535,78.27270914812621
20160107,75.29729888728683,78.22298135423621
20160108,47.149648123996755,78.31779062013076
20160111,23.4919804427582,80.31365081181656
20160112,4.037760017837247,50.782953032304114
20160113,-12.218151010914676,26.414519528261938
20160114,-25.5154069093251,6.684535777595173
20160115,-36.572517017031025,-9.376880746795086
20160118,-46.82314006992726,-22.841391500702606
20160119,-55.34687709004433,-3.0984083409531493
20160120,-62.22271608813566,-17.77964912747753
20160121,-67.78516816311571,-29.87579062268435
20160122,-71.93069508613308,-9.682837620807513
20160125,-75.41362738905171,6.6264920752667695
20160126,-79.13594046433637,22.940335511597713
20160127,-47.84795871139604,37.0144220608243
20160128,-22.191832801050445,48.72108858046126
20160129,-1.0878615431462897,58.35960997268001
20160201,17.089595042657994,28.143683214118212
20160202,32.976134794020396,2.314628146674945
20160203,46.18436148015279,-19.160019919854687
20160204,55.252528137158045,3.4872581456400784
20160205,63.33783692802328,21.68512576448852
20160215,71.14732854538823,36.54470744115863
20160216,77.69980151036567,50.63962396920751
20160217,44.438306174541424,61.7523304968125
20160218,55.37636695974788,71.27982233688488
20160219,64.3355285364686,78.98613215243306
20160222,71.18509802480105,84.57186844526252
20160223,77.04966369323262,89.36311760351317
20160224,81.54047230241713,93.94061114975048
20160225,85.51188831929285,97.74407610018612
20160226,89.09646377988336,102.1316023411693
20160229,53.581781554081495,107.05931147064602
20160301,63.12730886715351,110.31008116523324
20160302,69.53868338942783,112.66444226107463
20160303,74.99266282282836,114.9306401115256
20160304,77.34177832896886,116.7818590119319
20160307,79.5063142206638,120.2012428150159
20160308,80.83819143370923,122.8796721474943
20160309,81.36782806431603,122.06419136296213
20160310,82.75121783389703,123.03662454800987
20160311,83.58174062998344,125.10006257897777
20160314,86.26207150522943,126.65899456909678
20160315,87.46083377681587,130.2642021829021
20160316,88.68507350625846,79.35269241924101
20160317,89.54031101690634,91.9740413783917
20160318,90.00312746026263,101.9459474973141
20160321,90.41612497061965,112.64616763106295
20160322,90.89255141830968,121.35925224196217
20160323,92.02050774861645,129.6900067157604
20160324,91.84466484244673,137.2832652410447
20160325,91.77839885816267,139.81694165596627
20160328,58.709049029005214,141.86625817261378
20160329,31.655054200883527,144.89288640607495
20160330,8.263381542889237,148.0704393193684
20160331,-10.837027178522675,150.6464566006804
20160401,-30.099569453655253,151.89639872845436
20160405,-45.45955367164046,152.72956410091612
20160406,-58.399775369223164,152.61252230721314
20160407,-69.81692107086548,158.0528730419696
20160408,-75.75370342242834,158.75969797099378
20160411,-81.49221196707619,157.60652729977338
20160412,-86.00016819359519,157.1710647111979
20160413,-87.35259914146805,155.3256198684243
20160414,-88.80623830878486,154.19443574179783
20160415,-90.53234849847364,153.25105612698897
20160418,-92.8109341847317,153.2785389828927
20160419,-94.13345154846226,152.99038815404938
20160420,-59.547220569916576,152.74421814630068
20160421,-32.783231904670124,146.4198902211065
20160422,-10.254613973750459,136.93137898469416
20160425,8.160694384808126,129.5724186671068
20160426,22.849574551461785,122.95805090980535
20160427,34.85153353756711,117.56876586953209
20160428,45.27838013541257,110.78350060951809
20160429,53.546810278931,104.87055172759078
20160503,60.32912033553964,100.10314235515666
20160504,65.12847800672323,94.9521311818185
20160505,37.87557432459302,90.88414690749596
20160506,15.66825240628881,87.30271147323967
20160509,-2.9069175976464945,59.17157253592942
20160510,-18.08845321055872,36.25227562657969
20160511,-30.56220031018245,17.868459253877806
20160512,-42.6519870846753,2.6387803420619043
20160513,-51.08123106790265,-9.709258831579941
20160516,-57.87962202885766,-19.63138750286408
20160517,-63.18905132850219,-4.659530258589986
20160518,-67.36269658708592,-14.98644445516518
20160519,-71.38593289566191,-23.428886714303324
20160520,-76.68199169037848,-7.250045576330274
20160523,-81.01505321859837,-19.424796342697853
20160524,-84.76699760507985,-29.51785604279567
20160525,-87.4885775622452,-37.429869956105875
20160526,-88.26945063475905,-43.664479135163994
20160527,-89.05368123496933,-49.72676810270148
20160530,-90.30716913998292,-26.12041844326261
20160531,-91.64930426467068,-6.665359268157125
20160601,-93.03812094052759,-20.871508454684914
20160602,-94.36456293459214,-2.7336745919521266
20160603,-59.77851829811427,-15.943175212769363
20160606,-30.54345322907244,-27.66852415029191
20160607,-7.2459961737091865,-37.34025682924173
20160608,-22.57574133237868,-45.17862585637464
20160613,-35.40725775884124,-51.638533678815485
20160614,-47.67038224586634,-57.08216578214004
20160615,-57.57892655632484,-62.00491532690612
20160616,-66.02837750542068,-66.99398080240312
20160617,-34.01596636415558,-38.16649221417657
20160620,-47.96483945348648,-14.84791005130133
20160621,-19.099016164181986,4.246418680194508
20160622,2.7553901278523334,20.070888799987387
20160623,20.632915031847503,33.01329120011409
20160624,35.09197682755862,44.00878098441236
20160627,46.16185416520193,52.39230336033419
20160628,54.88086794557863,59.25631587206384
20160629,62.13434901943393,64.92672378111496
20160630,67.9287165118902,69.1500609535265
20160701,73.80613781480953,72.69964052714944
20160704,76.0163219886883,76.37749671655763
20160705,76.95616914335952,81.45658271967609
20160706,77.71065301962108,86.67486412742188
20160707,78.25941918952356,92.19766923281722
20160708,79.41153758593549,98.3730491002534
20160711,80.14934045507215,103.62681049841767
20160712,80.87219696962211,105.94016652285174
20160713,78.97293421328581,107.31638949999957
20160714,77.41089398134575,108.44160867401385
20160715,76.0301164072648,109.22714861070415
20160718,74.32074568755176,108.48420709131189
20160719,72.82623943332631,71.42518645627115
20160720,71.95552519890703,40.662855421631214
20160721,71.18914036503978,15.55560661638629
20160722,70.40990196544837,-4.263169034264154
20160725,70.26688698356375,-21.634232731465257
20160726,44.79739773386519,-35.7071755970189
20160727,23.970433279143585,-47.16461181748516
20160728,6.836635505095226,-55.13162805008416
20160729,-7.098757614197726,-62.949663074403524
20160801,7.733433579198002,-69.2162646750975
20160802,20.317063896346724,-74.3894520925261
20160803,2.4436341433734623,-78.0471913777995
20160804,-12.533510169690281,-81.01504477007231
20160805,-24.986793393954844,-83.0413528861798
20160808,-35.405066821633,-51.712596623385565
20160809,-43.762065610366115,-25.734774988581293
20160810,-56.59878394226008,-4.497973298439904
20160811,-67.0995318904202,12.832217125586856
20160812,-75.69332124432513,26.991800022105586
20160815,-83.52643670994645,39.13003126666359
20160816,-91.20001401174603,50.134841560265436
20160817,-97.46656920388718,59.18279138375512
20160818,-103.55296771337892,64.20840151974313
20160819,-109.83471397589717,69.50499940562626
20160822,-114.61494944374111,71.65539175952566
20160823,-119.3296790188273,73.51265232198952
20160824,-121.61529820539918,75.09437197390598
20160825,-123.27127413255957,45.263360117994544
20160826,-125.12717892945325,53.39420474456417
20160829,-135.4064124685261,27.27682491549874
20160830,-144.26318121632715,5.899780187010682
20160831,-151.77415575705137,-11.931736143118165
20160901,-155.91569839040656,-26.52122170041826
20160902,-158.8718425081113,-38.835409858676094
20160905,-161.08647898830088,-48.22670700882868
20160906,-164.07186064267535,-55.9602015115105
20160907,-167.1851603109319,-62.973086066702656
20160908,-169.5526924754137,-68.80444406491156
20160909,-171.41401522869353,-73.45661934705453
20160912,-173.4276722901962,-77.13805948946246
20160913,-171.59458377820755,-80.56566283328458
20160914,-111.06703292677787,-82.91533969662838
20160919,-64.56944063244245,-89.23694604302098
20160920,-26.55224587046465,-92.98765796745684
20160921,5.222170043904142,-52.13097451247368
20160922,30.06785777877151,-20.285660013325277
20160923,53.10830878537587,4.108953495049749
20160926,73.31719895756768,24.112135944028978
20160927,89.53812602839757,40.31149405061752
20160928,102.08363556967075,53.45652374647322
20160929,112.99900815513173,64.0235437850612
20160930,121.97993389110458,72.91714254145627
20161010,129.73423231761555,77.27042945237687
20161011,133.50501220520354,80.69697752942619
20161012,136.33758048388543,85.97432915876693
20161013,137.16657584556594,90.19550302242165
20161014,137.197334473263,93.61068660229043
20161017,86.91768293206302,95.26628669704176
20161018,45.79429782809609,96.61944245974179
20161019,10.187466093864689,96.62726079111786
20161020,-20.931579463442706,96.57187813987348
20161021,-46.186132187269095,97.72081070424404
20161024,-70.52403332987976,96.97237443356852
20161025,-30.960827639676154,94.71063816013894
20161026,0.6207046044900002,92.00892106764333
20161027,27.63544714777855,89.55094833943537
20161028,48.20034120160088,86.97296039813291
20161031,65.09320353022105,84.95630016795188
20161101,78.31868501297755,83.23359271805268
20161102,89.2341924707824,78.96071516686438
20161103,97.22661508279329,75.3572307593419
20161104,103.73020814359379,72.24173898745498
20161107,102.99599227592412,70.10388311366037
20161108,102.91002817645236,68.38527586985343
20161109,100.62216209095484,67.0082842995328
20161110,94.08440828017298,64.66698493350948
20161111,86.33005327717215,62.74641424199797
20161114,79.31547866893612,61.36383454050343
20161115,72.53547858529426,58.99602905459236
20161116,67.0083497628706,57.07541104695098
20161117,62.20850960127596,38.03564495374935
20161118,58.323518348820485,39.729887282603215
20161121,55.111441067060916,40.900301345343976
20161122,52.43790802951134,42.119612423620154
20161123,50.21450814832915,43.28035485301031
20161124,47.91817282433257,44.28745187007477
20161125,45.98698837673216,45.330996802366656
20161128,44.360539578776425,46.27821836311185
20161129,42.115909560690724,29.55518533657846
20161130,40.223160223517034,15.27911545073867
20161201,38.655544793828625,3.5998140357209416
20161202,37.32626445304984,-6.053522789080514
20161205,36.31208757585859,-13.896866654861087
20161206,35.48900182743931,-20.31198387820056
20161207,34.87405120758347,-25.610806750494586
20161208,34.63973113550345,-31.296578898638725
20161209,35.26140973957897,-35.695012747691784
20161212,35.96069135312137,-39.45380252383367
20161213,37.11460588252075,-43.71759281639864
20161214,22.612481106485994,-47.01650544382169
20161215,10.54116853427836,-49.87081289234384
20161216,0.6721127454592285,-52.490644707943865
20161219,-7.392422292275479,-56.08532438471479
20161220,-14.131235237804994,-59.24280643610297
20161221,-19.631148417921445,-61.057384246606674
20161222,-25.631449766519662,-62.603842025478706
20161223,-30.324223393758135,-63.84948284923114
20161226,-34.73758484244306,-65.26547694985139
20161227,-41.259557382811806,-68.8238982221919
20161228,-46.10741089112865,-72.55632183731136
20161229,-50.80699505689121,-76.61366564726593
20161230,-54.70844453355915,-79.67308770839382
20170103,-58.361788835306314,-81.68217095490098
20170104,-61.496649204003596,-83.19645795339821
20170105,-64.51317467924515,-84.36735983709305
20170106,-68.00298830424373,-85.26587131486568
20170109,-40.62169067113751,-87.05642667331809
20170110,-18.465875556315467,-55.731638993544465
20170111,-1.487815250019029,-30.499432537793624
20170112,12.552687940335437,-9.765137209347362
20170113,23.966927945215385,7.080474706790396
20170116,33.21430567311211,21.05160384645456
20170117,40.2265400589257,34.250004971574185
20170118,46.50066622377344,45.04157460972611
20170119,51.76616309467556,54.81441215662818
20170120,56.55022934512462,63.06158659944152
20170123,60.32243517452362,67.94607730020194
20170124,64.9808509309805,72.19699832726583
20170125,68.77624685134592,74.62404894663902
20170126,72.76142162886319,76.169585334755
20170203,73.77759199152091,77.19606228382878
20170206,46.02972968951595,77.63285458004613
20170207,52.00145503258963,78.94416377487104
20170208,56.46222308604379,79.98228298856958
20170209,60.03636214544573,81.17856653434283
20170210,63.21771500437844,82.54779443737117
20170213,62.79933468522991,83.38145940804394
20170214,62.45159474947664,83.58474409676738
20170215,61.64673585878105,83.66358683198493
20170216,61.008676487356276,84.3158786047037
20170217,60.48108552405013,83.375947797039
20170220,60.10342194961452,82.59936576561734
20170221,60.49625088547933,82.10015000474424
20170222,60.794859978285956,80.68003249821467
20170223,60.97650951117505,52.698635547145464
20170224,38.62392436659679,29.989713247607803
20170227,20.06057181149855,10.00539895229645
20170228,4.85394623026717,-6.358487754802843
20170301,15.292034933962476,8.60738825319097
20170302,23.895472677566694,21.39211106164969
20170303,7.309198259238513,31.952528602190345
20170306,-6.1711878711667705,13.214562485530484
20170307,-17.19592590097736,-2.12616536183217
20170308,-26.39050816402847,-14.744194232507096
20170309,-33.63010703623572,-24.94038795846528
20170310,-39.592960388689455,-32.723262355024204
20170313,-49.08312548150975,-39.408171328888315
20170314,-56.86794719784546,-46.01875421917955
20170315,-65.80853771227963,-51.252669927594496
20170316,-35.24993748949191,-28.870053810556648
20170317,-47.284834650337174,-37.078798096931244
20170320,-57.40133138816308,-43.88422113871652
20170321,-64.9532789134811,-49.37660290621787
20170322,-70.61682808704187,-54.501011417611345
20170323,-74.74554249936608,-58.815534166401406
20170324,-78.69413329142914,-62.29918463751053
20170327,-80.85769205730024,-65.16576481705775
20170328,-82.15944160123537,-67.47507138148993
20170329,-50.93982930560939,-71.39113501952387
20170330,-25.379831220338055,-42.22298761819889
20170331,-4.459115428755398,-18.940830015769386
20170405,12.712977957355537,2.728125041352502
20170406,26.54586010182779,20.305126183737123
20170407,5.672349064672807,34.521641319160736
20170410,-12.264596448923982,46.62200770226271
20170411,-26.556521910817818,57.05313039507185
20170412,-39.600021126511805,65.65148746982791
20170413,-50.11461249945756,73.71849793651249
20170414,-58.80006006862129,80.30992164927066
20170417,-66.13144774862995,85.14027353110137
20170418,-71.72941862482215,90.82287031950733
20170419,-76.52358236146392,93.31600035434214
20170420,-81.08622169280169,95.44297172469642
20170421,-84.86263269482548,97.44244130433545
20170424,-88.57039694890072,99.0204530380187
20170425,-91.5241044766954,101.15659803200141
20170426,-95.63234061118554,102.87966758633506
20170427,-99.83729355163531,104.57060835354105
20170428,-106.35734326002874,68.05876746611135
20170502,-63.67455496029674,38.715238437324516
20170503,-28.34369785216557,14.277326299704027
20170504,-41.461590346310224,-6.3530670492113615
20170505,-52.798105638132114,-23.153945342956625
20170508,-62.7034939598113,-35.78785735483734
20170509,-70.74776524118624,-46.04570815425668
20170510,-77.52107106605537,-55.12927083020674
20170511,-82.76539984868273,-62.559274495571074
20170512,-87.10270138495483,-69.27169710915928
20170515,-90.06122194294507,-74.56389575187688
20170516,-92.81385627811179,-81.01246750058405
20170517,-95.80092233794754,-85.89811439776277
20170518,-97.78592521801278,-91.01010446356176
20170519,-99.1995725687188,-95.13237139074865
20170522,-62.058574379819206,-98.51374618226896
20170523,-31.639219482578586,-101.16332053334622
20170524,-6.707244224587725,-103.14879474251183
20170525,13.701527368856183,-64.51986672918359
20170526,30.408794066392137,-32.909655307227666
20170531,6.966363852903236,-46.44197657501921
20170601,-12.75565050999437,-57.85540876030257
20170602,8.043867479449386,-67.62610696744825
20170605,-18.807933957724305,-75.69844396506089
20170606,-40.227554022556035,-82.38051179802366
20170607,-58.35298577453901,-90.2946044191663
20170608,-72.37318051335687,-96.85382210202157
20170609,-36.56743775122312,-100.86277582431389
20170612,-7.3378911571238215,-103.64282053408168
20170613,15.807678015253844,-105.89251573752338
20170614,35.64357023204235,-108.58356987695545
20170615,51.59012985554782,-110.3081516530814
20170616,19.66196929791804,-112.08361178044846
20170619,39.4550361958662,-111.75863396346182
20170620,56.05746764623851,-72.13356163473006
20170621,21.333813920711613,-39.885018442927496
20170622,41.509529059328095,-51.42175789595859
20170623,54.88967789674701,-23.93823521150553
20170626,65.88692226801845,-1.1561338830204004
20170627,74.8188780738725,17.430192451677808
20170628,84.9105839000223,37.386382308826995
20170629,92.38785386362451,54.05046551453342
20170630,98.50471607199997,67.5981598174685
20170703,103.68824546844428,77.38168461580625
20170704,107.01681234537807,85.23718070587695
20170705,109.82940885757255,91.15635866683307
20170706,112.1839281384866,95.92580829916393
20170707,115.81698605329453,101.6519317938167
20170710,118.86169547487518,106.4232873063728
20170711,122.91618627796124,110.50491968259433
20170712,126.1473121959869,113.95572738753701
20170713,130.02050990433915,117.8433907119291
20170714,132.7511191075003,121.00451699152465
20170717,133.21298201754155,125.61226457187804
20170718,133.37225745891993,129.2546651442597
20170719,134.3875945180466,132.24133693597298
20170720,134.99916069030172,136.4127655404316
20170721,140.3874903221959,142.08033232347825
20170724,144.087526189267,147.15331726654898
20170725,143.47788864839097,150.4602284654596
20170726,136.3369898831704,152.43988704873303
20170727,130.7937930484502,153.22525259445854
20170728,126.16256473362945,153.70874835590612
20170731,121.5670590929943,154.86070496821688
20170801,118.16504295366929,155.20289300358843
20170802,115.16411082593623,149.83188608577984
20170803,112.71096110952828,144.2834680117746
20170804,110.54816876420153,139.61993400920292
20170807,109.36835972522528,132.6715213393699
20170808,108.37306730242094,125.86649108639583
20170809,106.67713828585609,115.2994786551635
20170810,104.45791354551825,106.37275895174038
20170811,101.53218056966764,99.03509566286994
20170814,99.56988950231467,92.32506363609147
20170815,98.02154416788984,87.08476799918854
20170816,96.67964332530913,82.60243165058696
20170817,94.0835348316873,78.59428797962175
20170818,91.62963244907243,75.05274596589304
20170821,89.63808707379097,72.18322262650781
20170822,88.33132282625714,69.76385821704073
20170823,89.11768096972278,67.62193289415535
20170824,89.68613584702068,65.89476105911571
20170825,89.4511664095173,64.58336137956798
20170828,89.8496007495823,63.10454321952323
20170829,90.50815177093125,61.93048456020781
20170830,91.16606697395878,61.25633175782719
20170831,91.8724568430694,60.974180167144674
20170901,92.57415638161008,60.69940009366385
20170904,93.09636717138025,60.61268636452237
20170905,93.41606183141131,60.77530846413684
20170906,94.08106016597458,34.78608119886758
20170907,94.70200096550667,13.888972633620748
20170908,60.379599527128406,-2.5535375504860918
20170911,32.42031010012178,9.694891981251589
20170912,9.495040832793391,19.70766351580083
20170913,-8.545823302525411,28.24116475564704
20170914,-25.561626272239664,36.25726697458522
20170915,-39.735307831783466,17.041083944633353
20170918,-51.89958901599298,1.3707673188795797
20170919,-62.67773912734876,13.617680566707534
20170920,-72.27256047636219,22.385754229943984
20170921,-79.60598547887876,29.453895347407833
20170922,-88.13816296273035,13.407691541074746
20170925,-93.3165548976067,0.05699389560798681
20170926,-96.88326616901209,10.98347360952601
20170927,-99.85103276200822,-2.022327681973407
20170928,-102.31903709931606,-12.563666740540754
20170929,-66.56270596345422,-21.376709445842327
20171009,-37.20844038594317,-6.5208611471319715
20171010,-12.816923338875213,-16.125167458450928
20171011,6.719431555845471,-24.03661475642568
20171012,22.175056835914006,-30.6742789449091
20171013,36.673229577765305,-13.856932542248318
20171016,45.47154496659401,-24.768219808412617
20171017,52.64781555024298,-33.67333559814877
20171018,59.24433943666062,-40.545238277742186
20171019,65.28274536347939,-46.125802145008365
20171020,70.21592214809105,-51.150267683103074
20171023,73.2837015815106,-55.331054747077935
20171024,75.07301925957178,-58.87451256694826
20171025,75.54837547509155,-65.46875728731588
20171026,76.61851869217759,-36.481068633763485
20171027,77.16951230646401,-48.30733777047808
20171030,77.49481110442815,-57.973284502781446
20171031,77.80143164399556,-66.08702137982606
20171101,77.95280061271575,-72.49498506219491
20171102,77.8078604589382,-78.25061774571405
20171103,78.7893419588381,-82.99637339466555
20171106,79.59024233354405,-88.34927297078832
20171107,80.3611002283896,-93.4630319950515
20171108,51.65887026672126,-97.21674236931125
20171109,27.741895272010236,-98.17606101953474
20171110,8.242843381097417,-100.36680956356534
20171113,-11.057706243731351,-102.39804090407742
20171114,-26.56214440141658,-104.12977621786015
20171115,-37.72771068224825,-106.91622741669043
20171116,-46.89116210133691,-109.50571772377863
20171117,-54.72473113852871,-113.33179441568366
20171120,-61.564722347780865,-114.62899976982328
20171121,-68.68547993621908,-115.06646411988675
20171122,-37.75180858749101,-114.85440276513616
20171123,-12.440599167550884,-117.21416698315753
20171124,8.849029483568419,-119.45394422918831
20171127,25.995789154757343,-121.50399271817427
20171128,2.6176463561349372,-122.93918290642479
20171129,-17.31197262229753,-123.93660254538513
20171130,-33.72759237170201,-125.07948162483008
20171201,-47.32767296781649,-126.27860242762708
20171204,-19.946847092075817,-127.23669796348844
20171205,-33.50750172587792,-127.90886852055104
20171206,-44.62183532875343,-127.82776104490239
20171207,-53.69528166096634,-131.06259792999023
20171208,-60.88452052624151,-132.23703031533907
20171211,-66.6960910862835,-133.94913371827346
20171212,-70.7556912664568,-134.91275615368875
20171213,-75.56598730414844,-135.74379710577958
20171214,-79.49997975421269,-136.205782929597
20171215,-47.9801000901683,-133.66613259025348
20171218,-22.713091155976944,-132.87541244966184
20171219,-1.8021247251200971,-133.86160493415812
20171220,15.83957689076705,-86.61049348305929
20171221,29.94624583525347,-47.88936715502851
20171222,41.70952127620199,-15.987694791864614
20171225,51.80592479502943,9.860080510763973
20171226,60.025220405381596,31.60644399764645
20171227,66.73838997259944,49.23750316665554
20171228,71.79299121166534,59.063178019750254
20171229,75.63689051732058,67.38037076291315
20180102,79.17121102577688,73.55379064260387
20180103,83.90871148729573,78.63256843085288
20180104,92.17159706657523,84.40189066194813
20180105,98.7654480905628,90.92601937791328
20180108,103.78165662778576,95.04580618628984
20180109,108.92444325847607,98.8685164428179
20180110,114.20040884536559,101.93008583479305
20180111,118.4958150401611,104.10272171447461
20180112,121.38770474624073,105.13843223889901
20180115,124.97799801095658,106.65767131307611
20180116,77.50182450041851,70.27163448575402
20180117,40.51264103831101,40.72551825858914
20180118,9.989765258803324,15.723618221785184
20180119,-16.16120099691618,-4.304052085013873
20180122,-37.71970421273341,-20.51608091381291
20180123,-55.52026633643537,-33.9319094686294
20180124,-68.50441081519696,-45.09408876432968
20180125,-75.33868683432041,-54.14451998086494
20180126,-82.5460529766927,-64.82850076312874
20180129,-88.36818109616591,-73.916898990548
20180130,-92.49067619265344,-80.95104004793808
20180131,-95.79089967537313,-86.7257387341876
20180201,-98.89456543328195,-91.3048492372196
20180202,-100.6427797818901,-95.12502030601023
20180205,-101.88128209086986,-98.73359775495769
20180206,-103.17119580834458,-101.20721319490325
20180207,-104.23900065250916,-102.87788780710584
20180208,-104.61470895857792,-105.37264193736266
20180209,-104.62522295290285,-107.55623051868363
20180212,-104.67283538349537,-108.45913887594445
20180213,-104.58864288763938,-114.36435275988872
20180214,-104.22200003431861,-116.25626284699881
20180222,-103.9565977021133,-117.71083109839586
20180223,-67.63689713622567,-117.14670654543325
20180226,-37.859650232466784,-116.82904580359143
20180227,-13.523997243682123,-116.56935395609567
20180228,-29.064476916008704,-116.23038465750251
20180301,-44.39429311560594,-116.85260428992494
20180302,-57.16548056949099,-118.16350416600417
20180305,-67.45356152771932,-118.9330991805608
20180306,-75.85304428476385,-74.85669647811521
20180307,-82.91673238810976,-82.59982798065131
20180308,-88.36285323587715,-89.23080031458869
20180309,-92.41895650618817,-94.14714868937364
20180312,-94.32923134468155,-98.24577059184175
20180313,-95.92951517126217,-101.22928645457898
20180314,-96.48615912038427,-103.39353371757625
20180315,-97.88216757843621,-105.07338314473301
20180316,-99.70076345347653,-106.43665882372723
20180319,-100.22898110163949,-108.42574061964105
20180320,-101.08029347969128,-109.9365876652261
20180321,-101.58538338861956,-114.03437045990287
20180322,-100.90885068853598,-117.31854882834911
20180323,-100.17010023959259,-122.226507668827
20180326,-98.35193973625587,-126.30883887329557
20180327,-95.95508528564679,-128.2951538527095
20180328,-94.32584352563435,-130.02547718342663
20180329,-92.30494845204461,-130.99515561225473
20180330,-90.49858790905418,-131.7671185286793
20180402,-89.01960884812223,-85.79750791003914
20180403,-88.16723740869661,-47.56696623609526
20180404,-87.47049415957494,-15.145053022467271
20180409,-86.84898192088465,9.221262329241966
20180410,-55.25019822186805,30.015012112957425
20180411,-28.57313955771111,47.044323293869
20180412,-39.83814478361062,63.37005306607853
20180413,-49.67671794490181,74.33422865751686
20180416,-57.74210800260857,83.2970080344664
20180417,-30.387666261000003,88.30396879674716
20180418,-7.611487497075141,92.57043112933053
20180419,10.173952844030278,92.61655910446896
20180420,25.39261314186647,89.91069827016736
20180423,38.190447496441145,87.69143908229528
20180424,51.08575595339069,82.99598942579158
20180425,66.6126291256823,56.61847928325016
20180426,80.74763792262198,35.02478423265411
20180427,93.53567469486849,39.99819292340498
20180502,104.67713950891486,21.413308725106017
20180503,57.26845099001947,28.81433674380025
20180504,75.13852418102626,35.0834925224726
20180507,89.56778515034341,40.219178773261916
20180508,101.4879888844382,44.48167263810672
20180509,55.92468688768791,24.72781347576707
20180510,18.156022701405544,8.540015907677349
20180511,41.62657395704992,-4.6991617192807915
20180514,62.144051064117626,-15.541823633119156
20180515,23.57685099576346,-24.770909987305995
20180516,-7.719550930519336,-8.228808713445266
20180517,-33.9699931089547,5.845717770820324
20180518,-55.88221367840438,17.351983864668497
20180521,-79.14625344915015,28.673055014298978
20180522,-28.027655271997837,7.3022109020169905
20180523,15.47676672220887,-10.341886262376624
20180524,50.95725049058166,23.205345017761342
20180525,79.91659551968637,50.18806868691751
20180528,103.37395266320898,72.44770757628834
20180529,122.40229380628361,91.02879593193778
20180530,70.29781408045471,42.45784873458607
20180531,84.80274246528003,1.6475354854533553
20180601,96.99091867237338,-31.25210942213616
20180604,106.65797682826027,-59.18370059674345
20180605,113.19486717302541,-82.10979776775326
20180606,117.71873410251737,-37.99341923821972
20180607,119.47332641112395,-3.119129754980362
20180608,120.29072015455438,23.05898308492344
20180611,120.74347191326979,44.60410462082176
20180612,121.56331281513967,62.53852646157852
20180613,121.57378816141917,27.466234956366232
20180614,121.60494926993115,-1.7311398942967056
20180615,121.66271993865846,-23.935113202754994
20180619,84.35465960090433,-39.42570986139989
20180620,53.91145939061154,-52.07150677915214
20180621,28.937356540852594,-62.42139315807063
20180622,8.387924228502511,-71.71272268833826
20180625,-8.386782970723203,-79.68969630842535
20180626,-22.125111031798827,-86.05823766328474
20180627,-33.35914431834095,-90.28066432959925
20180628,-43.54599466317749,-93.71124240945497
20180629,-52.34534756808968,-96.6690148922719
20180702,-59.29465920176655,-98.53839862393369
20180703,-65.02382622534002,-99.9027390246476
20180704,-68.26350601354592,-101.03652118536392
20180705,-71.4437566787192,-104.57274846782316
20180706,-75.42581371670262,-108.05389858860305
20180709,-77.19530570629294,-110.75844192354701
20180710,-79.01351856039986,-112.90188153784071
20180711,-78.4865688945347,-113.94072296750458
20180712,-77.04764685025157,-115.0082063976661
20180713,-75.93878843266022,-115.77405805499382
20180716,-75.04124161042947,-117.75789756992587
20180717,-76.62743134226231,-124.04903940092301
20180718,-77.97936411799475,-129.99643885281083
20180719,-78.69833104295014,-134.6251704560742
20180720,-79.34447569931434,-138.52502376212084
20180723,-79.51641327878475,-87.63690426416156
20180724,-79.49127154841679,-45.61226533776093
20180725,-51.05683589742452,-10.036092118085824
20180726,-27.827213319771758,18.79111543879347
20180727,-8.813963253857867,42.092066589682034
20180730,6.4965469937725535,64.96739776799451
20180731,18.84237889743218,82.62628488215067
20180801,30.362569721686327,96.20143082484341
20180802,40.17964010887112,106.21203535151679
20180803,17.475769577679774,114.63633362716857
20180806,30.618440675222235,121.96912706977102
20180807,41.37416007388753,127.92989184274224
20180808,56.42902754648368,136.73178495102738
20180809,71.32421443864412,136.84152336621673
20180810,83.27688555025289,134.89419818770077
20180813,93.03152720486277,133.45937544690588
20180814,100.71569210637368,132.368943927766
20180815,60.44572944403367,130.2664960581845
20180816,29.670984734045767,85.1545709189309
20180817,4.567591126296769,48.31601782327468
20180820,-15.619600915892141,16.866228541669564
20180821,-31.815877634687187,34.51492825468742
20180822,-45.79140919050736,48.86878102347685
20180823,-57.378826379226766,60.719530977182316
20180824,-65.91473430056493,69.84758163961945
20180827,-73.67108564449583,77.16918221744943
20180828,-80.6934174934375,82.19314001508702
20180829,-86.28881881814655,86.4158353744863
20180830,-91.40458328394074,90.30563419234137
20180831,-95.50134170473588,93.3479862701333
20180903,-98.50301189667101,95.7275576806764
20180904,-100.6869706929904,97.46373224351092
20180905,-102.40758662735739,61.300668772201504
20180906,-104.48879865606399,28.38358426527008
20180907,-106.2534576156855,-0.18535562384504747
20180910,-107.86194668752954,-23.814622336326682
20180911,-108.3210764950136,-42.86097408949219
20180912,-111.24660398814252,-58.37244371096982
20180913,-67.78297295231583,-71.4272057307602
20180914,-32.45182751825373,-81.89405348213856
20180917,-49.748373067136505,-89.64690334981748
20180918,-18.944888368681138,-99.51723421924015
20180919,4.292559447555479,-107.44051317443608
20180920,23.32083009211651,-113.79896903474271
20180921,39.16839467198796,-119.69221910808193
20180925,51.505625784558354,-124.20482587954189
20180926,61.714270081963456,-133.15169641565927
20180927,69.5631462113347,-138.4132191825842
20180928,76.00559933669054,-143.79438681699236
20181008,81.35506059743672,-145.52089342874822
20181009,86.00164432437265,-145.66592493582246
20181010,90.75429565390425,-144.6611242781823
20181011,93.04344467692687,-142.90437409620623
20181012,94.04888940816146,-140.6606879706541
20181015,94.61318235990224,-138.07376763571523
20181016,94.71589256214989,-135.60665914942797
20181017,94.99291483611816,-133.7281717277235
20181018,95.24890921825043,-132.19495518856132
20181019,96.76038018428626,-130.95006557093785
20181022,98.06333554098727,-130.27266214230139
20181023,99.28491507473473,-130.35257228905877
20181024,101.31619459272943,-130.3532893340018
20181025,61.41448497751786,-130.54380143410415
20181026,28.434340041607612,-130.63252969048037
20181029,0.9376245573725525,-131.80049419647136
20181030,-23.10951831673662,-132.60322224049267
20181031,-41.54232563500885,-132.79522515627784
20181101,-56.75701309620256,-134.03274188715704
20181102,-65.05909792926438,-134.00195927242473
20181105,-71.89517978063377,-135.4217472739426
20181106,-78.02243997899029,-137.78503717278923
20181107,-83.20471453671188,-140.9999926985173
20181108,-88.84284548962661,-146.8781258095546
20181109,-95.9074639950477,-153.57187929013233
20181112,-101.63530981025909,-161.5497357264254
20181113,-106.48743487016388,-169.345464730537
20181114,-110.33920802432415,-175.60011442204328
20181115,-111.52953601410188,-182.97478267656567
20181116,-69.94003786907315,-189.12400473818832
20181119,-35.6316966802024,-193.01618976733624
20181120,-7.0788493467979325,-194.65826504779562
20181121,-28.110510256392697,-196.37167202260218
20181122,0.3030950757234519,-196.52885466740798
20181123,23.445064061184453,-197.40606790090249
20181126,-3.991253314377639,-197.93720277291132
20181127,-25.842728526909248,-199.75461863604113
20181128,-44.59270551349135,-202.83982940071917
20181129,-12.738777286213523,-206.92238930102047
20181130,22.707741079811353,-213.17871475988485
20181203,48.010946018558066,-144.34680461531406
20181204,66.01221052730594,-87.96388728485935
20181205,27.643430537050886,-101.45194326313803
20181206,-3.0457952643833845,-111.40472932682081
20181207,-28.105950498135446,-119.53266822877633
20181210,-48.638456816569615,-126.24074140835589
20181211,-65.4751313926527,-131.71286825116604
20181212,-79.73308731071239,-136.77957061146336
20181213,-94.32423469134284,-141.06199924142695
20181214,-104.90849790591308,-144.54545220299232
20181217,-112.98791335407735,-147.9590548384315
20181218,-119.30340613369782,-150.98967329362458
20181219,-121.20549502618466,-153.0865562558875
20181220,-122.80941478377422,-155.19240368857123
20181221,-123.9133167268854,-97.46888380661159
20181224,-124.53615598100843,-50.10637046170505
20181225,-125.62082514212538,-11.431389295447225
20181226,-127.42748437244828,21.041249788284173
20181227,-129.013351281679,-11.171544929668586
20181228,-130.45908911245996,-38.05768381776992
20190102,-132.66479414359964,-65.17698645880827
20190103,-135.66823947240988,-86.47969209106469
20190104,-138.35121581214514,-102.62410381131667
20190107,-140.03209685881225,-117.31045487699681
20190108,-141.93097189902977,-128.96709549093035
20190109,-142.5136368031789,-137.05269120728818
20190110,-143.23997026309044,-143.35834245508053
20190111,-143.78217417038059,-148.83807627829327
20190114,-144.31399025267444,-153.1017493433436
20190115,-145.18050761974132,-156.26036236169278
20190116,-145.55945109985782,-157.63081968893673
20190117,-146.12850014249943,-160.13025549418128
20190118,-89.88446391666238,-161.41564984178848
20190121,-43.70351418847079,-102.1221284705631
20190122,-65.49177807476218,-112.39635390395819
20190123,-84.01371737542087,-65.03390183889145
20190124,-98.84253778358374,-26.157913888930658
20190125,-110.93134858681212,5.650446647223521
20190128,-60.35728623542171,33.05902070445732
20190129,-18.947132639931457,-1.2119137701598992
20190130,19.662686865725405,31.123854413789047
20190131,50.88292556678355,58.96564590123113
20190201,76.89845711583547,82.67884616872772
20190211,98.88299371878685,39.84624046778527
20190212,116.9160155063481,4.670077490208461
20190213,133.36448924384666,-24.886139901530704
20190214,146.9413990362682,-49.3367066425557
20190215,157.094053718835,-69.38180632358547
20190218,157.61923482078117,-27.078195859454553
20190219,158.04679345818155,-51.69925844991443
20190220,158.60517151997206,-12.22789999008378
20190221,158.97710758150512,19.972475472173837
20190222,160.45797329993766,45.12055207595389
20190225,159.99326255833248,65.46198914426509
20190226,159.3276703092271,84.028694959122
20190227,158.47882047494394,101.00588213661743
20190228,158.74385437537975,114.94197976412512
20190301,158.72546400038271,126.5355468677693
20190304,156.15124701415166,136.06693242111103
20190305,153.73275646767064,140.96260812871367
20190306,151.520671728916,85.98236271575142
20190307,149.8627850134855,40.77254921509788
20190308,96.93559177701441,3.743189067983355
20190311,105.04906071628238,-35.577259199563706
20190312,111.61967330183981,-68.21121446980679
20190313,116.82868533426301,-17.483460357976615
20190314,70.39915272461435,23.957088533068735
20190315,31.83044423676837,57.93348703461339
20190318,-8.296448492090008,9.30048810531436
20190319,-41.26112682689361,43.058799727669985
20190320,-69.6121372215119,70.45218085377795
20190321,-92.05673747976628,92.94913367515373
20190322,-108.45290420451269,113.8959203888632
20190325,-120.23967555412779,129.8602013495915
20190326,-130.02052291778904,68.80902932896812
20190327,-137.4768797258872,93.6280085856246
20190328,-143.7769992078482,113.6727011980312
20190329,-147.92814325457942,129.83053610273268
20190401,-93.1374030985345,139.57689092362142
20190402,-48.43814671575876,150.89907820704488
20190403,-12.203943813497757,161.4463371954735
20190404,17.71969941954358,170.44658770230603
20190408,41.924683293929284,177.8036012785939
20190409,60.2251635379356,183.80040577108406
20190410,74.97628582931986,188.57033824730644
20190411,86.56579713620901,192.9923068817772
20190412,96.32317620520138,196.91182987088467
20190415,104.46738263184243,200.07787454668104
20190416,111.04686199769854,204.0604516977235
20190417,116.43321906048183,210.31552267465645
20190418,120.96413331765568,215.47778471883262
20190419,124.94448322088651,219.64599075786623
20190422,129.14218195998438,221.9002889580767
20190423,72.45600867544275,230.29779415368233
20190424,26.715251954499532,235.7467791444884
20190425,-10.507155682848774,238.0634051477507
20190426,-40.36073475624958,237.79443580764715
20190429,-66.72448212288245,237.54043356790453
20190430,-96.00331639968873,242.5180110122338
20190506,-109.01182513966357,164.45048436900186
20190507,-119.37170530979247,101.42947435251334
20190508,-126.6519020785046,116.0162552379704
20190509,-132.5522917821717,62.2293873341432
20190510,-140.09723892068226,80.73524513085658
20190513,-146.68805665721658,95.78520001577262
20190514,-152.57753706148145,107.96629949395759
20190515,-156.3560471931594,116.45456893983281
20190516,-159.65026809914065,123.4658560771316
20190517,-162.77441885424997,128.8330550031
20190520,-165.3957736000571,133.42387631939351
20190521,-167.28212328653456,137.23704433645372
20190522,-166.99148106390055,85.56652846439844
20190523,-165.74663133123656,42.31449994946558
20190524,-161.9503699845898,60.97338022476498
20190527,-158.6596142450541,76.1294958394609
20190528,-156.54545431483115,88.80483992258202
20190529,-154.5608757900843,46.27696556969883
20190530,-152.78210827536765,11.405694897166786
20190531,-151.17756467751784,-17.26772793498457
20190603,-154.777805995053,-47.28966834213472
20190604,-158.6273169828431,-71.34356558147542
20190605,-162.16947547723342,-90.78203039407009
20190606,-163.54631104686064,-104.63868779287449
20190610,-164.3778487540258,-120.0290603569727
20190611,-161.41089516663098,-131.51605869062348
20190612,-158.14089704329083,-140.70132632981728
20190613,-155.91521693184126,-152.2320023330007
20190614,-154.0716395558718,-161.73158748256643
20190617,-152.51601889702133,-168.34127093967254
20190618,-150.8450794504137,-173.66254485080177
20190619,-99.13688098350758,-177.0565342224651
20190620,-55.494834735168745,-181.486890214396
20190621,-18.343121770668855,-181.95974612917607
20190624,13.977980089247156,-184.7636794249153
20190625,39.479919234999265,-186.6432967377413
20190626,60.38738070428577,-188.65721721749517
20190627,78.24357966854485,-190.923089689295
20190628,93.45682998216043,-192.17154025692744
20190701,106.60508367114767,-192.56444126625945
20190702,61.72314549133517,-192.81761649167203
20190703,25.69713708390087,-193.7538644030141
20190704,-4.007513379822921,-191.8883106895294
20190705,-29.73330010365392,-192.89166089885774
20190708,-51.138827138272035,-193.6759674428007
20190709,-71.4326659187242,-196.48759584754262
20190710,-89.50782737602833,-197.8676463775776
20190711,-102.07315706680782,-199.20361966026763
20190712,-112.34382847563009,-200.4324409249505
20190715,-63.07397512567891,-126.53926878492858
20190716,-22.573431195877312,-66.22833166033985
20190717,13.048918967331995,-16.314174895202434
20190718,42.23141290464803,24.94605872745916
20190719,56.983969787238124,63.76075531392389
20190722,67.82088196969185,94.62940501533934
20190723,76.98806877541826,36.316488165097006
20190724,84.3805259978629,-10.780454772332856
20190725,90.4602821994956,29.01832084163801
20190726,95.45313277279276,62.697128736706894
20190729,99.94334332781331,92.13834990874115
20190730,105.51357340740041,116.4374164230472
20190731,63.25385787007851,137.22999798204526
20190801,28.70908055195568,158.38176504112212
20190802,0.5770067574276619,84.91924754744225
20190805,-21.859237477549293,111.9999310505643
20190806,-40.32917145993772,134.32633195476873
20190807,-55.29203495956639,67.00786608195754
20190808,-67.35216241841087,95.4180419189688
20190809,-77.12919840523038,118.98636375766542
20190812,-85.34241502610996,127.69988600529751
20190813,-91.93825174560652,134.85098706119004
20190814,-97.33434054569189,140.59323055930295
20190815,-101.7042358086454,145.39443489489608
20190816,-115.43619129610293,149.39178848756433
20190819,-129.84654427701398,149.55951270934298
20190820,-141.68086997921984,150.74616597295562
20190821,-151.4548089927669,151.65230772938827
20190822,-159.35150746409988,152.90022207361918
20190823,-165.62542881167585,153.50615014655548
20190826,-169.1806687438144,153.32591462093407
20190827,-171.79771280203414,153.2488138037599
20190828,-104.17934787166057,153.40268560289869
20190829,-48.701683630966365,153.2333229461589
20190830,-3.039921609253086,153.68429903496926
20190902,37.553101005286855,153.968973657126
20190903,-7.591623536591095,153.92674831569073
20190904,32.249782268849714,154.541657652348
20190905,69.16487276051491,155.227327744014
20190906,95.36870152816624,155.63697335202238
20190909,116.74490745402726,165.22171467714503
20190910,135.36200207141138,172.72341849362803
20190911,149.9006417294538,178.6697648366025
20190912,162.01519822801157,183.56008475834332
20190916,172.00000179972918,116.62451719880606
20190917,178.75654035353259,50.79617192569535
20190918,184.21386233756922,-3.981912574209934
20190919,188.22903948616062,-46.9089451024073
20190920,191.98527400014947,-79.29833881902553
20190923,120.60968844152853,-106.52700084619059
20190924,137.7676846758345,-129.1580817577881
20190925,71.8099379327711,-147.58398599635422
20190926,100.04394187990715,-162.1945059891204
20190927,41.73782182950832,-174.1134046981375
20190930,72.51095256558908,-183.71134836797646
20191008,25.075166420263795,-195.0881664246329
20191009,-14.374992107314446,-204.37067843628301
20191010,-47.580075486477064,-213.368165053411
20191011,-76.16089722151509,-217.83776651824815
20191014,-104.48794122613697,-224.09550525677219
20191015,-127.65861781822308,-228.9390892817308
20191016,-145.81180706992146,-229.6111702085339
20191017,-160.83020921793025,-232.28596665101446
20191018,-174.64258723781572,-234.32178394673932
20191021,-105.2537200118083,-239.53786171227213
20191022,-48.01087877321136,-242.48790682428552
20191023,-76.81025068405778,-244.8174809731897
20191024,-27.638156361461505,-247.1810789383585
20191025,12.624952008354567,-254.63247646348748
20191028,46.84308416044628,-259.90926802432807
20191029,75.61873030664663,-264.91072145668807
20191030,99.072575202361,-266.449323131944
20191031,117.77438336184623,-166.455648403677
20191101,133.00756509388992,-83.63799394808449
20191104,147.48286247384667,-17.851933284382923
20191105,164.02736379704436,36.379830439504836
20191106,178.63367618839337,81.89750808280291
20191107,190.48879545346315,118.90937234947285
20191108,201.22156554890176,158.0743723850649
20191111,119.85279896983772,178.97704822904151
20191112,142.73853621115498,99.84774739008336
20191113,72.53262154302884,32.93809589246748
20191114,14.692275724542515,-20.738767610259927
20191115,-32.50224919919422,-64.64007188534035
20191118,-79.30642833095273,-8.472342260799488
20191119,-117.9230629735424,-50.523818532579455
20191120,-149.80692583429027,-84.44214249985592
20191121,-190.51525541537455,-27.747019342543698
20191122,-219.35366831274717,18.76216694577923
20191125,-237.95338495036796,-25.343583743604277
20191126,-253.51927269063725,-61.165958098757926
20191127,-153.21924385480887,-91.39648013267879
20191128,-69.42551768641843,-35.00827029220285
20191129,2.0622448503124415,10.07511399418905
20191202,61.061103320597866,47.116727430554086
20191203,-9.262429393118268,77.47702003225619
20191204,-66.40705366571606,102.24651095199768
20191205,1.0681370642419208,122.20337612936824
20191206,55.893685300736394,137.42902224876994
20191209,77.17491186702775,151.9085021367146
20191210,94.22539127173837,165.3021182961876
20191211,108.75797729767318,176.2190738391802
20191212,120.70023837844744,185.35108288804238
20191213,130.76379187790695,192.6597705977647
20191216,139.02383558010513,202.00718689277653
20191217,146.21840901902954,208.86752016513535
20191218,151.18631262785388,213.2648148855639
20191219,155.2289067260882,216.30416202786398
20191220,159.5220016851626,218.45887816127927
20191223,163.18421836342705,221.81441697425805
20191224,164.4241979468417,226.4544627608307
20191225,165.75251259600142,230.86249352618094
20191226,167.00432191154493,224.54218377325563
20191227,168.2354666513544,220.04811265578036
20191230,168.3346640699319,216.9111190824457
20191231,167.4842292560597,214.399073660823
20200102,167.1750487430557,212.16724156218305
20200103,108.85109009189831,210.84081140703583
20200106,61.42496735233733,212.36804905519529
20200107,11.266560562255162,214.7039821809057
20200108,-30.393521343954234,215.70951126593823
20200109,-66.43240647366378,138.676826674918
20200110,-95.87395085292943,149.50871182841854
20200113,-119.87444474051964,89.87469592267772
20200114,-59.41449543823765,41.08291589231589
20200115,-9.496372011891358,-0.027437122124591845
20200116,-47.52737097899985,24.3584868531134
20200117,-78.62574361801774,44.725009499310566
20200120,-103.74375704027898,61.1019572749769
20200121,-117.65791343313279,74.01257808336368
20200122,-133.49741409252275,84.60046313504331
20200123,-143.4532479276061,93.04036086464674
20200203,-129.9494571978812,59.01565259908883
20200204,-118.81828382168776,31.15391181041351
20200205,-109.53196676958393,8.366465345455996
20200206,-101.65097730291194,-10.222808691799136
20200207,-95.21611978176429,-25.328498806738146
20200210,-89.98437448400028,-37.68903252826478
20200211,-85.63292374164135,-47.69973596011752
20200212,-82.15759887619987,-55.88956743394855
20200213,-79.2602573535627,-62.7807152237223
20200214,-76.83947477379017,-68.52927452936011
20200217,-74.7114847435472,-73.63071414391376
20200218,-72.96791995933881,-78.1384222753066
20200219,-71.6454541431065,-81.83420160866231
20200220,-70.55043339497392,-84.90700066134649
20200221,-69.607712166073,-91.25916783557646
20200224,-68.84512105881991,-96.46080621214645
20200225,-68.2139978836355,-100.68923951554774
20200226,-67.83224622477941,-104.27109276068279
20200227,-67.56362262130023,-107.4428719043495
20200228,-66.91014624893681,-107.08729349138291
20200302,-75.42025467671095,-115.1714257902305
20200303,-82.04407368456879,-121.6465729564498
20200304,-87.38670481499894,-126.78947072629704
20200305,-92.6681553441437,-131.37932386282745
20200306,-96.80446708169329,-135.57813553261602
20200309,-96.98913996109394,-134.31952662839115
20200310,-95.72148358735653,-132.8075346620436
20200311,-94.47824739575618,-131.57040067246382
20200312,-92.77527696220493,-130.54157928562105
20200313,-91.40067648335602,-129.28557963069787
20200316,-89.62513299524862,-128.09043451419993
20200317,-88.13078887297746,-127.39689736789751
20200318,-82.31829525140652,-121.49523248676091
20200319,-75.93762228185452,-113.33536961429989
20200320,-69.84903833396105,-105.64996964407275
20200323,-64.49069567646008,-96.73676471446778
20200324,-59.738103574550365,-89.28059082536599
20200325,-55.48238271336857,-82.48364076201435
20200326,-51.99677589262159,-76.92460391702107
20200327,-49.15621010404665,-72.43377595681481
20200330,-46.98338296950082,-68.85134406748823
20200331,-45.18450541816512,-65.8789049918032
20200401,-43.70973804854638,-63.427523001280385
20200402,-42.38612173701835,-61.38796725389169
20200403,-41.26626121917948,-59.60986093633815
20200407,-27.179371614582518,-58.22180229221279
20200408,-15.561447829203493,-57.17599960658298
20200409,-6.051857864738216,-56.27459773177125
20200410,1.6153621740951392,-55.25361255393595
20200413,7.894612269258098,-54.45373635059578
20200414,13.142375808674444,-35.31990213407662
20200415,17.432570512217854,-19.87731801612005
20200416,22.163909737948558,-6.674439264616266
20200417,28.255074387003965,4.931135508659187
20200420,34.080278989579554,14.553442835935506
20200421,41.26571871946561,26.530609227018026
20200422,47.7986820042843,36.341186943220784
20200423,54.16147729660176,45.5312896315824
20200424,59.93647894071673,53.2325098945524
20200427,64.2162157530781,59.465330067943775
20200428,68.25049555313076,66.46653932125146
20200429,71.68991324508526,72.12832962400691
20200430,74.636319409129,78.17910104875277
20200506,77.24124809644329,83.14360789785916
20200507,79.31485782549296,86.11319136195755
20200508,81.49395093334385,88.37393296792524
20200511,83.23757585403412,90.21217190371439
20200512,84.06429002607864,90.93598614098214
20200513,86.57715664349172,92.19268021419991
20200514,88.52237922855062,93.78991418906203
20200515,90.07937608025486,95.11208499480382
20200518,91.52824710692452,96.45994172328406
20200519,92.34974024160516,97.80871361847903
20200520,94.0646088147795,103.02132750184607
20200521,95.18969316631775,106.92591516160383
20200522,96.30441051814759,116.32789400842617
20200525,97.65811055886721,124.36945261015607
20200526,100.7902010857169,130.54648156406165
20200527,103.25732050394895,135.48154176231583
20200528,107.11598258390138,139.36553061611608
20200529,110.5117677247122,142.65125867387266
20200601,111.94344982555242,144.86244331534908
20200602,113.53689740247715,144.20195871051388
20200603,115.18760332872814,143.21754825257835
20200604,116.7619950616107,144.6261514247034
20200605,117.77142745078496,146.19667665384594
20200608,117.7544303462708,144.59448272268415
20200609,118.98743337674917,145.30172031814746
20200610,119.46562246547079,145.6913246688712
20200611,120.39103964881215,143.42620575533155
20200612,120.73643303755918,141.52018968438415
20200615,119.10467897385986,140.63256251719037
20200616,116.76243279750827,137.2949829494277
20200617,114.144313715384,134.25403562987898
20200618,112.21285081108924,132.7510296573471
20200619,112.78264988046402,131.59732766827858
20200622,112.78348796475906,130.6379372551282
20200623,112.70066547245689,129.54025501121006
20200624,113.1558931146413,128.23201286921346
20200629,113.38412459934165,126.91168460343171
20200630,113.50276005592622,125.84071745510033
20200701,114.00776869259805,124.53899018112956
20200702,114.58732998497273,124.62274011768532
20200703,113.46693016284333,124.90577666069917
20200706,112.84834273791928,125.24044835905046
20200707,112.59259964331793,124.8575522563102
20200708,112.72161547266104,126.54365009698132
20200709,111.8322111700775,127.94737116588327
20200710,111.0835728230917,129.3113781223744
20200713,104.48423544376482,128.26988824678313
20200714,98.56003146061519,124.20203688873804
20200715,94.22278792512334,120.91985547169197
20200716,89.05934162694723,83.92322200105674
20200717,84.87194017091612,83.40302629784776
20200720,81.37064341316326,82.96774183868462
20200721,78.75363976390067,82.61059892569683
20200722,76.68602585749987,82.1915475953343
20200723,74.76698879181929,81.9126101693587
20200724,72.77412697279235,81.77954735772686
20200727,71.19269885070484,81.92337942158157
20200728,69.90769405832197,81.97415996722906
20200729,68.93050794051476,82.14622254188792
20200730,68.08439681764075,82.06857669902199
20200731,67.61409987540036,81.94898481360707
20200803,43.801222664242026,81.67789150663178
20200804,47.31335173388261,81.55810358424506
20200805,27.215839680281366,81.42338281752387
20200806,10.4139548254072,81.06698500250816
20200807,-3.3532956186383283,80.81359504500477
20200810,-18.40020023720333,81.63040713303386
20200811,-31.003286120991824,50.700339504483686
20200812,-41.143344148102535,25.396614356982923
20200813,-51.92923542431774,43.48575795138227
20200814,-62.05970952495927,59.48067013779347
20200817,-69.36928414859385,72.80110399133942
20200818,-76.15224352984778,83.71665904070585
20200819,-45.83597632373959,91.82813252777828
20200820,-20.841759793875845,98.47257413888029
20200821,0.3686678736667067,103.91795988697451
20200824,17.822472044531512,108.36201891354041
20200825,-2.695204464493304,110.88547772941682
20200826,15.124874345322828,112.38735056078657
20200827,29.74494587123545,114.85446608538835
20200828,41.35041209692807,116.82481018325093
20200831,51.85619524053119,118.57521020536367
20200901,59.33892985694789,120.39852182823601
20200902,64.35995758671497,121.82808171273102
20200903,68.33779013311366,77.01876415442064
20200904,71.58974082744007,40.2815337645764
20200907,75.5626711330361,55.558299877879826
20200908,78.73063601850437,69.15792641060828
20200909,80.79863550594607,33.90583010414911
20200910,49.48143179460553,4.45951879602913
20200911,23.657158740302997,-19.169378268133148
20200914,36.47062290038331,4.272469285389553
20200915,46.95477800604622,23.409303169494017
20200916,18.03448239485205,40.241866099106524
20200917,-5.410610546478485,53.99136346792684
20200918,13.766335971441507,64.67350853298912
20200921,29.544339770043443,73.45315521103515
20200922,5.8371515162082375,80.88042189150694
20200923,-13.471658895000692,44.72657746424741
20200924,-28.20934308344871,19.049258988527157
20200925,-40.41064886163613,-1.0514461479108461
20200928,-50.31783912342687,-17.005398580619115
20200929,-60.41582903926881,-29.853356288113325
20200930,-70.26809798209361,-40.34835915177313
20201009,-77.7282524147276,-17.628273359388412
20201012,-83.83573236037265,0.6943909369365511
20201013,-89.78565155680167,16.185555832511497
20201014,-94.95166780371105,28.860937450018724
20201015,-100.61714446020878,39.58118578741757
20201016,-105.10428565874327,48.38134210129968
20201019,-108.4989864072548,55.847355121881414
20201020,-111.85092253304981,62.99956400937396
20201021,-70.43397306176891,68.82644697194044
20201022,-35.95057447515163,73.61943660533943
20201023,-7.7500378940346195,77.61705878226641
20201026,19.082149486112957,81.16303866601578
20201027,41.03380247415469,84.03492465513733
20201028,59.43059123304803,86.44781234632417
20201029,22.839708174297918,89.30361129803678
20201030,-9.404926938761212,98.91361240357654
20201102,-36.81017925450741,100.58374151935168
20201103,-4.102379884391359,101.95168223911317
20201104,22.919700913159897,103.13187408275539
20201105,-7.282247754532637,104.31049364289565
20201106,-33.474162337088934,107.26611247829644
20201109,-0.8185797724304192,110.62632114028986
20201110,-27.028508644758436,113.26905953252006
20201111,3.7159144888656264,113.86955545618837
20201112,29.175930920274997,113.83432550608838
20201113,49.542254561056005,113.3154318529692
20201116,60.32669113353195,112.06131595634
20201117,67.58831693297009,111.20941485086995
20201118,74.55001651052645,108.24817729981467
20201119,80.07886070560686,105.73591222611007
20201120,83.92667669326029,103.4642829035354
20201123,86.9518594709443,101.23821036663733
20201124,88.85965585443707,99.51020050781453
20201125,90.22759051140744,98.6877632741253
20201126,91.28345265810383,97.89421353849265
20201127,92.59094660903972,97.44554148366377
20201130,91.76652990246168,98.54712895304219
20201201,90.48964568710892,100.06142325657933
20201202,89.65278780504944,101.40055304455504
20201203,88.84540247079876,95.95129419115732
20201204,88.18978954579488,91.48546354457682
20201207,87.23460299550253,87.08856518371496
20201208,86.59119337365097,83.45881672118881
20201209,86.07796977375324,80.52551484695765
20201210,85.83867455080002,77.6391936096063
20201211,85.65055425889389,75.0113139284217
20201214,87.35242824047478,72.92514207138318
20201215,90.2788095615044,71.14128626959837
20201216,92.70945330039241,70.31356253732929
20201217,94.83565801918607,69.61463497736995
20201218,96.93465229390772,68.94655545934891
20201221,98.49292323327704,67.25052690625236
20201222,97.05272445571144,45.042054142945744
20201223,95.99526730939566,26.779873795977114
20201224,95.58714743731117,12.004558500884082
20201225,95.77232695489029,-0.2202912612844716
20201228,99.92056553029188,-10.440445034231844
20201229,103.51180569940382,-18.813358740636414
20201230,106.33817423666343,-25.79062945576963
20201231,66.37311578940245,-32.98189691411649
20210104,75.2893327483424,-39.10317089587123
20210105,40.13822348133553,-44.429062576996856
20210106,52.89050875011068,-48.769634663318975
20210107,63.308623918234595,-52.34889367716153
20210108,70.84287723272736,-56.42870829401607
20210111,73.39871909672517,-59.23414373974291
20210112,75.49013486173496,-62.01719579037649
20210113,77.23366241340956,-64.23126384185277
20210114,47.703393289801014,-66.26658923159826
20210115,22.989672387556833,-68.12608869452883
20210118,34.896816354627425,-70.465927686372
20210119,44.51195436721951,-74.05202173099543
20210120,54.490889480910454,-79.81414810954655
20210121,62.64081998715972,-83.67770727234125
20210122,33.557880156672695,-88.56945509402
20210125,45.2825225467826,-92.36622953814141
20210126,19.649783079116407,-97.90249061261623
20210127,-1.683748380061658,-103.39960561301808
20210128,-18.176627963413566,-108.83806575216269
20210129,-32.20250016059228,-66.88911541978436
20210201,-43.72694897712648,-34.884964341381774
20210202,-52.75224196740848,-46.35084022383757
20210203,-61.33342094720263,-20.099079019549897
20210204,-67.4724599575229,-0.3429473725346825
20210205,-73.43027201975586,14.893789773741679
20210208,-37.358682294034466,28.805678708434694
20210209,-9.239931202087842,40.27162608094059
20210210,11.5207722358847,50.333536835888914
20210218,23.46973165687947,55.12156674534102
20210219,33.02664712148685,58.93794814724488
20210222,38.2065061548643,61.88236839596675
20210223,42.64716003020915,64.91659071042606
20210224,46.223243137875116,67.19506072636439
20210225,48.49136411289624,66.07376241174383
20210226,49.304873192352986,65.24666642878259
20210301,49.82995170082252,63.550189657026365
20210302,50.27249216356613,62.140352901661295
20210303,50.59208707323601,60.03767681305411
20210304,50.734191544544295,57.6508553074345
20210305,50.776361238890054,55.71266385003445
20210308,50.7619991618535,54.16136293745914
20210309,50.93858883781911,53.01873788665886
20210310,50.97169454776218,52.08901308942742
20210311,50.71626101206631,51.3421284176988
20210312,50.396790244477316,50.60531687248656
20210315,50.13814261157179,49.92141689350696
20210316,49.776396007837185,49.335104665398234
20210317,49.59092512865805,48.85919406309079
20210318,30.83803626419493,48.9193500155334
20210319,15.541778435026817,48.956304594204795
20210322,1.0532825128462489,49.05948700056579
20210323,-10.885518729239084,31.54134709346313
20210324,-20.58118430177983,17.196978840650235
20210325,-30.222219440896936,3.755647109519264
20210326,-39.70388968824901,13.007737087615446
20210329,-47.53212152220576,21.16318181829369
20210330,-54.063572185513905,27.891252638177484
20210331,-60.20569521649281,9.950444225215946
20210401,-66.31476270562642,22.229996135737583
20210402,-39.893046420948956,32.27951467189014
20210406,-18.26401843964728,40.49963571358338
20210407,-0.5603535835577912,47.860797990199785
20210408,14.259308395564563,54.13356145319834
20210409,29.25711406423776,60.359081255702925
20210412,7.140986007267111,32.790985531231506
20210413,-11.293489854166037,43.62124213016447
20210414,-26.659161585627146,52.264854308753456
20210415,-6.6034718770642105,57.881666470552354
20210416,9.69805688992142,62.175329590662564
20210419,23.113688461194673,65.496540837143
20210420,34.26704866861812,68.02954445671773
20210421,42.99920334667346,72.2832056346145
20210422,50.35303805694331,75.78108743771956
20210423,57.15024553061245,78.30233964722491
20210426,61.75861544793243,81.5497833647052
20210427,64.79889861017027,83.8380851757215
20210428,66.69361145481194,85.4938850876557
20210429,68.18963849735952,86.64216636243475
20210430,69.46333824326223,87.91884096443373
20210506,71.60019695602989,88.05328727599316
20210507,72.69041978212918,87.22980445957197
20210510,71.91889392653036,85.67741338675995
20210511,70.22974029303485,82.64565465126087
20210512,68.88012823809704,80.25903570709045
20210513,67.8478653818783,77.77742592608963
20210514,66.31366831414434,75.27778532031546
20210517,65.04497084268517,72.9519245573632
20210518,64.26245201207905,71.49670835873181
20210519,62.705664842749954,69.99181966832234
20210520,61.44995195524969,68.72975870240313
20210521,40.527951072307836,45.33405071998118
20210524,23.35656373534094,27.17473850104773
20210525,9.322382353725526,12.44660929914191
20210526,-2.114697021215458,0.3170133316739586
20210527,-11.813653844342111,-9.447165737051014
20210528,-19.79892825147812,-17.4870314099016
20210531,-26.534658620312115,-24.064551219798137
20210601,-32.197976828579264,-29.75768442151559
20210602,-36.83587635936186,-34.297098655147195
20210603,-40.86203423691705,-38.370915817663175
20210604,-43.99289603191507,-42.40406367477421
20210607,-48.45887031266736,-46.82759816803063
20210608,-52.639571003958416,-50.93621114329523
20210609,-56.60906796110176,-54.15790574410881
20210610,-60.10158257045378,-56.958203343009075
20210611,-63.32024416564409,-35.8752133746383
20210615,-65.2645621684192,-18.303149437856085
20210616,-66.96279918185796,-25.75801649995966
20210617,-69.18469631083858,-9.933674510181605
20210618,-70.31165603026925,-19.063415159224355
20210621,-71.63158918907247,-26.995391037489814
20210622,-72.0750381213823,-9.777838427574702
20210623,-71.96784164586946,4.560230613276491
20210624,-71.90310299238615,16.416925106185047
20210625,-71.83260721147253,26.097425891876544
20210628,-72.75100133949583,34.144971810785115
20210629,-73.79785488798134,40.801604094204244
20210630,-74.6314117605529,46.25781229116029
20210701,-75.31783406092002,50.90962265810815
20210702,-75.9142926537097,54.587073532661876
20210705,-47.114512901114956,57.23319090759263
20210706,-23.6229146613033,59.33434395625244
20210707,-4.810088135057821,61.01787963872685
20210708,-18.44728780167235,37.580679899695966
20210709,-0.6271119908616567,43.054079407601535
20210712,14.11653254196478,50.831771166838294
20210713,27.230885873353277,57.43423335021355
20210714,40.24290381847383,63.72012296207859
20210715,51.00186947846957,68.65883219161938
20210716,62.59894044338867,74.17040609356675
20210719,29.393076932212207,78.30833614009754
20210720,1.581478056544128,82.47088532863404
20210721,-24.105267484567253,49.636899123386264
20210722,3.52439699745541,57.87463505847794
20210723,25.172524400852225,64.98003614642137
20210726,41.502003941215314,70.54297660130526
20210727,54.417145987197735,75.21367311608677
20210728,64.97682571400446,78.61926294020435
20210729,73.51798178026301,81.22652637382649
20210730,80.5462528985444,82.69812762792013
20210802,88.02536612829962,84.71247850879838
20210803,92.77051603704682,85.99741209115994
20210804,98.1243632643887,87.64654505656482
20210805,59.22384732914362,89.541465452285
20210806,67.97852273377248,91.02289666482781
20210809,37.016213799702285,92.3609594148978
20210810,11.644633230819721,93.76719112486526
20210811,-9.218660387328546,95.51460457911053
20210812,10.874845282818715,97.21566042208124
20210813,-9.516680291727138,98.63172368461582
20210816,-26.506871986441315,100.63580913478222
20210817,-40.929783782700035,101.83473792165394
20210818,-51.59041194314394,101.87605916493385
20210819,-58.15300118654293,101.43106955723215
20210820,-63.82924737276721,101.39162120660511
20210823,-69.05093732457237,100.97070190763101
20210824,-73.35128380635956,100.6592135939661
20210825,-76.5481737198328,100.86381327108997
20210826,-79.06291692727832,101.29714115014019
20210827,-80.87349016245065,101.10984394764941
20210830,-50.72037218652408,98.63089738259372
20210831,-25.439421849751756,97.07630862253073
20210901,-36.07318813232435,94.76818841941721
20210902,-45.22456355936037,92.35427775295628
20210903,-20.40103367559977,89.98805063073641
20210906,0.30063988638721656,87.34254721514756
20210907,17.087253138928087,85.15017878991567
20210908,-2.8030868759107537,83.3313731118737
20210909,14.500774315914159,81.190161774336
20210910,28.31687759262326,79.45059832656611
20210913,38.544111776598164,76.38214462749046
20210914,45.491086468313924,71.11903710342897
20210915,51.67554355903798,67.03775290979745
20210916,59.42182735679824,63.849537466331135
20210917,31.610897628003713,61.24059046691326
20210922,8.92697027760015,58.999519243906576
20210923,-10.348921212365374,57.10909594154846
20210924,-26.068046018469666,55.2723475135945
20210927,-39.17678342398635,53.639859868444034
20210928,-50.152015192464674,52.443122247916826
20210929,-59.49666990713036,51.795432457739544
20210930,-67.0339292707865,51.190566609517305
20211008,-73.62323540528662,50.863269720959046
20211011,-43.26930183064991,50.63851475267876
20211012,-18.746308234217853,50.482987275952645
20211013,1.3200256372950174,50.54332784396558
20211014,14.988224889751194,50.595924447640755
20211015,25.851138992172935,50.22944581363274
20211018,33.367935067536216,50.08048754655472
20211019,39.419844464706244,49.75064975744774
20211020,43.24018195174354,33.02674185387462
20211021,46.94071565230051,17.956395548683947
20211022,49.94504630966651,7.107690573857948
20211025,52.383192239408494,-1.7579694985831973
20211026,54.43252082462356,-8.930155985192405
20211027,33.42643378590652,-14.320034372223986
20211028,16.2639008750196,-18.911355954115727
20211029,2.2712600265861806,-22.686523194813844
20211101,-9.131707721254598,-25.740662125964228
20211102,-18.40356395115891,-28.218100007275527
20211103,-25.668063510080863,-30.175311292282622
20211104,-31.344085163706026,-31.63435990673494
20211105,-36.034773482542306,-32.346629448021936
20211108,-40.22804474964496,-32.92205644727219
20211109,-43.679556436180036,-33.52299664077946
20211110,-46.51867383117119,-34.06101769740788
20211111,-50.25292923387314,-34.253729328976576
20211112,-53.915121490550845,-34.79990468383007
20211115,-59.71136674808993,-35.43090487220691
20211116,-64.4435860531395,-35.888162881370995
20211117,-71.77371089840331,-37.0560466114939
20211118,-76.49734202580738,-38.069812785237524
20211119,-48.22578197030791,-38.985597693199736
20211122,-25.107025050122715,-39.772221438421234
20211123,-6.367810841855804,-40.46453280752099
20211124,9.859756158284736,-42.13314562725612
20211125,23.014590019117087,-25.575561609250812
20211126,32.96086244428529,-29.381540486370287
20211129,41.12355386985131,-32.53206230933719
20211130,19.666082000896886,-35.123874955976426
20211201,0.6023216130126399,-20.191426477105487
20211202,-15.214845315670193,-25.298585755050315
20211203,-27.89744099175395,-31.58695167034026
20211206,-38.291822515549704,-36.793336595844686
20211207,-46.91527966033494,-41.032068016681514
20211208,-53.9748240794408,-44.51004330021259
20211209,-59.742648406274874,-48.106324580135976
20211210,-64.46395370235169,-50.966177323901356
20211213,-68.37630352819582,-30.420003744131364
20211214,-71.45029683330813,-12.546015638368498
20211215,-73.55203055590516,-22.343659293518357
20211216,-76.10504761829877,-6.218952785284533
20211217,-81.60980990549488,8.175248856430578
20211220,-85.6734712300396,19.9131180606059
20211221,-88.70954099098137,29.515746063195856
20211222,-53.956468636388635,36.64331201453794
20211223,-25.16077078466039,42.640517923300244
20211224,0.47658566513167083,49.61294787340207
20211227,21.533835149030768,53.638785128071035
20211228,38.487197993314076,56.93386989943809
20211229,52.25855074466178,59.77912826070604
20211230,65.29118664026343,61.88679265965129
20211231,76.90600278220457,63.59400302460838
20220104,85.8043296366504,65.29104280052879
20220105,93.0394092643291,66.64333851615841
20220106,98.2157767518071,67.54701400332694
20220107,102.48181242096473,68.02839367139977
20220110,105.93177973810043,68.42076905501018
20220111,108.74288953033057,68.87044696303309
20220112,108.98416643598432,69.30551657012525
20220113,110.88106684612632,69.80995311717663
20220114,112.72085951589007,69.89659263594257
20220117,112.12978249863792,70.95753595928437
20220118,70.99365253236017,72.03286929771953
20220119,36.64914354507036,72.871995963707
20220120,49.91679802460624,74.25570311086052
20220121,61.00933893180334,75.4950975361892
20220124,69.47181594894883,75.63386171527993
20220125,38.1846259909173,77.87901871639036
20220126,49.391431507999116,78.80206589988254
20220127,23.00764050703643,79.53321450445479
20220128,1.6143823250459388,81.13723819957346
20220207,18.625495573513362,82.23051954350385
20220208,32.9176949344876,83.20653216080744
20220209,44.696778710083166,84.00914610340456
20220210,50.74203695158974,84.43545109740663
20220211,54.61020438339821,82.9758967398729
20220214,57.769764271308816,81.778732752571
20220215,60.31188391964459,80.95733643580077
20220216,63.10753080307341,80.2301084444893
20220217,65.37287531961834,79.99669990822096
20220218,67.01792782639878,80.08768626938505
20220221,69.07003700102143,79.73433247805256
20220222,70.66449147263019,79.2059548875719
20220223,71.95539097558164,78.71999955525149
20220224,44.20878562739627,78.38923959224857
20220225,21.53358281106087,77.21309044229218
20220228,2.6940947838087617,76.93688885628492
20220301,-13.240102381349853,76.53859911741763
20220302,5.290976403146389,76.87817465857263
20220303,19.961629118262824,75.31954851899812
20220304,32.0058217066881,74.11452194447499
20220307,40.10961419667752,72.98030293790535
20220308,46.22840677458222,70.36163519729321
20220309,50.59615475601555,48.948005882210076
20220310,56.73733550093836,31.19475973160377
20220311,63.19655783001688,16.47581998046852
20220314,35.029292913912236,4.452560509226146
20220315,12.047625095247243,-5.320029409992195
20220316,26.248551820156422,-13.118690145420478
20220317,37.96595603676532,-19.42196074398868
20220318,47.680518094366086,-7.52720246994016
20220321,55.80236120786721,2.204666412242986
20220322,62.61294176894212,10.236755359175387
20220323,68.2112671397013,16.811718852611893
20220324,72.94776686369028,22.19937592400633
20220325,76.94516808682457,26.796274614028167
20220328,79.8285714477534,30.65751847911248
20220329,82.00628176989879,33.82929575684727
20220330,83.69981180187054,36.4716065111899
20220331,85.93460180353607,39.42373420029712
20220401,87.75302664220412,22.6442176694994
20220406,93.8602456334248,8.572371640522546
20220407,100.19525650333361,-3.2553273048840876
20220408,108.99053439328954,-16.984405363819654
20220411,117.34835970750783,-25.841251093646402
20220412,124.24881325622474,-33.40023094677839
20220413,129.4783228958184,-39.463153644121995
20220414,134.81820681092537,-44.51383081021664
20220415,139.0523821053439,-48.54144847929298
20220418,142.11031225843132,-52.03211858702493
20220419,145.32839505238886,-56.33653819930936
20220420,146.56061034601845,-60.29125476940252
20220421,147.63801514162537,-63.55941046584437
20220422,147.92638468191896,-66.20223572202993
20220425,99.09323781462503,-64.65041806676422
20220426,59.14687460748888,-63.34796848085929
20220427,25.82865097676652,-62.2369435519344
20220428,-2.124350514649707,-61.2046258566845
20220429,-25.654252000049382,-60.36061575142645
20220505,-45.05111371505376,-59.546421619744024
20220506,-60.050502706177404,-58.57365736908704
20220509,-72.54303549877362,-57.75615970811856
20220510,-82.57701271756089,-57.605550127154395
20220511,-91.15110038357457,-56.97938286122327
20220512,-97.79577575731136,-57.47034495601148
20220513,-103.16773552243602,-57.67748383535876
20220516,-108.59851608246831,-57.77966937156865
20220517,-112.32168794211586,-57.85689523516167
20220518,-116.96912185774092,-58.37470985147395
20220519,-120.47605570628117,-58.630930344069164
20220520,-123.12209018716412,-37.28826559241292
20220523,-125.48545376104403,-19.84013965413593
20220524,-127.41817215522588,-26.65003516670256
20220525,-129.94129120441877,-11.31636966229794
20220526,-138.90663144050492,5.680266584029607
20220527,-84.68117016252059,19.128269693192923
20220530,-40.30798397320092,30.142142874521532
20220531,-4.166893411023226,39.27735183349134
20220601,25.05240670503118,18.770538676265414
20220602,49.94367893729725,28.559878719102386
20220606,71.28951947387587,37.699028794806814
20220607,90.49630755974036,45.24155166084505
20220608,106.1018220732727,51.412238759703015
20220609,119.09271140622492,57.412029918508715
20220610,133.1590896156433,31.673775061128666
20220613,78.63290237503968,12.376911044957428
20220614,34.05588455813254,-3.767891878674009
20220615,-0.3575732265291345,-17.081542950410626
20220616,-29.10837033136209,-27.747305149378015
20220617,-50.848588085163136,-36.57109802474765
20220620,-63.180303438508936,-43.947529605911754
20220621,-73.37108802564882,-49.42977506145144
20220622,-80.7296111669954,-53.98822168430124
20220623,-86.66694872785395,-57.691115397034295
20220624,-85.76350312520496,-59.70098641375049
20220627,-85.52637395448497,-61.31129825063729
20220628,-84.0639990155108,-62.08859374769248
20220629,-82.42594719737293,-62.71593424550581
20220630,-80.81963504833661,-63.80751399941019
20220701,-78.4770336389994,-65.5192134314079
20220704,-76.85447044117883,-67.44748854376653
20220705,-75.58163659535613,-68.23189067624004
20220706,-73.45383953289169,-68.94393873228528
20220707,-70.93583297933996,-69.61411354044245
20220708,-68.69624786041092,-70.16350584354618
20220711,-66.86879791785601,-71.8354009014333
20220712,-65.349213972016,-71.73948694883498
20220713,-63.98247913576736,-71.350599964645
20220714,-62.94885255204825,-71.39138860780797
20220715,-61.623507559871456,-71.43871569367414
20220718,-58.269554891274986,-69.01895107412162
20220719,-55.557438612745074,-67.24824578963121
20220720,-53.15311817171497,-65.98470817734238
20220721,-51.18112843152673,-64.9587480311395
20220722,-49.89261888094665,-64.76858655586051
20220725,-48.84227330260352,-64.8960451090233
20220726,-32.291519608099634,-65.18742931659699
20220727,-18.641091780953275,-41.26892028999759
20220728,-7.7739867416331325,-23.320163621978047
20220729,1.502964503755556,-8.577288415224414
20220801,9.126948927460347,2.843779122879581
20220802,15.3598637562869,12.660332311015821
20220803,21.246293377353698,20.654724054355604
20220804,26.023724656883594,27.188883098423634
20220805,29.62398029172963,32.27696822034732
20220808,32.584633388617426,36.500222970867824
20220809,35.25847788509829,41.08410708663884
20220810,37.800654854826966,45.52746815265719
20220811,39.763950022734775,49.17046896402988
20220812,42.59206229966967,52.25396768166842
20220815,46.30031973736584,31.162168963097347
20220816,49.47043202221768,14.00447592644247
20220817,52.127841439701875,22.40762637054987
20220818,54.25441973109143,7.760165616216436
20220819,55.989783214432016,16.9125162979489
20220822,57.33079569081515,24.51443269580733
20220823,59.588837283103295,30.8242853268295
20220824,61.6839331164069,35.639034579963685
20220825,64.38116269684825,40.79099481202441
20220826,66.31371272294116,44.99791708419889
20220829,67.28947910391153,49.63587927568761
20220830,68.22758620725588,28.19684024324786
20220831,69.14161644290982,10.532928257400597
20220901,43.64483386704334,-2.8746804087128437
20220902,22.28565733802561,-14.081547896650633
20220905,5.180555031290841,-23.040261171676622
20220906,-8.365041130094923,-7.356829110248488
20220907,-18.98279882508238,-17.45394828244368
20220908,-28.712474256033865,-3.16469906509908
20220909,-11.801993701460896,8.155501261878392
20220913,2.85555137052494,19.195364152799645
20220914,14.577357094570154,28.254456722762214
20220915,24.16956082827197,36.27533534798173
20220916,7.295946339139233,43.36680507723662
20220919,18.661119889233994,49.189643431029324
20220920,28.175996016972473,54.04567752217418
20220921,35.98023757896976,58.078051228694996
20220922,42.385416203155515,62.531973538128796
20220923,47.631779193495206,66.37128393236615
20220926,26.780599088587376,40.97645346106304
20220927,9.628246118736806,20.328903498174665
20220928,-4.375992374673831,3.415307231265036
20220929,-15.525210268965472,-10.332273415452212
20220930,-0.07117760699576214,-22.68323412787455
20221010,13.286407665765756,-4.57679049754584
20221011,24.18650657647951,10.494169833611496
20221012,33.549948658649065,-5.687835456485277
20221013,41.906719816825664,-19.225650103860936
20221014,48.02874511560947,-2.01277441402993
20221017,54.926412867247166,-15.25301313786789
20221018,60.420452815436796,-26.20874395592393
20221019,65.34574448572667,-35.26561455693864
20221020,69.3823957410079,-14.764781915586346
20221021,72.55725909923052,2.0741930567447224
20221024,74.48131747278937,15.842174946916884
20221025,76.07830503430662,27.116577028935144
20221026,77.27269507064443,36.192260385364854
20221027,78.14851114086059,43.584384736315656
20221028,78.59921891048229,22.664979241770908
20221031,81.29080331466267,5.546317986383455
20221101,82.65403298723842,-7.840608604421804
20221102,84.18077606683417,-19.2184848662441
20221103,85.70173177092774,-28.357664644538872
20221104,86.55679263694839,-10.618538640418018
20221107,86.14692091843223,4.255029135175852
20221108,86.37566423607835,16.316934361317806
20221109,86.35078231369137,26.1133785237972
20221110,86.64601990626277,34.09747228095712
20221111,87.70284740046883,41.68412158989553
20221114,88.62467107393066,48.994985072651346
20221115,89.84458848100826,55.056345681744716
20221116,90.97695655544747,59.998692368476036
20221117,91.73148919302692,64.10472547886735
20221118,91.56826259293469,67.3169838580624
20221121,91.57877656887095,69.38691557660604
20221122,58.68104708884944,71.05445443449919
20221123,31.870048139690436,72.5371525374296
20221124,42.501051613170674,73.67228217185357
20221125,51.69279578632604,76.08356116277118
20221128,25.8183721525695,81.89460672980296
20221129,3.9233993401047886,87.24811542440598
20221130,-13.779346408336412,90.39385491294567
20221201,4.780274287946956,92.33940794900434
20221202,20.435836072449362,94.88473915038877
20221205,35.25732831425312,97.41353135577332
20221206,47.07548185123301,99.22459367559807
20221207,19.64248613332793,101.09370867120464
20221208,33.97019565901469,102.71002081069932
20221209,45.89112622650881,104.36445731482489
20221212,54.866287636272155,68.48735109024956
20221213,62.24615223002231,38.9114200824949
20221214,68.29153878048521,14.749303370506755
20221215,73.01329744092317,-5.191755544739096
20221216,42.53987180599427,-21.93902733087526
20221219,17.125333968908972,-35.90115394067252
20221220,-4.129006788878092,-47.31295447386949
20221221,14.692925529813337,-56.61491039161098
20221222,30.151960850861737,-64.6755018701678
20221223,6.761461439077387,-71.43840703695908
20221226,24.44642725526859,-77.47764209125586
20221227,39.86208896519968,-45.70898914292383
20221228,52.82045637522642,-54.53068120298295
20221229,65.8798073625556,-63.073822431796884
20221230,76.71410346382044,-70.32120473345812
20230103,40.41396107752891,-74.4095176186077
20230104,12.965911480822493,-76.54527984508617
20230105,-9.510261714322786,-78.2054018852207
20230106,-27.69352741705508,-79.77203965517982
20230109,-3.1313936289138313,-80.87315121174537
20230110,18.270393918617327,-82.85933457333036
20230111,33.348378616023936,-84.40824803237838
20230112,45.48811998689937,-85.5858549332697
20230113,55.87313296274052,-53.815711786487185
20230116,65.31454482856445,-27.79852454464088
20230117,72.96172393376887,-6.246670554762229
20230118,76.4597625101598,10.082109591209884
20230119,78.96951040545459,23.44595681782546
20230120,80.84784201117368,33.49234866983059
20230130,81.59889971428014,40.391321809772165
20230131,82.31330469233495,46.00879588952223
20230201,82.87803679848392,51.47768158507442
20230202,82.9709411795666,56.5937013647144
20230203,83.00389995259958,60.87242269174561
20230206,82.83277862877637,64.35378073163179
20230207,82.88850351550639,68.94816293798524
20230208,84.38880171132317,75.39261583346274
20230209,85.80815979737856,79.39163354154174
20230210,53.0134524329593,48.45496663981033
20230213,25.749075989691637,23.226540814347338
20230214,3.4530593808772077,2.199409352604576
20230215,-16.852014743073262,-14.163758297260388
20230216,-34.00553622029226,-27.38030729968053
20230217,-47.85785200431979,-38.40796897478089
20230220,-19.439795379360223,-46.88638101165174
20230221,3.356894872180597,-53.90511312545458
20230222,28.384940432278874,-61.1981025718175
20230223,49.86952706296363,-67.17037925970445
20230224,68.87017541287469,-74.44697568707139
20230227,30.034118401631897,-82.76778800386613
20230228,-0.025252200953135896,-89.33058003476098
20230301,22.706559401675275,-94.75080334681746
20230302,41.98348323728997,-99.20878815797472
20230303,57.84871221713253,-59.94025879948581
20230306,70.94652613376157,-69.70405219764851
20230307,81.59295091464426,-77.72121023883935
20230308,44.09259145952011,-84.49066896169508
20230309,58.44946591228257,-91.08306466386712
20230310,25.798859579064704,-97.27172898959128
20230313,-0.7615819847294233,-101.58109880072533
20230314,-22.015541775268616,-104.60201548919821
20230315,-39.385101507153436,-108.66102753650361
20230316,-48.44487005811684,-111.33781973208444
20230317,-55.428938763034566,-113.29584699010069
20230320,-61.34325929773889,-115.58242333574763
20230321,-65.92575869554001,-116.68308562191748
20230322,-69.39339239149042,-117.4558714657996
20230323,-72.16071278143723,-117.86115930737586
20230324,-44.724305354188836,-76.0423113648996
20230327,-21.47930105017321,-40.3841188315279
20230328,-2.1587255278564497,-12.002032785282706
20230329,14.339793112057869,12.231077764040428
20230330,27.791028339259398,32.075963712541146
20230331,38.658949267594636,48.695851132807775
20230403,47.71973508627217,63.08524238077132
20230404,55.185588110101854,74.84610833871236
20230406,28.881332442324027,84.34801105385236
20230407,39.82494622781588,91.89590056936956
20230410,48.87955378331605,99.66907544548674
20230411,56.4284199682325,106.25796613704055
20230412,63.01278755064134,61.35795962758857
20230413,68.34376446200443,75.98701694637606
20230414,79.06418666489834,88.80977852307267
20230417,88.74221839444218,99.49675264263965
20230418,96.76238963352152,111.05511247889984
20230419,104.50868097522361,121.00591618628773
20230420,111.37780222790573,128.27211563245507
20230421,66.53644294708435,129.07338470267004
20230424,22.497345888703457,131.09514802920123
20230425,-14.58675327987875,132.64693895890343
20230426,-43.13454674458954,81.88357330403969
20230427,-63.82060993961918,43.02233523140571
20230428,-78.2048783133701,11.286490407861532
20230504,-89.8745885859339,-14.65268508019875
20230505,-99.43336607114851,-35.76376596588561
20230508,-105.66783581136495,-52.38058056782902
20230509,-111.07264504716707,-65.33334062485557
20230510,-116.27016672681076,-76.32485577080237
20230511,-114.41143773580455,-83.87598570633166
20230512,-112.66567051312443,-89.86865727815413
20230515,-110.87318789651283,-93.29754828604091
20230516,-109.49735714360389,-96.24952114143724
20230517,-109.6912987674452,-98.372771097662
20230518,-107.36497397033834,-100.02668831825035
20230519,-105.47569465392405,-102.5327726327986
20230522,-103.6996067547438,-103.4867666284817
20230523,-102.08603096279587,-105.17215242380534
20230524,-100.91683226379841,-105.17706108386035
20230525,-99.93681325504086,-104.76404025618842
20230526,-97.49289836493895,-70.85366544015471
20230529,-95.30358347423984,-72.72129764228507
20230530,-93.8488745385807,-74.72174356185346
20230531,-93.3052838699322,-76.33646334839237
20230601,-60.325599609701236,-47.9261166704373
20230602,-33.57280133388208,-24.817705148534447
20230605,-11.464848217436554,-6.8063166776752775
20230606,6.322871577513365,8.112407708659118
20230607,20.8930442914015,20.321269925861273
20230608,36.33512916516963,30.706249617331338
20230609,49.74756592263599,39.22384729797524
20230612,60.62790732657173,46.10104615211143
20230613,70.19504621588366,51.63379263853434
20230614,77.94816797240347,56.37276808010689
20230615,86.50324505719969,60.25724258316865
20230616,92.79459356420206,63.23525674538453
20230619,99.27724563794234,65.95285501934899
20230620,106.45103459084673,68.18162569480619
20230621,113.47505797656966,71.38088126076981
20230626,119.08833629981392,43.4836361584013
20230627,127.48676284155839,53.142936026280445
20230628,133.38902145741625,25.546654071449208
20230629,138.09733719527873,3.0307493368784635
20230630,141.929489361495,-15.413190912705522
20230703,144.26206670282704,6.301782438840306
20230704,146.55110129810032,-14.021129265375716
20230705,149.05883479182825,-33.20592986867751
20230706,152.7601684522892,-48.85871798472681
20230707,94.54187402042231,-61.65781650334153
20230710,107.78574342287723,-71.92240024024747
20230711,118.77478978770806,-36.90101140020234
20230712,67.05819765904249,-6.765818319510556
20230713,83.16505327015987,17.20831887523606
20230714,95.41774444397456,37.777721105288826
20230717,104.18768776949753,54.46928233331184
20230718,112.98645946642483,69.4846388495357
20230719,120.14794550582731,83.40987692218516
20230720,125.75427531993905,95.1515870426877
20230721,130.61831562114133,105.83464609030919
20230724,134.66550565344292,119.29215750880071
20230725,135.97096398050235,131.24045767978743
20230726,137.88312772195985,140.55296773139028
20230727,140.3009351917454,148.84458304637232
20230728,142.28188489240205,155.3781581530823
20230731,146.65777972204174,161.4564391804858
20230801,146.9242723028925,166.42414512889036
20230802,143.50988700971004,174.16229303176524
20230803,139.9096564480542,179.2803018497006
20230804,136.78918195084478,183.81988588309304
20230807,133.94321010316895,189.03544419081084
20230808,87.59986084882614,195.59166002928788
20230809,49.40177139887727,201.3477798686088
20230810,16.704887566543302,213.28089350695663
20230811,-10.873949620817735,221.05651640988384
20230814,-33.97274778015137,141.16721961732225
20230815,-52.09193792418884,148.3850065312575
20230816,-65.12096244070038,154.2047049352166
20230817,-75.4609182959171,158.97093387413662
20230818,-84.02591225295522,97.57160324343945
20230821,-90.89460487907269,111.87632682206316
20230822,-97.77185908664018,122.62762561173142
20230823,-56.97572267785238,131.6131040309682
20230824,-23.58392730455853,138.47321618145347
20230825,3.749195367202477,144.20370046281107
20230828,26.51620854682049,148.92173676769517
20230829,47.96435855999807,154.72427921876402
20230830,70.25743579918249,159.18259517067972
20230831,90.31648768992933,161.10858652090386
20230901,107.58593778996286,157.8678943774002
20230904,121.39306960118738,150.6832564298588
20230905,132.73471845488697,144.84765164250567
20230906,141.22623231945153,139.84593888113324
20230907,147.62857182302727,135.83604225852534
20230908,89.09496760643798,131.62482226285331
20230911,104.7028979152188,129.09462576865965
20230912,119.0381288917057,128.02252508523668
20230913,140.23257595722677,126.57971984441573
20230914,158.39151255836046,125.05464238442227
20230915,172.67617844259257,124.10320750528366
20230918,184.65796143628108,122.62217637256664
20230919,112.88459885907228,121.90128407338221
20230920,52.054495330178916,121.35884222964178
20230921,2.7289267866822144,121.25141882227399
20230922,-36.86273232187269,120.66129705597933
20230925,-68.32660105676673,119.83185746453451
20230926,-93.67430649829143,119.15327335861895
20230927,-115.11205538307364,118.63548842456566
20230928,-131.7312970917848,118.83142819995729
20231009,-146.14985810466084,119.59343356450779
20231010,-153.05639766264457,72.09274009738023
20231011,-156.7784366297335,33.43706540386064
20231012,-161.44227426186046,1.2098387275514202
20231013,-164.61200437501006,-24.197307037345137
20231016,-167.4822386461949,-46.68745989657819
20231017,-168.63001027214582,-64.71009504646794
20231018,-165.69201220659977,-79.22369942611182
20231019,-163.24030013246986,-91.51118636253507
20231020,-161.92246445053397,-102.89480519351285
20231023,-161.50863891668467,-112.04015097824711
20231024,-157.51184064474762,-119.94733606377355
20231025,-103.52559333837353,-72.20540757275599
20231026,-109.82453728421471,-33.07201931250538
20231027,-65.14520014426732,-53.145739432861376
20231030,-29.040509620187027,-18.958000202479358
20231031,0.7692749878948053,9.190754636122946
20231101,25.7663655631738,32.21005630074128
20231102,46.30458545996468,51.25820902596956
20231103,62.98126485045131,66.87158994676055
20231106,76.59689036276964,82.65264438021642
20231107,90.67446696745841,96.49786369270272
20231108,102.9360619031694,107.79092999400399
20231109,112.34564267387461,116.19167358909677
20231110,121.05930393058188,124.4772454846747
20231113,128.24022464355383,74.8912839413153
20231114,137.29394841126552,32.42349813269113
20231115,148.4929038380179,-3.0778038839042168
20231116,158.41432674633896,-32.22700357141864
20231117,168.26916706863895,-55.5964269438801
20231120,179.44116550420065,-74.66408649918215
20231121,196.47174316114103,-90.38926566073165
20231122,211.89255507354488,-106.20043539763817
20231123,228.62136490142197,-119.15719397616097
20231124,243.44451805112885,-130.0755120869665
20231127,260.784547121577,-146.19333968845365
20231128,268.4279120492918,-158.66631772511457
20231129,271.6298372905171,-162.06241083266588
20231130,274.2553867479334,-163.94155305067335
20231201,278.2488206169399,-165.38452496637495
20231204,281.90794849442386,-166.3125360487525
20231205,275.2758810494474,-166.21139389186962
20231206,269.70343024758057,-166.8611893727568
20231207,178.93721701892514,-167.841287445519
20231208,185.5336746800394,-168.1589045942905
20231211,190.16594436693657,-170.53920724826082
20231212,193.8453513487696,-172.99183563744592
20231213,121.14279886221179,-174.74984709400147
20231214,135.43590795859507,-116.94704578665221
20231215,145.95308591977422,-69.71561509600451
20231218,154.56986091675543,-31.80323839484298
20231219,162.5893357673079,-1.2539540017058468
20231220,167.78685139583533,24.158290407082124
20231221,172.29877816544627,45.0060518068089
20231222,176.2646803382009,61.34396237792892
20231225,179.5079933150393,74.93946045273742
20231226,183.68836302904438,86.15706783608678
20231227,187.8158343427083,99.90230050023168
20231228,191.2324017586461,110.11329466835792
20231229,192.31149084852188,119.03050809306217
20240102,193.4841597942539,124.65068095420074
20240103,197.7452178663875,123.98346733967955
20240104,122.84922682039193,122.79823143754207
20240105,57.21681384478506,121.91548144933147
20240108,0.09625069029308722,121.04063031030479
20240109,-48.734936392449974,78.11175106852615
20240110,-86.24869054276421,42.983400273991094
20240111,-116.02621565104653,13.795109762885453
20240112,-142.8045848085419,-12.285243171016617
20240115,-164.26859714050144,-33.02423629796081
20240116,-181.31816146648808,-50.53990962937338
20240117,-195.5406667651365,-65.37551021870112
20240118,-212.7628560066555,-77.67564762999125
20240119,-227.1690672419518,-87.28046118919595
20240122,-238.37927207537692,-96.16675063873161
20240123,-246.24971571254238,-103.4739031201962
20240124,-150.58949955529036,-106.2350389739991
20240125,-77.61817018562218,-108.2752093758137
20240126,-17.764388859111175,-67.2298724553095
20240129,33.98293564220767,-33.66223416789296
20240130,75.60299603125745,-50.69173063675952
20240131,109.99028833948422,-13.605526357527966
20240201,136.66889675159138,-39.12674707061106
20240202,156.06014902779438,-59.74614120029113
20240205,171.99528231232352,-76.6300746981206
20240206,99.48160115970862,-91.50815511799566
20240207,37.955747619799446,-46.103414928068744
20240208,-14.78599931869718,-8.769205344887103
20240219,31.420922036143725,-35.5018499958761
20240220,-22.0452535734055,-58.01140189998103
20240221,24.402692883815014,-21.311096152956754
20240222,62.50082669373172,-42.77330067679819
20240223,93.73687933663096,-60.294809523951095
20240226,117.82449915286736,-75.23903314041549
20240227,137.4875622451329,-87.4549556606582
20240228,71.99601866871203,-97.37331451185634
20240229,99.6136957574512,-48.43504290506489
20240301,125.14920953016959,-6.634244152545042
20240304,145.23179999971666,30.413291289800462
20240305,161.57344495066127,60.90752770001014
20240306,175.44066898657545,86.2179698569887
20240307,186.27207989413063,106.737307726296
20240308,194.6168417583729,124.75502547646666
20240311,200.05274888246942,140.7378334626294
20240312,203.32714996480314,153.79368765283502
20240313,207.5995439860906,164.35105001743193
20240314,202.93963222473283,171.9472276843866
20240315,192.525685771615,176.1734910415204
20240318,183.29427414559197,181.6003192942137
20240319,175.83998583117136,186.77331040119088
20240320,169.65687695033944,200.0534514573215
20240321,164.13846691130954,211.00380360292147
20240322,157.0267555607785,217.24021123245782
20240325,151.611404108024,223.7660632051327
20240326,146.872673009257,229.11552906631763
20240327,143.302812124979,232.43346957774926
20240328,140.2861225395907,237.4176614856147
20240329,137.89677547544653,234.47844787986287
20240401,135.68962187139917,232.12410259800296
20240402,134.07564780311114,230.20569213541145
20240403,132.35445167834396,228.23821870333055
20240408,128.63796225883306,221.3149480216702
20240409,125.59289311480511,215.60579865387575
20240410,123.95715670944152,208.1904923141059
20240411,121.68124145812936,201.63635389988391
20240412,119.77460517507326,194.1399112533185
20240415,119.21470442697934,188.51383521224543
20240416,121.66484602088714,174.80986706812791
20240417,124.17786844874612,163.34856926979657
20240418,122.28531258059367,154.17748731883455
20240419,121.14973487540134,146.21485702734134
20240422,120.32739450685833,139.87572270969065
20240423,117.97145889941403,133.07554709778026
20240424,115.17371911661172,127.51397622708765
20240425,113.2073191142898,122.53379526906622
20240426,111.50116567905377,118.5954673116095
20240429,109.79778813737124,115.12046065650627
20240430,108.10926810386833,112.72819159447415
20240506,105.55081782267989,110.5972337818416
20240507,102.67647348150334,108.57738492751496
20240508,99.604192248908,71.30358867509874
20240509,98.15058949728227,76.37060827721726
20240510,96.33495794336996,80.3932978353063
20240513,94.96083679268291,84.16636171518249
20240514,93.81889507796092,87.27577955216138
20240515,92.69022232254582,90.77945368702119
20240516,91.75836912233846,92.72981858668945
20240517,90.3820050867866,98.55468209101214
20240520,86.64302149243258,103.76617981644854
20240521,83.8991576461011,107.83016066941866
20240522,81.31298227796768,110.48441126344427
20240523,77.23668006679812,107.75311892830534
20240524,74.33256633593454,106.78222661344523
20240527,72.08835295575422,105.98628473636076
20240528,70.19343873667945,105.13927931453172
20240529,68.67019944942466,103.6882105777158
20240530,45.96135771213071,102.69800248264109
20240531,27.21722157602157,101.83227516652367
20240603,11.90757804936348,99.90075057230928
20240604,-0.6912280529682127,98.15217677531835
20240605,-10.643157678374703,96.4572797028044
20240606,-18.625965401929527,95.12314850937392
20240607,-25.359581397235065,94.06389908483251
20240611,-30.556187456721005,61.38049357282358
20240612,-34.980519731165444,34.74494899003064
20240613,-38.608651607987696,13.14561717249789
20240614,-41.61105407887119,-5.021119492115198
20240617,-44.29554087635882,-19.596394671465262
20240618,-48.77011405314491,-31.407272540353713
20240619,-52.15217344689797,-41.18799980796271
20240620,-54.84039462779339,-49.71276468820779
20240621,-59.02383629819715,-59.49852902478807
20240624,-62.879750668146364,-67.52439713877295
20240625,-66.03194135163349,-74.17874119230858
20240626,-69.30450259566464,-81.00419550663648
20240627,-72.44968040061251,-89.12799213772222
20240628,-76.86514253427161,-95.07462142360201
20240701,-80.48225098898962,-99.89066011273206
20240702,-83.38079475923684,-105.45821370373162
20240703,-51.22812998448898,-111.50855509659648
20240704,-22.611009360703218,-118.12598054237907
20240705,1.9828662966857111,-124.79795242522054
20240708,22.083540789878416,-129.89013065511642
20240709,41.40112074466128,-75.85292280704756
20240710,56.03251184032495,-88.16494923461642
20240711,67.85724044098079,-98.32381596697513
20240712,34.399983589674505,-105.85579154853058
20240715,51.8409360771905,-115.08609625797804
20240716,66.07247063276513,-122.9103045622318
20240717,30.662500453263185,-129.6467153100654
20240718,1.3848100471951954,-136.21867415167407
20240719,-18.655264001778175,-141.2918925166275
20240722,-34.57267733262288,-144.8679593271802
20240723,-46.902055990489885,-147.1787309167923
20240724,-56.78389036694485,-148.8494083592843
20240725,-62.89656709485832,-150.11370816176054
20240726,-67.3872074846915,-152.0829526541997
20240729,-71.06061793726066,-153.85790346307215
20240730,-74.3891994483416,-154.54014801993472
20240731,-76.85203649316404,-153.2276756019552
20240801,-78.81524476495487,-151.11231546080762
20240802,-80.3920227169374,-149.43651363959611
20240805,-80.96884246683346,-146.1717944577808
20240806,-81.4108003686778,-144.57206165549914
20240807,-81.35604022604043,-144.40092460612766
20240808,-81.53311928963674,-144.8791869410394
20240809,-80.84999111104817,-143.72588165910065
20240812,-80.26882923349105,-142.50643918447946
20240813,-79.72315541772916,-140.9684370052699
20240814,-79.33856717740562,-139.7880378808633
20240815,-78.53313206763531,-91.32932916647384
20240816,-50.410470939126384,-52.269829886491685
20240819,-27.12581441399192,-20.562948245061833
20240820,-7.682147081993734,6.006312042856958
20240821,8.260197207094432,27.35615643498074
20240822,23.358870343882657,45.5908337929759
20240823,36.478027445075554,60.28824111281829
20240826,45.42588773814142,72.26403379792605
20240827,52.98548361479268,84.38992232004391
20240828,59.661770238577695,95.03730492600708
20240829,65.097617385621,102.27633976307729
20240830,70.31408525519791,107.87342012314228
20240902,76.19650092725983,113.19942677000165
20240903,42.026058922992114,67.28811773060129
20240904,15.54733002436032,30.418594752916604
20240905,-6.666184087042494,1.132219300608866
20240906,-23.53655682985108,-23.390217548596397
20240909,-37.14277009675856,-43.23289748675655
20240910,-47.89829110537726,-59.79916913211565
20240911,-56.77553862705591,-73.30401303882198
20240912,-28.577031246809124,-36.40012115047769
20240913,-4.438869556694267,-5.481473645421853
20240918,15.037966939926516,20.042614166213905
20240919,30.025016053322037,40.056369088139775
20240920,42.280683195298266,56.75339244673788
20240923,52.0127955665569,67.87525765883872
20240924,58.967859171672,76.02635703891268
20240925,66.41638158475587,82.87914295291738
20240926,72.3711515676748,88.38522626197638
20240927,76.97126194589352,91.64387574699667
20240930,81.01522786596225,95.10174183303458
20241008,82.45068286156841,97.86111658159902
20241009,84.01526013624108,101.79412094482659
20241010,85.37289606359577,105.21262058492964
20241011,88.08578757186787,108.43405562656753
20241014,90.50825691662993,112.46276179716007
20241015,92.7320775686276,113.39718332280103
20241016,95.26742750496531,114.73760414287051
20241017,59.013908238703095,114.67616272663552
20241018,66.63499554287645,114.58440712778771
20241021,72.7633200622217,114.36850481085868
20241022,77.38057172612254,113.79723410437748
20241023,45.61706654954126,113.57463248989198
20241024,18.734796288372376,113.31033553251567
20241025,-2.911311541432824,111.26446244163664
20241028,-20.78590229718872,111.55446368699151
20241029,-37.301073505450844,112.06850942731819
20241030,-50.942876761134244,112.49264321011543
20241031,-62.622894455643035,71.7470306076224
20241101,-73.89275972775239,80.37434093896888
20241104,-39.20368917827335,87.40414105015923
20241105,-7.489069243914591,93.22563198110807
20241106,-29.5210225179789,98.30968308878806
20241107,-48.19742670127383,99.31568013925825
20241108,-15.883466281179164,100.18614030105421
20241111,-36.333860444462424,99.73389565344463
20241112,-52.30122554168173,65.20687589423679
20241113,-63.98874510343242,37.05598709886184
20241114,-72.85859378706103,14.005024737955207
20241115,-80.76885946640756,-4.577911054398764
20241118,-88.36682152387021,-19.908792295492272
20241119,-93.92747921999043,-32.44793828198265
20241120,-98.41568442602048,-42.34320767670722
20241121,-102.29853932413147,-50.83357524854574
20241122,-105.32420443711086,-57.96767933010168
20241125,-107.90580313044441,-63.6050826764937
20241126,-109.97024513798281,-68.26645922427083
20241127,-111.3912275709669,-72.13415194398571
20241128,-112.47806600722727,-74.59989299366109
20241129,-113.33308468810486,-76.44565372227875
20241202,-115.71637416548465,-77.99685414733784
20241203,-116.83656754996011,-79.48925679909793
20241204,-73.12323206027467,-80.37437314827635
20241205,-37.32646194908931,-83.24602777739122
20241206,-7.3382232208286045,-86.25899334444019
20241209,17.498023284905152,-89.25675648363396
20241210,40.368216370541525,-94.19660303275896
20241211,62.558854825278374,-98.23665833561907
20241212,86.90553764561976,-59.08909681059947
20241213,105.97164907246338,-69.92155794257818
20241216,52.83887097934982,-79.90292410651031
20241217,7.50096604966843,-86.79504437116626
20241218,-29.108072893098633,-93.71485048434255
20241219,-59.166307800446205,-99.3789273402092
20241220,-87.09307312196717,-104.99846671424162
20241223,-110.49079553791323,-111.04576611095688
20241224,-131.23651375106152,-116.00931048715834
20241225,-149.6774283350797,-120.0688076866186
20241226,-166.19574304388195,-126.60875504659549
20241227,-179.72071781954475,-133.56733957236582
20241230,-190.69587745865226,-139.2215491828934
20241231,-201.42816191866152,-143.8833312151918
20250102,-210.39875668061566,-148.26884826269094
20250103,-216.89812269335707,-151.65641092872764
20250106,-216.8254385301271,-152.6803222727261
20250107,-143.77659597794468,-152.58269531131518
20250108,-83.06074045097021,-152.32550727628728
20250109,-33.797329498493376,-98.71254961878252
20250110,5.780402648933932,-55.73090487877828
20250113,40.34466356124584,-19.707506205796395
20250114,69.85083679635405,10.306488055812995
20250115,93.31118848873558,37.990698495019394
20250116,109.01479165452119,60.15788043699172
20250117,121.95642860792013,77.77388660074668
20250120,126.98249849548637,92.29848922663152
20250121,131.1925084479816,104.49555348969865
20250122,134.62900219010936,113.95018900364146
20250123,136.42801269112593,120.04683739379986
20250124,136.2921099502395,123.72643125031796
20250127,135.8391696208199,125.70166615079023
20250205,135.30715177908394,127.26177905004988
20250206,133.34904691969308,128.34346804860633
20250207,131.89912749983426,128.30450597429888
20250210,131.27691278208627,128.59243351568492
20250211,130.91829270541822,131.88383200867517
20250212,131.5125549946382,133.9297032830096
20250213,131.69426186669133,135.47433137686792
20250214,131.7538498903286,137.24674888444488
20250217,129.69016303431385,139.60676028318855
20250218,127.96572365900903,141.72034910505164
20250219,126.55781852418187,143.46791902596325
20250220,125.30036440222712,145.25771636562246
20250221,124.75478551836045,147.00894996621005
20250224,124.37979478995067,148.5037153436174
20250225,126.22639977068758,94.1802315691282
20250226,127.767005446513,104.14599315199987
20250227,129.059501010564,112.77897619826588
20250228,80.39628014353143,121.68995512325168
20250303,38.85335669083404,132.78960906227118
20250304,4.527686232976389,143.9947732285856
20250305,30.638279733311094,82.37249907604644
20250306,54.51474425403984,99.92955641850013
20250307,75.96227974460987,119.11785391239027
20250310,93.50288706715882,134.98957184147747
20250311,107.81696267800947,148.74950307930712
20250312,114.45435637655534,159.75812776010036
20250313,120.38756594893493,168.6824555124364
20250314,123.68008510515385,178.19893340591284
20250317,129.96865450062757,186.42091369235075
20250318,134.95152954203232,116.6442055490512
20250319,138.45408694638525,59.457960718862786
20250320,140.86278099799512,83.07729385071163
20250321,141.14110436906856,36.0022474296308
20250324,139.38000213007953,-3.43061129279053
20250325,138.56889198256664,-37.45783052977716
20250326,137.8655236652453,-65.7957036844201
20250327,136.6694168719703,-19.301319795200293
20250328,133.52716988023195,-46.73846052026381
20250331,130.42140017441324,-68.7942784838099
20250401,127.85161814877428,-86.73832589225877
20250402,83.77795539963796,-101.07041548228509
20250403,48.50089398120567,-117.06076546625064
20250407,29.25035649660763,-115.0718511809661
20250408,13.495203573887789,-113.64402687827365
20250409,0.7610086306035327,-111.75205346906775
20250410,-8.39318169120843,-107.26392092370465
20250411,-15.884493844158959,-103.57157998099645
20250414,-21.981286908560833,-100.51206129513288
20250415,-26.970473564013723,-98.00089793009074
20250416,-31.03700446709421,-96.11080795843476
20250417,-34.375375082569256,-94.39374253682223
20250418,-37.16557161926259,-93.34703728569094
20250421,-39.33168047131355,-92.25208429892862
20250422,-41.283138109231736,-91.35940302422769
20250423,-24.759880711099346,-90.43683018917741
20250424,-11.24164397301075,-58.37170153901201
20250425,-0.18118100369137977,-32.153542089705844
20250428,8.940286579868689,-10.437106112801997
20250429,16.415546366334322,7.37050768796209
20250430,22.558785303942,21.976837759851474
20250506,27.576694149244528,33.87843306174046
20250507,31.764960209703005,12.446103798700317
20250508,40.602613542210364,-10.337057154634289
20250509,47.93662393125567,-28.916824189832393
20250512,54.957395296798005,-3.312741811770936
20250513,71.50840601528162,22.904099508471873
20250514,84.12336768053413,42.9631151681655
20250515,93.64122592227595,59.1693413002056
20250516,101.8807308032001,72.64347354367037
20250519,109.43636993123745,83.78881330930537
20250520,63.39349071118347,92.93762230909084
20250521,77.68477901521882,100.22487743003272
20250522,92.50968258280056,106.86333065150487
20250523,104.68793483522903,112.80681635673945
20250526,115.86766491716453,117.94484380727422
20250527,126.01080260184627,121.70455437466387
20250528,134.28901411571002,124.98123731372706
20250529,140.91532881568173,127.77001889680538
20250530,145.1658566782324,129.40803257929394
20250603,149.2558303405655,82.31138139511845
20250604,152.0879626460425,90.32134649776529
20250605,154.46079248028855,47.55684886835184
20250606,155.74450380598304,65.23230328961331
20250609,156.75181454793108,27.173120440866715
20250610,159.54877133850695,-8.647619342766108
20250611,161.59739119197027,21.05961435987851
20250612,163.8638169825341,48.17853502172531
20250613,98.60254368290661,70.54875609100323
20250616,115.02858323903943,88.99305701916647
20250617,129.2064959673344,104.07235594263098
20250618,141.2520987650229,114.57187561647235
20250619,150.4933139864651,123.37350225098636
20250620,88.6276508407771,129.93859816506395
20250623,38.242282636495126,135.54306632930513
20250624,66.09395791025439,139.92181475736766
20250625,88.7547593692657,144.41535527678687
20250626,107.20404429636227,147.9281056268704
20250627,118.45048253437005,150.54166041288602
20250630,129.21940734769734,154.0212746482475
20250701,136.52149884072253,161.31791848105948
20250702,142.93882789587374,170.1080842443083
20250703,148.24093122846136,178.5483867620657
20250704,151.28253568734957,184.6946935277287
20250707,152.97516328730111,184.5063428504783
20250708,154.0698747677635,184.30919104008913
20250709,100.51070070050322,189.3359906463673
20250710,55.802989618861325,192.32472318784613
20250711,18.354128917708813,194.7399647822147
20250714,-13.040561484353958,128.19551589657
20250715,-38.468665263472225,73.63380907037191
20250716,-59.530406369155074,25.95918291467617
20250717,-77.53561427783372,-13.108928258756132
20250718,-91.63032175583145,23.752938078421984
20250721,-50.256289210975815,48.200897527518215
20250722,-16.27000820788306,68.44784216554953
20250723,11.500911855862245,84.20426237207148
20250724,34.15235872502556,97.19273514379924
20250725,1.8604324456006804,108.4561293124172
20250728,-24.461831111312538,116.68226142025115
20250729,-47.66712997802677,123.51971211833985
20250730,-66.57006466045189,129.09981608728904
20250731,-80.55276507024979,78.01383729876358
20250801,-92.69924211621672,36.15412597401902
20250804,-103.0326500869372,-0.3904403578988383
20250805,-111.66329492391272,-30.875039537402472
20250806,-122.99502596439157,4.941689276296305
20250807,-132.2986524706209,35.53102113032048
20250808,-140.0188928591778,60.29623658715127
20250811,-83.82518685823783,86.73782669671998
20250812,-37.39209159094814,108.3414158442052
20250813,0.3536448928676766,125.93396776941674
20250814,30.51438428617944,139.67269821355015
20250815,56.24055769736721,151.3436370107382
20250818,87.14633574746044,74.4032432704651
20250819,112.43070274560995,10.526316058951132
20250820,51.13728855332089,-44.023393740161566
20250821,-0.11534664200762675,-87.66412075946982
20250822,-45.26770911582673,-20.611929148978408
20250825,-0.529913924987315,34.83201170918154
20250826,34.67798816804626,79.29020282693473
20250827,63.51270929995549,113.97680593311291
20250828,92.29461196842193,144.9967040427189
20250829,115.13751157017884,170.28364686910402
20250901,133.2421121668692,90.27705600053677
20250902,148.06697060261646,122.10978155810074
20250903,160.21474525183294,149.6216524637541
20250904,168.9780649959018,72.85406217645236
20250905,175.586234292331,108.16496868707745
20250908,180.55566641514292,136.97990537550052
20250909,184.62156542471632,160.62024501258705
20250910,188.59381480331638,180.25610066153877
20250911,192.76953482661176,194.7991045232269
20250912,191.93491840066517,201.25240988172845
20250915,191.23671251933865,209.8684792482123
20250916,190.66785255525002,217.1725596929435
20250917,190.00315115885644,222.56749515314766
20250918,125.70357200883782,223.01742236574043
20250919,73.21870719005032,223.50084267703755
20250922,93.22158001904583,139.688330679795
20250923,41.94067979080779,71.20055974044124
20250924,-0.02418380486110231,13.770897348463992
20250925,19.819502848556436,-33.16816193159683
20250926,35.991581146655456,-71.51903550810987
20250929,49.218376381297574,-104.4905647021073
20250930,59.8079041768885,-131.94339546897123
20251009,62.743706265938705,-77.22110924601338
20251010,64.90356977879152,-32.48941342793706
20251013,66.36572599821422,3.7773535538798004
20251014,67.4777778631421,33.430598318234466
20251015,68.06508875048446,57.58507282609251
20251016,68.28712405059777,77.27063603854657
20251017,68.28228013640201,93.68483031344985
20251020,68.274911065046,109.65223481939424
20251021,68.28659474854474,122.77568930503196
20251022,68.30536257154736,133.20351213074866
20251023,68.36495343331246,141.12225368390023
20251024,68.48320806354656,149.4075489110731
20251027,68.57612436085184,155.40032011581027
20251028,68.04412583262666,157.32350950297172
20251029,67.38844218790676,158.45268650716645
20251030,66.64841839149123,159.09380667247598
20251031,67.0381501286407,159.6366852894273
20251103,67.40771939409457,157.46706475917244
20251104,43.1840528186926,154.81953381872594
20251105,23.305531439522262,152.5776140511316
20251106,34.80853466698168,155.1145970687337
20251107,12.504429549524463,157.94499745165902
20251110,26.40471277177293,160.99063299833782
20251111,38.08669035656239,163.11524862827312
20251112,48.69051392315868,163.4196478907
20251113,57.59437115022259,163.04818186415656
20251114,64.92625322782729,160.93572637362024
20251117,34.97665533769334,158.43320339489034
20251118,10.902720625637318,105.25028578686167
20251119,-8.687511508284329,110.4116721339756
20251120,-24.9552360255549,65.87604617999544
20251121,-40.18360077508127,30.33748455842177
20251124,-52.87438120770746,0.8764547592277222
20251125,-22.017260267432317,-24.40521462062484
20251126,7.450894026317322,-45.68585776401219
20251127,31.93146818553798,-63.164125857742036
20251128,53.23904974421347,-26.11630056312755
20251201,65.83317222104004,4.979610652523543
20251202,79.96956608912066,31.140743646562715
20251203,91.61916741428408,52.81314788578494
20251204,97.89447375862427,71.83629976963638
20251205,101.2122258360482,85.32380620684225
20251208,103.95257955191741,96.29955682716869
20251209,103.01147294666949,99.44441293019281
20251210,102.09694793074658,102.3059240440055
20251211,101.47232585872912,105.10396862287828
20251212,100.24215622406378,107.51171956037645
20251215,97.85441744432227,108.69042885754585
20251216,96.12416889881496,110.73538614428186
20251217,94.59439009051412,112.50115539578303
20251218,93.2629281560227,113.9958003594728
20251219,92.44437069782134,115.39729949578584
20251222,91.57494524821007,116.54337846903987
20251223,90.64530498771539,117.45618441802787
20251224,88.98859954742382,118.08428276763357
20251225,87.59204940398676,118.44721016323852
20251226,85.47668045721691,118.69923226370459
20251229,84.23868303538778,119.51252344928695
20251230,83.03766993772966,120.15679499738673
20251231,82.03551053434092,119.07666025771252
20260105,80.24221102130842,114.06112734588515
20260106,77.38910358819646,108.19897859281427
20260107,74.3899849886948,103.47949936405223
20260108,71.88262269482865,99.181188907605
20260109,69.8371270463398,94.67940289663349
20260112,67.8345406320845,91.01784106287933
20260113,66.0402607702759,87.54572676867706
20260114,64.98134350177514,85.1903154223936
20260115,63.91578009895017,83.0117736111969
20260116,62.500979571332536,80.31246078731498
20260119,61.38247984912678,78.1062122105173
20260120,60.456978028263194,76.20846958829796
20260121,59.747621925734464,74.63362938994277
20260122,38.62518361541673,73.28573877194611
20260123,42.21060028216777,72.14225457931211
20260126,45.14133754734203,71.19417799710736
20260127,48.08690060706372,70.42247172655824
20260128,50.49126137921626,67.29944286803469
20260129,50.212312820269744,64.72559428032586
20260130,48.696182287216104,61.47864400815338
20260202,32.72643478574295,42.9880102187249
20260203,33.35778538629568,27.945184668849045
20260204,33.947412923203636,15.650954527148667
20260205,21.37655227061187,5.553179234781769
20260206,11.104629606435735,-2.945449390816727
20260209,2.6452464835371363,-9.908860058308138
20260210,-4.317266119323785,-15.635710367937513
20260211,-10.063259149707399,-20.34257393303368
20260212,-1.6691285625110854,-24.212695653289096
20260213,-7.92899288487751,-27.3852486250892
20260224,-13.024717008971407,-29.90444808931245
20260225,-4.14068152020364,-31.94833424113668
20260226,3.1260262884021075,-33.64689892993137
20260227,9.056624769181527,-35.04124504577997
20260302,13.912750432123163,-21.353066957262552
20260303,4.943815816389927,-24.632523842608194
20260304,-2.400936146036448,-13.356926156519187
20260305,-8.409836051193377,-3.2159513525289647
20260306,-14.30060131060162,5.078739258550196
20260309,-19.95155405182514,12.477152538895036
20260310,-25.80081276094446,21.487803569914462
20260311,-34.73099940286507,29.940946353355404
20260312,-42.17499005146813,36.87209188829253
20260313,-52.834653987197534,43.456744053787865
20260316,-61.751199013431005,48.92124231084099
20260317,-70.93749069729047,53.27053474377736
20260318,-78.17155286141303,56.66192622208433
20260319,-78.33247138826873,34.3695199280336
20260320,-78.40585551973403,16.19638806556992
20260323,-77.78869869442758,1.4005643633884284
20260324,-76.57886737506027,-11.032852734173517
20260325,-75.24543458002599,-21.16640013359702
20260326,-74.15598020865218,-29.41487037389103
20260327,-73.52233738053661,-36.053300631614015
20260330,-73.01408307644874,-18.00859982048677
20260331,-72.90149557860343,-2.505625909889118
20260401,-72.10768699841904,12.512257874743119
20260402,-71.33951285742731,24.78421476638914
20260403,-70.65846960961753,34.85219106466812
