trade_date,FU.SHF,SC.INE,LU.INE,BU.SHF,RU.SHF,SP.SHF,L.DCE,V.DCE,PP.DCE,EG.DCE,EB.DCE,PG.DCE,BZ.DCE,TA.ZCE,MA.ZCE,FG.ZCE,SA.ZCE,PF.ZCE,PX.ZCE,SH.ZCE,PL.ZCE
20100104,0.0,,,,0.0,,0.0,0.0,,,,,,0.0,,,,,,,
20100105,0.0,,,,0.0,,0.0,0.0,,,,,,0.0,,,,,,,
20100106,46.199194393235175,,,,-2302.263328659203,,-223.6610017005601,-98.49943218924088,,,,,,-246.18051851575783,,,,,,,
20100107,0.4030243898604322,,,,-1079.1965820648186,,-133.842573150276,-95.72247746185121,,,,,,-157.2667781093942,,,,,,,
20100108,18.416870118693915,,,,-612.7295581596386,,-109.12222051702352,-98.46934431730674,,,,,,-135.6256094940883,,,,,,,
20100111,27.680249503880166,,,,-385.610152172161,,-89.88211565018571,-98.34242839020817,,,,,,-117.6972783299337,,,,,,,
20100112,33.43034534672906,,,,-254.91791200078166,,-79.26790145184737,-100.10868455408972,,,,,,-108.6527901580838,,,,,,,
20100113,37.37057279693262,,,,-174.06484654386227,,-70.61864596390085,-100.1464727614567,,,,,,-101.43719733222893,,,,,,,
20100114,40.94977169798808,,,,-117.7281707165059,,-63.761209212446715,-98.74120378695619,,,,,,-59.625092462656234,,,,,,,
20100115,44.112526045792585,,,,-78.85669698239678,,-59.31481373218839,-99.19330768080155,,,,,,-62.79327022783384,,,,,,,
20100118,47.17283582150876,,,,-49.89213339318801,,-56.223009526309134,-100.21703078862167,,,,,,-33.27958637684747,,,,,,,
20100119,50.11799467987962,,,,-28.262777740279446,,-54.35941965386064,-102.16643603886922,,,,,,-10.231195949349223,,,,,,,
20100120,52.9593588137962,,,,-11.196604483846043,,-53.23308084510754,-104.73093949500648,,,,,,7.428721479935396,,,,,,,
20100121,55.58267954539556,,,,2.258519840510945,,-32.897360436171475,-107.10577352425082,,,,,,21.607510324547356,,,,,,,
20100122,57.90813444648182,,,,10.639091458868936,,-16.860723405343585,-109.9070156498078,,,,,,31.600630417738124,,,,,,,
20100125,60.17190831193441,,,,17.596215653884144,,-3.8429510087531513,-112.9691548902803,,,,,,40.03936791618053,,,,,,,
20100126,62.228063710877215,,,,23.141135116364328,,-12.994222055255934,-114.68515296676163,,,,,,46.97635182137399,,,,,,,
20100127,64.30848576178981,,,,9.719072885701918,,-20.512030071747763,-116.75352804094614,,,,,,23.391624659807622,,,,,,,
20100128,66.36640122220702,,,,16.780534878850965,,-26.83585084709644,-116.96978488932437,,,,,,4.32250455775805,,,,,,,
20100129,68.18552605822725,,,,4.57006901965185,,-32.20856600986621,-117.5704498512691,,,,,,18.34843548980611,,,,,,,
20100201,69.28495572856694,,,,12.990072324847397,,-36.83656426741748,-118.56684448996462,,,,,,29.883785802125747,,,,,,,
20100202,73.06138368783132,,,,1.1597608789339195,,-40.6315398283008,-120.58005898290544,,,,,,39.26361852971477,,,,,,,
20100203,75.3746475905175,,,,-8.148139105072703,,-43.30075181565065,-117.13757096494781,,,,,,45.147538377114394,,,,,,,
20100204,78.37234223515524,,,,-15.50844687705666,,-46.02578798077328,-114.75026651824838,,,,,,50.49012434752371,,,,,,,
20100205,78.76451681863978,,,,-21.165219489971197,,-48.21565170350714,-113.05545014827428,,,,,,54.72628439311144,,,,,,,
20100208,81.64108030206596,,,,-26.394807589228908,,-28.02416655893486,-111.5800208698653,,,,,,58.71992635891726,,,,,,,
20100209,84.1831112896237,,,,-30.289651383384793,,-11.543624194670208,-110.44767734338798,,,,,,61.57528113448689,,,,,,,
20100210,86.8538640056057,,,,-32.646997415874736,,3.7906250451121877,-110.64632068908168,,,,,,64.28563256729123,,,,,,,
20100211,89.06217063231534,,,,-18.966844963821003,,17.74489306706911,-111.22917928257921,,,,,,67.23205462058876,,,,,,,
20100212,90.32826277039347,,,,-7.797439404736325,,29.74624507515139,-110.87202933981588,,,,,,68.96955528551634,,,,,,,
20100222,89.26411770830556,,,,1.1907527284592647,,38.29051221101415,-109.55530061857961,,,,,,70.80844780274812,,,,,,,
20100223,88.4481660154905,,,,8.729636185471936,,45.26599987254271,-108.49908017106422,,,,,,72.36082566799989,,,,,,,
20100224,87.78644515704083,,,,14.895036472128039,,51.04062368724815,-107.70046447809571,,,,,,74.0769944646492,,,,,,,
20100225,87.54998399019453,,,,19.956015730433847,,56.126621324093925,-106.83237752397783,,,,,,75.23591208390441,,,,,,,
20100226,87.5827219191543,,,,25.120302690628147,,61.302813486473674,-106.06846745109739,,,,,,77.74143356347817,,,,,,,
20100301,87.53743600857712,,,,29.326472681354474,,65.81382314403614,-105.50525407325921,,,,,,79.65599297834784,,,,,,,
20100302,87.6465522051198,,,,15.639094311814649,,39.07886535422528,-105.8812385970916,,,,,,81.30051072586556,,,,,,,
20100303,87.6962064537124,,,,4.404065516378692,,16.477099852417595,-106.27902620396169,,,,,,83.18580812375686,,,,,,,
20100304,87.77911591091467,,,,-4.8570688800444755,,-1.6911592202758197,-107.96606849122803,,,,,,85.25617969456701,,,,,,,
20100305,88.20081143863933,,,,-12.412067023891648,,-16.535630022561197,-109.99673911947437,,,,,,86.88256523075994,,,,,,,
20100308,90.28869973001197,,,,-18.196563733722165,,-28.539720568424283,-111.6143171090568,,,,,,88.29495416521051,,,,,,,
20100309,92.11852037192182,,,,-22.858772735247275,,-38.40721552909777,-112.8845790205071,,,,,,89.4495420535912,,,,,,,
20100310,94.36632564514403,,,,-26.884270697648752,,-47.23082296753399,-118.56308874123901,,,,,,93.1107064931055,,,,,,,
20100311,96.69303736459061,,,,-30.263249887965813,,-53.14928442749167,-122.84906522967711,,,,,,95.57783203290653,,,,,,,
20100312,108.03429583431108,,,,-33.87120522778233,,-58.08658320904392,-127.44378134672087,,,,,,98.338544528692,,,,,,,
20100315,116.58190076531768,,,,-36.0772966456455,,-60.155757126561326,-129.5185299244217,,,,,,97.35659486168201,,,,,,,
20100316,123.25325130770632,,,,-37.87984229491447,,-62.133290484883204,-131.32240473269937,,,,,,97.4096079012479,,,,,,,
20100317,126.84412785286939,,,,-39.85219968019032,,-62.68410680950187,-130.83735915285004,,,,,,96.4901370336915,,,,,,,
20100318,129.71277710455155,,,,-41.76583972387858,,-63.08470807374126,-130.74699332325693,,,,,,95.97620115936886,,,,,,,
20100319,133.0263969018147,,,,-43.25889154267184,,-63.26022283870939,-129.86407317199908,,,,,,97.55409632587363,,,,,,,
20100322,147.3360644485451,,,,-44.82630035619723,,-64.40048399507076,-131.13740703305385,,,,,,99.02123156241686,,,,,,,
20100323,159.607904827807,,,,-46.03995365445487,,-65.34558509426009,-132.16537725484864,,,,,,100.26076886751721,,,,,,,
20100324,169.97087470333773,,,,-46.96349007272611,,-66.1026479876741,-132.97012327208375,,,,,,101.06496244491795,,,,,,,
20100325,178.3417057519671,,,,-29.908286357880538,,-67.03925771767507,-134.3447038658489,,,,,,102.45393237821874,,,,,,,
20100326,184.14401612864046,,,,-15.961367079486052,,-67.79402246458548,-135.19360617750573,,,,,,103.09108722554002,,,,,,,
20100329,189.85555002185876,,,,-21.577993490893107,,-68.3489785561434,-135.8424462521739,,,,,,103.42800569954267,,,,,,,
20100330,197.78654140487484,,,,-26.943962981930177,,-69.45123388847388,-135.5615724952332,,,,,,104.34279336479588,,,,,,,
20100331,204.11826761406354,,,,-31.173450757934418,,-70.3028646067757,-134.58177023158063,,,,,,104.94562214840423,,,,,,,
20100401,207.3960918634932,,,,-35.00826031111111,,-71.26221769765671,-135.1725216948459,,,,,,105.69056043092083,,,,,,,
20100402,209.69908131789745,,,,-38.19580823930092,,-71.71894097740045,-135.70674275973965,,,,,,106.41705934421451,,,,,,,
20100406,210.46991046588576,,,,-41.11266777634105,,-71.69010107668588,-137.05774993436967,,,,,,108.10388895213215,,,,,,,
20100407,133.44324913020932,,,,-43.616627741215915,,-71.74457881119994,-137.06228484847026,,,,,,109.4054745540537,,,,,,,
20100408,146.78848385188107,,,,-45.378418196620515,,-71.61540886932605,-136.99354684064173,,,,,,110.05577333603686,,,,,,,
20100409,157.12067383947732,,,,-47.111174794913666,,-72.3825281939971,-136.40542619961346,,,,,,111.18759742425313,,,,,,,
20100412,165.729145008522,,,,-48.77372231993274,,-73.04730412363588,-136.00431802862374,,,,,,112.17334973854334,,,,,,,
20100413,97.1737365975113,,,,-51.748166406235384,,-77.36729515657215,-137.97856640880264,,,,,,120.52609052187381,,,,,,,
20100414,40.43328760321554,,,,-54.40994001839814,,-45.875380149844,-139.44202107774194,,,,,,127.41439420519835,,,,,,,
20100415,-14.923717152345217,,,,-57.19076819666126,,-16.76143272173265,-87.18835458215334,,,,,,138.97677532712942,,,,,,,
20100416,-61.13970394627512,,,,-59.354083437697696,,8.140275660895531,-97.24529761529269,,,,,,148.98326376518585,,,,,,,
20100419,-89.33159797952798,,,,-59.48846614835398,,-10.889601200796498,-106.84987581499453,,,,,,149.1109455965343,,,,,,,
20100420,-113.96902633437213,,,,-59.427320653960784,,-26.031899098568978,-114.37334316875376,,,,,,95.95151198019009,,,,,,,
20100421,-134.10202926626576,,,,-59.754779666987766,,-38.4291129739084,-119.90115990647597,,,,,,52.30585819631419,,,,,,,
20100422,-149.18239042140365,,,,-59.91436232622502,,-48.238373241905585,-123.82266551999841,,,,,,16.59456622273964,,,,,,,
20100423,-161.7105589736231,,,,-62.07971313579076,,-56.24161413735241,-126.86451064757509,,,,,,-12.533818604095329,,,,,,,
20100426,-172.6261700602173,,,,-63.836323155429255,,-62.754105056346745,-129.8888153604042,,,,,,-37.67813984562645,,,,,,,
20100427,-180.51729037818734,,,,-64.35092113296443,,-67.33368365089116,-129.86345192382277,,,,,,-58.11250018525528,,,,,,,
20100428,-184.75021929332434,,,,-64.5461409787664,,-71.39743553996296,-130.66408883032082,,,,,,-74.57659313518819,,,,,,,
20100429,-188.52687055555702,,,,-64.96036464010083,,-75.08970492822066,-132.41519250412418,,,,,,-34.03001854128364,,,,,,,
20100430,-189.14969385562483,,,,-65.27741054794703,,-77.95399629528762,-133.64520514031554,,,,,,-56.00393781204405,,,,,,,
20100504,-190.2075589983196,,,,-65.59750674713865,,-80.83664545027784,-134.68298794202994,,,,,,-74.32458276377258,,,,,,,
20100505,-191.19073558727248,,,,-66.99676678233838,,-84.83791724940524,-84.105610272245,,,,,,-90.99436067400713,,,,,,,
20100506,-188.92964618280274,,,,-68.28612425656978,,-50.76368447288422,-41.37560816975625,,,,,,-103.72297280175304,,,,,,,
20100507,-182.64060558888877,,,,-69.03525012529715,,-57.360926684006095,-7.010167756026239,,,,,,-109.82139958875096,,,,,,,
20100510,-176.2939926422241,,,,-68.94051443069372,,-62.67716869916666,23.015748928878683,,,,,,-114.30459295104654,,,,,,,
20100511,-171.00432509556106,,,,-68.66048849919682,,-66.19833154273458,-8.573810483568353,,,,,,-117.9750925985137,,,,,,,
20100512,-166.66065827253257,,,,-67.90879173307553,,-69.08795949290642,-32.74507514461395,,,,,,-119.9681134074952,,,,,,,
20100513,-162.84269389783762,,,,-67.34178620872805,,-71.79523969114628,-52.9086079577123,,,,,,-121.77825499927461,,,,,,,
20100514,-159.40231014058193,,,,-66.29722059958148,,-73.58257832012481,-72.48398522905376,,,,,,-118.64944047986236,,,,,,,
20100517,-149.3329243347894,,,,-64.9352491660065,,-72.24556246912448,-77.27180741607792,,,,,,-113.18301793722671,,,,,,,
20100518,-141.0782307083212,,,,-63.136274931695716,,-71.49045712889509,-79.62062812905984,,,,,,-108.56983373394796,,,,,,,
20100519,-133.712715715941,,,,-62.04999805351644,,-71.42922691415171,-81.69755112196282,,,,,,-105.52658713683246,,,,,,,
20100520,-127.42715835307,,,,-61.15820326760523,,-70.74901263961314,-82.6795131812908,,,,,,-102.92324918591163,,,,,,,
20100521,-119.7198377329967,,,,-60.44372639018692,,-70.19990266824507,-83.5387794262335,,,,,,-100.48287952626212,,,,,,,
20100524,-112.85106029378098,,,,-59.17278512902121,,-68.93553074540749,-83.1577936279745,,,,,,-97.82352742570339,,,,,,,
20100525,-107.09379130645495,,,,-58.23701017391859,,-67.7111922094258,-82.76507462507111,,,,,,-94.35207038774199,,,,,,,
20100526,-101.95884709210225,,,,-57.32222441286297,,-66.33732645617854,-82.77155399829779,,,,,,-90.88469925787206,,,,,,,
20100527,-97.43570508502494,,,,-56.400257227470654,,-65.04220860070906,-82.40240333525715,,,,,,-87.00522111395813,,,,,,,
20100528,-93.32824478659695,,,,-55.63010999042299,,-63.98978632849936,-82.09759875605192,,,,,,-83.5596957595596,,,,,,,
20100531,-90.37171214969565,,,,-55.00956127729789,,-63.27228126304884,-81.83541994243947,,,,,,-80.77369321589363,,,,,,,
20100601,-87.98156095770995,,,,-54.48813401201224,,-62.52868582297723,-80.44120226236421,,,,,,-78.3585582760329,,,,,,,
20100602,-85.92288907431364,,,,-53.8282510703425,,-61.6942423952816,-79.2964163770626,,,,,,-76.39053369197227,,,,,,,
20100603,-84.04080965444474,,,,-53.31152322935658,,-60.94279417098422,-78.1854191889507,,,,,,-74.72974567120646,,,,,,,
20100604,-82.8145932410013,,,,-53.219556352073674,,-60.779875166293856,-77.39132376255239,,,,,,-73.73433699033052,,,,,,,
20100607,-80.37124784185748,,,,-51.70145499761394,,-59.53887134586762,-74.16163670156884,,,,,,-71.52705296763492,,,,,,,
20100608,-53.79211545904651,,,,-50.48723098588629,,-58.558436893040216,-70.73006304883737,,,,,,-69.61343178993695,,,,,,,
20100609,-32.29536105221647,,,,-33.27662192945206,,-38.435009944917205,-67.92690532717596,,,,,,-67.79760278806397,,,,,,,
20100610,-14.622447792066977,,,,-35.258707760474906,,-21.86828969501627,-65.6486391919722,,,,,,-66.27353230017117,,,,,,,
20100611,-0.3599758920861041,,,,-36.96277350792357,,-8.43669957949668,-63.84374234055528,,,,,,-65.61119447350819,,,,,,,
20100617,-13.061238076572975,,,,-38.847812798075296,,3.797489170753821,-63.86537911011074,,,,,,-66.11842156097647,,,,,,,
20100618,2.1383817122365643,,,,-41.04023297464245,,-7.431245545948666,-64.0937476738114,,,,,,-66.69257641675841,,,,,,,
20100621,14.5967590448796,,,,-42.67140296851255,,-14.976066477484174,-63.37403354630225,,,,,,-66.15542694942356,,,,,,,
20100622,24.798887105620175,,,,-43.782882662729385,,-21.267555530551792,-62.82838333209551,,,,,,-65.71501182362732,,,,,,,
20100623,34.953734643847305,,,,-44.71613103490407,,-26.452499728844142,-62.355798452434065,,,,,,-65.5554113886544,,,,,,,
20100624,43.52676028565777,,,,-45.7077507544205,,-12.570474277824085,-62.35610477879184,,,,,,-65.56647455330805,,,,,,,
20100625,51.154811457378806,,,,-46.58136399557097,,-19.561908070453605,-62.40754343852488,,,,,,-67.03172665375523,,,,,,,
20100628,57.431332108071615,,,,-47.4783274467995,,-25.429105587474723,-62.47924363064727,,,,,,-68.3590010757798,,,,,,,
20100629,62.57503889026414,,,,-47.95109372676995,,-29.93092847384753,-62.655505469801476,,,,,,-69.61883546205632,,,,,,,
20100630,67.23462543817733,,,,-48.35532802867131,,-33.61484231288199,-62.810051076734915,,,,,,-70.83050225126053,,,,,,,
20100701,70.95250822722237,,,,-48.51930140624851,,-36.32795767537571,-62.901701975567455,,,,,,-71.36857182874667,,,,,,,
20100702,74.06001194357748,,,,-30.89744840875785,,-38.348384717591436,-63.511760324983264,,,,,,-71.89775442110005,,,,,,,
20100705,76.9675267090107,,,,-16.13259994483538,,-40.156832795514056,-64.02668416928748,,,,,,-72.32031713124535,,,,,,,
20100706,79.55417337795652,,,,-4.013565608328574,,-24.057889579976308,-64.5115098655302,,,,,,-72.67593754855903,,,,,,,
20100707,81.67593905061821,,,,5.869611866283632,,-10.817358467355247,-64.86407995518549,,,,,,-73.08360549238029,,,,,,,
20100708,90.53001764479095,,,,17.708131748632038,,-19.00621717264563,-70.07206286807173,,,,,,-78.25454753344987,,,,,,,
20100709,100.85626433927727,,,,27.659599516868578,,-5.4347634277661445,-77.85738984696061,,,,,,-82.3383261557788,,,,,,,
20100712,110.83791500856648,,,,34.51250278446838,,-14.805506430690231,-84.732173687435,,,,,,-85.49386701460456,,,,,,,
20100713,118.92941450858972,,,,39.625340197947956,,-22.444180619877194,-90.3054314717278,,,,,,-87.37194871208182,,,,,,,
20100714,125.90955821626525,,,,44.521402210748505,,-28.87093425675161,-94.79767945750872,,,,,,-88.85994120894227,,,,,,,
20100715,131.6442679388645,,,,48.46390064204927,,-34.19012232276081,-98.08457569074952,,,,,,-88.3727057730502,,,,,,,
20100716,136.64948911767993,,,,51.570527934359674,,-38.989235051114285,-101.1806556157378,,,,,,-87.89094948746866,,,,,,,
20100719,147.1121380107933,,,,54.460927091452156,,-46.4090987216153,-115.84016264617317,,,,,,-90.35900239579966,,,,,,,
20100720,155.5425793731598,,,,56.94600929236419,,-51.820096792186916,-122.09445354363541,,,,,,-91.64069829561572,,,,,,,
20100721,162.37262860157054,,,,58.98155675607764,,-56.23766312598694,-127.53851110162279,,,,,,-92.87415159379073,,,,,,,
20100722,168.10436639618945,,,,60.91224736366622,,-59.801869819845784,-131.49851434457227,,,,,,-93.58382745119017,,,,,,,
20100723,169.61207441165286,,,,60.84421074904611,,-62.05003234270182,-130.117294303476,,,,,,-93.6428513030785,,,,,,,
20100726,172.2567956746006,,,,60.81954736595535,,-37.64665551684212,-128.83220238101606,,,,,,-93.49505761380357,,,,,,,
20100727,176.47242868092619,,,,61.77285557259689,,-45.49101951532014,-128.51649953528386,,,,,,-94.04202773087226,,,,,,,
20100728,180.17914519242072,,,,61.53727248308989,,-22.62697852440409,-127.74715687303862,,,,,,-94.45897378995849,,,,,,,
20100729,184.15645136897487,,,,61.664615193644494,,-0.7784472475063259,-128.33291423223645,,,,,,-96.32523739976168,,,,,,,
20100730,187.3967834496448,,,,61.95324446517553,,18.277379542271266,-129.38548929442152,,,,,,-97.90990499694688,,,,,,,
20100802,186.7631611323134,,,,61.901870662546216,,32.95004750815843,-128.72533584264758,,,,,,-98.39908347808577,,,,,,,
20100803,187.31054413495636,,,,61.83024911460643,,45.05825667278791,-127.85553598373416,,,,,,-98.88476216646578,,,,,,,
20100804,187.97315879717942,,,,61.50769329053688,,56.111032212435255,-128.0464855538581,,,,,,-99.18844776053598,,,,,,,
20100805,189.9620801406835,,,,60.72361566193484,,63.486313578324165,-126.93902250221205,,,,,,-98.33792200627991,,,,,,,
20100806,190.61791303305824,,,,60.060830011099426,,69.54811991418022,-125.74630570177932,,,,,,-97.80758795517478,,,,,,,
20100809,192.7094490655452,,,,61.05896289349194,,74.0137674523481,-81.86642433719501,,,,,,-97.72510313969572,,,,,,,
20100810,193.95623398313398,,,,62.860641763860066,,77.73450700219898,-87.888632862185,,,,,,-98.147043097015,,,,,,,
20100811,195.94049133489295,,,,64.04247438334902,,79.6432239227984,-92.57208687309864,,,,,,-98.5551980182842,,,,,,,
20100812,193.45747476014475,,,,64.67884410449697,,80.9243187478473,-55.060440100623865,,,,,,-102.6667998137699,,,,,,,
20100813,191.7397055384331,,,,65.10262887725055,,81.52095339256019,-24.71142987861215,,,,,,-104.69229623022778,,,,,,,
20100816,190.37040435757012,,,,65.63605957198234,,81.80984525728478,-0.3887914120668282,,,,,,-67.69441285171894,,,,,,,
20100817,189.6076446880184,,,,65.84410677059091,,82.49690717499765,-21.028696914288275,,,,,,-37.42626323174988,,,,,,,
20100818,189.42386589829778,,,,66.08077846412192,,82.89766991396853,-37.601926503543396,,,,,,-48.779636491012084,,,,,,,
20100819,186.59063928097498,,,,66.20343880759708,,83.85223297337605,-50.83178275645345,,,,,,-21.972995707906247,,,,,,,
20100820,174.75042408677766,,,,66.48587602685194,,82.9558642520012,-61.206196536695664,,,,,,-1.537658172123555,,,,,,,
20100823,164.38781472220617,,,,66.86354595547027,,82.1360880181641,-69.50233846104804,,,,,,14.80601245500769,,,,,,,
20100824,155.28504907700955,,,,66.14781929843745,,52.85184178720771,-76.59253023362997,,,,,,-3.9733295255136887,,,,,,,
20100825,147.46662320513076,,,,66.41143140194627,,57.52913452368423,-80.90332908597472,,,,,,12.551595145536405,,,,,,,
20100826,141.53210461011597,,,,66.1998617556315,,60.851902679984725,-84.42638469884245,,,,,,25.907854618471546,,,,,,,
20100827,136.69750181639026,,,,66.07555595563625,,63.54191461839124,-50.840634706144755,,,,,,36.93759894581659,,,,,,,
20100830,132.76053040646823,,,,66.37927319348779,,66.1848191236965,-22.452872137500307,,,,,,46.447399580844994,,,,,,,
20100831,128.2147855369172,,,,66.01670192904594,,66.96482877956957,-0.14112217550601938,,,,,,53.030952492260965,,,,,,,
20100901,124.48985604264338,,,,66.03212844253241,,67.40193314691263,17.767036386184795,,,,,,58.35166264070889,,,,,,,
20100902,120.97593471917652,,,,66.17388487904017,,67.48418726593177,32.77824960728497,,,,,,62.82625013891659,,,,,,,
20100903,118.5546710225638,,,,66.34273012431275,,67.52075237476458,45.08608732788244,,,,,,66.43873814250713,,,,,,,
20100906,116.00050561987285,,,,66.41632024850158,,67.31731484323954,18.866922859514133,,,,,,69.38229699990781,,,,,,,
20100907,114.00360151506908,,,,66.40437936769554,,67.19543605426634,33.52444158413566,,,,,,72.03832794834466,,,,,,,
20100908,112.06863898449751,,,,66.54617394424805,,67.34465742767266,45.61441910944551,,,,,,74.21755413540198,,,,,,,
20100909,110.09299216812622,,,,64.89685782209423,,66.45993518968825,55.21920701539592,,,,,,75.53164170276442,,,,,,,
20100910,108.32660997925848,,,,63.6441250278949,,66.03269460455753,63.10219479017804,,,,,,77.1604783746447,,,,,,,
20100913,106.6419180639668,,,,62.520733136033215,,65.82048836225665,69.8078134961327,,,,,,80.40516359114713,,,,,,,
20100914,104.66074453431018,,,,62.02264201666152,,65.67791291071083,75.1344574451681,,,,,,83.06719947386026,,,,,,,
20100915,103.12474354172737,,,,61.417463941273496,,65.44541342373516,43.255157236592964,,,,,,85.20173934174225,,,,,,,
20100916,102.60316600631667,,,,61.25246371648306,,65.47095569597973,53.32738009636461,,,,,,87.28699605851715,,,,,,,
20100917,105.99523627695623,,,,60.527135563403,,66.59161726797159,63.521930044045256,,,,,,90.50716217729487,,,,,,,
20100920,109.70837945419639,,,,59.55374047243759,,67.56703681488749,72.36198262261827,,,,,,92.70536103055399,,,,,,,
20100921,113.90366708168902,,,,59.44157796489297,,68.32085914739449,79.72505720080865,,,,,,94.7252187352776,,,,,,,
20100927,117.4428409968951,,,,59.3122257316388,,68.20921894630754,85.29006577021774,,,,,,92.24910312237057,,,,,,,
20100928,119.10865635434129,,,,59.83925748676407,,68.43454558466684,89.5562346235418,,,,,,90.25266220626428,,,,,,,
20100929,120.53460813950592,,,,60.23072664088127,,68.64095568969431,92.7490208712576,,,,,,88.36998274873717,,,,,,,
20100930,121.94660089683677,,,,60.57362369994801,,68.79423327126996,95.2744068843901,,,,,,86.82604870931411,,,,,,,
20101008,126.35909108654059,,,,60.66958235752183,,69.87569557714116,99.84473931961091,,,,,,86.13670682056824,,,,,,,
20101011,123.5969584425921,,,,59.040058172989404,,68.9384679658372,101.12619280021504,,,,,,83.77616998800882,,,,,,,
20101012,121.03258696275347,,,,57.855681361649694,,68.0858724092913,100.10035481824052,,,,,,82.04529734014397,,,,,,,
20101013,116.94664576090342,,,,55.999564808261525,,67.4930744000409,99.60801116909259,,,,,,80.74511626488378,,,,,,,
20101014,113.69031790438603,,,,54.26884712359089,,67.3448095877192,99.88364637349154,,,,,,79.73010565347892,,,,,,,
20101015,110.7620334276286,,,,52.94366329656877,,67.01888602748691,98.90404703719587,,,,,,78.98931695082192,,,,,,,
20101018,106.6942555538473,,,,51.61779830677226,,66.17928005521276,96.40955870433112,,,,,,77.47160554002873,,,,,,,
20101019,104.22424194633143,,,,51.80597106712605,,67.0485992304644,94.96634600530606,,,,,,76.8489039709452,,,,,,,
20101020,101.67857366553024,,,,52.139337923928984,,67.33463895992895,93.83965376678135,,,,,,75.83438017445084,,,,,,,
20101021,99.71707198680429,,,,51.81391605135161,,67.60940555307485,93.15777453682625,,,,,,75.0348153779967,,,,,,,
20101022,98.89102303083745,,,,51.51696664571529,,67.57688142445106,92.53082179263625,,,,,,74.4811103577138,,,,,,,
20101025,97.08994435784575,,,,50.7276113207883,,67.74014667478085,91.68131052592152,,,,,,73.73489535622207,,,,,,,
20101026,95.28085384128357,,,,49.996137401617865,,67.83301356349904,91.01595863493758,,,,,,73.20126401977545,,,,,,,
20101027,92.93954360752772,,,,48.36062959034239,,67.15758170615206,90.08490180451416,,,,,,72.57609901046192,,,,,,,
20101028,90.9436221391233,,,,46.880018169912255,,66.54057867828391,89.2667334056212,,,,,,72.29789547769126,,,,,,,
20101029,89.11932182761723,,,,44.829217500229284,,66.24135594579644,88.47464545617481,,,,,,72.04738547816704,,,,,,,
20101101,87.6274379145922,,,,43.16213766412471,,66.44787759730701,88.97136549280445,,,,,,73.93429132916297,,,,,,,
20101102,86.73890271941391,,,,41.77341539066545,,66.5201314498234,89.43918713890416,,,,,,75.49292077708195,,,,,,,
20101103,85.9552025950165,,,,40.619653017648574,,66.53514929583585,56.41533419447498,,,,,,77.05794391705871,,,,,,,
20101104,85.11438247657262,,,,39.46054377229653,,66.26715995726639,61.22179727584071,,,,,,75.42107877869564,,,,,,,
20101105,83.80885484464191,,,,38.52925295576955,,65.45284125101097,62.6286897622768,,,,,,72.94187801466327,,,,,,,
20101108,84.21405732630866,,,,38.06336398785083,,66.41586801329686,64.44631734693395,,,,,,69.28037434660246,,,,,,,
20101109,84.48890115848688,,,,37.48216809494079,,64.5350143163047,63.63647095421375,,,,,,66.28195161898422,,,,,,,
20101110,85.36752798894733,,,,37.26276338404446,,62.75404544115311,62.837126236171216,,,,,,62.837201283307564,,,,,,,
20101111,85.29063270156381,,,,36.88360615280643,,60.20254809952128,42.40472590657028,,,,,,43.24496932572945,,,,,,,
20101112,82.64214077017206,,,,36.37493642397177,,57.63455802056777,26.12320436869992,,,,,,43.06157903715298,,,,,,,
20101115,81.21482434581095,,,,35.39809593052241,,54.777701181384984,12.983859020379228,,,,,,28.724861678482903,,,,,,,
20101116,79.90985690952276,,,,34.585418600428866,,52.32493414285526,2.2315848845234596,,,,,,29.75883803587784,,,,,,,
20101117,53.129568659749985,,,,33.77795043989175,,50.172905342663775,-6.156869857459088,,,,,,18.698892760570157,,,,,,,
20101118,55.5928574960085,,,,33.12465538431599,,47.972779356297686,-12.58206801043921,,,,,,9.704971776851457,,,,,,,
20101119,33.360823810816534,,,,32.474880544093146,,46.271629493137404,-17.849206837449646,,,,,,2.354843098211972,,,,,,,
20101122,40.102329205044164,,,,32.063942213560715,,44.932716463733435,-22.17604938159115,,,,,,-3.6625502602157627,,,,,,,
20101123,20.5850057795506,,,,31.620885469589464,,30.089961669238804,-25.390426616001115,,,,,,-8.483509450446888,,,,,,,
20101124,29.202869495476314,,,,31.534927073545145,,31.29869896828808,-28.04349452452232,,,,,,-12.437916479143013,,,,,,,
20101125,36.34605380515957,,,,31.497637618451435,,32.32370667059281,-30.218816881618253,,,,,,-15.642786088045021,,,,,,,
20101126,42.219826018103376,,,,31.706025321694526,,19.848937933224587,-31.812181497108153,,,,,,-18.166331599578353,,,,,,,
20101129,46.85737867379365,,,,31.947657541207843,,9.700314875759966,-33.139626368025986,,,,,,-20.25358434698408,,,,,,,
20101130,50.567203234355695,,,,32.21210685115548,,1.4084707891148773,-34.13380631132269,,,,,,-21.93943915671393,,,,,,,
20101201,53.57654270169673,,,,32.48044856732698,,-5.290906852040971,-34.95047209973073,,,,,,-23.325359695305476,,,,,,,
20101202,56.03085442050613,,,,33.08374118086597,,-10.82365987377559,-35.773993343574496,,,,,,-24.660885005396597,,,,,,,
20101203,58.56244330467849,,,,33.640531303949196,,-2.0643657024534656,-37.0344522940674,,,,,,-25.985274890337838,,,,,,,
20101206,60.47857053583859,,,,34.19697915176052,,-8.475954599351393,-38.075336759604646,,,,,,-27.726712015556704,,,,,,,
20101207,62.31436712269268,,,,35.15539058605972,,-15.00232292029843,-40.56442098648301,,,,,,-29.154999949394327,,,,,,,
20101208,63.706553102759365,,,,35.86302285380825,,-4.208494432472631,-42.60477064602391,,,,,,-31.130997691724478,,,,,,,
20101209,65.37249035735445,,,,36.24527176811171,,-11.70088895071508,-44.925459434123376,,,,,,-32.73930307827635,,,,,,,
20101210,69.25096549832288,,,,36.527746749045306,,-18.08401026557122,-47.38868127112253,,,,,,-34.17729730485852,,,,,,,
20101213,72.37159402425668,,,,37.10569755546432,,-23.33078763291229,-49.21251166558324,,,,,,-36.2349590074986,,,,,,,
20101214,43.19357264575295,,,,37.60392904863408,,-27.840728920342737,-50.66513915181078,,,,,,-38.87999943124102,,,,,,,
20101215,15.86900712106867,,,,38.159230134656475,,-31.897276497605564,-52.52819470370321,,,,,,-43.72130799857668,,,,,,,
20101216,-6.59512425102577,,,,38.72147254130793,,-36.21141301515649,-55.88551099736282,,,,,,-48.68520019425475,,,,,,,
20101217,-24.904750253446277,,,,39.27761875119519,,-39.68915821804415,-58.64139172570925,,,,,,-52.59982423409228,,,,,,,
20101220,-39.88649233582667,,,,40.01013157669549,,-42.51173517282411,-61.072815869456555,,,,,,-55.83230980003379,,,,,,,
20101221,-56.6240131538282,,,,41.200446242413605,,-46.755108711917394,-65.11590242803366,,,,,,-59.325083905549974,,,,,,,
20101222,-70.4634247396457,,,,41.60733619803675,,-50.31103479106654,-68.42036589508012,,,,,,-61.9493290277766,,,,,,,
20101223,-81.74273266546787,,,,42.57237950675996,,-52.55589729019061,-70.87271724046522,,,,,,-64.33559172576446,,,,,,,
20101224,-91.54142933368902,,,,44.1846588889649,,-56.20989805986781,-74.25031371210108,,,,,,-67.04027416316602,,,,,,,
20101227,-100.14259755823745,,,,45.3568314969884,,-32.45216173732899,-76.98326557096027,,,,,,-69.23071099398659,,,,,,,
20101228,-107.40813349306363,,,,45.53353482121227,,-40.18692493367681,-80.96197402047659,,,,,,-70.88106749934948,,,,,,,
20101229,-111.24044134952,,,,45.677474816444274,,-46.14152504003117,-84.22902119817645,,,,,,-72.12000223604109,,,,,,,
20101230,-116.45758228885346,,,,45.840664112750346,,-51.12512533216567,-87.33596102133374,,,,,,-73.40562956932025,,,,,,,
20101231,-120.8790418735914,,,,46.01319943768279,,-54.694873323159726,-88.57228487583431,,,,,,-74.38742169781504,,,,,,,
20110104,-124.23985954703471,,,,46.172776925933235,,-56.94426984225552,-88.7550192698871,,,,,,-74.28152739388906,,,,,,,
20110105,-126.13280433881972,,,,46.29721931303001,,-58.9076999367904,-89.13957521797352,,,,,,-74.10851359310413,,,,,,,
20110106,-130.08369578133957,,,,47.2566732166019,,-60.60338020012623,-89.44087685675515,,,,,,-74.37334408869981,,,,,,,
20110107,-131.8015970063815,,,,46.990797603516725,,-60.14495984694495,-85.35353838810616,,,,,,-72.2928627575151,,,,,,,
20110110,-133.42621759533608,,,,46.86960237884591,,-59.765016778683766,-82.00303167130848,,,,,,-70.5906407821457,,,,,,,
20110111,-135.13266101248416,,,,47.65658346295872,,-61.63425426255778,-80.36820212670101,,,,,,-70.47876544640481,,,,,,,
20110112,-136.2481570331877,,,,48.19161848128658,,-63.12622545045475,-79.06614498824389,,,,,,-69.86135415474953,,,,,,,
20110113,-138.11971803158082,,,,49.03894899383865,,-64.40893660931077,-78.37050733493984,,,,,,-69.8399518961486,,,,,,,
20110114,-141.01233766796653,,,,49.69345748060886,,-65.505655540103,-77.85770076079804,,,,,,-69.86970119698108,,,,,,,
20110117,-143.3789684773927,,,,50.675869070838644,,-66.15170753543902,-77.17911532029326,,,,,,-69.77544699216972,,,,,,,
20110118,-145.42023277966618,,,,52.28079624241525,,-66.72595195889816,-76.3676263189469,,,,,,-69.37321489160898,,,,,,,
20110119,-145.9086395640008,,,,52.033277333582724,,-66.98350062269837,-75.49577485577903,,,,,,-69.21855107881345,,,,,,,
20110120,-145.96991208270614,,,,52.6111844185224,,-67.18259513556394,-74.69728845288958,,,,,,-68.71210203640236,,,,,,,
20110121,-143.74055676701553,,,,53.134569320105555,,-68.48347943292643,-74.22701124054976,,,,,,-68.20416450723602,,,,,,,
20110124,-141.88741350578113,,,,53.49834533622535,,-68.44942560403412,-74.15576205589254,,,,,,-45.69721786573477,,,,,,,
20110125,-137.56735319587486,,,,53.432958256762106,,-66.9664184556027,-73.77664733017976,,,,,,-46.89344256818332,,,,,,,
20110126,-133.78733214780183,,,,54.105261165031166,,-65.79616518024392,-73.15868344473165,,,,,,-28.80129891782439,,,,,,,
20110127,-131.78250159015087,,,,54.05282429666508,,-64.95143757575626,-72.6469711243047,,,,,,-13.953876625298447,,,,,,,
20110128,-130.43637421529212,,,,54.00270852879207,,-64.36568498972753,-72.11850816165,,,,,,-1.9238740549187476,,,,,,,
20110131,-127.57876410606406,,,,54.04857116389259,,-63.908493323974135,-71.9929212454587,,,,,,7.8288441672727975,,,,,,,
20110201,-125.4864393072316,,,,53.96412883180539,,-63.96849767890159,-72.38608273239365,,,,,,15.931979680691615,,,,,,,
20110209,-123.96644697769706,,,,53.90487074219753,,-64.01187574663902,-72.91911068984172,,,,,,22.5354518003912,,,,,,,
20110210,-121.90091273843946,,,,53.81597485693555,,-63.06887185767481,-72.34743342047831,,,,,,27.853890360876576,,,,,,,
20110211,-121.62931304779849,,,,55.91422340354964,,-63.936685246506244,-77.02132323773107,,,,,,33.21529815399466,,,,,,,
20110214,-121.45926621119672,,,,57.65014804289689,,-64.5784998557531,-80.97550970831539,,,,,,37.30625651076346,,,,,,,
20110215,-121.20199350716885,,,,58.12354150486961,,-65.00230670421385,-83.97197081704638,,,,,,40.53986522190786,,,,,,,
20110216,-120.79919505253879,,,,58.619528250296504,,-40.99605386319277,-86.42699353388319,,,,,,43.283699276579185,,,,,,,
20110217,-120.46960483267374,,,,58.8150278093822,,-21.463625336929518,-88.33152775739688,,,,,,45.40490476153848,,,,,,,
20110218,-120.2952002982932,,,,58.370319559523466,,-29.53377982011282,-89.82433134501548,,,,,,46.71298416828033,,,,,,,
20110221,-119.78069450461051,,,,58.1025948559109,,-36.34964366042413,-90.17911838028411,,,,,,47.79351817653809,,,,,,,
20110222,-118.2411057104191,,,,57.49914573078873,,-41.38568616850894,-89.79649394650635,,,,,,48.840950866539586,,,,,,,
20110223,-116.44075854248996,,,,59.23795801007237,,-22.76297313411518,-89.57484478980518,,,,,,49.29856842989268,,,,,,,
20110224,-114.59628369006288,,,,59.6840007958328,,-29.727999884204895,-57.80911979384933,,,,,,49.79812668719487,,,,,,,
20110225,-115.07722290043287,,,,60.327000871039,,-12.969032971840281,-31.67027479776394,,,,,,50.27483037006218,,,,,,,
20110228,-115.45243144846751,,,,59.96025894460473,,1.1423900038273025,-10.133631889907386,,,,,,52.073380746273756,,,,,,,
20110301,-118.99220701581454,,,,60.01560333326887,,14.98339245228255,7.450387161169279,,,,,,54.25858547143531,,,,,,,
20110302,-121.84309998017554,,,,59.990030422927866,,26.23220000682491,21.63938251646538,,,,,,56.59758010168468,,,,,,,
20110303,-124.25906392074741,,,,61.26096188433922,,7.459194117250162,2.7855589353540884,,,,,,58.391623170983884,,,,,,,
20110304,-126.11537970931026,,,,62.439185193134364,,-7.9331908924177466,-12.439044130131775,,,,,,59.92429071551337,,,,,,,
20110307,-129.18630041460386,,,,62.852058049856716,,7.290268677127069,-24.89495517118647,,,,,,61.60994525565352,,,,,,,
20110308,-131.41898735864913,,,,60.60766538391786,,19.54686911954136,-34.93167955583867,,,,,,62.118394968692634,,,,,,,
20110309,-134.01954771571278,,,,58.91798956804985,,29.559409332264643,-43.12646696527495,,,,,,62.36071335818858,,,,,,,
20110310,-137.55748025638783,,,,57.82073387050282,,9.06346717707741,-51.98586358820645,,,,,,63.008304562985,,,,,,,
20110311,-137.66070646513182,,,,56.71580945478251,,-7.653276193121203,-59.37713927577714,,,,,,63.519131883211955,,,,,,,
20110314,-135.18432363314034,,,,55.09287298535359,,-21.69906589099063,-65.38344417148359,,,,,,63.93338443901196,,,,,,,
20110315,-133.35174335474338,,,,53.82134647916677,,-33.12446630760835,-70.31791336047361,,,,,,64.82548737741334,,,,,,,
20110316,-132.0289869763713,,,,51.95504941382482,,-42.33541296751949,-74.0113090079443,,,,,,65.54837428062072,,,,,,,
20110317,-130.18164069878873,,,,50.39641981358943,,-49.90804589099851,-77.03576917215511,,,,,,66.12062274393432,,,,,,,
20110318,-127.89545097839135,,,,48.88685997969897,,-55.59159346332321,-79.24786619830813,,,,,,66.27782422102038,,,,,,,
20110321,-125.86015722567001,,,,47.65404113550667,,-60.592985415891256,-84.08515701654825,,,,,,66.28003888429056,,,,,,,
20110322,-125.70574623463091,,,,46.61831712583996,,-65.52037423674474,-88.08012368099033,,,,,,66.35766287787527,,,,,,,
20110323,-126.7167096958574,,,,45.57757615110917,,-71.78475282240045,-91.0121527547885,,,,,,66.92459677701035,,,,,,,
20110324,-128.9009838105344,,,,44.95414496397287,,-76.6609090008056,-97.3911500418142,,,,,,67.67391872488186,,,,,,,
20110325,-130.66804642430083,,,,29.128919281840506,,-80.93666544226865,-103.1261039009939,,,,,,68.23873270323735,,,,,,,
20110328,-132.2024531134931,,,,16.240832163281805,,-84.17147943908085,-107.2362529777433,,,,,,68.87252329148792,,,,,,,
20110329,-134.50597354471742,,,,5.7198578547010985,,-86.73078637189843,-112.67939526301758,,,,,,69.47015939751665,,,,,,,
20110330,-136.91095187113234,,,,11.998628847694427,,-89.30523649058794,-117.68094354766299,,,,,,70.02488213276638,,,,,,,
20110331,-138.8616588813001,,,,17.145418925159756,,-91.50123898885279,-123.52092467814246,,,,,,70.1451917429772,,,,,,,
20110401,-139.66735959383445,,,,6.688219849762998,,-92.5488686534458,-128.79982040247367,,,,,,69.45600688469551,,,,,,,
20110406,-139.8008267356574,,,,-1.4926221110949045,,-93.9204692754312,-133.21804507850138,,,,,,69.07197257325745,,,,,,,
20110407,-140.44513494568588,,,,-9.529007758647369,,-95.79199380229124,-137.07022305069788,,,,,,70.14481315005713,,,,,,,
20110408,-137.58878734471585,,,,-15.847757722122191,,-95.47907036159613,-138.3248135714848,,,,,,70.35537783138739,,,,,,,
20110411,-135.40119978733415,,,,-20.996319991577955,,-96.20840387947224,-140.7664183846747,,,,,,70.64681959617447,,,,,,,
20110412,-133.37390779906548,,,,-25.433914956780058,,-96.76359607433965,-142.53254728364726,,,,,,70.70142801536801,,,,,,,
20110413,-134.5047074730682,,,,-10.984840901411076,,-61.99683562898583,-143.25210062275175,,,,,,70.77987344820554,,,,,,,
20110414,-135.48897665446734,,,,-18.37836458393589,,-66.72009593840849,-142.6419900527044,,,,,,71.08873809372558,,,,,,,
20110415,-136.45521435638236,,,,-24.946773953140085,,-70.23103880862394,-143.21239224073742,,,,,,71.32480502843133,,,,,,,
20110418,-138.0820322880145,,,,-30.230062778847486,,-73.15624952007083,-143.41017965168007,,,,,,71.30358771414825,,,,,,,
20110419,-137.97366373076457,,,,-34.208678000964916,,-75.20034515522549,-142.5536207296744,,,,,,44.252326242066175,,,,,,,
20110420,-138.1196969888371,,,,-36.90721237211155,,-76.56696334230018,-140.81786927172112,,,,,,22.601218612913254,,,,,,,
20110421,-137.51097700442702,,,,-39.128447471652414,,-77.47690655822147,-137.7485178487516,,,,,,5.027806643737656,,,,,,,
20110422,-137.02249731341428,,,,-41.144874586874046,,-78.50567535771943,-135.76775383532905,,,,,,-9.667985506284097,,,,,,,
20110425,-136.8145340848141,,,,-41.940901096733405,,-79.52465832133431,-134.189027358863,,,,,,-21.44391583178885,,,,,,,
20110426,-136.51473533496207,,,,-42.5801175106776,,-80.18240387572884,-132.89728364641738,,,,,,-31.03811310628455,,,,,,,
20110427,-136.3892022916271,,,,-43.56420719713964,,-81.71053447601327,-133.18897895066885,,,,,,-40.67191395971172,,,,,,,
20110428,-135.78988998121554,,,,-44.187735690517705,,-82.76716601762752,-128.61294830782597,,,,,,-47.624135526603226,,,,,,,
20110429,-135.34920354680116,,,,-44.774075318330624,,-83.39221580035273,-125.14221236111888,,,,,,-53.305536541351664,,,,,,,
20110503,-135.41453106344406,,,,-45.253636345628124,,-83.88604305797405,-122.43776810801285,,,,,,-58.084802639001744,,,,,,,
20110504,-135.1305862820524,,,,-45.543082570827195,,-84.88694630104733,-120.5956331619707,,,,,,-63.047657463229,,,,,,,
20110505,-135.8077350907183,,,,-46.72452728237771,,-85.61879947527684,-119.08757270773503,,,,,,-65.80961164386302,,,,,,,
20110506,-133.55351964574103,,,,-47.683669086744835,,-82.05302082742494,-114.0490897849527,,,,,,-66.76872955666173,,,,,,,
20110509,-134.55480807424752,,,,-48.594820002026395,,-79.38604606875104,-110.18063077350868,,,,,,-68.48279207113004,,,,,,,
20110510,-134.86871863091253,,,,-49.1485209509615,,-77.21610347399216,-106.87783436210519,,,,,,-70.36312521251766,,,,,,,
20110511,-135.46444796531495,,,,-49.64382147288004,,-75.5578001453874,-103.51875449087314,,,,,,-72.10657469689083,,,,,,,
20110512,-135.36934997231438,,,,-49.37214731844852,,-73.15010579999343,-99.86550831977293,,,,,,-72.48791837969156,,,,,,,
20110513,-134.67892633058716,,,,-47.49526721544276,,-70.77248905327649,-95.97646887258057,,,,,,-71.64015458143164,,,,,,,
20110516,-134.16312434343925,,,,-45.96165557138091,,-68.74466568222361,-92.74241192507878,,,,,,-70.94127095614503,,,,,,,
20110517,-133.5971526092728,,,,-44.63075985904256,,-66.92390334001736,-90.16929052933568,,,,,,-69.96932779501773,,,,,,,
20110518,-136.1322701471917,,,,-43.74782659022401,,-65.60775036286799,-88.31192287791255,,,,,,-69.31924675805877,,,,,,,
20110519,-138.59010151994204,,,,-43.34278113335507,,-64.70807817024276,-86.95929499130462,,,,,,-68.91402985059608,,,,,,,
20110520,-141.26295438678775,,,,-43.02288904150032,,-64.13205102196319,-86.5140829359452,,,,,,-68.65729968455365,,,,,,,
20110523,-143.2439402276077,,,,-42.73234082750642,,-63.601253668889036,-85.76665593674282,,,,,,-68.4728341969383,,,,,,,
20110524,-143.93306699522194,,,,-42.73859253165282,,-63.06720242910415,-84.93185631236601,,,,,,-68.58346455416101,,,,,,,
20110525,-144.72747334303494,,,,-42.585784826108316,,-62.49886326929463,-84.20621283564965,,,,,,-68.70662584305829,,,,,,,
20110526,-145.3020075123848,,,,-42.594720021870565,,-61.352766394186844,-82.72550273209943,,,,,,-68.07468300930167,,,,,,,
20110527,-146.4104968452629,,,,-42.711528042174734,,-60.60374142532869,-83.39697789096144,,,,,,-67.93235646836739,,,,,,,
20110530,-147.4195611497051,,,,-43.0944031943022,,-59.990455123120135,-83.94568316014266,,,,,,-67.81055859831262,,,,,,,
20110531,-148.281982669974,,,,-43.39359625068344,,-59.39947091882898,-83.17929974449,,,,,,-67.69206854602545,,,,,,,
20110601,-150.00563875679592,,,,-43.797063631801215,,-58.962427184632546,-82.5809265626246,,,,,,-67.89728904976126,,,,,,,
20110602,-151.06114295092206,,,,-44.46897035133193,,-58.49134556790012,-81.7338502151992,,,,,,-68.9760835190743,,,,,,,
20110603,-161.69461612846905,,,,-44.764391644902894,,-59.822589829932014,-82.54890762418535,,,,,,-71.63575266525554,,,,,,,
20110607,-171.54749411366063,,,,-28.10418687367372,,-61.07003109797179,-83.36584798625486,,,,,,-73.68156563137572,,,,,,,
20110608,-179.59666830331372,,,,-14.483976734810234,,-62.12589917538708,-84.13180114229831,,,,,,-75.07566277251914,,,,,,,
20110609,-192.38904094875954,,,,-3.2466875958029,,-62.920843856227116,-85.40578127365649,,,,,,-76.13020957293885,,,,,,,
20110610,-207.29390280213406,,,,7.474390284467479,,-66.66236024389207,-88.10680988243091,,,,,,-79.60301029741612,,,,,,,
20110613,-223.46921682254327,,,,20.05401686608128,,-70.80303280678402,-92.28848805479994,,,,,,-84.10574500132952,,,,,,,
20110614,-235.57575891193233,,,,30.66173783930465,,-74.99381991543308,-96.09403888794265,,,,,,-88.54878186283963,,,,,,,
20110615,-248.26096706587813,,,,38.69501233010502,,-78.6769491588895,-99.22562788559657,,,,,,-93.12059792095633,,,,,,,
20110616,-248.67635451138267,,,,45.08126130172688,,-81.04169537747694,-101.60645044495553,,,,,,-96.24030298712414,,,,,,,
20110617,-249.88908128239254,,,,50.292998206093024,,-83.64606653018159,-103.82777778166205,,,,,,-99.21712177571507,,,,,,,
20110620,-249.27745471146056,,,,54.54696515135872,,-84.60541116066616,-104.5407621029847,,,,,,-101.49587507092667,,,,,,,
20110621,-248.3152914033098,,,,59.294664639471854,,-86.66818945239788,-106.56508346709825,,,,,,-103.71682978269044,,,,,,,
20110622,-253.10035799265972,,,,62.28242766680449,,-88.39476058425703,-108.49264527119557,,,,,,-104.66802277929227,,,,,,,
20110623,-256.67460877878875,,,,65.50400146939688,,-89.87175983149811,-109.87829842464497,,,,,,-104.73346808114901,,,,,,,
20110624,-161.48882383023053,,,,68.53917865704732,,-93.8743474661348,-114.05890538773295,,,,,,-108.82006717015501,,,,,,,
20110627,-176.84632189012487,,,,67.76722248118622,,-96.96147115560017,-117.67502864672439,,,,,,-107.27156617356307,,,,,,,
20110628,-191.0784084467581,,,,67.1414066100362,,-99.1478843728812,-120.75791550562012,,,,,,-105.80111103662773,,,,,,,
20110629,-111.21450781124925,,,,43.326561846008936,,-100.92658313740237,-129.78415190276075,,,,,,-105.1222010675271,,,,,,,
20110630,-47.30754936278607,,,,46.240955047951886,,-101.27477989187726,-134.54919027427601,,,,,,-103.9077677489013,,,,,,,
20110701,-82.58022424307505,,,,48.627372294640786,,-103.35295282820842,-141.85487499109595,,,,,,-102.911791968564,,,,,,,
20110704,-110.33753811945948,,,,50.01392587561152,,-69.1060211988158,-142.5650763032274,,,,,,-101.26745660670306,,,,,,,
20110705,-133.2710737108303,,,,51.08845191682555,,-40.99765166786683,-143.145864909381,,,,,,-99.90592008047459,,,,,,,
20110706,-153.46982062830764,,,,52.02655439515503,,-18.04739077156573,-143.53245129645506,,,,,,-98.26420501052293,,,,,,,
20110707,-170.52258873283387,,,,52.79186721413823,,1.2509859795716995,-143.93264392223017,,,,,,-96.97064646649888,,,,,,,
20110708,-183.8275453374594,,,,53.409402657930215,,-15.143597214329294,-145.57288676928073,,,,,,-95.57462637339641,,,,,,,
20110711,-194.18742517476255,,,,53.67148209057962,,-28.33282170009018,-146.60798039435122,,,,,,-93.75680774771276,,,,,,,
20110712,-202.81842563349673,,,,53.87738427435915,,-7.468337529604905,-147.74234972976365,,,,,,-92.09529786024827,,,,,,,
20110713,-124.26344419976185,,,,53.55512836839667,,9.614953334738297,-147.52893286639284,,,,,,-86.05659672257741,,,,,,,
20110714,-54.35273270645922,,,,53.377795995232816,,24.38790804704435,-147.4627430443045,,,,,,-59.64295698319123,,,,,,,
20110715,1.9280626068644604,,,,53.25293362551815,,36.474383157761395,-147.32953824969633,,,,,,-38.05976016915253,,,,,,,
20110718,49.03190220537631,,,,53.110224332284396,,11.725671319899435,-150.74972732810414,,,,,,-20.371119395209377,,,,,,,
20110719,88.8282202960864,,,,52.77465300616542,,-8.535600015153147,-153.8683829694682,,,,,,-5.9611496229770315,,,,,,,
20110720,120.23364255979759,,,,53.211807405271784,,-24.670851042864864,-156.48539174159066,,,,,,5.992598153815869,,,,,,,
20110721,146.4465320107692,,,,53.733268782865466,,-37.844921723482535,-159.57237419879235,,,,,,15.898925029935254,,,,,,,
20110722,170.84390466732805,,,,54.16884421222329,,-13.968749862058067,-162.07944646768289,,,,,,24.011179138433693,,,,,,,
20110725,199.47197722524623,,,,57.19008660443848,,5.822503047001016,-161.81419571427398,,,,,,32.259005828456615,,,,,,,
20110726,222.79297638355027,,,,59.588928606579756,,20.064711404272007,-159.4895928264006,,,,,,38.978793993775994,,,,,,,
20110727,240.83237626229047,,,,61.434453029609244,,31.65363749352688,-157.5924721475722,,,,,,44.47462938773431,,,,,,,
20110728,256.95151246739806,,,,62.45606864415326,,41.17423407348527,-157.05608663800152,,,,,,48.28150998928083,,,,,,,
20110729,272.84742982248946,,,,63.22296415412473,,48.78892508563535,-154.58759497087433,,,,,,51.591207083562836,,,,,,,
20110801,288.1281281219891,,,,65.21074348646462,,59.875406582261945,-158.49708759768174,,,,,,53.87323586796816,,,,,,,
20110802,302.9394696749161,,,,66.39176836031933,,68.83473789321928,-158.7523564678459,,,,,,55.74526794797878,,,,,,,
20110803,313.93457415653444,,,,67.4011832982598,,75.87333375874681,-159.0300346253322,,,,,,57.23519271261194,,,,,,,
20110804,193.5813995821013,,,,68.21816769439623,,79.08353781956482,-158.96672366842668,,,,,,58.38556314267716,,,,,,,
20110805,94.52943240716337,,,,65.42199184011433,,76.98155953753485,-112.76844970426421,,,,,,57.15161793751916,,,,,,,
20110808,21.64097835143539,,,,63.41484790677978,,50.95694199064221,-109.4410478196104,,,,,,56.390638774212135,,,,,,,
20110809,-36.636191650142315,,,,61.299689113510844,,52.82602338467278,-74.69105698701823,,,,,,55.314152513356916,,,,,,,
20110810,-80.79810656981338,,,,60.540349750856606,,32.43925568434129,-75.49279549734501,,,,,,56.027358055823534,,,,,,,
20110811,-116.84003109567418,,,,59.00692439918638,,37.12524681174268,-47.62132584567956,,,,,,55.40941185232616,,,,,,,
20110812,-148.66424455495977,,,,57.73553934231985,,40.92442579715678,-24.82900442687007,,,,,,54.84980370889346,,,,,,,
20110815,-175.29108501871627,,,,56.71818570629222,,22.994220618529628,-34.41716354220447,,,,,,54.391821376977006,,,,,,,
20110816,-92.0795031202852,,,,56.13069447860557,,8.719001153522257,-14.053886181223382,,,,,,53.872925696972466,,,,,,,
20110817,-128.1266659151347,,,,55.55431514217154,,16.921198086243425,2.382836864508934,,,,,,52.4630348817091,,,,,,,
20110818,-157.61979911092064,,,,55.06054955565352,,4.125958997672956,-11.94840897829157,,,,,,51.319021165484195,,,,,,,
20110819,-87.7763931880077,,,,54.681780144011,,-6.702145489600597,-23.68492172457526,,,,,,50.37561650637502,,,,,,,
20110822,-30.44083821207827,,,,54.250803110313235,,-15.518793117401499,-33.3984632229119,,,,,,49.61363777242102,,,,,,,
20110823,-61.810859873433586,,,,54.14612087447866,,-2.6470297971799335,-41.28800014108609,,,,,,48.933538360329955,,,,,,,
20110824,-12.916920862013024,,,,54.05448524962434,,-12.223715904034304,-47.75779930308547,,,,,,48.35033640671248,,,,,,,
20110825,26.877495538812234,,,,54.159464725848814,,-20.038725429678273,-53.02830471901949,,,,,,47.89653383809139,,,,,,,
20110826,59.467412658090836,,,,54.245372097301605,,-6.413927717166694,-57.85421771385542,,,,,,47.56642535918972,,,,,,,
20110829,86.15482506774981,,,,54.78138598678838,,-15.323652259201584,-61.77637034166056,,,,,,47.58347338634439,,,,,,,
20110830,107.95065127407027,,,,54.52239255816426,,-22.330024946678567,-64.99313289611793,,,,,,47.58874858183194,,,,,,,
20110831,50.79206213805164,,,,54.27682317148282,,-28.047413782737095,-67.66519736694273,,,,,,47.615966010492436,,,,,,,
20110901,3.4445235696693506,,,,54.0470008158736,,-32.70857748505854,-69.7315406483674,,,,,,47.57440795652049,,,,,,,
20110902,41.29212353963913,,,,57.01675474227635,,-38.23072125213318,-75.96582060250641,,,,,,49.23232152415235,,,,,,,
20110905,73.86852382808308,,,,58.327063033864654,,-43.269511269764,-81.25887121864979,,,,,,50.44891791428004,,,,,,,
20110906,99.23180464155028,,,,60.371012223831066,,-48.98354083392458,-93.67193994231971,,,,,,52.43160915009543,,,,,,,
20110907,120.60767080596021,,,,61.04580808604317,,-53.73080597800946,-106.94887373878332,,,,,,54.43256993113583,,,,,,,
20110908,138.31351557078565,,,,63.4015672115376,,-57.78132024162408,-118.5889106829795,,,,,,57.82410539631709,,,,,,,
20110909,152.74020711593047,,,,65.16435263110822,,-61.1277609399835,-128.0846033706993,,,,,,60.725664544017135,,,,,,,
20110913,164.62566270451595,,,,66.36153101814972,,-36.128034092375096,-135.8320852469387,,,,,,63.20440188117286,,,,,,,
20110914,174.81879683243375,,,,66.96397337309612,,-44.73651848185367,-142.14420823780145,,,,,,65.48948003733437,,,,,,,
20110915,183.51829237658947,,,,67.6049308698995,,-52.63555777572792,-149.15508716109412,,,,,,74.63396645639577,,,,,,,
20110916,190.22113704226288,,,,67.68547507244337,,-59.55762047769452,-155.95367733230282,,,,,,80.36705989058159,,,,,,,
20110919,200.51481823725382,,,,65.08837954394673,,-59.958351617313205,-145.88359877238977,,,,,,82.2177668635636,,,,,,,
20110920,208.91147076218158,,,,63.1855687026002,,-60.410893320202604,-137.38559690882255,,,,,,83.56556298237754,,,,,,,
20110921,224.31237823040934,,,,61.63173564227421,,-62.11026129042726,-131.51399523749302,,,,,,85.9306148957625,,,,,,,
20110922,231.5529447942564,,,,58.89219665144117,,-60.99326206155761,-122.97488864699594,,,,,,84.88492597706893,,,,,,,
20110923,237.78070880050103,,,,55.69499070152887,,-59.92815773970301,-115.91548186933736,,,,,,84.20143844364611,,,,,,,
20110926,221.94512926502523,,,,52.67454213690561,,-58.67046240922779,-108.5644265200178,,,,,,78.94940709896485,,,,,,,
20110927,202.9741544549372,,,,36.31691664613273,,-56.06042508991017,-100.61051023431847,,,,,,74.01470120743599,,,,,,,
20110928,187.3580666091664,,,,22.64707819094982,,-54.079001994838876,-94.16381804932922,,,,,,69.97760585795216,,,,,,,
20110929,173.38728226076213,,,,11.52118415587663,,-52.486998042803265,-88.67121414176444,,,,,,66.5601193969856,,,,,,,
20110930,161.278873640969,,,,15.758760454460354,,-50.927007735913314,-84.08995497140994,,,,,,62.86385349578966,,,,,,,
20111010,151.3677153599372,,,,19.20357617820012,,-49.65367912381898,-80.31970342686462,,,,,,59.828833509255276,,,,,,,
20111011,143.2538440006315,,,,22.003540636698006,,-48.595919760963845,-77.22935395584213,,,,,,57.338401716289134,,,,,,,
20111012,136.6889495470994,,,,24.134446815305797,,-47.720540079327655,-74.69218047282838,,,,,,55.27759090425213,,,,,,,
20111013,131.52312420309647,,,,13.380628808150805,,-47.216896805285735,-72.86536433865786,,,,,,53.822373469473916,,,,,,,
20111014,127.12053142769774,,,,17.243357364868725,,-46.55279228462607,-71.03487711379637,,,,,,52.580610013202495,,,,,,,
20111017,123.42526086971499,,,,7.75118372503805,,-46.009812024090905,-69.56907839840319,,,,,,51.62694844033037,,,,,,,
20111018,120.38854097688255,,,,0.28265298503612923,,-45.430532888842365,-68.09935415745325,,,,,,50.70257659435232,,,,,,,
20111019,117.88611001162079,,,,-5.811949116952858,,-44.962298131668724,-66.88037503097709,,,,,,33.024082911008456,,,,,,,
20111020,115.70109533974166,,,,-10.655844664299645,,-44.223200728324215,-64.87696414180047,,,,,,19.375431107878764,,,,,,,
20111021,113.8561274265356,,,,-14.758279973947083,,-43.650817721845684,-63.20364467217637,,,,,,8.45909917646436,,,,,,,
20111024,112.58279344783305,,,,-17.476491008226233,,-42.46711130944281,-60.65504932088604,,,,,,0.4760125514959183,,,,,,,
20111025,111.48803426636529,,,,-19.647895780054895,,-41.35574439871455,-58.444427537104424,,,,,,-6.041300405645726,,,,,,,
20111026,110.59419793904803,,,,-21.426503831640595,,-40.29346578798847,-56.65613626746128,,,,,,-11.33715272185516,,,,,,,
20111027,109.94087123344592,,,,-12.071455470297614,,-39.99288275500413,-55.56273918904402,,,,,,-2.7026334650149826,,,,,,,
20111028,109.47042482947471,,,,-15.709148083836396,,-39.84719490982067,-54.63681802310551,,,,,,-8.805034455257001,,,,,,,
20111031,115.401127055744,,,,-18.89802008401166,,-39.89769550191302,-54.400417607753305,,,,,,-14.3944197759215,,,,,,,
20111101,129.0589814758531,,,,-21.56625946163792,,-40.710679076926056,-55.06769598261468,,,,,,-19.161009460702044,,,,,,,
20111102,139.54908103657385,,,,-23.752390928774435,,-41.16095332006294,-55.68052195565178,,,,,,-23.074976693767518,,,,,,,
20111103,158.43663698553993,,,,-25.40904764233331,,-41.469695799871054,-56.41121629134994,,,,,,-26.308480225654034,,,,,,,
20111104,178.08393690013455,,,,-26.44608826888425,,-41.57228517325079,-56.576757258860255,,,,,,-29.213528938134488,,,,,,,
20111107,195.08651362099818,,,,-27.164295234898244,,-41.60600748400088,-56.774815713782836,,,,,,-31.194988080391127,,,,,,,
20111108,208.3941096707951,,,,-27.756609176966283,,-41.63458430820065,-56.93457536477478,,,,,,-32.80236630177476,,,,,,,
20111109,121.770797957044,,,,-28.338722718307,,-41.60677181159456,-57.06713827144866,,,,,,-34.158305474199764,,,,,,,
20111110,43.776633579536664,,,,-28.612567453749257,,-41.21405604750975,-55.858536111061184,,,,,,-35.099486271972935,,,,,,,
20111111,-10.711774823539628,,,,-28.879915081999815,,-40.950107940493574,-54.766915426612215,,,,,,-35.78377196025965,,,,,,,
20111114,-48.546878027734465,,,,-28.550931438331432,,-40.16340569047212,-53.45205414085577,,,,,,-36.18245781675063,,,,,,,
20111115,-79.18878967197023,,,,-28.485811986831024,,-39.68276473711849,-52.6393859495233,,,,,,-36.646335240439605,,,,,,,
20111116,-104.25620268439633,,,,-28.459029853284168,,-39.05707201221881,-51.927909044746436,,,,,,-37.02505145164649,,,,,,,
20111117,-124.42251284245476,,,,-28.520680679923174,,-39.01461723129006,-52.482831565172795,,,,,,-38.334141908608316,,,,,,,
20111118,-141.02117370820875,,,,-28.62137765103138,,-24.866711260703457,-52.86453709475551,,,,,,-39.49872364169875,,,,,,,
20111121,-154.48138961612327,,,,-29.16380892897792,,-28.524530808835166,-55.00630480955578,,,,,,-42.312844514774355,,,,,,,
20111122,-163.97766082614334,,,,-29.62076577336518,,-14.993996299332162,-57.03688683087172,,,,,,-44.42248469104606,,,,,,,
20111123,-172.1967254434694,,,,-30.011070886342253,,-20.76274332330947,-58.28241482322629,,,,,,-46.19494259989977,,,,,,,
20111124,-180.94460887911697,,,,-30.483458878437347,,-25.306060380494817,-59.462363106722826,,,,,,-47.56405940185106,,,,,,,
20111125,-183.01067872814772,,,,-30.876479707092948,,-29.09276085108856,-60.55227028030269,,,,,,-48.682252754696556,,,,,,,
20111128,-181.61174660980254,,,,-31.122798994082448,,-31.971089906355054,-61.08051565935527,,,,,,-50.62557280625816,,,,,,,
20111129,-178.23241285216707,,,,-31.408200020685733,,-17.96842553705005,-61.47735891426908,,,,,,-52.26093467982463,,,,,,,
20111130,-174.79804371393507,,,,-31.712690137118486,,-23.321067591766557,-61.77552425593746,,,,,,-53.78945640384046,,,,,,,
20111201,-152.7571161157106,,,,-31.882708190036304,,-27.29514759753274,-61.440197564888955,,,,,,-54.591248942942904,,,,,,,
20111202,-134.7297948582752,,,,-32.805712932299585,,-31.0332059445925,-61.38327357835247,,,,,,-55.60211205089373,,,,,,,
20111205,-119.98445744083925,,,,-33.787520385350014,,-34.20632840674184,-61.44699349404118,,,,,,-58.27758138987004,,,,,,,
20111206,-107.9193819705006,,,,-34.684060186916746,,-19.174271645518335,-61.49489324620861,,,,,,-60.455945551337436,,,,,,,
20111207,-98.04606917770343,,,,-35.35098020741911,,-6.961596792992693,-61.50105113600519,,,,,,-62.219524774070564,,,,,,,
20111208,-89.98412962105586,,,,-36.63957453160774,,-15.160963042672678,-65.01021332245753,,,,,,-65.69298821706232,,,,,,,
20111209,-83.29384475556678,,,,-37.606111251629876,,-21.663671301409806,-67.97542047971281,,,,,,-68.76357414303266,,,,,,,
20111212,-77.9115889967983,,,,-40.030134103964585,,-28.57376877653923,-71.72345818624903,,,,,,-72.03970565325852,,,,,,,
20111213,-73.49406902819041,,,,-41.903966955392576,,-34.19936644595952,-74.7995144031979,,,,,,-74.82497202904511,,,,,,,
20111214,-69.87918867784823,,,,-43.6724346274427,,-39.75118354305582,-78.12560955959573,,,,,,-77.0754003427914,,,,,,,
20111215,-66.81527825881398,,,,-44.79605380577299,,-44.13014148219993,-81.03829580481937,,,,,,-78.18045036587986,,,,,,,
20111216,-64.30577470099438,,,,-45.555940124812494,,-47.74879659868936,-82.77470774237247,,,,,,-79.07404142827086,,,,,,,
20111219,-62.22982835968782,,,,-46.58372458544711,,-27.42661243172984,-51.12253014610566,,,,,,-79.73892344796954,,,,,,,
20111220,-60.57318894575042,,,,-47.42501073015913,,-10.778964545169938,-25.222116377673746,,,,,,-80.98686226242809,,,,,,,
20111221,-59.20982110227679,,,,-48.0179437797534,,3.2805255625950216,-1.9731057159770906,,,,,,-82.24537171372074,,,,,,,
20111222,-58.104917736460095,,,,-48.509840858579075,,15.256955201079439,16.995322917811414,,,,,,-84.30633018997489,,,,,,,
20111223,-57.26292271378387,,,,-49.009610834083965,,24.945920217305808,32.51239129818859,,,,,,-86.52452911705574,,,,,,,
20111226,-37.039777810608996,,,,-49.49488640312004,,33.9027781970203,45.67341865515014,,,,,,-88.18184004059705,,,,,,,
20111227,-20.372334360928825,,,,-49.87263517972983,,41.212646713707535,56.462618437182066,,,,,,-89.95204641201008,,,,,,,
20111228,-26.745656146605324,,,,-50.32694579272293,,47.33765003535803,65.77918229339008,,,,,,-91.4739634857808,,,,,,,
20111229,-59.13549617758923,,,,-52.19767660787394,,54.89438289743442,77.28008671838649,,,,,,-99.51542651136411,,,,,,,
20111230,-85.56163454829614,,,,-53.72144664851954,,60.21669953848791,87.29056906590351,,,,,,-103.03318711702411,,,,,,,
20120104,-105.19450039886144,,,,-54.75276912431544,,64.57107839700869,95.50147851592097,,,,,,-107.82277553975618,,,,,,,
20120105,-116.59268401103911,,,,-54.510938607545754,,67.89121565084704,102.03390023442888,,,,,,-109.62956044060127,,,,,,,
20120106,-125.91616278559628,,,,-54.833818643674654,,71.1614929130889,107.90505275719318,,,,,,-111.26887387560579,,,,,,,
20120109,-133.53817842563674,,,,-55.09009433183872,,73.90350291709343,112.62112241335129,,,,,,-112.85960431985664,,,,,,,
20120110,-144.39977375241824,,,,-55.293706768250246,,77.9573315697841,117.82576085449051,,,,,,-113.84458695786867,,,,,,,
20120111,-153.15834887365344,,,,-55.39580269505602,,83.33985258210917,124.95458374357808,,,,,,-114.88729802453007,,,,,,,
20120112,-161.00962143468928,,,,-55.611741021200004,,87.76709794218361,130.78697048394727,,,,,,-117.04673055110788,,,,,,,
20120113,-166.52385093977992,,,,-55.70894633208455,,91.86052267671487,135.04084372633477,,,,,,-72.65869677668479,,,,,,,
20120116,-96.82842664264057,,,,-33.86779279061068,,96.52485463188113,138.3078405176446,,,,,,-32.632588964693184,,,,,,,
20120117,-41.81159483040222,,,,-16.144690022360383,,99.27506656100118,138.6175802563595,,,,,,-1.2188527546719579,,,,,,,
20120118,5.00145395969114,,,,-1.4644235566764594,,102.00823850874734,139.29919780719743,,,,,,25.380527427124022,,,,,,,
20120119,42.50157063910643,,,,10.436157876546245,,104.16901564817857,139.55212552006196,,,,,,47.06884981756519,,,,,,,
20120120,73.54839553769511,,,,19.14038736634052,,105.17241494710353,138.82966037589313,,,,,,63.944458040136084,,,,,,,
20120130,21.488728455425736,,,,5.836935382462118,,105.92895214429554,138.28175626028093,,,,,,77.45729918282247,,,,,,,
20120131,55.43470911823759,,,,14.532962506044141,,106.80098615819983,138.07519861170567,,,,,,88.40793300415606,,,,,,,
20120201,84.30190492534996,,,,21.8573423124993,,109.719259546821,139.43145016371776,,,,,,98.20585405693892,,,,,,,
20120202,107.91730844070628,,,,27.941845294517798,,111.95739365981441,140.5446089355626,,,,,,104.62864549267279,,,,,,,
20120203,126.22380717316622,,,,32.87174385692067,,113.81104321050883,137.90794396685752,,,,,,109.87988893501036,,,,,,,
20120206,142.6264490915746,,,,37.14010390664822,,115.38883881654733,136.3241594053589,,,,,,113.99151679203077,,,,,,,
20120207,156.07973273306897,,,,40.56907538105852,,116.69061327636385,134.2899378859174,,,,,,117.30897254846315,,,,,,,
20120208,167.49767075297012,,,,43.86063961992451,,116.58421464271908,131.93141441825998,,,,,,119.09829659873859,,,,,,,
20120209,185.76638697031757,,,,46.57137518225027,,114.65510721192065,128.21945319445103,,,,,,120.63336823051354,,,,,,,
20120210,200.8444271513599,,,,48.25128522609629,,112.7047768604193,125.15861800282097,,,,,,121.89542081304137,,,,,,,
20120213,212.88610649451888,,,,49.66393589542226,,111.32097894293723,122.53053088842549,,,,,,122.67774842170006,,,,,,,
20120214,223.40471079029206,,,,50.748290987123326,,110.07500415184671,119.77978756691955,,,,,,123.68388495049244,,,,,,,
20120215,232.1237450655882,,,,51.62213551152919,,109.11136411703487,79.01235119259125,,,,,,122.87074550171667,,,,,,,
20120216,238.868154139328,,,,51.16773568172461,,106.47120025854417,46.31012142089763,,,,,,119.50378496248187,,,,,,,
20120217,248.13468818719414,,,,50.92941259325127,,104.01933104057503,19.49447811965285,,,,,,116.6049513555456,,,,,,,
20120220,148.27153733000426,,,,50.84762542276175,,102.74316525405109,-2.8678299927628377,,,,,,114.49171056258538,,,,,,,
20120221,54.10427790390787,,,,50.8331332691509,,103.1703343251221,-22.797890790687646,,,,,,113.80539004559566,,,,,,,
20120222,-24.412301180607606,,,,50.8479310933626,,103.8334507465604,-39.0055347730318,,,,,,113.32113977447754,,,,,,,
20120223,-90.11611417821273,,,,50.9260186041295,,104.29620676172107,-52.14067746778459,,,,,,112.60928182360857,,,,,,,
20120224,-141.23980889720738,,,,51.80306473295393,,105.87506215662181,-64.06191133853181,,,,,,112.98467952515897,,,,,,,
20120227,-184.55720611322138,,,,53.13819633248257,,106.86196018993941,-73.30848883566826,,,,,,112.66620841918812,,,,,,,
20120228,-229.79430419183592,,,,54.32346534849113,,108.0611322080037,-80.52178553309773,,,,,,112.89757290013952,,,,,,,
20120229,-251.39801503115194,,,,55.634613257767406,,109.27778724727625,-86.44345421389968,,,,,,113.32045799672618,,,,,,,
20120301,-265.8971864141121,,,,56.40218179351162,,110.24352277671248,-91.10595615983657,,,,,,113.97848074580854,,,,,,,
20120302,-280.78220203721287,,,,57.101736286950455,,109.92058893308243,-97.08173950356932,,,,,,113.50988181736855,,,,,,,
20120305,-293.11913288102943,,,,58.37799684639491,,109.55191666056959,-101.81683044128525,,,,,,114.09748543792126,,,,,,,
20120306,-302.27790576700585,,,,59.289037072964184,,109.65955668146343,-106.64786822774765,,,,,,115.10709540828327,,,,,,,
20120307,-315.0658072229692,,,,60.92450444352706,,109.60807442523485,-110.90485816186364,,,,,,116.28632587623117,,,,,,,
20120308,-325.801579372317,,,,62.459634345387286,,111.17796865076346,-116.44597961619071,,,,,,117.72670015393749,,,,,,,
20120309,-332.4777991048842,,,,63.030890241915635,,110.36686084584183,-119.61058569811114,,,,,,118.40110502874447,,,,,,,
20120312,-337.8443038762744,,,,63.50337128589337,,109.6638337804542,-122.63049955214069,,,,,,118.28955558534979,,,,,,,
20120313,-342.30398067838786,,,,63.83015890291683,,108.79025809251988,-125.86329507568904,,,,,,118.21017556423983,,,,,,,
20120314,-345.66927064697984,,,,64.24849923489928,,107.79144822831567,-128.51398347956777,,,,,,118.27215070092421,,,,,,,
20120315,-353.4281364076805,,,,66.81135414325622,,109.8454590586424,-131.858288057951,,,,,,121.01336174999719,,,,,,,
20120316,-360.38073111514035,,,,68.97467832285973,,109.69752610975182,-133.68473181576164,,,,,,123.12615831661351,,,,,,,
20120319,-365.7605634443391,,,,70.83163079462595,,109.52247084754808,-134.78296862238082,,,,,,123.54076373702961,,,,,,,
20120320,-364.59123865143533,,,,74.03378260506874,,110.1970015471022,-137.38334066637682,,,,,,78.01214642491162,,,,,,,
20120321,-352.02520829525776,,,,76.15636203848612,,110.73831420399618,-139.67283751486693,,,,,,40.93574375852594,,,,,,,
20120322,-340.0299024715509,,,,77.69077291178269,,111.04583906823889,-141.8921939644893,,,,,,10.331630894589706,,,,,,,
20120323,-331.0633179371776,,,,78.76947822675574,,111.27761217803567,-143.70535582061052,,,,,,-14.592414024069678,,,,,,,
20120326,-323.5271390482427,,,,79.88315541781893,,111.78574105042519,-146.33597258763848,,,,,,-37.530281890450546,,,,,,,
20120327,-295.7333908972497,,,,81.18929445337614,,111.80632174193353,-149.55484378199705,,,,,,-55.84326378798029,,,,,,,
20120328,-273.949713119676,,,,82.06968631926605,,110.93095857583765,-149.679004095973,,,,,,-70.73779915041113,,,,,,,
20120329,-252.33107182788382,,,,82.89206712692923,,109.18252511260846,-150.7630626179543,,,,,,-82.41463897787712,,,,,,,
20120330,-234.57867203368798,,,,84.02448662752995,,109.04404120064109,-155.14891439189964,,,,,,-95.60370160078008,,,,,,,
20120405,-220.05058621147907,,,,85.39543044510572,,108.83762660778336,-152.78281444598912,,,,,,-106.37336509513413,,,,,,,
20120406,-208.18113908899286,,,,87.00475375649958,,108.13486026190498,-150.43805992606622,,,,,,-115.05235638496072,,,,,,,
20120409,-143.51514677688257,,,,89.27511129451277,,107.30156982263537,-149.501945577785,,,,,,-123.27872172727656,,,,,,,
20120410,-143.6559943505436,,,,91.09743857686875,,106.61850753376964,-148.36850171676406,,,,,,-129.3122546165249,,,,,,,
20120411,-143.5209981672721,,,,93.94518529652437,,108.53831701958042,-149.6434919221836,,,,,,-136.18832517512652,,,,,,,
20120412,-143.0818889700457,,,,95.9396356324632,,109.84413714095106,-148.6607435988194,,,,,,-141.50352276752866,,,,,,,
20120413,-141.535962639385,,,,98.33980801799831,,112.42968943031117,-148.07917550055362,,,,,,-145.7195477449524,,,,,,,
20120416,-140.13673612002324,,,,100.40846461789202,,114.62511705693804,-148.48492023509874,,,,,,-149.45066615815267,,,,,,,
20120417,-138.88426196611712,,,,102.52974595592022,,70.90666352096582,-148.94062600570027,,,,,,-154.1404179819687,,,,,,,
20120418,-137.84524029783702,,,,99.88197271148374,,80.7321160760349,-148.61526632066077,,,,,,-158.4911886652055,,,,,,,
20120419,-136.96780154915675,,,,98.05609649783547,,88.76903158618539,-149.161201104362,,,,,,-167.46648780778716,,,,,,,
20120420,-135.65663434941445,,,,96.63217371415955,,94.70481781082117,-149.79581358076624,,,,,,-174.7665701406942,,,,,,,
20120423,-135.20859744219615,,,,62.02393839517524,,99.54160902961371,-149.85631025487285,,,,,,-174.71609312703848,,,,,,,
20120424,-134.77704423096347,,,,33.618124624632266,,59.83992655773022,-149.95472583315754,,,,,,-174.6606241884095,,,,,,,
20120425,-134.53618221746953,,,,10.176790780141054,,27.51937267125261,-150.0885643102577,,,,,,-175.2622828020303,,,,,,,
20120426,-133.8351012150593,,,,-8.169755163689935,,1.1864255004534277,-149.35790475453064,,,,,,-175.16705425428708,,,,,,,
20120427,-143.46810380413635,,,,-23.45378150892144,,-20.940006844780584,-148.86394195171826,,,,,,-176.12954573172874,,,,,,,
20120502,-150.4148698973718,,,,-36.36695273288881,,-39.195963593953245,-151.2703485927597,,,,,,-176.0882916896842,,,,,,,
20120503,-158.22890324580885,,,,-46.364160180001825,,-54.32938668857422,-152.2887273913289,,,,,,-178.50408604933955,,,,,,,
20120504,-96.61797607323025,,,,-54.55354470227263,,-66.77372809828032,-153.6369797462181,,,,,,-180.99705410837944,,,,,,,
20120507,-55.66904917628613,,,,-60.973700298357656,,-73.76821816909684,-159.05402712549906,,,,,,-176.27258127225713,,,,,,,
20120508,-22.236686923020592,,,,-66.26916672519789,,-80.52439113388967,-163.64402560031183,,,,,,-172.43097255072672,,,,,,,
20120509,5.440330371147957,,,,-69.2342835831235,,-87.51354127687262,-168.21032486678183,,,,,,-170.4719501699428,,,,,,,
20120510,-19.134221626760663,,,,-71.64691423829899,,-93.00178913231527,-172.36714531397914,,,,,,-169.39112066496102,,,,,,,
20120511,-37.9876160717104,,,,-73.30221529788949,,-96.64209519965493,-169.6215307792074,,,,,,-164.43599014118215,,,,,,,
20120514,-54.04790631112775,,,,-73.58930691801213,,-100.31763906732385,-169.18947740745185,,,,,,-160.29518162504584,,,,,,,
20120515,-67.28810994296153,,,,-73.82724822800485,,-103.26055726444955,-167.82079557834967,,,,,,-156.6908103005194,,,,,,,
20120516,-76.46609025049659,,,,-73.00720947265101,,-104.95190261940927,-165.76003208101537,,,,,,-154.5452960122389,,,,,,,
20120517,-83.41393356450754,,,,-71.4628885030799,,-104.58382337124449,-162.3085441995002,,,,,,-149.14221462930783,,,,,,,
20120518,-88.73386687090343,,,,-71.82597768475372,,-105.37068524033538,-158.4740711165985,,,,,,-145.34655251546775,,,,,,,
20120521,-52.385664450715524,,,,-70.57328280279773,,-104.04282935974781,-154.27757924138973,,,,,,-141.83857252705198,,,,,,,
20120522,-63.196288228207635,,,,-69.57223827681831,,-103.3912948057585,-150.96360874709362,,,,,,-138.768676036956,,,,,,,
20120523,-31.796669800492293,,,,-68.49629413485141,,-102.42183655419903,-147.77320701825735,,,,,,-135.08614869781292,,,,,,,
20120524,-6.234739819844418,,,,-67.56425046201278,,-101.5921565492612,-144.8969112345212,,,,,,-131.7798830360883,,,,,,,
20120525,14.900513425891655,,,,-66.74240431236096,,-100.68303057223714,-142.55947666295242,,,,,,-129.0620451309559,,,,,,,
20120528,32.322983436047586,,,,-42.909512904249816,,-64.915762729908,-140.72504214969433,,,,,,-127.25761060850128,,,,,,,
20120529,6.402319848113836,,,,-23.54993235070025,,-70.28323617113438,-138.17405234374968,,,,,,-124.07370175805313,,,,,,,
20120530,-14.281324181531422,,,,-30.840162772922273,,-74.9307217868349,-136.41266653894047,,,,,,-121.72704529438624,,,,,,,
20120531,-30.72669107300518,,,,-36.84800269403718,,-78.30885880409096,-135.22693188868337,,,,,,-117.81324286919546,,,,,,,
20120601,-45.1248760003239,,,,-41.747932240300464,,-81.08873525986563,-134.27693374055298,,,,,,-114.14325602606894,,,,,,,
20120604,-54.69902007356021,,,,-43.6719256075836,,-80.82365927205656,-126.59283405037085,,,,,,-107.23498839402264,,,,,,,
20120605,-61.95425905460387,,,,-45.19339581787826,,-80.44051388155889,-119.77101519220929,,,,,,-101.68048966937195,,,,,,,
20120606,-67.95018080997097,,,,-46.425670286165925,,-79.65649639553766,-114.18330925401023,,,,,,-97.0430530315803,,,,,,,
20120607,-72.27315755688471,,,,-47.475953271525945,,-79.06626645924194,-109.66311712626032,,,,,,-93.24728227694396,,,,,,,
20120608,-76.27091295900772,,,,-48.31437968625507,,-78.8328946587509,-106.6541469325068,,,,,,-89.24997892226088,,,,,,,
20120611,-78.7936174350145,,,,-48.383495728447045,,-77.16675771728555,-103.29548227436457,,,,,,-84.57852882151013,,,,,,,
20120612,-81.02892700933427,,,,-48.303195780288455,,-75.61634404229855,-100.69983719665188,,,,,,-80.43136431188165,,,,,,,
20120613,-82.58882152362312,,,,-48.53887035207281,,-74.30851554887657,-98.41960260741203,,,,,,-76.93274120913465,,,,,,,
20120614,-84.33640614369045,,,,-49.10024171854113,,-73.61312978536823,-96.76227172237454,,,,,,-74.51905144896403,,,,,,,
20120615,-85.63505018957427,,,,-48.997344692156545,,-72.79568032670726,-95.94567487798757,,,,,,-71.49444483557434,,,,,,,
20120618,-87.02175116637473,,,,-49.28013610858963,,-72.568294266927,-95.45261574197384,,,,,,-68.94286542553665,,,,,,,
20120619,-88.12086029392913,,,,-49.50379293232494,,-72.39431387364434,-94.87495140253236,,,,,,-66.83550537167869,,,,,,,
20120620,-89.12142744426521,,,,-49.721766961183604,,-72.22175781709204,-94.70482307299875,,,,,,-65.27744947040725,,,,,,,
20120621,-89.20866848803102,,,,-49.367935526155584,,-46.42992067763924,-93.49056541245133,,,,,,-63.69846325924869,,,,,,,
20120625,-89.24682642789072,,,,-49.074945343615234,,-25.320273183235244,-92.4880022949193,,,,,,-62.40605671228298,,,,,,,
20120626,-89.1477687165793,,,,-48.89850923927245,,-7.849126087899751,-91.75284608767899,,,,,,-61.28288096160934,,,,,,,
20120627,-89.1150470879445,,,,-48.79275073311335,,-19.35844256951335,-91.12390404066396,,,,,,-60.61386790551451,,,,,,,
20120628,-89.42635537314655,,,,-48.66834664113399,,-3.4456073975016874,-90.47837821417428,,,,,,-59.6411463726115,,,,,,,
20120629,-90.2477272370875,,,,-48.444488530280815,,9.829859283076937,-89.72160544712561,,,,,,-58.92291588127905,,,,,,,
20120702,-90.24729391636853,,,,-48.307691185354116,,20.48752312176564,-88.86153428727067,,,,,,-58.33715743208505,,,,,,,
20120703,-96.89236569356848,,,,-49.998464909196606,,32.45455616624699,-93.51697394459062,,,,,,-59.37313135877023,,,,,,,
20120704,-102.78987619007202,,,,-51.385618302199454,,42.22329826638129,-97.72873854080203,,,,,,-60.348934602999634,,,,,,,
20120705,-108.46726675196004,,,,-52.494556002751246,,52.01539340750111,-100.64918607695118,,,,,,-61.111387085806705,,,,,,,
20120706,-113.93449642063949,,,,-53.30570551003481,,60.08772487339421,-102.98293107385133,,,,,,-61.54533734893456,,,,,,,
20120709,-117.89733074531128,,,,-54.88079068046462,,66.90769908620187,-104.82168234600431,,,,,,-63.45276715597201,,,,,,,
20120710,-121.89462480778276,,,,-57.17270424358484,,73.17368162847599,-107.12365833158836,,,,,,-65.47004034312583,,,,,,,
20120711,-125.62406515294147,,,,-59.95653071968298,,79.91526399872583,-109.00663363352504,,,,,,-68.74008314922933,,,,,,,
20120712,-130.46705239838113,,,,-62.21739149651351,,85.74699126845404,-111.07097877383282,,,,,,-71.41460510079995,,,,,,,
20120713,-134.93995725535717,,,,-63.41341883958067,,90.65897819447768,-112.0663627372512,,,,,,-72.01987010247281,,,,,,,
20120716,-138.90778982443814,,,,-65.53314433693706,,94.94406404769883,-112.41079574048355,,,,,,-73.22591779326737,,,,,,,
20120717,-140.80708739465953,,,,-66.88736304375071,,96.9405375275318,-112.10470220306354,,,,,,-73.46965521484616,,,,,,,
20120718,-143.65939022493558,,,,-67.41862533173308,,60.27614833395197,-111.69362101243989,,,,,,-73.62074225479554,,,,,,,
20120719,-145.3398775465114,,,,-67.93241014255098,,67.80953931120249,-111.36073899700123,,,,,,-73.21859746775871,,,,,,,
20120720,-158.4116134287503,,,,-70.7802031558466,,74.77638540443935,-113.03468856290854,,,,,,-73.39869889244387,,,,,,,
20120723,-166.63438161225324,,,,-68.86488186865412,,75.49451658529998,-109.63237530159748,,,,,,-72.08426930821837,,,,,,,
20120724,-173.30564251016517,,,,-66.7896170372153,,76.09859812572819,-107.01101295159604,,,,,,-70.99476611215287,,,,,,,
20120725,-179.89324974336816,,,,-65.03157989945139,,75.57107708962009,-105.45443066397195,,,,,,-68.82496680742348,,,,,,,
20120726,-185.9305578936814,,,,-63.6158556085005,,75.58085516241766,-104.1544353170284,,,,,,-67.25132977403936,,,,,,,
20120727,-191.19664643973135,,,,-62.206600943663986,,75.19357469533142,-103.14367007269652,,,,,,-65.63332116923509,,,,,,,
20120730,-201.20370491932277,,,,-60.959606707404085,,75.09928661778959,-102.48186966603352,,,,,,-64.45046113554328,,,,,,,
20120731,-209.8761292065287,,,,-60.643126408602164,,75.58640794762977,-103.00778305030751,,,,,,-63.62674025106946,,,,,,,
20120801,-217.03493888524017,,,,-60.37402052537985,,75.97176953035698,-103.43809343350301,,,,,,-62.985597406090875,,,,,,,
20120802,-222.68663140822204,,,,-60.2813621864523,,76.5249435953637,-104.54450587627561,,,,,,-62.39070808874514,,,,,,,
20120803,-226.1709894952654,,,,-60.213717718641114,,76.9527220582755,-105.35580960863813,,,,,,-61.970843525909274,,,,,,,
20120806,-231.4831773097169,,,,-60.083010502956405,,76.87525672339787,-66.5934396370698,,,,,,-61.00553339054264,,,,,,,
20120807,-239.21699239634745,,,,-59.927385863840605,,76.90000950279688,-34.40489087209566,,,,,,-60.34104247871985,,,,,,,
20120808,-242.52396551390012,,,,-59.39425277558274,,76.8456904756746,-7.961400490965479,,,,,,-59.72534441588489,,,,,,,
20120809,-245.09956049861185,,,,-58.67838095150037,,76.30624785555237,13.353980573031382,,,,,,-59.1053171017957,,,,,,,
20120810,-246.5575373709051,,,,-58.868085526789656,,76.00145872259829,-9.46254255832056,,,,,,-59.05563713801699,,,,,,,
20120813,-248.12080564058206,,,,-58.60203129563071,,75.98912439188601,-29.078640595608924,,,,,,-59.18063061520068,,,,,,,
20120814,-242.4580735840271,,,,-58.40559586345758,,76.04751287147373,-45.60839189351004,,,,,,-59.49068972503343,,,,,,,
20120815,-237.4790559178291,,,,-58.36946969657953,,76.08762871059561,-14.651364866552825,,,,,,-59.74959703050406,,,,,,,
20120816,-225.76094817146162,,,,-58.53167785765252,,76.71682232367256,10.736039213150816,,,,,,-60.42737248804582,,,,,,,
20120817,-216.10359854108842,,,,-58.22813759399843,,77.2081877798926,-14.43585275770277,,,,,,-61.44409570361893,,,,,,,
20120820,-208.24949674236146,,,,-60.30879458144894,,81.80021651492319,-53.600207420017625,,,,,,-62.850097756869,,,,,,,
20120821,-138.7643998658888,,,,-62.577460912701845,,85.69107148178973,-85.6272925046414,,,,,,-63.99459477105185,,,,,,,
20120822,-81.91082366484932,,,,-64.5229759617571,,49.483844367818875,-113.45231354468994,,,,,,-66.75570729137225,,,,,,,
20120823,-35.378456060183495,,,,-65.26743435000982,,19.95765393748619,-123.20018009245777,,,,,,-68.40835460499306,,,,,,,
20120824,2.5345446150709994,,,,-66.9916758777643,,-4.510970235447047,-131.47740104767826,,,,,,-70.8943622615712,,,,,,,
20120827,33.064139841462115,,,,-66.66295931504081,,-24.615797317612053,-138.6734433426997,,,,,,-72.33745043092156,,,,,,,
20120828,55.637268686890195,,,,-66.32033865553875,,0.1364912245168404,-84.13443811678741,,,,,,-73.1477494864614,,,,,,,
20120829,74.15068110921179,,,,-64.8610678698786,,20.59616637075285,-39.493387144050686,,,,,,-73.79153785528499,,,,,,,
20120830,89.50156284750265,,,,-63.62665477196686,,36.971901736770434,-2.793085105205903,,,,,,-74.56749309803558,,,,,,,
20120831,101.67256772785784,,,,-41.59525693860656,,50.32512417364089,27.104598875686104,,,,,,-46.92636601409124,,,,,,,
20120903,109.43414034668938,,,,-24.28367804496851,,61.432343533511066,51.99194672072365,,,,,,-23.796225559251138,,,,,,,
20120904,115.83593341800791,,,,-10.19977688907549,,70.89236215848575,72.32630461052754,,,,,,-4.837898619460607,,,,,,,
20120905,120.22775048528385,,,,1.6829283860330715,,78.9723677800146,88.17475839674569,,,,,,10.14391294554408,,,,,,,
20120906,123.80276789021408,,,,11.268601479052972,,87.06653322242616,102.31016203345742,,,,,,22.876912433670416,,,,,,,
20120907,126.7567790596174,,,,19.114085789586586,,94.31846695317842,115.01912856292134,,,,,,34.039754055350635,,,,,,,
20120910,128.83994129331379,,,,25.17233168090032,,99.19382912866458,123.9238230718294,,,,,,41.9731657940895,,,,,,,
20120911,132.42774955907504,,,,30.28054684597415,,103.55260587102237,131.08579825933685,,,,,,48.27769425932167,,,,,,,
20120912,132.1227178508382,,,,34.49290495206675,,107.38474267159417,136.948287595694,,,,,,53.43335284743472,,,,,,,
20120913,135.27669540374646,,,,37.71065100973025,,109.9679015456192,141.8184138498674,,,,,,57.73843667757575,,,,,,,
20120914,138.24493973008433,,,,39.01253125485823,,105.03392068228402,138.68820510074397,,,,,,58.44785311595978,,,,,,,
20120917,141.35764427858595,,,,40.28381648240554,,100.87207631367745,135.9854574319804,,,,,,59.50162745554089,,,,,,,
20120918,143.04140572278223,,,,41.2799167580377,,96.9013057416243,133.685582887826,,,,,,60.04050954969185,,,,,,,
20120919,144.41734203565707,,,,42.18677118770632,,94.48435589908189,131.8094355824187,,,,,,60.58385804635579,,,,,,,
20120920,143.91935058156335,,,,42.583080866103536,,91.2543617815309,131.89841029539974,,,,,,60.27133305188129,,,,,,,
20120921,143.3975944700171,,,,42.93526474416121,,89.1740719716188,132.04480203580667,,,,,,60.02118536747064,,,,,,,
20120924,143.4202704948554,,,,43.323496714027364,,87.0592751568108,132.00189345624455,,,,,,59.993021034186,,,,,,,
20120925,144.9562771015669,,,,43.69148360635476,,85.66980452862242,132.8059187615466,,,,,,60.540811801530616,,,,,,,
20120926,146.1657189044365,,,,44.70848790196286,,84.47754895476069,132.4258487414243,,,,,,60.88603611627344,,,,,,,
20120927,146.87241426055965,,,,45.529760417376664,,83.57870509504002,131.82484895069803,,,,,,61.19104394383585,,,,,,,
20120928,147.0055483996464,,,,45.86357693744402,,53.93405545841044,131.3876793249008,,,,,,61.246326663102806,,,,,,,
20121008,148.43528733925496,,,,46.154858433010716,,31.12198533551415,130.77896864714313,,,,,,61.15320369480458,,,,,,,
20121009,149.40568547668033,,,,45.95674061876245,,38.371392107647665,129.26535994302188,,,,,,60.34767048822825,,,,,,,
20121010,151.48951427169507,,,,45.90104698696875,,18.471452122829163,128.4521349738728,,,,,,60.042066046700256,,,,,,,
20121011,153.1765425096921,,,,45.85045052383085,,28.006769525798003,127.68193122215317,,,,,,59.75710690301586,,,,,,,
20121012,154.6748760632612,,,,45.7014625289418,,10.012837375319751,127.05033535631615,,,,,,59.475493518919606,,,,,,,
20121015,155.90840126176926,,,,46.03361288802885,,-4.480567901402903,80.93258925892079,,,,,,59.64717130810326,,,,,,,
20121016,156.99818176890392,,,,46.320556474918185,,-16.334724288363585,88.88915682343756,,,,,,59.82837954248319,,,,,,,
20121017,164.9785208729825,,,,46.55518358993781,,-26.084678584271668,51.446227791251566,,,,,,59.954626060443466,,,,,,,
20121018,171.94300644670625,,,,46.89763119160737,,-33.97001482904564,63.250580790349176,,,,,,60.057773389802904,,,,,,,
20121019,177.82957911260067,,,,48.28438853516398,,-45.11892752383269,80.92277015574126,,,,,,63.02854494108816,,,,,,,
20121022,181.6694500853165,,,,49.416895056814425,,-17.736104980111186,93.98754653841361,,,,,,65.4583576652429,,,,,,,
20121023,185.57252618100637,,,,49.7274321342831,,-33.923827438837456,104.37492032158679,,,,,,67.67781405976976,,,,,,,
20121024,188.6143259937633,,,,49.929549769961525,,-9.909476113458494,112.6884904791366,,,,,,69.09372155696808,,,,,,,
20121025,193.4007942506678,,,,50.407003931471245,,11.22718261689029,121.62849478001776,,,,,,72.37394020174165,,,,,,,
20121026,196.61971537252117,,,,50.82569920957785,,28.937212819656175,127.5901473676799,,,,,,75.09091944334108,,,,,,,
20121029,199.2824530481801,,,,51.60249953930892,,7.24031553689096,131.75007757554974,,,,,,77.47219160669071,,,,,,,
20121030,201.6789045705931,,,,52.21396970820141,,-9.954053995624,134.26932197049217,,,,,,79.45909619116311,,,,,,,
20121031,203.51437788044848,,,,52.670849296141874,,-23.82444580299756,136.94802160481174,,,,,,81.35609495072889,,,,,,,
20121101,205.2988598763364,,,,53.09748305049486,,-4.056158630483656,139.14610219196965,,,,,,82.86867336913066,,,,,,,
20121102,210.51326319057668,,,,54.58295263904751,,11.504145554825834,140.92654969457578,,,,,,85.1930562093216,,,,,,,
20121105,218.17179553833915,,,,55.2093914622979,,26.280230523491053,143.3336661434897,,,,,,90.21220917980574,,,,,,,
20121106,223.84279501320657,,,,58.525095607904504,,4.452364920479302,145.5411064934395,,,,,,103.5863287766311,,,,,,,
20121107,221.08728764356252,,,,60.99668342682326,,20.625115494634667,147.55222839885315,,,,,,110.52933650452286,,,,,,,
20121108,218.77472562168492,,,,62.428651668061114,,33.952087406713645,149.24975114945636,,,,,,115.86147715795985,,,,,,,
20121109,216.89072049559434,,,,62.806667809441144,,44.8052677292967,150.66994686700303,,,,,,120.78825091403466,,,,,,,
20121112,216.1843115342221,,,,63.139828454244295,,54.53739816821411,152.77346653688394,,,,,,124.82349701575394,,,,,,,
20121113,218.95552640105467,,,,63.34234459768711,,26.727750159579358,155.71526619818485,,,,,,128.90129736297146,,,,,,,
20121114,221.91897923963623,,,,63.27057397230638,,39.69073781520019,162.86907619878383,,,,,,131.41920539682724,,,,,,,
20121115,224.27926080294068,,,,63.33428675441314,,50.577473307833635,168.90550959871186,,,,,,133.44113126222507,,,,,,,
20121116,225.8933748506502,,,,64.42923238499206,,23.556754931056584,171.50836625717102,,,,,,138.06144284383555,,,,,,,
20121119,216.56354987030326,,,,64.97047549419237,,36.77179334930689,174.2520760454252,,,,,,141.16989594754278,,,,,,,
20121120,208.24454403937713,,,,66.86982458273931,,12.581805273529591,177.53976609795103,,,,,,144.11299968602157,,,,,,,
20121121,200.8176491637013,,,,68.76612826922947,,29.045766483866288,181.04502970515668,,,,,,148.68715310959973,,,,,,,
20121122,195.08703558777913,,,,71.1208459283202,,42.50417662476343,183.718058178142,,,,,,152.6848989946666,,,,,,,
20121123,191.22546563025136,,,,73.08003485245563,,53.49289698480765,189.78289795574483,,,,,,156.03579075970418,,,,,,,
20121126,187.14246299209083,,,,74.56108541319013,,70.78374401085706,200.61924365475093,,,,,,157.21326352886203,,,,,,,
20121127,182.82290073560955,,,,75.28920227216751,,85.97727787737004,210.31595682234618,,,,,,158.6062710680519,,,,,,,
20121128,179.36870598536632,,,,76.24582899407393,,98.1812216561207,217.7470832130151,,,,,,157.86862470912428,,,,,,,
20121129,174.46100683842488,,,,77.0732761659249,,108.78698374612377,223.8326635568919,,,,,,157.57406064875252,,,,,,,
20121130,168.97982317360282,,,,77.68182395477075,,118.6423483749129,226.83467445001986,,,,,,156.59137181854732,,,,,,,
20121203,163.72307089045248,,,,80.01893149544789,,116.96493889230226,228.19870547298402,,,,,,155.96091725369314,,0.0,,,,,
20121204,159.51392069531718,,,,81.9357846842888,,115.48765385040208,232.96024384709938,,,,,,155.4335977140401,,0.0,,,,,
20121205,157.12793108207268,,,,83.28941697673419,,114.31968192067345,233.99465044283664,,,,,,157.63011154260923,,-68.76260759201263,,,,,
20121206,154.6774839535739,,,,86.13653805598108,,113.47848511892697,235.08172197919015,,,,,,157.13630639818598,,-78.1567153703425,,,,,
20121207,152.67717921371826,,,,90.46777840730306,,113.00427204329465,235.9779758828917,,,,,,154.7001519658796,,-88.57770000732643,,,,,
20121210,151.19181287656355,,,,91.90635487791239,,112.06381109767287,235.6031086419485,,,,,,152.92731942468018,,-98.8984030480824,,,,,
20121211,148.27261467453363,,,,92.88761242801333,,111.07944218536153,232.77921773731038,,,,,,150.7141631629965,,-88.34539828887925,,,,,
20121212,97.3497954380139,,,,93.75039876092333,,109.968984317534,230.64882702511824,,,,,,149.06070550104485,,-82.74023042302659,,,,,
20121213,56.755950868607975,,,,94.18145696000998,,108.65481071353274,228.37241848445862,,,,,,143.988720585229,,-79.9977406076551,,,,,
20121214,24.13401365864618,,,,93.65603845436462,,108.35292368009034,142.54528569152498,,,,,,140.0819200312083,,-78.10473819426207,,,,,
20121217,-5.487548166444695,,,,93.54610084584019,,107.75986980808506,161.4186929275105,,,,,,133.17252236469218,,-76.19288799496306,,,,,
20121218,-29.949316680758596,,,,93.57016224193363,,106.93265883856964,175.94218010721738,,,,,,127.36573663217504,,-75.51686644375377,,,,,
20121219,-50.40361266286261,,,,93.60783240446467,,106.52025795445147,186.57016451461152,,,,,,122.38187541319809,,-45.679281365538394,,,,,
20121220,-67.2829070106653,,,,92.65912625107619,,105.60064164841668,193.40057312343404,,,,,,118.10571996588907,,-21.85790208792504,,,,,
20121221,-81.00355908879368,,,,91.8745850198462,,104.29202653680422,198.21312938287207,,,,,,114.52238223453608,,-2.9977348698050323,,,,,
20121224,-90.75749425296928,,,,91.65185502408285,,103.32545943977227,202.0433497999288,,,,,,111.80995057626686,,12.415735657277716,,,,,
20121225,-97.4635154810412,,,,92.58483187128442,,102.5304615903963,205.75510512108792,,,,,,109.57478675313463,,25.156537432748213,,,,,
20121226,-102.89243470977844,,,,93.7438125867222,,102.11241285398313,209.7753967185447,,,,,,108.44422885273251,,35.84716216722783,,,,,
20121227,-108.73791058861688,,,,93.14504199715245,,101.77262736783621,213.25651345887132,,,,,,107.15196197417869,,44.91109514495582,,,,,
20121228,-114.28622267224053,,,,92.77614780671975,,101.72611111929851,217.68018717341388,,,,,,106.021556929489,,52.66509169712608,,,,,
20121231,-119.04389587643529,,,,92.62491654009149,,106.81843467193265,222.57828663576797,,,,,,104.45187199977721,,59.19803715028966,,,,,
20130104,-122.93709480822308,,,,92.15768277325743,,111.42720879789941,222.9968170812674,,,,,,103.1484509035702,,60.69146249312239,,,,,
20130107,-126.25470989872329,,,,91.34825414770508,,115.18239707692003,139.801970136704,,,,,,101.82974333133792,,61.9419667997541,,,,,
20130108,-128.64557905447947,,,,91.3247414202398,,115.21241041383946,72.33785028400652,,,,,,101.50394027874253,,63.06089653029917,,,,,
20130109,-130.0778728439401,,,,91.02446467315539,,115.017437024312,17.196394389601764,,,,,,101.13523404438988,,63.876895162992625,,,,,
20130110,-131.16649278930336,,,,92.03016033111034,,117.8394229459375,-29.017247843624997,,,,,,100.88200536171966,,64.27137852348454,,,,,
20130111,-132.95799758262967,,,,91.94959141914597,,117.99764521732055,-64.04647530205953,,,,,,99.807584338097,,66.12683136744069,,,,,
20130114,-134.8546929383434,,,,92.20653533146874,,117.91183840391409,-92.38232950219864,,,,,,98.68326176748332,,65.51133378724738,,,,,
20130115,-138.53567919852128,,,,91.93235898094613,,118.57280503589037,-114.80068107720659,,,,,,97.48178427052845,,65.14654886177101,,,,,
20130116,-142.27978553465474,,,,92.64498467340702,,120.12560607597594,-133.8156858063574,,,,,,96.61941315961667,,64.83532122516796,,,,,
20130117,-144.99371141607224,,,,93.58293938584387,,123.10215167442952,-150.29911265868938,,,,,,99.75081813216534,,64.71773405423366,,,,,
20130118,-146.19408104304765,,,,93.60172976671407,,124.32770228272716,-160.88540343229266,,,,,,100.58312671834243,,64.48844143194374,,,,,
20130121,-146.77689515397174,,,,93.33649142208918,,125.03485029376795,-171.119341387718,,,,,,101.0339952962388,,64.53476764051382,,,,,
20130122,-145.76388352359464,,,,93.71585596603487,,126.00085672777955,-180.8257399736696,,,,,,101.17475778018327,,64.4171035039196,,,,,
20130123,-145.038928245654,,,,93.98127553827013,,127.61604398307236,-190.42845717510627,,,,,,101.34603347117198,,64.46835587138366,,,,,
20130124,-146.94667661034836,,,,92.92387828450275,,128.45980235012436,-197.83922984469316,,,,,,101.48202393694896,,64.25359136894457,,,,,
20130125,-148.01701166355687,,,,92.14662262912495,,129.76014831543944,-203.68261132615297,,,,,,101.72750196296828,,64.06980770666144,,,,,
20130128,-148.30887945647686,,,,59.26047625121545,,129.15811815824085,-208.2165575292617,,,,,,101.96943549220289,,63.81786740408231,,,,,
20130129,-147.81030813775837,,,,66.12464147840704,,128.10168862618866,-211.8882460762238,,,,,,102.30546388637033,,63.583525387636826,,,,,
20130130,-145.4246249842357,,,,71.78628619233334,,127.34756526439519,-213.9279498063047,,,,,,102.5774397776587,,63.384573387531965,,,,,
20130131,-143.99136801711035,,,,77.09680368105722,,127.6139868642078,-215.37102104561058,,,,,,104.22113267100293,,63.24052895769153,,,,,
20130201,-142.8401685907486,,,,81.38317564527865,,127.53713287630343,-222.74149557350736,,,,,,105.39739182817232,,65.97020635335666,,,,,
20130204,-140.77296019684135,,,,84.9099096584051,,124.84453485131566,-227.73046208568516,,,,,,105.90953256621327,,67.53265766803574,,,,,
20130205,-137.55311127553736,,,,87.83152692712967,,125.3590908188818,-231.41902840068335,,,,,,106.04636495161998,,68.86484372610803,,,,,
20130206,-135.20887880339052,,,,90.20547617191174,,125.99902480201354,-231.66313085764364,,,,,,107.07008354533372,,70.11059070481384,,,,,
20130207,-133.34904902214012,,,,92.01816522494656,,125.65061294440147,-230.86558582867798,,,,,,107.54190732514411,,71.31119547994244,,,,,
20130208,-132.6193806247982,,,,95.26063816356582,,129.6324146556059,-234.99546367343302,,,,,,109.98283964667357,,73.12716967876436,,,,,
20130218,-131.0795314870099,,,,96.46824027436293,,126.05494528748847,-239.3632349832706,,,,,,111.71721271904094,,80.57951993299194,,,,,
20130219,-129.75155256712318,,,,98.42276477699635,,122.62050692025807,-245.39595708681128,,,,,,116.9048960961359,,86.68346904881241,,,,,
20130220,-128.78812062713484,,,,99.32606821076955,,119.8459091724588,-250.53850916819704,,,,,,120.45628503532508,,91.62070338154172,,,,,
20130221,-128.16498700950714,,,,65.38881987036142,,114.43061163157259,-247.30278173831246,,,,,,120.98969741394791,,90.91867346420696,,,,,
20130222,-128.28839690042605,,,,70.34735284725936,,110.45127971692257,-251.17393998362343,,,,,,124.35354884792056,,90.42793437601561,,,,,
20130225,-128.61335379892037,,,,41.213151133605024,,107.40781815126836,-253.04756632831607,,,,,,127.78665619285448,,90.01039158197419,,,,,
20130226,-129.81466641977872,,,,17.298420541696004,,103.93363859833289,-254.0427514283154,,,,,,125.63695416548262,,89.2132130471012,,,,,
20130227,-130.7428395944784,,,,-1.1528668703242997,,101.01670646941761,-255.08657600042196,,,,,,123.89814246415678,,87.97474426307208,,,,,
20130228,-131.53679018570517,,,,-16.46184627342548,,97.91696651493321,-253.7512037773882,,,,,,122.08647288212603,,86.60453382498319,,,,,
20130301,-134.6204656758529,,,,0.25063697497235327,,95.33984076571087,-253.6486039994904,,,,,,118.01963870344244,,85.26932024096867,,,,,
20130304,-136.76094052786655,,,,13.96306370772897,,93.23430377370723,-254.48266449130676,,,,,,113.67194873620235,,82.7323417200296,,,,,
20130305,-139.9548321603955,,,,25.091980322313407,,91.6306034420269,-253.23745458638507,,,,,,109.81331773685332,,80.55322766320387,,,,,
20130306,-146.6071151984976,,,,34.53119073887223,,90.26747595018503,-255.72906967772212,,,,,,106.35296088245443,,78.77037761511171,,,,,
20130307,-152.1542012722618,,,,14.094842367177412,,59.34913237191769,-257.3228790722214,,,,,,103.37203238715564,,77.35332036414138,,,,,
20130308,-157.00081287288933,,,,-2.460271927121041,,33.82191040608061,-258.39906040940417,,,,,,101.14118712520306,,76.22782411339605,,,,,
20130311,-170.1542188837396,,,,-16.726687436446824,,11.391186840212717,-263.01540509097424,,,,,,100.80138666212723,,76.8242615687293,,,,,
20130312,-192.4721449518734,,,,-27.197842841689127,,-6.295227373583099,-262.13715541198894,,,,,,100.16098647713251,,77.4027275321109,,,,,
20130313,-210.72785534722505,,,,-35.61105619057002,,-20.635899872461994,-263.29252102887693,,,,,,99.36561342633354,,76.96122947595453,,,,,
20130314,-223.11568464736914,,,,-42.435602494682215,,-33.32289702385631,-264.5906502983127,,,,,,99.51913657546392,,76.59056287699335,,,,,
20130315,-234.9788889352733,,,,-47.2103920338546,,-42.04751775081384,-263.10449304699546,,,,,,96.98462487604066,,76.07763463737136,,,,,
20130318,-252.2648284282278,,,,-50.05237023246674,,-49.91342984813484,-262.57793326158907,,,,,,94.31340734635229,,75.8319134502982,,,,,
20130319,-262.32545705300396,,,,-52.05459238581211,,-54.54836136939833,-259.41249838400876,,,,,,92.02438768899249,,75.32933769337973,,,,,
20130320,-270.169680462535,,,,-53.22631957149515,,-58.45301966977829,-257.65567103909507,,,,,,90.1580892741788,,74.05920865913484,,,,,
20130321,-279.1022284027393,,,,-54.62341786069518,,-62.80524854332669,-262.77574286626754,,,,,,58.69740584158142,,74.38548023026767,,,,,
20130322,-276.7447729118364,,,,-55.77302910577943,,-66.35076794021299,-265.5874118479678,,,,,,33.59398276001941,,74.65180258341046,,,,,
20130325,-273.82990510267683,,,,-56.77305234561137,,-69.18008550741533,-268.9090104576342,,,,,,13.10885485198937,,74.88179434026158,,,,,
20130326,-271.3992952282111,,,,-57.90580365879355,,-72.02624144074083,-272.3048556662812,,,,,,-4.516511701766711,,74.91405971775467,,,,,
20130327,-270.7633596289005,,,,-59.24865395468345,,-74.37877012507715,-275.08510144345087,,,,,,-18.744449094804384,,75.58378621979632,,,,,
20130328,-270.4257118811673,,,,-60.07762677568719,,-77.44624720686399,-279.54614648741455,,,,,,-30.63081223404054,,76.9818000068618,,,,,
20130329,-270.1975326907756,,,,-61.573972030193616,,-79.62730471416657,-279.89389709612817,,,,,,-41.52100301994379,,78.16365887383895,,,,,
20130401,-271.36966940775295,,,,-61.81344846364696,,-80.96135927087991,-277.72041900368185,,,,,,-51.19706514857887,,80.44419756236353,,,,,
20130402,-272.94179365691434,,,,-62.388507908394196,,-82.19401813308528,-277.7297464698784,,,,,,-56.99859816850647,,81.39165659192733,,,,,
20130403,-274.22807713350096,,,,-62.82307246470591,,-83.26430813218096,-275.9564667401849,,,,,,-61.81095293844435,,82.0922068704513,,,,,
20130408,-274.297128390177,,,,-62.5126421036521,,-85.37846789401276,-268.7171688239536,,,,,,-65.80088328552868,,82.31149944508762,,,,,
20130409,-275.10137115818685,,,,-62.489642986532836,,-87.11038482093235,-262.70709593553613,,,,,,-69.05212373148248,,82.46436184241836,,,,,
20130410,-275.7819951708016,,,,-62.33145657580677,,-88.47229607249321,-257.4190797698435,,,,,,-70.96758155499973,,82.288687850013,,,,,
20130411,-276.47579269466235,,,,-62.928609209553294,,-91.12072983136751,-258.0385291748381,,,,,,-72.80691983349017,,52.61805995251276,,,,,
20130412,-275.58606493876124,,,,-63.67374623129478,,-92.98365591535168,-258.809025073544,,,,,,-74.36513442042573,,26.71048975293634,,,,,
20130415,-248.05168488789067,,,,-62.320125646764794,,-92.27317111239076,-246.71623847019958,,,,,,-73.35266906963261,,6.338657055629963,,,,,
20130416,-220.30099816420585,,,,-61.38094848765141,,-93.63178913108058,-236.7829595913769,,,,,,-46.358299814320375,,-10.606767059064081,,,,,
20130417,-197.54055735745712,,,,-60.73560130588963,,-95.26576209777448,-228.55952955851237,,,,,,-23.75469354727125,,-21.01075917316495,,,,,
20130418,-179.29724343881335,,,,-60.18283303716717,,-102.01058289064234,-223.01887202851944,,,,,,-5.896361890338701,,-29.60912131685863,,,,,
20130419,-159.47446071926765,,,,-58.85600400586342,,-103.13568895874621,-216.99728829654848,,,,,,7.161795895370601,,-36.70240228465187,,,,,
20130422,-142.96395340545777,,,,-57.37594677986755,,-103.88364836563268,-211.53333980061396,,,,,,17.850335902225005,,-42.60201922185128,,,,,
20130423,-126.47756022794283,,,,-56.18512922869855,,-104.35863355349247,-207.53116321544135,,,,,,2.248336920261392,,-47.268678210795976,,,,,
20130424,-111.58405598398775,,,,-54.56317160906027,,-103.53152829355726,-202.7021899936699,,,,,,13.872262458386992,,-51.142384374741795,,,,,
20130425,-99.39887618844203,,,,-53.08339288029123,,-101.40995047452846,-198.23333951841659,,,,,,23.29626068181698,,-54.397708837113235,,,,,
20130426,-88.55353745390845,,,,-51.86285132106738,,-99.67252397190433,-194.32782171926945,,,,,,31.17482297977309,,-57.052815925942554,,,,,
20130502,-79.21028876505764,,,,-50.94538535564877,,-98.123101511092,-191.64494416219802,,,,,,37.56110138192311,,-59.16994471138422,,,,,
20130503,-71.55890990570522,,,,-49.606947707162384,,-95.98613519848377,-188.94371460676828,,,,,,42.683799915442535,,-60.195605381326615,,,,,
20130506,-65.24569286676474,,,,-48.71143329506319,,-94.45719768758148,-186.0351314356178,,,,,,22.782007626187593,,-61.579704097853174,,,,,
20130507,-60.08143773252732,,,,-48.0149359669924,,-93.1630286207044,-183.59619275696417,,,,,,5.967091363525778,,-62.33769261271804,,,,,
20130508,-55.85613807724215,,,,-46.93162778085956,,-91.41257133826632,-181.60316037281953,,,,,,-7.440035912163217,,-62.82418618485548,,,,,
20130509,-52.401183776097284,,,,-46.19258813045959,,-89.97786235081952,-181.07103950656597,,,,,,-18.42979714481005,,-39.458257899605506,,,,,
20130510,-49.49521792410475,,,,-45.291047163847615,,-88.6654887087615,-179.12334414220976,,,,,,-27.39782623480274,,-20.655074346945185,,,,,
20130513,-47.088291595596054,,,,-44.501962428275235,,-87.53586596285881,-177.65922293113402,,,,,,-35.18423637313981,,-5.233847243163192,,,,,
20130514,-45.102033852054134,,,,-43.892646300411705,,-86.5383969064978,-176.67146538729688,,,,,,-41.62033581479697,,7.490118558696846,,,,,
20130515,-43.47559299830178,,,,-43.30321843905009,,-85.5872665539548,-172.33017112748064,,,,,,-46.78363070542689,,-5.352333002055327,,,,,
20130516,-42.393753604604235,,,,-43.536730735952915,,-86.80379596934647,-174.07418195748113,,,,,,-53.44209456104349,,7.054589606952556,,,,,
20130517,-41.80568544775577,,,,-43.55072388345672,,-87.14642743802096,-175.49938484830767,,,,,,-58.805015824761114,,17.106239096620506,,,,,
20130520,-41.32541284152374,,,,-44.148799650834746,,-87.66126468626295,-176.51657208516917,,,,,,-63.101132721952695,,28.936133254845032,,,,,
20130521,-40.91837275630499,,,,-45.11379327190249,,-87.97723668285865,-177.36853229551403,,,,,,-67.38469713107858,,38.595382404604656,,,,,
20130522,-41.48248861277786,,,,-46.38392150424561,,-89.1160640621558,-178.41610108748785,,,,,,-73.38586022528081,,46.961480475665006,,,,,
20130523,-41.9198943646559,,,,-46.56326810517294,,-87.82772735931943,-177.30571255122823,,,,,,-77.77522904780268,,52.80917103908409,,,,,
20130524,-43.3681516469144,,,,-46.75822123059535,,-86.66080267079923,-176.38396620744172,,,,,,-81.5743246272628,,58.343590692093706,,,,,
20130527,-46.50906068707708,,,,-47.158610779425175,,-85.60568098844101,-175.74619492530078,,,,,,-85.39973407408223,,62.87115930821336,,,,,
20130528,-49.07889535630109,,,,-47.5258772494522,,-85.2468850570546,-175.53136226843367,,,,,,-50.57158026434876,,66.58296066842654,,,,,
20130529,-56.03287856097901,,,,-47.62328764471708,,-85.08663712298653,-175.76885632828402,,,,,,-21.886416975535962,,69.56363555505463,,,,,
20130530,-71.23073636441545,,,,-47.70026750972668,,-85.36920815434881,-175.73132413750176,,,,,,2.0331357915895905,,71.47165420735828,,,,,
20130531,-84.20233334818832,,,,-48.39014815304597,,-86.26929540291783,-176.5200345110592,,,,,,22.06850640843569,,43.762920829752126,,,,,
20130603,-98.74683321169412,,,,-48.958067396687916,,-87.52920366937225,-109.79898124643795,,,,,,38.40956035304836,,50.42332980256072,,,,,
20130604,-110.64687855456249,,,,-49.33387504119687,,-88.88802095667818,-124.60475752093048,,,,,,53.64134827888473,,55.06616917673576,,,,,
20130605,-120.3832792896366,,,,-50.48310883337346,,-55.55199792216446,-136.34215509332805,,,,,,68.02288774123011,,58.89512519329075,,,,,
20130606,-115.85576622036368,,,,-50.91236016773992,,-28.38103949140206,-146.84394994313027,,,,,,79.56179739691162,,61.68895118255972,,,,,
20130607,-113.4902624909899,,,,-51.99729937258959,,-7.7381779480053945,-82.91244952736287,,,,,,88.96809871145085,,64.43235095389426,,,,,
20130613,-111.70763424370362,,,,-52.46230276251348,,8.106139026602493,-104.72722572812847,,,,,,96.16194076938376,,66.86275769164641,,,,,
20130614,-110.58820556622557,,,,-52.6123626608298,,20.98628148969959,-51.052081831152975,,,,,,101.76911788761417,,68.8199922974773,,,,,
20130617,-107.78530317258891,,,,-52.7561975058666,,32.01400508736456,2.561622978981349,,,,,,107.87259251011004,,71.02445795326645,,,,,
20130618,-103.93135280694673,,,,-52.882132765193425,,40.602935226148276,44.34093957638819,,,,,,112.94899189836359,,73.39592457467164,,,,,
20130619,-100.75227899872216,,,,-53.985038567538105,,47.986182271113506,79.1219127976549,,,,,,118.16661235725635,,75.78305913635421,,,,,
20130620,-66.68512821001652,,,,-54.41371484850237,,53.42552000624172,105.40237449208004,,,,,,121.99719486800988,,76.92215006941557,,,,,
20130621,-70.2814419113024,,,,-54.74761890345861,,58.53319078938314,54.02940776274788,,,,,,129.68678994421745,,78.19580139400577,,,,,
20130624,-71.63047779791741,,,,-54.54774284354113,,33.79794909492516,13.270009626985967,,,,,,132.50012940725662,,49.07428692135644,,,,,
20130625,-46.55417373588486,,,,-55.024466467018684,,43.28386472530133,-19.478579920434694,,,,,,136.9054331118494,,55.057680842491436,,,,,
20130626,-28.00360278374561,,,,-55.117781460655706,,51.3831700673706,14.586542668016074,,,,,,142.0892419969791,,59.31028678475099,,,,,
20130627,-12.8258629138135,,,,-55.103099720342385,,58.026234187386116,42.6440986597967,,,,,,145.64302725926467,,62.43073149092381,,,,,
20130628,-0.4077121111417757,,,,-55.12460137272923,,63.42413636415234,65.49750224032606,,,,,,148.57551187015906,,65.11424836003968,,,,,
20130701,9.75259309104418,,,,-54.75941044383015,,67.82036398146373,83.19367020087343,,,,,,149.3816367255265,,67.28724707873711,,,,,
20130702,16.63648346604465,,,,-54.46705700181904,,70.90831405617409,98.09617088045482,,,,,,150.0292105764343,,69.43318580864944,,,,,
20130703,22.263053939945195,,,,-54.22062974029735,,73.36910362443848,109.90552420461319,,,,,,150.70485170569322,,71.61682483383142,,,,,
20130704,26.86661160040928,,,,-54.0332343209653,,75.39021303478042,119.66847915332025,,,,,,153.0131921922753,,73.53721977339127,,,,,
20130705,30.633158777152623,,,,-53.93971943668559,,76.93604785171082,127.49564384381998,,,,,,155.09216722669817,,77.9167067112424,,,,,
20130708,33.714879194488084,,,,-53.34729336600454,,78.77923905456932,133.6041705550383,,,,,,158.42900180193666,,81.9297325041795,,,,,
20130709,37.23582629516736,,,,-53.29044523014623,,80.20861453599025,80.13904858369554,,,,,,161.58438345047165,,85.50508088674526,,,,,
20130710,40.12728267705255,,,,-53.23104388492947,,83.09856686124239,37.65181358927838,,,,,,164.5273716008803,,87.6253562578378,,,,,
20130711,42.51970545343671,,,,-52.44451304133514,,86.20557337932347,3.178345667008807,,,,,,161.36689600179292,,88.75895142662867,,,,,
20130712,44.49940108123343,,,,-51.53138278788541,,89.14953391044475,31.421505891167218,,,,,,159.08733699478185,,89.68218304116259,,,,,
20130715,45.69617998702554,,,,-50.848637739729966,,91.90176714583762,54.155075795266235,,,,,,157.1294868609661,,89.99179796254998,,,,,
20130716,46.877209926326145,,,,-50.1297566083379,,94.59868670464257,73.31022112540677,,,,,,155.4580312931675,,90.95293535887349,,,,,
20130717,47.84363762110076,,,,-48.9168908790962,,96.7346766706407,88.62675157850495,,,,,,154.06738461121844,,91.4829976819309,,,,,
20130718,47.38787518106087,,,,-48.24192797300929,,99.07909104514364,101.82714211057082,,,,,,153.77878516761015,,93.38886229534504,,,,,
20130719,47.155095153501755,,,,-47.77822178327408,,101.05603680140129,119.3189240037741,,,,,,153.9492420491942,,94.96151477619078,,,,,
20130722,46.05812298139394,,,,-48.01407918149882,,106.40197341258256,138.80030226256284,,,,,,155.12642345842536,,58.84103742284563,,,,,
20130723,45.46103574163963,,,,-48.420558648882654,,111.67986796490584,158.48932170007555,,,,,,155.31518970797526,,68.36602793763551,,,,,
20130724,45.759407918344294,,,,-49.1632977399719,,117.84391111032043,176.0912606752991,,,,,,155.96342298480815,,78.64464385821218,,,,,
20130725,46.003530608375385,,,,-49.76788738190344,,121.9398481624039,189.51182435722046,,,,,,156.06894699479747,,88.1514231892762,,,,,
20130726,46.20326735476446,,,,-49.92607746581939,,125.22696665406224,190.48267969752717,,,,,,155.59196534406271,,49.1517996531788,,,,,
20130729,46.3666883290828,,,,-49.80058973483181,,126.73246476140932,188.31362876946122,,,,,,154.13833336861532,,63.40266459989688,,,,,
20130730,47.90857257919692,,,,-49.69653659664781,,129.8021396987782,121.62785097596621,,,,,,152.93778094612097,,76.80209374099307,,,,,
20130731,49.196304891881496,,,,-49.33402270267695,,131.66039339999156,67.25260636114436,,,,,,149.74916513748866,,38.10756838872853,,,,,
20130801,50.24990405680525,,,,-49.036559999427915,,132.70903218322806,83.85373447433179,,,,,,147.2646802281958,,55.69247689600553,,,,,
20130802,51.11193973719741,,,,-48.92045888611455,,134.25068968628673,97.49660981163606,,,,,,145.36018426609158,,20.41236919096028,,,,,
20130805,51.81724165751827,,,,-49.56601990538488,,136.05939904999244,50.16336674571102,,,,,,143.6959425871133,,-8.703930411036906,,,,,
20130806,52.394306865053515,,,,-50.15539865385353,,137.72725436491083,70.53131058650033,,,,,,142.12193241189206,,-33.22328326654634,,,,,
20130807,52.86645112576417,,,,-50.574793428670795,,138.28253577446168,27.078989441534706,,,,,,139.94116324573312,,-53.508839384337165,,,,,
20130808,53.25275097543651,,,,-50.83462880683915,,141.32303134593332,-8.497982755992847,,,,,,141.83708482233064,,-71.82736055795571,,,,,
20130809,53.5688144888048,,,,-31.3982775318952,,143.94212199009817,-37.548146939995945,,,,,,143.2925606698634,,-87.23135338040586,,,,,
20130812,54.68295773627441,,,,-15.512309063963041,,146.00249124589484,0.23285235262196916,,,,,,144.5331518949791,,-45.4821372468386,,,,,
20130813,55.59452948420409,,,,-2.4382928031711777,,145.54984120984932,30.507995744132323,,,,,,143.3457877908506,,-63.04511950016427,,,,,
20130814,56.34036091432837,,,,8.99287794969914,,139.28840493700474,52.830005196578114,,,,,,141.20905143331797,,-78.04485086356814,,,,,
20130815,61.51837566665323,,,,18.211116640814033,,135.2269199288005,15.54257302644977,,,,,,139.52474169374483,,-90.83342142657386,,,,,
20130816,34.91149971778625,,,,25.54892759132764,,132.06641432795055,-15.014258993835691,,,,,,90.243593651311,,-100.84207101374535,,,,,
20130819,-12.328656889151095,,,,31.58560958682631,,87.01021307754475,-40.47592684574832,,,,,,46.77652058454364,,-107.35717622776575,,,,,
20130820,-12.328656889151095,,,,36.364756218420105,,92.23316581782692,-60.99473019736379,,,,,,14.430336180545916,,-109.2632724481234,,,,,
20130821,-12.328656889151095,,,,40.344008170727406,,97.378986761182,-77.8018114154014,,,,,,-11.964977142632785,,-110.76977611394874,,,,,
20130822,-36.859533373862156,,,,43.44640275128545,,101.83722307671246,-91.51306521326146,,,,,,-33.5964778822407,,-112.00569718023367,,,,,
20130823,-54.1135548220595,,,,46.33473221432246,,105.50755554841147,-105.7611866863158,,,,,,-51.42383233595808,,-114.0540908344321,,,,,
20130826,-66.68918035976687,,,,50.16763451899553,,106.83585438643584,-119.68484661671083,,,,,,-64.66359347534755,,-115.21283059255968,,,,,
20130827,-76.09471905996702,,,,53.462461798133084,,106.80349492038431,-131.11116706824257,,,,,,-75.49705451471301,,-116.11039215308936,,,,,
20130828,-80.16978183975787,,,,55.041469392435985,,107.01053215527574,-140.76059299154383,,,,,,-86.0068669677658,,-113.3118969975026,,,,,
20130829,-83.35026476409467,,,,56.3119725907757,,67.80447234008246,-155.31771825161312,,,,,,-95.39705190274863,,-109.72145177688925,,,,,
20130830,-85.89996316924103,,,,57.32739287725615,,36.63007467997115,-167.30021343216814,,,,,,-103.06710963892253,,-106.66830317306002,,,,,
20130902,-87.80822994299307,,,,56.353653560576554,,10.962250373708153,-178.13624605125935,,,,,,-109.57396713758828,,-104.01837656768255,,,,,
20130903,-89.32525575685486,,,,55.50373175401062,,-10.058804149543713,-187.2159020968121,,,,,,-114.91188559391591,,-101.75095317296632,,,,,
20130904,-87.67795666284123,,,,54.606973423890906,,-27.59168666140967,-194.62910035259694,,,,,,-119.69098161819326,,-100.21340931374579,,,,,
20130905,-86.35527986995329,,,,54.907942060910784,,-41.32016237542021,-201.1302247771619,,,,,,-123.71826403599235,,-99.26027723417391,,,,,
20130906,-85.28947554020965,,,,55.221147715976755,,-52.744999928146235,-206.44762456945492,,,,,,-127.08752442071992,,-98.40032406283868,,,,,
20130909,-84.37985046080935,,,,55.730479632303904,,-61.847573170949225,-210.8474740354748,,,,,,-127.61486421625705,,-99.45117424661858,,,,,
20130910,-82.17017892700416,,,,55.88124062277399,,-69.67780043718092,-217.41585422071597,,,,,,-129.47292107157787,,-100.31576406421573,,,,,
20130911,-80.30731214022876,,,,56.07374369251098,,-80.59604068711195,-233.03036830325465,,,,,,-130.4224876313104,,-100.84338206824782,,,,,
20130912,-76.60640580251462,,,,55.751509046716926,,-89.52001454800043,-248.45840510650933,,,,,,-131.31135478073836,,-101.15914199203056,,,,,
20130913,-73.65173518008524,,,,55.70378502247901,,-96.78834133227006,-261.2168056718839,,,,,,-131.9991199960603,,-101.46433523348695,,,,,
20130916,-68.73341102377407,,,,55.630654037255965,,-101.30286265645313,-270.83631454116255,,,,,,-132.2227470127212,,-104.80661391965886,,,,,
20130917,-63.4675933100213,,,,55.802656587599074,,-104.87677434969396,-282.058981733899,,,,,,-135.36770844306508,,-108.38635943103579,,,,,
20130918,-59.171101862141704,,,,55.702158265448624,,-107.88608441787204,-287.70555945960893,,,,,,-138.0401686284575,,-111.24417130516447,,,,,
20130923,-55.185361300499274,,,,55.776091456204796,,-110.29256475281808,-292.8858728898132,,,,,,-139.969495683582,,-113.02259517954487,,,,,
20130924,-51.36980743818131,,,,55.993887754161086,,-112.35885699345262,-295.2228960136517,,,,,,-141.6759354605834,,-114.61387330454052,,,,,
20130925,-47.51452020818442,,,,56.51714883299018,,-116.72317232236017,-305.2462975122817,,,,,,-149.85194043087444,,-118.49746992311454,,,,,
20130926,-44.35762589345192,,,,56.94057793046155,,-121.51463282804558,-312.4515524716835,,,,,,-156.0602725799278,,-121.83463836397891,,,,,
20130927,-41.813729850805466,,,,57.650547576859466,,-124.97306903177427,-319.2478581698925,,,,,,-159.793015841477,,-127.62717897691938,,,,,
20130930,-39.35055335286247,,,,58.14522387437083,,-128.08297098412615,-324.57429465559983,,,,,,-163.12663015808795,,-135.6689486092907,,,,,
20131008,-36.788131620472264,,,,58.02453110322553,,-129.5981422644112,-329.24605127421376,,,,,,-166.0853592451318,,-140.7404888034575,,,,,
20131009,-34.6955205894295,,,0.0,61.95534912505157,,-130.9676737655034,-334.58278486976684,,,,,,-168.87713931050718,,-144.4744702591676,,,,,
20131010,-32.984215020224674,,,0.0,64.91152981827537,,-131.9657317228141,-337.3791199487669,,,,,,-171.11391643328116,,-147.7876169502078,,,,,
20131011,-31.646828528599293,,,-102.44061430805567,67.06059621655534,,-132.17852091915805,-339.33088616940796,,,,,,-172.85465418923854,,-150.7194989352388,,,,,
20131014,-30.55295851003404,,,-121.9756272349047,67.69882079851277,,-84.34400772601136,-342.3748434922266,,,,,,-173.95563305196765,,-153.11649165097378,,,,,
20131015,-29.658211684353663,,,-139.9874003733536,68.21949517765923,,-90.6129210941815,-338.62114541738873,,,,,,-174.8532024506102,,-154.83163634221495,,,,,
20131016,-28.927637286666634,,,-157.28478640280423,68.22868813406957,,-52.10900911742435,-333.03999247341613,,,,,,-185.13261438815383,,-157.16412977452217,,,,,
20131017,-28.398708899872187,,,-171.87225837398194,67.94334963198638,,-19.56838537334276,-328.960764954286,,,,,,-182.413526807006,,-158.75705910282224,,,,,
20131018,-27.983178326516406,,,-186.17513824059213,67.82949939214078,,7.126743063582639,-332.16921709240137,,,,,,-181.33272946982842,,-161.17317344798786,,,,,
20131021,-27.861876816677732,,,-180.17941139120347,68.57572574388274,,28.559788952613786,-335.91242752575033,,,,,,-179.77269880021748,,-158.19185808944317,,,,,
20131022,-27.800224243680425,,,-178.14912677176355,69.07646926927939,,45.032273789470196,-324.32427124894406,,,,,,-178.41700089296717,,-155.598319083832,,,,,
20131023,-27.76961008945112,,,-178.90938810766374,69.04708294478127,,60.94628525400335,-314.56190456104935,,,,,,-177.71794421303358,,-153.53105563959178,,,,,
20131024,-27.860044699558966,,,-179.43786426487233,69.3639986861443,,74.24055023752724,-306.77395925580703,,,,,,-176.11067573599772,,-153.66204467780693,,,,,
20131025,-27.826110305126587,,,-175.79822021581515,68.52948498752369,,38.29753420279107,-301.8218446327688,,,,,,-174.70374868061725,,-151.48540261688314,,,,,
20131028,-28.13605183183921,,,-160.22435959275646,67.94151925098441,,53.281593570434666,-298.0487170688444,,,,,,-174.47509380228195,,-149.1481775254938,,,,,
20131029,-28.93201392560316,,,-148.64469127631833,67.47846170203273,,64.34226139264211,-294.8165667229868,,,,,,-173.881474783871,,-146.7029336107861,,,,,
20131030,-30.22196619678131,,,-138.8710936012841,66.99880489558521,,73.4664684865166,-291.38400372112164,,,,,,-173.39502516879986,,-144.4540890555858,,,,,
20131031,-31.353888292292872,,,-131.67465499990405,66.50753464594263,,80.22421209398739,-288.0442206303795,,,,,,-173.57517364199953,,-141.14620549092814,,,,,
20131101,-32.2494262038549,,,-126.25242124143986,66.36049620978734,,85.86805382834329,-285.4380106498734,,,,,,-174.5096864018714,,-140.73500239138352,,,,,
20131104,-34.36523152119756,,,-122.42710177968527,66.2225077049564,,90.0072427004718,-282.7051880062066,,,,,,-175.28610425186125,,-141.03992857685017,,,,,
20131105,-38.885015516184815,,,-119.9115355143033,67.20168091659198,,94.89443920309435,-281.10164297281256,,,,,,-175.79136807264805,,-141.67519370439933,,,,,
20131106,-42.58298101002274,,,-118.40616153863286,68.00795084012994,,97.95477350200017,-279.2700486356799,,,,,,-175.75468981865697,,-142.12686107835538,,,,,
20131107,-45.60856263734817,,,-117.40823337209247,68.48464386573156,,100.6059890817781,-278.26618732789103,,,,,,-175.17349333945367,,-142.51382813280304,,,,,
20131108,-48.08402077211866,,,-116.81265008644722,69.66789547879218,,103.38911366880647,-275.47428905485424,,,,,,-173.71054240641826,,-142.39991204801197,,,,,
20131111,-50.10938373281014,,,-116.10208307099234,72.929245315447,,107.26063376670575,-274.90076437616153,,,,,,-172.83333743117186,,-142.03529512559652,,,,,
20131112,-51.766490931913324,,,-115.12492858020236,75.69613665156798,,111.14361004718518,-277.4959609645563,,,,,,-172.03561104284444,,-142.10159765929944,,,,,
20131113,-53.122300590761355,,,-114.28748441710842,78.22009052357495,,114.24601967987107,-281.79908664690265,,,,,,-171.35905067047378,,-142.5288029354796,,,,,
20131114,-54.231595839745836,,,-113.616920509355,46.99662784657999,,116.75078314905377,-280.970184153027,,,,,,-188.95753426784535,,-143.33989016765787,,,,,
20131115,-55.13080043200624,,,-113.0294521852068,21.375648164930197,,119.10882576532869,-277.6401381564717,,,,,,-205.40261969511567,,-144.10265884438837,,,,,
20131118,-55.56163502124448,,,-113.30986996218422,35.17133564852112,,121.24858715980355,-274.97669677444316,,,,,,-224.58194093689977,,-148.48926877208046,,,,,
20131119,-55.89137426532099,,,-113.49610282080178,46.0677936780483,,123.46262580747111,-285.20941452659525,,,,,,-241.65412389562945,,-149.46846151828862,,,,,
20131120,-59.29440021433781,,,-113.48985271918153,55.23945464280276,,124.90130514725385,-289.3319256829274,,,,,,-258.4431305508926,,-150.70184415204665,,,,,
20131121,-60.23242365381796,,,-113.78220947667462,62.74853971344669,,126.32890279481795,-292.8359939694589,,,,,,-277.2218555955963,,-151.50967768857888,,,,,
20131122,-62.556501517980635,,,-113.99474874808796,77.74053690988983,,129.32134217812126,-293.7198787625507,,,,,,-293.9870509050429,,-156.787653215594,,,,,
20131125,-65.80878146903399,,,-130.09363457134177,88.54537634003471,,132.22936611111572,-294.41472348261874,,,,,,-295.6164514698137,,-160.8461978179285,,,,,
20131126,-68.55126068782347,,,-143.09641951383637,47.332040894941244,,136.52528898212466,-295.89255681950544,,,,,,-297.6948443552978,,-164.78522357362596,,,,,
20131127,-68.4150500841528,,,-154.93573746783542,12.907189546735763,,139.78213468899185,-296.28277013033266,,,,,,-299.5468220042006,,-168.24103948549273,,,,,
20131128,-68.39215000187417,,,-166.10514889593742,-13.042911687682423,,144.83870922388292,-298.9071953730755,,,,,,-304.1761868548746,,-175.06870416216552,,,,,
20131129,-68.48730587674373,,,-175.86074164187787,8.785216762375875,,150.22130430542117,-300.8606302808837,,,,,,-304.2294250313817,,-180.30593649922696,,,,,
20131202,-68.56516066095305,,,-183.85026842959866,27.196499972316722,,156.10202941251194,-302.8061782225778,,,,,,-304.5994461688726,,-183.83001149466423,,,,,
20131203,-46.14064834662941,,,-188.989193809541,42.296630798648415,,160.67926586826306,-304.9843553738815,,,,,,-303.15807373278125,,-186.904044377847,,,,,
20131204,-29.095915187971553,,,-193.21949640876576,14.92603344119721,,168.93912789085735,-309.7184411472775,,,,,,-301.79400206997695,,-191.38258613722812,,,,,
20131205,-15.746130281897273,,,-200.0933517352624,-7.381168291457059,,175.2781238805513,-310.8238887052524,,,,,,-291.3179041432689,,-194.97085233156548,,,,,
20131206,-5.420495298344593,,,-202.31136361105774,13.570208736647501,,182.49937323560573,-313.44942858040633,,,,,,-283.6122363466964,,-199.72001992344673,,,,,
20131209,2.9886418920124287,,,-201.7630189098888,-7.511404087102753,,188.10063046545147,-316.09672670771494,,,,,,-276.66861692322163,,-205.419165023361,,,,,
20131210,9.531599572514942,,,-201.8984337735006,-25.13939271879647,,191.41782597076323,-310.444952792677,,,,,,-271.2438388858649,,-210.19232656724625,,,,,
20131211,14.751746943603802,,,-203.15043658553202,-39.12208960702029,,190.91492615138532,-305.68771662118564,,,,,,-266.789271545062,,-214.3791886275066,,,,,
20131212,19.022776362962485,,,-205.68174284780304,-15.760304325111811,,190.76493039599492,-307.17148340436967,,,,,,-261.159918453391,,-202.1321114122301,,,,,
20131213,22.520889814842217,,,-206.40557042707405,-28.86270036465075,,191.1037693476802,-309.236691951918,,,,,,-253.00181342876385,,-189.39781439904993,,,,,
20131216,25.49210819305762,,,-207.29592723831192,-7.75082513202734,,189.61349199171164,-310.6229822161318,,,,,,-245.89371444414095,,-179.001719114382,,,,,
20131217,27.790759374372378,,,-205.725974058835,-21.049090451465,,190.67559648718515,-311.77819096230536,,,,,,-239.70699198466875,,-171.8217704515059,,,,,
20131218,29.67217811013361,,,-204.75089069086638,-31.6078702730013,,188.83477946323785,-317.99670004086425,,,,,,-231.94611771319884,,-165.98559046213617,,,,,
20131219,31.95095968513917,,,-204.14443263811054,-40.36564425962915,,186.18939468876317,-304.77746662110536,,,,,,-225.4174307589885,,-161.57279843746397,,,,,
20131220,33.06962850482011,,,-207.25433952468583,-47.3316567139007,,183.4110943255877,-281.4130212413579,,,,,,-219.8766860676404,,-157.35468677853984,,,,,
20131223,33.9849029806112,,,-210.17605324081703,-52.72556453803274,,181.58129115014808,-262.2071556267992,,,,,,-217.94628019318196,,-154.52047117113082,,,,,
20131224,34.73376390662093,,,-213.262433505644,-56.987829510986906,,183.4527076888245,-246.49771096619037,,,,,,-216.14035287301394,,-152.24303187011571,,,,,
20131225,35.061605483641884,,,-218.76967483684422,-60.396758674966286,,180.91492743529156,-233.66765034346594,,,,,,-213.5576117005642,,-149.63680735076795,,,,,
20131226,34.90449961005333,,,-215.51073005505089,-63.81815006230986,,177.68018006647503,-222.78712644326208,,,,,,-211.4466101450355,,-147.30250320298626,,,,,
20131227,34.770847113437085,,,-210.4453867722964,-68.26663537920757,,175.0338452340815,-213.85508483455814,,,,,,-210.3848516363559,,-145.4974005709896,,,,,
20131230,34.54713240344826,,,-205.70147739780498,-71.8418027376571,,173.59399988107225,-206.59770497350982,,,,,,-208.90177204569432,,-144.29447358393895,,,,,
20131231,34.84878622521338,,,-202.06654480179083,-74.97838968557129,,170.7623034097092,-200.30632077324552,,,,,,-206.41665675112617,,-139.91105252660475,,,,,
20140102,35.780608803581565,,,-199.10885192127222,-78.02415168541015,,169.53731915889168,-194.70410471993065,,,,,,-202.9080822441762,,-136.08972862311595,,,,,
20140103,36.82620356865119,,,-196.6826054217028,-78.84833094847983,,168.53275598368901,-190.35949886587431,,,,,,-200.61491479510934,,-132.80439489728118,,,,,
20140106,38.19728435863012,,,-200.2414504236599,-79.24678356723915,,167.8589437240097,-186.80334217953933,,,,,,-198.0257926103347,,-127.23497879389089,,,,,
20140107,39.362306692052755,,,-202.05328833327476,-79.98806715914263,,167.0406434525626,-182.67652794728303,,,,,,-196.0748715286697,,-122.14919089597883,,,,,
20140108,40.913378563176956,,,-201.44461899356475,-80.6773731199511,,166.80324729347777,-180.38538409536545,,,,,,-194.02209325673803,,-118.00400991418998,,,,,
20140109,42.38202227036939,,,-200.5735016077944,-80.639076946684,,162.77931036784946,-176.95786916676815,,,,,,-192.10157753133754,,-113.72569320881624,,,,,
20140110,43.58363984772102,,,-199.82788591590622,-83.83638730985383,,156.97848618091245,-174.31791539278345,,,,,,-192.52579478126702,,-114.1433150687437,,,,,
20140113,44.566781501074075,,,-197.86605108987285,-84.1612852272202,,151.5901967038419,-172.51345946873522,,,,,,-193.76291621825104,,-115.21798837017815,,,,,
20140114,44.85329737523167,,,-194.30391316185847,-81.83288970022903,,145.88168787117377,-170.18663740896272,,,,,,-194.50645718958995,,-115.07920811213164,,,,,
20140115,45.320983933825985,,,-191.6508828083731,-80.14747760649162,,141.20775366140893,-168.18717657566873,,,,,,-195.15297161295376,,-115.01011587632811,,,,,
20140116,45.7015137063535,,,-189.39865647247024,-78.59117159352587,,138.05601868026739,-165.98857348068498,,,,,,-193.91298724676508,,-114.74439441081964,,,,,
20140117,46.01285624739265,,,-187.49670782470116,-77.32148705284831,,135.80395647501865,-168.1583075722963,,,,,,-193.25962177506335,,-114.29639820394665,,,,,
20140120,47.72266567256577,,,-186.13894937341325,-75.77343783317171,,134.09325376479893,-179.35225345466407,,,,,,-193.27368224758385,,-114.03702440381483,,,,,
20140121,48.876848016262976,,,-119.40819752340506,-74.20970017974851,,131.14743194640926,-188.70462396757858,,,,,,-188.88370549127322,,-111.0610729354568,,,,,
20140122,49.8211790245436,,,-64.77197454215745,-72.64897347303406,,128.88544581273598,-195.05827141891524,,,,,,-185.29243714785554,,-107.3570258603531,,,,,
20140123,53.105333714099366,,,-86.06610133384511,-71.51660537712594,,128.26763858056808,-199.95788557308853,,,,,,-181.78130820094117,,-73.08545784567082,,,,,
20140124,61.2942544962979,,,-30.430384696503314,-70.55262682994582,,128.29295600954583,-204.7332851541038,,,,,,-178.11294267018144,,-45.240154222983094,,,,,
20140127,68.00953762611596,,,-67.53711573897638,-68.68790853787432,,128.31159103674003,-208.78732971563903,,,,,,-175.89872407296207,,-22.561536957003096,,,,,
20140128,76.43492640962933,,,-98.71057959862969,-66.96639907447008,,128.29207726998663,-211.9904731080272,,,,,,-175.40284459871955,,-4.0211117969370855,,,,,
20140129,83.32842632288062,,,-128.45194012237823,-65.4773347867141,,128.75521341040033,-214.23021022570015,,,,,,-174.576554897581,,11.55763079003417,,,,,
20140130,88.96856261518438,,,-153.4922842388435,-64.30443686478364,,128.51770109697856,-204.56303648597796,,,,,,-174.20916090489558,,24.314256881450532,,,,,
20140207,93.58321958137617,,,-171.17719436321778,-63.80177741499083,,128.3356208894265,-196.52490563117897,,,,,,-175.24731505107087,,34.10229709143566,,,,,
20140210,96.9481358088701,,,-94.79637127046708,-62.32272006310857,,127.53008173627214,-189.35160574423892,,,,,,-171.37419005678316,,43.46329529878831,,,,,
20140211,98.22621727906,,,-22.47685123977131,-61.514823785431105,,127.0468243566249,-184.2051305616874,,,,,,-167.91571730101916,,51.890617528537035,,,,,
20140212,98.96027044201801,,,-41.791493664923195,-60.85692638271046,,126.6286490077027,-179.44320339240335,,,,,,-165.16881149561934,,58.61119300567942,,,,,
20140213,99.56085939351523,,,-56.56726767090528,-60.37346915742048,,129.2825542339531,-176.92455010481362,,,,,,-162.85242995673713,,64.26309599064024,,,,,
20140214,100.0522503538218,,,-68.05511887516627,-60.00238346653291,,133.72647460792348,-174.83956460923733,,,,,,-160.86598731828875,,68.87213416803641,,,,,
20140217,100.45429750315732,,,-77.78021876585595,-58.6004795862483,,138.47151221210115,-172.19125049180215,,,,,,-159.0531678066782,,72.7215453065285,,,,,
20140218,112.76650177982411,,,-86.49125695514311,-57.819030364438284,,143.13813415991632,-171.10656425285111,,,,,,-156.7130140735323,,75.25918841915204,,,,,
20140219,122.84012346062873,,,-94.26591299326547,-57.17022739162643,,145.38336808760786,-170.1865494775101,,,,,,-154.81011940608053,,77.30496454416077,,,,,
20140220,131.08217756303523,,,-100.5854111643567,-55.81138387879677,,145.07439448072753,-169.98438699046784,,,,,,-154.3532016592185,,79.1943322637719,,,,,
20140221,137.82567637404824,,,-105.74379653411717,-54.70563654164813,,144.58565496399976,-169.91624484371042,,,,,,-153.92470111845094,,80.73236713237151,,,,,
20140224,146.75147459147624,,,-109.98363525500875,-52.963866723101745,,144.4338007864361,-170.80441793866197,,,,,,-148.06041268061153,,80.47822929133405,,,,,
20140225,165.0787026301182,,,-113.41138730102531,-51.653374953710546,,146.6811903373844,-171.30795617841179,,,,,,-144.48723717519775,,82.25877011148754,,,,,
20140226,180.07370738895,,,-114.19218886892483,-50.62303916254605,,148.34910442759406,-172.07178332039578,,,,,,-141.4883106819298,,84.37852808908083,,,,,
20140227,192.3423476461378,,,-114.86012257982475,-49.64096329454662,,149.9603125100522,-172.85174305948536,,,,,,-139.91611140613688,,87.91868318167792,,,,,
20140228,173.09727567289795,,,-115.47894036933353,-48.67330008440724,,151.01435542946334,-173.08478371093625,0.0,,,,,-139.13479658560874,,91.23455553208296,,,,,
20140303,157.34516598144725,,,-116.26936902947186,-48.33134265481936,,151.00288675230226,-173.22877696416958,0.0,,,,,-137.71923905962177,,94.1080073011862,,,,,
20140304,144.45707623391866,,,-117.01502625189859,-48.17982145710914,,150.76566962301163,-172.1535271739776,-452.8779156901438,,,,,-136.28206062669616,,96.48993089448349,,,,,
20140305,133.91227553140996,,,-117.18503052964992,-47.42397747186945,,150.63305843177517,-172.15721620123227,-555.78470212813,,,,,-133.1041479642779,,98.76021488354745,,,,,
20140306,125.28471132027634,,,-117.76819460871127,-46.82768824022485,,150.3564417598237,-185.07077921063924,-397.04827993676116,,,,,-130.21406175966905,,101.03060526885804,,,,,
20140307,118.22579514753724,,,-73.01170209448331,-46.3028650797636,,149.70200842677923,-188.6347285338341,-323.2974075206424,,,,,-127.84381791402411,,102.7751259656752,,,,,
20140310,112.46025426821221,,,-82.66062656096913,-46.03076907301483,,147.50798272743867,-188.97429328195102,-279.4875764037189,,,,,-127.41362122398701,,99.96380004045695,,,,,
20140311,108.16928080353543,,,-89.56045178152063,-44.71070897636571,,144.94985642551396,-185.65438116786322,-241.16776185960262,,,,,-124.90954294720305,,95.3156036204713,,,,,
20140312,104.72359407142797,,,-104.49733652275795,-43.255094522659405,,142.7248940244067,-182.51810551008745,-149.10800744799448,,,,,-122.89018972488998,,91.94354838115608,,,,,
20140313,101.90439583606849,,,-117.9741381019097,-42.07939612456424,,141.13857078634797,-179.97869041797057,-81.39216053687935,,,,,-120.9937413820988,,89.18111239677053,,,,,
20140314,99.5977790980479,,,-62.99643417704025,-41.11110622179237,,140.1523385355674,-177.65658602097903,-29.67364621242285,,,,,-114.77946463139443,,86.92093750045508,,,,,
20140317,69.22404299104323,,,-85.57006370528094,-40.452628358428356,,139.27846893694746,-177.40707406272008,11.082090196411743,,,,,-109.14874862828339,,84.96354274409201,,,,,
20140318,46.16875670079079,,,-103.64952712906097,-39.93045159201393,,138.21699394452517,-176.97862722527339,38.7634237139456,,,,,-104.62668100773021,,82.67617913478708,,,,,
20140319,27.677629718132902,,,-52.53773689215669,-39.3297464520606,,134.94196782890305,-173.77439967344594,60.499387322429705,,,,,-100.84222260802258,,80.80481230174148,,,,,
20140320,13.73007773715437,,,-75.17026231433103,-39.14513486148489,,133.0691913939767,-169.56416907574592,78.48942312901907,,,,,-97.69734029747825,,79.2778370766596,,,,,
20140321,2.5064025917505806,,,-29.428013623571008,-38.98257255820861,,131.561058376748,-165.29961172205088,93.25119433657238,,,,,-94.85168714438069,,78.10965226119772,,,,,
20140324,-5.965566232323071,,,7.80628810524661,-39.464812309759374,,128.7357330487038,-157.29229234057146,105.88735615355468,,,,,-93.8461562764158,,50.09294873941539,,,,,
20140325,-12.907730028394626,,,37.966430035530024,-39.82978903420328,,126.00366678905617,-150.3572017244835,115.02775574120191,,,,,-92.72012064820343,,27.400594799274707,,,,,
20140326,-18.587682225180053,,,73.0752384646922,-40.13724852974228,,123.42536974163167,-143.33650209757164,120.97220938184543,,,,,-91.78200753027144,,9.429813324441396,,,,,
20140327,-23.246697844482473,,,101.9500564156169,-40.592170789668145,,121.179076739577,-137.6299145473533,126.23655374757851,,,,,-91.140749371285,,-5.334544363695224,,,,,
20140328,-28.010418664000014,,,121.07661445866184,-40.904152821498066,,119.24044821793775,-133.07358644861444,129.32776544718044,,,,,-59.09560463991534,,-16.89290800835209,,,,,
20140331,-31.883620177787837,,,136.7273114805055,-41.216787526980305,,118.14300316089741,-129.3669472865909,131.68198809639915,,,,,-63.67398310057586,,-26.371062136071007,,,,,
20140401,-34.77921854908924,,,149.4045795570981,-41.535373962223865,,116.48268535927114,-126.31676548793577,132.32095926166096,,,,,-66.62532159277794,,-34.121675669660014,,,,,
20140402,-37.14834448924487,,,158.93182805477562,-42.049749167211736,,115.61833827822609,-123.35416885262704,132.62798010863327,,,,,-69.43628135531199,,-40.510989212144025,,,,,
20140403,-39.08672025846308,,,165.73632430412442,-42.44689186752892,,115.69198897839944,-121.19632450973135,136.02376207944093,,,,,-71.58191782940072,,-20.599956690774015,,,,,
20140404,-40.638316883890724,,,170.8363191209618,-42.85343507390142,,115.64701322766697,-120.83958060073783,137.4135083192425,,,,,-73.32375123143271,,-3.9296044556052125,,,,,
20140408,-41.90780503196787,,,178.54371831901102,-43.739097590250175,,117.4043745659189,-122.53218832133236,139.84682976179442,,,,,-75.07401243973312,,11.590220851237952,,,,,
20140409,-42.94647715312188,,,187.4693880382884,-45.428029881110575,,119.0759577810172,-124.16603629165121,142.27593165029086,,,,,-76.16476882827627,,26.268113521846526,,,,,
20140410,-43.79629979770243,,,109.47048484997818,-47.790855268595855,,119.07070321682893,-125.3563692396676,143.4208608302626,,,,,-77.06747142946321,,38.318474566951686,,,,,
20140411,-44.491609234177425,,,132.7592486076048,-49.7500860117269,,119.08352782091816,-125.9054770276004,144.35617279312788,,,,,-77.9975123014275,,46.75850771097457,,,,,
20140414,-45.060498773111505,,,144.27318371246787,-51.363872028085666,,118.91358010177765,-127.03186528108886,145.64822149506068,,,,,-84.15531822581174,,53.54713202206882,,,,,
20140415,-46.758384414765096,,,153.69534552124068,-55.64454065454118,,118.76069253477976,-128.0692178818462,146.8443955185618,,,,,-89.35614260672489,,59.874058146979635,,,,,
20140416,-50.3776353233444,,,90.8743594679442,-59.194350985269935,,119.92169998438149,-128.5394613640785,148.70865846969758,,,,,-93.59319391838558,,66.09061151505279,,,,,
20140417,-55.16101431645382,,,38.95567586933898,-62.86841212335771,,125.35373705685966,-133.22701603025268,151.10505596187303,,,,,-97.02077130984644,,71.17675244264849,,,,,
20140418,-62.09268817562102,,,-3.5853250876411895,-63.30050984873419,,129.79034705528056,-132.62280243591815,152.8665033172547,,,,,-98.86631704339915,,74.89178355817788,,,,,
20140421,-72.71618231754576,,,-37.962027874493444,-63.376894410463315,,133.2666609613416,-131.93864394906592,154.2876382686909,,,,,-100.18973563420658,,44.984353781910634,,,,,
20140422,-99.70954188120503,,,-66.22999289301,-63.669005816424985,,136.81860468837172,-134.9576861498144,154.95754116898763,,,,,-101.71217524152758,,53.433505680081495,,,,,
20140423,-122.38392488458126,,,-89.7208418402657,-64.66808237014358,,140.0846662607849,-137.88048762091825,155.2856795096518,,,,,-104.2532518027352,,60.669259681477286,,,,,
20140424,-140.9356927964345,,,-39.16083644545622,-65.43047617852481,,143.43727552398408,-142.85478272165665,156.84946589733374,,,,,-105.84869016236448,,68.32796951380111,,,,,
20140425,-156.87747823129416,,,2.0904657955759167,-66.08724806912915,,141.8263244620036,-146.93216015446865,152.91113866636445,,,,,-107.34582521128239,,37.119585224178564,,,,,
20140428,-169.92075722345206,,,39.439455028064714,-65.93788211663536,,140.86016909072467,-148.9054810785637,151.41004922302378,,,,,-110.70540644035289,,9.885470642706512,,,,,
20140429,-180.80437626884955,,,69.81388797439566,-65.63214824378073,,140.3376159040193,-150.51871963857914,150.18146805456752,,,,,-113.39142841094284,,-11.45876282408474,,,,,
20140430,-293.1089527426424,,,93.34970659388584,-65.30947172608579,,141.87397117710748,-152.89510528221106,151.11957887156274,,,,,-117.49898508113948,,-28.1644723519057,,,,,
20140505,-384.99451531210923,,,115.82261359203781,-65.1807586702476,,140.6735019492202,-156.27294423175172,150.80345618797406,,,,,-119.16696401250294,,-41.951090002231844,,,,,
20140506,-460.1736119598548,,,136.06577437492803,-64.78959706692181,,139.83720908251814,-158.4781421838799,150.54291041761556,,,,,-120.90264888972122,,-52.951415638595606,,,,,
20140507,-460.1736119598548,,,147.38348149061136,-64.4860687041323,,137.74818373303899,-160.88160131235045,151.9146515282102,,,,,-122.77966180638929,,-61.41217174928498,,,,,
20140508,-460.1736119598548,,,157.2810635696793,-64.95150662663383,,136.57333385080685,-164.0148633437361,153.09361129335787,,,,,-125.3971968284406,,-71.18188357510002,,,,,
20140509,-460.1736119598548,,,165.4148300266639,-65.98624200645219,,135.49385152737614,-168.2198136349828,152.53191983323444,,,,,-127.23739667054751,,-79.21079207173256,,,,,
20140512,-460.1736119598548,,,172.02471992075132,-65.93228894913426,,134.97953931262887,-171.51713099772172,152.41290207983354,,,,,-127.96760720857971,,-85.82404044087237,,,,,
20140513,-460.1736119598548,,,177.73856614402095,-65.81822811909234,,134.5360980606928,-177.27939764027965,152.25803199346763,,,,,-128.07187437950807,,-94.33937945531069,,,,,
20140514,-460.1736119598548,,,191.35520231789752,-65.47151213762213,,134.52941812517756,-180.85822368261606,152.4466295458379,,,,,-127.43707261087322,,-101.78408480722165,,,,,
20140515,-460.1736119598548,,,202.3417036261115,-65.11611040259999,,133.8587841397696,-184.13187347360363,152.03445298045983,,,,,-127.13579173197826,,-107.24047268736643,,,,,
20140516,-460.1736119598548,,,212.71820799958869,-64.52086120031532,,132.8874182451775,-186.78770601624217,151.67882178592546,,,,,-127.03049588624036,,-111.31081757605926,,,,,
20140519,-460.1736119598548,,,221.19258840951537,-61.733192835032696,,132.39360266879018,-188.921984334487,153.1957770549035,,,,,-122.96550656539493,,-114.56218736578295,,,,,
20140520,-460.1736119598548,,,228.13077742651032,-60.56779170587051,,131.78725565076692,-202.87815740459615,154.43940086912684,,,,,-80.88195238202924,,-114.83398257053616,,,,,
20140521,-460.1736119598548,,,138.11665437519198,-59.7704895256545,,129.31386739791193,-212.11139317407157,154.54721292886583,,,,,-47.307003997719924,,-115.46361488879937,,,,,
20140522,-460.1736119598548,,,161.67030896535024,-59.113835091870065,,127.54183086754628,-216.37272341676677,152.2582088355458,,,,,-19.788702928002028,,-115.9225582875146,,,,,
20140523,-460.1736119598548,,,180.726355405701,-58.56967588341671,,126.06189949612998,-219.65327038451164,149.24700629309865,,,,,2.0537196678335543,,-116.54300900269943,,,,,
20140526,-460.1736119598548,,,201.44375179363527,-57.85192263987752,,124.42263685584287,-220.74103121585455,146.92898266999106,,,,,19.97457924119338,,-116.84898700845976,,,,,
20140527,-460.1736119598548,,,213.45355314203695,-57.09496873645759,,123.15627634261627,-219.993119027875,143.71259025653913,,,,,33.749512579427325,,-117.06777125333174,,,,,
20140528,-460.1736119598548,,,224.31339051630601,-57.04529005960191,,122.24418137941238,-220.3069661144326,140.97978819223678,,,,,45.481248780065606,,-117.30104976061081,,,,,
20140529,-460.1736119598548,,,233.03755768027224,-56.97040165929942,,120.98130113426991,-219.94558249193193,138.66733057207858,,,,,55.007585272422,,-118.3231198259855,,,,,
20140530,-460.1736119598548,,,246.303379366243,-56.95781770168454,,119.96448628101808,-220.1659626790845,136.67968086427638,,,,,62.960388975399425,,-118.81376200433624,,,,,
20140603,-460.1736119598548,,,256.32120263270394,-56.95227788756318,,119.81824938967607,-218.32828863826893,135.25116543986869,,,,,71.29820112832303,,-119.45605633558216,,,,,
20140604,-460.1736119598548,,,263.6422755892394,-57.289658952881325,,119.89912754382,-217.808850985769,134.05670652632656,,,,,77.94115210312195,,-119.95051450688908,,,,,
20140605,-460.1736119598548,,,285.37251175553314,-57.517510510494944,,121.22671041744098,-217.38380150723282,133.26021879342431,,,,,83.03730745040482,,-119.95530734149588,,,,,
20140606,-460.1736119598548,,,308.58155709866446,-57.874774196855796,,122.55037378033768,-215.1502272784973,133.01283933734757,,,,,89.19665629837733,,-120.52734811933826,,,,,
20140609,-460.1736119598548,,,327.5707760157718,-58.31062295037399,,123.11960757361128,-211.42191306931022,133.9441914390544,,,,,93.99228133885887,,-118.12451796310422,,,,,
20140610,-460.1736119598548,,,344.0624792173503,-59.13374093010765,,123.51757688993534,-207.63712959714735,130.10280430242452,,,,,97.80235722924822,,-116.30444470530149,,,,,
20140611,-460.1736119598548,,,357.5643881010166,-59.792104445309434,,123.82648570929913,-204.43810822289424,126.73648096325562,,,,,100.19765977779169,,-114.81332774345036,,,,,
20140612,-460.1736119598548,,,370.18175644355756,-60.14071060403133,,124.09896522085411,-202.7432570021902,124.16364336359226,,,,,101.99473870851003,,-113.46972470903427,,,,,
20140613,-460.1736119598548,,,357.61588259055287,-60.25673902460981,,124.93955141860211,-196.20935916644274,122.78821049478282,,,,,101.66486890189998,,-111.92995896613212,,,,,
20140616,-460.1736119598548,,,347.2591457832765,-60.73110609273531,,126.79341513065546,-191.1907324394562,121.687071737194,,,,,100.36019287368484,,-109.91189812702486,,,,,
20140617,-346.21549630233415,,,339.8013777787521,-67.0697228416619,,125.16809577398789,-186.5771683283202,118.7954993856231,,,,,98.39986173295341,0.0,-107.67860751649239,,,,,
20140618,-274.67506674086155,,,333.7395689710807,-72.26914918508145,,123.58478497498055,-182.98965176104966,116.20254533756277,,,,,96.64206688260964,0.0,-107.09129386994394,,,,,
20140619,-250.8655306802879,,,327.8296966907949,-76.7238263033025,,123.41285073427234,-180.59468342596332,113.97835900554365,,,,,95.67990322522506,-108.8721829726445,-106.46191716473857,,,,,
20140620,-239.14528400535002,,,322.99434664328834,-77.76589517496151,,122.80856329487598,-178.87718228581656,113.02759892900627,,,,,94.93839525568319,-124.23710499431485,-103.92740737481597,,,,,
20140623,-232.28167222482102,,,316.9342764341625,-77.64113215142876,,119.26604462699811,-177.525178302134,108.8161641321393,,,,,94.55465414002441,-135.27832898316532,-101.50080006659717,,,,,
20140624,-227.8482553450688,,,312.39590599761505,-78.26996282943608,,116.67854526802022,-177.63884074214926,105.37015547158995,,,,,94.26820364273445,-144.33166227061628,-99.69068482882493,,,,,
20140625,-224.80078094573938,,,317.78048135813015,-79.37145382015457,,116.84175230460794,-177.9714348878939,104.2093161114875,,,,,95.06716752751349,-61.604984587586316,-98.21065864381711,,,,,
20140626,-222.6153865794043,,,324.75313093263406,-80.26007778856295,,116.56414506139363,-180.31061027253176,103.31772997644484,,,,,93.21319501905023,-4.95046328224557,-95.97119628393305,,,,,
20140627,-221.00018531882336,,,330.13825010199383,-80.81306405231079,,116.18586062271035,-182.40303395035124,102.6366932249837,,,,,91.6951798605454,28.390196021982213,-93.98908534027359,,,,,
20140630,-219.77958791435594,,,333.72072374709506,-80.84197404204794,,115.75840054759279,-184.1141571171599,102.07986283677243,,,,,90.62758759710782,53.69370735536505,-92.82433686822539,,,,,
20140701,-218.8416155513787,,,339.0476607341678,-80.85995653577507,,115.88307450987787,-187.3275593104265,100.33897560206557,,,,,89.59548378534609,71.22704354860531,-92.87276880749674,,,,,
20140702,-218.1115113964735,,,339.9854991629603,-80.81174688907305,,115.84869401805688,-189.88685126872087,98.85210964253343,,,,,86.94636376405413,84.29766674003565,-92.79942354307147,,,,,
20140703,-217.53750781774443,,,339.4367035826146,-80.79869287773325,,115.94122881662614,-191.81952749506164,97.74406008062125,,,,,84.94501283728657,95.20622392031167,-92.79891688136526,,,,,
20140704,-217.08267804036416,,,338.83418087145327,-80.47297360358789,,115.79063379125571,-196.2603991670245,96.59696755896732,,,,,83.27475739689815,104.5944771908267,-92.63828445362869,,,,,
20140707,-216.72003558106977,,,335.7727509318818,-77.0298458384037,,115.6695280128693,-202.97817617527906,95.70738866333656,,,,,81.27556838121839,109.1619553683012,-96.12482160610715,,,,,
20140708,-216.42946195147567,,,330.7551598626233,-74.21948059807268,,116.33099073851287,-209.65427860121662,97.6362599420636,,,,,79.29122561632556,112.89928514632795,-98.93971649609001,,,,,
20140709,-216.19571075119512,,,326.4400600826568,-71.97675684208919,,114.39763907747593,-214.60993090986008,98.72495093845099,,,,,77.59115876313723,113.22411320978654,-98.14949149916079,,,,,
20140710,-216.0070703557757,,,323.1769576338108,-70.44561137974608,,112.62454492264348,-218.76063643899428,99.64446967059305,,,,,76.19517052710748,70.11957704513942,-97.55049442862487,,,,,
20140711,-215.8544433226249,,,338.59855454917164,-69.74894627041802,,111.73493911147713,-239.31781365763584,100.40637402003274,,,,,75.78540657741755,35.293588139909765,-96.59794436750968,,,,,
20140714,-215.73069740488953,,,351.7965505233418,-69.16620354488876,,111.1457285227895,-254.6955290202176,101.09626077880498,,,,,76.60963545911972,6.896302052423876,-97.03969075829941,,,,,
20140715,-224.68661621771997,,,359.8282745828025,-68.7259752692133,,112.2856318826194,-265.70745967087646,102.82055256197629,,,,,77.86652589880495,-16.62991462233673,-96.99665469313126,,,,,
20140716,-224.68661621771997,,,365.2824694278468,-68.34810139764868,,113.0854741547728,-274.2439428202367,104.23529647368932,,,,,78.41062434650127,-37.136334549354714,-96.8683982025807,,,,,
20140717,-224.68661621771997,,,373.5029450767526,-68.01350110930345,,112.74945648381778,-277.45372028204736,104.6998125240501,,,,,78.86376723892955,-52.66458892057003,-96.40314297597288,,,,,
20140718,-224.68661621771997,,,380.22878878949365,-69.24098531557226,,111.95933733537623,-285.3941253841735,105.25850445414898,,,,,79.23324203060304,-63.5018175843394,-97.22894795093612,,,,,
20140721,-224.68661621771997,,,386.92894214410103,-71.86863325141867,,113.83661431565294,-289.8178678718354,114.10951499285754,,,,,79.4351682692971,-72.33774572301667,-94.23583677414071,,,,,
20140722,-179.30157604970523,,,392.41325250890293,-73.78004482562613,,115.6228165102764,-291.1539132730473,121.06759105233455,,,,,78.41270058111265,-80.0324047095142,-91.86903010672138,,,,,
20140723,-153.11720520343678,,,395.6959936097515,-75.08051792908738,,116.39373749527151,-290.30208037627,125.57473886899973,,,,,77.61323933734441,-89.02536992195152,-89.88221143142859,,,,,
20140724,-136.3558030289795,,,398.77423002907653,-75.83236262351122,,116.88844339118576,-288.6789327502285,129.15186054664684,,,,,78.07060601359173,-96.90153931418564,-88.90864851035094,,,,,
20140725,-124.90257768165974,,,400.80431074847036,-76.74512315374129,,118.12326116631554,-286.4218273120471,130.98037518960905,,,,,78.4918531094147,-102.89138312708447,-88.76999904621975,,,,,
20140728,-116.72330327755576,,,255.96887896471833,-78.00758134866047,,118.77336616131248,-284.564933629663,132.56604373489182,,,,,78.84870604340759,-63.154252277850546,-88.43974216802759,,,,,
20140729,-110.69625493012475,,,134.70759747678417,-77.15588850503374,,119.36812566174183,-282.00666317289557,139.56971706231423,,,,,78.96655777127388,-30.643107627375176,-87.01283838737974,,,,,
20140730,-106.1518541423091,,,33.08594985465399,-76.1853595835514,,119.78348500968292,-279.8906618261157,145.64621513750436,,,,,80.93607398677365,-4.011663664863543,-85.87294731063932,,,,,
20140731,-102.66564292137942,,,-54.98728273397186,-75.39062121568892,,120.16941029265338,-278.4946844322998,150.51158865027497,,,,,82.63601064200822,17.610118398497907,-84.79304814836628,,,,,
20140801,-99.95559696425197,,,-128.51973881552513,-74.29185647059789,,121.3887166913919,-277.3525211100867,155.57486570188854,,,,,84.11292072951977,-5.6598871977019165,-83.98855443306077,,,,,
20140804,-97.82716558527716,,,-21.607778763244774,-43.44442584969248,,123.6783332977705,-276.7401482628,159.75810107778616,,,,,86.24550205764288,-26.93406856078911,-82.28835254221255,,,,,
20140805,-96.14200368095715,,,65.09307009889086,-18.579470107431412,,122.25941422971482,-273.5134632400563,161.51408885160023,,,,,88.64015294114427,-44.27948018476142,-80.8693791160145,,,,,
20140806,-94.79926479910324,,,124.38000219056264,-32.16588098076319,,122.54482695921016,-272.1080671634234,164.931992906791,,,,,91.05819137678127,-59.91360872525482,-81.37836947479092,,,,,
20140807,-93.7239253577005,,,172.84669845829586,-43.14952699986366,,122.72500116909619,-269.3140724909018,167.50491676028548,,,,,93.50634142598007,-73.08794240449868,-81.82065801549781,,,,,
20140808,-92.85922858176686,,,212.17839240585616,-18.4753847439544,,123.08757759162485,-267.42303299505124,169.42468606525136,,,,,96.30887068389906,-81.08215349492656,-81.97435558812646,,,,,
20140811,-92.1616386514127,,,242.9796323286313,-31.828280939631398,,123.33236709178897,-266.94589932097455,170.12315301774532,,,,,98.34959100527713,-87.74524532967077,-82.3555812640658,,,,,
20140812,-91.59737737186445,,,264.49385017832367,-42.031636312664865,,122.70290615763892,-270.0025443311593,169.57084816003297,,,,,99.15776825797938,-93.1447425375332,-82.89569067929057,,,,,
20140813,-87.17421427483004,,,281.75406579800585,-50.407902955621594,,122.7481485653632,-273.15452617057076,169.53091686585125,,,,,100.03595569685424,-94.46507858455443,-83.3501259526356,,,,,
20140814,-83.58261893983891,,,296.4082387914017,-57.41077712434747,,123.15370843427027,-270.7386767777437,172.63720216813854,,,,,100.84002995012592,-58.57874397555077,-81.91098433060537,,,,,
20140815,-80.66216495452767,,,304.4921323676265,-63.475285659389854,,125.10594864409127,-268.24833902813526,173.91014783205682,,,,,100.61469887850298,-27.821760661691123,-80.5035981278182,,,,,
20140818,-78.2847330606519,,,310.4502450188871,-68.34650013952898,,126.70273863930775,-267.23634480507485,174.73668039056176,,,,,100.54897617469604,-2.611140603762545,-81.14639241296089,,,,,
20140819,-81.88908611015205,,,315.147714868477,-72.37766200686043,,127.78079145867568,-267.4582135075598,175.88290544853422,,,,,104.70102692930544,18.111516178693062,-81.08333858593743,,,,,
20140820,-84.82819626100807,,,315.6698105445275,-75.90558121919211,,129.11396684091886,-272.07024458355437,177.36394430928803,,,,,108.00126624639257,34.752872173587875,-81.00385487181677,,,,,
20140821,-81.71452141826825,,,312.8797738040019,-79.74233743465875,,128.35622938152872,-273.60212001145527,174.03004210382085,,,,,113.82510517191861,48.31502550887045,-80.1168270486808,,,,,
20140822,-78.96481512811104,,,310.92703765138555,-82.40091241135082,,128.13670520802998,-276.08073382065794,173.57823239076018,,,,,117.24259314793396,19.95654295868755,-79.67979617344241,,,,,
20140825,-74.77650240729992,,,309.31059680907697,-84.61459661871,,129.3067199610571,-278.2298711077985,173.45697763727796,,,,,119.959720478695,-3.0064944213422633,-79.2749916970305,,,,,
20140826,-69.92248156849055,,,305.6689827180275,-47.887245601656424,,130.40559466093066,-281.5573376907406,174.0786999502324,,,,,123.15184421866356,-20.42731798006349,-79.66020273065811,,,,,
20140827,-65.96955232511232,,,304.1603544214696,-17.68662361216629,,131.31401388605175,-284.2603203005726,174.5922036383231,,,,,124.68238149210607,-34.438034048734785,-79.38690203812176,,,,,
20140828,-45.14810896284836,,,302.2788119404187,-35.27906091697213,,132.05748392964435,-286.11387640662923,174.68595695178018,,,,,126.05450352140906,-45.869622462239064,-78.99142991649506,,,,,
20140829,-28.893944145093908,,,298.88035353725525,-51.40337125265489,,132.52691710415925,-283.46313006711205,175.17336830614957,,,,,126.74310339505419,-55.686852408867146,-78.45698648142765,,,,,
20140901,-15.590349259869122,,,296.7072858405045,-65.36298499496796,,132.61753471078924,-280.45867708368206,175.51240584784375,,,,,127.24791583721472,-63.62778491466278,-75.27686513994024,,,,,
20140902,-6.453066490638375,,,296.33675362119715,-75.22351093222022,,135.54390176156772,-272.90044437340157,175.2830962719897,,,,,126.42553387487196,-70.13126111482134,-72.63523994926871,,,,,
20140903,1.0153553916309428,,,300.45512331786483,-83.13313948583549,,138.0866648593117,-267.4409552791051,175.6077940695356,,,,,123.5728038643264,-75.55824993689906,-70.45946685515418,,,,,
20140904,6.7857235923004,,,303.429352655154,-89.48723983352349,,139.85060482460767,-264.3936292295946,175.4306737307757,,,,,121.53426052139957,-79.96785499166592,-68.55717535567042,,,,,
20140905,11.464164264557178,,,295.66131035283644,-91.81912832408165,,140.11319059019752,-261.4913981260783,173.05223017309638,,,,,120.47588686659564,-85.5371612316613,-67.11861650672418,,,,,
20140909,15.291038573805771,,,286.4811588125785,-89.53666581945964,,137.94933313801837,-258.5115962189706,170.5552152623482,,,,,120.92420182416069,-90.11472557298659,-65.88684261021518,,,,,
20140910,18.42148798333535,,,280.45250899305887,-87.81473086985413,,137.14417503906037,-250.528113345564,168.78697602308225,,,,,120.86826031954666,-93.8356119413025,-64.62098931558893,,,,,
20140911,21.303575882779377,,,250.82180668204228,-86.42162431020789,,136.39463623214183,-243.71134548401372,167.47802200239448,,,,,120.89744360146422,-104.00592115614462,-63.35753854679896,,,,,
20140912,23.501209958943498,,,225.24419750899764,-85.02235176680855,,135.46922687646804,-242.95097145698966,165.82182794049106,,,,,120.85404625933512,-111.28841209944875,-40.66657253646215,,,,,
20140915,25.26373752156983,,,204.31446204123478,-83.73105864873499,,134.66084426509266,-242.5280206629712,165.55531804674996,,,,,121.89593372678151,-113.60477412956011,-22.224899866538934,,,,,
20140916,26.487926625293902,,,175.71609490994095,-82.80995810556489,,133.98268290981957,-234.31523892808255,165.39276132375704,,,,,122.82212667881558,-114.68335336476002,-6.904158931024653,,,,,
20140917,27.25242881520894,,,152.31246991705254,-82.13968535365566,,133.50676516011293,-227.74579080010938,164.35744718545075,,,,,123.26253183258859,-115.17551927494186,5.90828552765968,,,,,
20140918,27.87789288847036,,,133.15547839337034,-81.21646578469314,,132.5333555494866,-222.65541269970223,163.68419540610236,,,,,122.5909011045189,-115.77145627763467,16.404484842484603,,,,,
20140919,28.646593831366406,,,117.33756697666016,-78.88894505203103,,134.62717603568242,-217.80288978547813,169.76241343106204,,,,,122.83528471939296,-115.76073079607303,25.5098908235724,,,,,
20140922,29.287772346588014,,,104.38555170992626,-76.6868600730553,,86.95927387364345,-206.69885898356657,169.09000251787776,,,,,122.26599631065521,-116.0702725218025,33.02516132779446,,,,,
20140923,30.095159547821012,,,93.79823145315885,-74.81139157604034,,49.48922950170063,-196.15018770718578,168.74651513148115,,,,,122.13860951445868,-115.34477359423335,37.78206299902484,,,,,
20140924,31.23962395401119,,,85.1432629130763,-73.04033122498537,,20.49180665510384,-187.51945666287423,165.10654684245435,,,,,121.44649591736253,-116.93259545231177,41.721541087269195,,,,,
20140925,32.18291321917257,,,78.04492365528674,-71.78657795826602,,-2.6821684397266243,-180.35895405736423,161.21175838587442,,,,,118.66803162826328,-118.5329071974872,44.083690996571015,,,,,
20140926,32.965424856232644,,,72.24976032652137,-69.12861354996207,,-21.3584826354899,-173.1860525406251,157.63980934166665,,,,,115.95293214985601,-120.23147589808197,46.10511993546091,,,,,
20140929,34.22725341495569,,,67.14716652034582,-66.75204745524312,,-34.52352939681029,-167.78194574987754,152.90021898531623,,,,,112.69333427732771,-121.1841828502841,47.912302981948166,,,,,
20140930,35.265148935479395,,,62.96164523899709,-64.59779622765018,,-45.27287208649912,-161.92496466033265,148.84475890267876,,,,,110.02794412816267,-121.64652270625723,52.06982207664411,,,,,
20141008,37.870426283986575,,,59.535124477494634,-62.0981141277883,,-51.33230831810594,-157.8075540671294,140.10660463970618,,,,,102.45067828428424,-120.29207834553706,55.0208083019388,,,,,
20141009,39.99629010040864,,,56.69318584705831,-60.02721494063828,,-56.291392165172816,-154.186262729343,132.9407416736666,,,,,96.41272882627922,-119.10368084317135,57.27144339998546,,,,,
20141010,42.88764876713236,,,54.3783599705035,-58.33953918679236,,-58.661068371754006,-149.70161991075804,123.64592778887484,,,,,90.77252429394194,-113.5558088595962,58.983211968868595,,,,,
20141013,45.517129557438864,,,52.52858638589979,-56.4455775755778,,-60.52784437389017,-144.84171042794978,115.57527045210769,,,,,62.322272757672316,-109.01618542961037,60.563176588562314,,,,,
20141014,46.512286958920846,,,51.003920767961006,-55.670236700438394,,-61.69277542285832,-140.0778560801469,108.58835542190555,,,,,62.17608033217287,-104.81716644388064,61.88795013650681,,,,,
20141015,46.67438077897587,,,49.75332044637006,-55.03445525703543,,-62.5394635016926,-136.59652109536955,102.85092949080675,,,,,62.03965408517638,-101.40254790031996,63.43657878260624,,,,,
20141016,46.152822951789965,,,49.448842223168754,-54.46657235483562,,-63.261490527822,-133.67090598328662,98.00091229322697,,,,,39.844240343693976,-98.58622297671918,64.99933171497823,,,,,
20141017,45.704531616791925,,,49.45290454651347,-53.79481328284532,,-63.85528156784844,-90.63526848112153,92.88685431839632,,,,,21.680793175518808,-96.4889441677528,66.41687777364649,,,,,
20141020,45.39447595020487,,,49.449263300756115,-53.23315040677122,,-64.56724594324795,-55.52111602879162,63.21493373251907,,,,,6.96774630909436,-95.50755222785719,68.42208019596579,,,,,
20141021,45.88674888348143,,,59.97006188056283,-52.74724705916951,,-64.99980302897724,-62.483480833271344,38.87418001991158,,,,,-4.810322390154232,-94.6334912633116,69.86038666291824,,,,,
20141022,46.415413648669556,,,68.67306005404781,-52.330221513319444,,-65.20135038603802,-67.94134931260801,19.083886252831295,,,,,-14.597170264210328,-94.20006455121799,71.11500533307246,,,,,
20141023,46.847199443994846,,,75.94817288805625,-51.69307909823021,,-65.30578340601784,-41.42728106365536,27.828034066386042,,,,,-22.609296011906363,-93.05582562132294,72.08789136978983,,,,,
20141024,47.60016270479001,,,84.40414222451794,-52.02102349226882,,-65.11941639705242,-19.6449935474066,34.17909269307125,,,,,-28.859781041358318,-92.16371164461613,72.95425915127159,,,,,
20141027,48.194141307033455,,,91.51393702112998,-52.702102554269025,,-65.33327665887063,-1.2055627996371907,39.64270907264366,,,,,-34.10144658998422,-91.37230998046604,73.63331025947612,,,,,
20141028,48.68012350975018,,,97.0936507444548,-53.621192609594125,,-65.29340701373233,14.04413606076484,43.80044253256362,,,,,-38.31484289368909,-92.06698339691843,77.94866955726759,,,,,
20141029,49.07774511782221,,,101.90934099163363,-54.136587437154766,,-65.27721081907842,26.28134878756323,47.25219305228856,,,,,-41.67647220960185,-92.72529732573994,81.25429252637704,,,,,
20141030,49.403071758094356,,,106.01968346142769,-54.744121710328784,,-41.559684953925405,36.25910911542361,50.12015620052402,,,,,-44.81210387768479,-93.25892008326565,92.0907211955782,,,,,
20141031,49.66924801313147,,,109.52986017649903,-55.83044993705011,,-22.139015189483995,44.55342948619385,52.3912770649896,,,,,-47.51144176931635,-93.67309381822713,100.25745101621632,,,,,
20141103,49.938752134461694,,,125.93581551094489,-57.327222360468234,,-5.782218239074572,51.32267653315486,54.31193275478907,,,,,-49.630414675478576,-92.95783337913906,107.26583699448076,,,,,
20141104,50.15925545821072,,,140.80884572801844,-57.734378747678086,,-17.0502144829324,57.207276301776545,55.74075421426539,,,,,-51.3034346232687,-92.93902010789391,109.09618088215542,,,,,
20141105,50.84074579897918,,,149.86864361907573,-56.98921942569679,,0.2857542985527203,62.413518085208885,57.6824924251025,,,,,-56.22202011584179,-92.87392580940356,112.4381234414058,,,,,
20141106,51.398728594300415,,,161.40570857644548,-56.36920954129047,,13.903500540044716,66.6480844939175,58.45481010772599,,,,,-59.77021919857185,-92.60481954964209,116.97575372409979,,,,,
20141107,50.52924499980789,,,170.8398888879629,-55.77577413580944,,29.911173693690458,70.84157065099564,60.935848625864885,,,,,-64.46842710308614,-96.23918470111514,121.3689219374051,,,,,
20141110,48.460074237057796,,,180.0780851225521,-55.87996916426957,,42.36084967230027,74.34793148430089,63.0337197405256,,,,,-65.81078631629508,-98.2245164345373,122.98941369085406,,,,,
20141111,47.2414444572817,,,188.58258888654836,-55.955388475354056,,50.48093930877173,77.25457151147822,63.99743331528646,,,,,-67.25000151414527,-100.68971259947433,124.47420469490213,,,,,
20141112,46.63199605096085,,,199.49138329960775,-55.430306212987176,,56.97387814894312,79.73286706713809,64.78356176281032,,,,,-68.1602040464011,-100.88746572829123,125.26172237854935,,,,,
20141113,46.287588718378174,,,204.11239013444015,-55.14189833582746,,62.55882734655572,81.83759976977693,65.6343045337295,,,,,-42.16023314007929,-101.0908246999976,125.4973357972786,,,,,
20141114,46.3375487046624,,,198.50343782997822,-55.02993164123778,,66.76814447579494,85.2122614850369,67.5102362495097,,,,,-47.7615030201908,-101.34957478626765,125.57121537349718,,,,,
20141117,46.134442068472566,,,183.3090144032828,-54.932798161913475,,69.87867535845278,88.21164606225842,69.1802200435524,,,,,-52.078468788953515,-102.03374355147554,123.02141379933502,,,,,
20141118,45.66241107358749,,,168.3470895069681,-54.2884020297448,,72.3812889204388,94.16986612168353,70.50060086354732,,,,,-55.74520652651867,-103.17116235181243,120.46625810852538,,,,,
20141119,45.72753562188405,,,155.35965499945456,-53.60567488614963,,74.51982829341654,100.64224437751203,71.58256693881022,,,,,-57.63396382770862,-103.98649840781488,117.82834292062898,,,,,
20141120,45.78099210795473,,,144.7723644488195,-53.499025283208084,,76.35200914224342,121.66668973972266,72.64796068709786,,,,,-35.18843096260452,-104.65325027571143,114.77305988440337,,,,,
20141121,45.89229402589463,,,136.2790252431201,-53.096342971703756,,46.700614581171756,137.84969745321413,74.44356664209508,,,,,-40.92840316725641,-105.59474904434708,111.8570402110442,,,,,
20141124,45.994262312928,,,128.43311822407216,-52.98718342509825,,22.25727627683811,151.52388338834788,75.93873324458389,,,,,-21.431409275422084,-105.4659937777877,109.14684489996979,,,,,
20141125,45.706015670882756,,,121.67314658765144,-52.91252125267419,,0.7081451871623693,161.88734246829415,77.88033988949884,,,,,-5.186857275585519,-105.1584773852818,105.6115364068506,,,,,
20141126,45.446033647375025,,,116.38369940999067,-53.106659799378846,,-17.487585290822246,175.30511781720017,79.59512248105597,,,,,8.11864083493582,-103.84711703942837,102.94425693325888,,,,,
20141127,45.23332108422258,,,112.0475112536383,-53.099595877568355,,4.019198066559462,187.1148371030244,80.98459776382717,,,,,18.9278272218708,-102.50154535462038,99.85274938318143,,,,,
20141128,44.72343329752742,,,107.09993433314469,-53.09009936520771,,-11.955679732069973,196.6185803455213,80.0714208352392,,,,,25.744846791502596,-100.82340085367149,97.5202294715885,,,,,
20141201,44.29943823422474,,,99.18775603470948,-52.657415082562686,,-23.74940972644936,187.83018857154596,77.69338755633652,,,,,11.199327324325088,-99.06914643305112,94.5745650344345,,,,,
20141202,43.95253318380339,,,92.74818252021714,-52.36214442442037,,-32.890165500788704,175.7364230053806,75.55051942826243,,,,,-0.8364505903399019,-97.52739890499838,92.16226306924122,,,,,
20141203,43.39617190987673,,,86.47853563019534,-32.00973035513227,,-40.792371190399656,165.69280419100448,74.06906346364075,,,,,-10.478529016207437,-96.18698677419052,90.2379541133069,,,,,
20141204,42.63333938028618,,,80.528240614745,-36.87092768626127,,-48.0373828149503,157.29980325512568,74.07781373713189,,,,,1.2405118553989658,-94.99334450316273,88.64836667286833,,,,,
20141205,42.72463851883177,,,75.06691328044123,-41.507105497118225,,-54.13968249554736,150.38235453377087,74.39744930127712,,,,,10.871391183616854,-94.04304811787964,87.56519687399054,,,,,
20141208,41.54924577210906,,,53.621781477195825,-44.76624117262005,,-59.166570700957244,144.5287317858365,74.60814353931657,,,,,-1.2543669199181133,-90.93920714234699,87.17345660802373,,,,,
20141209,40.1075855409319,,,51.649754324988066,-25.82089916004863,,-62.844716748100424,138.87394362678606,74.39691012754103,,,,,-11.062295525863536,-88.48976328327228,86.54033520233749,,,,,
20141210,38.94775996753613,,,34.87968789485064,-9.770518243214994,,-65.91029273323036,134.19899200562364,74.28892085534855,,,,,1.0286795616115858,-87.30927364633361,86.23707262880066,,,,,
20141211,38.23197335981426,,,21.15969180003666,3.4240949472061026,,-68.40540424364674,130.6025291529796,74.41337914992033,,,,,11.427638191736033,-86.42694202851479,86.12119341047772,,,,,
20141212,37.701322249884385,,,10.02373968499767,13.210857458249748,,-69.93931802298387,127.64680687686364,74.32947385811694,,,,,19.950733306770925,-85.18834817485104,85.6420431526354,,,,,
20141215,37.42445850166581,,,0.7295823557970834,20.850451970070168,,-44.468501943164725,125.01458571057924,73.38120752761863,,,,,26.851438070560214,-83.88167664808162,85.96860868647917,,,,,
20141216,37.324350792844825,,,-7.020690619081084,27.751606638404628,,-23.846146449985984,123.04310396648667,72.60507819149196,,,,,32.22445304354485,-81.81680977977187,86.56229378135961,,,,,
20141217,37.26264184085861,,,-13.35601926730319,33.70032788596869,,-7.017394914613008,121.438936015532,72.15430826465202,,,,,37.55315409582712,-79.82078346548468,86.90942381299217,,,,,
20141218,37.2121526983424,,,-18.363984684430804,38.70312245342409,,6.2664794895728155,120.09672275727404,71.51944854408204,,,,,42.21873628994351,-75.78712043405706,87.94520756970901,,,,,
20141219,37.170843399932075,,,-22.459839036251815,43.629102144544234,,17.197215311363795,116.58483789817616,71.46099045036897,,,,,46.05909729488547,-71.71307784513678,89.4036030344572,,,,,
20141222,37.13704488305895,,,-25.88644678160992,47.68721862331713,,26.078253318714914,113.83134229103818,70.87404217412012,,,,,48.538685954947866,-68.38295523796216,90.26406429347648,,,,,
20141223,37.3859148489453,,,-28.699842872065304,50.876195522577675,,33.17989480215891,111.4128675700514,70.54942192171751,,,,,50.40406536904015,-65.85654392863349,92.04364095202313,,,,,
20141224,37.58970581250721,,,-30.677222748467788,53.54590338441252,,38.78080110857467,109.21831970112386,70.14832627553749,,,,,30.556534212719974,-61.60959816121309,92.00150541567638,,,,,
20141225,37.756443873581574,,,-32.15478183631859,55.52819354170045,,43.2951978001103,107.41428308945915,69.87307604979136,,,,,14.325620458181115,-58.13074911554135,92.69582490585705,,,,,
20141226,38.081244323854314,,,-33.50457295242942,57.1748711398827,,22.907276135840082,105.85646923689119,71.04359141042947,,,,,-0.3698894510048714,-55.200788024907574,93.23682142664903,,,,,
20141229,38.34833334463491,,,-35.05395401847488,59.539784748083555,,5.344285254385765,106.74773306685454,74.82582000303914,,,,,-13.466472054223496,-52.84642439384161,92.24772557522076,,,,,
20141230,38.44663824814375,,,-36.29303332843213,59.19756018235037,,-9.227111702420794,108.42784077964328,78.42258057653311,,,,,-24.131460908054905,-50.951677957438044,91.26129131354558,,,,,
20141231,38.591319235841134,,,-37.6653866929691,58.69919009718817,,-19.531863949789802,109.57673986672525,79.6701925002531,,,,,-33.59385898587657,-49.44953641541867,90.22714433242092,,,,,
20150105,39.050678089357646,,,-39.230995728335934,58.03415495562903,,-26.943950074843848,110.15684931473915,76.96316611997655,,,,,-40.363130833270525,-48.18375404436583,89.47159393680975,,,,,
20150106,39.52447904529962,,,-41.09296417016875,57.34575039696593,,-11.283325969394,110.68313893185945,74.74947293642292,,,,,-45.82959723780435,-47.04951680803297,88.8363229540491,,,,,
20150107,46.24338710779276,,,-46.24784777601424,56.9838724574086,,2.0624283643098846,110.74240753989582,73.23051300405062,,,,,-51.423680796465774,-46.400650228193534,88.32759144159007,,,,,
20150108,60.97794061014513,,,-50.18692119325378,56.525398547843466,,-10.485800636860912,111.69655544908453,46.89811569689491,,,,,-56.13572946164514,-45.83734941005856,87.62766996791483,,,,,
20150109,73.03348438453864,,,-51.829086962242684,56.96102713037556,,-20.070819312991997,109.31966241925849,26.610738980917503,,,,,-60.44592904457832,-45.43617869434249,87.05429647315565,,,,,
20150112,82.89711110886941,,,-51.60160583856399,57.40940760481434,,-27.843418086765908,107.1844797834364,10.102254213935296,,,,,-63.975632958719345,-44.81510707113403,85.15019484841261,,,,,
20150113,90.96735115593333,,,-50.9127484363313,57.32889079553855,,-34.390878943892055,105.0947711345168,-3.490526064818619,,,,,-66.06819864846587,-44.370222321983114,83.94957660028565,,,,,
20150114,97.57713747524856,,,-50.391107112889486,56.26869570528509,,-40.14339321301509,103.68204106839033,-15.149712655140407,,,,,-68.09635189586693,-43.94557032239781,83.09719359035526,,,,,
20150115,102.3548698917683,,,-49.761180315252815,55.24688792699441,,-21.667293965028747,102.56338991151782,-24.186135247402525,,,,,-69.1315545625778,-43.53053313038968,82.5387890346243,,,,,
20150116,106.24441436816302,,,-49.36154402371649,54.41137661541712,,-6.541779901862033,101.6505918965929,-31.56328844475506,,,,,-70.67062489522245,-43.312410387462556,81.74706486191737,,,,,
20150119,109.39559086434315,,,-49.102210966734575,53.70102794226968,,5.746434128062033,100.94080188794709,-14.782118414340857,,,,,-71.3151984545288,-44.86718099339488,81.09053106700279,,,,,
20150120,105.27311915311876,,,-48.89085923756116,53.09096268925525,,15.519244525277806,63.601613866648684,-22.840199826594347,,,,,-71.8146648692439,-46.43044489668409,80.56653901320153,,,,,
20150121,101.90018775304058,,,-48.7432230599313,52.3147931814921,,23.373615390275056,32.73178229734489,-29.503834596578933,,,,,-72.3287102042163,-47.49492237354281,80.62208047914991,,,,,
20150122,99.14051660753181,,,-48.459071797889806,51.80109705995155,,30.046660741330243,7.755907440840386,-34.96307458063968,,,,,-73.11851570953772,-48.72879430549238,51.242297144274644,,,,,
20150123,96.88260385212205,,,-49.01451583759624,51.401502235393856,,13.582571090928688,-12.641418456112552,-39.45936281675091,,,,,-73.78433312864604,-52.6969227733882,26.225167116661993,,,,,
20150126,95.03522068860933,,,-49.07489524821258,51.13580197436858,,0.6680639578808304,-28.772970676489493,-42.86972280954713,,,,,-72.92738996213888,-55.515121839395796,5.974262987919584,,,,,
20150127,93.43025616046064,,,-49.081519215182986,50.7778930781205,,-10.003447195909741,-42.18444951176769,-45.62049130975357,,,,,-72.23131671723348,-57.816983998754374,-10.59706283152144,,,,,
20150128,92.1171033647047,,,-49.410783595952076,50.55287505866045,,-18.70496426421592,-54.334967066458,-47.68866989388873,,,,,-71.73561165641213,-59.36028954883321,-29.373544150658486,,,,,
20150129,90.15362157838952,,,-49.82073842797235,51.869412144721025,,-25.87291905809544,-66.96912114786306,-49.44347889703894,,,,,-71.3364038020916,-60.62381027400316,-1.3979072527620462,,,,,
20150130,90.0613269755879,,,-50.22295161826619,53.069371702523306,,-32.632359640061416,-77.34756883494109,-51.46575498060524,,,,,-70.97045356522175,-61.373094228415255,21.299472748288125,,,,,
20150202,89.92314735108062,,,-50.29359765257148,53.417666040696275,,-38.29702085708293,-84.04404502766987,-54.987117325950095,,,,,-72.43821236481023,-62.14219038076954,40.26114610076081,,,,,
20150203,86.75034460044625,,,-49.75535843272723,54.03622199309621,,-20.528302146472324,-84.98563164122253,-56.58439673038255,,,,,-71.62746673385023,-62.27143220353128,54.6147073875196,,,,,
20150204,82.8865743542509,,,-49.319139503774515,54.64667110606557,,-27.675081712124157,-86.0948995310159,-57.78272106504018,,,,,-71.37881440054564,-62.38516346794594,23.047637198881983,,,,,
20150205,78.17768137291375,,,-48.963905506882604,55.10648910187138,,-33.581964942728504,-87.00171789585747,-58.56517925768592,,,,,-71.07143678927257,-62.458618124171664,-3.0264389960425944,,,,,
20150206,73.9661292651803,,,-49.23314299979804,54.75602686603044,,-16.885177437004817,-89.43977735484759,-35.91989293732693,,,,,-70.57192481598966,-62.39358839276374,-23.39992545154381,,,,,
20150209,70.32694053669675,,,-50.90336580006092,54.439055468445176,,-3.161011791640876,-91.78508522234974,-17.615022770107096,,,,,-70.09559052666232,-64.40116661961838,-44.27469160103799,,,,,
20150210,66.12198023780635,,,-54.084530314930355,54.76897219407571,,8.130065986050518,-94.53819985725937,-2.594353039327735,,,,,-70.69533400427424,-66.98155139355781,-60.891336462269564,,,,,
20150211,62.64294627306136,,,-56.76873061272251,56.970289807407724,,17.467151525335424,-96.72306970262011,9.702981070761904,,,,,-71.18041836058767,-69.08529969567897,-26.704500480186866,,,,,
20150212,59.81591976953935,,,-59.08145324150067,58.909231873500005,,25.784321374578486,-98.61420030128767,19.960250483445506,,,,,-72.33768751953475,-71.38723570147113,1.1790247925114925,,,,,
20150213,56.83740707552853,,,-58.884906506762945,60.051159906357455,,32.20944901488539,-99.74174461441666,27.473692250755747,,,,,-72.77743736092488,-71.98797402762798,-25.01275048668624,,,,,
20150216,54.32786631100776,,,-59.36992866612511,60.93502806453301,,37.65819340574161,-100.69032316355529,33.98211328036968,,,,,-72.84946663388315,-72.44461274690933,5.576921610176695,,,,,
20150217,52.26086665276755,,,-59.77215183042796,61.296194253004714,,42.712431719734134,-102.74444296003489,40.11975229925822,,,,,-73.0145393117944,-72.70297697866839,29.988813335051148,,,,,
20150225,50.14859508126291,,,-60.044557911613865,62.084091875686525,,46.85567322660311,-102.80103323917469,45.16419558705609,,,,,-72.95028990490437,-45.700182592274025,49.926217220066654,,,,,
20150226,48.35816620253325,,,-38.83075002760975,61.89233203126457,,49.871960946531125,-102.5974409856691,49.09153623582569,,,,,-72.53998103845204,-24.69729143981216,60.44473127373602,,,,,
20150227,46.890674215186856,,,-21.583293770536123,61.56665850191553,,52.208917243584345,-102.4624788611034,51.86588336956248,,,,,-72.10704288892723,-7.488535487414856,69.64405662868823,,,,,
20150302,45.47048120313618,,,-5.695780651869464,61.144155660396315,,55.2684680142094,-101.39479919423297,54.517281492950396,,,,,-73.39204896594792,6.644054503845049,76.16254880816925,,,,,
20150303,44.25742534180354,,,7.243787829645861,60.27525971341225,,57.097354434775966,-100.5789672928041,56.27922092929328,,,,,-73.952269886288,17.701225456760895,81.19530134098629,,,,,
20150304,43.27102368662812,,,17.43582945606291,59.57792153126764,,58.56978794698864,-99.87975981364407,57.6452576725654,,,,,-74.03577529733417,26.743207297613733,85.27198282025837,,,,,
20150305,42.587930446632164,,,4.443600347668791,59.01725254346387,,59.0619010876379,-99.1226780356369,57.934113528193656,,,,,-72.2070771036388,34.176016066598386,89.56946836071386,,,,,
20150306,41.88497793592047,,,-6.088905697664188,58.91409224218148,,59.9566883581306,-98.67204849500635,58.25005828266925,,,,,-70.78233852368331,40.99727333035008,93.22957328768774,,,,,
20150309,41.06966388953933,,,-14.71591892276139,59.59640891265616,,61.04734571969804,-98.35253077807405,58.4630898575076,,,,,-69.3065449933172,46.767610234030705,95.63667282747925,,,,,
20150310,40.021386423203126,,,-21.8453006166415,59.44672487537742,,62.927120348705486,-101.78600031014388,59.34856142198592,,,,,-69.42028334210698,50.692483160578554,97.20696968662786,,,,,
20150311,39.47537910355483,,,-27.673889765469067,59.30276095998678,,63.685475193963406,-102.90712821169022,59.856906734476006,,,,,-69.52707272240454,53.53003461610075,98.43370449912132,,,,,
20150312,38.20680002592681,,,-32.363596602680495,59.214246834026135,,62.97866655858154,-103.7841713877628,58.91055573563404,,,,,-69.46101190028087,55.16747097815622,61.81292971879034,,,,,
20150313,37.08246320939622,,,-36.28628867663773,36.76461700239578,,63.41927718749791,-105.35495499592821,58.67529508112603,,,,,-69.62598088840896,56.16755575258602,31.70608667238973,,,,,
20150316,35.54659609301779,,,-39.14542893042683,41.629315152919496,,63.62073804227554,-106.86248162398783,58.59666978695571,,,,,-69.19418045164113,57.06046181895637,44.68344034867108,,,,,
20150317,34.457515556427666,,,-41.47793826215844,22.441649327711858,,63.62171035993042,-107.84072500848433,58.50418809258963,,,,,-68.70476208725034,57.405767968538576,55.50338834263822,,,,,
20150318,33.572594299245615,,,-43.33403382161492,6.676994628295041,,62.411093710703476,-108.75812840694064,57.59733086633285,,,,,-67.79382308361279,56.834965163466705,25.448043734943155,,,,,
20150319,32.745632172626046,,,-44.855723069798124,-6.189136987150885,,61.414597838042035,-109.28874604302607,56.78685951889042,,,,,-66.72396785319935,36.60709618320038,3.1302158735570105,,,,,
20150320,32.24391956149463,,,-47.30536331111678,-17.518106111551706,,61.074325465152135,-108.93977450624055,56.97924871489275,,,,,-66.24644022393198,19.463220530468753,20.00104766463991,,,,,
20150323,31.781295206180292,,,-48.42345331322187,-25.36263960262248,,59.35983834605057,-106.15095779375783,56.150129705165654,,,,,-66.21112592504882,5.335396888514771,33.740043916207036,,,,,
20150324,31.579820937276697,,,-49.31340667812179,-31.97917584616276,,57.50518392792831,-103.78197527619827,55.46370391455227,,,,,-65.64886471121446,13.75349149371089,10.054094825589063,,,,,
20150325,31.553004512652798,,,-50.15652643291716,-37.30908330649956,,55.97245095680217,-102.92649056177117,54.84979256505821,,,,,-64.84331353851118,20.51728076051037,-8.921720146182636,,,,,
20150326,31.419419266337666,,,-30.86663628274232,-17.9745270144722,,54.92936525008367,-101.70562874668488,54.54448662533977,,,,,-64.58748611948774,26.510015696068944,12.785575639404456,,,,,
20150327,31.272138639354026,,,-15.036352891369367,-26.91089316615981,,54.16000944076949,-99.7728079602281,54.43648880564705,,,,,-63.613748127354874,31.180463947277996,-9.33509407293143,,,,,
20150330,31.191825737208447,,,-22.9765616546619,-34.23869680049312,,53.86770695355461,-63.38346737718691,54.9581172472951,,,,,-62.86112468874244,35.86637740978019,8.06493523320111,,,,,
20150331,31.20227358980823,,,-29.697759090122634,-41.19021441593569,,53.74923260611632,-34.14124447784909,55.48595261062632,,,,,-62.81084383566808,39.56764939567112,-6.2930106169411575,,,,,
20150401,31.218639368122933,,,-35.22348086823303,-46.85441993609316,,53.580373226739376,-10.193523647098003,55.689380394981555,,,,,-62.76005363620429,42.631131528633645,-18.019397453620382,,,,,
20150402,31.433293539519287,,,-18.237989335119092,-51.25877538319003,,53.760369275709394,9.470959173684578,56.35251568339303,,,,,-63.77857852440902,44.99693354368983,-26.554129967840264,,,,,
20150403,31.884297244486017,,,-4.0236900371100015,-54.995799666398476,,52.86909399231137,24.188241290515546,55.707625537487736,,,,,-64.49674945216906,46.421479756810264,-33.442290771784236,,,,,
20150407,32.57574481362336,,,7.14946142658351,-58.07793933023758,,52.16430421359484,35.134861612526166,55.26497779430898,,,,,-63.547025373043965,47.59108757727606,-39.13892617799168,,,,,
20150408,33.32854525651797,,,16.354724934345505,-61.113706200755075,,51.58850075357372,43.70265602198109,54.746103825214284,,,,,-61.99308053595405,48.7985326803271,-43.813745555079095,,,,,
20150409,33.99409110401821,,,23.844791664701805,-62.950487445632106,,51.271245143020124,50.487479670761914,54.5198865101332,,,,,-60.76769526972062,49.744395766064144,-47.618165759032244,,,,,
20150410,35.59827790562766,,,29.968765660538207,-64.76067978304721,,51.90865522887782,56.00105072607574,55.828983067838074,,,,,-59.55202640549942,51.352967727516805,-50.74822842950309,,,,,
20150413,37.098429957127465,,,34.98768815828041,-65.27714089714753,,52.48109038834568,59.97147073877098,56.942864768814104,,,,,-58.61733141370145,52.50619135327624,-51.84683963411745,,,,,
20150414,41.111985708479104,,,17.724962677068373,-65.92761366552588,,52.99905604144666,62.66193801337555,57.837235928190296,,,,,-38.54758226499886,53.49680032145535,-32.06253089430666,,,,,
20150415,44.955053966166446,,,3.553782366011416,-66.45992612148075,,53.56043719245857,64.96296490412999,58.56985235899263,,,,,-22.123140387917612,54.582864126146575,-15.875617683093946,,,,,
20150416,48.14367975777107,,,13.757998049579685,-66.83718866991302,,54.56303358760605,66.33638254439913,59.57540662522079,,,,,-8.33737127184273,54.778336214941916,-23.145438157205113,,,,,
20150417,51.348714535358745,,,0.7863304801555885,-67.1348715781319,,55.37847843247836,67.31259793702932,60.43549404495262,,,,,2.94943416041108,54.90450104594614,-29.43894678060825,,,,,
20150420,54.501183708480525,,,-8.905221031503007,-67.37572858955937,,55.95859206424778,68.52257588205094,61.13530064561565,,,,,12.194952134300031,54.95743202630348,-34.52394082306473,,,,,
20150421,57.72832521962704,,,-16.81527907759844,-66.92478381389961,,58.37300510088584,70.90894171355947,63.425430363760036,,,,,19.592133924123697,54.74716064645433,-38.37809302678085,,,,,
20150422,60.47475256305552,,,-23.258181117868936,-66.57177284144944,,61.18430842780245,72.91053697549712,65.09815411003542,,,,,25.799083830197834,55.93025303905066,-41.41569149061453,,,,,
20150423,62.70997875523887,,,-28.457165535631706,-66.35978880565618,,63.0940504079369,74.49923382085684,66.58888680753486,,,,,31.46882353777032,57.14952007000527,-43.95599865837358,,,,,
20150424,66.82010529507406,,,-32.94098940162853,-66.21007453550503,,64.31673157119037,75.87744150299937,67.9153683307131,,,,,35.94448825172551,58.12436926710603,-26.283173139535673,,,,,
20150427,70.91153999994506,,,-36.64772391633472,-63.97822499444301,,64.46148164470027,76.45934082299962,68.28428648366595,,,,,40.76504632597885,59.41805896921065,-11.93265626319394,,,,,
20150428,78.65144566678165,,,-39.8939776322989,-62.4485845791277,,64.39676839257066,77.16957939362769,68.68212428690751,,,,,45.383873896682516,60.67420852680685,0.6927789981821818,,,,,
20150429,84.92435889510531,,,-42.23495564142622,-60.98560234987688,,64.02508557700295,78.13089834467631,68.80052016498465,,,,,26.267652358530672,61.32158322174814,11.72020572711753,,,,,
20150430,91.04847459978983,,,-44.16052166894704,-59.41882875852824,,63.59658361831703,78.65609737609545,69.08980798481366,,,,,32.38548361420855,61.7892269116404,20.742165805481577,,,,,
20150504,89.3190283976094,,,-47.32255378162276,-39.61068357683108,,63.25075813451897,79.08975159606844,69.37257762367847,,,,,37.31811578560076,62.68206486562221,28.99867555071434,,,,,
20150505,87.78768527018993,,,-49.601942890869665,-23.40769565155787,,65.04799816419059,80.12667715078852,73.44227192028092,,,,,41.26113400065871,64.76325276224235,35.771552328699215,,,,,
20150506,86.394265758401,,,-52.28071905585445,-10.194431123260932,,65.92060176349611,82.74502488062654,76.7980942729112,,,,,44.42809159340757,66.51090171110093,41.386148092184094,,,,,
20150507,81.19500823232734,,,-54.07830076858379,-17.300402370624983,,65.94918654957657,84.89105709500062,78.70484396933486,,,,,47.23650913465106,67.1680969978258,46.08748909918673,,,,,
20150508,73.90642328693731,,,-54.957462379916635,-23.779602214233297,,66.16740900134499,86.89580377708154,80.33025166131591,,,,,49.2403068588528,67.69393171353032,50.01573719835348,,,,,
20150511,67.55600902085423,,,-55.80802629483457,-9.81540526602125,,66.2813553072719,88.44490811046943,81.40551917063966,,,,,51.439120858748154,68.37515996934766,53.220791203235684,,,,,
20150512,62.003098788993405,,,-56.41783084617637,-17.655363392222824,,66.27304030015557,89.88849538485753,81.6736024110625,,,,,52.803427672793,69.2063553498965,57.73392012680787,,,,,
20150513,44.12220304970386,,,-56.78268145195166,-24.0956561077575,,66.32321049368612,92.20325598543101,81.93555801617097,,,,,55.236590179826564,69.8998881677166,61.40570852608042,,,,,
20150514,42.69484161006568,,,-57.093759261094156,-28.479710641785385,,66.35987865599772,93.5152870279187,82.16705666757358,,,,,33.47279213770912,70.368205036262,64.39903630908645,,,,,
20150515,28.702577146963147,,,-58.0792702299477,-32.07145533628275,,67.33684694436147,95.84648939870603,85.79022932169667,,,,,15.28891560814222,75.9220163298227,67.55827599266766,,,,,
20150518,29.782827899200498,,,-58.56021033324581,-35.04021079254213,,67.65480584550092,98.21405749740957,88.32974034580822,,,,,24.629632844694935,81.40307215322663,69.7170832995103,,,,,
20150519,30.538409419979534,,,-59.42906758360214,-37.35278994390284,,42.64011488401393,98.9630984252648,54.6291698149222,,,,,8.512186737100377,85.25998735137163,71.98021665409173,,,,,
20150520,30.868134853170503,,,-60.16213814971791,-38.499873708479385,,47.62143559139178,98.20667358026175,27.105279067983457,,,,,-4.49169490719654,89.00601654377105,73.45254508568098,,,,,
20150521,31.138374639118833,,,-60.90489441568696,-39.38139962912962,,51.532568742043814,97.2708096841929,5.939674088210155,,,,,-14.988033739031302,91.2656493830133,74.84126623270163,,,,,
20150522,19.849649474347583,,,-61.61384941450303,-40.11087259826722,,54.90779131556628,96.76005468824309,-11.62478035970981,,,,,-23.27454755388187,92.96515568648637,75.9737343063528,,,,,
20150525,10.60430711669215,,,-62.61137846556676,-40.726206520139435,,58.61945866706436,96.39505438456067,-26.07318760829541,,,,,-29.566552571295716,95.79865073869682,45.19007140386999,,,,,
20150526,3.197948527446738,,,-63.93063569600049,-42.172686734933215,,32.29303571590916,97.59976114053623,-40.77861781417901,,,,,-34.90549134975345,58.03717628853699,18.705314774323256,,,,,
20150527,-2.411979286936719,,,-64.98058247299281,-43.29700919272356,,10.799760489726415,98.72176112371722,-52.7308265771164,,,,,-39.25790111186053,27.311209822869145,-2.967987774016643,,,,,
20150528,-7.003436489364275,,,-66.14585845125976,-44.34001195950145,,-7.2108680201141215,99.63419952585994,-62.58554473311026,,,,,-43.32249164985183,43.93341526643133,14.97812931289707,,,,,
20150529,-10.763114956586216,,,-67.1327662389193,-27.146856606207425,,-23.614521952556927,100.89910948643977,-72.00330156640828,,,,,-46.80743548315529,57.61562814307814,29.722661792624315,,,,,
20150601,-12.890962619633527,,,-67.96679891711479,-32.012354354718155,,-36.81530038809373,102.18537787008934,-79.61042292879527,,,,,-49.73745317711222,25.446650791334754,42.739360946286396,,,,,
20150602,-14.600674486748376,,,-69.94079218841685,-35.99331157545934,,-12.846775291321551,103.11258756566576,-85.31971080114752,,,,,-29.849575153330317,-0.9126001203960699,52.38089260261777,,,,,
20150603,-16.03057140050323,,,-71.35635596989603,-38.90415539675939,,-28.342985554320872,64.55270845920305,-89.66891217989102,,,,,-11.527983009652328,-23.627556353688384,59.27821217678725,,,,,
20150604,-17.292573066355693,,,-71.62019418070233,-41.46228690772405,,-3.9630155205283355,72.95770187193655,-95.1095971827248,,,,,3.6378353678769493,-45.02840287882244,65.02628671294244,,,,,
20150605,-18.669122895495097,,,-72.75476451701722,-43.505251505371135,,16.09949862452041,79.24558093197028,-100.04118586682144,,,,,16.24671917505381,-64.09347978478635,70.18135740501425,,,,,
20150608,-19.90136903631354,,,-75.26740361061415,-45.21841760172542,,-5.806649815534039,45.089916395375596,-103.739782673265,,,,,-0.185854810185036,-78.55545516172069,74.88303913827102,,,,,
20150609,-21.011820365114303,,,-77.56793853413221,-46.659409334461856,,-23.924339309199244,16.096955614830136,-108.56084312539771,,,,,-13.957445734149083,-90.53098312654801,79.01103725380534,,,,,
20150610,-21.965343891500172,,,-79.2077066483285,-47.77448195181685,,-35.19138575640252,-7.680803386915159,-108.63889087511433,,,,,1.6459074596682342,-98.84967999474392,82.3890793810129,,,,,
20150611,-22.747410579484235,,,-80.44746698357909,-49.48861996950997,,-44.33645189664316,-27.41225191473306,-108.12883134836743,,,,,-12.116015560347966,-102.9611389150208,84.96979982599515,,,,,
20150612,-23.552561451665145,,,-79.06474822285246,-49.65766697874549,,-51.6870079524154,-44.2229153844341,-106.91194552793044,,,,,-22.592111148354626,-62.03005661584134,86.95617158513149,,,,,
20150615,-24.220266594513138,,,-78.45868866588957,-49.90031298078415,,-26.454408550121247,-58.72107088759071,-107.1162750556928,,,,,-31.162904871750065,-29.270413620759484,88.97706773918067,,,,,
20150616,-24.846177315685875,,,-78.0240504540226,-50.081420289382564,,-4.907431799117493,-71.39851983670934,-108.49300845889647,,,,,-38.7057604984889,-1.4645421598871615,90.2629126455156,,,,,
20150617,-25.49248257442449,,,-78.92511476603103,-52.370478162836385,,-19.418420992697776,-83.80112241393724,-107.71156624000211,,,,,-46.92267017898089,21.408749924512747,92.90480384422635,,,,,
20150618,-26.014159897510847,,,-79.81149865429917,-54.17477060345147,,-31.995176291463,-95.17376208046066,-109.09431871275143,,,,,-53.460068898066595,39.66662575035397,95.24181411737472,,,,,
20150619,-26.778258169338148,,,-80.34115194090954,-55.688208576752906,,-42.75209715106028,-104.6406950065434,-109.76609426975772,,,,,-59.27110791050266,54.03575189981622,97.15512056857534,,,,,
20150623,-27.332479518541202,,,-80.68182544652223,-56.79636376717246,,-51.8009112464839,-113.26163981563417,-110.42057318177177,,,,,-66.4042947569366,64.68339255525704,60.25633699274779,,,,,
20150624,-27.817624921159965,,,-79.95749567966065,-58.938845953970834,,-59.889713699458895,-121.48731651509688,-111.29851241330033,,,,,-36.58048063155764,72.94353057462223,68.58589475868521,,,,,
20150625,-28.4926290137312,,,-79.34323729278259,-59.733206322114036,,-66.49886150629587,-128.24845069833535,-111.9240496507823,,,,,-12.715031398143873,79.6170746023939,37.3048692714864,,,,,
20150626,-28.94410120489427,,,-78.73012998170682,-60.61928982540171,,-71.08990685041532,-134.10018156508156,-112.33946109594427,,,,,-27.661919961101052,85.10859548829981,6.501747327027854,,,,,
20150629,-29.3134875431186,,,-78.2036934492737,-62.348668923743666,,-74.41145339447664,-139.7475231595969,-111.70246939602261,,,,,-5.589982615345003,89.34069210582591,-19.178248278443117,,,,,
20150630,-36.457124616492315,,,-75.66161222273917,-62.38369000113786,,-77.05335061968763,-143.32540607296391,-111.16841164817541,,,,,-18.35140508981947,92.8285582184301,4.4797019132422085,,,,,
20150701,-42.7703108856016,,,-73.45063479353547,-60.9646788118457,,-46.90905990611572,-142.69698685437425,-110.78991816866068,,,,,-29.834082722764098,95.67018749330141,-19.17553596198507,,,,,
20150702,-48.40383218345468,,,-71.80778110599827,-60.00251541103891,,-22.264842813758005,-142.75430823221487,-110.53065832525758,,,,,-37.58197629222759,98.32441163328839,8.253150627450713,,,,,
20150703,-52.71334030167847,,,-70.82528745522936,-59.31805544971283,,-2.147871761286595,-142.86316393620092,-110.20689663660946,,,,,-43.45653805217674,100.15624095274971,31.66236124230277,,,,,
20150706,-55.34887480167906,,,-68.14082493295228,-58.03194290729188,,12.179592837457712,-138.25216957414347,-106.54536206425809,,,,,-47.105682150262126,100.71238495444577,48.68035560430685,,,,,
20150707,-56.95990483416993,,,-65.38678605824028,-56.89572986256848,,22.243180243288833,-129.901320921362,-102.29148162702525,,,,,-49.37129959345877,67.50383458950442,19.516995132106693,,,,,
20150708,-58.13970535136939,,,-61.49638632105102,-55.05315025015035,,28.20297675258941,-118.83598630547219,-97.14292090118147,,,,,-49.3619985316709,44.15067339764092,-1.3802518177135357,,,,,
20150709,-57.79315569870226,,,-58.147512870172854,-53.130312374073455,,30.801429545672384,-106.94403870038708,-89.76008296261264,,,,,-48.11888212060597,27.26762801484733,-13.557742073712465,,,,,
20150710,-57.43470280249777,,,-55.2641224367985,-51.619549144155066,,32.94020849014423,-97.21426338713563,-83.85695218679497,,,,,-47.08524525529376,31.161353719041813,-23.731174102998857,,,,,
20150713,-57.14142316014864,,,-53.13601937496778,-50.91138588247758,,34.720982279717106,-89.2689722902283,-79.02916678463531,,,,,-46.300074058078785,16.7090636908826,-32.098836861658064,,,,,
20150714,-57.079292864572274,,,-51.365637757366585,-50.350772000619465,,36.26423191422628,-82.737430336818,-75.13891614352359,,,,,-45.65963667099338,4.926332230077156,-38.94874343315375,,,,,
20150715,-57.7897007715358,,,-49.575044821076894,-49.916773060353,,37.518855342802475,-77.39525506594106,-71.92964937049202,,,,,-45.18724311158152,-4.996193130293651,-44.64594758945027,,,,,
20150716,-57.91902787164943,,,-48.10868369142449,-49.45339064465451,,22.833136994554014,-72.98280800428566,-69.3836997776454,,,,,-44.79215093183981,-13.118459589021219,-49.29261436227557,,,,,
20150717,-57.03946695476926,,,-46.86906844348073,-49.118881969676636,,26.544441850521793,-69.41209654268164,-67.30298218494487,,,,,-44.4833206788284,-19.73040788442551,-53.12611123653604,,,,,
20150720,-55.62881921851284,,,-45.78759977276281,-48.83368142146505,,29.597084023732535,-66.48747828630817,-65.65052213456129,,,,,-44.03447983244998,-25.195228888158756,-55.63162315935718,,,,,
20150721,-54.284636587828594,,,-44.90586203784371,-48.52153094266855,,16.347496128239733,-64.1139609574,-64.30884981086261,,,,,-43.708977435870565,-29.66064537954806,-57.69938415737477,,,,,
20150722,-53.06108690333876,,,-44.22985523155276,-48.22237553847729,,5.523563972244695,-62.17016287040622,-63.148622494871326,,,,,-43.450498474991264,-33.321679717433284,-59.445231886239924,,,,,
20150723,-52.368429446044615,,,-43.67900854110181,-48.389439748093814,,-3.3308668101826933,-60.57925270316448,-62.19789143234007,,,,,-43.2503874301101,-36.29765339171499,-60.88192984311951,,,,,
20150724,-51.7169324959764,,,-43.257004857896604,-47.817655895554815,,-10.523175327048788,-59.249791585832725,-61.17226229504843,,,,,-43.08643904965787,-20.633460252691354,-61.39866574570076,,,,,
20150727,-50.97576057252301,,,-42.507790606718586,-47.26668755633098,,-16.172665164815847,-58.05016813025669,-59.93988176760953,,,,,-43.01407598878729,-25.638036627854138,-61.309553361177024,,,,,
20150728,-50.44137799780323,,,-42.257239801670295,-47.11775941713024,,-20.824697333470674,-57.090158341672876,-58.69381857408179,,,,,-43.40226859451282,-29.7139981785521,-61.70917228440762,,,,,
20150729,-49.72268179459402,,,-41.98756616130925,-47.762431279748405,,-24.57583657286732,-56.41348842410106,-57.58923339768636,,,,,-43.738464697598125,-33.05295637579288,-61.715224571570296,,,,,
20150730,-48.99212582627153,,,-41.761460744343346,-48.35861027595524,,-27.65306112122375,-55.86384199349112,-56.724902571713336,,,,,-44.43743378115848,-35.79759567142067,-61.797336246893856,,,,,
20150731,-48.51060596791197,,,-41.699375372419404,-48.846614398426794,,-15.080657874189962,-55.335200694724,-56.01893869443965,,,,,-45.114970330127704,-20.540155143005315,-61.65164606586575,,,,,
20150803,-31.36124393067868,,,-41.863537357492824,-49.823974416068054,,-4.685833645781397,-55.40928428753852,-55.656516374465276,,,,,-46.04264203059213,-8.502096531986831,-61.53998312522167,,,,,
20150804,-34.207046984893104,,,-42.228771789617625,-50.72119591654503,,3.9453103013909048,-56.29384844522298,-35.5866703368435,,,,,-47.26955513612539,1.6636552995480283,-61.92684502086338,,,,,
20150805,-19.496277714181705,,,-44.84001134355549,-53.53466218109635,,11.875974011043006,-60.546697295256834,-18.57727893129889,,,,,-51.19547504809306,11.145748562643618,-63.49925429927755,,,,,
20150806,-6.742747602128524,,,-47.23493209216688,-57.19069543665811,,23.424109228107874,-77.99520721990196,0.07598735741823057,,,,,-59.70864758588048,-3.5435506245088297,-68.709863501941,,,,,
20150807,3.312323925046474,,,-48.257542754013116,-60.097292974583596,,32.42114367734292,-92.14506089018401,14.366040751427217,,,,,-66.0760236617258,10.173065878401514,-72.45315481570834,,,,,
20150810,10.662735914994528,,,-49.2552640243405,-62.06425722040194,,39.51349484915676,-103.72787848984844,25.93633455170197,,,,,-72.43727073724307,20.803361675526254,-75.35873350081832,,,,,
20150811,16.688494303381773,,,-49.91562843974318,-63.66483184069811,,44.250011682565074,-110.33463803119018,33.99870861257372,,,,,-77.72321966746351,29.10132296397079,-77.81905922545032,,,,,
20150812,21.5593169132247,,,-50.93427927309112,-64.8025618460926,,48.08634522771247,-115.33756386920156,40.61454025579681,,,,,-81.72009674272755,35.71400101751018,-48.30766213953748,,,,,
20150813,25.634737290944962,,,-51.78810733305954,-65.43889961501348,,51.7001324753374,-117.88341577562248,46.31891054918336,,,,,-83.21061213831679,39.83832497240764,-23.883142807277753,,,,,
20150814,29.20302474828309,,,-52.39348145491531,-65.73245879644907,,54.670320664924986,-120.267429793726,50.98529361531172,,,,,-83.37998257669827,42.968944330479836,-4.061246329055598,,,,,
20150817,32.96361997762926,,,-52.523232687344375,-66.00382032504689,,56.4318993604174,-119.900519352223,54.09656199746677,,,,,-84.78619438542913,45.58414979231258,11.722776734372383,,,,,
20150818,34.59971882799047,,,-52.62794706775443,-66.8314962922772,,57.595102895098755,-119.53410583311991,56.408438780411224,,,,,-85.86265860750275,27.150952089188642,-5.280203052357054,,,,,
20150819,36.10275112162212,,,-52.83700013857155,-67.53551009007795,,58.81887193569295,-119.23615065888154,58.428790329456035,,,,,-86.7747787984335,32.379165353778234,9.936968172512842,,,,,
20150820,37.31444764189489,,,-52.904377886898295,-67.97923329568165,,59.72569138201953,-118.75994755426257,60.045965873668756,,,,,-86.33847394694827,16.405712420820365,22.398956229228933,,,,,
20150821,38.57573361083917,,,-52.69100129790708,-71.0376070891044,,61.420713404345385,-118.46802230300119,62.29713052105917,,,,,-85.84223793499581,3.3441982073721275,1.3220361292784326,,,,,
20150824,38.86953149358916,,,-52.874502516153335,-68.85197218154083,,62.2460396357916,-116.31471201041256,63.291419921024776,,,,,-83.33900473780442,-7.039948949254834,-11.894985890319374,,,,,
20150825,25.497149556712724,,,-53.043830172947054,-67.54265075568912,,62.65514554123265,-114.8665250423641,64.4328226691765,,,,,-79.3640521713494,-15.219654958573,-22.68654402383335,,,,,
20150826,14.411288968594377,,,-53.21247079793163,-66.52621009460226,,63.18793830291848,-114.37811303933856,65.4878249683266,,,,,-76.16870473951053,-21.875002031134095,-31.81272649990685,,,,,
20150827,5.309805630615962,,,-51.75270770498965,-64.83003546626173,,62.506402811217534,-111.99256898371856,66.01798721193266,,,,,-72.10334772152096,-26.552627292704845,-39.060103383374404,,,,,
20150828,-2.1146037937410465,,,-50.55717740800644,-63.23372363960151,,61.735579686199365,-110.19085691791453,65.8173454099593,,,,,-68.49883873574193,-29.95975514717824,-45.063334359771986,,,,,
20150831,-7.714542034297447,,,-50.234677367994045,-62.0045455115801,,61.31449365022975,-108.62052631637187,66.06958730220451,,,,,-65.65177075891744,-32.905628141489444,-48.28225946549248,,,,,
20150901,-11.228012922981897,,,-49.90600517997864,-61.00868635832203,,61.22811654162733,-107.3595027583073,66.1180033409523,,,,,-62.88988876600923,-35.3852761312933,-50.984844397294,,,,,
20150902,-14.137577327950428,,,-48.74544373048022,-59.973121720316044,,61.31880620572385,-105.92311756990682,66.17196514757296,,,,,-60.848886953670544,-37.52333709588652,-53.199393344999585,,,,,
20150907,-16.4922324759278,,,-47.79994928568295,-58.89209026223542,,61.398056950118075,-104.82174601934555,41.91420932704058,,,,,-59.49982018374865,-39.64127423401772,-54.748810607198216,,,,,
20150908,-8.552115143515929,,,-47.64303025134529,-57.76270431031758,,61.62163388658123,-103.91570786886707,21.78373812070679,,,,,-58.46785769510565,-41.348600450208146,-56.10667611770451,,,,,
20150909,-2.0486902280537524,,,-47.54838255025399,-56.96025931301093,,61.71604781715746,-103.31310091215026,5.195149618987822,,,,,-57.61862460424013,-42.86308519651944,-57.331085698553856,,,,,
20150910,3.1880719294581668,,,-46.351430624919765,-56.175612942328954,,62.453132736951716,-104.12624184836221,-9.864124232474293,,,,,-56.656451182763604,-44.231496876159625,-58.19511626414641,,,,,
20150911,7.4737079201728,,,-45.371301090615226,-55.58107654476891,,63.11947926288577,-105.16368324537319,-22.187647817279927,,,,,-55.86333823301382,-45.40153833166664,-59.42389748321331,,,,,
20150914,10.884494064200364,,,-44.44193088052816,-55.17173846158915,,63.509906635492534,-107.89467924283369,-32.15318912667453,,,,,-55.56653625935486,-47.061378821518936,-60.43781618059304,,,,,
20150915,13.520604461767666,,,-43.412656592262785,-54.87792512202286,,63.830061943797176,-109.39737641502936,-40.16466956187646,,,,,-55.32937428958513,-48.605232073912745,-61.272807937852946,,,,,
20150916,15.617958779354376,,,-42.745387106868556,-54.33526898134291,,64.67244393920255,-111.75565352078196,-47.48772306105995,,,,,-54.82343788570903,-49.69095563593384,-61.975170449658684,,,,,
20150917,17.640253097193316,,,-42.1756796949071,-53.92096938145591,,65.65258738601032,-113.64566984520262,-53.54521828618392,,,,,-54.42674149746219,-50.83904909819113,-62.56348167559555,,,,,
20150918,19.293446510924028,,,-41.65425422906645,-53.58099691531094,,66.3380574777207,-115.24803330210105,-58.75814566397435,,,,,-54.08405624583665,-51.87866098727806,-63.77532475387986,,,,,
20150921,20.637520613505714,,,-41.25066338850803,-53.398279834574936,,66.82191170622906,-116.408948110434,-62.61037736634994,,,,,-54.048069581261906,-52.804560027246474,-64.8101172540726,,,,,
20150922,21.748272449987155,,,-40.93095235433672,-53.31246381270447,,67.15158741041401,-117.56606796350543,-65.6636262541378,,,,,-54.03024406508526,-53.52003366568242,-65.71914893987676,,,,,
20150923,23.001875684859066,,,-41.11550944590701,-57.35390527738561,,70.02307791764754,-123.88542883920618,-72.33607237105201,,,,,-54.99667390608094,-55.11478484414136,-69.49889210079091,,,,,
20150924,24.924906710732838,,,-41.32526924582325,-60.68058171683,,72.61447317428544,-128.82380293409196,-77.39894316028364,,,,,-58.21098108742404,-57.44759320606792,-71.01714172993564,,,,,
20150925,26.519341082773007,,,-41.50234408744282,-63.400036332193174,,44.638941657658485,-132.53499323906343,-80.8242895174605,,,,,-60.73822745512326,-59.50196732892853,-72.2477857432312,,,,,
20150928,27.82220460660595,,,-42.61518328434001,-66.63504144985885,,18.69554549311955,-144.0540205401549,-84.66593001584393,,,,,-64.11901127185756,-62.74469723889677,-73.88587170240899,,,,,
20150929,28.79782739033759,,,-43.40233439715968,-67.86339307232615,,-4.295501658548284,-154.22494214897446,-90.85017752167619,,,,,-67.61098368990342,-66.4299423394555,-75.58438885203643,,,,,
20150930,29.776624606923747,,,-44.04897279442847,-69.07295889840442,,-22.9996955504429,-163.5220364349026,-96.11683686277753,,,,,-70.49432826620324,-73.07452793041372,-81.65543124318444,,,,,
20151008,32.88397341960502,,,-44.591067926186085,-69.87260902141736,,-0.015465393378835053,-171.4594870667384,-101.03538701100285,,,,,-70.95998116136145,-75.07207293000467,-84.18043653501603,,,,,
20151009,34.49159681744666,,,-45.81258016596068,-68.82992029105237,,15.184419274785114,-169.6828390332927,-98.74383009884669,,,,,-70.84375432587402,-74.79424019305837,-85.92416830045018,,,,,
20151012,35.867591224379716,,,-46.682731395903104,-68.1903577570565,,27.989342554784653,-168.3072734301435,-96.8530152735727,,,,,-70.76689792426691,-74.87555455016103,-87.48589098043078,,,,,
20151013,37.089496914843146,,,-47.34852156238073,-67.98894485949737,,38.52959739451118,-166.66846238386194,-95.02487695949712,,,,,-70.31604218590351,-74.80080358205718,-89.4399602821246,,,,,
20151014,38.626365595608554,,,-48.04712599797863,-67.68314891110775,,46.89169209544861,-165.0273764205269,-93.71360701458386,,,,,-69.90892785582787,-74.53908384549311,-91.24816410278251,,,,,
20151015,40.370285191181296,,,-50.912290803452336,-67.63169321799344,,54.214051932654854,-163.5221971096629,-92.63426599099454,,,,,-70.06500785499733,-74.24661663439244,-93.25827976484501,,,,,
20151016,41.83691908757361,,,-53.23263873669127,-67.57113295753297,,60.154353644766985,-162.16540094040755,-91.57182794248071,,,,,-70.27376776467385,-73.55903578366745,-95.08953903717962,,,,,
20151019,43.6974657870911,,,-55.599744198218595,-67.27050249441116,,65.3910837791493,-161.03765731300294,-90.85513397575937,,,,,-70.50773307474101,-73.70106675957848,-95.90762061008189,,,,,
20151020,47.67844511927843,,,-58.18852382100964,-67.28762154950046,,69.55538245621466,-163.12049007190674,-90.30651263208622,,,,,-71.31650614671351,-73.71537324083702,-96.57261197420648,,,,,
20151021,51.79770220087895,,,-58.53968903448364,-67.46215194302762,,72.9034740957416,-162.73087452598287,-89.84750467292558,,,,,-72.58567409131535,-73.80575215510098,-95.49921577479569,,,,,
20151022,52.801605770872875,,,-58.80321685919305,-67.54886664849255,,75.43280070998125,-162.49475936238176,-89.55829439592883,,,,,-73.27119002566218,-74.01478933283963,-94.23382088029604,,,,,
20151023,53.67939099821789,,,-58.80574232325824,-67.52210358608767,,77.62559642059445,-162.301822265346,-89.04144232111085,,,,,-73.91013586573457,-73.86193766475904,-93.16455737733123,,,,,
20151026,54.44288021939341,,,-59.02215544092233,-66.6346522275504,,47.858479292586075,-162.8010858705842,-88.86298098950763,,,,,-74.33247526491616,-73.84336991560922,-92.20521932208197,,,,,
20151027,55.067553218537014,,,-59.5563441076982,-65.8170105805867,,54.69446532590034,-163.5606886407047,-88.81718381975982,,,,,-73.95413497954459,-73.96454338629805,-91.42352438366694,,,,,
20151028,55.18111469310214,,,-60.07759303065404,-65.123885846364,,60.7516849690323,-162.82127562159806,-88.85976340237013,,,,,-73.73845601633778,-74.92783872486977,-90.5492166407502,,,,,
20151029,55.26486904428203,,,-60.38855432281342,-64.43597020363815,,65.78962504261486,-162.6137889633811,-89.03460247736915,,,,,-73.35558306419092,-75.74416926126159,-93.19009351384516,,,,,
20151030,55.49801943719694,,,-60.1085308638667,-64.16500160621804,,70.425583951668,-161.6191832972386,-89.04235035383901,,,,,-73.07145154685763,-76.50832407758774,-94.8100665672187,,,,,
20151102,55.688778849581865,,,-59.84602584405311,-63.82700242376828,,74.6009463961183,-161.52800428121412,-88.9658676533502,,,,,-73.26123604131018,-76.58841821776097,-95.43543380851821,,,,,
20151103,56.043468583004675,,,-59.729775006611206,-63.70857206361868,,77.7622952364506,-160.54932458014156,-88.98540130277667,,,,,-72.99529287406034,-76.98094338892092,-96.42935619049871,,,,,
20151104,56.95371800159184,,,-58.83658797269527,-63.49279471059533,,80.2211809980017,-159.8741393139761,-88.79298090394691,,,,,-72.71472466826803,-76.19463593692569,-97.2656602856925,,,,,
20151105,57.69846752589044,,,-58.27417623065633,-63.33334272985085,,51.657163609612134,-159.6263492606304,-87.86571640557686,,,,,-75.06435042633913,-77.65323978476377,-97.21265063811502,,,,,
20151106,62.60408138456383,,,-58.56116389694135,-66.80751716248514,,25.78746885854677,-166.8713348669075,-93.10909466880977,,,,,-76.9635426459283,-82.17131342223848,-97.32643616488022,,,,,
20151109,66.61776545075114,,,-58.80915240338605,-69.6474223627069,,4.677014181922617,-172.28775145419087,-97.3996633130456,,,,,-78.56050252853345,-86.01589337376602,-98.94093506805174,,,,,
20151110,69.90168877763166,,,-58.870179809122725,-70.31017166397686,,-12.588073733868072,-175.09243961962883,-100.61914548337876,,,,,-80.55365693483442,-89.25739072077117,-100.2954083828743,,,,,
20151111,41.796046500136065,,,-58.86284562207334,-70.8902202797307,,-27.334790589498173,-175.957857154596,-103.21833865445485,,,,,-81.61617740563466,-91.34781672501664,-101.43993263467596,,,,,
20151112,18.80052100036694,,,-58.5431581395213,-71.14243130526539,,-39.41799906879053,-176.62969225770186,-105.33737698180582,,,,,-82.39071226754476,-92.63343418027968,-102.10430260058982,,,,,
20151113,-0.013999863080525456,,,-58.35391583347665,-71.07526837062821,,-48.085760034260936,-175.15528197245226,-104.73131139883087,,,,,-83.05325914937148,-92.95766932461565,-102.64265036304303,,,,,
20151116,-15.413706850647033,,,-56.67822222557068,-70.22754091985972,,-55.18841883837582,-174.17677272270475,-103.45196888038838,,,,,-82.6888194147945,-92.75030915952861,-102.93201797764428,,,,,
20151117,-28.013467113201447,,,-55.15268636621849,-69.54434021849,,-60.94443897292711,-169.883759617315,-103.016691112045,,,,,-82.37450752294014,-92.42385814631794,-102.9355939435807,,,,,
20151118,-38.32236187347324,,,-54.62346013137271,-69.4043848115153,,-65.25450756225595,-166.77409533718279,-102.36468749380683,,,,,-82.29076505568878,-89.52786470238709,-105.62147419973333,,,,,
20151119,7.519234664771912,,,-54.01941971300242,-69.14030975234166,,-69.4457065182545,-161.8198185247903,-102.92645144772717,,,,,-82.6685978119586,-87.19651100317361,-107.18005516687928,,,,,
20151120,45.02599546879067,,,-53.61294070714893,-69.08851688836124,,-72.27488006032428,-157.6467302995214,-100.08833179152538,,,,,-82.2046228217328,-85.1301555252863,-108.63099864546379,,,,,
20151123,75.71334521753329,,,-51.55424957020148,-70.06573902197886,,-73.81005638550175,-154.15436461453112,-96.18562669161533,,,,,-81.66415205185761,-81.18742140186141,-109.48168003497283,,,,,
20151124,81.61962896782595,,,-49.74784785677768,-70.58106341541324,,-73.10547436223499,-141.4959189286571,-89.54414586181483,,,,,-80.25030845983376,-75.95884329945125,-106.58097622923368,,,,,
20151125,90.09365484322254,,,-48.267531750775404,-70.44239926846743,,-72.29887911469504,-131.30153669426207,-84.15154987427664,,,,,-52.566015865278985,-71.43011411051134,-70.96216856099949,,,,,
20151126,96.91987574635164,,,-47.117340979945546,-69.42451281590468,,-70.5929697528223,-122.83208103237428,-78.12906064239283,,,,,-29.712754104957824,-67.70470770639517,-43.42231914097238,,,,,
20151127,93.08438218227647,,,-46.14671507482123,-68.63503556251251,,-69.07949173537564,-115.62809841234522,-73.25207954680604,,,,,-11.378924426736296,-64.69900186229528,-20.806659782165386,,,,,
20151130,88.974394698408,,,-45.38875030566804,-67.79697246870437,,-67.77434497757218,-109.72703184395824,-69.30111753717784,,,,,-22.841579171634645,-62.28169934056266,-2.5579177309683847,,,,,
20151201,85.61167766615199,,,-44.69642678100707,-67.07265804811776,,-66.700651906571,-105.14542141820536,-65.57098852769907,,,,,-32.469660564861904,-60.05304205584451,12.461846632176378,,,,,
20151202,82.04783134850196,,,-44.54979883882662,-66.05110464271301,,-65.8728626319688,-101.29115513843298,-62.584626243503095,,,,,-40.51132275905083,-58.488451888403986,24.11335244210493,,,,,
20151203,76.80567840478209,,,-44.25834109783177,-65.19564225320038,,-66.97094691135949,-98.10748159956192,-60.42652630937365,,,,,-47.657064446133134,-57.15904447466973,34.482410150448544,,,,,
20151204,71.64444758071585,,,-44.28503715187823,-64.4645361950873,,-68.01029812995908,-95.55449075561478,-58.641990438522164,,,,,-54.570392716631176,-56.222349565948285,42.29494480700906,,,,,
20151207,67.42162236102529,,,-44.30693745080574,-63.37163744735124,,-68.8691404690971,-93.52822060623353,-57.17241826814798,,,,,-59.95245918253038,-55.353068301284466,48.36548973371853,,,,,
20151208,63.966583544914826,,,-44.0541468891363,-62.09143533015612,,-67.03697826997124,-91.64719283306573,-54.79408892575199,,,,,-62.03071128846446,-54.208174309336606,53.17251760777926,,,,,
20151209,61.13973360446081,,,-43.82464616630598,-61.099721983770586,,-65.12652379794875,-89.79117162783879,-52.76904563411667,,,,,-63.565015578736805,-53.28294180741392,57.178463977244455,,,,,
20151210,41.219980426846504,,,-43.90080424230346,-59.79554671582458,,-63.3357590272326,-88.2259335869167,-51.084056715436546,,,,,-64.82980695472119,-52.56815692840063,60.4241763652545,,,,,
20151211,24.922000554252993,,,-43.99914815188811,-58.29556905623189,,-41.315354785094954,-87.14015195986238,-49.88156597316085,,,,,-65.84573519943265,-51.99252294428504,62.473130518186004,,,,,
20151214,11.587289749403753,,,-44.26003718515904,-57.95934927868985,,-23.299953646701127,-86.2697579105309,-48.973694757264475,,,,,-67.17815556210574,-51.55733195637303,64.2951556116531,,,,,
20151215,0.6770718181634696,,,-44.6358383617449,-57.534277944806455,,-8.672650888273987,-85.87648119372855,-48.2292711746831,,,,,-68.2617515763023,-51.24339945119297,65.8527285890216,,,,,
20151216,-8.24947012557858,,,-44.85466701444203,-57.21579301276539,,3.575865255393337,-85.81908098028669,-47.613019790400806,,,,,-69.10975154540942,-51.68588908751166,67.20469884809471,,,,,
20151217,1.0693246638650924,,,-45.07901686104051,-57.22010886684646,,13.657191173195494,-86.74050055206335,-47.111274436870595,,,,,-69.8472838851519,-51.94246724445881,68.803594723968,,,,,
20151218,8.693793127955368,,,-45.10227636680879,-57.088359649286176,,22.031972593686802,-87.49554251462091,-47.279783339343815,,,,,-43.19140485904229,-52.31413304987617,69.884558847625,,,,,
20151221,14.931994598574683,,,-47.308545723088805,-55.733539203897664,,29.00776237886715,-56.55543286653439,-47.76786803730305,,,,,-21.39585054546858,-54.350868818518265,70.80434186725617,,,,,
20151222,20.63423761865615,,,-49.27345884040712,-54.620940497869476,,35.337883955435316,-26.405476893159772,-29.163216096424236,,,,,-1.0487341000544106,-58.80607821177983,73.05368148605191,,,,,
20151223,25.297134795877227,,,-50.78030028152335,-53.77506489838319,,40.55758350792947,-1.9079869423618252,-13.911161471653989,,,,,16.6531468677474,-63.0061141030062,75.56027855940255,,,,,
20151224,29.149375348975124,,,-52.05864932990771,-53.346691258508294,,45.53758557661627,15.608002518123515,-0.6020272409088628,,,,,31.128971823996306,-66.44561553025102,79.17218806728044,,,,,
20151225,33.32996293687598,,,-53.376851605527754,-53.07889551514494,,49.930141939753256,30.65028508875452,10.286417147388862,,,,,43.49052934396914,-69.253532473072,82.22821607453562,,,,,
20151228,37.214836195694474,,,-54.39970350239357,-52.452452851156174,,53.22768471233902,41.70998922441746,18.779769157577526,,,,,53.140677190107304,-71.10779471198516,85.22008050178279,,,,,
20151229,30.44850234193184,,,-54.99307853846963,-52.19020265317901,,55.843272797849686,49.47216029300448,26.05506685002914,,,,,60.49445587725966,-44.37759613192882,86.86183830545978,,,,,
20151230,24.91241100703514,,,-55.39807202435203,-52.23700645154501,,57.97310877228573,55.71618394830515,32.05080637354118,,,,,66.0945863735728,-22.16058676256248,89.55562359433756,,,,,
20151231,20.382881733028746,,,-56.76396222967588,-52.44274921338116,,59.74398455098981,60.91504880245424,15.489897505144318,,,,,70.68600209049674,-3.302879308949586,91.75962973978302,,,,,
20160104,16.676903236114427,,,-56.38244560146262,-51.757162769092425,,61.266019883329385,65.3329144748957,1.8249659964742244,,,,,74.40602672953862,11.83715629875656,94.46283044184874,,,,,
20160105,13.644739011366347,,,-56.04761254323572,-51.63889561479233,,62.5423952315816,68.8690556452393,-9.346798263222103,,,,,77.38444247955373,-4.7426428467028865,97.42584426855029,,,,,
20160106,11.163877372936101,,,-57.47770363132771,-51.86516990639276,,69.0462090023017,72.16333539019062,-23.579685112996547,,,,,87.26207992000109,-21.58062217349722,99.99531400858055,,,,,
20160107,9.134081486947718,,,-58.151767709733996,-52.04944866993892,,74.6576392828834,73.76795820783727,-34.21768289790277,,,,,95.89556178433868,-35.394722746526746,101.76510630867477,,,,,
20160108,7.473339398411768,,,-58.99878922804991,-52.642303754426955,,80.15957643223634,74.89811054545869,-42.75060854021562,,,,,103.68936436166186,-11.854415371240886,103.13836786131323,,,,,
20160111,6.114550416882355,,,-59.46827881190277,-52.661154009839464,,84.22534414391166,47.129914240427624,-20.505757767400702,,,,,108.66679215883158,5.262487902743271,105.65644623877891,,,,,
20160112,5.002813977449199,,,-59.10900191765221,-52.671105620579326,,87.6758585906012,24.401357477371842,-2.4382017352906464,,,,,71.09127746955745,19.23088507481999,107.5852431524025,,,,,
20160113,4.093211436094799,,,-58.79295930570439,-52.35455237129179,,90.47174414587207,5.903254725594757,12.344027351161621,,,,,40.234408758817715,30.536328104552595,109.17348665811491,,,,,
20160114,3.348991174986653,,,-58.469153545943264,-52.11353085309846,,92.82952556192777,18.849133639433372,23.915066055922715,,,,,50.98302995512217,39.55517673106136,110.42557155028838,,,,,
20160115,2.740083688625443,,,-58.226533592876265,-51.901113690386495,,95.05635297067496,1.5477952419440606,33.396721680520365,,,,,23.64547755885628,47.309110275084734,111.60640233979747,,,,,
20160118,2.241886654329908,,,-58.51032944299038,-51.11048412947021,,96.2024826102306,15.184199797295062,40.30029414586236,,,,,1.0292183212366055,52.98699196183444,110.7771894663755,,,,,
20160119,1.8342708989971972,,,-57.81850106829139,-31.97310365816727,,94.41952227238808,26.988255453294123,46.1911647023094,,,,,-16.519148843677836,57.440193889323794,110.03545038893124,,,,,
20160120,1.5007670991795246,,,-57.128169204102875,-16.3309940245158,,92.98177734246677,36.946825199511125,51.080624363157675,,,,,-30.195780631317124,60.77542900945337,109.32715635167062,,,,,
20160121,1.2279003538741562,,,-56.66954423668059,-23.176738037548,,91.80299182212639,45.15991850445429,55.138112786568385,,,,,-41.270734323089236,63.58889063215707,109.28026612646087,,,,,
20160122,1.004645744078855,,,-55.345735450862044,-9.40221957376666,,90.9095666844404,53.05170890227737,59.15652578731847,,,,,-18.002527442970855,65.9076975720165,108.88792641232887,,,,,
20160125,0.8219828815190631,,,-54.43152180445581,1.8652487603523775,,90.13581811726455,59.22171870243375,62.453080605965646,,,,,-30.554670835114806,67.75942423912775,107.92120509151327,,,,,
20160126,0.672531448515597,,,-53.72691706572106,-8.392368561849423,,89.49992074707535,65.02218506343971,66.42892834593721,,,,,-41.236258833179186,70.1197814031998,107.68462251538594,,,,,
20160127,0.5502530033309428,,,-53.27046031777467,2.849691581419021,,88.8500429983198,71.93217790009503,69.21393433975322,,,,,-50.37035615294492,73.54559500528204,108.45193731090173,,,,,
20160128,0.4502070027253168,,,-52.9865027089198,11.856510061738623,,88.43792620433561,77.65638857944057,71.45894267599542,,,,,-58.174593259360044,75.80395341924319,108.37592140299809,,,,,
20160129,0.36835118404798645,,,-52.494545437059685,19.233831002784097,,88.09199683990636,81.78808977317831,72.88869299767491,,,,,-31.29110293089623,77.65515199416924,108.18466304524563,,,,,
20160201,0.30137824149380704,,,-53.143842431761016,5.196710360657296,,87.74221921508293,85.36835898886086,74.20162377844179,,,,,-41.87707541512484,79.47766428683452,108.69831558813219,,,,,
20160202,0.2465821975858421,,,-53.62093482545924,14.798269563270663,,87.27523182438492,88.3213227026794,75.0481425265448,,,,,-51.062045201014406,81.49740483726069,109.34578042741016,,,,,
20160203,0.2017490707520526,,,-54.00705057805109,1.4428218247746862,,87.40497668894588,90.91605124193747,76.53995280336336,,,,,-58.591558021720154,83.13933486840604,110.39319713627425,,,,,
20160204,0.16506742152440662,,,-54.59907665024253,11.584373258486046,,86.76872130722143,95.04721282912568,78.27403014556889,,,,,-63.95229665454417,83.5040452614055,109.89937975384694,,,,,
20160205,0.1350551630654236,,,-54.64013256563022,19.69658068416118,,86.16286644638468,98.83918184631825,79.69873139894821,,,,,-68.32236991183625,84.48012330999605,110.23259723091157,,,,,
20160215,0.1104996788717102,,,-54.8042528047713,27.0534958858023,,85.67036990023745,104.21782765343504,79.88309761200209,,,,,-72.13348399051087,87.09498991680181,111.08453994039652,,,,,
20160216,0.09040882816776287,,,-55.23133793781343,33.17502980352814,,85.17963670334298,108.88386816632381,80.26324631599815,,,,,-37.558489754603386,89.66442216307385,111.44296630202574,,,,,
20160217,0.0739708594099878,,,-55.500610299038605,38.382450979876,,84.75149501905574,109.8573297948785,79.59329898857929,,,,,-9.901465292663104,92.0426886401541,108.89863433568966,,,,,
20160218,0.06052161224453546,,,-55.412649760954075,20.16572519683188,,84.47614085147661,110.4307518625763,79.2828443287376,,,,,12.65502121408141,94.31443851146996,106.8141075754467,,,,,
20160219,0.04951768274552901,,,-55.22597523333578,27.8002858988676,,82.7533556825555,108.99469051824937,78.25424823890629,,,,,31.142834269713514,95.99556695689749,105.10927314357508,,,,,
20160222,0.04051446770088736,,,-54.9629997657417,35.48827571140464,,81.9889323517876,107.8876965341394,77.89007988521004,,,,,4.65452496466922,98.9288299644579,104.26191664642049,,,,,
20160223,0.033148200846180566,,,-55.36987515088536,42.177602859964786,,83.24684132036494,108.05702251748224,78.52260240910476,,,,,26.77696703648888,102.7937126222917,103.41927152517846,,,,,
20160224,0.027121255237784095,,,-55.639263005323464,47.71370647530273,,84.67601338220436,108.43462162163645,79.48827114212253,,,,,-3.9293135586876167,103.75781242498454,103.2736160287593,,,,,
20160225,0.02219011792182335,,,-55.87220221457507,25.780243288308668,,85.9365508072901,108.85633005309141,79.95117519461576,,,,,-29.144793810929777,104.3328888041104,103.0024819691281,,,,,
20160226,0.018155551026946375,,,-55.69679170565415,7.876225052153026,,86.53194653529259,109.85819659474016,80.35287192850981,,,,,-48.87885571593224,102.66715882721887,103.16339036363316,,,,,
20160229,0.014854541749319758,,,-55.58852146752341,-6.7354468012058355,,87.1304600700522,110.92368763969756,80.37958863901086,,,,,-64.70888291218715,101.39530161591351,104.7966797415149,,,,,
20160301,0.012153715976716165,,,-55.02546692787484,-19.11997764883249,,87.9265727571285,113.00714595784832,80.33572280495504,,,,,-37.04104461442605,98.13253501686881,105.74898656006293,,,,,
20160302,0.009943949435495043,,,-54.27660201132631,-29.633121929859602,,89.02425019710287,114.47429710036984,80.65976799955087,,,,,-14.430434419325879,95.77207181253351,106.4735296704639,,,,,
20160303,0.008135958629041398,,,-53.64675904372442,-39.170677656362884,,90.19184918096937,115.7862421528238,80.97387778666247,,,,,4.388001616780744,93.31037844109925,107.49854283165043,,,,,
20160304,0.006656693423761143,,,-53.66028729690037,-21.74213438896794,,90.73483067429174,117.21056189012171,80.61241315865931,,,,,19.873303888186275,90.1561283758344,108.7098997988542,,,,,
20160307,0.005446385528531844,,,-35.39556992585502,-8.086261284321791,,90.07762526767502,117.5208782914128,80.41846027456064,,,,,30.83631827702492,85.73543889603961,104.55973445803136,,,,,
20160308,0.004456133614253326,,,-21.507948901417222,-16.183317280399784,,89.66480198551446,115.73669830508558,80.30013857641117,,,,,39.274300033169176,82.0872145153358,101.25043649081111,,,,,
20160309,0.003645927502570903,,,-10.245698262420706,-4.130496568512036,,88.43265345435438,113.96882315887245,80.0200854760224,,,,,46.01202602668023,77.78775626096956,98.4963237206739,,,,,
20160310,0.0029830315930125567,,,-15.475371919084724,-12.362007671112991,,85.28487231469649,111.90578988146666,79.74283488705211,,,,,51.369250044863534,73.86981328718248,95.44481801560842,,,,,
20160311,0.002440662212464819,,,-20.184013067788438,-0.9847468358040892,,82.72015587488082,110.49283974681458,78.02929757392816,,,,,55.74531122298452,70.68941972566816,93.02667860099037,,,,,
20160314,0.0019969054465621243,,,-24.069694582927877,-10.374840963257347,,79.96517310302814,109.49064242499634,77.3347243915163,,,,,59.17010137668068,68.28436401891675,90.94730684390095,,,,,
20160315,0.0016338317290053742,,,-27.411844372080683,-17.805973034010787,,77.61770525820889,108.34958659433536,76.89031176396607,,,,,61.879535772069765,66.20368264801368,88.92206855044272,,,,,
20160316,0.0013367714146407604,,,-30.163826460595754,-23.855332844033356,,74.26022220129232,107.73151843957997,76.29182627947111,,,,,64.24949131484577,64.4119807955253,88.41053867259198,,,,,
20160317,0.0010937220665242584,,,-32.398936276079,-28.666930769633606,,71.08242606436339,106.34873506634592,74.80101891183163,,,,,65.9919967049673,62.89449085007,87.82688071873574,,,,,
20160318,0.0008948635089743932,,,-34.18862494084678,-32.5890331313944,,69.03595478370889,107.38610838572815,74.06779658635705,,,,,67.16520148021901,61.341122122601725,87.09231144760608,,,,,
20160321,0.0007321610527972307,,,-35.6374386537045,-35.76727226261187,,67.51706922810884,107.30352290746121,73.61041391459871,,,,,67.86326916473358,60.000604996858534,56.51731666886507,,,,,
20160322,0.0005990408613795523,,,-36.824411403152965,-38.364072672836436,,65.13778092076888,106.06995575889512,71.44119834206116,,,,,42.59202774871109,58.72668319675363,31.669717444861952,,,,,
20160323,0.0004901243411287245,,,-37.901181784130095,-40.23995795579952,,63.20258786861353,105.23545667263761,69.6686123751755,,,,,21.994992050194337,57.914357473753725,11.359832892314751,,,,,
20160324,0.0004010108245598655,,,-38.070709911342284,-41.777684288614765,,61.62334576397971,101.92056128609102,68.312586627282,,,,,6.6145952522413864,38.15624439779068,-4.727407605668699,,,,,
20160325,0.0003280997655489808,,,-38.62143559809286,-43.18843217482443,,60.202105348141714,99.15720619434909,67.04594024796856,,,,,-6.045543222328605,21.644189671218108,-17.95097021106056,,,,,
20160328,0.00026844526272189336,,,-38.98155779442084,-44.21842964937229,,58.72911070542822,95.87466346876884,65.86607539202494,,,,,-16.3009521424947,8.340393654338824,-28.62684138369405,,,,,
20160329,0.00021963703313609455,,,-39.492980415987105,-44.76122105768178,,57.44427856755605,92.80854635859855,64.9297433077532,,,,,-26.92725046859294,-2.906809492817321,-37.732860814468545,,,,,
20160330,0.00017970302711135005,,,-40.08491315683112,-45.347565700511765,,56.389074242958436,89.52437697359142,64.30517533084463,,,,,-35.374673404113764,-12.12922480630467,-44.851811519827066,,,,,
20160331,0.00014702974945474093,,,-40.56854687102009,-45.86255582903789,,55.45919708053795,86.78323020922444,63.591788006973864,,,,,-41.798036474685595,-19.953138758388157,-50.77185067182933,,,,,
20160401,0.00012029706773569711,,,-40.912879814037154,-48.99963999758243,,54.51606954620963,83.83600787492003,61.570438759477135,,,,,-47.10420662404627,-26.743167154591237,-55.701089880427624,,,,,
20160405,9.842487360193398e-05,,,-42.22925544619365,-52.4196789097125,,53.59203389249079,81.47963674095777,59.45502825403761,,,,,-51.806220510823564,-33.189089261014544,-66.08590014948726,,,,,
20160406,8.052944203794596e-05,,,-44.14939120610111,-55.19918085498965,,52.54133365028564,79.60914790390763,57.65553072748181,,,,,-55.853336605560294,-38.42275557418974,-75.36869926237948,,,,,
20160407,6.588772530377396e-05,,,-45.840872373160785,-58.2418596912125,,51.858007911526,78.36000346557199,56.16679418020484,,,,,-59.24505052235351,-45.21611220420253,-79.76592352110363,,,,,
20160408,5.390813888490596e-05,,,-47.42013660454095,-61.10364088802597,,52.08347723486336,77.21715466806566,54.92285602352357,,,,,-62.22761049151393,-51.50718963258643,-84.19486248844254,,,,,
20160411,4.410665908765032e-05,,,-48.33494670843943,-60.643001161487206,,52.27093502265377,76.26590067248054,54.16230752988919,,,,,-64.5235791877386,-56.076242909776816,-87.48161369767536,,,,,
20160412,3.608726652625935e-05,,,-48.92238752978244,-39.050996837101316,,52.78861877436356,75.58708820165249,53.58969802594589,,,,,-66.52555095571486,-59.428557889704216,-56.64375969009376,,,,,
20160413,2.952594533966674e-05,,,-49.291302069250875,-42.93516449239424,,53.03803089048789,75.04573531615334,53.082703265401136,,,,,-67.8980104451323,-61.327292044574584,-61.37301981780771,,,,,
20160414,2.4157591641545508e-05,,,-49.70359834378662,-46.2614719377942,,54.46808728970259,75.50203157993724,53.15368496114724,,,,,-42.84292235762997,-61.90460748821059,-35.16451760214385,,,,,
20160415,1.9765302252173595e-05,,,-50.344084525038944,-48.858462095286306,,56.517381903199706,76.99134528127635,53.96122963994861,,,,,-47.218397630784644,-62.43267809063332,-43.90978946452597,,,,,
20160418,1.6171610933596574e-05,,,-51.1189543293754,-50.97117504846697,,58.64989096226793,78.83854277338513,54.76681644663205,,,,,-51.09586898610134,-63.97508727994225,-51.261787147481115,,,,,
20160419,1.3231318036579012e-05,,,-51.12947696605801,-52.55357771047926,,60.30232742977938,80.37630111161286,55.295263110017146,,,,,-54.402491555297125,-65.82732003842055,-58.1044525675867,,,,,
20160420,1.0825623848110098e-05,,,-50.86014393280249,-53.17802168922182,,63.16794228371289,80.88130749973162,56.279595700404236,,,,,-56.812221830298554,-67.19933042699677,-63.916264374678256,,,,,
20160421,8.85732860299917e-06,,,-33.42059760839909,-54.10818191018997,,62.26114187281014,78.43574880852044,55.72273877993686,,,,,-35.53696571721543,-66.28775579259027,-67.77566802251441,,,,,
20160422,7.246905220635683e-06,,,-19.047044622041682,-53.410507204172426,,61.325256270272234,76.86416583438897,55.28743281279519,,,,,-17.860180276276637,-65.38422519052175,-68.76850827406673,,,,,
20160425,5.929286089611013e-06,,,-23.88373075093796,-52.91902672311837,,60.11269248900554,75.13357377588038,54.8074585317109,,,,,-4.491739428880275,-64.22834488317199,-69.4775174181134,,,,,
20160426,4.851234073318101e-06,,,-28.04666216592544,-52.734621501242565,,59.40591770190946,74.26008475748738,54.2686148508948,,,,,6.445193505614317,-63.53412651920518,-69.25695211033769,,,,,
20160427,3.969191514532991e-06,,,-31.564347787356372,-52.9820009713041,,58.95991131843621,73.92450466415242,53.834821670404516,,,,,15.39290653815574,-62.97535918913647,-68.69770643947842,,,,,
20160428,3.2475203300724464e-06,,,-34.12781509253516,-52.75968010985431,,58.56080841613546,74.15726566820291,52.94040507257489,,,,,22.488408480352852,-62.23591339684053,-68.26679463136807,,,,,
20160429,2.657062088241092e-06,,,-36.285231638643104,-52.59701121064571,,58.31908761296933,74.46752727101297,52.27095699217615,,,,,28.47363657237651,-61.612402442281855,-67.91717283967778,,,,,
20160503,2.1739598903790746e-06,,,-37.45048472654012,-52.35406003075788,,57.81646216115317,74.28973455269268,53.5613116254462,,,,,33.29024866611438,-60.487066585380965,-65.98114080712497,,,,,
20160504,1.7786944557646972e-06,,,-39.14032108490948,-51.940039407032465,,57.73367388312493,47.47879610526439,55.107837387891195,,,,,37.862750327645834,-59.96001663004932,-64.43695054880128,,,,,
20160505,1.4552954638074793e-06,,,-40.53230117771126,-51.107896806044614,,58.011479506438924,25.32525258841057,56.42939738474192,,,,,20.542476569366478,-59.43150000782782,-63.11688153052808,,,,,
20160506,1.1906962885697556e-06,,,-41.25444586152821,-50.37738932993566,,58.31137930789813,7.231531209443519,57.59758434283589,,,,,6.4943889906797425,-58.53942031313091,-62.323666612692506,,,,,
20160509,9.742060542843454e-07,,,-41.753308377619085,-49.06041477984299,,58.52659722975553,-7.793491527851307,58.48619400655674,,,,,-4.981691599854406,-57.75346320319435,-61.55955822138223,,,,,
20160510,7.970776807781008e-07,,,-42.40220637188633,-49.061039554936876,,58.540082063114916,-20.087053225787276,59.449890171708766,,,,,-14.405639624659456,-57.309881214259725,-60.91082143155408,,,,,
20160511,6.521544660911733e-07,,,-26.590823967739748,-49.258934667563906,,58.57240007066592,-30.101159687541013,60.086521939333615,,,,,-22.112019266430337,-56.97931404175107,-61.19594954265824,,,,,
20160512,5.335809268018691e-07,,,-13.627593974668615,-49.47854074147871,,58.80288551801275,-38.30260752234127,60.5642039258333,,,,,-28.440470111547885,-57.02499175813083,-61.40845380704695,,,,,
20160513,4.3656621283789285e-07,,,-19.171407140025668,-48.71183206563994,,59.16371419839561,-17.657625540328098,60.992095266075296,,,,,-34.06403629921924,-57.275009919255766,-61.57143657042686,,,,,
20160516,3.5719053777645777e-07,,,-7.9591517120000495,-48.130780995330774,,58.659719011174616,-28.069247782769864,60.998257009472745,,,,,-38.99233070488014,-57.49624516274174,-61.2629636858711,,,,,
20160517,2.922468036352836e-07,,,-14.219537140167677,-47.69530708932172,,37.833358499817344,-36.66256701896693,61.01264618579607,,,,,-42.59393409126919,-57.597433057293465,-61.10833401028125,,,,,
20160518,2.391110211561411e-07,,,-19.60296172942971,-47.47648778580584,,20.711594105015894,-43.650844409148114,60.99851272927547,,,,,-45.477383543934195,-57.454774511062524,-60.83001151855499,,,,,
20160519,1.956362900368427e-07,,,-24.003379063108277,-48.14312255568568,,6.703485618425668,-49.577800637238965,61.223497756967305,,,,,-47.97653957262669,-57.21244587207298,-60.84440751273546,,,,,
20160520,1.6006605548468944e-07,,,-29.093496179835554,-49.26461598127743,,-7.821578406187177,-57.83320961152821,36.197016371230724,,,,,-51.885058631724995,-58.81306253448636,-60.98562441086563,,,,,
20160523,1.3096313630565499e-07,,,-33.14128711793256,-49.530076009705546,,-19.709623284974548,-65.44207634857854,16.352470494663766,,,,,-55.52999275023306,-60.772625184437175,-60.859808148896306,,,,,
20160524,1.0715165697735405e-07,,,-36.48028509303048,-49.89011104876358,,-31.62391409183249,-72.85702010258763,-1.2960792172995905,,,,,-64.89299739125539,-63.63049736314952,-61.027082996389375,,,,,
20160525,8.766953752692603e-08,,,-38.79440357591645,-50.21999807898968,,-41.187387235638774,-78.86555513601999,-16.418765881784243,,,,,-72.2747815983622,-65.06071585768896,-61.46489065047627,,,,,
20160526,7.172962161293947e-08,,,-40.75655457984051,-49.42259306708945,,-49.05727993478324,-84.4801664309924,-27.86413766415077,,,,,-78.02445175117748,-65.2338525787466,-61.43929339090854,,,,,
20160527,5.8687872228768645e-08,,,-42.252882967320545,-48.80057076414598,,-54.84424033682545,-88.6881228085091,-38.75169465429088,,,,,-83.70195861623321,-65.3017441490645,-61.13105264653393,,,,,
20160530,4.801735000535616e-08,,,-43.40765565906122,-48.30986503471847,,-57.893035783929896,-90.6035035558702,-45.7834956973001,,,,,-87.58199230836753,-64.97875861253021,-60.17853501790162,,,,,
20160531,3.928692273165504e-08,,,-44.84103339214886,-48.33654593401866,,-61.90418088934199,-95.0468508404813,-51.24746989372968,,,,,-89.6090817346188,-65.19841304578891,-60.41632041258266,,,,,
20160601,3.2143845871354115e-08,,,-45.951464415859625,-48.37004499928603,,-65.07025160996497,-100.65749283116224,-55.635340531630405,,,,,-90.74962544455633,-65.16904621616938,-60.608109717038225,,,,,
20160602,2.6299510258380637e-08,,,-46.68075977387079,-48.15540920149693,,-67.67278328341078,-105.50981504750324,-59.207529503179224,,,,,-91.83801164756082,-64.49823444782743,-60.38755528592478,,,,,
20160603,2.1517781120493247e-08,,,-47.54045466249019,-47.87607880112668,,-68.80553095556668,-109.41127642926159,-61.19672132958906,,,,,-89.96810868337381,-64.49609784754193,-60.442373820052104,,,,,
20160606,-6.640159120598554,,,-48.17140179759058,-47.89671899887665,,-69.89658479459122,-113.40304602825236,-63.32129136350748,,,,,-88.52396067623343,-64.61243227267768,-60.75378488609611,,,,,
20160607,-12.6469751229336,,,-48.683933864159535,-47.98839489176766,,-71.05110303237605,-116.67161576652646,-65.18147726038674,,,,,-87.38631496392733,-64.90535545915453,-61.01688208834016,,,,,
20160608,-18.436642089331365,,,-49.477322886123375,-48.0645084147807,,-71.97040413258146,-118.30648690242266,-66.76068510474998,,,,,-86.4175999844945,-65.20010160481723,-61.432132550021926,,,,,
20160613,-24.448063739484418,,,-50.263436879591715,-48.030432489369446,,-45.780802484236105,-118.29008906188648,-41.42942150569867,,,,,-86.0381290545269,-65.04860084808624,-61.792374630666274,,,,,
20160614,-31.927949815168652,,,-51.104677639131495,-49.01630438442055,,-50.43166438359166,-118.19560386296126,-46.76840574297651,,,,,-85.87468895291804,-65.74148712043059,-61.88254882236431,,,,,
20160615,-38.049244737878766,,,-52.4968146474533,-49.77088888196503,,-56.024605003637085,-118.28419086374193,-51.76324417058362,,,,,-85.36151828853941,-66.27957126316488,-62.278003972408854,,,,,
20160616,-19.192547934773128,,,-53.790975733296854,-50.41837519374208,,-60.561859212659385,-118.42815245055851,-55.533762341710926,,,,,-86.10318473194984,-66.86225332008765,-61.83273665695781,,,,,
20160617,-3.7745690724342,,,-54.9494323753483,-50.02184491721844,,-63.70094089769168,-117.53762602019772,-58.49480870062574,,,,,-86.81418273254815,-67.47656561584144,-39.12398533120862,,,,,
20160620,8.636877833484405,,,-55.432393005420835,-49.99128375031163,,-66.15863803092815,-113.68271407246633,-35.019089400496,,,,,-87.31582992986762,-68.41485052249848,-20.555988933994847,,,,,
20160621,18.802026314963708,,,-55.75409286040018,-49.86536940613863,,-68.0375185725713,-110.72690338888134,-15.601545423084788,,,,,-86.22755549757206,-69.08282229781952,-5.55280710696822,,,,,
20160622,27.04538088547726,,,-33.55732676259144,-51.3760376389366,,-40.91582097997795,-108.20706286943754,1.8789100713573208,,,,,-86.29998812830141,-70.49065438185134,8.946670053553667,,,,,
20160623,33.2488288876986,,,-39.98063016982011,-52.42955833549942,,-18.806531205971947,-71.85259284537067,16.674677874238927,,,,,-86.58765795224542,-71.63274044777364,20.85939660745756,,,,,
20160624,36.900249841627634,,,-44.55084739391184,-53.02705534541768,,-0.7065883117898842,-42.105571109631846,28.775438004513486,,,,,-85.96550059969464,-72.22206006710807,30.302276439709285,,,,,
20160627,40.00272620194968,,,-25.405113564863687,-53.22320023424685,,13.500183413585818,-19.471030037632808,36.227556197973676,,,,,-84.58914104341191,-72.17393812863746,36.33103950042282,,,,,
20160628,42.244143865954115,,,-8.714801257349453,-53.45433043765595,,26.966479080006497,-0.2758154865100888,42.02771035746635,,,,,-83.73528427597935,-71.17730088781136,41.34312331591166,,,,,
20160629,43.8028223553145,,,4.717425712149573,-53.58552894212367,,9.21400112505957,15.314536426500055,46.03454706179666,,,,,-83.0107517279243,-70.76693887065483,46.23859451301163,,,,,
20160630,45.04950184804595,,,15.680348642142018,-53.72881616233222,,-5.32438510195273,28.060137452572604,49.34167892700968,,,,,-82.42748071663578,-70.36946974883713,49.0357989309376,,,,,
20160701,48.00063577655698,,,24.46417381988766,-54.368194004389736,,-17.38284177347334,38.469417166700616,52.13706851964391,,,,,-82.20624227547783,-70.3164835987619,50.92266936611861,,,,,
20160704,50.24274615965921,,,30.070800401496996,-35.58548618388033,,-2.561719118102682,46.77856319948621,53.27110946934735,,,,,-80.87690015321344,-45.274566586315416,53.04084221661109,,,,,
20160705,52.43527045132549,,,32.8897932008532,-20.581483572304496,,9.807923666244593,53.043554627954734,54.19352386031823,,,,,-80.62929150844522,-26.23320607336816,54.81740725668113,,,,,
20160706,54.228951985343784,,,19.217131353026616,-24.03177887972495,,19.48835647827567,57.719273619123946,54.8438336716557,,,,,-79.40147556962405,-31.962488831004904,55.13778978053741,,,,,
20160707,56.00271372957645,,,8.027543425385632,-26.823833700767306,,27.435321954413027,61.3053527344202,55.310145760461836,,,,,-78.30614554701278,-15.63824195831648,55.39964430281319,,,,,
20160708,57.402021479641675,,,-1.0961572948332379,-28.901906702674378,,31.9037219089069,64.05616727793814,54.79192832310653,,,,,-76.77673523900832,-2.9571938351828058,54.62144509198389,,,,,
20160711,58.578115125413326,,,-8.478386255197552,-30.534779631628545,,35.70823100256473,67.05847572658689,54.33955955806438,,,,,-75.54042405484638,-12.54335891321267,53.97582812663058,,,,,
20160712,58.79966718560898,,,0.39369268001256874,-31.95528678358555,,38.74311629916736,69.39520137728466,54.11446316707661,,,,,-74.59143930690409,-20.0314878620198,52.91287112007244,,,,,
20160713,58.28305678743844,,,7.65624894122727,-33.095670967432696,,40.842163915767536,70.4526779254963,53.483532684206466,,,,,-74.02042909363713,-26.157013524691283,52.023349179223864,,,,,
20160714,57.8574837845315,,,13.43543407575186,-34.03352100063152,,42.566848632643065,71.36380440141372,52.98572575302659,,,,,-73.55306721783897,-11.633758502686975,51.79887772490279,,,,,
20160715,57.50882143818204,,,18.15906414737404,-35.1680415414441,,44.10879961500099,72.1824826455918,52.618272099066516,,,,,-73.2708209495677,-18.93458357608118,51.54886141413141,,,,,
20160718,56.95841274105331,,,7.998545280298004,-35.9617817975923,,45.32624542323309,73.48942342389019,52.12385782007804,,,,,-73.49582714243242,-24.655644903987664,50.45386315595919,,,,,
20160719,56.084270518895124,,,-0.33685027803583484,-36.62329596013009,,46.103823664684406,74.43520728138645,51.70638154083958,,,,,-74.55782372230648,-29.344006789890255,49.58070172618516,,,,,
20160720,54.00326070474077,,,-7.352938040569243,-37.37961501454461,,46.80546580848978,75.32228640978428,51.36768002330316,,,,,-75.77383545784355,-33.16880395077197,48.86226205446956,,,,,
20160721,51.89476262103198,,,-12.928000507518854,-37.986920443761065,,47.243464909674636,76.40817050254154,51.02520178353576,,,,,-75.79743459847404,-36.210228194045094,48.26914135095324,,,,,
20160722,50.67079955465151,,,-17.39484881034351,-38.47270389873226,,47.6077391309067,76.79673472889068,50.75821844652603,,,,,-76.14310805180756,-38.566473447053575,47.60689039192066,,,,,
20160725,49.593503018947736,,,-21.261030703957108,-39.181695459844185,,48.055726972097844,79.17027717618656,51.40990354515041,,,,,-77.56556688836106,-41.08549057814663,47.398489970887724,,,,,
20160726,49.004652260881294,,,-10.372468853320633,-39.765166319093744,,48.41912110278893,81.10756621752222,53.04679971609066,,,,,-78.41379806450968,-44.055946380323356,47.2339262510606,,,,,
20160727,48.743155480723495,,,-15.589277085416478,-40.247630169983395,,49.38762383625794,82.80086005036111,54.717482133889746,,,,,-79.09273157613262,-46.472398250080644,47.10557899479449,,,,,
20160728,48.535889990196885,,,-5.606487083719717,-40.71711275412402,,48.956913612393144,83.08074714101829,55.03623124256498,,,,,-80.20865934359465,-48.446471028701644,47.62760483283768,,,,,
20160729,48.37524195065908,,,-11.28898579458708,-40.68274952816677,,48.69304650912004,82.88003292644092,55.11869340883417,,,,,-80.30507838619125,-50.08004794908805,48.32694391432704,,,,,
20160801,48.347255808448814,,,-1.9104675557041497,-41.899259016195664,,48.74882646226933,82.29811131419412,57.38583866751058,,,,,-82.04190305626786,-50.553271255416114,47.684455651426155,,,,,
20160802,48.32774063002469,,,6.47222186487577,-43.016107464202,,48.654399819750225,82.03242047108805,59.23062805690811,,,,,-83.7357248987815,-31.057749130750544,46.966506516501866,,,,,
20160803,48.31056840153107,,,13.97996558629185,-46.08439253241475,,48.57082919680511,80.88551399799333,60.77235850571329,,,,,-85.16910108595557,-14.913604402834608,46.82066036205491,,,,,
20160804,48.28846049762377,,,20.118415174409424,-48.76142008243408,,48.47074244239998,80.02201220484822,61.99622779771994,,,,,-86.47405815035671,-1.6997655584209947,46.6959151703275,,,,,
20160805,48.27294528088452,,,7.732366900655976,-51.69372781913254,,49.2262375911996,79.68363853606992,63.94721784957365,,,,,-89.04563637331954,9.978081067991821,47.358915255476354,,,,,
20160808,48.26986787080774,,,-2.3270080296179056,-54.438439893675714,,49.87373693239212,78.18178535149134,65.26868621378202,,,,,-91.21558676172586,19.52133925309933,47.90022573715378,,,,,
20160809,48.70568829190151,,,7.3143045524970915,-56.51504429854873,,50.79509366832406,77.6226567277006,67.40652757431215,,,,,-92.74067496166523,27.78051019752633,48.63646662119656,,,,,
20160810,49.58048254231514,,,-3.232950124192112,-58.44130251548894,,51.71999758361114,77.42036032804198,68.35034785443,,,,,-93.97016486522233,34.4849088447558,49.01762330876736,,,,,
20160811,50.29815319097429,,,-12.48107930821934,-60.078101788267155,,52.52413560614188,77.25944511067964,69.24053928986525,,,,,-94.95141303022805,16.552851662383077,48.99149116901351,,,,,
20160812,50.88524801127064,,,-0.9267466672327467,-37.50796806013512,,53.222142815205586,77.1279793926221,69.89663934746783,,,,,-95.6343447798321,25.88595734989092,48.82920951347781,,,,,
20160815,51.70647678389668,,,9.985288354915367,-18.629157312756814,,53.930120078329146,77.18530090936744,70.76355075494578,,,,,-96.79547432697045,34.417573899240224,49.74368338648385,,,,,
20160816,52.8548831637375,,,18.83977270131543,-2.877415789085427,,54.82146308768787,77.33398928494005,71.34285491368999,,,,,-97.63239275802253,41.36705662412492,50.149239659130735,,,,,
20160817,58.15304179709682,,,26.11136549409533,10.108719205425873,,55.46100992259334,77.02358557904512,71.38219922515813,,,,,-97.55519436666886,47.1111572626356,50.409266911375475,,,,,
20160818,82.70355324255608,,,32.67133026020894,21.175257582809003,,56.08070361582218,77.49843733308536,71.1963597523373,,,,,-99.30406011244271,52.03292527309078,50.61882268552756,,,,,
20160819,103.48760812612245,,,38.81054927675612,30.57099072569305,,56.54636857167548,78.33783597270249,71.0234852083643,,,,,-101.1358869295919,57.44256108486243,51.31769224955273,,,,,
20160822,131.0224810996461,,,20.76624943878901,37.08967584027373,,57.07051638038278,79.22037182116941,70.90790362541148,,,,,-100.07609938986874,34.55345474167161,52.29631828561046,,,,,
20160823,123.33088380505475,,,28.061435371761164,42.36495789519814,,57.64277512945625,80.22366980048723,70.52870815815879,,,,,-99.86847189618702,40.798400224167494,53.064050729969786,,,,,
20160824,113.24526000720331,,,11.872106210734156,22.70641807931575,,58.03741921311961,80.549176430495,70.0659646968219,,,,,-99.65400256888854,20.745080885803606,52.935482766208104,,,,,
20160825,104.36741900543542,,,-1.0337505202366677,30.027194331145107,,60.856895288058176,81.67843793488525,71.92580339952035,,,,,-99.37465685162282,4.386569544535421,53.03557709665681,,,,,
20160826,96.33355873033356,,,12.371548005278639,37.77676422013577,,63.28669387798179,83.49382316179961,73.87927791900265,,,,,-102.10608694194492,-8.734490985179821,53.29815403624906,,,,,
20160829,88.87647960977503,,,-3.5681337771802992,44.435641729649255,,65.29453019762045,86.45761102300813,74.21695599856591,,,,,-105.58958231552259,-23.735601028281028,54.12870579446882,,,,,
20160830,82.65723667735648,,,-16.487118311160163,22.87991985925637,,67.61835360260747,88.78920311517977,74.50752900205562,,,,,-108.06946888790165,-35.973434318488025,55.07226546225123,,,,,
20160831,77.5750795614761,,,-27.056913851974098,5.645631722522553,,69.73058469534199,92.42897614919637,74.73196468618015,,,,,-112.27496962896208,-45.83666361354142,55.735367525795496,,,,,
20160901,72.85610156487674,,,-35.291727615215926,-7.355002456130163,,71.50790227829992,95.48963831325928,74.89579096445487,,,,,-115.16213992966783,-53.412133231219734,56.28139421553566,,,,,
20160902,69.02003204201435,,,-42.031972570046314,-18.262753718525037,,74.31129087669368,98.07979306316969,75.09691471481086,,,,,-116.88737247649784,-59.56893909721667,56.39768251015092,,,,,
20160905,65.8838347254717,,,-48.44836923922751,-26.97712472464686,,76.47486276440594,109.52441505794566,75.86270984939969,,,,,-118.15499881525886,-62.83282607549798,56.50471508654837,,,,,
20160906,63.3178551028459,,,-52.99263337625056,-9.72423449146634,,76.89201469314833,111.16139976315792,75.2204991020769,,,,,-120.6586851440558,-36.955202463400965,57.25054100404487,,,,,
20160907,61.217545450779866,,,-56.710227360436186,4.370899695622154,,77.77820385569026,112.72527712689455,76.17410476389522,,,,,-122.18981030643145,-15.522334441127844,57.707980841813665,,,,,
20160908,59.4221355035249,,,-59.816765153475956,15.762221958619069,,77.92041399165382,113.55593531695459,76.92199902924915,,,,,-122.12952304260817,2.165183411442282,58.34578760790001,,,,,
20160909,57.22890479611139,,,-64.15615034488705,-0.5430803614323093,,78.01062394853919,113.5373497926357,77.48839875964265,,,,,-122.2599319288806,-13.01182691930785,59.46239444725541,,,,,
20160912,55.060893684053546,,,-65.27524101987987,-12.514588457070687,,76.82299981270391,113.46436628834081,78.07459557904772,,,,,-120.32021572093227,-25.618156613426994,59.57029575512553,,,,,
20160913,53.28685136349906,,,-66.16750533259324,-22.193317761206796,,75.9032706271473,113.39476203856383,78.60497660808645,,,,,-118.74671722950227,-35.96103641385288,36.92824659450741,,,,,
20160914,51.4297260423938,,,-66.95382723250091,-29.992734095077903,,75.24147525691998,113.74829390168387,79.33708802209438,,,,,-119.11085542132123,-44.411047001266674,18.39172997476157,,,,,
20160919,49.13988821305455,,,-67.25931418033387,-34.78717154711997,,75.02364088467345,109.7071219729289,81.64496153832096,,,,,-119.00714780220906,-50.25711636045874,3.461719110112444,,,,,
20160920,47.266384534504255,,,-67.73645602829829,-18.37634396253997,,75.03527775395382,106.38855380550339,83.7566365089354,,,,,-118.81057595553712,-27.16029786999943,14.190028782836386,,,,,
20160921,45.73351788841765,,,-70.23254713050285,-3.663492052285773,,47.497594938096,103.59204345033604,85.70163308716128,,,,,-124.14284826221282,-39.462283143202235,23.04429725837858,,,,,
20160922,45.374112597983135,,,-72.25743684494903,8.22670969327919,,23.80151615391418,101.45928971764405,89.15139864605827,,,,,-128.5030397834648,-49.28079126624343,7.482646999760119,,,,,
20160923,45.11984097342074,,,-73.85575615849955,17.961748453898053,,4.410229969996765,100.34529999527402,92.02558702421838,,,,,-132.07437077496354,-57.148412684463736,-5.853796599476925,,,,,
20160926,44.79759402446107,,,-76.38884945541274,26.734886683849375,,18.708096420966267,99.5474398783898,94.43637190386696,,,,,-134.06356245115913,-63.78212746901237,-17.086367399304727,,,,,
20160927,44.752412534798395,,,-78.64277302463674,33.619394926674694,,30.333463480479125,99.05992519527095,95.06471452971188,,,,,-135.63782285307056,-70.45981229394965,-26.74554593070553,,,,,
20160928,45.25430033820521,,,-76.09548212698436,39.16644492018983,,5.704864356047322,99.12188934942868,98.98229768052043,,,,,-136.71238198746374,-76.48355674968178,-35.84074532989064,,,,,
20160929,45.694580384445445,,,-73.8517182877429,20.462849303346623,,-13.983388944216077,99.2079228419717,99.75878931144317,,,,,-138.00782765486238,-80.28291657155877,-43.377265111832266,,,,,
20160930,46.05721236167923,,,-72.0103310131103,28.793272232017515,,-29.996762868997212,100.78069560847608,62.84967710206188,,,,,-139.15786466173924,-83.09035535370099,-46.773681618728254,,,,,
20161010,46.72371799681942,,,-70.84995369417084,34.3905048233743,,-38.09708191297072,99.82812618399667,65.96576679185134,,,,,-139.66881373395833,-80.50759150170842,-49.53981728305307,,,,,
20161011,47.26824385023217,,,-69.05974377393655,38.59681351773596,,-44.56431660379752,98.72619965923086,68.61886071463911,,,,,-137.65100138864196,-78.11911328922297,-52.5222301888247,,,,,
20161012,47.71310589344064,,,-67.42148702965535,42.01593319731865,,-50.141208331511976,97.93727714716283,70.93108686354988,,,,,-135.7827521971091,-51.08752761187013,-54.90968652611353,,,,,
20161013,48.07708392879303,,,-66.53323790135254,44.61780784770361,,-55.15104052668659,98.25878484501182,43.29232818908134,,,,,-132.45065091223478,-54.3719337611382,-57.340430851205376,,,,,
20161014,48.37435038243737,,,-65.80907189247088,46.435183598449406,,-59.25194413128702,99.43748153256739,50.14572000824325,,,,,-130.02465745767634,-57.16157204298141,-59.62070633873399,,,,,
20161017,48.68486757539131,,,-63.916191517078715,47.82185734117285,,-62.96803485529242,99.16636009843054,55.61603154653738,,,,,-127.90226348992186,-59.40290636907492,-60.34768555069744,,,,,
20161018,49.89446805173625,,,-62.368624417150826,48.97544032258286,,-64.75005755928267,98.72742424600592,59.01777015747901,,,,,-125.97262630290007,-61.42775630156889,-60.9600491986211,,,,,
20161019,51.48550933970784,,,-62.4053514769442,49.444732369798025,,-68.15085127260602,98.27441292065697,62.58137492207482,,,,,-126.97526533938505,-62.98851754080085,-62.332867261588035,,,,,
20161020,52.78670923253507,,,-61.06230834405835,49.823802462392564,,-70.84491177053064,98.3063646812,65.25215247471695,,,,,-124.66636463522643,-63.92655201565351,-64.1128385458925,,,,,
20161021,55.121529437932296,,,-59.96358387390188,49.998524154207345,,-73.0764701931806,97.37795144343684,67.42710196855231,,,,,-122.12991525569382,-64.49259032425542,-39.593692428958384,,,,,
20161024,61.214976352927806,,,-59.17858095844182,50.826794527318,,-74.8220887722816,97.70631061528256,69.15771443678935,,,,,-119.72685579040991,-65.46021218959723,-19.335791415033874,,,,,
20161025,65.11168293394523,,,-58.334222985745974,51.6397044892303,,-76.36966439618773,97.4270108114264,69.39619313845276,,,,,-117.9393005640634,-65.92205518290889,-2.685923709080784,,,,,
20161026,68.29989740932312,,,-57.30028848199544,52.311962876408494,,-77.45302105506222,96.5303055422652,69.18827777281268,,,,,-116.37651241185068,-66.57033611228002,10.921564929410676,,,,,
20161027,70.9084365255414,,,-56.412124594946285,53.03827449156414,,-78.5471481037877,95.79898174915883,68.94361859932117,,,,,-115.00203792543327,-67.14446086197879,21.495363717213753,,,,,
20161028,78.46497748415996,,,-55.210813515084766,53.63546030447062,,-50.410550276668936,93.25142930272585,67.76210332686931,,,,,-74.59658594477519,-42.396879263615126,29.902152706324106,,,,,
20161031,95.47389189044549,,,-54.22780049626478,54.20641866613081,,-54.982088726204154,90.12084865800745,66.04635170490162,,,,,-40.73720031421544,-23.14473018767776,36.76599608625311,,,,,
20161101,94.58988837697812,,,-53.418771049149925,54.73730655655389,,-31.23749706081882,87.2214811547793,64.3904792124729,,,,,-52.6285318853367,-7.768236111690068,40.634471281826826,,,,,
20161102,93.50514367750488,,,-54.85212932752999,54.75298727171282,,-38.297469167248785,84.72700460768459,62.04329010869227,,,,,-61.44338910764892,-16.49034816111798,43.60561778336674,,,,,
20161103,92.63699805335727,,,-56.04743988040342,54.86361205854548,,-18.58868753954269,82.73080380283584,60.21292629432469,,,,,-68.63548440570638,-3.252394087449289,45.880548395606795,,,,,
20161104,91.86136837824314,,,-55.958126746256504,54.92226672251026,,-27.140433532278347,80.46623296502926,58.07169827638268,,,,,-74.02352106355079,-12.080432859677058,50.71560987923248,,,,,
20161107,90.86202380703153,,,-55.836875597882056,54.27129781022637,,-36.307848947356845,79.13006006067707,56.88572203130012,,,,,-78.33901741583234,0.672049092944951,52.89467772258081,,,,,
20161108,89.47516183921927,,,-55.63321226719187,53.17099986525954,,-43.3739104409986,76.91476786095424,55.50095552736698,,,,,-83.19648627339271,-9.921573387963296,54.264179599420295,,,,,
20161109,88.24085968763757,,,-55.83852561750161,52.25982044403226,,-48.35523610444283,74.43381863066335,54.02933234990578,,,,,-86.99266246660211,-18.432709208425283,33.583099594027296,,,,,
20161110,83.55298488474307,,,-55.06429840941758,50.99850353397464,,-52.66359151702746,71.84647567436727,53.216799163009725,,,,,-52.98967276765997,-25.344331813314824,16.34538604953634,,,,,
20161111,79.5706760624911,,,-54.27540448086179,49.89563246999553,,-56.18019782027406,69.55376175166751,52.567743921806155,,,,,-28.72334814611802,-30.505255552520907,24.356702734870005,,,,,
20161114,75.59235045693575,,,-51.525852228676776,47.48832639554223,,-56.69153708552147,67.20984179355118,50.73746960545183,,,,,-15.201859960615781,-32.97070184208983,10.69320663269562,,,,,
20161115,71.44299963592522,,,-49.21157520730858,45.47129765262321,,-57.17283070164292,65.2686521399657,49.317241527026255,,,,,-4.144613599252417,-34.89047728866109,0.2663484992895686,,,,,
20161116,67.89060990071984,,,-47.09117516939965,43.72690651972491,,-57.571403236047324,63.67473066057766,48.14767876597189,,,,,4.850576789374502,-36.12417340335429,-8.142151090430634,,,,,
20161117,64.78967189525916,,,-45.67620087416375,42.28064801197046,,-57.84880463490522,61.66261356335266,47.21247650757157,,,,,12.409942663190456,-22.366767172496907,-15.031574832740674,,,,,
20161118,62.257224226395074,,,-44.50698511838919,40.99978849705783,,-57.53080291423713,58.533319228712344,46.1766343412432,,,,,1.682929440908814,-11.092812123521497,-20.602823360836815,,,,,
20161121,60.254132915596244,,,-43.242940949666334,39.54479529730366,,-57.07899718963236,56.09614472024631,45.21575252308652,,,,,-7.0635122247802435,-2.287164636044714,-25.17782726277137,,,,,
20161122,59.03827559345185,,,-28.685327772246453,38.33287036931183,,-56.52286271863391,54.097043118770756,44.50601741312955,,,,,2.569361868579441,4.961559164355817,-28.307540376053026,,,,,
20161123,58.03313320585101,,,-16.553106421758628,37.336596872284204,,-55.621804956438524,52.304640562387945,43.69127727343854,,,,,10.46126721921954,10.89275936535263,-30.87116071509871,,,,,
20161124,57.21684115665993,,,-6.752413717504781,36.52182378513594,,-54.644169797738066,50.84205745087526,43.04319612085119,,,,,16.865794178664732,15.619082315383837,-33.23318382723459,,,,,
20161125,55.773914899566094,,,1.3236867426235166,35.87707404982858,,-54.618256825511764,49.94701999626816,42.93574669378193,,,,,22.124097119145517,19.558340011198567,-35.166193114872165,,,,,
20161128,54.269542679482825,,,7.867634228362056,35.11098562217404,,-54.163164769883075,49.79223078963052,43.43542808994274,,,,,26.41232158894791,23.102257041349553,-36.73571988317499,,,,,
20161129,53.5367399142213,,,13.114054104882694,34.23766005062859,,-53.78539275425691,49.596360491104384,43.7890357238923,,,,,29.991387252020065,25.960846687187797,-38.05686828589803,,,,,
20161130,52.92259037908078,,,17.124627104927306,33.1749998733094,,-53.165921402705145,49.20838632356231,44.23373132739326,,,,,32.91500685659873,28.48890180418452,-38.71684828295671,,,,,
20161201,52.1515827683451,,,19.98925126677022,32.30677719580374,,-52.61118344228632,49.1134715838893,44.32588584973513,,,,,35.266541658811356,30.56404383025278,-39.150527921639565,,,,,
20161202,51.05767140216175,,,22.58722442686777,31.611253688211583,,-52.02647089752335,48.88913672465762,44.56643531967966,,,,,37.24740018622463,32.378661428162644,-39.22995406743965,,,,,
20161205,50.005796027297265,,,24.58439717862004,31.201616275955327,,-50.73980628768542,48.6561061197164,44.085026349229224,,,,,38.89018327099153,33.805935741247154,-39.6100009370378,,,,,
20161206,49.47338799336015,,,26.25545753306121,30.97444516826082,,-49.87086562563933,49.410997501141644,43.98491783984732,,,,,40.189047602653424,34.89518056985675,-39.918803877267834,,,,,
20161207,49.02682481828977,,,27.621988785908464,30.75876817172567,,-32.41606822036984,50.03054385485946,43.62809367502729,,,,,41.27996408252385,35.57302055132772,-25.950735628285884,,,,,
20161208,48.928574450927925,,,28.805667003436525,30.60888356381452,,-34.90834912536176,50.4468816634489,43.33682621986433,,,,,42.400266522204774,36.13968887878912,-14.631782473188107,,,,,
20161209,48.847977462651514,,,29.719807117233465,30.512939959661416,,-20.30991031455954,51.09367603531695,43.07923249598029,,,,,43.62620441143954,36.732336032881626,-5.240925126951033,,,,,
20161212,49.53884451426533,,,31.98801937942649,31.289145377677176,,-25.706910327185717,51.60497349366909,43.84211008854381,,,,,52.34007195568435,38.74567641678282,2.7517991466681067,,,,,
20161213,50.06500608064794,,,33.81104290133658,31.777279564288747,,-30.50115396484879,51.99947860777678,44.640484821633954,,,,,59.69283717478625,40.79196884188829,9.573080552646374,,,,,
20161214,49.671533267041916,,,35.42110758870192,32.67331521862886,,-34.30618268021352,52.21459845228216,45.30664027500311,,,,,64.90115263694787,42.47137638561835,15.133603362575249,,,,,
20161215,48.00606353798104,,,36.728727181124995,33.308145122918425,,-37.334113945181535,52.573964327289325,45.81334349035846,,,,,69.27755959890374,44.3622240565188,19.707731473884106,,,,,
20161216,45.59024444992999,,,37.753528670428246,33.871164149852774,,-40.25880883975908,53.57497379150943,46.64031818928318,,,,,72.55423418999798,45.89534237218603,23.52923068228042,,,,,
20161219,43.63323169452574,,,38.56944950586163,34.91503394293827,,-42.703135160382914,33.851848078985235,46.3636897107697,,,,,75.43862761569416,46.25363603313717,26.02898972473447,,,,,
20161220,41.894921073959246,,,39.56433757791556,35.67995402380029,,-44.62314179652116,17.197986055360534,46.093346733346024,,,,,75.3168014815265,46.52021370955495,28.530225715898577,,,,,
20161221,40.52564123148068,,,40.379026023771694,36.2744391108637,,-46.74679366580825,3.874900893290394,46.27403593018248,,,,,75.17634069499577,46.80134265486854,30.35779870152668,,,,,
20161222,39.02984345533206,,,40.69335158843509,36.268173154617564,,-48.97961189149523,-7.038488754053895,46.320917865136224,,,,,74.8756870509022,47.33916881128822,31.543324333529394,,,,,
20161223,37.92671733456017,,,41.00467825948183,36.26734105538534,,-50.75768774823302,-16.04963889091758,46.30283550604864,,,,,74.63538579751815,47.42284845071095,32.48059617664937,,,,,
20161226,37.11164786840118,,,41.30248421318694,36.31819567648828,,-30.42951201786218,-2.9204079626891755,46.1753622546446,,,,,74.25877835620562,47.54237854305145,33.193611237546534,,,,,
20161227,36.488003457727935,,,40.472564263889716,36.501825252762025,,-13.710011015403179,7.881437842513972,46.191246584861595,,,,,73.38789852088773,47.31573386018986,33.79429234472091,,,,,
20161228,35.758878063020276,,,40.1920420354934,37.35019163595959,,-23.71768279053787,-3.777570940915095,46.556309528870756,,,,,72.75525916326042,47.19690489325828,34.54166250360093,,,,,
20161229,35.21037696233379,,,40.50082104386973,37.77109545268499,,-31.99179007457076,-13.215346177063694,47.034794972720334,,,,,72.35049926220744,47.063089974318814,35.263797019469564,,,,,
20161230,34.91612418133354,,,40.732068365653646,38.12259523086006,,-37.66042690524994,-21.229578684610892,46.5906621820746,,,,,72.07075379312646,46.286883308255014,35.90424519615789,,,,,
20170103,34.85288883300107,,,40.661706093266616,38.72655713388222,,-44.25282760827345,-27.46332166776612,46.81489990511148,,,,,71.84537841009985,45.73644167460361,36.55712258941427,,,,,
20170104,34.29935510994365,,,40.62348524875826,39.191722892875596,,-49.64613214426736,-32.14194650698497,47.03281359928919,,,,,71.5233160893453,45.74745974823414,37.13373486570091,,,,,
20170105,34.024404187743244,,,40.60150826416612,39.61610442475591,,-55.489247887059804,-37.33411927481754,48.563712279010744,,,,,71.112256648505,46.555446914100315,38.94776250550106,,,,,
20170106,33.97576557151313,,,40.798133158361296,40.05294869443143,,-59.75506501988469,-41.97454920298445,49.751245826641274,,,,,70.7753329876739,47.234624944701366,40.85809817013221,,,,,
20170109,33.976328654038,,,41.174420883955875,39.437065590292185,,-62.05858569633423,-44.13643361302961,50.5257737212788,,,,,71.71589512701553,47.412865908043564,42.200937661460486,,,,,
20170110,33.87740461253002,,,41.614876038305,38.91810783426974,,-63.87620126669993,-45.97909606948772,51.43370356983896,,,,,75.26558408830195,47.60991534034451,42.93588677025866,,,,,
20170111,34.12227583302754,,,41.98548057291431,38.83910334220785,,-65.46266691828396,-47.47267251812312,52.33484247388039,,,,,77.19898968863441,47.77484528417302,44.001977309940784,,,,,
20170112,34.35543339969592,,,42.311277064883406,38.43202258068543,,-66.83224960223203,-48.88852795180057,52.895698467374004,,,,,78.96865906896106,48.33599260164214,44.894987533272875,,,,,
20170113,34.94389039495474,,,42.55345427334178,38.15393516415043,,-66.69516544111906,-50.03236001234823,53.02397576335185,,,,,80.49877347630093,48.73632654717549,45.53895727274734,,,,,
20170116,36.23160518805327,,,42.83950988204796,37.356824183697036,,-66.29800239939344,-51.999401518160674,52.187671600869066,,,,,81.85177062918862,48.11325931693065,45.53452986356602,,,,,
20170117,37.308334381822405,,,43.147030606164215,36.68658389378733,,-65.92717381921534,-54.366305243771784,52.2371075227793,,,,,83.07884347081524,48.64243068743253,46.25727718520973,,,,,
20170118,38.245361552996506,,,43.40155091628852,36.277134665237185,,-66.04348292421406,-56.503700517627344,52.58732572737103,,,,,47.939322925666964,49.08144690643723,46.848579844869754,,,,,
20170119,39.046475428282726,,,43.54884922789597,35.92941003606628,,-66.01182790527103,-58.218277257443596,52.740218344481875,,,,,59.434603839952615,49.28069474465915,47.75876592962447,,,,,
20170120,40.12349214521277,,,43.72750666981191,35.144895171436104,,-65.83609703545254,-59.521389317161656,52.93279948134229,,,,,28.058178410261807,49.44416697635984,49.533083031820425,,,,,
20170123,41.163818920366296,,,43.871819221313196,34.50393199848352,,-65.73600213615663,-60.56728986484468,53.01795253414052,,,,,39.15919225556017,49.791633029812076,50.844886680911486,,,,,
20170124,42.11930618143084,,,44.006455163439114,34.554368822613924,,-65.964571257255,-61.40556789042435,33.440593934936125,,,,,48.82058801862833,50.07734394121956,52.4030258231694,,,,,
20170125,42.89765130193517,,,47.15266126837855,34.59775820242223,,-66.0402475024774,-62.08308635111949,17.987886151057342,,,,,57.02123583403398,50.75444833384269,54.05774682328462,,,,,
20170126,44.87813038383386,,,49.83347975022109,34.189332658576674,,-65.84886087481088,-63.652893670517734,24.004367806678907,,,,,64.57366630387442,51.299035215469324,55.615251531317796,,,,,
20170203,46.58669790175088,,,52.43691353310468,33.303180238366444,,-65.69490400976704,-63.62733656445138,10.387961796563275,,,,,70.72409271045393,51.72740372325811,56.13775634706993,,,,,
20170206,47.99298278256867,,,54.512806878616445,32.56758969098722,,-66.7131517739532,-63.723118985626655,19.11375374633578,,,,,74.08211017781422,53.90795867462828,57.376136789103114,,,,,
20170207,49.338036333672555,,,57.750007062472434,31.90079959428633,,-68.0823022753869,-65.80254189056369,27.017880747029192,,,,,76.6069946264717,56.78255315477464,35.094831819684416,,,,,
20170208,53.00811584053469,,,60.06874890416173,31.354193867316212,,-69.00202863541702,-67.42814940120508,33.45535248470614,,,,,79.36421276891261,59.100380026731784,40.29303174443084,,,,,
20170209,56.065871563414255,,,61.820847428607905,31.000996010803306,,-69.74433166698041,-68.84355354746857,16.03951449113781,,,,,81.30919017417646,60.888608674610836,44.33862419401445,,,,,
20170210,58.912554504660875,,,62.48317273298422,30.746769859333675,,-71.2865727592634,-70.00182363758938,1.4195380367420665,,,,,82.85626411542356,62.52049928762542,45.57934224264012,,,,,
20170213,61.46520670254738,,,61.19392545598592,30.700509843655915,,-71.81488954056955,-74.41520302212568,-9.964276031160283,,,,,83.49797116320502,63.265631866995165,46.68407993220419,,,,,
20170214,70.26910901957932,,,60.51361433086438,30.664982011194848,,-72.2078684557588,-78.04663466230899,3.1190566079898625,,,,,84.48635820954246,63.69423314742162,48.48012855485367,,,,,
20170215,70.94888724166502,,,58.67959813651439,30.545851400556227,,-68.8051292465792,-78.13324335324359,-7.095468701520378,,,,,83.36490135950619,63.890025400570785,49.75789143904391,,,,,
20170216,69.82877953012955,,,57.161451115341904,30.162223772054645,,-65.92770358924976,-78.19667521972562,-15.093808689979264,,,,,82.22703087680776,63.95830241561723,50.87855743218144,,,,,
20170217,69.26096607822268,,,56.03543712210138,29.84789923900096,,-64.2129268555172,-77.89710271732879,-21.74586986458698,,,,,81.29670312298927,64.00591788254745,51.84950855425617,,,,,
20170220,68.67370670139957,,,54.69769694276791,30.02297408960674,,-63.0614151701647,-77.89284805399879,-28.194460646383853,,,,,80.54420511486398,66.14983886264326,53.3302498885899,,,,,
20170221,67.84512955282888,,,53.94642801754257,30.171182417948256,,-62.1965014557316,-76.82372512536315,-33.51216605242816,,,,,79.88207154463119,66.43535078138373,54.56730424603623,,,,,
20170222,67.53047333595171,,,53.16765586138723,30.295326244612355,,-61.580858172122525,-76.02230052655429,-37.93053592363103,,,,,51.34838584453321,66.652751194776,55.529818901741265,,,,,
20170223,67.09289212959386,,,51.922790446012264,29.90695578914291,,-60.77938973166924,-75.16020273643312,-41.55743403270431,,,,,28.82981364553297,42.87291813421717,56.06409821178744,,,,,
20170224,66.82347617972802,,,51.22736568300004,30.06817657079796,,-60.297721092970875,-74.12078815165289,-44.62522851459016,,,,,10.329088453522369,46.457154185702464,56.50235927872355,,,,,
20170227,66.6035895055224,,,50.59366103304514,30.2080512903478,,-59.96884959430493,-73.13752828197588,-47.51325630055514,,,,,-7.0047396232071115,49.4324541138071,57.108085726444564,,,,,
20170228,65.96278457671721,,,49.92553619213413,30.37546348954112,,-59.7296938249311,-71.9865129697522,-49.797765871713956,,,,,-21.04755743463233,51.229750463823066,57.320654433334575,,,,,
20170301,65.3997875575591,,,49.29211291828181,30.470048809041977,,-59.96688315978186,-71.18079833884727,-53.27059478657915,,,,,-33.46455043900144,53.4308931449948,57.54857730083173,,,,,
20170302,65.23142162389121,,,48.646205081933445,31.283371652257404,,-60.2152123671064,-70.50343601419638,-56.08342226132054,,,,,-43.62272047865971,55.185151060052284,57.740871893738145,,,,,
20170303,64.4443953980523,,,48.07545983254324,32.630855060996076,,-60.372247190747,-71.32030943924768,-58.322695132870635,,,,,-51.87615798182393,56.63288326648332,58.53805370088853,,,,,
20170306,63.755885966927615,,,47.57718066815068,33.649846123939696,,-60.7562284944094,-71.69401385552926,-60.089990130732424,,,,,-60.88796095364114,34.92163871880971,59.1644702065024,,,,,
20170307,62.93141852665869,,,47.231981990288304,34.8136557485408,,-61.07989674425443,-72.06671240074802,-61.532177820117454,,,,,-68.35317054237984,17.198245237108917,59.68042479038839,,,,,
20170308,62.165552478946616,,,46.774970698672426,35.351378530376486,,-60.30222990509067,-70.30722196614761,-61.30262983489026,,,,,-71.4006617096534,3.292885997707605,58.234736609534394,,,,,
20170309,61.61089925195979,,,45.85182608970892,35.78446210895955,,-59.681236313231956,-68.64760638065653,-61.13949966250087,,,,,-71.8510924914604,-7.890082220246964,38.444665444151404,,,,,
20170310,61.29899013969381,,,45.365458659471244,36.283719464125085,,-59.13646464152438,-67.34296196246721,-60.8970377992403,,,,,-71.9384763004962,-17.1469982189212,18.723225406209757,,,,,
20170313,39.45131960160339,,,45.71819297437285,37.71663275522448,,-60.17658003381454,-66.29827630045146,-62.19363957545316,,,,,-73.11177153931433,-26.546445279993574,3.316395891998,,,,,
20170314,21.46109067536793,,,45.66226522601541,38.923265286866375,,-61.030602141954255,-64.98621416837089,-63.38020039062181,,,,,-74.23913697260446,-35.40940828722746,-9.338960702608986,,,,,
20170315,5.5374638763037085,,,45.90074252481069,39.76628220077552,,-66.62339830600747,-64.60368978541322,-65.4677472041569,,,,,-75.89376696220317,-41.28893835048981,-19.420269442332703,,,,,
20170316,-8.69235970477708,,,46.07531876849198,41.51632308047619,,-70.23030947786495,-63.968993069611656,-67.37912318853435,,,,,-76.9678008601163,-45.996888207708125,-27.68882218609784,,,,,
20170317,-20.618502323316246,,,46.21872863212886,42.5422354748113,,-73.12914937098844,-63.57542344658889,-68.9272016086683,,,,,-77.8927279310882,-49.92325806646933,-34.64228256160874,,,,,
20170320,-30.115881857018216,,,46.84233709787307,43.29345959285057,,-75.49263072485073,-63.11381237160138,-70.21528279516963,,,,,-78.82938880176384,-53.16215541416486,-40.5250598899414,,,,,
20170321,-39.2500573482817,,,47.32702781320598,43.81736704100928,,-77.57175057086033,-63.05313156323723,-71.7335132480448,,,,,-79.55439649632659,-56.23977582924079,-45.33691437028281,,,,,
20170322,-46.89366822934458,,,46.96453961751527,43.39699607043315,,-78.76364391529134,-40.286759120366845,-72.38691545939271,,,,,-80.1714270198708,-58.70243586269246,-48.403962570069005,,,,,
20170323,-53.33206045199312,,,47.05321890405007,44.64548318668786,,-80.24832167217102,-44.76419029253964,-72.93049246332978,,,,,-80.75913124530355,-61.28464170761417,-50.87816147948012,,,,,
20170324,-58.57803924557073,,,47.67405725806232,45.74636378131814,,-81.37385499410807,-48.57975839498988,-73.41946680886227,,,,,-81.69801322287641,-64.10488142014532,-30.507141853688637,,,,,
20170327,-62.887563328583596,,,48.37059035858338,45.99801726097406,,-82.24256306526341,-51.63717475675384,-72.75563374310173,,,,,-82.58701424495736,-66.84262796426157,-36.18905079274562,,,,,
20170328,-63.276965749796155,,,48.36163225671657,46.14316411369668,,-82.95799843406732,-54.34575720544104,-72.23928578510932,,,,,-83.2810613491684,-68.49050834037624,-20.253905416227912,,,,,
20170329,-63.14671887247782,,,48.53157230910384,46.027068720767645,,-82.50837876618701,-56.50210380531485,-69.66415211461317,,,,,-83.3313723894285,-69.01079356875385,-7.368250592107502,,,,,
20170330,-62.36452816462518,,,48.74580612790219,45.95939622535634,,-81.90201699400232,-58.070192348010416,-67.46183885004044,,,,,-83.37920970327995,-69.36846098673769,3.149709090099577,,,,,
20170331,-60.57852183982111,,,48.908363846294804,46.06905056774116,,-81.48733650744687,-60.11004280835783,-65.66088874557447,,,,,-83.25138046369027,-69.42357057921973,11.587063282071188,,,,,
20170405,-59.096601063640094,,,32.668513867485345,30.04552148762588,,-78.59336363516458,-60.97189490268713,-63.343977933605466,,,,,-81.92074648127553,-68.0646331065147,18.494485857051263,,,,,
20170406,-58.00625952260126,,,34.08157781119451,32.22753541481409,,-76.21171720772548,-38.12580404716015,-61.48033414483216,,,,,-80.587326724026,-67.00526233745,24.139339532117774,,,,,
20170407,-57.13396557056188,,,35.341663737920264,19.412365694472097,,-76.264974230779,-43.99297967440017,-61.05689671276244,,,,,-81.0777042570941,-66.5447787698179,30.849358946355846,,,,,
20170410,-56.420270518893275,,,36.92847407310806,8.921243337265187,,-75.19929893917168,-49.167218928253874,-60.17167079016193,,,,,-84.76318331537182,-65.8743971292807,36.94150075100421,,,,,
20170411,-55.93497964603063,,,36.89474412267303,0.2965740441442262,,-74.75874011687601,-53.54576361323409,-59.72154460129659,,,,,-90.32955714680068,-64.94316897981952,40.215371693092145,,,,,
20170412,-55.317111447087186,,,23.33540044515969,-6.580356162891702,,-74.4322377938344,-57.17769997699224,-59.55368967660075,,,,,-94.22752830482045,-64.23089481375895,43.134031966561054,,,,,
20170413,-54.29669935619645,,,12.005947914579004,-12.078026318646714,,-74.14608859748637,-60.912569955673106,-59.53735705746666,,,,,-97.44299959217173,-63.75564372928275,45.404302181865354,,,,,
20170414,-53.82164443430041,,,2.8488008090099384,-16.68092286818742,,-73.25037489360791,-63.666723878259354,-59.21302469674091,,,,,-100.1539685171213,-63.303704518506315,26.949518978306816,,,,,
20170417,-53.43676685394397,,,-4.545106122863314,-20.45362977688988,,-73.03011489880372,-67.26179287056323,-59.18665006181123,,,,,-101.13047112857575,-62.98998830176078,11.887723630026924,,,,,
20170418,-53.171391585080286,,,-10.57699939048104,-23.82782237750826,,-72.84819167021472,-70.09429361894306,-59.15026350323939,,,,,-101.94340516673027,-62.74795276246492,-0.4477414147435225,,,,,
20170419,-53.107218085317314,,,-15.430545134673647,-26.60010704725633,,-72.79447056517076,-72.32106600355091,-59.13280209236289,,,,,-101.75755360387623,-62.413457260554615,-10.014875869028977,,,,,
20170420,-53.073992355089324,,,-5.794870296562524,-28.486016628484315,,-72.63654905278543,-73.56162184749948,-58.99452065822106,,,,,-101.53684218023054,-62.5997830888668,1.0883873716808723,,,,,
20170421,-53.046807666720966,,,2.6890985066073,-30.59316349306972,,-72.77070660433655,-74.11536707863367,-59.10257372207077,,,,,-101.38315530753391,-62.959134139335795,11.023563936088737,,,,,
20170424,-53.076155469563574,,,9.632809135893526,-32.31968552804389,,-73.09264128380657,-74.56036663129147,-59.27753648552749,,,,,-101.85859390304971,-63.21231423640172,19.006428046103643,,,,,
20170425,-53.103761832251394,,,15.29091819682991,-33.73329708808518,,-73.39463235736014,-74.91200510822709,-59.41672462280852,,,,,-102.50000637964534,-63.5752153600404,25.381048129797772,,,,,
20170426,-53.12662057929082,,,20.01457676526273,-35.33067288144278,,-73.4928369432255,-75.17293763435663,-59.966840587947424,,,,,-103.45950296410878,-64.40123937461534,30.506637914727342,,,,,
20170427,-54.93614684783458,,,23.962262424812305,-36.62434158409969,,-73.47505957986543,-72.77264446448652,-60.154944787155365,,,,,-104.10093490381476,-65.21265079448455,36.33912635710295,,,,,
20170428,-56.858660609794484,,,27.087025713655134,-37.90508761153087,,-73.01425701895351,-70.41024271820915,-62.470586754411656,,,,,-105.33753561370507,-66.34111623026777,41.30073093696133,,,,,
20170502,-59.59158040024798,,,29.643864945458795,-38.5237354341403,,-72.87661205971354,-68.61350001377959,-64.63162644809955,,,,,-105.93961863947165,-67.25845430615507,45.37684936588968,,,,,
20170503,-67.97009504677757,,,31.737671588832118,-39.02595367015227,,-72.7623355199582,-67.09780117621395,-66.5023001849081,,,,,-107.52288880654358,-68.19106147816906,49.13562349060543,,,,,
20170504,-74.69153819273062,,,34.65389037125937,-38.93046973700867,,-76.58360628678658,-66.05063033004848,-69.82098686558388,,,,,-110.11182238969161,-68.4502454551068,50.591361758991425,,,,,
20170505,-80.1909007666922,,,36.378237586553574,-38.6939799370435,,-80.0820550554776,-65.16176934300046,-72.576657924574,,,,,-110.65418376566524,-68.64701990693973,51.68363648849902,,,,,
20170508,-84.69037923629712,,,37.58508148512958,-39.60485010012397,,-82.97636054387675,-64.99719740957129,-74.50974872517402,,,,,-110.78350958266772,-68.55954418771076,32.038584875688464,,,,,
20170509,-88.37177071142843,,,38.52551109254139,-40.30322014081271,,-87.69537033058496,-63.890684944190454,-77.56209617203734,,,,,-111.31036138899997,-68.91859611319964,15.964973324014544,,,,,
20170510,-91.3838182819904,,,21.75979411306503,-40.76097745891291,,-91.26893059965191,-62.680709989385655,-79.5222117944092,,,,,-111.70811796835807,-69.71805243909435,1.2596978769162137,,,,,
20170511,-97.90711406703699,,,8.208599166764252,-41.12216343862914,,-92.48572763348595,-61.25472401968589,-80.70201316458964,,,,,-111.72395939045411,-70.0688078217363,-9.227557166411508,,,,,
20170512,-114.25053073501238,,,-2.8298881553543103,-41.51673742752156,,-93.46621170163277,-60.13117634971548,-81.7076387248897,,,,,-111.82180768560919,-70.17096620427934,-17.77689586181063,,,,,
20170515,-127.04528617278044,,,7.4131106339618045,-41.741891911935774,,-93.00995187479536,-58.51129001523192,-81.28276115108712,,,,,-110.32606518037203,-70.43936695740149,-24.612187768938632,,,,,
20170516,-137.632897468165,,,15.881824850546296,-41.824119276848094,,-92.50291561138954,-57.217199356819044,-80.91042673301237,,,,,-110.10386119419378,-70.21431962352754,-30.30815502549003,,,,,
20170517,-142.97944147764798,,,22.900798667793428,-41.977112557890834,,-91.97638731918605,-56.43169223054491,-80.56683527068233,,,,,-109.93963974859092,-69.81645259367836,-14.871766155932194,,,,,
20170518,-144.35476408270532,,,28.831240963607584,-42.03359197621055,,-91.46032581012619,-55.503763657730296,-80.14766200446962,,,,,-110.93839621509545,-69.49248132980625,-22.569858957044595,,,,,
20170519,-143.24358805590214,,,33.44725977388655,-42.24192978336081,,-90.50543956208719,-54.73108423240802,-78.05474530637966,,,,,-110.81450735760971,-66.20458990231066,-9.272515479078853,,,,,
20170522,-142.33444403397223,,,37.30687794337887,-42.38855018686179,,-89.97754797358994,-54.10050130451108,-76.63897706183783,,,,,-110.49157419156779,-63.538268122653264,1.6168292136220515,,,,,
20170523,-141.5905989251205,,,39.75795524171783,-42.46890108680573,,-90.251980481092,-53.5875671675014,-75.7440294893844,,,,,-110.2126434862669,-61.362168328896864,10.662527487305379,,,,,
20170524,-140.98199838151456,,,41.80075530274853,-42.460754114094826,,-90.42884989007075,-52.96815405300042,-74.82280056096508,,,,,-110.53171709593249,-59.56443831880398,18.134497610472085,,,,,
20170525,-140.48405248220058,,,43.31109632426261,-42.46310278508639,,-90.51620815588942,-52.45353944174426,-74.27041245861574,,,,,-110.61496347496794,-57.78613119702021,24.384016070630093,,,,,
20170526,-140.07664220094367,,,44.06014112578273,-42.38902922240572,,-90.29661134548078,-52.63875376981479,-73.94371871366191,,,,,-107.76888779608518,-56.17112308780912,29.576790696028276,,,,,
20170531,-139.74330651627895,,,28.249558340087745,-41.21397046219107,,-90.86262449195974,-53.01674769335774,-72.89695135886215,,,,,-105.43965311727905,-53.50370374510378,33.10029292350479,,,,,
20170601,-139.44980235962274,,,15.350030295978637,-40.6633079065059,,-89.56687797920681,-52.56009167251304,-71.98155398855188,,,,,-103.62149602457039,-51.20764269936416,35.9550368460217,,,,,
20170602,-148.7278204024733,,,4.8302328335031195,-40.20949984020714,,-86.22833691603519,-51.14464254609186,-70.17214384093384,,,,,-102.15668584195998,-49.20870927574844,38.27676643734466,,,,,
20170605,-158.33151021487197,,,-4.065420085662217,-40.911638549638,,-83.65626268522006,-50.414698576045836,-69.53983342330727,,,,,-101.7247304208314,-48.077632955211556,41.26483332272881,,,,,
20170606,-166.1890746068345,,,5.508969752577395,-41.86015093303111,,-81.62963104626226,-49.81501430932132,-69.17089581812564,,,,,-103.26932237931892,-47.17191501175255,43.88461408891751,,,,,
20170607,-172.61799092753114,,,13.501961439554153,-42.57525670293581,,-79.9384771591892,-49.332702060472585,-68.91054399681333,,,,,-104.39196400134085,-46.43689780961992,45.98543329846015,,,,,
20170608,-177.87801337173747,,,20.060044848789587,-43.17052868878616,,-78.50514329872541,-49.326046767346426,-68.68374261852877,,,,,-105.23261724524954,-45.80912258576154,47.64492863629792,,,,,
20170609,-182.18166809881538,,,25.41292707333352,-43.80761100935952,,-77.6101948971141,-49.58609832251707,-68.95251287837387,,,,,-106.22246262139406,-45.33905753067635,49.07227564704237,,,,,
20170612,-185.70284014824276,,,29.900853440447246,-44.772178914513646,,-76.50318554840885,-49.53086157952805,-68.36167047368511,,,,,-107.42574174601458,-44.96712800119184,51.47425667836253,,,,,
20170613,-188.72698469430588,,,33.58974714590782,-45.30930033064649,,-74.70480061417713,-49.601465611030925,-66.71612970883666,,,,,-108.16193909146065,-44.659773441351945,53.56737287384377,,,,,
20170614,-193.04263888779286,,,37.07779040035792,-44.77045048667748,,-74.55560792491697,-50.63742470244426,-66.33607104064005,,,,,-110.0826858911253,-44.43319070305167,55.33408670226357,,,,,
20170615,-186.19109841262096,,,40.113468077295266,-44.45792028224126,,-74.51843454304651,-51.34832378481458,-66.00740855678902,,,,,-111.75186059578903,-44.13714756071191,56.65505810482314,,,,,
20170616,-171.82637651509415,,,42.520509170333696,-44.206009461063694,,-74.48932125795076,-51.93499536172375,-65.67519197361626,,,,,-113.11174516496001,-43.84965358232418,57.90457858395786,,,,,
20170619,-152.4248091565413,,,44.52494923740621,-44.081327817570376,,-74.54614144379634,-52.99753640500345,-65.50876164241686,,,,,-114.02201352264376,-28.129770805035882,58.43528803608052,,,,,
20170620,-134.70639187625432,,,46.4837277891648,-44.22800566278952,,-75.27056889385594,-54.17970791015365,-67.28885587274843,,,,,-115.8606350646524,-13.934455081126126,62.8066526217875,,,,,
20170621,-120.05640906050705,,,47.943002566867584,-44.389613768620805,,-75.86725168314884,-54.9263053786265,-68.75585775876151,,,,,-118.01955942796214,-2.32663994105722,66.35487532314815,,,,,
20170622,-107.44842591604198,,,49.6802337853933,-44.57454606982818,,-75.91235082391304,-55.5968425562155,-69.81249606383743,,,,,-119.26251748445016,6.860932369386902,67.33229240504696,,,,,
20170623,-79.74866963578724,,,51.000933730022155,-44.5273699673881,,-75.87831612289435,-55.753161661624695,-70.39931195550653,,,,,-119.8048130355344,14.40191719120273,68.09163952997004,,,,,
20170626,-73.41350542035121,,,52.62332957545204,-44.48170851584789,,-75.53409998447968,-55.731190765254034,-70.6738067808336,,,,,-120.26954043833072,20.975301778286127,68.62417674754931,,,,,
20170627,-68.22194006321993,,,55.076709572158066,-44.40905672829929,,-75.161981942686,-35.312974553188305,-70.81959631982292,,,,,-128.35581930209636,26.54324894264597,43.35361227472006,,,,,
20170628,-63.974295680112526,,,63.92073970566312,-47.79002864585919,,-75.15662110284475,-18.605938799672682,-71.68819993325913,,,,,-134.67464641120733,34.39884850536705,20.690257167790797,,,,,
20170629,-60.49895027575192,,,69.78413060079119,-49.70089657675648,,-75.91126734613641,-4.331725339995512,-71.66149374141858,,,,,-141.31903222416466,40.13157356095861,27.958874686958467,,,,,
20170630,-57.65548585400233,,,75.93411957541166,-51.1140382251678,,-79.45298536149834,10.819584660685704,-73.50423735278596,,,,,-146.57826702169572,45.80806642845348,33.88141073880694,,,,,
20170703,-55.32901496347994,,,81.79073772652622,-52.239486336468325,,-82.4188318787938,23.427582137048297,-74.88699717643834,,,,,-151.71348261086803,50.23859776234441,38.730028898132375,,,,,
20170704,-53.42553878032526,,,86.0117849296327,-50.915686276255975,,-82.91158473451341,33.079416889471695,-74.72051514815871,,,,,-155.51795476229597,53.87105465156851,42.456811007486706,,,,,
20170705,-51.86814917592598,,,88.13104289722855,-49.82392806247357,,-83.35312961567048,40.071201891820024,-74.5290634075078,,,,,-152.33188666098258,56.63335827016246,45.300403819656864,,,,,
20170706,-50.59392131778111,,,90.0208029500249,-49.002610491394535,,-83.21314251523134,45.67812577868752,-48.24387563154669,,,,,-149.87858200200048,58.00400389172413,47.658165243011084,,,,,
20170707,-49.55137125202622,,,91.90122219153486,-48.331948006054176,,-82.99762268154494,50.30170205362812,-26.826422269996325,,,,,-147.9028594504885,59.17324216763126,49.630384404649384,,,,,
20170710,-48.698375743681304,,,93.46697686971093,-47.7659897977383,,-83.58450483056723,55.49756227767281,-8.589800566680617,,,,,-146.28635918106963,59.837273009841034,51.31111276012904,,,,,
20170711,-48.00047032776274,,,92.1142967943137,-47.57674226185747,,-84.70810409960585,60.41324146457997,8.521980656857357,,,,,-133.34842042733504,60.625725855460416,52.61044380625286,,,,,
20170712,-47.429456805647554,,,91.00525590963625,-48.236774943910675,,-85.46149619580342,63.80673032226935,22.496727260557467,,,,,-122.49670271484604,61.53344218541174,53.6677650555359,,,,,
20170713,-47.16310929499041,,,91.02601574423443,-48.79845559624351,,-86.43068753682556,67.59544090032956,34.38709688379149,,,,,-86.56376243452061,62.90272368908304,54.61090693817,,,,,
20170714,-47.37434699343344,,,90.61283593338678,-30.714766329730548,,-87.22571173426542,70.18120564960488,44.150755365942345,,,,,-57.25483317581041,64.23983167043284,55.51523231654661,,,,,
20170717,-50.19967264109063,,,89.30290857893385,-15.729362879195275,,-88.0141304188534,72.7767238252568,52.07865251535593,,,,,-33.31703186427595,65.66070238140605,56.47512268715305,,,,,
20170718,-55.19014756577952,,,87.9975633473953,-22.290134695116265,,-88.64689969609655,74.81862040906235,26.50426573938099,,,,,-13.474480578812193,66.71249295154124,57.284347532093136,,,,,
20170719,-59.685607154269576,,,89.3063438731097,-26.836457143196327,,-89.38280820661411,75.98203056949504,37.92280377420628,,,,,2.8150722751610537,67.65654146383024,56.160256272402066,,,,,
20170720,-66.64473045631611,,,90.20919086760141,-30.708543462695378,,-86.86090320813382,76.95941802378022,46.23086102617085,,,,,-10.68196815261943,70.28995389349353,55.91923587502276,,,,,
20170721,-286.5851644429292,,,89.95143151658017,-33.943447923258056,,-57.37402259957029,78.92421917884384,53.00897054009285,,,,,-21.456781426633558,71.52306013483803,55.71560445258091,,,,,
20170724,-490.4746745145462,,,89.73187944358658,-35.9347154652911,,-33.28510520954071,80.41478385372451,58.526951116546215,,,,,-30.125477344482533,71.98991869870085,55.31495624999719,,,,,
20170725,-490.4746745145462,,,87.54441317052205,-37.64117566406513,,-13.622164018620937,81.66004529047385,63.05182452383081,,,,,-37.17224613774638,72.41593979066445,55.01719534943865,,,,,
20170726,-490.4746745145462,,,85.37298320987296,-38.9159113526367,,-24.587564497132085,82.24494062491152,36.725802436816046,,,,,-42.61997483043362,70.11729186015248,54.54779355207022,,,,,
20170727,-490.4746745145462,,,83.83310729730479,-40.404054270646476,,-33.87683781248176,83.63143408999086,14.643515578061729,,,,,-46.93408765941496,68.9935569457448,56.15294110229258,,,,,
20170728,-490.4746745145462,,,81.36211198296074,-39.870092629174074,,-40.84984295173728,83.99883876566733,-2.099046215844679,,,,,-50.22330860853558,67.97734892990636,57.499938914029286,,,,,
20170731,-490.4746745145462,,,78.60107286517758,-39.48270985713521,,-46.482250187309056,84.27689660396116,-15.901618373347281,,,,,-52.91443840790555,67.46449949756715,58.23502446077656,,,,,
20170801,-490.4746745145462,,,76.83069865150753,-40.13270857889937,,-52.462219654925086,85.42314425093278,-28.50590252344353,,,,,-55.09608850659127,67.196252503499,59.13014676640653,,,,,
20170802,-243.3903483242803,,,75.20805429556657,-24.96790137371524,,-57.36261166638297,84.85229513411217,-38.848716615179654,,,,,-57.17041762135272,67.04090073717882,60.18603165702164,,,,,
20170803,-132.54591103184117,,,73.26732832530905,-28.313524806105114,,-60.92020298214077,84.31394987356254,-47.550803742802124,,,,,-58.87154359971079,68.0808947476139,61.09093112500809,,,,,
20170804,-69.64405329001292,,,71.69395617863476,-15.6324041125829,,-63.37301461932324,81.46621623739121,-54.10264077728956,,,,,-60.25377324479007,68.3704446753425,61.780942342353725,,,,,
20170807,-30.033872785608963,,,70.10238600704272,-5.305527418578434,,-65.7055462893417,79.10894247542548,-59.6444483027884,,,,,-61.25605753461201,68.87700080821423,62.1041413588757,,,,,
20170808,-8.602846715322247,,,69.65474068003103,3.2306556702973337,,-67.30059842751228,77.08517531746817,-63.302082591448794,,,,,-31.63737428435262,68.63204565794906,62.585494527723746,,,,,
20170809,6.629955076815831,,,69.1008001059478,10.04886865336568,,-68.63599959860322,76.00497139884769,-66.31200621739424,,,,,-7.096426692004484,68.45928927120548,62.79544519738756,,,,,
20170810,15.899043344452584,,,68.70203114149996,0.8511182151226037,,-69.74136590596245,74.94188967624225,-68.91907870864837,,,,,13.21082409961592,68.44798217780793,62.986585552390714,,,,,
20170811,22.648557996842374,,,65.71496151610592,-6.451054677017581,,-69.17937703104046,72.1607844262533,-70.49296136333652,,,,,-7.704286864218736,67.8155854009905,63.01413074006691,,,,,
20170814,27.81646863294964,,,63.68897614855798,1.8753180227042439,,-68.71038409947477,69.79381491185893,-71.73534099811603,,,,,-24.552350229826036,67.17527826698051,63.36120533543814,,,,,
20170815,31.82785540332637,,,61.984895217828374,8.577532187248478,,-68.17944910606158,67.11842235585405,-72.26482598942128,,,,,-37.69866492035759,66.7996355627215,40.202909365149985,,,,,
20170816,34.601316143745784,,,60.702934081044084,14.698896222015836,,-67.7525509473727,65.17371090129937,-72.77899049240608,,,,,-48.44991402052651,66.52230876635853,50.351455766238224,,,,,
20170817,36.51621091565587,,,59.36170156687897,19.649295777148705,,-69.74182376089666,63.432436304095354,-72.97062506961213,,,,,-58.339519437251475,64.52834063328284,58.00649481202685,,,,,
20170818,37.283351742297555,,,58.26383147881239,23.662956368258598,,-71.28170600843454,61.63095674409003,-73.11531447933389,,,,,-66.24037072213449,63.12262541413263,64.2698381022333,,,,,
20170821,37.87596217384153,,,57.36681576236389,27.327807359586696,,-72.4469423192207,60.2090803588804,-72.97970745863707,,,,,-72.34429698940487,62.10345933666563,69.84471380298713,,,,,
20170822,38.35893191016231,,,57.51846002776454,30.34121235429351,,-72.3691982272505,59.01842341862783,-72.32957130006145,,,,,-76.75297906427058,61.273451346135225,74.41638955498885,,,,,
20170823,38.74842023627429,,,57.54126410623068,32.83903862339563,,-72.30093861563424,57.63361858743608,-72.0578061897249,,,,,-80.86405431598706,63.16215021796938,78.3597199024111,,,,,
20170824,38.593565838150056,,,57.304055047016924,34.88630971659175,,-72.23696058927989,56.55092282829866,-71.94275555067703,,,,,-47.58269882874388,64.61448178553267,81.26348529743589,,,,,
20170825,38.46135140670349,,,57.46716490076464,40.43809213610817,,-72.78170371807127,55.74353533123014,-72.9587876051553,,,,,-19.574202250026744,66.1367010028213,83.4782093785741,,,,,
20170828,38.35401489189102,,,58.32156844553118,44.882059786894295,,-73.3067524712317,55.095356594139496,-45.71383317873064,,,,,3.400058846872427,67.41054125208046,86.77303603397121,,,,,
20170829,38.26674976228674,,,58.96579672709675,48.41173208655464,,-73.71584487504572,54.55435182104215,-23.6254111085045,,,,,22.593607384303237,67.49128232602628,89.27825382875353,,,,,
20170830,38.69500877609833,,,59.56965218848236,51.29253922891579,,-74.04753383377071,54.83712426592096,-5.609200337374335,,,,,38.814010784816716,67.6098900574247,91.15060735901916,,,,,
20170831,39.195322489043754,,,60.14160834464845,53.63020647367144,,-74.81951923249878,55.07423647806756,9.833118238992322,,,,,52.11558580529083,68.05748044855576,91.37113602141321,,,,,
20170901,39.60462793370996,,,60.46196374272261,56.55293228257224,,-46.9677179777786,55.8858484490892,22.184839001454634,,,,,62.22298105919807,68.6526778365747,91.6144654671429,,,,,
20170904,39.965655276210335,,,59.7636394319362,58.112284361994405,,-53.362197783627714,56.39064874841334,33.01016301907535,,,,,30.761757242499563,69.12953867459808,91.82436907246499,,,,,
20170905,41.658507640868315,,,59.33309379753232,59.339909999471026,,-27.825481407715486,56.77687198888822,42.5641223017483,,,,,4.869638211546374,70.34430220132256,91.9126388055267,,,,,
20170906,43.040963123990096,,,59.22751644147748,61.60124906582312,,-7.84171141858159,56.97640193678652,48.975456506335675,,,,,-16.326083446874318,71.23536295833499,93.92303643301267,,,,,
20170907,24.932837410883703,,,58.48303471365858,63.62292662907584,,7.997813704042713,56.757571906125115,53.70963010329284,,,,,-33.596685772450364,71.36971643353803,95.11425013032908,,,,,
20170908,9.752100230828527,,,59.98545219311929,64.0378754787252,,23.136115749469592,57.74756775936064,57.869723455758574,,,,,-51.62873496135003,72.59233816739784,96.588045268291,,,,,
20170911,-2.655727537614278,,,61.0951729529982,64.30267440262169,,35.337318881186036,58.63659411312748,61.11433054767169,,,,,-66.40107478212786,73.86336642673456,98.03956784048432,,,,,
20170912,-12.799046538261127,,,62.09749781166563,64.88777560719839,,45.343810707428915,60.28965094586279,63.76352122812795,,,,,-82.50751424476613,73.67683014957453,99.32000963674032,,,,,
20170913,1.1430378774204502,,,62.90171672182957,65.3693008662285,,51.4235100869977,59.45325597127712,63.87303018193767,,,,,-93.94046819993532,72.37105274970828,100.24870571430152,,,,,
20170914,13.030167944647244,,,64.49540564733003,65.22211878734143,,56.696433119822146,58.83672574136593,64.55752288276932,,,,,-103.50755528254906,73.15891004204919,101.5864891710148,,,,,
20170915,10.658837764059552,,,66.07509239954321,63.470707928808615,,61.0878864596813,58.64900501074718,65.11503960486749,,,,,-111.68768838488207,73.02678247301587,99.14718524977879,,,,,
20170918,8.719389242959819,,,67.2518300435909,61.401806177098685,,64.76872386845653,58.53442390316046,65.83400047937151,,,,,-119.2116872840908,73.08796086426591,97.47594914626498,,,,,
20170919,7.133056631711214,,,68.08416519757807,59.70824622207384,,36.75461892316131,58.218267589105146,41.03845274389802,,,,,-126.67164715691491,73.03147026463688,96.14391003638744,,,,,
20170920,5.835475277841986,,,68.77540973557684,58.258176804326865,,46.33180576357626,58.32512159505997,46.181569135743516,,,,,-131.9603756082749,72.75432194195542,94.94761373210937,,,,,
20170921,4.774036729702574,,,70.3193401658511,38.89562117928277,,22.86460480247964,58.17713293406874,26.0694025755257,,,,,-137.21074440624344,70.07728079980707,60.68932197025941,,,,,
20170922,3.905733519053531,,,70.58877954685082,40.88070064736668,,3.6765868766896532,58.49396553037106,9.573359489361863,,,,,-140.26784125055462,67.93443709279241,32.66473012865578,,,,,
20170925,3.195401674109369,,,70.77904682985896,42.4735997384734,,-11.895501317951705,58.78170327114827,-3.6001924377142904,,,,,-86.61947787711013,66.18798782578864,10.415464398208789,,,,,
20170926,2.6142867012140547,,,70.73230707131985,43.74936005637984,,5.303983182172742,58.722354002761,8.885381916594929,,,,,-42.906240583753494,65.86704609478807,-7.231931375770863,,,,,
20170927,2.138872921798503,,,70.61223303719343,44.763607836787315,,19.386842067788976,58.69885970152924,18.998313248133247,,,,,-63.215483289949916,65.71956448019715,-21.819752110005506,,,,,
20170928,1.7499274124453894,,,45.90030428205342,29.28525551802368,,30.417434213155822,58.45930809395919,26.729578258770793,,,,,-69.37985350884404,65.3850739135924,-34.3063798990899,,,,,
20170929,1.431718948107102,,,25.29136506565544,31.364358716777033,,40.48424394036703,59.23573069699525,33.018884088799524,,,,,-75.18302568239302,64.34028114285776,-44.47040243403233,,,,,
20171009,1.1713797410785802,,,8.203495055674459,33.781206635220094,,48.82920184640604,59.07453317689793,38.23096087399836,,,,,-79.95244956900767,63.57086763777343,-53.22910209918774,,,,,
20171010,0.9583837529295616,,,-5.445186433654477,35.9372628881408,,55.900315956297746,37.03088952313666,42.514990846855554,,,,,-83.88194223957328,62.52369321470364,-55.56680609625093,,,,,
20171011,0.784120210438029,,,-16.374160579030374,20.788539276108025,,29.52525976782348,19.16676959770779,46.2551045457483,,,,,-87.56676185116778,41.15754115388568,-57.491960247326034,,,,,
20171012,0.6415448993814592,,,-26.307085524869194,8.62012016244821,,39.179789103078164,4.509214718140597,49.34647674524194,,,,,-90.57342037546742,23.622433546770093,-59.20142271473797,,,,,
20171013,0.5248950169253005,,,-35.34871897550917,-1.4288812855162247,,45.96344470900956,14.495729342801852,50.7631556948577,,,,,-92.98287863854318,28.658068006994775,-60.42672425878313,,,,,
20171016,0.42945597441887534,,,-42.834032452462125,-9.607397160214614,,51.374236516768676,22.71536530811616,51.69910267058357,,,,,-94.834189700136,32.730274427806506,-61.37707530828741,,,,,
20171017,0.3513706702173603,,,-48.91487307186935,-16.39187266055982,,56.36994691051114,29.957405500873715,52.98813455458389,,,,,-96.72441381933801,36.93331721684313,-62.19778305203154,,,,,
20171018,0.28748348738209184,,,-54.06687184754278,-21.92465577985244,,61.88361857562344,11.598411474384916,55.14689091316819,,,,,-97.90457264925618,40.49208666409626,-62.98057215879871,,,,,
20171019,0.23521268703428108,,,-57.914146663313524,-26.499250336361456,,66.38114087449213,22.260078543723164,56.435647717661205,,,,,-98.51536936732651,43.15501316292396,-64.02273141780655,,,,,
20171020,0.1924460240678409,,,-60.94205969270822,-30.262102216488213,,68.37511000869343,29.141006354018447,56.49677150330032,,,,,-98.91137274329472,44.115081387632635,-65.47621092632924,,,,,
20171023,0.15745535598098895,,,-63.39089130096272,-33.67893877976335,,69.82418568695135,34.836492497052895,56.47700023305864,,,,,-99.21008548302416,44.90145422241674,-65.71410446686887,,,,,
20171024,0.12882678685145854,,,-65.78307914460564,-36.54324027112738,,71.36811027836694,39.77608259666474,56.77597012481072,,,,,-99.69908915620935,45.576278721300284,-66.01030096844903,,,,,
20171025,0.10540351875060522,,,-65.99528939452793,-38.889283503901524,,72.65584984375802,21.269558231351205,57.0480376574173,,,,,-100.43936688815812,46.20246633627908,-66.03205766665995,,,,,
20171026,0.0862390980557489,,,-66.51688795595508,-41.51724232471743,,74.52639453573886,5.549396756089936,57.7654441047904,,,,,-101.36661796213274,48.074694104827174,-66.04949829031936,,,,,
20171027,0.07055916527542011,,,-67.54157702221774,-43.585943514003866,,75.38759321187776,-7.2607644654574255,58.227986697672954,,,,,-102.57213958471334,48.99431186459779,-65.90365918262712,,,,,
20171030,0.07055916527542011,,,-67.74181181174593,-45.29843420555814,,76.14333984289607,-17.048384804986355,58.805791292276616,,,,,-103.46465219205238,49.72067824373078,-65.9586336999293,,,,,
20171031,0.07055916527542011,,,-67.79165273939226,-46.73653251805013,,76.76753274343271,-24.184479272091117,59.236040622777374,,,,,-103.48572774516369,50.31717362303944,-66.39130294463865,,,,,
20171101,0.07055916527542011,,,-67.6707336240444,-47.36771132934994,,48.349107278051264,-29.892574506891464,37.27772598389652,,,,,-103.45677942765573,50.72344995950893,-65.87592130180782,,,,,
20171102,0.07055916527542011,,,-69.19303489018382,-53.62442340006098,,54.57733750900897,-34.94688411281421,42.263354707593216,,,,,-118.8974084489653,51.06644190365677,-65.53541079625384,,,,,
20171103,0.07055916527542011,,,-70.32558148892225,-58.79534109384208,,59.64536086984179,-39.2406034608951,46.66112982630111,,,,,-132.04533436642498,51.72127292136081,-65.3277783771112,,,,,
20171106,0.07055916527542011,,,-40.97500400435172,-61.31268879450616,,63.26508353764819,-43.43429587965107,50.08263871732816,,,,,-133.76457979023436,52.064674972111845,-65.14164655942213,,,,,
20171107,0.07055916527542011,,,-50.23652338655716,-63.12196449964968,,66.39925469927708,-47.03869722849272,52.95558251582089,,,,,-135.23009944726482,52.949500094687636,-68.2737498408212,,,,,
20171108,0.07055916527542011,,,-57.93586924948833,-64.34510058164453,,69.23913375481752,-49.966944330121784,55.467326623384196,,,,,-136.3485972428248,54.868174736796064,-70.83029610290004,,,,,
20171109,0.07055916527542011,,,-64.27756291607767,-65.43252639421958,,72.16689783194666,-52.29746144664332,57.51974403263901,,,,,-136.97140003283113,56.584370676907355,-72.41238368996245,,,,,
20171110,0.07055916527542011,,,-35.73750640021582,-66.63070533488755,,75.21701468527928,-54.3258589674606,60.11984501833281,,,,,-137.48072644763712,58.438719364589375,-44.67817764779185,,,,,
20171113,0.07055916527542011,,,-12.529104443235406,-66.95167496522492,,77.86050254244415,-56.13195208243773,62.52124603117771,,,,,-130.75878037053164,59.24455792115651,-21.910757335959744,,,,,
20171114,0.07055916527542011,,,6.0880127219864875,-67.2169374875306,,80.05112603526928,-57.526249988233715,64.32301413202909,,,,,-124.34603549032404,59.812425926543064,-3.305538187456903,,,,,
20171115,0.07055916527542011,,,16.80183734042909,-64.06638286595063,,81.19452733794972,-56.868625431079096,65.19189550932805,,,,,-117.90260761492141,59.85671904208273,-17.2517682089064,,,,,
20171116,0.07055916527542011,,,1.5670257815060153,-61.6171143100361,,82.677561082173,-56.308854304606015,67.2102835200127,,,,,-112.99977872369067,60.687106590721214,-28.940503749136536,,,,,
20171117,0.07055916527542011,,,-11.00329459125692,-60.051227073135955,,86.7654903939437,-56.83847538884335,70.34819459696176,,,,,-108.9785828561555,63.28263857510835,-8.04843706127658,,,,,
20171120,0.07055916527542011,,,-20.128537812266497,-58.866513202523265,,89.90730428168244,-57.24680303970261,72.78818359531134,,,,,-105.66818500355379,65.4037396041061,9.429633579990673,,,,,
20171121,0.07055916527542011,,,-27.580971471382632,-57.909066457953195,,92.13178748767488,-57.65278508514824,74.76472745975744,,,,,-102.55176949693384,66.3635262802168,23.194381360630693,,,,,
20171122,0.07055916527542011,,,-34.33441050301754,-57.164483305259935,,93.97691985622414,-56.618252130185276,76.50102942162115,,,,,-98.79974764722402,67.30542660819536,35.26701507703003,,,,,
20171123,0.07055916527542011,,,-39.87347447183435,-56.127563843368065,,95.77652460209461,-55.74084398868996,78.59408694489504,,,,,-95.60431121462737,67.84481642067195,45.08530826455984,,,,,
20171124,0.07055916527542011,,,-44.44086929620458,-55.46175761706769,,98.55624028929847,-55.0272061592547,80.83101444262641,,,,,-93.0137001605192,70.36140325797903,54.19592997319592,,,,,
20171127,0.07055916527542011,,,-47.76672900317822,-54.26346748257571,,97.50903047296418,-54.534991621785714,79.8683955339712,,,,,-90.53220537210579,69.95347541663476,60.60383362578032,,,,,
20171128,0.07055916527542011,,,-50.62661272062262,-53.22989521908337,,96.7952092726493,-55.029429767890285,51.47071732391477,,,,,-88.8868061542214,69.6195686089954,65.45165109613217,,,,,
20171129,0.07055916527542011,,,-53.086275893115676,-52.58162631345187,,96.08378771007115,-55.60576854438397,28.252830148060617,,,,,-87.53384323359664,69.31065337835891,70.73989158845932,,,,,
20171130,0.07055916527542011,,,-54.82970810955037,-51.91557004785644,,61.23076028619397,-55.99070779376928,8.785927527120208,,,,,-86.33649761722077,69.33173419531245,41.67764037875533,,,,,
20171201,0.07055916527542011,,,-56.233316706999894,-50.493620237490724,,32.86021035741892,-55.685139935072236,-7.360765603914842,,,,,-83.36150343745608,68.78227414090276,50.229143167549815,,,,,
20171204,0.07055916527542011,,,-57.438834175296044,-49.44876743299999,,43.573808509087975,-55.25633819158314,-19.547412399522674,,,,,-81.57343440966932,67.2481186408461,56.168840215648,,,,,
20171205,0.07055916527542011,,,-58.40350017004233,-48.550104689001415,,19.01508436127031,-54.887945843623186,-29.563739970570953,,,,,-79.6570522368519,65.46880241505123,60.66774542127784,,,,,
20171206,0.07055916527542011,,,-59.19953091289142,-47.587729139692804,,-1.097351976044066,-53.924641303427514,-37.783094278135025,,,,,-78.12470464206254,64.0128168828201,64.33835200405994,,,,,
20171207,0.07055916527542011,,,-39.68582338821463,-46.56812275535981,,-17.057346588818508,-52.60023485482115,-42.66109802487086,,,,,-76.3017647331949,61.76329491660153,65.66022867909561,,,,,
20171208,0.07055916527542011,,,-23.7793706438052,-45.72090626538288,,-29.771274108592934,-50.44009598782353,-23.578509175933178,,,,,-74.81353733405903,60.02635194749751,66.82133738945227,,,,,
20171211,0.07055916527542011,,,-10.602469645139626,-45.21556499475999,,-40.249746704382325,-48.68381977434,-7.879779342551842,,,,,-75.7307283344175,58.9833283476146,67.7113691042288,,,,,
20171212,0.07055916527542011,,,0.14108417927432731,-44.7521319217271,,-48.319233495851634,-47.287663757830146,4.964187404346485,,,,,-77.53144736114693,57.79976394342033,68.5019792632216,,,,,
20171213,0.07055916527542011,,,10.207181995341726,-46.12982073934701,,-23.935832314835718,-46.966723349396986,15.807597649387237,,,,,-79.65585730497138,57.115719903315956,68.71761109959215,,,,,
20171214,0.07055916527542011,,,18.435305396618375,-47.158557683324496,,-3.6882851397439227,-46.86466769606046,24.61372567703885,,,,,-80.82775375758912,56.333487005822604,67.66615812447058,,,,,
20171215,0.07055916527542011,,,25.166057901700412,-47.96864947305021,,12.988332679373874,-46.80113450616325,32.30392719311283,,,,,-81.78551897480652,55.890641468469916,67.06756569159286,,,,,
20171218,0.07055916527542011,,,31.550537733824044,-48.60717495919802,,26.583068262599006,-46.74544253727488,38.4154636351721,,,,,-83.04592856004481,55.43559708559939,67.0621287684206,,,,,
20171219,0.07055916527542011,,,36.829044181814844,-30.48070316929027,,36.78337415217671,-46.74238482123206,43.01263897327026,,,,,-84.01660752976056,55.302498580811076,67.19620315796632,,,,,
20171220,0.07055916527542011,,,41.6178598569437,-15.648913176260432,,45.16176500985817,-47.35413277820669,46.7795901180467,,,,,-85.68228550301956,55.16539311220095,67.30344374265871,,,,,
20171221,0.07055916527542011,,,45.20500044033896,-3.2045016240115127,,52.30886909123851,-47.51120741770697,49.95678374261711,,,,,-87.10426472440787,54.9126581481156,67.45866738013498,,,,,
20171222,0.07055916527542011,,,25.79201850296286,-11.851326379267192,,58.15381675965598,-47.60883164007611,52.56823580300769,,,,,-88.4025110572614,54.69883344818921,67.38491173866653,,,,,
20171225,0.07055916527542011,,,32.79884221769195,-19.614582703202014,,64.90352495722114,-47.94557641424731,56.093172954117854,,,,,-89.85540527012142,55.15804092724028,67.2507610626826,,,,,
20171226,0.07055916527542011,,,38.56427549188486,-6.330969129033431,,68.27203161199,-48.02571861532892,58.54592494263094,,,,,-90.04870685065055,55.482244232769986,67.22181110279384,,,,,
20171227,0.07055916527542011,,,43.14519531058973,-14.994795768766682,,70.94399384422263,-47.922662534683674,60.33930731424082,,,,,-90.22673278465717,55.5511343612637,67.211454004608,,,,,
20171228,0.07055916527542011,,,47.351680421748505,-2.093206458740135,,73.8662617969047,-48.0991027848728,61.85664879270235,,,,,-57.24290929117108,55.60424128190534,67.4573466503948,,,,,
20171229,0.07055916527542011,,,51.04544600071617,-13.971404438189147,,76.39523447811371,-48.5208762208623,63.284099374335696,,,,,-23.751172034447094,56.03565725615019,67.85211547732384,,,,,
20180102,0.07055916527542011,,,53.24187974397059,1.6630968803595074,,78.87324986360416,-49.07572486235229,64.81925842871541,,,,,2.6985663238796556,57.146080928500446,68.91651209145549,,,,,
20180103,0.07055916527542011,,,55.00354396495697,14.736229445117795,,81.12543692152195,-49.56114747925054,66.08037391281671,,,,,26.131472599267884,58.98247834994489,69.8250194786286,,,,,
20180104,0.07055916527542011,,,56.23015829871621,-2.3825609839547237,,83.009736387392,-50.61511163628713,67.11425272763958,,,,,43.46677125026025,60.523960012406064,70.3767663957498,,,,,
20180105,0.07055916527542011,,,65.59104172842761,-18.163964519467687,,85.99930071604348,-52.6200216500686,71.46673744074172,,,,,62.21718463930897,63.70464329045594,72.29507493304489,,,,,
20180108,0.07055916527542011,,,73.59710772468411,-31.215355531779856,,88.72604786247086,-59.52431068658928,76.48759500316909,,,,,76.71420624786305,65.46993859520714,71.53651153947588,,,,,
20180109,0.07055916527542011,,,79.87074811020068,-41.93343439128311,,90.86929175389545,-65.1049780577316,80.56140041320167,,,,,88.7193363395608,66.86325681528345,70.92891203903014,,,,,
20180110,0.07055916527542011,,,84.78098237327745,-51.06844401299567,,92.87464702685057,-69.57055470148228,83.95534980287141,,,,,98.02470908802339,69.61442652669328,70.48434482318095,,,,,
20180111,0.07055916527542011,,,88.69389863082597,-58.33307740133886,,95.6569274433808,-73.79075025341052,87.66344953617156,,,,,105.86458413080695,71.93429376857891,70.37293629290365,,,,,
20180112,0.07055916527542011,,,92.05555423936136,-30.721184498244373,,98.25537544309981,-77.02105004372953,91.49314333321587,,,,,116.09507114825912,74.17482565276454,72.22745426110777,,,,,
20180115,0.07055916527542011,,,93.25033803750213,-8.209163526462554,,100.51740085947016,-79.61586350641838,95.22557447460659,,,,,124.28487737868925,75.93890535299082,73.49259865891733,,,,,
20180116,0.07055916527542011,,,93.11271936985567,9.811833010470792,,99.04767103083758,-79.76853866671489,94.90254074155673,,,,,128.62348229053853,75.05199212693246,75.7316522423186,,,,,
20180117,0.07055916527542011,,,93.1608203912852,24.749397875768594,,98.89058826258942,-79.78647562890704,95.77300098704,,,,,131.2192691721618,74.32966216114824,77.46777119803662,,,,,
20180118,0.07055916527542011,,,93.16261567257116,3.4757874161261046,,63.03761479660868,-79.60502586022862,96.47742646990854,,,,,133.3333670537708,74.0075547444798,78.57430239103333,,,,,
20180119,0.07055916527542011,,,95.2274885878826,-13.938998786214606,,69.4052925185081,-80.66447073360074,96.90738327356111,,,,,135.28274788508642,73.96582319393535,79.47697920715974,,,,,
20180122,0.07055916527542011,,,96.40013109978227,-31.090888224803717,,74.82678106272135,-81.79244506625467,97.28089385227736,,,,,136.45298241901352,73.85010767818214,79.84423807733332,,,,,
20180123,0.07055916527542011,,,97.00506910992694,-43.14915978811844,,79.71316726616769,-83.24592066350081,97.80739269929612,,,,,137.39208543845388,74.13432711751,80.39283112772178,,,,,
20180124,0.07055916527542011,,,94.4533884334198,-55.541872644271976,,87.91857826831078,-85.38389412972914,100.09070551368089,,,,,139.29778515775865,74.56622413204566,80.78756250903358,,,,,
20180125,0.07055916527542011,,,91.92890508038927,-66.17096268535396,,94.74246903723937,-88.29095682809576,102.5646199333136,,,,,140.8330824571258,75.02869665744835,80.38898418131745,,,,,
20180126,0.07055916527542011,,,89.91778494826615,-74.91243963671968,,100.05981545540031,-90.34942211779307,104.48487605390045,,,,,141.49613700023122,75.47412929830996,80.04938934832694,,,,,
20180129,0.07055916527542011,,,88.37034556166955,-82.25940032449422,,104.21233833378423,-91.84173484926355,105.88726833032642,,,,,142.0483747586241,75.78091591462973,79.71157004681972,,,,,
20180130,0.07055916527542011,,,87.26583628677822,-86.55808853994407,,108.39408395925649,-94.51869916254877,110.36780065996662,,,,,142.35038107296683,46.6461048299293,79.95961541888565,,,,,
20180131,0.07055916527542011,,,86.71051209826051,-88.65913271887436,,111.7424296107222,-96.54066149254814,113.97684696290624,,,,,142.83053773099536,22.982551739851505,79.92497474484679,,,,,
20180201,0.07055916527542011,,,86.11578359913553,-90.37934663406031,,114.13816257195732,-95.42920868170604,70.57179242334288,,,,,143.78729909288774,3.3031677331961986,79.94189113861817,,,,,
20180202,0.07055916527542011,,,85.64302954510893,-91.53116166744739,,70.87799380433515,-94.50975019401355,35.125042496598596,,,,,144.5670177301127,-12.764887533136749,79.50185833571189,,,,,
20180205,0.07055916527542011,,,84.95160901146606,-92.25604576274608,,80.05664488506012,-93.35344848930585,49.84657786132184,,,,,146.98339786137387,-27.656616587975655,83.22931342243452,,,,,
20180206,0.07055916527542011,,,83.31934127114796,-89.83909943358486,,44.134467852273985,-92.35243777787207,61.418825134344125,,,,,148.85292024138317,-39.61354927139583,86.29198559351326,,,,,
20180207,0.07055916527542011,,,82.51694234763087,-87.60524519555004,,13.750031526891501,-91.47454472566271,29.683479581469243,,,,,150.60092756428392,-49.37202046771774,88.69926837683855,,,,,
20180208,0.07055916527542011,,,81.19690337186715,-85.80284049217084,,-11.847392683598304,-90.69622559338276,3.6453634708954583,,,,,151.99759144351995,-57.374043504551366,90.21486274387485,,,,,
20180209,0.07055916527542011,,,79.96178620213351,-84.57631918859401,,14.286566451765523,-90.5047454968623,-17.984126621596545,,,,,153.50397132605062,-63.950377271294684,56.45846588868033,,,,,
20180212,0.07055916527542011,,,79.59383629026672,-83.93093458555298,,-12.113944984386189,-90.0062326874306,-35.67046834390419,,,,,155.7120425965425,-68.69898673090952,28.669464224799523,,,,,
20180213,0.07055916527542011,,,79.71821631262436,-83.58275387118941,,-40.42672154970497,-92.31060077491365,-56.171736190756036,,,,,158.9668435844158,-79.62567408280391,5.629182570904792,,,,,
20180214,0.07055916527542011,,,79.7868483155909,-83.02439468528239,,-60.103075005283294,-93.69054307944783,-70.45089542289865,,,,,162.30157546878561,-88.4973609227539,-12.857856247027938,,,,,
20180222,0.07055916527542011,,,79.09721581869232,-82.6160278781948,,-76.26562358643635,-95.19972750481843,-81.99732695013452,,,,,161.53740034202508,-95.46975642945404,-28.286872782666027,,,,,
20180223,0.07055916527542011,,,78.01067097612597,-80.10031840369858,,-88.77274888476721,-96.23021660902329,-92.08756905564097,,,,,159.91502936918303,-99.6870536021997,-37.955992669757585,,,,,
20180226,0.07055916527542011,,,77.41307753532358,-77.89889700174496,,-99.23127140257796,-96.72946104920972,-99.38655646283432,,,,,157.31072406793936,-100.28474343357091,-47.04542135537756,,,,,
20180227,0.07055916527542011,,,76.92451717758192,-76.51146923396038,,-108.61642525193182,-97.05795832984043,-106.52272507831607,,,,,155.1286077435481,-101.47459097654232,-54.59103572775511,,,,,
20180228,0.07055916527542011,,,79.42970679465337,-75.05585146841459,,-116.67549719946263,-97.50081022075523,-112.4209032271545,,,,,156.11741289684372,-102.6484192090745,-60.90126316005474,,,,,
20180301,0.07055916527542011,,,83.16273607623013,-73.86519357933626,,-117.83489602242341,-96.9427834779374,-115.15887620032613,,,,,156.36235427592337,-104.496410986534,-67.46150690859263,,,,,
20180302,0.07055916527542011,,,86.22452216028803,-72.90966200401553,,-119.24408301224331,-97.03841971516755,-70.52443914058692,,,,,157.06762473367914,-105.59617804281986,-37.53691602131208,,,,,
20180305,0.07055916527542011,,,53.18813454492183,-71.96052111051253,,-120.02615115652586,-95.81430888395833,-80.79670573935086,,,,,156.5097871520119,-107.09094943438834,-48.26748950772863,,,,,
20180306,0.07055916527542011,,,26.070257632180308,-72.13802418360258,,-121.75770054905807,-94.68639894319125,-88.98921164949857,,,,,157.17863086100857,-108.92169664634233,-57.05856973004682,,,,,
20180307,0.07055916527542011,,,3.8498102600405146,-72.99870059917043,,-122.9855863466842,-94.01423614967027,-95.4252629919633,,,,,155.09601825056498,-110.70800690337975,-64.72771556246116,,,,,
20180308,0.07055916527542011,,,20.691145904314908,-73.99410671068549,,-122.12864499549984,-92.99582842895904,-98.8286877392677,,,,,154.62056923362968,-111.36224605022346,-71.0668829577556,,,,,
20180309,0.07055916527542011,,,34.748984754755334,-73.86961548628625,,-121.53535700704916,-92.0524362021483,-101.5352524579278,,,,,151.88338615163437,-109.46155586693251,-77.68957506902863,,,,,
20180312,0.07055916527542011,,,45.4031915516393,-73.71856002972308,,-120.21953332183436,-90.21081741502005,-105.30338199853448,,,,,149.61446279081684,-108.15432932742912,-82.6604528032251,,,,,
20180313,0.07055916527542011,,,53.46219466189441,-76.85909832769646,,-119.34627924005274,-88.671175633443,-108.63410994727884,,,,,147.40493194890365,-107.09824960054364,-86.75215809616151,,,,,
20180314,0.07055916527542011,,,59.995072119476106,-79.39980483992898,,-116.48891519370173,-87.23852409255979,-111.55739571688711,,,,,145.192333640083,-105.50189379413625,-90.20145033571707,,,,,
20180315,0.07055916527542011,,,66.0188532222533,-83.54700542746212,,-114.16652892990989,-86.07337884570745,-114.1422415494005,,,,,143.18621312537667,-104.0188751688584,-93.97046317096792,,,,,
20180316,0.07055916527542011,,,70.62530981538187,-85.37051770537784,,-112.12225806510389,-85.03959794116354,-114.92028669074753,,,,,141.3173716840427,-102.55258405378117,-97.19509356803997,,,,,
20180319,0.07055916527542011,,,74.13885153433014,-86.83928687098276,,-110.14950811249106,-84.37429495351519,-115.52266746903993,,,,,139.67340450375235,-99.17408537766177,-99.85335402805875,,,,,
20180320,0.07055916527542011,,,76.95401873477549,-86.59914667463563,,-108.5118565137016,-83.65316347053093,-115.99092277764922,,,,,138.04196521809115,-96.4263095549274,-100.7663272775937,,,,,
20180321,0.07055916527542011,,,79.4246996784642,-86.29674442994829,,-108.02586997630105,-83.23940826424115,-118.80758023576655,,,,,136.90027225795492,-94.11322382347039,-102.06347411425634,,,,,
20180322,0.07055916527542011,,,82.32593718524173,-86.04932441156775,,-107.62522892443221,-82.28526843671582,-120.20896023449018,,,,,137.7985979567142,-91.75628820291938,-96.11953574035056,,,,,
20180323,0.07055916527542011,,,85.80195928276129,-80.86557586989024,,-107.24835107865576,-81.35570713920082,-117.8658805909098,,,,,138.6570882860397,-87.65710227686812,-93.21282930943427,,,,,
20180326,0.07055916527542011,0.0,,86.87159743759472,-76.49529586706927,,-106.49866445685906,-80.64763198427964,-116.1244238644596,,,,,143.4450691559831,-85.10314780645754,-90.55364398277707,,,,,
20180327,0.07055916527542011,0.0,,87.8723315107457,-72.54771745890568,,-105.00125994549498,-80.0594454705364,-113.47524531731794,,,,,147.63666290109785,-83.12921795695104,-88.414452067507,,,,,
20180328,0.07055916527542011,-77.06319028675783,,88.70448962643589,-69.60262161091691,,-103.76915380729123,-79.6545783045851,-111.21214160518386,,,,,150.61130018091836,-81.51418889984171,-86.75630640978939,,,,,
20180329,0.07055916527542011,-70.63893238008903,,89.41882737614318,-67.14136228893406,,-104.87984970649863,-79.42744707710834,-108.7485179997462,,,,,153.04454106858242,-80.25238105037243,-85.25442875714319,,,,,
20180330,0.07055916527542011,-25.704396519979902,,89.7225106568504,-64.75902980482184,,-105.81498931212816,-77.99101951564923,-106.58755577703081,,,,,153.01030639004057,-79.1173430312041,-82.3895664561276,,,,,
20180402,2.742489613170043e-10,-1.6257789624996666,,90.57903793796653,-62.9884845033451,,-106.36417543982374,-77.22904154965927,-103.85485403106462,,,,,152.58148281841758,-77.85307630328789,-79.77226815193978,,,,,
20180403,1.2341203285647436e-10,-14.197551093055425,,89.86878036447445,-61.52348811396496,,-106.79524626724363,-76.68203611128267,-101.85600560519856,,,,,97.70340357615311,-76.67620577441524,-77.63686907291546,,,,,
20180404,7.380121571356935e-11,-23.280716946295012,,89.4302533996989,-60.330541230601966,,-107.27801807555755,-76.22293325158036,-100.36593443474274,,,,,51.851922664881386,-75.69323794733401,-75.88982894015372,,,,,
20180409,4.948700332597847e-11,-30.178138805668436,,88.42827166306276,-59.21720702384422,,-108.43007485800048,-76.5108561580805,-98.86212765607215,,,,,13.973145350800305,-74.11759942130622,-74.51086484198481,,,,,
20180410,3.528063060125992e-11,-12.799053004106806,,86.35115183785267,-58.25161964158303,,-109.23223348028034,-76.66540429063666,-97.58442189426651,,,,,-16.4750233680969,-73.26086615095781,-73.30920057978888,,,,,
20180411,2.6117032180364586e-11,0.38990029952386807,,84.90645479872624,-57.56814007993385,,-112.02361929635325,-78.58310775020195,-96.83223888411703,,,,,-40.74029407036298,-72.6199159275654,-72.39062494651027,,,,,
20180412,1.982387657307903e-11,10.011154118769058,,85.59095535972733,-57.00892952949361,,-114.28114423435498,-80.01790048881455,-96.21695596621535,,,,,-60.98929504633553,-71.74358386320259,-71.5716923903168,,,,,
20180413,1.5313849117017043e-11,17.848397759189563,,54.022497425255295,-56.621418907988485,,-119.06738633831606,-81.07296630587096,-95.7679185026137,,,,,-77.90047417463906,-71.14145920765345,-70.70994610998937,,,,,
20180416,1.1982091446645982e-11,24.345028918709275,,29.14561107262746,-55.933002956942374,,-121.38964099930001,-81.8151392891765,-95.27288804625199,,,,,-92.1327034754501,-70.76299765013609,-69.84526706299056,,,,,
20180417,9.465179269132245e-12,29.79338172245576,,8.845018852847739,-55.42694896160016,,-123.85046657079594,-82.3709826127893,-95.82902932479982,,,,,-103.1343792368179,-70.62618974349569,-69.33361907061777,,,,,
20180418,7.531561477774848e-12,34.45842619300007,,-8.24724675098695,-54.827220694449245,,-126.74552270907435,-82.89706609637652,-96.28218534550761,,,,,-111.52400622048393,-71.67909393645185,-68.43203072669365,,,,,
20180419,6.026769278931183e-12,37.93391246528053,,-22.278838497799995,-52.75413375336695,,-128.31140604992586,-83.48809008705747,-96.66159732798207,,,,,-116.19697396725272,-44.775409307107324,-67.76655955256389,,,,,
20180420,4.843899786548679e-12,40.94714947503921,,-33.36985419268419,-50.976268417112614,,-126.83495785926397,-83.40626291074585,-94.61996596317849,,,,,-119.37540736120592,-49.33947011080768,-67.16188930507165,,,,,
20180423,3.906734247526077e-12,43.652797372980864,,-42.48288890877721,-49.4490295866091,,-125.20436770025646,-83.4342797963831,-93.01890137710942,,,,,-122.028463703769,-27.663222853895643,-72.16629007219318,,,,,
20180424,3.1595933249932906e-12,45.91423635086657,,-50.05585014695018,-50.49868708351666,,-124.94155323305488,-84.43338815161204,-94.47086773752486,,,,,-126.25525207669493,-7.565393457002805,-76.72509326808581,,,,,
20180425,2.560981522443612e-12,47.592588080213154,,-56.17346229656333,-51.8885128160047,,-126.19733967402935,-85.23760335538643,-95.38905369145711,,,,,-129.52748300809753,8.372105201981466,-80.24375196534746,,,,,
20180426,2.0794607825332487e-12,49.117254591019574,,-61.01774829841504,-52.95587718361968,,-128.68560424892323,-85.88543504244772,-96.53208406690833,,,,,-133.2018081810412,-7.651047495007793,-83.52708626018295,,,,,
20180427,1.690887132005501e-12,51.58280776173166,,-64.99823263817308,-53.7860453527389,,-131.03353778229166,-88.28944568452566,-97.88921450733977,,,,,-138.13925819620914,8.200291545476672,-86.15902150593912,,,,,
20180502,1.3765092857512535e-12,53.589637027663,,-66.92888430117408,-54.0927163934367,,-131.3058551135026,-90.58850660750929,-97.8059052216575,,,,,-142.06806240334524,21.064088560768734,-88.34541776109832,,,,,
20180503,1.1216287727543735e-12,55.82967508939132,,-68.82364276992699,-54.4733699743656,,-131.18190818628227,-94.40895280573795,-97.73580236068892,,,,,-145.67531947819234,31.657911789112063,-93.67302407140556,,,,,
20180504,9.146356999973246e-13,57.84620048177288,,-70.7604923792941,-54.812503710162055,,-131.26916923991266,-97.53345738768694,-98.18839301811434,,,,,-148.4737813307242,40.169029361873356,-100.01264454099785,,,,,
20180507,7.463018792425146e-13,61.466786269443396,,-73.31848847402152,-55.1233497790019,,-131.60316479224193,-99.40445426248564,-98.63525590144582,,,,,-150.04146507900273,47.58463053325385,-104.69451375008468,,,,,
20180508,6.092541345524695e-13,64.55758170935395,,-75.44565299384855,-55.4421048342642,,-132.10129290285042,-100.77022889642136,-98.92250093646327,,,,,-154.48136057245856,53.594378160339495,-108.64736020180074,,,,,
20180509,4.975762505337756e-13,67.05193285947163,,-77.95469989657497,-55.62949450302546,,-133.76006323271477,-104.44492466199672,-100.90080163736285,,,,,-158.92923937192117,60.089874284330335,-107.89027851218786,,,,,
20180510,4.0650440740675595e-13,69.4237368774181,,-82.0525770063409,-55.85273190922664,,-135.17670050821508,-107.55525788349998,-102.42580010902897,,,,,-161.5053853594619,65.46689104968968,-107.34345977443097,,,,,
20180511,3.321916508338636e-13,70.68679794907678,,-85.31458812598414,-56.113866552059164,,-136.3696642944938,-111.06584982037369,-103.94036380422942,,,,,-162.50209800256212,70.04454351385075,-107.07591940177262,,,,,
20180514,2.715240761813368e-13,72.04430165183908,,-88.09067412974423,-56.27541044585434,,-136.3329343300756,-114.37710893641518,-104.6770414572813,,,,,-163.13149081122077,73.9966679718728,-106.53695114151908,,,,,
20180515,2.2197624991033147e-13,73.06157541444523,,-90.44054542250102,-56.23983740823047,,-136.34062823256608,-116.52770968676255,-105.358326503893,,,,,-163.8770721592608,76.94691846512644,-106.59342708822595,,,,,
20180516,1.8149673847061847e-13,74.14333084823062,,-94.03497927340744,-57.26543123961374,,-138.74900386306288,-119.05545619038882,-106.29102724002641,,,,,-164.32837213334253,79.19676242009994,-107.91007219417153,,,,,
20180517,1.4841696827777572e-13,74.65973272791416,,-97.68225661936063,-58.13395086212484,,-139.29746640819113,-116.50684169154107,-106.85548742613922,,,,,-164.43950567335997,81.08961171305572,-109.07963478905482,,,,,
20180518,1.2137832101319738e-13,75.05913107645078,,-68.10454069936641,-58.19830346801053,,-139.85227151498313,-114.43647629357963,-107.29640994537797,,,,,-164.40202558490847,83.09029632771518,-112.39507449876406,,,,,
20180521,9.927358696572433e-14,75.84976142629483,,-43.99855502548678,-35.66557944249978,,-141.21458981416464,-112.99134860599558,-107.64151238896065,,,,,-167.70068027123426,84.64315501472653,-112.3148811502457,,,,,
20180522,8.119979507730501e-14,76.97694060724237,,-24.01354714627083,-16.666204482588903,,-148.08289940285295,-112.11639934794664,-114.6855844514102,,,,,-167.8372881784469,88.47710828147618,-112.68932890993334,,,,,
20180523,6.642010585069826e-14,77.80690775114849,,-31.043242394109942,-25.314016609789743,,-154.193487387656,-111.5416870058852,-118.77545449122518,,,,,-167.92891898654483,92.41821567756385,-113.45396141881427,,,,,
20180524,5.433295663762324e-14,78.8878744364548,,-36.766118784070635,-32.64391587409414,,-157.42709032665454,-111.63727125092484,-121.77019380473217,,,,,-167.92918679515947,96.81160291117116,-113.89229875576115,,,,,
20180525,4.444703263125242e-14,80.4639817585325,,-42.28942881977555,-38.67666147252672,,-160.70126041914918,-111.7118185602899,-124.00177500144368,,,,,-168.2336664176415,100.02780126201705,-114.62275346895822,,,,,
20180528,3.636093246609872e-14,79.01347821043741,,-45.926137144635575,-43.739323487478885,,-162.77516221946422,-112.0276398708959,-125.35863156262516,,,,,-162.02235653030496,103.08787104446476,-111.7131522493337,,,,,
20180529,2.974662699486825e-14,77.85587164737176,,-48.915544732324776,-47.789213513298826,,-163.29895948418303,-112.66910068819182,-125.16223009772665,,,,,-156.9414941143514,105.80471710283362,-109.42953531593975,,,,,
20180530,2.974662699486825e-14,76.9284524555612,,-51.87393623676016,-50.7682623682222,,-170.8874875492375,-113.0766784428941,-132.45498462765042,,,,,-153.51608044140616,107.95872319937266,-107.5064736277045,,,,,
20180531,2.974662699486825e-14,75.7720800489608,,-54.257285950487116,-53.257202566105946,,-180.14892411993776,-113.83687629103795,-138.47495016227086,,,,,-150.7048361557056,108.42762634820181,-105.8444435373691,,,,,
20180601,2.2330230123202886e-14,74.83883180815698,,-32.56827199870982,-55.293613922538995,,-180.33719959791483,-110.96638796563867,-142.1709646879982,,,,,-147.97309312951026,110.96608298154213,-104.7849790190527,,,,,
20180604,1.711491866436435e-14,74.8762496219985,,-14.890920933380574,-57.17406662465777,,-181.22270719264768,-109.9756073882159,-145.19498968588957,,,,,-146.30558452015364,112.47733037678965,-103.8866368662171,,,,,
20180605,1.3314291366245656e-14,74.66375048702726,,-0.4975720240659808,-58.64627133221411,,-181.98329682772805,-108.21785441181916,-147.80299601735624,,,,,-144.1652000502964,112.83821987508712,-103.24926705039802,,,,,
20180606,1.047204294428317e-14,74.79789518298783,,11.033671995377048,-60.01051883071285,,-182.037011958136,-106.73212007400664,-148.08563852622692,,,,,-142.42377540950426,113.19256318227329,-106.69389374763755,,,,,
20180607,8.305133466371186e-15,76.33050292448347,,20.409449620648658,-61.14089321124725,,-181.30442333139132,-104.79940096493583,-147.13067525851517,,,,,-143.12378096226857,110.52017039304805,-65.44774479533416,,,,,
20180608,6.6286951548131795e-15,77.7790422407229,,27.37801418944308,-61.41021224716608,,-180.25218082439923,-102.19732182747369,-146.35076492196433,,,,,-145.46301424811205,108.35520667150878,-32.03946111142539,,,,,
20180611,5.3169397171763616e-15,79.3775472844788,,33.11706581420362,-61.672333995475995,,-179.49734104062824,-100.0461667946476,-144.90652456202204,,,,,-147.32049945932658,106.66940172775098,-4.904174178832845,,,,,
20180612,4.281411431271593e-15,81.14188883396096,,37.70300514824793,-62.10567056112834,,-178.87726134869058,-98.7796552720893,-143.35568711111523,,,,,-150.47304187904425,105.717850498753,17.12285644549831,,,,,
20180613,3.458216658256753e-15,81.81743502727618,,40.675660396244886,-60.320454008240176,,-177.01891979741194,-96.61311737792022,-142.10621331199445,,,,,-152.24846054865628,105.09274358331602,33.362642616844845,,,,,
20180614,2.800177942819204e-15,83.3660028739852,,43.10818906837069,-58.861882057870616,,-176.49135826126317,-96.6396711659183,-140.95655496884666,,,,,-151.79142353490928,104.56438809639292,46.67021403959677,,,,,
20180615,2.271824835332908e-15,85.09611198539663,,49.36575306406837,-58.42166868158734,,-176.15336750103657,-95.533213629795,-90.63702120656227,,,,,-151.37362073739305,103.9726872460651,56.22976253973305,,,,,
20180619,1.8460880133902705e-15,86.0690434793523,,53.178661188820975,-57.82486883991858,,-170.69535790393041,-94.69800414415569,-96.42539417192138,,,,,-145.7441984526689,101.81361765165207,64.22067180625528,,,,,
20180620,1.5020535416772332e-15,86.67996858371849,,56.111628601283236,-56.905120731204356,,-165.53048900356768,-92.72157106032105,-101.13988042032746,,,,,-141.75415742116232,100.31849300626567,70.7687081390228,,,,,
20180621,1.2233980964413379e-15,87.01447541329682,,58.870355551061586,-56.33351965341083,,-160.65090066914385,-91.45382316336664,-105.14359361175923,,,,,-138.4332605640441,98.12312541125607,76.2146060804523,,,,,
20180622,9.97274021940258e-16,87.3252221982512,,61.000902402689256,-55.609041149399275,,-156.60947070324164,-90.4034345485277,-107.9241665946189,,,,,-135.38087660883673,96.33077686373804,80.41942072996993,,,,,
20180625,8.134990974095121e-16,87.12353286130498,,37.576539144613136,-55.03957702443643,,-152.9743477426628,-89.23566313666329,-110.48566576813408,,,,,-132.93787978995348,95.81510487197157,83.58615358346975,,,,,
20180626,6.639574471371951e-16,90.27986946023208,,43.78053582715195,-54.57510441025976,,-148.8643500102453,-88.2880683944918,-112.61484020059713,,,,,-134.35676207869037,95.31416129122599,87.93843892227149,,,,,
20180627,,89.81538778565928,,48.19974215562433,-54.579267225739855,,-145.39581883633426,-87.55048766878726,-68.25693001083579,,,,,-127.85033685958892,94.67347722238873,91.44041521498401,,,,,
20180628,,89.15318978944349,,51.771069903692926,-54.819291447842495,,-142.55588778995005,-86.93688059860098,-79.64451746754193,,,,,-122.48392459315778,93.64443352503483,94.08695442260192,,,,,
20180629,,89.35578772211049,,30.102778686397084,-54.8270555535143,,-137.8752505867297,-86.07786794100636,-44.97374156275733,,,,,-117.86454710542398,92.74295365356312,95.76001294563947,,,,,
20180702,,89.1147009218812,,12.397864942754069,-54.82019334661574,,-135.46164371324878,-86.972161835156,-57.76506157028235,,,,,-114.22355219936605,92.27246018740497,97.79033491391287,,,,,
20180703,,89.33545107629496,,22.320440045006343,-54.69917422687756,,-133.33406292903308,-87.61969565279038,-68.22524712013283,,,,,-111.0458290444829,92.12802356301134,99.53043407778735,,,,,
20180704,,89.15390321777194,,30.475584128847313,-54.570928984746104,,-131.53164301516648,-88.78561790986492,-76.71563598159561,,,,,-108.76975025559689,91.96032903333757,100.8917911009803,,,,,
20180705,,89.11423033843,,37.52175570136114,-54.481263515228484,,-129.07657011497002,-89.16821773892725,-82.56144110383114,,,,,-71.11494195295018,91.82343441227201,102.00672689924257,,,,,
20180706,,88.92147627165346,,43.46576837391086,-54.50404181780635,,-127.200133270481,-90.24614753575952,-88.19830080995548,,,,,-40.30645289866312,93.44942152973267,103.5195739347602,,,,,
20180709,,88.77734463410391,,48.890671980389065,-54.45254292527039,,-125.58587318925356,-92.11305256594474,-92.66127695047304,,,,,-15.053706723879563,94.65250774496371,104.8622296768787,,,,,
20180710,,88.36427510095308,,53.29955914290937,-54.3284651604445,,-124.12740443591635,-93.633798858994,-96.71159801028271,,,,,5.6056768696782555,95.54281765501233,105.84614341882647,,,,,
20180711,,88.12549623922177,,57.165540974625316,-54.23791728075581,,-122.91526638853563,-93.91481677250268,-100.13908367124466,,,,,22.375566295808397,96.31437711052904,106.99904670482883,,,,,
20180712,,86.00403926483294,,61.1592078113964,-56.20659429408068,,-122.015672065102,-95.29470258776396,-61.505647160321544,,,,,36.47470575535749,97.43147449637974,108.3345985572775,,,,,
20180713,,84.24986617398297,,64.32242795000663,-57.81664708143885,,-78.21580757665077,-96.86766384032899,-29.762265269288843,,,,,48.09546510409859,97.32833944134767,109.39179227226602,,,,,
20180716,-4.082080560705207,82.8559481120351,,66.91187617340475,-59.12534528067725,,-85.59742652760626,-98.84883171304203,-3.8129539143056066,,,,,57.636854258452864,97.22943003352933,115.71167096868353,,,,,
20180717,-7.368141174576686,80.74921235023494,,72.38725740204275,-68.60875907859095,,-44.77018994755435,-101.43167653558847,20.324916770431464,,,,,69.52214531073108,99.58107536367851,122.74027638908619,,,,,
20180718,-10.042587048591137,79.08470765101009,,76.95799545551981,-77.76148980711785,,-11.085203544315092,-107.90980697521275,40.01285435216136,,,,,79.26555475900751,101.61605653404884,128.39316908859857,,,,,
20180719,-12.187658212862313,77.88368346478171,,81.04999908445404,-84.53900632142533,,17.46552344436327,-113.44656514698484,56.740311526389455,,,,,86.10644532518558,105.69689969544454,133.06946208807219,,,,,
20180720,-13.89950550377114,76.70148215308966,,85.02996391780347,-91.67405312846327,,41.67217781066054,-116.26791599660002,71.28569645126284,,,,,91.53336903755394,108.70669464777485,137.36494261564854,,,,,
20180723,-15.297835018136453,75.89127033809783,,88.8495963846765,-96.4944666176496,,61.51978044960203,-119.84516140093183,83.11440174739887,,,,,95.92606889952722,111.07888863836894,141.05302669867174,,,,,
20180724,-8.629665107592302,75.27931488598409,,91.486286748426,-100.42662482957034,,78.5864195184259,-121.68936256794701,92.45148908877867,,,,,97.5305526149813,112.9953498772173,148.00323127122442,,,,,
20180725,-3.207594287205321,75.7532686750546,,95.24474582355288,-100.61882786366515,,93.12237727737501,-123.19681419776708,99.85480086101865,,,,,105.51098224624552,112.63274231589365,153.1403566089741,,,,,
20180726,1.219122654899081,76.40873453428348,,97.67104163448379,-100.79560396851608,,47.09549935990872,-124.50937395799875,105.77469342971143,,,,,112.53180303312344,113.28958574704521,156.60832123535926,,,,,
20180727,4.838352955596619,76.98786253761986,,99.91275974473146,-101.77977963650918,,3.1032029827040404,-125.97293965066382,116.26369431856513,,,,,118.48479754661344,115.23114071365542,162.9456737576241,,,,,
20180730,7.792784900334571,77.8034920998248,,100.73607780321593,-103.32090830499337,,-34.073591796035366,-127.23061506260993,66.53779265069979,,,,,118.9753652926311,115.54532125842923,167.5487366250249,,,,,
20180731,10.210675366866099,78.4132444127304,,101.89427941002553,-105.0226048934005,,-64.19382869908742,-128.42610735545014,83.17482519702635,,,,,118.84054795604362,115.30917671207146,169.02675061009305,,,,,
20180801,4.5174074928760595,78.4258816636893,,100.6523098092718,-106.4535861645047,,-88.93688784935986,-129.372466803671,39.339217983151826,,,,,117.9971178697702,116.4194304819034,170.12037682817115,,,,,
20180802,7.527692777543869,78.4390017995167,,99.77864483342007,-107.58885139429897,,-115.37093893987792,-133.6210589404775,67.3094783245718,,,,,112.85404535863397,113.99643477682113,170.38338202093888,,,,,
20180803,9.944351667314686,77.79248293185076,,97.68718339058054,-108.42205977620286,,-136.02988599356235,-134.02347632599054,86.52463550954273,,,,,106.60406545442481,108.39268003747527,168.0166436318679,,,,,
20180806,11.922317193152793,77.14690470286746,,96.79021820266642,-108.82198115983071,,-151.30787445387276,-134.95986380924634,99.65581857228653,,,,,100.81399150684456,102.12787997111863,166.04999753537788,,,,,
20180807,13.500262785783478,75.05516200055084,,93.92916102804665,-109.09585013148377,,-165.08743350889515,-133.64290346067588,110.87972987964199,,,,,96.0283859394761,97.02096818919371,165.25603501075477,,,,,
20180808,14.787477212569321,72.39074672498879,,91.52821167448451,-109.34215882821034,,-177.51514949908787,-129.77637045636035,119.74078247020748,,,,,91.37507647517423,92.39168718303807,164.6835702442669,,,,,
20180809,15.84248724299887,71.18988808808761,,90.5134941375598,-109.40594348559819,,-188.74878569565175,-126.45928915599453,127.1127038918944,,,,,87.00839457817497,88.28377216598331,166.8793077873838,,,,,
20180810,16.707549873635035,69.92125119568509,,89.71103591199521,-107.995124905239,,-196.76084182952107,-123.70662450429253,132.156542162412,,,,,83.67616347257065,84.94150211632416,168.64358723879565,,,,,
20180813,24.490185776599244,68.86478384113282,,88.50512445697598,-106.73727191645189,,-204.01677802161657,-79.44343282043654,136.68304966385134,,,,,80.970716816458,82.35748253129019,168.37885876475298,,,,,
20180814,33.83975726589838,69.06202247216251,,87.30811921546274,-105.2767063888012,,-208.8735220708806,-86.92950896996763,140.10415392683663,,,,,79.3656644795444,79.2211383360981,164.75840493932458,,,,,
20180815,14.083553106288756,68.86475513180574,,86.29408154886546,-104.29707123137693,,-212.86904808891995,-49.16183834471509,142.94353115418394,,,,,78.17352225842616,76.45928718365663,161.7928087804159,,,,,
20180816,0.48538204324289547,67.83260802481219,,83.73095380432007,-99.39423089207003,,-130.21172676599437,-18.157826687978964,144.26105546600502,,,,,75.73887015946993,74.11776289476306,150.44592442764136,,,,,
20180817,-11.001327555359879,67.2086513751664,,81.85434538018939,-95.07638282843244,,-70.50423562415752,4.659678560895972,140.99026706766188,,,,,73.14682674727644,71.6603137409981,140.7172140262034,,,,,
20180820,-20.363161150883382,66.59356376391123,,80.28442116526365,-91.14705017005706,,-21.77386517876178,23.352768296809238,138.28608222715746,,,,,70.76876806782931,68.97515831638647,132.81610427847443,,,,,
20180821,-28.75560835340749,66.05931296131146,,79.23666549392756,-83.92444209381324,,16.91786668130273,37.365441800830595,135.2753077534364,,,,,68.70944604284277,66.66552632183476,126.85012228759956,,,,,
20180822,-35.86307085384169,65.640616729171,,78.52117226930193,-78.21789880851021,,48.02878097642147,48.72034630027535,132.87276488840962,,,,,67.27999409567445,64.97046370372858,121.29834903427087,,,,,
20180823,-41.575970791399016,65.25401918681585,,78.08631661707145,-73.35776398595395,,72.02059759835224,23.908498295750608,88.42910709510535,,,,,65.72825953743938,62.99971574519589,116.9510442203197,,,,,
20180824,-21.997749625919173,64.9184823849435,,77.0057855507118,-69.34455436480357,,90.69208193798677,3.578715204850133,52.317527775940256,,,,,63.5941157664869,61.351794449200504,112.94755220548556,,,,,
20180827,-29.903417856425076,64.66810635643485,,76.49019058707144,-66.05911448904254,,42.282342252189395,-13.107457153312689,22.16384731046273,,,,,61.94239595765482,60.108590369927676,109.79373829045966,,,,,
20180828,-36.372112116607695,64.5037667214474,,76.07516278927872,-63.13795576717798,,2.885917121168866,-26.64491543390387,-2.443359897027427,,,,,60.070562291832935,59.15224059604517,107.4796375838333,,,,,
20180829,-41.78065559647468,64.81733246747254,,76.7662556027563,-60.81933538937974,,-28.1630048844313,-37.7240563138536,-22.552731805533927,,,,,58.30179801554126,58.32431983852859,105.59166045148031,,,,,
20180830,-45.16137866019966,64.20379085215491,,76.66096321694116,-58.8799378121687,,-55.59391819907891,-46.78879794923519,-40.3831671684803,,,,,57.04604853986344,57.999731601127785,104.10822957674843,,,,,
20180831,-48.611613462679344,64.06084619698588,,77.00972551688623,-57.29518306356902,,-75.08426446901234,-54.17952646627303,-57.456722392058296,,,,,56.254364480962764,58.615184652499565,67.34871963118235,,,,,
20180903,-51.233366661115284,63.989625368701695,,77.26078023087153,-55.64811724308707,,-92.08473500343494,-60.15408829245164,-75.48971927046118,,,,,55.79755911467482,60.3563758193699,37.783864628227114,,,,,
20180904,-54.25710316913635,65.90127228210262,,79.26199314604472,-54.46155897501861,,-105.96286828115228,-66.337667910166,-90.99745273698349,,,,,54.87703966084892,61.618798266178125,13.70908852978374,,,,,
20180905,-56.82407004570877,68.94595276807557,,80.9198895875352,-53.47782870438413,,-118.3354720550235,-75.32470931720295,-103.09054665409411,,,,,54.48926247103485,62.650386913506516,-4.051350474965677,,,,,
20180906,-58.964495974311475,71.9022957226933,,81.37735499035165,-52.69105013222751,,-128.23399730457643,-82.06491127313187,-112.94089556477495,,,,,54.417136340080965,63.613219327959335,-18.82302858544113,,,,,
20180907,-60.83800043375806,74.80493260127767,,81.37273291047313,-52.1473229011341,,-136.1897375050873,-87.60027990794656,-119.34908135449001,,,,,54.29356800361465,63.90276286636679,-30.49525040809566,,,,,
20180910,-62.17176787707097,76.67470094327476,,77.13712612864344,-51.723844954411355,,-141.6883729603023,-91.87637342993489,-122.37010732932754,,,,,54.280252851316014,64.0283540970454,-40.18274447332593,,,,,
20180911,-63.201835867622556,78.63595837646544,,72.57306366650259,-51.389892675293474,,-146.4742303968514,-94.59518827559741,-123.41140485563423,,,,,53.26839360079186,65.10863782109442,-49.19387044658274,,,,,
20180912,-63.440790046798405,79.51072797384967,,68.86899941423931,-50.646566710976636,,-149.60132049421819,-97.1148455156097,-124.26945191090178,,,,,52.44308641633145,65.56446505667952,-56.33998758247979,,,,,
20180913,-66.79924700492603,82.49407443894934,,66.57844968359944,-50.83442076183284,,-151.6850650694619,-99.39416636273516,-125.12441382890066,,,,,52.91708385543083,65.7827431486461,-66.10478586168655,,,,,
20180914,-68.80439464513921,83.90790846109302,,64.73388280461177,-51.10486193904883,,-93.12460785066196,-101.8877712754421,-76.84386158773738,,,,,53.0548339020398,66.36135892204662,-75.22443241038607,,,,,
20180917,-70.48271436042769,85.79352733408675,,62.91179496034119,-51.23392980681928,,-44.82763474890716,-103.28927124267861,-39.131998504300746,,,,,54.2632013182555,68.82039089580981,-82.7969367276483,,,,,
20180918,-71.84938267932661,86.99576744051392,,61.45533473849699,-55.8966845121318,,-6.28045239498362,-105.22817937312315,-8.567471648414777,,,,,55.06769715899115,70.95811060101728,-88.74670656750406,,,,,
20180919,-72.54475500800629,88.51296401559168,,60.18207689060531,-59.733604406174265,,25.23370436895101,-107.79286661518299,16.456447567167988,,,,,55.91158373244538,71.53262138388416,-95.02618615396305,,,,,
20180920,-73.22076876981151,89.33528413517996,,59.15944784245245,-61.00502048880654,,51.37728735613778,-111.36437017593997,39.90876725689845,,,,,56.5969994256012,73.1631823968412,-100.319866683571,,,,,
20180921,-73.94585522182449,89.76932117477527,,58.490324291015654,-62.02609315401851,,11.436203910622677,-114.17501389209605,59.395471508177835,,,,,57.40863588281471,74.5191550443265,-105.9141743905743,,,,,
20180925,-73.03344720819332,87.72322144686827,,57.94832023394157,-62.85015748926879,,-21.153195926924553,-116.61053880245169,75.3498985467577,,,,,58.28452154640682,75.60499143717618,-110.53066712723975,,,,,
20180926,-47.50882235726906,85.98696682411,,57.44508378493321,-64.11184597208447,,-45.94459509513144,-116.97280752301015,86.32218692445076,,,,,64.04538436535768,75.2134303112886,-113.58942173819189,,,,,
20180927,-26.22546615712191,84.85346455607154,,57.02144009538704,-64.6794310138545,,-66.73555797647808,-117.13640341890485,95.09499610920722,,,,,68.41150254211156,74.9520636487025,-115.06725719765389,,,,,
20180928,-7.463174713539495,85.41139123848899,,56.80696985534139,-65.21845255081158,,-25.570591378453305,-116.14960109632126,102.27738609529209,,,,,71.48137571861933,74.7704909829087,-116.25727470845564,,,,,
20181008,6.62468639602849,85.45595104104011,,56.59328527246947,-65.73529804667945,,4.231555964153131,-118.1878241459836,99.66875132007301,,,,,73.62041872412038,73.33454907323014,-117.51018840988736,,,,,
20181009,16.00873125361401,83.55437142330373,,56.2481180917706,-66.06585830700612,,28.914197115068085,-119.37069894399754,96.94724039032539,,,,,73.61367914984433,71.5967742849512,-73.97774426635395,,,,,
20181010,23.703257977568533,82.00128566801645,,55.84058263252292,-66.00583025804012,,45.70098665021448,-119.25267468267366,94.68680690029579,,,,,74.09119588598624,70.20768613363092,-38.32560673759658,,,,,
20181011,28.327704324706758,78.04031879759245,,55.09681512980768,-64.54650287155782,,57.73481395773332,-115.69691963787064,91.9633184856923,,,,,74.121199850886,68.70969176754734,-58.24549981546277,,,,,
20181012,32.140783999557975,74.81315826759095,,54.688112203379646,-63.25137317671759,,67.55680774095433,-112.97791956143722,89.80887555620662,,,,,74.18837935925096,66.70794671943885,-74.26303155961263,,,,,
20181015,35.241765486629,72.27669884262251,,54.41446668163578,-62.174739518918415,,35.175482785897145,-110.53414317259946,87.40118069914736,,,,,74.35122658913646,65.43672200508331,-88.39722713326753,,,,,
20181016,37.45258161818401,69.57832017087607,,57.60258965103571,-61.24174961515141,,9.551521991271587,-106.7643813612425,85.2662360823493,,,,,74.44766814026835,63.70688119199079,-100.80069697575996,,,,,
20181017,39.18817627109763,67.34120700953738,,62.71417673216743,-60.42766452173686,,-12.106254491278776,-104.40207260504634,84.2505636001348,,,,,77.21975429893168,62.50832918684253,-54.467621309074055,,,,,
20181018,40.59854543342049,65.37385919933381,,65.66451143386399,-60.00050062769038,,-29.84758093192728,-102.46610905642478,83.4493983557956,,,,,77.56334836557244,61.88412727253827,-70.48681957720706,,,,,
20181019,41.80965467338651,63.759723272796435,,68.07382985837894,-59.81482655151084,,-44.39491981594651,-99.9888261397381,82.43137871691589,,,,,77.84882078536472,61.405174642406315,-32.54337986396693,,,,,
20181022,42.779025558527636,62.574493492332635,,69.98692411805104,-59.673826991042766,,-56.361797188511396,-97.17821297669876,81.41721430773228,,,,,78.77098140580009,60.98340909799583,-2.732007301932497,,,,,
20181023,43.396259357192825,61.47422942445501,,71.80678285848711,-59.718328808036794,,-66.14388263560605,-95.34003752115751,52.294201732929984,,,,,79.47497008464792,60.632968676112284,21.71550748639344,,,,,
20181024,43.72498598066976,59.761131826794134,,72.2254056571397,-59.75469915160115,,-74.3653394291832,-93.88551161479613,57.33249743977343,,,,,80.58086765580369,60.28611429274088,41.46287288579281,,,,,
20181025,43.98598981991203,58.416240875216396,,72.82670502420656,-59.63046108137374,,-80.25315532888223,-92.6401088660875,33.091092434641034,,,,,80.40118554042394,59.66625133220255,57.80132015135514,,,,,
20181026,44.11723230695299,57.426942605271336,,73.56309480570837,-61.2508003657206,,-85.11004025124524,-91.8473875866504,13.515675594049336,,,,,80.29265321198221,59.10075224942255,70.49487093751434,,,,,
20181029,44.2190225242632,56.64350760390392,,74.1994972363957,-60.82687957855076,,-88.46636846961064,-91.2227531100996,-2.1021430295347394,,,,,78.78183772213656,39.43811199128643,81.23721833272859,,,,,
20181030,44.584279033372404,56.741591469703216,,74.8900168203356,-60.52382301653959,,-91.28068890281075,-90.34931897622428,-14.877797099267555,,,,,77.6980194562342,23.437259871722578,89.5536581150241,,,,,
20181031,44.79293584556713,56.81841826169074,,75.34374734202245,-60.26224951026846,,-93.90170017957993,-90.13726408925983,-25.210553596945307,,,,,76.82095079585818,10.11958378423002,96.80590423932986,,,,,
20181101,44.853855179769305,56.56845252432641,,75.5085236031419,-60.15318483946783,,-95.8683617634003,-89.7071990007731,-33.38141112675636,,,,,75.91257567536078,-0.37687410957456624,104.4825054922248,,,,,
20181102,44.90279177658113,56.24781404237306,,75.05459797896792,-59.98749693462721,,-95.87209608229574,-89.9451323211125,-39.730795373188705,,,,,75.04903214239792,-8.868317682536068,109.46062763492677,,,,,
20181105,45.32724211228521,56.34382461641848,,75.18619212191017,-59.57816801971636,,-99.28622983924159,-90.26804993578098,-48.92777798063244,,,,,74.47637485370205,-16.30322789844811,113.75382487684254,,,,,
20181106,47.455342135146246,58.45516176697599,,76.93735133963175,-60.73868634068361,,-103.85912303913994,-91.08788315402036,-58.48735625299629,,,,,76.2440310662338,-22.818329281542756,116.54528388377432,,,,,
20181107,49.06940774732279,60.42416202172042,,48.47428541860998,-61.52307445423199,,-109.0868616234103,-92.76161650563827,-66.40972362533624,,,,,77.53528525918523,-28.227212244972254,118.72593502924128,,,,,
20181108,52.731917788840924,63.240007319248285,,53.135731905312326,-63.45815362405454,,-114.73473905391809,-96.2871908320058,-73.33851845094057,,,,,78.54438408896866,-32.46764788405218,119.4698486515833,,,,,
20181109,55.14270297861791,65.43153642724472,,57.33862849604865,-65.50736127231644,,-118.59054679721427,-99.10551819430307,-77.02764017642941,,,,,79.16888466449706,-37.17264023173283,119.76133067529464,,,,,
20181112,57.12266360325619,66.95271296359589,,60.7142869637774,-67.08320896044896,,-121.07010166613345,-101.14046185781277,-80.16095720133049,,,,,78.7329117620784,-41.01442829052756,118.45624973402298,,,,,
20181113,58.931961441696366,67.81084134333126,,63.609283068512966,-68.21955078182638,,-121.96713219029152,-106.21817667287048,-82.91930128602858,,,,,78.61619215038075,-44.42639204825912,117.32668454841685,,,,,
20181114,58.76309420106018,68.02023828538722,,63.77226819609189,-69.58816351934647,,-121.81228426086993,-110.01188400663735,-85.24999363388235,,,,,77.7867836647113,-47.150767088337375,116.59323353205411,,,,,
20181115,58.462216709842004,68.38154741652895,,63.47686889816187,-71.45673019087029,,-121.67459543612541,-111.7473388128904,-87.35268633221777,,,,,77.9281534214838,-49.111074720064394,117.05861832466027,,,,,
20181116,58.20203537091944,68.35948898699309,,63.241092496068696,-72.92520227491494,,-121.46361807856076,-116.23354495893788,-89.2090931096148,,,,,50.57495390051123,-50.28341409484051,116.68322436839578,,,,,
20181119,59.156044446732906,69.17082975625819,,62.90435952172658,-74.1679381626867,,-121.46158922072273,-120.75135439530273,-90.6243326282183,,,,,28.19854127731782,-51.19157869510612,115.92086586434964,,,,,
20181120,60.00714103300395,69.76302680038253,,62.63119370138927,-74.65036396406285,,-120.66934099451393,-124.27601233946334,-90.90234389222856,,,,,10.34778318716662,-51.96959018273623,115.32064404066703,,,,,
20181121,59.62459951155604,69.78367933167122,,62.16977701719212,-75.10222480971672,,-119.6345453884962,-126.82710749203112,-88.85237010787432,,,,,-3.354909242968999,-52.255243654350295,114.94131431093268,,,,,
20181122,59.30589143581698,44.21507993917061,,61.73577222579804,-75.6397332483601,,-118.33690584075023,-128.17390048062737,-87.49010323564853,,,,,-14.892708540381927,-52.703702206029305,114.23883885605686,,,,,
20181123,59.295788355955814,23.160626580407186,,60.584030831973415,-76.25931764418958,,-114.66180705891345,-129.84703647295964,-84.02533047522134,,,,,-23.87913309145091,-52.80738655103879,114.01970782794217,,,,,
20181126,59.08687488067173,6.490988650049244,,59.424390396368985,-79.78471975568691,,-111.89116755653107,-127.67140196960901,-81.27840042132995,,,,,-32.67341149559715,-53.531743897389966,112.63045982676448,,,,,
20181127,59.586160845772724,-7.831068011665567,,58.472222711464376,-81.95357244825895,0.0,-109.67497861597244,-126.46423691822085,-79.02788512316687,,,,,-40.01836073577177,-54.07012154710394,110.60933697453655,,,,,
20181128,59.05784769161601,-17.90204062683829,,56.12212316500924,-83.4832735485916,0.0,-106.20825427343651,-124.94331083096014,-75.2202020491705,,,,,-44.215919411552946,-53.53648309601736,108.88243185004426,,,,,
20181129,57.89662224224062,-25.42275836714671,,54.26812732006269,-84.80585858897786,-37.651213484975955,-103.61002615464758,-124.90129822541653,-72.13218925895666,,,,,-47.71041348869355,-53.39421394201696,107.47595286134218,,,,,
20181130,56.89389045518452,-30.732860123898394,,52.84586659736189,-86.07203643534774,-44.86290424555416,-102.44454248653018,-124.97524443531762,-69.62684121050843,,,,,-50.51618315093026,-53.223189663818715,106.02131732935607,,,,,
20181203,55.92977346634894,-33.948684429684164,,51.00128876964231,-88.78036986450408,-48.509404158917185,-101.44877891202971,-123.86346236227497,-47.01003552069724,,,,,-52.65388058350128,-53.54319648692603,103.93332757222505,,,,,
20181204,54.95513018254656,-19.013606939890803,,49.50203811192013,-53.69013722775889,-47.16712424441341,-65.71450199916347,-123.13151573906944,-29.103124545689692,,,,,-54.02298869622059,-50.81926076228244,102.69724056549789,,,,,
20181205,54.35180495859307,-24.330886053647223,,48.383171787735705,-24.754903381763086,-45.9906485765976,-36.59188685634367,-122.55001531524778,-14.526545239623827,,,,,-54.624686512823686,-48.61690185924019,101.49153063910948,,,,,
20181206,53.87337720377389,-28.87145298980225,,31.571747803475418,-1.0486891382490824,-46.23323045291362,-12.755436407396655,-120.22526199344502,-2.7958562150094926,,,,,-55.109882154785474,-46.87886164626002,101.81813669586322,,,,,
20181207,53.48999251602512,-32.47469521040907,,17.84670497229601,18.2117924451676,-47.18985596008934,7.134609135333381,-118.24994829290631,6.981538924150448,,,,,-54.8219300001931,-45.2532445469311,101.80593852087667,,,,,
20181210,52.47052506075713,-34.36694988795575,,6.67775885703427,34.70101777456844,-48.43195631611254,23.949190285533213,-114.22366129745713,14.987190153226996,0.0,,,,-54.32733792849603,-43.923580158323354,104.60828874041742,,,,,
20181211,51.59288198421238,-35.98285121079854,,-2.286200260832215,48.30635392992128,-49.87491194093783,1.8029615331360442,-110.51788551995159,21.256210670233333,0.0,,,,-53.848782450313266,-42.709042935020356,104.61263922351495,,,,,
20181212,51.81312990928797,-37.3970702723746,,-10.101912336926173,59.003229252613124,-51.24172565755057,19.580266735589994,-107.39101802598256,26.38327839590169,-58.97059822785379,,,,-53.79285873487092,-41.81232328969666,103.94802863890222,,,,,
20181213,51.98764169499618,-38.556861529272865,,-16.700286618780567,67.42162771628317,-52.84870985884636,33.38815114626868,-105.06915167645037,30.39163507541815,-59.634329281933965,,,,-53.815452317312506,-41.06392828775418,103.14833168865042,,,,,
20181214,52.16237314089328,-39.55163280424769,,-21.94858530544566,74.24834900380019,-54.57784419137339,44.62495579353243,-103.34279525773718,33.60509124331823,-64.2215021987279,,,,-53.84943874370917,-40.438044813127775,102.50712629701529,,,,,
20181217,52.31792100254384,-40.36037234719844,,-26.365726843264564,80.22215403334738,-56.407133501861814,53.586334651826995,-102.4249680656021,36.21975241380911,-69.63397766153797,,,,-53.8514998250778,-39.94865575300153,102.39000112375633,,,,,
20181218,52.244229653815275,-40.90103210288415,,-29.889615702760256,88.05383687280663,-58.31477937794362,61.373992639271094,-66.32341264002756,38.55220434639063,-75.31437266476004,,,,-54.157684928445676,-39.56637407894477,102.01068504374855,,,,,
20181219,52.28367527764708,-41.29859233541721,,-32.97667053797905,93.45628938723067,-60.11501583382172,67.71674040378466,-37.045021331528474,41.173631826084396,-30.310182989490915,,,,-55.165811116206456,-39.71067466156471,101.69496647518227,,,,,
20181220,52.33324533697118,-41.62499573091594,,-35.50524238416099,96.74039738690976,-61.939562251077106,36.96782937273059,-12.846738769799842,43.15677775524533,-47.77744483546528,,,,-56.143748919273946,-39.82208114279042,101.6602724852712,,,,,
20181221,52.40680536793302,-41.909736739529066,,-38.25274136780413,60.162846284652666,-63.81079195361286,53.48951399794856,7.003202533090355,46.58839368173711,-54.945563544725225,,,,-57.29379382421208,-40.149416445068994,101.65039329706401,,,,,
20181224,52.660456179084896,-42.419948655961235,,-40.922375970076544,70.370917977301,-65.52988095227262,66.22764289040154,24.503778195977645,49.34397483204753,-60.57295709916098,,,,-57.99196630149304,-40.71970299860618,102.11485685860373,,,,,
20181225,51.18776877258483,-41.35022875884709,,-41.58457539907171,39.18642925700354,-67.18133922321994,76.20248691790432,38.726456384810646,51.45366425716958,-63.167472165464055,,,,-57.996211246433155,-40.639387944476475,103.45141054728296,,,,,
20181226,50.42845203272303,-40.6420332954232,,-43.30279859363484,13.180600580197554,-71.29672916335694,86.87143671307541,50.305278460439766,54.70362195022014,-65.82688357651442,,,,-58.82615794644306,-40.777267217054,104.5895320147625,,,,,
20181227,49.29256922616549,-39.035845025642494,,-44.182081936289684,27.938092820865066,-74.58021242582322,95.00572739476014,59.770648330928296,57.55621198744494,-68.49098218403827,,,,-59.53739426086025,-40.85414464087748,105.53251650221716,,,,,
20181228,48.3736652016617,-37.81924880349446,,-44.906136490910626,40.105552085535,-76.02489841293907,102.14023846654712,67.40980398282086,60.052192502499665,-71.0102012605996,,,,-59.725146680720535,-41.275577207732525,107.66221638276076,,,,,
20190102,47.751921330284354,-37.052300569788834,,-46.40507513489386,50.17169411937475,-81.22852348988508,61.135797450733705,73.0978921630077,62.407061444442824,-73.28690274697409,,,,-59.96343954840962,-41.68936920861484,110.15402270497381,,,,,
20190103,47.260374409546536,-36.079301064717086,,-47.20785745719748,57.732612498663464,-86.91456084621295,27.135855936503923,41.107184374058455,65.6771326895703,-74.00761414619505,,,,-60.16805372809152,-45.331022263838975,110.6155904808554,,,,,
20190104,46.21485178625403,-35.09491642482956,,-46.90019183208404,61.032819150785514,-92.50725802099726,1.9942265384258853,15.830585981200375,67.29195775251729,-74.7285443087097,,,,-60.189355400085695,-47.981911367158254,110.68075328697161,,,,,
20190107,45.261181469599805,-34.193157590814366,,-47.00191853417208,63.19720295339089,-96.85266769175524,-18.634262247226054,31.495662105097992,69.73302694210186,-75.74906893607113,,,,-60.225306638119996,-50.310679365989245,110.79804173035666,,,,,
20190108,44.5989324916072,-33.52627825232392,,-47.06879192176252,64.96446648988764,-100.35325021597795,-35.31186399932296,7.151634599748875,71.35355695766488,-76.9423952104296,,,,-61.58760515415573,-52.70755652745432,112.27876695314957,,,,,
20190109,44.270121835455996,-33.13165366231945,,-46.917788245572275,66.3610046428577,-99.20944288754617,-48.90633491513652,-15.144548571029116,73.05444746107878,-77.8059560298264,,,,-62.883435794151865,-54.73198726965166,113.52884951351626,,,,,
20190110,43.78287072956508,-32.855580416557174,,-47.299086123818,67.26453541728247,-99.05522189717404,-61.628178622489806,9.017364468883533,43.19616291830508,-79.53892130358415,,,,-64.17454758662981,-57.70817023839216,117.33506662234336,,,,,
20190111,43.412657477699035,-32.64279377923158,,-47.66802177503067,68.09167097790964,-98.84637097483447,-71.60512460974803,29.022069946196225,51.59270320415484,-80.75938861575345,,,,-65.27151454011288,-60.119322452094664,120.60282981566175,,,,,
20190114,43.093459404572165,-32.36396357947976,,-47.78594069011271,68.63428915239959,-98.50787501145477,-80.67328024350103,1.5631987107919847,26.33172376286379,-81.9841067568386,,,,-66.16213943774171,-62.237877722336904,123.4000375031898,,,,,
20190115,42.753573450622106,-32.132298484631264,,-47.908275220544766,69.16244019172794,-97.70612849520927,-88.19615082928877,23.461494642671074,37.57182249450859,-82.04509793983435,,,,-67.15413548014635,-64.27257115361914,126.19420950256062,,,,,
20190116,42.47809206326131,-31.91532782071249,,-30.516842976357538,69.41763811956801,-96.41899163502701,-94.0497422496157,40.475719057177024,46.227492114293405,-82.12710452775939,,,,-68.01543775908654,-65.9377456853878,128.627305086299,,,,,
20190117,42.46371615004218,-31.83934340869393,,-16.055183949814364,69.62121593551046,-95.38135274162897,-54.80644060706981,55.77152552049646,53.292989857185965,-82.0624175026514,,,,-68.70625108524777,-67.17420600972126,130.31862381686258,,,,,
20190118,42.78761055325643,-32.03777373024683,,-4.598992751034927,69.9573244663139,-95.03052300760636,-23.300648297888937,69.14489912283223,58.827127788067514,-81.99803626112158,,,,-68.17980144063485,-68.20372335517318,131.660457203991,,,,,
20190121,43.031531243882384,-32.191075971131845,,4.382394120743858,70.2576128091651,-94.44476802928446,3.2134070151027787,80.73370662897453,64.07229215277276,-80.45783410322153,,,,-44.75930482135468,-67.6395322666755,127.97327804551497,,,,,
20190122,43.14911937779791,-32.40153767670023,,11.544564388959039,69.97976989744537,-93.97883782872724,23.859320440871844,89.76342706007655,67.99353969982006,-80.74528117479548,,,,-48.092830305518646,-66.71760908173151,124.50544760035119,,,,,
20190123,43.255556786038255,-32.613074231644156,,17.485095611049825,69.7489505779277,-94.79654646513339,42.29692612123918,97.17973872586987,71.40697072552447,-81.57213750900624,,,,-51.27323740389063,-66.2321257772616,123.17450688830141,,,,,
20190124,45.978543254372006,-34.452312986484834,,24.519925923161633,71.0186941213305,-94.74255676468907,57.633155578715275,104.21252563232088,74.38459351640711,-85.77285648791971,,,,-55.48389987266833,-69.15377625184443,122.1513089103355,,,,,
20190125,48.34062883984298,-35.9630176281737,,30.176377166324325,72.06944623073042,-95.93072508709936,70.33371012452893,111.15769497869444,77.25282382768275,-89.30065671567988,,,,-58.80712967931021,-71.72964149992883,121.31762471335406,,,,,
20190128,50.909507406274564,-39.007126709905044,,34.675144493159266,73.52972217272676,-95.24003508800755,81.3229553052349,116.3167451603064,79.99859223403622,-91.6265209857545,,,,-60.63837340166686,-72.91101950977573,120.58371591409974,,,,,
20190129,30.1371332834332,-41.55894745791251,,38.44968791787465,74.54340259231175,-95.66898849453295,89.95242584310552,120.59132142489094,81.78351913782873,-93.41282475167696,,,,-63.44267863930447,-73.80504999807857,120.21761848841935,,,,,
20190130,12.82545096926856,-44.166022389630115,,42.34483054351523,75.23133123638696,-96.05344728188993,96.96044857894691,126.507519365939,82.64346590622345,-96.05092932854959,,,,-66.30736102725106,-74.0885017393716,119.97072756316629,,,,,
20190131,-0.8701055338129122,-47.24331233169235,,45.638169298014574,76.24018970140823,-95.11944194287493,102.60393950454791,131.88057619766025,83.35328036326378,-98.40051757916568,,,,-67.88978572723745,-74.33252075004678,120.8609264547859,,,,,
20190201,-12.466137514005043,-50.0099124317694,,48.930369362455295,81.458459938116,-94.48333902892603,111.40264509021324,139.30838968939253,85.56861401139028,-100.12560548037824,,,,-70.26203275827773,-75.04246268547291,121.5503004791443,,,,,
20190211,-20.786698298635066,-52.626153884310284,,51.59794026280912,86.24734636170083,-93.30597923589228,112.83708401788357,145.38284737799518,86.43954078333736,-99.6265936432811,,,,-72.01599957763281,-75.64412046299647,122.16065356025057,,,,,
20190212,-6.397780057264099,-54.76248715914508,,54.026432084562124,86.62537174978411,-91.77337051184878,114.37674196323822,150.51797615776252,87.99484512912498,-99.83622863591906,,,,-73.43827156105301,-76.1738067217699,121.25491450712667,,,,,
20190213,-15.773865931788631,-57.20150917580537,,54.54037847593785,87.15222165010464,-92.4205543061224,114.57538271074283,151.28023232267694,88.61991837527188,-99.25128948967007,,,,-72.03562205803019,-76.55841568948728,119.73443798913542,,,,,
20190214,-2.0010679668038582,-58.812422980990505,,54.94284130488291,87.8233323259614,-92.80915787178283,114.25337233340781,151.60137890920288,89.10882770893788,-98.95322694249917,,,,-70.85934374374199,-76.29983388210445,117.9360025827381,,,,,
20190215,9.08038498460934,-60.269984329292654,,54.56383658852776,87.82528016711736,-93.3554309963107,72.73336549466599,151.11634983669109,89.86413656990192,-98.51144441991823,,,,-69.78340080135375,-73.81017257800004,116.59492446700338,,,,,
20190218,19.002042181318593,-62.50237870308729,,54.50237472107366,87.6584340737963,-93.77787358303723,38.804482999138635,96.48462756650139,55.56970942222071,-97.06407393132123,,,,-68.7442115096143,-71.61143281332643,115.63068825575422,,,,,
20190219,26.901395144075817,-64.29619337893922,,54.33804078097263,83.51164890866087,-94.07069672708425,50.39638612276408,52.22605845476494,61.91777641804432,-96.76468016496005,,,,-68.0207978211476,-69.69076117609615,112.49774087312291,,,,,
20190220,33.10992554396245,-65.66092870235613,,54.290661075221294,80.19136302186718,-94.82724402285574,60.22217852655479,13.014710047029624,68.04530544611956,-96.54510474359101,,,,-67.42700837987562,-68.12677202247652,109.98743502283705,,,,,
20190221,38.26480403491366,-40.65985943532844,,54.0767194084476,77.31612249140458,-93.99796288488025,68.16970021255756,41.021235299865715,73.03320037868693,-96.06942750693457,,,,-43.317727401644675,-66.91339551929389,108.41962818742017,,,,,
20190222,43.12918823763607,-19.89745671580328,,54.70419311042727,74.80374028533598,-93.44094044748098,75.42722824651914,2.601432549807469,77.66563022474048,-95.62093074946776,,,,-22.770111407051928,-65.88919525173397,107.07465001599114,,,,,
20190225,45.946978100771815,-3.150531747373357,,55.50169260039312,72.85542607673149,-92.83762960663648,81.05822336998833,-28.808641801995368,81.07613673869353,-97.90995496297252,,,,-4.189632536954027,-66.20866177366538,109.42244644433153,,,,,
20190226,47.939920564848244,8.86842215253104,,56.473254012763924,72.10277575591084,-92.27775604730596,86.03223481100098,-55.1885324187561,83.99009060624385,-99.61305877522453,,,,10.832089336180799,-67.08735540771832,111.91995091277893,,,,,
20190227,49.40649048896696,18.546354431345137,,57.21750285093412,71.47278563214441,-91.75134354264638,89.77156320229615,-75.58155676666037,85.92113522267218,-101.07288829321658,,,,22.975405500713695,-67.55631298257815,113.95276812045857,,,,,
20190228,50.567752019781906,26.761643982164355,,57.82768251836909,70.95691241886448,-91.60883302041142,92.85370266192537,-92.88269888075293,87.61216478371792,-102.12198581026172,,,,32.912249683963765,-67.96846384054727,110.93669952004421,,,,,
20190301,51.039311585058975,33.118698053932185,,56.617801365450156,70.12422818239914,-91.32280839708778,93.7988879277802,-104.09804331641597,87.3253970902159,-100.62687161332573,,,,38.654592516344344,-66.04876617856316,108.32060765361165,,,,,
20190304,51.27348760528944,37.82734894976473,,55.64955823727163,68.69215972311353,-91.87148130988777,94.64358314787341,-113.9965239793508,86.8563971782953,-99.49528423276075,,,,43.86875673744559,-43.03062194412663,105.57202182927043,,,,,
20190305,51.54260530913596,41.7453340368597,,54.789087679306014,67.65023928564551,-92.36263644884217,95.48303690144226,-122.21594992702354,86.94890129591678,-98.61824932565683,,,,48.15039748674655,-24.17194855280716,103.22794707176703,,,,,
20190306,51.82541917204941,45.09988351860884,,54.067833325840944,66.92459246734578,-92.76527764477535,96.90527306537538,-130.08647791554984,88.71492181614613,-97.08570301170535,,,,51.30951333140109,-8.592450548101436,102.04164297668162,,,,,
20190307,52.43133461407729,48.068282800663404,,53.10950245685086,65.81289331290729,-93.47220186385101,97.8646659877481,-136.52610606953104,89.48491753791788,-95.1452529132403,,,,54.80291130568552,3.4577614069385936,101.43059470334042,,,,,
20190308,52.61987411691265,50.905284536958355,,52.77504285853191,42.95464181780261,-93.84599433181988,98.44730311014055,-141.65337208030573,89.90785867573526,-93.58531120621949,,,,57.15203689312788,13.320142808704462,101.70893104849225,,,,,
20190311,53.72368359344118,53.451598635172274,,52.42356363801472,24.06393761546801,-94.60047218344735,101.9363784298065,-143.9156653542494,90.91027929725492,-93.39134791482556,,,,59.091729114752994,21.391421908768276,64.81945004524647,,,,,
20190312,54.55185731396024,55.469366936282555,,51.906988845677084,7.901409096494732,-96.79701407229042,62.055225891602,-145.8942751714323,91.68720925227805,-93.24315581630535,,,,60.80067656740096,27.78143527587446,34.35196240670489,,,,,
20190313,55.44904931145972,57.27051942012551,,52.204464473184395,-5.047589705770303,-98.95995141756316,27.976973358504033,-151.48590583676932,93.31744014575293,-93.80235336098332,,,,64.20308236789374,33.08243833338311,9.406837872853302,,,,,
20190314,56.475466933898055,59.01176084213451,,52.473598642278965,-15.721920081684205,-100.95731067197032,0.11214913507879752,-156.56982446716518,94.12592253759041,-94.17742387287045,,,,66.97669870802847,37.503318146261904,26.254119945024108,,,,,
20190315,57.19436450131153,60.44436272964733,,53.30190814164075,-24.359658219573728,-102.42819954785541,-21.66766759386386,-158.58506861898866,94.38208470687408,-93.67013472469885,,,,69.04425189304915,41.984469913863656,40.25075105323174,,,,,
20190318,57.996385517917126,62.34793432282321,,54.20796233744483,-31.652512213313308,-104.01663507994624,-36.76469948734033,-151.37967116956509,61.31804177029477,-94.62871415710396,,,,42.645464717757456,45.21147487245961,14.413139325108228,,,,,
20190319,58.4087927981979,63.58049970699364,,54.99287862940194,-42.360677194902536,-106.81012488457047,-51.491753741822045,-145.558744110644,32.69386120053403,-95.39965834070564,,,,21.0720243449243,26.039114945142124,-10.705809379198687,,,,,
20190320,58.55701876976166,64.76467250544802,,55.37686292410414,-51.38983627695635,-106.08595920922835,-63.82526537378943,-140.7961674260722,9.261825293117937,-95.83306907553668,,,,3.4543994748526976,10.635880960370688,-29.632957863496625,,,,,
20190321,58.57281057392291,65.45118281884064,,56.04554233430764,-59.08803477253176,-109.16071683268827,-73.55596334984311,-136.54893067969763,-9.532511235262472,-96.98516066897194,,,,-10.995003694633027,-2.1538593285866368,-44.977533985318544,,,,,
20190322,58.36810059020839,65.9381708385707,,56.564453558479926,-66.69891252838258,-113.11760077531612,-81.4416019093185,-131.12307101107447,-24.853536220718045,-97.80166139598792,,,,-22.816396700670616,-12.663526133129588,-57.172843820067015,,,,,
20190325,58.236621102047415,65.97021025762884,,57.22471963320732,-70.23714074555885,-116.92953722750588,-88.2359508902785,-126.55150037309386,-37.732375656427074,-98.4484876023004,,,,-4.880278907872137,-21.284169218733684,-67.24606871564006,,,,,
20190326,58.4037394728641,68.29605839774695,,57.76936302242915,-73.10033814295863,-119.92755640821773,-94.21462282113853,-122.94746825454632,-48.82554774527803,-98.68301766829089,,,,9.938207612536702,-28.55583362674113,-75.58939944237639,,,,,
20190327,58.75618263796628,70.3186533850626,,57.93286371497328,-75.24395540858318,-122.32940262089404,-99.42112933222448,-119.93106967565836,-58.536881333878455,-97.94689639032545,,,,22.24641500375434,-34.495886981279696,-42.194769823963036,,,,,
20190328,59.26527100727343,71.51143089364568,,58.0604907933389,-77.17397464991187,-122.44387176608728,-102.91318436695761,-117.4772685884807,-66.12533416077318,-94.47296764374501,,,,32.27320476321827,-38.96076504417584,-59.7219119771927,,,,,
20190329,60.914282748222945,73.28350821367268,,62.34928547860364,-80.74171828147391,-120.58883672075414,-108.6777366147685,-116.0739180836986,-74.83338374474152,-93.25105383522563,,,,44.23269580411239,-46.30775308847365,-23.312427208213293,,,,,
20190401,62.87608422731759,78.06276460596943,,66.18515973897844,-83.40314624064878,-118.99066265248759,-111.83002895162407,-114.92552852721984,-80.79083519599514,-92.68437899053544,,,,53.902859174871466,-50.890248679841754,8.478348025413576,,,,,
20190402,64.21354816492868,81.04941353457751,,68.76181613379354,-85.58857338835907,-117.75795586340396,-114.0044693730677,-113.95370790058381,-85.74182502745731,-92.21411091932596,,,,60.81009236270871,-54.61196182642931,-21.096173298357588,,,,,
20190403,65.32739023878672,83.61251414236148,,70.78267383762439,-86.84858267947321,-114.71820506162426,-116.15006458616415,-110.41914127847583,-89.25860844658757,-93.97449711224036,,,,68.28906156297067,-57.63716642913891,-44.330364441285155,,,,,
20190404,66.21539923403508,85.24889855310951,,74.30825578260102,-88.68867405290523,-113.3715368056059,-118.28855539788594,-107.51614927059984,-93.15758171731262,-95.22689747492481,,,,71.87784738164316,-61.152750181824125,-62.10024341074425,,,,,
20190408,68.03122189892625,86.54270394558469,,77.78475925096083,-90.27709989200116,-112.78245550354396,-118.10131426601666,-103.69905786268495,-92.68900887326585,-96.20893905949026,,,,75.7119946615603,-62.61058778231272,-76.5368199849108,,,,,
20190409,70.13922930059928,87.61329123142828,,79.77219959342233,-91.34255809025657,-112.25796495456785,-117.87011505049892,-100.90648397836794,-92.23775820899684,-96.76933094246563,,,,78.66520682132447,-63.57690979874935,-89.02782719865205,,,,,
20190410,71.92724348755365,88.32118842490463,,82.64912664352752,-90.25126174332274,-111.82478641553944,-117.67890535931875,-98.6140822487152,-91.89840843587031,-97.26406844253366,,,,81.06958457924698,-65.05830762429832,-97.50518084630957,,,,,
20190411,73.56195671144577,88.79233107666377,,85.20159181024732,-89.74969192147611,-111.36168026372845,-117.5051612766003,-64.71028884552247,-58.76401817566096,-97.56007594249496,,,,83.48124905554037,-66.26341777710348,-103.05961844411047,,,,,
20190412,74.55307059863867,89.12951666558888,,87.05000684061949,-89.34801485145798,-111.01090905714719,-117.85059374136296,-37.407264422504404,-31.04675986097647,-97.72267795774641,,,,85.35928950699855,-67.33345570966743,-107.54461615520188,,,,,
20190415,75.58449468744536,89.1244660924753,,88.45481141095986,-89.51531432780985,-110.90355597149636,-119.44406975835336,-46.717383453076486,-42.70496799662918,-98.28482871616292,,,,87.44355111879709,-68.96122763418337,-111.21064834987831,,,,,
20190416,75.70682501465429,88.6273469526953,,89.52709070735966,-89.36976532065813,-110.73084662302423,-127.95047348132472,-17.779843213854058,-14.891799856291746,-98.31817757855919,,,,92.17273762059321,-71.20762818186184,-114.64572820077322,,,,,
20190417,76.18447929470774,88.13078046708502,,90.59738643301033,-89.4731747865799,-110.36926757038883,-135.00921304655776,-34.87329295339507,7.89956406292641,-98.29013899253664,,,,95.38957708204306,-73.04843827456038,-119.11583923785048,,,,,
20190418,76.6763304750509,87.47411504315885,,91.28391552306313,-88.52735574352516,-114.20916977676389,-135.61892599306472,-48.041416623181476,-12.640556040766107,-98.84552663280034,,,,65.33962786956515,-74.23612546023807,-121.97350127631391,,,,,
20190419,76.15601392236997,87.33107666471392,,90.88242323556288,-87.52311659025482,-116.8572599065656,-136.39299157233498,-58.8319177227183,-29.64618806335958,-99.07676515036744,,,,40.741722573690396,-74.83982415906716,-121.95887928404747,,,,,
20190422,75.64445071536554,85.34479017615045,,89.29805745546597,-86.66855927014291,-118.97532124168598,-136.83922574154946,-68.73625989592269,-43.52996101563823,-99.14752612529824,,,,20.726670235780695,-75.14721959301457,-121.8005364484664,,,,,
20190423,77.58955689705078,85.10713431484879,,89.35200669711418,-88.39202783523217,-119.34671438646387,-137.18380739261167,-76.7164457991393,-54.827139298532785,-99.1649246381088,,,,4.355905686857499,-75.38347751397076,-121.80055532631222,,,,,
20190424,79.0682368418386,84.86758966307463,,89.14460106739882,-89.72136178431691,-119.58781291687417,-137.3741762315002,-81.42693304619685,-64.1674032257272,-99.0771265614308,,,,-9.009582400363021,-75.56406220093258,-122.0398260672529,,,,,
20190425,78.1311993367285,84.22907164933704,,88.42286832984969,-91.43401718063996,-119.72727859508305,-137.44617254520304,-85.13299704641796,-71.51252697574004,-99.4380575465672,,,,-19.939822141313353,-75.82548819151313,-122.83331702124808,,,,,
20190426,77.17181914369914,83.39378594544661,,87.54136894104842,-92.12084066128672,-120.85013957379,-139.47856687243512,-88.11104255299705,-77.93944166755517,-105.20800812516738,,,,-28.743951016693366,-75.505439102879,-123.53024485258877,,,,,
20190429,74.93359259807146,80.61518377599663,,86.37847834449617,-93.05517078455865,-124.95354461413818,-141.6766387492168,-90.44156548696112,-83.548022230928,-106.02029319247413,,,,-36.75339669577188,-75.105263304592,-123.62181241932934,,,,,
20190430,73.12975107324122,78.28814265383333,,85.33646668096635,-89.6528939547723,-127.41653707800283,-145.49518687287218,-56.589836309322784,-89.20892504677569,-107.2173052940188,,,,-43.34272673696859,-76.28665421556605,-123.82709097333654,,,,,
20190506,69.8834022708486,75.38782573923139,,83.39298688770008,-86.86916757390918,-125.82022775367412,-147.92422973249222,-28.838578236147242,-93.1372940877844,-108.25560219110962,,,,-48.312714686397335,-76.97633262324837,-122.89350715759285,,,,,
20190507,66.53057107211485,72.24611826593302,,81.78670329009994,-84.16137530725184,-127.95075184629042,-150.12843652839823,-43.51320200020169,-96.74611773309772,-109.00930946210615,,,,-52.29891498974375,-77.07644075938047,-122.6449395872005,,,,,
20190508,63.68930950951503,69.69329344617998,,80.11387618439255,-81.94348433599487,-129.65902992707268,-150.0402357280955,-55.024351116058405,-97.87817991005554,-110.24974025938043,,,,-56.7343660668976,-77.14537094631352,-122.8994459364482,,,,,
20190509,61.39386309006979,67.80244718992965,,78.63072974900902,-80.10804984312585,-131.38887074567734,-150.24578918606008,-65.15547877751706,-106.76517535941996,-111.3837487833217,,,,-60.486553389963795,-79.40475367001889,-122.14015957831018,,,,,
20190510,59.47418845158778,66.1305112723039,,77.65752818030383,-78.8463635413762,-132.07829423043654,-149.55071501011585,-73.6172156853576,-113.44865750837958,-112.30182153602455,,,,-63.7444496934705,-81.55366325175656,-122.69098943816331,,,,,
20190513,57.793144266638116,64.5223451998337,,76.82797604785553,-78.52327789389285,-131.11981760969542,-145.20823446448563,-79.06490301913816,-117.76620503734424,-109.40997164623194,,,,-65.820149965955,-82.86618670061972,-123.59210663135049,,,,,
20190514,56.16598613278748,63.252404607765314,,74.4818503026961,-76.65157739793008,-127.2223128401006,-139.92406506227698,-83.80113615670756,-117.3339269803341,-104.60936150872745,,,,-66.13608084022601,-83.17502354117156,-125.57297497262094,,,,,
20190515,54.87973151527223,62.29790576985258,,72.50611587251707,-74.62389475182748,-123.99397117218054,-134.98840800389462,-87.83021312961144,-115.77437499059107,-100.53260519415795,,,,-66.54857391793298,-83.0935251883261,-123.41971945912152,,,,,
20190516,53.656308403869716,61.54503457532955,,70.72293051826003,-71.1531011924077,-121.2748228668046,-129.88427976625442,-91.01971860983737,-113.77993778154715,-97.02479986062666,,,,-66.57737586451331,-82.27734374129795,-121.75725901964495,,,,,
20190517,52.71105993867959,61.16383054956978,,69.13816160788926,-68.47902125663087,-118.64995589721045,-125.18387855417717,-92.64988058410573,-112.11747146641211,-93.92486653569188,,,,-66.64856725211438,-81.81413981357247,-120.42829913064888,,,,,
20190520,51.75949387826303,60.80968231309157,,67.72698630263608,-66.12281921018558,-116.45308370917776,-120.17103070710539,-93.95120348940272,-110.0962373809284,-91.27195122534523,,,,-66.5922710319514,-80.14961420142646,-119.36112035365609,,,,,
20190521,50.91712283173025,60.18074517529764,,66.80262284584909,-64.18508341338996,-114.37995653958228,-115.86679036549768,-94.78066281182109,-108.05418372006349,-88.9148187775362,,,,-70.05912546966762,-80.06259853685549,-120.0314805690615,,,,,
20190522,50.32670177924021,59.54937614486062,,66.48252669434379,-61.45446993092973,-112.33269014543798,-111.43657984497817,-95.33069225362739,-106.17517780245882,-87.11955217286456,,,,-72.80277671588108,-80.13225514341809,-121.9183422044844,,,,,
20190523,49.57146681755816,59.171271739876175,,64.96478291163709,-59.05724562946503,-110.78319231014864,-107.51318808039106,-95.27630422163747,-103.75715669708728,-85.69924119448471,,,,-73.93942857944205,-78.43155098749199,-120.26375210851067,,,,,
20190524,48.796614099545714,57.80885433116565,,63.43354816119903,-57.053422814294656,-109.74205128666387,-104.3522180433762,-95.22624855298413,-102.0046114347897,-82.65932318468583,,,,-75.07867928372836,-76.64445953992163,-119.04155084012811,,,,,
20190527,48.17008411069899,56.68574765377142,,62.08535437969685,-55.442147135291414,-108.89743069690452,-101.73117321273601,-97.06593765059357,-100.56461979368036,-80.2804105952741,,,,-74.14914602253486,-75.15404587283771,-118.11589810726232,,,,,
20190528,48.171375763755755,55.83243505867716,,61.54743319674121,-54.10466501729342,-108.11404986565094,-98.59123095456775,-98.28765479495891,-98.77800183676669,-78.36211631995772,,,,-73.30262061563315,-73.99262828161538,-116.39740778827213,,,,,
20190529,48.17280114726582,55.24311333293514,,61.06757720166386,-53.12060207530591,-107.29825302286706,-95.99295803540987,-99.22029528851279,-64.65244077667073,-77.01269632023583,,,,-72.62221665896868,-73.82460583423492,-114.9182214291355,,,,,
20190530,48.563161409283225,55.38993023252305,,60.49361742126997,-52.15194323993137,-106.20565924687246,-93.56421943444552,-99.98888220252684,-68.7416703098613,-76.9174087560524,,,,-72.06471840331476,-72.80898428160845,-113.98611356845151,,,,,
20190531,47.898038530312874,53.573410016110344,,59.4211907690683,-33.34094058996356,-105.52299932762779,-91.64243852448948,-102.51472636796248,-72.50083205552113,-76.80706012720408,,,,-71.73914513099999,-71.70338607952078,-113.04483526514949,,,,,
20190603,47.743588669529316,51.85429507664894,,39.06620574691522,-36.074599260932885,-102.47131013120999,-89.71153071505312,-105.51881567227464,-74.854937754094,-76.30645801116255,,,,-71.0323788459546,-69.07769640055392,-113.1317629767676,,,,,
20190604,29.86811517033028,50.885846112466176,,22.33036583027095,-20.571414841630325,-99.93464759502233,-88.2665619295079,-106.79714955550533,-77.03461728391386,-75.79264314292415,,,,-70.65167639361695,-67.05351670078052,-113.08253627611599,,,,,
20190605,15.278742399297752,50.02403048647882,,27.896860682877918,-8.046834193726085,-97.69899195082708,-86.77658391591531,-107.68359559467146,-79.1977103903415,-74.81887813950223,,,,-70.39376743442953,-65.35957449116123,-113.02450973405824,,,,,
20190606,21.678575412284616,49.23556776264386,,32.17262167204656,2.1931724808799324,-95.7799291813645,-85.82703264855232,-108.94812959678146,-80.5158820060435,-73.87554925230927,,,,-70.21173636858792,-63.9593873281462,-112.31437783280992,,,,,
20190610,9.058252404981323,47.728103922936725,,17.43452537227542,10.575030921843501,-94.23265967098199,-85.18413239812591,-110.33001291486273,-81.70083029678402,-73.08683126667599,,,,-68.29236950139489,-62.66836653838482,-111.67737666237034,,,,,
20190611,-1.5635168225310627,46.698450092695474,,5.948303673627985,17.392749758103584,-92.82658698789373,-85.68714413969143,-111.54827404361683,-82.94666238364667,-73.58985464793865,,,,-66.97346457205816,-61.687114156066365,-77.20489209036495,,,,,
20190612,-10.087425257499573,45.82187359844064,,-3.778328032720224,23.23815371947486,-92.45334024311772,-86.93270093120476,-112.47097239379998,-85.41943752751168,-76.41070489152773,,,,-66.61475353636791,-60.985928585978876,-77.17692495014506,,,,,
20190613,-17.03766097382222,45.081962672490285,,-11.850234634115134,28.151065361379217,-91.94349849999023,-87.64681081203706,-113.92020121513859,-87.29972868598837,-78.7098072401725,,,,-66.04465792809211,-59.8396884347727,-77.96437479498648,,,,,
20190614,-22.882516512901773,29.169066650842222,,-18.588862239379736,33.00029388130264,-91.58925748445607,-88.41870649309277,-115.66681059549839,-89.33116623281045,-80.61577429366842,,,,-65.72139625209134,-59.195133550098156,-78.59549203765873,,,,,
20190617,-28.013250452070285,16.041661249876686,,-24.10697172259911,36.771193134891256,-91.44800074807209,-89.27481599736272,-118.24563579932253,-90.94709313181818,-83.23164701918815,,,,-65.0998365828955,-58.674867569156106,-79.11555489160308,,,,,
20190618,-32.68629455657304,5.173580678934711,,-28.848376611610725,39.893707128972125,-91.39481962640717,-90.48835401547782,-120.35387211208204,-92.61501727678765,-84.95771417119333,,,,-64.16919364158679,-58.879335201791925,-79.61845296929992,,,,,
20190619,-35.3298821555686,-3.2403291310363556,,-32.33156354059981,43.078473399763865,-91.56932468392843,-91.73237688452001,-121.51643627177651,-93.4295196020089,-86.17363417628712,,,,-62.59256787498841,-59.1916647317913,-79.99664107575302,,,,,
20190620,-37.357836193366026,-9.888328812439546,,-34.49385941954764,47.13222081976692,-92.51670538428357,-92.32931795394033,-122.14087378401136,-60.049198500370615,-87.39004656310792,,,,-61.36151022620162,-59.113293385943976,-80.38882661683405,,,,,
20190621,-21.887346574457506,-15.27566290209148,,-37.0359006538323,50.77024288366801,-93.39103716942199,-93.31140889911457,-123.87358368659321,-31.72247143490305,-87.88131392947489,,,,-60.99977029373841,-59.75525874628496,-81.88934196448855,,,,,
20190624,-9.417960411795368,-5.024815281698155,,-39.068931203310704,53.75920162315819,-93.61344961467198,-93.6547727163788,-123.61084393918256,-8.662530277956607,-87.93948185037429,,,,-60.27966347157179,-60.40899016029473,-83.12648029932113,,,,,
20190625,0.7876998963831213,-11.521074974249427,,-40.78163589753174,56.181769568125794,-93.67482023172543,-93.93356230038275,-124.08531199129915,10.222286684562343,-87.84606066316923,,,,-60.064745542562704,-60.726464271537054,-84.05362169969293,,,,,
20190626,8.934114514656642,-2.122386526651934,,-42.048427584631696,58.283420826001844,-93.76245575928274,-94.81701801185409,-124.5618679491484,25.400570747529294,-88.13661819662698,,,,-58.846461561449054,-60.96050780483548,-52.469453565078915,,,,,
20190627,15.596951910429114,5.570607941128356,,-43.08066486566707,60.85954305892656,-94.31548951002733,-95.09564153214347,-124.04952089469107,37.55284518928473,-88.05108301492187,,,,-57.857530485643636,-61.332834934713524,-27.003198592549683,,,,,
20190628,20.848405892148865,-2.7528095959947847,,-43.98047019571735,62.6613045124351,-92.52805775708543,-96.112965048665,-123.31244909313978,48.18715785965856,-87.01785180185792,,,,-57.20168790023491,-61.641852529921316,-37.976628876578815,,,,,
20190701,25.963416140233285,-10.735546109492706,,-44.12474728823214,64.86257462995249,-90.50196005355174,-96.56399153152161,-121.92588894488372,55.865097853812,-86.00176673832331,,,,-54.994312186333964,-61.743365091249736,-47.10421012902919,,,,,
20190702,30.86127238921404,-18.058825850288972,,-45.06838262105328,68.15004159268395,-92.73210700663205,-96.7987600757404,-120.37538231382761,61.11984657362501,-85.51383729056573,,,,-53.858827813748086,-63.63743430054065,-54.60646790681857,,,,,
20190703,33.819884819185965,-23.39017940299781,,-45.598832771910075,70.50812091685924,-94.58804781191225,-96.93402912402576,-121.38795108842488,65.66688279824021,-84.62948578486565,,,,-52.50851820959874,-65.20914690329934,-59.88874401295098,,,,,
20190704,36.145900760239876,-27.750074021167602,,-46.03948457271383,73.2915072795125,-95.52336419114076,-99.18642858214085,-123.49573606868407,69.0010188272247,-85.3333967614866,,,,-50.51989284124329,-66.74811834545781,-64.19905308230692,,,,,
20190705,38.032307225570754,-31.57541453821036,,-47.07013653152547,75.87156166585189,-97.26306485351863,-101.23364099652157,-124.69579818746892,71.85716070097628,-85.97360312560461,,,,-48.4840143910691,-68.0009678229985,-68.03249591809713,,,,,
20190708,39.64558910939317,-35.6293376925321,,-47.91341701199556,76.94345423240217,-96.8118724279246,-103.14400704086306,-126.12153764597608,74.09667679023794,-86.00239434734488,,,,-47.018813136487104,-69.2403200934896,-71.18736978778391,,,,,
20190709,40.93331593721449,-39.017060793134824,,-48.948144371123476,48.92771486433285,-93.09553803177243,-103.21121779459867,-127.85644440443711,75.51555270134384,-82.34881437679199,,,,-45.75619331027071,-69.1290659976421,-82.4540379357233,,,,,
20190710,42.58371380706274,-42.11587171934533,,-49.98927080350795,26.078582180365334,-90.70698712107347,-104.51373303458581,-129.72491034579014,77.66686189076954,-79.31440256504236,,,,-44.66227488338634,-69.26336706290049,-91.01155230259415,,,,,
20190711,43.54920791738224,-43.70901185330029,,-50.69203012627302,7.147788472070063,-88.75229793893652,-105.01643532588463,-131.44058623800552,78.80234542128404,-76.84010656538875,,,,-43.771702016886394,-70.77975814634364,-98.96900777718866,,,,,
20190712,44.711604362874155,-26.544958393616263,,-51.64339247569585,20.704937992614504,-87.17824942937752,-103.69117947621852,-131.08062762523963,79.06290552915095,-74.87043364883085,,,,-42.59675053114444,-71.93843929402439,-56.46301557946586,,,,,
20190715,45.310850034505705,-12.581025491020984,,-52.49944525614313,31.98605248712028,-85.86690605481307,-102.32123443935873,-130.24134151853733,78.57570758811691,-73.21037782473684,,,,-41.61281995213395,-72.9082450015962,-21.7543875819501,,,,,
20190716,46.25010985180482,-0.42933135400780575,,-53.60795143938879,41.50800660702098,-84.79181731649476,-100.7043732587192,-129.10558722511396,77.91908406894775,-72.03499777427756,,,,-40.82755547764242,-72.87514236645616,6.855622618130007,,,,,
20190717,47.07580730546101,9.148487960743598,,-54.32249037576859,48.87009251240457,-83.82054729151243,-99.78079194779988,-129.83739614151008,77.29832890855836,-70.66635385255826,,,,-40.347670124844655,-72.86450290258381,30.565430842618696,,,,,
20190718,47.67146497833771,-2.151684964942883,,-55.38320359618754,54.52481817139,-83.0489491519719,-100.24922001471877,-130.56248723955116,76.97163724877399,-69.60216393597443,,,,-39.849821277843695,-73.63137125019823,49.238113762866334,,,,,
20190719,47.970496774655935,-11.449567841659189,,-56.31115409877299,58.931752373881636,-82.29285765362535,-100.75381538542857,-131.05096949146747,76.73510692506815,-67.87518481629532,,,,-39.26637092439735,-73.71829289143402,63.99018799657062,,,,,
20190722,48.32158044084915,-19.28677394914735,,-57.20012597577007,62.62322435636834,-81.76360877939268,-101.11719375394264,-133.09485115028113,76.61769255998237,-67.47149206094265,,,,-38.46415326828555,-74.10392472444076,74.25665528860891,,,,,
20190723,48.61916949721408,-5.680978937031501,,-58.26882310652943,65.76670690820443,-81.23839804816713,-101.35566571040657,-134.9257120702043,76.48275053760825,-66.70672120051341,,,,-37.762432685260016,-73.81037597951942,82.57685098427736,,,,,
20190724,49.0581260281318,5.8654282888448614,,-59.393679382122095,68.32340560419897,-80.35763689589419,-101.57933806086065,-136.7860827620182,76.50897187418784,-65.98996103101193,,,,-37.48757455569519,-73.60198348227092,91.42435255709874,,,,,
20190725,49.33523555218278,15.325574931559327,,-59.94002027872707,69.53388365326936,-79.65177438114395,-101.67000903035122,-139.22477385952044,76.79981105915887,-65.511855249759,,,,-37.258340467844725,-73.82756719996331,99.22163199033584,,,,,
20190726,49.73136153937939,23.080901172846588,,-60.27652863133117,71.10003014696777,-80.55390354079383,-101.18405376851018,-141.9903443871941,76.95748553508876,-65.54622825066387,,,,-37.04021328461869,-74.23946730690511,105.57679889421722,,,,,
20190729,50.3701751046186,29.663218276549486,,-65.22458146275422,72.4719046823413,-81.77312752052792,-101.29044740229423,-147.86058680675993,77.79559570353393,-65.08742374259606,,,,-38.20087813502247,-75.0067912710506,109.78079030416524,,,,,
20190730,50.69403831661232,35.154900714915776,,-69.03685407712625,73.63233467283338,-82.872496624379,-103.56096041433818,-155.72239090642475,82.13496494068588,-64.8015127557664,,,,-39.33727707402008,-76.5550303868992,113.26683299304062,,,,,
20190731,51.96870174413632,41.51852452860157,,-73.02886593471635,74.5701302119198,-83.59459567938592,-104.84305749063255,-160.92213184350086,85.21008065081168,-64.79392546409494,,,,-40.21438084016015,-76.70165250901321,118.63010865538942,,,,,
20190801,53.16159250990763,46.60957924396082,,-74.87460345067119,75.19803137920178,-85.33953645514951,-105.40180450000791,-164.30084115147204,88.0633302608802,-64.71951303745485,,,,-41.41905672004603,-76.80291082585406,123.05625457233575,,,,,
20190802,52.62031890628956,49.318486916500085,,-73.2460789292871,75.19374739073776,-86.58404860796007,-105.88114792829606,-164.6026661245243,90.13771593331155,-64.5967382087905,,,,-42.53420556862092,-76.65844443645258,126.45263336099805,,,,,
20190805,52.49161041977734,52.002640241615815,,-72.38083963458084,76.25740083869839,-88.53216828991273,-106.14526179404061,-164.5369750880733,90.64895425290896,-64.23727433616648,,,,-43.48653464380356,-75.12279763982158,127.89013182742275,,,,,
20190806,52.37464739622346,30.92329859143032,,-71.67586857085249,77.72960736856056,-97.0403088612479,-106.89711352061163,-164.28754220807178,90.8075287986943,-66.81527322940288,,,,-44.28002824565655,-74.19757454955833,129.8101241514645,,,,,
20190807,51.59403278010736,36.30771514756813,,-71.0288568874923,79.19852144392965,-104.14680163735586,-107.3030287515839,-163.20070827665086,91.36394264100291,-68.94038043422299,,,,-46.57434685293023,-72.70249599479924,132.14165979911851,,,,,
20190808,51.93117620534023,43.493552478957206,,-71.4741932614377,80.22540860147343,-109.59175912347699,-107.71899894154355,-161.66108309973063,92.11617921892802,-70.66817632105536,,,,-48.543981588998214,-71.34984899995548,133.8109231901962,,,,,
20190809,52.20575171497341,49.36961384190895,,-71.65954592579656,81.40155907918161,-113.84729280799013,-108.25115503590295,-158.57144219753332,92.57217921562678,-71.70360471806181,,,,-50.59285739522511,-70.33321737558654,134.85204040354967,,,,,
20190812,52.378709236390684,53.52657847430054,,-71.2118859971999,82.00396977535512,-115.49362283782997,-109.58336418778315,-157.04213239065646,95.65286169605177,-72.54098720661612,,,,-52.17175318240891,-69.4977910149017,132.0454078384592,,,,,
20190813,52.3710356773324,56.90133339928783,,-70.86552738469437,82.77998607084253,-116.8570413551801,-111.3133611751566,-156.0963909066796,98.3256524429647,-73.27661679524113,,,,-53.39147701919748,-69.6272105247432,129.11037601226397,,,,,
20190814,52.06684457786905,58.83322059164217,,-70.46904472893621,82.95930671883256,-118.38872015081294,-112.29302627393253,-154.8668205689454,100.79548707309908,-74.55437803797183,,,,-53.57847681774762,-69.67175396845654,125.96144602075736,,,,,
20190815,51.45750824993583,59.97172897434791,,-69.23278324328831,82.92731121681327,-117.85330077112498,-113.21314990258577,-153.93879941768486,103.24352218923725,-46.70638726607316,,,,-54.41136947276783,-69.79549744343659,124.01710681858091,,,,,
20190816,51.00976415451027,61.063953964406835,,-68.22782419405975,83.00874124326963,-117.76642485587391,-113.5246203279002,-152.43306396007836,105.24418758161548,-21.987241305683007,,,,-55.57022141817835,-69.7714869822982,122.67596768117488,,,,,
20190819,50.5241910800214,61.662773695545376,,-67.37214458059233,81.73058344646671,-116.78654994449319,-114.54427821850578,-150.83662183847022,106.88077889681307,-34.242295427600546,,,,-58.80007793993805,-69.76206201500389,123.72069403469335,,,,,
20190820,50.14278923410902,62.1476232604219,,-43.60670376221795,80.62201645970089,-114.29944132669007,-115.48851515469926,-149.62516796679174,108.36997574986496,-46.302503086663236,,,,-61.83442259512847,-70.86025481977153,124.58965181853195,,,,,
20190821,49.98419215633174,62.65941856166592,,-25.03671668616143,52.61997059344091,-113.43255656601589,-116.82362182675702,-148.74943702349987,109.45465460174644,-19.4163033302359,,,,-64.38593059834061,-70.58914114275744,124.79504470256549,,,,,
20190822,49.842365992692656,63.080915463021235,,-9.804477336877355,29.12806760709778,-112.25836901423787,-117.96853332063048,-146.69997131824647,109.62447625563381,2.4567241303492557,,,,-66.44028072685379,-70.45953861614724,124.86508517167263,,,,,
20190823,49.900934604691855,63.51872621463458,,-18.962054644569534,9.81389028865771,-110.70404111528704,-119.6636446297246,-143.5150086845018,109.22255553703052,20.36063426300717,,,,-68.04133640719748,-70.75561969750517,123.81334270221787,,,,,
20190826,50.02482461544508,63.86494901002515,,-26.32278905947001,-5.805887782063789,-107.00109974624283,-120.89434022356598,-140.8630361914464,109.06758722877991,35.93493994541527,,,,-70.0895686544911,-70.92848771231573,123.3887364814958,,,,,
20190827,50.57150565216361,64.38071428504331,,-10.834084805016369,-18.597458175746734,-71.0201644717739,-122.71292983791105,-138.73677392630614,109.0034112051528,48.44159183351012,,,,-72.60521881308084,-71.10682163312215,123.0655048195953,,,,,
20190828,51.076870105398775,64.56251313917677,,1.7445408857659506,-28.934894349392852,-41.52779897132531,-125.06317272613524,-137.20254198292193,109.53382563206908,58.648820154588925,,,,-74.75806261555783,-70.81051381485408,122.73606056254881,,,,,
20190829,51.685115942426705,64.6665913564659,,11.470022088526964,-37.95761954050685,-16.82970948882695,-125.36306357984319,-135.62732585632418,111.37679395534008,67.51297762752857,,,,-76.21580717275468,-70.47913865422544,121.77985665341754,,,,,
20190830,53.53949576698893,65.73305853305428,,20.40873564089804,-46.17535780572791,-30.761836628017125,-124.39197792595661,-135.02941883931615,110.17371064487207,75.31775316761495,,,,-78.78319382654884,-70.3738095782874,121.21328222048385,,,,,
20190902,54.971352021304746,66.17414106554916,,28.144813865144286,-52.91222251130449,-42.33791087280425,-123.71243665108587,-133.63399188702095,112.03567574471637,85.32014575332589,,,,-82.15988456793553,-70.29903533747091,120.36162659988756,,,,,
20190903,56.14925564209131,66.55726798530924,,34.22390750798117,-59.9214849742041,-52.250922090641936,-123.164193818997,-132.72657755229216,114.06897775967616,93.21122369700811,,,,-85.02959714742784,-70.42285975802682,77.31730575103768,,,,,
20190904,59.218517416661676,68.2065324378667,,39.19686881108078,-65.23640698046933,-25.11666073839693,-121.49198921139995,-131.96403009844025,114.53183998373649,99.80631053866796,,,,-87.3773582018969,-71.28260786579283,82.88067736619513,,,,,
20190905,61.77317211268561,69.36102851143303,,43.188037468152345,-69.51205805690404,-38.113091999087246,-120.2315476294591,-131.8464491690857,114.91227260217671,104.58064676516504,,,,-89.08681940035392,-71.60244450382413,87.28897257505798,,,,,
20190906,64.01569486720578,70.32468786615009,,46.49446805460555,-72.53084075605756,-48.82495510408501,-121.36549194009157,-135.5610079639081,116.77289766309133,109.76408328921863,,,,-90.5946883318272,-71.67171275705414,90.99170928689819,,,,,
20190909,65.65132864200999,71.09185449149838,,49.24250136898804,-75.27642564842988,-58.04418855321799,-118.41169054729588,-134.89486783705232,116.55638341307916,111.54420386646696,,,,-91.56866142147517,-70.64729588481363,96.37271596110467,,,,,
20190910,67.9361771817837,71.74895779325988,,51.490892262573716,-78.1448597483565,-65.17879973042635,-115.79846957054922,-134.2877799431135,115.85261152872711,112.75287591866288,,,,-92.01092739595576,-69.80776900268351,101.42962380110734,,,,,
20190911,70.55875409489781,74.35188381012452,,53.25588037816962,-47.03640422635287,-70.96312638111847,-113.87081259836657,-134.4569744043652,115.37834676342138,113.74333141213495,,,,-94.91524041403122,-69.21537122241057,59.272125517408746,,,,,
20190912,73.8722240581704,75.51781374490608,,55.429608772050535,-55.97357463658458,-76.75267655960674,-112.28332876412534,-134.78620889365354,115.1045599145331,114.75802921191456,,,,-98.32370528855111,-68.77808644717653,27.594210534221524,,,,,
20190916,70.41740718910984,70.57505427030921,,54.43789672276683,-28.51053498752764,-80.71564525770499,-104.73584295813357,-132.1833258179746,109.83897379611798,107.34959367720447,,,,-95.99048288179225,-66.83362585599023,2.0942382613628276,,,,,
20190917,65.97860536995834,65.98967253880117,,53.47016853384397,-42.65188810845444,-83.79489124106676,-97.67063894408066,-130.62059703105194,105.37485565488059,97.33021432061574,,,,-93.0554385756414,-65.06386364232506,-18.219803181691674,,,,,
20190918,61.64486638403368,61.425090990150174,,51.89693432183232,-53.40502284305803,-88.25016643615913,-91.287416769262,-129.13886880375037,101.04073756911134,87.71504959972056,,,,-89.03604874960226,-62.581850880875635,-34.84238698880266,,,,,
20190919,58.115723691279676,57.4071931947997,,33.9672519599704,-63.28733057489872,-91.87051361952558,-86.1956933288206,-126.6121878420526,68.06148070963187,79.81822566892896,,,,-85.43262218524497,-61.1738437191227,-48.03212144858742,,,,,
20190920,55.23058211322154,54.116747281378615,,36.25495679571567,-32.20853240417343,-95.11469160387713,-82.14433684772459,-125.49288346972607,70.68401484205545,73.28901457680085,,,,-82.79657154927023,-60.01283615005944,-58.758828245981114,,,,,
20190923,37.48823763665305,51.425564620158674,,38.1177501195369,-6.96032550961062,-98.30392077026912,-78.93682107760493,-125.63760719505676,73.5756192246416,67.94430328162862,,,,-80.78096612874175,-58.71698573761031,-68.34256746274801,,,,,
20190924,23.276271494564604,49.242908085926686,,22.622619028730497,12.698992111554066,-106.32632474302959,-76.30377645466132,-125.69261179973066,44.446662804664605,63.62029987571309,,,,-79.19682380049946,-57.80330579140288,-73.34365615464628,,,,,
20190925,11.793043722515007,47.28627356955213,,9.815256866539999,28.425652435980393,-112.9033085327924,-74.23191772595916,-125.38109078149884,20.459774473478518,60.12373613675227,,,,-77.90788191579861,-57.278685910355605,-77.24029981418828,,,,,
20190926,2.300651916589897,45.68802382529116,,-0.7309822030038118,41.61746880273278,-118.25232045194453,-72.51432005996679,-125.25933263829998,0.7944815586856624,56.61205522128527,0.0,,,-76.91484543663753,-56.83819512828548,-79.79948520728657,,,,,
20190927,-5.449624768802487,44.36899844490883,,-9.920270511597463,17.128128287703397,-117.28525772244694,-71.58862844210086,-126.54573209715991,-14.922935291731267,53.76519407229324,0.0,,,-76.28778049387158,-56.323776251752946,-82.03259864591148,,,,,
20190930,-11.797295830768785,43.37944514034716,,-17.572164484738284,-3.9004050934140677,-116.93802452870287,-70.88671992019276,-127.17253167155604,-28.78088093669352,51.44659045833835,-74.69486250042317,,,-75.80176212101959,-55.578313502546784,-50.46895763902637,,,,,
20191008,-16.98189452319725,42.59675808954777,,-23.8004266571305,-21.16323715327592,-116.7439122827495,-69.84679792432635,-128.01590267910035,-39.969827627831314,49.55036371291667,-90.11176508212623,,,-75.40789176495272,-55.45410903606554,-24.395560969263805,,,,,
20191009,-21.223748067916123,41.87152719440126,,-29.082140787266503,1.7131218817511364,-116.13371928979774,-68.98943115970047,-128.49535234465213,-49.162285074198024,48.04205133450302,-104.20437507260269,,,-74.87179650301461,-35.393548557453734,-3.0901751271207387,,,,,
20191010,-24.69689201754271,41.27965091111215,,-32.924895925096685,21.386604351534093,-115.6250326839972,-68.43235516419846,-129.2186936756177,-57.14930812223476,46.41046049449833,-109.28741596141057,,,-74.39843114345544,-38.707238190638535,-20.758181472540464,,,,,
20191011,-27.496550379422807,40.571844561204024,,-36.18217677120191,37.49948324416383,-115.3758192744857,-67.95841533166484,-129.65904929452,-63.603535580936224,45.06392820055095,-115.75562343502048,,,-73.98520433031443,-41.464063538325796,1.1351256235215996,,,,,
20191014,-29.751425100106985,39.9757777277844,,-38.68575306142261,50.807429085092615,-114.49154925426211,-67.51665537415201,-130.01934025544008,-68.43405562716187,43.8741549516124,-122.88740266612338,,,-73.6281322134015,-43.51036716015532,-17.070726186457538,,,,,
20191015,-31.59715677306633,39.349834832462854,,-40.62317015021676,61.836324375124086,-114.51406364132023,-67.55383342924338,-132.9750718289835,-72.76449036479521,42.99587286904349,-125.64305121751883,,,-72.88625138001579,-45.59019074523587,4.2015553363779725,,,,,
20191016,-33.10957208450987,38.824010034024305,,-42.20685720938399,70.83374488260002,-114.64479448869469,-67.16478257841975,-135.2912383496386,-76.11434539207995,28.1343194143464,-126.71918704833008,,,-72.34832481363448,-46.67566555395231,-14.621938243213501,,,,,
20191017,-34.359779475173184,38.294891859767915,,-43.57005124362156,78.07280905195432,-114.78684367710859,-66.8492852106686,-137.20605431532917,-78.83910395509618,15.95953882752061,-129.1981988603403,,,-72.10504200965529,-47.55859055497528,-29.48055369413337,,,,,
20191018,-35.49067025563848,38.050046112383185,,-44.78384494404911,82.2584745265591,-114.73718814534628,-66.55581549556008,-138.73457743883478,-81.09003645809389,6.001804071350335,-126.83314606811608,,,-71.9194043696796,-48.27943578637508,-9.734896892269955,,,,,
20191021,-38.485320064858975,40.00237790438681,,-49.0393213428465,86.27807441783628,-116.18900213102053,-70.95608034583479,-148.04583137107934,-89.4068621663302,-3.087409343053863,-126.17619909229306,,,-73.77666539017144,-50.23795796410219,6.146740531869102,,,,,
20191022,-46.94747794212714,42.93983955092698,,-54.24253766821401,52.22480404090333,-119.06816253064567,-78.78225750131311,-156.20041197702324,-97.40906641371444,-14.098697195459552,-126.64850850567662,,,-77.41271253102371,-52.35383467912422,19.1524335785518,,,,,
20191023,-57.51730133988636,46.63743685531446,,-61.72848377755901,23.566709101200487,-121.14786203959567,-86.36597275046479,-161.6084078289782,-106.14088511414684,-25.36109463313278,-127.9165871879687,,,-82.68176317790035,-55.17581139237873,29.758624862578028,,,,,
20191024,-64.28281158025783,50.28002011724345,,-67.91861731846026,-0.19431287211706544,-122.83395427117793,-92.450031274324,-171.53913784040637,-114.61925127361731,-33.94036737774949,-127.1130696569563,,,-87.55810195686182,-57.37736039016762,38.760783846706424,,,,,
20191025,-70.28260303638028,53.39431589897842,,-74.09503076340646,-19.724582414557975,-124.52244427257875,-97.49324096783624,-179.70420260627813,-121.6745776792842,-41.010302488371835,-127.23044266344286,,,-91.58532680803673,-58.7715971236978,46.08760850167973,,,,,
20191028,-75.54483405472764,55.83330466093026,,-79.52053153272907,-35.69343471154572,-126.01891462085241,-101.58654132569734,-183.03167445569534,-127.45500794084415,-46.99226735646856,-128.09618581902026,,,-93.79252052601237,-34.78136979503128,51.842572055334394,,,,,
20191029,-82.18746350628331,57.94874018582964,,-83.57160663216592,-49.48124705995721,-126.03271255817518,-104.90292098902081,-186.251007357006,-131.89224274127702,-51.8089455825197,-129.52155822809868,,,-95.41742591713313,-41.567796506065186,58.70656922547724,,,,,
20191030,-89.4599968428821,34.50648714700855,,-86.9190014797337,-20.96710249055528,-125.78152596149616,-107.73549647111369,-189.5891009699636,-135.4760432301267,-56.60980365033273,-131.37443824253472,,,-96.82012530400785,-20.526912206233238,64.21252035791962,,,,,
20191031,-94.80299645632289,15.387417799917364,,-89.38810181664314,-37.17393665273962,-125.48356624109084,-110.02288904558671,-190.14361330018676,-138.3841987624104,-63.63182635203207,-133.42811133773736,,,-97.89208243438075,-30.28757353309473,69.22009249345004,,,,,
20191101,-99.59672026430813,-0.009734050949059674,,-92.0782962677074,-8.419515271694625,-132.88856484478302,-112.15653824601007,-189.51865136331918,-142.1940632329714,-34.75498240408264,-135.99433273172303,,,-98.91692076078033,-11.132062272147227,73.48090321133212,,,,,
20191104,-100.72522612166293,-12.3274373792713,,-94.42544479487562,14.759225378874524,-139.38891752401946,-114.4790171888655,-190.43210493985862,-145.17637964374063,-10.925489909506735,-136.70914896102235,,,-99.96406950538352,-25.69372768058342,77.01969453321895,,,,,
20191105,-102.62732895179658,-22.455765532752103,,-59.087796291416964,29.119845533707696,-144.4696997730293,-118.83060635304346,-193.17227597169278,-148.3779165227695,8.427417003869037,-136.82425816657974,,,-100.60758972372763,-6.025726610782397,79.97831249968087,,,,,
20191106,-102.92668377213967,-31.282137525407794,,-30.175362791794036,40.555083262568075,-146.0558903579425,-122.3522553104787,-196.22071084315036,-151.04744092553318,-9.849874254664526,-136.77796474729513,,,-101.91785949926829,-19.404903997912466,82.40708313852828,,,,,
20191107,-102.48259070226771,-38.31316096242063,,-3.50875273534162,50.03491043432447,-147.4359300730513,-125.06222701693956,-197.69108254373202,-153.17237447838377,-28.751762651842924,-137.52229282697738,,,-102.89597941848892,-30.387887603104517,84.38370546190339,,,,,
20191108,-102.49507693792451,-47.1853096495479,,-24.313886667076765,24.674706794662605,-148.36627352861217,-127.43673573691837,-200.1245842915254,-155.68180496001986,-44.381236229867135,-134.30307618417166,,,-103.81638130771542,-39.158030618963046,86.16318088653114,,,,,
20191111,-98.2563399234106,-55.21557270741428,,-37.02764022850728,3.8808011530609083,-150.82075534253747,-132.18302362868707,-198.84211700180083,-161.5314057075874,-58.72839123332449,-130.54271877873347,,,-104.8182227843301,-45.84195321548038,86.9754613636052,,,,,
20191112,-94.92804934527022,-63.34180366722968,,-49.22089894400499,-13.647287651353135,-152.8883934573614,-136.77037230878454,-199.95987308330623,-161.71055071388463,-68.46734072045632,-128.20792278128326,,,-107.34394116796936,-51.08620911042027,87.60409058368195,,,,,
20191113,-90.70726362519554,-69.09469661962156,,-59.24416193852973,-27.87228937388935,-155.78571781593908,-148.27478198843627,-202.6125807459818,-163.39906538168478,-77.75923695043738,-127.14039971133415,,,-109.42969839320696,-56.58414311006385,88.17991096963222,,,,,
20191114,-87.24176112937846,-75.0721749789561,,-67.33111937015171,-39.12229231208407,-158.24609608987845,-155.91255790786062,-203.11229564956017,-164.90670846976312,-42.94149670220493,-126.32747471354187,,,-110.55549859569781,-61.096093230249295,88.92747079862825,,,,,
20191115,-81.32177800804594,-79.3549919819257,,-72.94683110575208,-47.19597325343622,-159.93087935590864,-164.3610900546332,-203.5724762947254,-164.37744484423408,-55.583119661513905,-127.03423840157662,,,-111.45205923626088,-64.65697165052606,99.14868064851517,,,,,
20191118,-76.00138968476627,-82.3932594429498,,-77.64894674368242,-23.95144673908434,-162.22816018583097,-175.40783293483133,-199.45966608368497,-165.41535969009576,-66.9222373754976,-126.38909967023613,,,-112.94783585847098,-68.28054901422759,111.3543458675427,,,,,
20191119,-71.40085986226757,-85.06605978481753,,-81.4961041583708,-34.45474687523787,-164.5858201458612,-184.63815610472113,-196.135467865378,-166.3662784063785,-76.21567613743817,-125.73924165986205,,,-114.25778453456707,-70.76201389835524,122.51040147756498,,,,,
20191120,-67.39604960939204,-85.43891652477737,,-84.4490602876702,-15.320905833928887,-167.11094186924785,-197.12663958898418,-192.9540623799389,-166.79702345947962,-83.81090220663376,-125.21101822203202,,,-115.28284114110276,-72.9555089992262,132.82463561896324,,,,,
20191121,-63.100926264707276,-84.87225860033566,,-85.21586717272378,0.3589042530646227,-168.13043991626392,-199.41099865952728,-190.3555218672326,-167.01289183222136,-90.22950539017033,-125.17337977856279,,,-116.21334539654355,-73.76176280031503,85.08039124516144,,,,,
20191122,-59.50724692652369,-84.03998378257373,,-85.03869063210942,13.18742179563271,-168.96457468200433,-202.16689048038225,-123.15932363825459,-167.16944904215083,-94.76644582538606,-125.01717695650142,,,-117.19530140548983,-75.4235808875051,46.22199427610311,,,,,
20191125,-56.38502055008917,-83.38592956854849,,-84.81705968278487,23.96704985901521,-169.58455464637902,-201.48051326684032,-68.67739086287925,-166.0489234738418,-99.08894364252909,-122.60657214768275,,,-121.20546568771167,-74.3881839708067,14.260049975965266,,,,,
20191126,-53.83914930449261,-82.75131350783208,,-84.69853400595876,32.0785412322913,-173.66053777299976,-201.53556502529426,-23.734557040652053,-165.56574679095394,-103.84238713402767,-119.98968662381539,,,-123.53501374477024,-73.40598033821037,35.2470074352743,,,,,
20191127,-51.774577563355265,-82.23516470447778,,-84.88745536839559,13.684469024675677,-178.23918730920414,-201.38267256453497,15.323185997183563,-165.02291071680457,-106.83749195742216,-117.99821681812541,,,-125.41152700222997,-72.65669324355376,51.487820563036635,,,,,
20191128,-50.081057534239676,-81.94436815060888,,-85.07526833279421,-1.3747339544113075,-181.9551618585199,-200.82899719351082,41.173117508019985,-105.07688808691871,-106.44071977082584,-116.32214151207529,,,-126.89221609879061,-71.91328455862528,64.80255858176993,,,,,
20191129,-48.67187585039309,-82.25317004407569,,-55.9300583374826,-13.830493246436275,-184.23641309920032,-196.65865482172032,62.28345901198602,-56.692214282403086,-105.7215354354283,-115.48295346706834,,,-126.91463451570571,-71.299273330399,76.20834927316149,,,,,
20191202,-47.39965399519451,-81.17478395740208,,-32.15740310009309,-24.10929447764721,-184.79882561903545,-193.5374164578985,79.6209182187669,-17.305223331395812,-104.8182002025669,-115.01046863580605,,,-126.75492171931083,-70.71984612901436,85.81212717300848,,,,,
20191203,-46.15703774816153,-81.14485852096558,,-40.03301866503375,-5.280517230088118,-185.5237798493365,-190.61569801927124,89.79640438213585,-43.14659772535045,-102.32231115088712,-112.94262728859283,,,-126.84334339544354,-69.6940426076878,93.97397557311673,,,,,
20191204,-45.01457865426017,-81.09761931560894,,-19.24967955851607,10.2310445044436,-194.0573579123218,-188.52544422413123,93.96591793107626,-63.079558523712336,-101.64112955108035,-111.22705460800408,,,-128.30995866295754,-69.27525347719892,100.59421006032139,,,,,
20191205,-43.93363595549503,-80.62682938969029,,-29.263118260458285,21.783911095561376,-199.35789026594577,-186.85278037213146,97.62984914139906,-79.20647661129075,-101.18439791297135,-108.71009127951426,,,-127.28862676759633,-68.5988810926431,105.00664112826819,,,,,
20191206,-43.019050765757754,-80.25904149350585,,-37.49787512874321,31.71626218199213,-204.79453674001624,-185.58073275631216,100.65788650103501,-92.07252131288917,-100.89150907127913,-110.0913512428228,,,-126.78266910793167,-68.49325326591429,108.75399501863356,0.0,,,,
20191209,-42.64763838260581,-79.08047329526613,,-15.650759049914354,39.722961646768354,-207.21750912686585,-185.54285928373764,103.3051520668026,-103.22677321452228,-100.11732163587347,-113.91131663621171,,,-127.09683806728994,-69.46001565468121,112.98567164555176,0.0,,,,
20191210,-42.333077762730916,-78.28117544104046,,-27.473973828946097,46.39216630922592,-209.25444093426438,-184.73830376807246,105.5182967262664,-115.71434278401472,-99.9885920328603,-115.97906011127603,,,-125.78082804846022,-70.25495989218572,116.06307612855217,43.65740781228881,,,,
20191211,-42.31031694641947,-78.21233332785859,,-8.0355033781336,51.986530260092756,-209.80086910805775,-181.9239747314588,107.1846524773138,-123.53426852845038,-99.75287329987277,-115.30792599596077,,,-124.7998094873415,-70.69064646472447,118.6857884252766,-10.7107328716047,,,,
20191212,-42.35023671905137,-78.41155243423711,,7.837781843589132,56.654733772987726,-210.2122345526877,-181.43028280364535,107.2112495771196,-129.92746680220085,-99.37035914243678,-114.78907578092361,,,-122.66795421539689,-69.9969634467553,121.64639253705445,-25.461207769400815,,,,
20191213,-44.80780864418152,-79.04069310437232,,21.723401616142958,30.846245364250663,-212.17671973826708,-179.79481499551753,107.18829763350256,-138.48811773545467,-96.5355181904331,-114.31226327572435,,,-121.08093136367185,-69.377769664678,123.78358196260214,-34.482307879339,,,,
20191216,-46.90265379401646,-79.62326904133725,,32.71163642575308,9.407305064424019,-213.86991477928936,-178.4575699716418,108.1186280275624,-144.8974451310739,-94.1722409262207,-114.11736482666028,,,-120.31105774001337,-68.87625806362261,125.75266929006729,-41.265630032105236,,,,
20191217,-48.53873019070942,-80.25729375617617,,41.679296839480834,23.248444755576894,-217.26161953449045,-177.25274880478045,108.56566765905917,-147.88519054325494,-91.90567679585186,-114.15156091685385,,,-119.54337930920802,-69.02102820743437,127.25471368144385,-46.319480216093346,,,,
20191218,-51.018486442985,-82.72982825204603,,48.81412872956196,36.53456547186228,-219.22215350026414,-175.54068069555115,109.12956898332925,-149.31857543279557,-89.71899146599299,-113.48729212839032,,,-119.39389668732407,-68.39212025759224,126.43693032668857,-50.933663207119274,,,,
20191219,-53.99311566586524,-85.8147215484496,,55.19471419302521,45.752400450764,-222.06993272764774,-176.57776026249894,109.47709043413008,-150.4963639370746,-88.43150972168013,-112.75226999402241,,,-119.82825560704792,-68.10576417138203,135.91871896596993,-55.08360511522461,,,,
20191220,-56.24389817002355,-88.99809512948897,,60.774118470296166,21.56815283798494,-224.43787473755694,-176.29350890168988,109.74225550858532,-151.51484087813213,-87.60568091149314,-111.85077883240787,,,-120.15489424770938,-67.80212673778625,143.4359755620523,-58.295913545151244,,,,
20191223,-58.08769333621743,-91.44211141976422,,64.945716685349,1.2680856563591096,-220.3644670767079,-177.13567931439417,109.10275764699979,-154.37885803245,-86.55120990460652,-111.40447135889777,,,-120.08373434399284,-68.99509304803072,149.30453544597057,-61.186373226422546,,,,
20191224,-35.32837919441905,-93.69409791962612,,68.35219893191383,-16.159274515223338,-217.09084765607852,-177.1572763159692,108.57831167513602,-156.78526480217712,-85.8249585938402,-111.38593186380744,,,-118.7431678742397,-70.41043362035812,153.50858701335363,-64.12447098253647,,,,
20191225,-16.470112846625657,-95.47631757582623,,71.2976721479929,-30.55018153135892,-214.36410795812048,-176.78093386063966,108.07092077108504,-158.74510355234926,-84.7440587975186,-111.37678347659093,,,-117.70346133616457,-71.51579144607447,157.7105107157223,-67.04913299222872,,,,
20191226,-1.1942561366155187,-97.10996082470888,,73.57869580773237,-7.674261154163167,-212.8342503861681,-176.4853109396262,110.32612791324671,-158.44686314716517,-84.82655354325681,-111.36738647387988,,,-117.07981181084794,-72.92937795401348,160.87530355876447,-69.96914659441863,,,,
20191227,11.326002605119818,-98.1887218519339,,75.7599678663712,11.290452711934684,-214.51347436606582,-179.47187259706402,112.68563831493974,-100.45383643363624,-85.18934647726422,-111.45889890389479,,,-115.89840529520191,-73.72601771829606,162.7023203941242,-72.84875368243735,,,,
20191230,26.302259061687636,-106.28918919460882,,78.13816926312778,26.51184661919723,-227.47083794910236,-181.78926793056564,114.5046899382174,-52.33812206394564,-85.40957055117705,-112.20975732396006,,,-115.2568550971441,-74.94610400452491,164.4359697720615,-75.02099000729454,,,,
20191231,35.081563524222155,-110.36515557018446,,80.11406062178811,39.14019444325172,-235.9745109525617,-179.59472350364072,117.57615284979258,-72.21300702365913,-86.5556020520884,-112.66809393475414,,,-112.75721392515769,-75.79743763802222,165.44618658256329,-77.25413462237337,,,,
20200102,42.39801518437274,-113.97736300946711,,82.44729191912323,49.156156622612954,-243.20396901694014,-177.88084853698658,125.50543291786798,-89.47802416478517,-87.48382544780101,-113.03323368404719,,,-110.61430416064535,-76.48913999580843,166.00824795562505,-79.33984794051734,,,,
20200103,46.46519578753584,-111.03891831529414,,84.37227318201086,61.40931830701984,-249.53783066316748,-176.1604496807864,132.39777636580047,-103.20711954612905,-88.22566809027732,-115.68385213933915,,,-109.41888750344407,-76.98168197533725,168.15757013855855,-81.50147056135516,,,,
20200106,47.271710035437586,-105.82198667471015,,82.42842055733402,68.46769588525083,-248.70848490877137,-173.22430505618473,136.9146531676913,-111.62527040079829,-87.78539131161298,-117.2209711980555,,,-107.46438472700042,-76.7173946603851,169.94454677053054,-83.6743228177675,,,,
20200107,47.60436615114656,-99.853451416395,,81.1958644183771,74.14952045293226,-248.5816976799152,-170.05297778122795,141.20292861515782,-117.70607502774635,-87.62694174105769,-118.11588522814593,,,-104.36507130755693,-76.27090053530047,171.4997249708648,-85.22765368030998,,,,
20200108,47.33549159940835,-94.8683285878687,,80.3943719641194,78.82317381511847,-236.63139588548648,-166.3883230823407,143.36148762328273,-120.91405216044546,-86.81362681629831,-120.0589613401655,,,-102.45917656510144,-75.29614901415556,173.48051535344743,-98.82439926904503,,,,
20200109,45.88199107042501,-87.3230697319315,,76.78661244456715,81.54502055538758,-227.034943459197,-161.9538202113736,145.1781928253316,-125.78721815469022,-86.06387448508853,-123.08324025483486,,,-98.79026418968091,-72.03364748349072,174.46622399595844,-111.74827824289703,,,,
20200110,44.577613336191135,-81.116713674631,,73.75800762752442,83.29884024631669,-218.77474213100484,-157.64260052231035,145.6820049082465,-128.34109807270212,-56.333082278527144,-123.32205369430866,,,-96.41505860406929,-69.96117901617876,176.41066765370513,-119.96589734523715,,,,
20200113,43.49938483035952,-76.0148787322637,,71.3180218160528,83.74620877854757,-211.26122832022165,-154.7146161006541,143.45570061801615,-130.09019841827413,-29.879172604350753,-121.89947981449417,,,-94.48678344761333,-66.83249055941022,174.240610487588,-126.40880139756125,,,,
20200114,42.51892770149739,-71.49156138516507,,69.2088727836227,83.87822210800479,-205.0295744993861,-151.10192547196442,141.7552333830787,-130.1574614239751,-8.851123971718499,-120.74229938767807,,,-93.28167309603825,-45.09185518467698,112.55047625898916,-131.65953886968757,,,,
20200115,41.27083284770619,-67.7799867008434,,66.29295320828075,84.44816477279964,-199.8692455215661,-147.48164804428015,140.61662082485614,-129.6109010322622,8.343802862816316,-120.59761389968212,,,-92.33566616613409,-46.424956236080426,62.33624223399705,-135.99280178096762,,,,
20200116,40.255842034751815,-64.77197574728667,,63.909547268472494,85.78187696758721,-197.03145272244103,-143.7113548426555,139.73891198502412,-129.75416544463033,22.218758925059557,-120.53925226680329,,,-91.46270347151128,-28.13969676995429,16.873643450894118,-139.58473914727477,,,,
20200117,39.577270015438636,-62.393032760097874,,61.930237968038206,88.68365029435117,-194.68988611146807,-140.71170032748353,139.61581864360414,-130.1858220466875,2.783023824008244,-121.1842239229566,,,-90.96941126316563,-32.59977246297138,-20.690394819748914,-142.35556964958505,,,,
20200120,39.024772428483786,-60.44143551335854,,60.20309927203957,90.07966883689953,-189.06047447189604,-138.5872832349712,139.5152044259207,-130.5451814467401,17.55938397446508,-121.45288711943662,,,-90.50660107585227,-17.36537445072662,-51.6550780256176,-145.75713774191945,,,,
20200121,38.4374345688842,-58.80577850493461,,58.82705922807957,89.70375045669617,-178.10918601395906,-136.73578982656278,142.25188110130958,-129.93905334252588,29.6493102184603,-121.0972223080955,,,-89.81980343545415,-5.259641595805663,-8.962867550268935,-148.20883962386216,,,,
20200122,37.935080257692825,-57.52317399839108,,57.69887819555223,88.91776381947318,-168.64311701611283,-135.0818367704547,144.6105613103658,-127.7356597104971,39.76435556936825,-120.53999592115954,,,-90.4027308221903,4.473452826382605,26.730363217159127,-148.67770594649403,,,,
20200123,37.425647669446356,-56.16481063506805,,56.208655379391836,58.76841969294668,-160.30724182645514,-134.26834442324943,146.64333026335976,-126.06584660096674,48.681528563602434,-118.50022555502983,,,-90.32862642172344,-5.134615770413969,49.839145497341605,-145.20656222663902,,,,
20200203,35.59840166187444,-53.24433800421647,,52.68796323611017,39.49923615102781,-146.6700296244536,-122.22519838768558,134.80546260147165,-115.40833676443609,49.83849957924408,-109.07008344559127,,,-83.73834907285877,-11.220516088118577,52.289819575860626,-130.5983716417218,,,,
20200204,34.102018479555205,-50.6031235774074,,49.96618200535849,23.684083484812174,-134.6836168368395,-112.11132470760903,124.95152099394082,-106.71016115344825,50.80990821568868,-101.47503777737562,,,-78.41921445228637,-16.18367816464374,31.18299174516435,-117.6425350246224,,,,
20200205,32.90674105846058,-48.453040092877444,,47.714506408724,27.901811354483957,-124.90219358665188,-103.84501681547613,116.9378367122187,-99.67386340683295,51.75397019452909,-94.94958471521701,,,-73.96947332467325,-20.199168863110117,13.952979323845828,-107.35932636327334,,,,
20200206,31.851661594844373,-46.385952984955196,,45.599260342131885,14.447585039956705,-116.74907220018818,-97.15766407031556,110.18989638591728,-93.81044904486086,52.526867814478734,-89.66588529944404,,,-70.27493026339972,-23.499432414944117,0.6198577931392287,-98.82491728477939,,,,
20200207,30.99175639588608,-44.70375663701078,,43.864719820998864,3.436734459622154,-110.07667964214086,-91.69718061079779,104.67608181799771,-89.00288099545654,53.24937415035596,-85.36457730394426,,,-47.78129802711892,-12.276558437474506,11.366154924241854,-91.85327051693136,,,,
20200210,30.479134032796047,-43.90526267176189,,42.51063934027293,11.190025475196734,-104.61596550555744,-87.29962992716955,100.14932441325307,-85.07200723306279,53.889597341809115,-81.89819807401469,,,-29.124478531285394,-2.9876722414953494,20.3684088037528,-86.16312190510558,,,,
20200211,30.595134651676723,-44.0136841358668,,41.92229698380323,17.73343369435665,-100.18215015866775,-84.08878557618978,96.39029865206572,-82.2405097757828,54.94681449393973,-54.75974523056975,,,-13.526722457024643,4.868771818686161,5.6363144868415285,-81.48316144376669,,,,
20200212,30.597805358390705,-43.921376022727735,,41.43557689700086,23.176405330174752,-96.60305745738297,-81.43717036805288,93.34273772287719,-79.92252805737392,55.818865421344896,-32.570143470369494,,,-0.6541083260582811,11.269059786917609,15.630205057236088,-77.68215713031002,,,,
20200213,30.887706201613245,-43.924441425874114,,41.11016662808208,27.643403595099304,-94.58269150639812,-79.64339255454054,91.10558587184065,-78.48385087845189,56.95316460544474,-14.274371117763799,,,9.935659350188049,16.763603852734473,23.64308812011392,-74.57225692265162,,,,
20200214,31.50449252961981,-44.66182661209924,,41.25477508297778,31.2925360959523,-92.94885996514226,-78.25013703195455,89.22510407386301,-77.11921270849884,57.878427050215215,0.7283833397416365,,,18.827049005795224,21.781438118193428,30.17597683324134,-72.03562472162963,,,,
20200217,32.09784926080369,-45.1756389571176,,41.47695106810276,34.13921706699134,-91.47162851495094,-77.23515846926652,88.57828386336897,-76.16913086934369,59.4156419134422,13.352633978793476,,,26.03675642150933,25.863269281907424,35.52707519162201,-70.25734388878445,,,,
20200218,32.556422921495596,-45.5980709278025,,41.723712728969836,36.830338034741224,-90.4293872832789,-76.45638717983954,88.51830271906614,-75.37310794617221,60.807735482533005,24.30963043928157,,,31.954825921983115,30.467368027914837,39.966666847076695,-68.80350462674477,,,,
20200219,32.79667347756113,-45.763894441816646,,41.534621018708904,39.029090364652106,-89.5334819543608,-75.49056785094669,88.46442547151192,-74.18672526430888,61.865725716615295,32.99954176566979,,,36.74901104254335,34.09013641554207,43.57075493295083,-67.59522995670565,,,,
20200220,33.14558937647171,-45.708814763372786,,41.71606708181852,40.72411946802773,-88.08496403887035,-74.43751673058682,88.08524617818163,-48.42413030971254,62.58665060669673,40.021895186682336,,,40.50344814647441,37.026857323803966,46.28741023693941,-66.70629693819497,,,,
20200221,33.38332165450766,-45.669767220263665,,41.87668073271655,24.562284716296595,-86.89951038725762,-73.6524067817942,87.69575331272767,-51.88965219658239,63.1637177447589,45.76553922042249,,,43.5546197202776,39.47289158148555,48.5196353332994,-65.99596711406137,,,,
20200224,33.18170199021851,-45.27939649440905,,41.97865262967,11.57049634438272,-85.91138688250726,-72.94968947867123,87.37644676327467,-54.72396011138946,63.536934671654336,50.47051311194853,,,45.9819626788299,41.44535079454239,50.29832453912051,-65.42093972992559,,,,
20200225,33.01631913032748,-45.00510569624711,,42.05037512575747,17.854433935177543,-85.74490436179924,-72.3562279232945,87.09508182351288,-57.0440133721955,63.79542973728547,54.522566572747486,,,48.04194583758936,43.1093401802957,51.75017528459706,-64.75481466033249,,,,
20200226,32.511671850377134,-44.361204862802275,,41.5876471120009,6.188408297872835,-86.89484081991321,-71.86333790373082,86.85008132221273,-59.005483997216885,63.87333036434459,57.733885710360674,,,49.634694139071,44.519988306519565,52.95539447307344,-64.05377566254441,,,,
20200227,32.0513804025261,-43.684139451363215,,40.92485056811889,-3.4090058132103307,-87.82940584992949,-71.47988876469321,86.64350764387787,-60.859810954968346,63.92914139371956,34.18491219917219,,,50.8620433551536,45.781269137470595,53.94210735478672,-63.5134676509409,,,,
20200228,31.600069784416995,-42.95879616622122,,40.22443839311538,-10.22564182638912,-88.44586145489264,-70.48244641768959,86.26120689663608,-61.629267936898735,63.87454144678934,40.743259354233956,,,51.7808803745273,46.267487338411954,54.75890649035306,-63.29126780807725,,,,
20200302,32.2099483623482,-43.40371870665799,,40.96193506785095,-17.294057477568025,-99.22406944644885,-77.16386983367362,106.62485247460071,-68.77641206800936,76.05045684442236,54.8810597878804,,,59.228375694740066,49.804475991311826,63.29771917421983,-72.22511354849298,,,,
20200303,32.74463727475829,-44.07048397768118,,41.56042923958041,-23.119494269726754,-112.41186038936358,-82.71951050203387,124.17661380216155,-74.07991839769511,86.33016534085816,66.06037003687779,,,67.1472622135717,53.36237926426912,69.43404328469596,-84.97885870103639,,,,
20200304,33.21377160600838,-44.6161367509923,,42.055660943838525,-28.030473133790085,-123.19818836800647,-87.31052726039577,138.99647853301428,-78.38148903110536,94.7884904672383,75.74216269044199,,,73.85858683258952,56.78053247864051,74.49031240094443,-95.3976182811289,,,,
20200305,33.91455538384595,-45.53557429990821,,42.85735347847194,-32.110778767866506,-132.9940827218361,-91.07847098862887,152.45231007231467,-81.85152924692629,53.02405598651091,39.71949741105117,,,79.51005523624674,59.878603175476655,81.91178209897257,-103.27705872956979,,,,
20200306,34.254261244989614,-45.55123884656324,,43.2233632980237,-35.24525809903669,-138.71501190636266,-94.05458725434916,162.99099919042598,-85.09548316610842,20.206963749501565,54.64002184806148,,,83.53620002341832,62.71296507528143,46.09629940049891,-109.70584789002567,,,,
20200309,33.551836464104454,-44.749262548325866,,42.1485121754329,-36.54613318107328,-139.00618738695272,-90.72272272255923,158.7012829643112,-82.51796849537496,29.976983553404796,29.686841468762747,,,80.99817693800179,61.47298140172998,58.056977087315595,-112.36383825109513,,,,
20200310,32.223974741297134,-42.60575007163188,,39.88071165232241,-37.083607735970546,-137.2823627048086,-87.08224191741186,152.29972066957174,-79.74448095675895,37.51129542363419,10.258365734221735,,,77.73361874476512,60.46242506415888,67.3763690196485,-114.40470370685729,,,,
20200311,31.24311619796756,-39.901962709506854,,27.326583170411034,-37.47594595299181,-135.87246146660624,-84.06740127141339,146.79696542700742,-53.075652925574445,17.945337535204136,22.309982979659058,,,74.98230549650825,59.651715148146295,35.203472488569936,-115.98894161923869,,,,
20200312,30.375528490596707,-37.67361754602337,,17.097461947349085,-37.79705216060178,-134.41475569206622,-81.54537361334187,142.2869973219653,-55.32599024106177,1.9776372255884704,32.2063358732884,,,72.55503262993467,58.89229725208736,7.3034807753956965,-116.28342715708128,,,,
20200313,29.636437617359086,-35.72732025501809,,8.715326836061681,-38.042988671226084,-132.90741499901407,-53.93987645955266,138.74332399212472,-33.32779731611122,14.295547120999125,40.40866903939233,,,70.7270141529189,58.303037868994906,-13.878835480142909,-116.5200584339945,,,,
20200316,29.087854030683815,-34.000330039228814,,1.844834469368059,-38.30692030929384,-131.82410024759002,-56.728314527184196,135.61350364601387,-15.800136241195657,-0.8293844754183775,47.19432080764307,,,69.20294463311329,57.89232564123913,-30.552704412963035,-116.81958122674541,,,,
20200317,28.555860175889144,-32.576749488519226,,-3.751250817712647,-38.50420974010038,-130.94048381778865,-59.01122523707864,132.92115026575567,-1.3796698344281084,11.762616617887558,25.215827949385297,,,67.77690293895847,57.56886712653434,-44.0791402249615,-116.35472643395369,,,,
20200318,18.5250126110079,-31.563228337223965,,-8.408564823148987,-38.42824755108033,-130.2618825111392,-60.77234983295019,128.8386046376968,-12.320542832342078,-1.9863472358130798,10.437970291517129,,,66.44943250950243,57.634539094221694,-55.07219136627863,-115.5440131924273,,,,
20200319,10.183442023649391,-30.912940198915503,,-12.275804354119412,-38.322766620873026,-131.1611977319927,-62.58961833457443,124.71491176881197,1.4029054262539784,-13.175333255264533,-0.29189829994420907,,,43.391033770376694,57.31514179832032,-66.15367869114513,-113.95464315013132,,,,
20200320,12.629670258819361,-29.690313343190784,,-14.677715993101405,-38.18308021965163,-130.67495856369953,-38.54750732308665,121.38640190611355,12.20440305308404,-21.541194434687267,-8.49731398280255,,,45.50441986006643,56.056142560398015,-75.03074688608308,-112.01719897063268,,,,
20200323,14.681467548749568,-28.684452204162216,,-16.646938442960586,-37.88180346205474,-129.7709381657443,-43.98707457372279,84.67254016125358,20.578578618648372,-27.02065540283465,-14.336534213346127,,,46.676372423362636,54.990870138868054,-78.921585353278,-110.28652025290648,,,,
20200324,16.252727338744236,-27.605334181516007,,-17.961436315846612,-37.627117582765045,-127.95263570574821,-48.43763150531556,54.95433190907343,27.44634670317484,-31.49592647139816,-19.177990646714427,,,47.71603249541338,54.80047399547977,-81.19762372227386,-110.469608587556,,,,
20200325,17.615271535797824,-26.6710424804321,,-19.02911403539784,-24.262983812601302,-126.62770114895784,-52.00925354569162,59.29408519261516,33.02053826994459,-35.157230391341535,-22.919829036743796,,,48.15036563465433,54.5955217788321,-82.99483734415998,-111.18437195106493,,,,
20200326,18.73052626010009,-25.916852455109787,,-19.82461458964799,-26.37385153236879,-125.67252728500225,-53.25458730884949,61.599497491982405,36.84778663053179,-38.18255994125014,-25.734309713909823,,,30.295722581348844,54.4513609894533,-84.07578398972267,-111.03820425061123,,,,
20200327,19.626781764747147,-25.32446080193333,,-20.491790605194904,-28.85053696715167,-125.12565162824968,-54.07477743287385,63.41283620145639,20.967493294031538,-40.37871301582641,-27.86703893707658,,,15.66809928648258,54.19309188610274,-85.40028419584897,-110.851011962015,,,,
20200330,20.627421842467474,-24.930717537978236,,-21.26231572242521,-31.620441980944847,-123.20641136029994,-53.98805212960718,41.02505577153851,8.241192776278698,-41.01459067680811,-29.315046473323452,0.0,,4.005469543317395,54.32335259187208,-87.88877707244052,-109.8191704268901,,,,
20200331,21.176013210217246,-24.424741354756442,,-21.66832256778187,-33.59344572400104,-121.66323395999062,-53.677065875894364,22.654747090448268,-1.515733116771864,-39.79022760649568,-30.199706235517723,0.0,,-5.0709159318530865,53.72052664559554,-90.22116175072641,-105.87641237410064,,,,
20200401,12.98544649085653,-24.019020610162514,,-21.96986586854112,-35.19875868995859,-120.16470257625618,-53.18816397472544,8.297594919166816,-9.582966396993818,-38.78992200596449,-31.008570029111397,31.698975731264852,,-12.686603397138594,34.73581482027811,-91.36938198374209,-102.48959218230729,,,,
20200402,14.59540661182914,-23.11978052190162,,-21.739467810561088,-36.131649036440784,-118.948860514949,-51.4242777497077,-2.814566112642152,-14.761754187102232,-36.78324243128276,-30.84489528360142,38.65454144600383,,-17.5975591499259,36.047550739290905,-92.09043787072501,-98.99235688011665,,,,
20200403,15.931201288362594,-22.416731085002795,,-21.538559339488632,-36.9435342137495,-118.81347774584798,-34.418144699194535,-11.49931814652964,-5.45420218176364,-35.13540297647902,-30.310518359898523,42.14545552017971,,-21.4427551255074,37.016618140287754,-88.45557644308512,-96.12743559028485,,,,
20200407,8.926112682358285,-21.79369799223731,,-21.32289077115421,-38.31797313102702,-119.11848481598501,-20.68066582798269,-0.9344347195735393,1.8791542630020721,-33.916032043984764,-29.900680610021542,46.26904943668407,,-24.80881083789098,38.165484919404086,-84.74774484188613,-94.01003668532341,,,,
20200408,2.680895207015431,-21.54869918474797,,-21.55418682178473,-40.053234415086706,-121.01902854309066,-24.4088027852799,8.006708914386557,7.964909415641198,-32.97159765807253,-29.554806760641156,41.12199659696508,,-27.8080503637473,23.352031789097886,-81.93324172524716,-92.74668524115236,,,,
20200409,-2.416169260188368,-21.87579755066977,,-21.796715442366864,-41.53304632524618,-122.46204036900141,-12.721047071271707,-2.2713874563748235,12.736919123875802,-32.1257937323957,-28.784927067045317,38.444730936580086,,-29.98084405125336,25.96909538676708,-79.6181287050201,-91.20455831008479,,,,
20200410,-6.799124818665332,-22.217712605533595,,-22.071205884236637,-42.72310116776596,-123.82592658955286,-3.6012228306982608,6.893017594712701,16.44846697124841,-31.40937185611296,-28.15227771214795,36.601865639052505,,-17.228208129106054,28.173380234617238,-77.432168297289,-89.70513578145548,,,,
20200413,-10.384539302467724,-22.49264497843733,,-22.349019473002706,-43.62247028881275,-125.06426115801943,3.8098962386526014,-3.093262961202015,19.322580509103805,-30.742494537521182,-27.614043700133333,35.73908444883714,,-6.882150301662689,29.924975852385757,-73.94707069598684,-88.09977831500264,,,,
20200414,-13.529819544790834,-23.09971848418372,,-22.65420853269242,-44.41456809903732,-126.01290124352997,9.805174156582222,-11.256371917744708,21.119919783186322,-30.15307735587615,-27.165772108764003,35.24382123779253,,1.5949608672717173,17.884861949965785,-70.68535866756929,-86.27227644140618,,,,
20200415,-16.09384991118943,-23.54576524320618,,-14.169634289726027,-45.075829347532306,-126.77321495978455,14.703591607707802,-17.90427002043593,11.982398834131857,-29.678231767390496,-26.829410475637196,35.245802090435674,,8.623087028070868,8.069825625390052,-67.41267571418462,-82.72469147376817,,,,
20200416,-18.30487354589907,-23.789340669357955,,-16.28401336631937,-46.17234280464895,-127.39701624578689,18.780942380837946,-23.40978056150393,15.18645814619789,-29.38711730253715,-26.87270771274689,35.387298605477035,,14.538347817564343,0.11225012654989161,-64.67239818812868,-79.40253826781313,,,,
20200417,-20.45857395885882,-23.99202474705387,,-18.322794267242806,-47.38778195558345,-129.06599754982474,22.097787711563708,-27.94766441172194,17.800343485984587,-29.14657534250561,-27.287317676824603,34.93716495423161,,4.039544926433987,-6.553961026811453,-44.194789423209365,-76.65423231058311,,,,
20200420,-10.704090075398993,-24.313153928640443,,-20.34133049527412,-48.389357894764494,-131.59385476215772,24.81807855946822,-31.698698395253302,19.948035616221667,-28.954850295998547,-27.68145294231644,34.798853538109285,,-4.823835527386394,-12.232532588915097,-27.466039964665484,-74.13329027525599,,,,
20200421,-14.463587882397022,-24.36037244403177,,-21.296592650538223,-49.72687157863159,-130.31692260394573,26.81266375532228,-35.433440306654006,21.64006478043533,-28.78154813266404,-28.067986973574634,34.859399724616935,,-12.419416705628596,-16.76795639844621,-31.5078048368636,-72.16439989832224,,,,
20200422,-16.98503608105715,-24.20229148674466,,-22.064714403787015,-50.89322433399924,-129.84225706891974,28.385443439736406,-38.60435932853222,22.982153750867646,-28.382518842162227,-27.824548107157394,34.39189419890834,,-17.619341220748453,-20.36493505982095,-16.66837192394971,-70.53824440147899,,,,
20200423,-18.538420697793548,-23.687384279016833,,-22.03599908263025,-51.262163641343435,-129.773312877868,28.907814618614093,-22.25393779051995,23.697342025247213,-27.69272223710405,-27.05590553382862,33.70956869362088,,-20.70947499172012,-10.430703250200665,-22.726584156749162,-69.06399077059079,,,,
20200424,-19.886676664768615,-23.26348640743343,,-22.213271746248797,-51.559746545943504,-130.27943544683185,29.662748632900243,-28.152110546226762,24.439206599881267,-27.062411557240043,-26.427275302143265,33.33241510273782,,-23.24323812783025,-14.678863618059665,-27.589824877925757,-68.13959262126092,,,,
20200427,-20.61548061865665,-22.79802605222831,,-22.362710324784977,-51.99907735427953,-132.81081378041088,30.431713049862775,-32.931705500064005,25.32448155061854,-26.63327200860359,-25.913326129991972,33.0425083271079,,-25.30308962752373,-18.386484034527776,-31.490602367295825,-67.48381034788102,,,,
20200428,-21.287174689990266,-22.412350122909025,,-22.654638756837098,-52.83135839465007,-137.01804908182555,31.791449707220078,-40.126524086659636,26.45354422328387,-26.76740092798552,-25.85945584529653,32.07954299046716,,-27.46479233515875,-8.581980592545174,-16.90131581750569,-67.97934715147619,,,,
20200429,-22.00428927790932,-22.11694228910502,,-14.098707490492489,-53.845780836669945,-140.44974763714302,32.87027699053266,-18.388458318829944,27.393719848196437,-27.173624805836024,-25.81591221734278,31.62179880619382,,-29.276422455616974,-0.47264334882188014,-5.0907116679558735,-69.0073809297031,,,,
20200430,-22.52435446070595,-21.848201269474135,,-15.97306426388976,-55.08775422666732,-142.02830702279405,33.73835337236044,-0.10252596513254024,28.149767360980178,-27.496539334307393,-25.784323393675788,31.27821319912666,,-30.8641549147784,5.991055306123905,4.705862469905052,-69.8753658524878,,,,
20200506,-23.14245874018586,-21.981350476617127,,-17.956746841334603,-55.779563574758896,-142.38712197899608,34.43776418185516,13.172466602652756,29.11969172361704,-28.546425886581893,-25.877818054789664,31.300542591956535,,-32.541884821691625,11.719032983242414,12.481560676746392,-70.74607815822435,,,,
20200507,-23.652987535649313,-22.098776751682255,,-19.5597868000025,-56.44554081264955,-142.94195034799594,34.93007135850323,24.25316949472292,29.885169228457087,-29.41017605447492,-25.933378782713003,31.35976382861313,,-33.94840115736849,2.866601522663919,20.254280724261665,-71.63489241790481,,,,
20200508,-24.216375511577265,-22.383796675045723,,-21.166471287677002,-57.250345917087536,-146.6319082928226,35.607323709458655,34.49255255319503,30.902445391354956,-30.11333876386604,-25.980024901363915,31.694062554690273,,-35.171375867977304,9.25024123236745,26.72873174262429,-72.15627467125293,,,,
20200511,-24.672609090160492,-22.61953134901476,,-22.46343552321556,-58.301699869238234,-149.87619204682775,36.37192595695683,13.376040228644749,31.527499587277177,-30.648758086290258,-25.986822028292384,31.914738261133298,,-36.16780666602653,0.6723273439397951,31.885381977259758,-72.14924254454205,,,,
20200512,-25.08412926988968,-22.906807138502586,,-23.566576791017088,-59.0292511716815,-152.63001491696403,37.10490337066105,-3.3188045490557667,32.19207946271364,-31.13391176113828,-26.368088087225566,32.15753666797489,,-37.182231533336335,-7.236007791724572,36.117074045414434,-72.18282801675193,,,,
20200513,-25.396527428263056,-23.196420788482,,-24.36576181432113,-59.636671992101164,-153.17476472778293,38.0940531270806,-17.00430414389012,33.00540920192722,-31.542904926011953,-26.698824018163492,32.094347421059034,,-38.0118704381789,1.7666791088444425,39.4719514559177,-72.6464513469146,,,,
20200514,-25.652066192235452,-23.42284390652919,,-25.003741397183155,-60.49952581985466,-153.67355588831973,38.94747500833793,-28.125120263786748,33.974680387145106,-32.08271217053806,-26.975872033566883,32.245806192357065,,-38.84349491470674,9.205720923452555,44.971864107765484,-73.67917696393637,,,,
20200515,-25.683925584677283,-23.335817229386066,,-25.500407100270408,-61.10433650955561,-154.1428366285456,39.78406282710916,-8.738227746081378,36.29606466138968,-32.56120775953919,-27.264670606800657,32.37061199520864,,-39.27646031013464,15.892410213556463,49.10264975191819,-74.62244081949639,,,,
20200518,-25.678774109262086,-23.208726881001933,,-25.924505603635026,-61.57047393837125,-154.38022498822784,40.45793442467164,7.018772459431312,38.25862359281731,-32.93608826191026,-27.444323061052955,32.54564475196641,,-39.619121873611626,21.120115292024817,52.75882124029742,-78.0532638108359,,,,
20200519,-25.80231222316857,-23.289765048477577,,-26.260578965049262,-62.27707984425013,-154.15645079179788,41.00852443034252,20.11377680761939,39.88487844972515,-33.24464548880128,-27.591097940291462,32.43831074770065,,-39.99437203674066,8.853698119179121,56.46927653728211,-83.27559427792227,,,,
20200520,-25.92875386604349,-23.377626560835324,,-26.463745224518092,-63.11009687737856,-153.91048480185935,41.41834499928541,30.606069257044133,41.12014967743756,-33.57570879293899,-27.73503669362584,32.45642327414439,,-40.04453985023102,15.542953136781124,61.29872940978583,-88.18271707595527,,,,
20200521,-26.05785121888916,-23.51305177209025,,-26.63491892595203,-63.866936077766965,-153.2042293685867,41.8118899570535,39.12399119803281,42.15755205802202,-33.882384275351875,-27.851006163527035,32.47607802929754,,-40.14509965680175,4.420452582919016,66.03533495121174,-94.07257326157674,,,,
20200522,-26.277334011907666,-23.708479315320155,,-27.590284922627248,-65.483279726444,-155.7955062362588,42.74144011417599,17.225203137363984,43.54636689077141,-34.70741207927297,-28.357790674624994,32.45507950615576,,-40.17260005899558,-4.473567598173287,69.72526444229848,-97.4548812544685,,,,
20200525,-27.32964385279898,-24.53877220440638,,-28.715387880010198,-67.02451532747554,-158.31867297284984,43.915787693428996,-1.5935496599930223,44.90473603080681,-37.01450980945226,-29.904393927397003,32.58046672111532,,-41.80823739848436,-12.046629471770853,69.1809333677403,-98.98403637759013,,,,
20200526,-28.948602106635395,-14.270597569845192,,-14.651458187724359,-70.3075572158881,-159.3203061975489,48.01353459272409,-17.281612247236467,49.7067889870227,-42.1166604888315,-35.56951300637805,33.6506809079655,,-46.26814358852044,-19.40553843728009,69.1197103710485,-99.3245635281206,,,,
20200527,-30.157438309936236,-17.45885109912847,,-3.188379154571416,-72.95522750532312,-160.131110738882,51.365789173958206,2.0333131648361262,53.61743757593855,-48.450618858098935,-40.21504351195098,34.57859704329665,,-49.719752426083026,-25.642024048459984,68.91637501643352,-99.5667756641133,,,,
20200528,-33.2810533992982,-20.85181007923364,,6.1154666994281,-75.17113304368745,-160.66532058307718,54.417907315367835,17.35930243928797,56.81795412265957,-53.79107853896555,-43.81049496941643,36.20554154754721,,-53.17877411999998,-10.999602698708374,68.76540748535466,-99.73507716650352,,,,
20200529,-35.81502050566373,-23.628795425833992,,13.98170608501471,-76.69133814978345,-160.7309948645648,57.15282963909184,29.893832348036323,59.437162546057614,-58.08238852504033,-46.74550784886155,39.602943444095175,,-55.55278774713507,-19.40844893471636,69.24350259466273,-101.10332392036167,,,,
20200601,-37.63897971963058,-26.308507572573046,,20.21859623438349,-77.58618359126359,-158.18278132360072,58.896221937956994,38.828162691948876,60.31287467936289,-62.48357156971501,-49.047222139793156,42.11899914881977,,-57.04824927411218,-5.650486539773864,69.71364495066113,-102.47436749058802,,,,
20200602,-39.37432424171767,-14.501423554994464,,25.247599664445637,-78.53174737081375,-157.14356443926619,60.458049645352894,45.91596267326591,61.454377658361466,-66.53965796023968,-51.04615654296668,44.166415855555286,,-58.24487205844114,7.829802978737553,70.09832536488415,-103.49670638086941,,,,
20200603,-23.83228191696052,-4.371402863516245,,29.440612518754193,-82.67051703564182,-157.5110119191067,65.22213382775648,53.91568963076712,62.88190404536504,-69.57833723514841,-53.30762480035412,45.89437592151466,,-59.68374673858394,17.85329330369293,70.61360579096744,-65.33390228687841,,,,
20200604,-11.53339600433833,3.486928850414541,,32.88179711680466,-85.46068612170444,-157.38518142493197,68.35609199381881,59.877524478234776,63.81427447465298,-71.52399178032316,-56.09486341034997,46.998516077738344,,-60.27262467476809,26.452282430922565,70.83185072078649,-71.82604645290834,,,,
20200605,-1.5109552639046482,9.877171095923499,,35.69107926373371,-84.12448067182989,-157.6173838711958,70.78916793932413,65.7882851950233,64.57409072089109,-73.07800058254966,-58.272933247704664,47.71521063561529,,-37.9081534269697,33.42797309459384,71.00917546945738,-77.84003880637853,,,,
20200608,6.676849245622078,14.927508412231555,,38.282985553480714,-82.97176699284915,-157.8751409846356,74.04163164814067,71.21642472543117,67.80388882717405,-74.92923857422947,-60.68341604675755,48.92647212485474,,-42.20107359307429,15.528636320069028,71.41883399362635,-84.70641027800129,,,,
20200609,13.194874211054218,19.05455174030273,,40.42994446047377,-82.31784941358113,-158.16955014301863,76.64379602657375,76.98173322691653,70.2819891390957,-75.66032780617635,-62.35920322200577,49.90556938624387,,-45.72753697840354,24.722844529890175,71.34885833063426,-87.9753521454487,,,,
20200610,18.84622170214693,22.404858257906152,,42.50474382991148,-81.66774974924878,-161.22800118290385,78.76274492496174,44.25021107030953,71.72122696905905,-76.24668245882098,-63.72547961252396,51.96197667725182,,-48.59835355497096,8.012225667031396,71.67583635826936,-90.66016720168054,,,,
20200611,23.426620615868504,25.263725083992437,,43.99342636237671,-81.41224760554881,-160.80174423848365,80.49743098129386,18.30404843338881,72.75458472868348,-77.27147980280876,-64.49936801241931,52.01361533023025,,-50.769883542553494,-5.505030715402871,71.78098636928583,-92.95090689819655,,,,
20200612,26.666343639329142,27.60310567640699,,45.13457034000822,-80.95100237519165,-160.72228748532288,82.55203403448007,33.14555291498579,73.60859563054508,-78.44094869082258,-64.8454345138181,51.82333867848121,,-53.31214251152171,-16.625703394368966,72.39380784172683,-94.96785373092608,,,,
20200615,29.41144401934976,29.72954104954801,,46.06320860308569,-80.05501686836705,-160.87387954036956,84.07759200239391,44.81636901373626,74.25210187084603,-79.42593165514064,-66.13262326445464,51.80114104207274,,-55.31417326700723,-26.23541103309903,73.37862978812191,-96.85269430700703,,,,
20200616,31.4244046951422,30.868784509425904,,46.17315431780848,-79.15477970303766,-160.00735301971685,83.11556068677584,54.297226396480866,74.32727737747504,-79.63311577728795,-66.3800185979435,52.42743985515136,,-33.880754029491094,-9.562552437497308,74.19301499820357,-98.51112638209408,,,,
20200617,33.13865630481541,31.779676106031232,,46.5115587192803,-78.57820864400688,-159.17797241315364,82.88480330735764,62.44915286143737,75.14745174774866,-80.23029014105187,-66.61726256050149,52.962532555351046,,-14.985165672858145,4.676249784505295,74.76040617365035,-99.87396654503684,,,,
20200618,34.63818431591177,32.79399312032464,,46.799644436256045,-78.11326376475981,-159.08368336576848,82.69716466855014,68.84017598803364,75.71013504173698,-81.09525753842188,-66.77582808800518,53.401833231728595,,0.4858112544516941,16.30979315410626,75.2441642704012,-100.88056763887563,,,,
20200619,36.2164328038842,34.230217492664075,,47.828216257969196,-78.52798268144674,-162.87096775890018,83.13198009392656,74.2972921019736,77.06299383380365,-82.98957961028705,-68.37274087906621,53.59608663762563,,15.137710070163422,28.04274657038786,76.6134420949886,-103.97984414086963,,,,
20200622,37.40078936963382,35.4900008788007,0.0,50.38710014555508,-78.50094966570995,-166.03267416809638,83.68483067949334,78.49802483494034,78.51455415793573,-84.54395058163006,-69.67087016691464,54.10802036962229,,27.232608023414862,37.58184403804088,92.78815737633371,-107.91632595913529,,,,
20200623,38.38103420238533,36.54712202770779,0.0,52.99160633946751,-78.57641730401313,-169.7393942555665,84.08276678097148,81.85655162233728,79.84249439344013,-52.53940779134384,-70.74215750937591,54.56165742698936,,37.11576521650534,45.026608121231384,105.97580538014752,-113.91049001521432,,,,
20200624,39.33262819203546,37.4421304092989,-38.63632417644845,55.199488652411524,-78.64005519002406,-172.7243405178089,84.38406583691493,84.6288710955324,80.87849021255596,-26.53090961068684,-71.68719149752428,54.88884932778079,,45.430051885446424,51.607777644081104,111.75407691238563,-115.80216942779167,,,,
20200629,39.305890860645896,37.559236935325494,-37.51961409575417,56.95323440640558,-77.38649647411613,-175.6928448403419,84.08872306736592,86.837086334512,81.07476900754843,-6.475494949375339,-71.8306168713654,55.094326386128266,,51.09931412553061,56.669156960621336,115.53011952242242,-117.44141325267363,,,,
20200630,39.171381476354654,37.54461859401367,-39.054511111174335,57.61206324677135,-76.26492716531779,-179.17292983846238,83.51090873348474,88.19512225189548,81.2071177977259,9.978411218009496,-71.91890438595155,54.9193980358806,,56.10508456477525,61.30601348641443,118.61610461758839,-120.26329411008642,,,,
20200701,39.31775935187739,37.55673478182853,-41.291037041583934,58.47131596426341,-75.70762203503917,-188.44957541551722,84.68292565909704,93.48849039590004,85.97889072407227,25.10866586777838,-73.006164660016,55.21800926178595,,62.66798342185282,65.539572537272,120.76221379049423,-120.56664033226507,,,,
20200702,39.4127621046939,37.5182969544893,-44.1146540422452,59.25458139421882,-74.8718702883874,-196.24703498529658,85.63571872583765,96.67038795173336,90.07277335903905,37.43171197791145,-73.84183852794897,55.65722002714299,,67.95140686513658,68.33625366954092,122.71466394831248,-120.59308982120112,,,,
20200703,40.36657394327208,38.000292347039476,-46.35224739058072,59.59160751253651,-74.26663525166991,-202.445202804224,85.79534334261282,98.99163964920366,92.65762662853601,48.58106708507102,-76.3278871397572,56.008256649838714,,72.77345414586637,72.17487645582476,124.55820123455993,-121.7027031538454,,,,
20200706,41.306849415377236,38.79956977102017,-48.83710040952259,59.9927078969122,-47.59847207266761,-208.7447657409848,86.55222352835486,101.2858009542304,95.62352614656776,58.097055110014004,-44.83504255767027,56.541905507873594,,78.07856716041378,75.41087061016744,126.54147993044312,-122.8940807431698,,,,
20200707,41.89454558189681,39.522183187082575,-51.20193010428567,59.991401046493124,-23.175914720528088,-213.1678071214299,86.94566466534235,100.72680414156854,98.0245008437459,30.832564539045205,-54.75936467993626,57.42599841328953,,81.16652948827783,77.08820258315802,126.45132420014248,-123.92853132444202,,,,
20200708,42.47173872003571,40.7139160614399,-53.72964876396991,59.973333998169785,-34.44800883056777,-216.58121126208815,87.46468203629902,100.1622760604518,99.22707255628806,8.244568799246725,-62.98513248197483,58.32012246557141,,85.65864589530413,78.24921703377339,126.45849985713208,-81.02872173886925,,,,
20200709,43.147379694219886,41.89460997784853,-56.34478776225378,60.49086690800373,-43.67099416527067,-218.84570243029296,87.78420208008474,99.47247258493911,100.5526588269881,-11.040504099790946,-69.95839243580483,58.626409061443994,,50.69467063049507,79.50832388459936,128.90971981441774,-43.5576161820542,,,,
20200710,43.3866112616714,42.6804355962361,-57.39417949971749,59.789932220878185,-50.386328830207994,-216.3737835721254,87.58188569985941,98.6345939555742,101.5984437907908,-24.88083486753584,-72.42727893322895,58.82878963833782,,23.931122833099565,79.61341170970235,130.64561762884142,-12.925095337660432,,,,
20200713,43.162428612306115,43.36148609184653,-57.79980943092179,59.506070727774976,-55.66969300192746,-221.08855975136345,87.43699179853557,96.25407660285528,102.66031316540541,-35.51538575923562,-73.8465241738434,58.19564306768875,,2.643799712416117,79.18672254600803,126.50850621865256,11.686458360298452,,,,
20200714,43.831581763129016,45.34822206247992,-58.50326993675791,59.091752210801936,-60.725352156817785,-224.94232378001618,87.31335815197747,94.207563341509,103.43524477358746,-44.36252287270788,-75.66923988880481,58.166466958857875,,-14.771746209655715,78.94009420647177,123.13505578133429,-12.690132184880918,,,,
20200715,44.264001506562906,47.10655769856776,-59.49848729436056,58.67433289142556,-65.78252042860575,-228.0928834194609,86.99284407624103,92.22665089473125,103.06905948788028,-21.19800179805318,-76.74335423712958,58.127772166423526,,-29.345985851720332,79.67196044361374,120.61028709717225,-33.16092903593263,,,,
20200716,44.945816296634426,50.434206556748244,-60.712105451415106,59.15851168743541,-69.86386406723354,-233.70897125044573,54.24910356146135,90.66856441734895,103.41308532570572,-1.5870383499419538,-79.1087916911909,58.37809179052607,,-42.62726377471286,81.21979070185097,118.0624525561816,-49.99470509156295,,,,
20200717,45.467358075376175,53.39200084558099,-62.04082985674234,59.481503700405554,-73.10552972221177,-238.61235021714688,61.286831501173246,89.23982197118963,104.1321264681504,14.475868226886696,-80.66222867637602,58.52049413641527,,-16.253262772314077,81.00076340228543,113.48078461983347,-63.039335085138454,,,,
20200720,45.722634002586865,55.152030004331294,-63.19958791862088,59.696226776504275,-75.38882876766964,-241.05194931683886,67.05592299600313,88.19567211280177,104.81085922111318,-4.129391788902234,-81.85996086865988,58.67076436048441,,-31.52491907432237,80.23845095910386,109.39554504958316,-67.82657991783226,,,,
20200721,46.29131082304663,56.248295802244336,-64.01790341371168,59.26520088770187,-77.15394531960555,-244.46888377368023,71.93966485523595,87.34225387683621,105.32643618839974,-20.072981579932048,-83.09493016299652,58.51221849873132,,-44.20329019993212,80.23153846712722,104.23415270077858,-72.09804824506159,,,,
20200722,46.8841456097306,57.113802123526526,-64.51253870060096,59.002876797195476,-79.10815763012403,-248.57367219363277,42.20418071028304,86.62580639521275,105.73906409236471,-0.18133484662184246,-51.42501088825188,58.699911784723675,,-17.739595633945573,80.27640178362657,100.04149285120997,-74.87870721252769,,,,
20200723,47.46123353403421,57.860321967221914,-64.62946748558129,58.78928776742045,-80.64811733950184,-249.00943916242812,17.776283937003814,86.13770569337814,106.12137780696162,15.945315866316047,-57.34195997322282,58.771265713304025,,3.663963508788857,80.80347036017913,96.0313888164298,-76.8558005202375,,,,
20200724,47.51644411937469,58.222386516642565,-63.923428251026294,58.1066469924912,-81.8904593437753,-249.36589992973143,-1.684531078780572,84.57069376958933,105.06933740751883,28.862371700535814,-62.163021788009246,58.57797186410692,,21.100074975774866,79.1926908119419,92.61660480224815,-79.19224648861297,,,,
20200727,49.05640897082122,61.01814946795027,-64.69944555259276,57.66475728715953,-85.51831058499702,-164.0577765854968,-17.582232904465325,83.21451917499851,102.99822292126336,41.241068686319515,-67.21532380236914,58.546850061335185,,37.89521030233751,77.77568668775174,90.21807769726121,-81.00880672515893,,,,
20200728,50.69659269440062,64.35499157838626,-65.43035068275226,57.7599757352609,-88.92430107148566,-161.76078879145163,-31.255024326049742,82.25584399034602,100.53839722333669,51.20578380389665,-71.01809644325449,58.625816897122355,,51.62182356779874,76.62731915325638,88.24629564798903,-82.47020674369841,,,,
20200729,51.99864352618273,67.12004823595949,-66.0520323560509,58.49143825481793,-90.90961444797763,-159.87194826948604,-42.42512934058093,81.47618338787383,98.44739560605488,59.3322958763242,-74.08706983930654,58.74336189301081,,21.62474379578995,75.06127582918774,86.16288225425538,-84.55843334105299,,,,
20200730,53.05956129898177,70.16467234854831,-66.53184599611072,59.09432823230687,-93.25172114255075,-157.7963826774037,-51.308727376593126,81.3085665430157,96.79060703338419,65.68292854348806,-76.28156045969028,58.24213130879708,,-2.867297386696241,74.17669808796816,84.44895963541313,-86.17164795875372,,,,
20200731,53.83721838534983,72.21030515311557,-66.45938394507678,59.95407088143937,-95.35298647365518,-156.19710900030742,-59.17194707084924,81.22277970905265,95.86403988405633,70.51703510678078,-77.77292580197319,57.804884673853614,,18.21054582981417,73.45820516816264,83.19613186671658,-87.26714570955144,,,,
20200803,54.74305594255576,73.32303764451606,-66.42526143673882,60.79139456499491,-97.66994833519624,-154.90542381935398,-67.85901387655629,81.08183629244891,97.0745665881238,73.83009940822343,-79.03248676444277,57.708424428706,,34.95635145181881,72.73164904773161,81.05569087738576,-84.5389863414887,,,,
20200804,56.033085189448904,73.9954637190588,-66.19600041799494,61.58738592578848,-99.95685370127909,-153.01203838481874,-74.81201256630004,82.29669184945945,96.89988154385223,78.08811653810011,-80.07206740891205,57.629956558959606,,50.56180534783011,72.49330986547768,78.69490263861286,-57.03480931319583,,,,
20200805,57.48377245989717,74.90844797962652,-65.71647383820887,62.214103508581466,-102.31557458282221,-151.03096221686775,-80.54255481737037,83.27118843482063,97.26073137912154,81.3327049743303,-80.94896795436154,56.99481748086249,,62.313592588633746,72.58521030896328,76.83728710243192,-59.05490024252019,,,,
20200806,58.66799561351643,75.24234495967849,-65.28261078755014,62.88408882932954,-102.04450595914071,-149.47208749721008,-85.2086875981294,82.92720356559896,97.9467524085634,83.49027128145168,-81.66297548638961,56.70804803958967,,71.86346299461616,72.7253994081052,75.28611039221411,-60.63608113381686,,,,
20200807,60.66946126072269,76.2866264535331,-65.78770732477692,64.66481761199458,-104.3643988949259,-97.05299555149901,-89.44424659543958,82.690824188778,99.31810380408992,90.22874612984914,-83.53358516221182,56.56999267767446,,83.31568382270828,73.10802306062612,74.01952992987128,-38.89057466347982,,,,
20200810,64.61624029227177,77.33163398134768,-66.6652783051223,67.20344894358026,-105.52652589051607,-54.246712614757946,-92.37711164885097,84.37882367936227,100.34307317203938,95.89135315180307,-86.1874270905571,60.150410665377,,94.37891459492245,73.86132027003876,73.87009134025577,-21.616724161340063,,,,
20200811,68.49476985580792,78.14932324004691,-67.2103303400437,67.59378093984351,-106.25188019867694,-19.46748938957766,-94.85061011823444,85.67391917557894,101.19617163698754,57.26671052477019,-88.35681267774319,62.702725570636225,,103.32088325522322,74.47629312931795,72.62077040159701,-27.94193523725661,,,,
20200812,72.8979057505628,79.21826008174368,-66.99978093364655,68.75303472897879,-106.63218098097153,-40.918577685747024,-97.20736803464959,87.24952017021397,102.2674793523713,68.58655703648124,-91.09119950783888,64.97437160571354,,109.5254370340802,75.4073078408914,71.35345205146268,-32.79066860029728,,,,
20200813,76.48413302740111,81.01112797484971,-66.6549919926207,69.96233637760145,-107.67491208772384,-8.196498759279217,-100.25004247223578,88.58392021552245,104.15992688252129,77.52453041758358,-93.39339719113164,66.49199035684109,,64.49387287704069,76.11562194301432,70.55308597776232,-36.76642265541835,,,,
20200814,79.68647862080068,82.47813321461155,-66.41602684487043,70.96133768623307,-107.93463205589889,-31.919818872047575,-102.22760908226942,89.6257480998785,105.31420722457949,85.19151091427986,-95.2692925344382,67.65429244237353,,26.663236244144702,77.72616133766668,70.2772516505534,-39.77680496822486,,,,
20200817,83.22571439673405,49.54573527871155,-66.54729891606696,71.58678419834553,-67.3843579687522,-51.587330382707925,-103.63222390435332,90.27459482564313,106.23707987862448,89.9331457875355,-96.91774632833894,68.61189566961964,,-6.87837443578082,79.54408956740416,70.31648370668134,-43.54971658426132,,,,
20200818,86.69421633333596,20.663084447999616,-66.96014097850225,74.5457213868317,-32.88229078324894,-16.736582170538792,-103.40758051573938,90.14338126614945,105.55084720274903,93.69238707565155,-97.7169119921447,71.68588610995364,,-34.476049354744966,80.6554183320898,71.48447305940694,-46.653897479275436,,,,
20200819,90.36033683861551,-1.253597955806628,-67.78648033094724,77.15707968744529,-4.693972475105175,-39.222038726266824,-103.67761661191173,90.26530936622126,104.563681212551,95.51352900646219,-96.2270989325052,74.37172163357127,,-56.53686438226943,81.56245184006579,72.03266651254584,-49.20669663921722,,,,
20200820,89.70023457299753,-19.16413818491049,-69.33056857926734,79.00968716142656,-26.07136798940969,-58.0788649108979,-102.95215636891774,90.29102901487234,103.08221556784655,96.92501943780762,-97.18889471342519,70.31185009388318,,-74.40503515353532,82.2276562297988,72.73621336627097,-51.1699961113779,,,,
20200821,91.0890643912444,-34.70031911185726,-73.12584119459967,81.40521875661504,1.8101496194441464,-25.670485926018348,-102.22329291967857,91.44791099781712,102.26812628837878,98.87208361593356,-95.34308339632753,66.98683067917935,,-89.10218863510977,86.3125721658874,69.58241800650569,-52.816402484546494,,,,
20200824,92.31423063126601,-46.746595872972485,-75.896583374257,83.09774950908049,21.858504198366074,1.718496309411076,-102.57749299119378,93.37792020656924,103.65569327156666,100.50774507124875,-93.52784112159196,64.25425278917234,,-102.05799151522618,90.05296054924163,66.88133268093931,-53.58680539978966,,,,
20200825,90.15043544781027,-55.440741569027495,-77.64375943050474,84.4783310143692,37.19717242795959,29.640131360342757,-101.6890089605478,94.9543124687086,104.75918633289852,101.644694502148,-92.13803850962,62.010503512978204,,-113.284017392992,93.47062309842276,63.73250903103258,-54.05397018615037,,,,
20200826,88.51104301675387,-62.46532677006995,-78.61207466680165,86.84611429213936,50.829628327696014,50.53616235794025,-100.98191991762313,96.04040846573585,105.73751444553234,102.72105942639064,-90.92630228242487,60.34391030047297,,-122.39249052473592,98.27126940411239,61.22223798124813,-54.34241830255884,,,,
20200827,87.34349016895577,-68.18460363480581,-79.30117254675496,88.92427288080751,61.97756425546959,68.34891286219177,-99.90689574418347,97.44465019661223,106.16557800767734,103.78141327889847,-88.89621948208189,59.19576466367672,,-129.7053660844776,103.23596133280375,59.05671530441806,-54.611852021288556,,,,
20200828,86.82153147460416,-73.8934312266791,-81.33419132542188,90.57726791224735,71.35410983340371,82.6617956001961,-99.3604174069223,98.29048549411098,106.46226493426795,105.37383899622935,-87.48825782887249,58.045424748370536,,-133.831820982185,108.42935731528739,56.51971390242175,-54.81655612885169,,,,
20200831,87.40255581612051,-80.3104298737033,-83.40482375692143,91.73505078977824,78.45181778920863,85.48126252113481,-98.53269519189507,99.1898550854894,105.78958394035696,104.79601961598964,-86.090064714117,57.126764910191554,,-137.4928626139408,114.65384205254084,54.707633326972285,-34.62252577909707,,,,
20200901,87.92233037874375,-84.85175809010634,-85.25043196283283,92.83938508029077,44.092934916239344,87.08385607789303,-98.50567655651797,99.95295697566083,106.17505662255552,105.09417519362181,-85.02229329710872,56.38607880203958,,-141.03611007441404,115.2689251614926,53.298808017749515,-17.679426616071034,,,,
20200902,88.34113398965575,-88.3871484754685,-87.3364134039625,93.71783687547304,56.16084508874893,88.50643730266256,-96.90728405965297,100.51669346599961,105.41791395227236,105.77712394619996,-83.92048609946072,56.305941990831286,,-143.49107638311912,115.98673231291856,52.165362976108575,-3.918948319191623,,,,
20200903,86.71764740349154,-89.29567229081536,-85.6961346108222,90.56919435220702,25.917449749768053,56.78400308674401,-95.65416526629646,103.66861069596318,104.76680280697997,106.45041901390235,-82.90298027133363,56.26221643693955,,-141.72474002136985,116.37619260086652,51.01460905917486,7.1995345689167625,,,,
20200904,85.52907617736165,-90.01325761291243,-83.72234168633987,87.59886834248802,0.9218663574334487,62.34521069110631,-94.68072281991662,105.60658280282048,103.72554073315837,106.99090680937796,-83.42890720130805,56.20546400245027,,-142.14794416667712,116.21652398777663,49.788944302965064,17.21994898214011,,,,
20200907,82.81673745231205,-86.83178505228719,-81.48999579920509,85.00928987108091,-19.58426689438845,66.72105078557689,-94.58434727645042,108.9025098695441,102.51911940446078,107.67545232175004,-83.66956944976775,56.15665013754031,,-142.53101712005582,116.9742953591334,48.774124322539585,26.204375610140062,,,,
20200908,80.64437033225943,-84.20523722974507,-79.86280997539481,85.24408362742736,-36.42763574102452,70.120854529077,-94.44529483168354,111.52656000279964,101.3955006295474,108.73897836768909,-83.79105467077896,56.17116888980324,,-142.52104284607015,115.54677810414667,48.54041566311396,33.120350968140386,,,,
20200909,75.71052484782291,-78.12515428010049,-76.71736419927177,58.149927068390504,-45.779851598661956,71.18326383777352,-94.11225170168012,113.24607166168919,100.28086421203446,107.70993492523851,-83.86284314598471,56.25697723037952,,-136.53420695011093,112.0417112417187,48.33591454508306,38.75405495388923,,,,
20200910,52.28797654603134,-73.14945617901708,-73.55847075868814,36.24312288307192,-53.294967735848715,72.04573283712875,-93.64182839941195,111.83019945349594,99.37498847366255,106.43094226369396,-82.79828465040542,55.97391146223731,,-131.58702144420297,109.14400664516587,31.056538024029283,43.47974817211003,,,,
20200911,52.47392545520339,-69.05109835480984,-70.96553564926462,18.310402030578558,-60.05504275555819,72.781592711687,-93.23924942251723,110.84167006136542,98.83214574072068,105.38232698704294,-82.22756291018204,55.86463775609918,,-127.2663349488925,106.66081637324,33.86380945113928,48.076411556218154,,,,
20200914,52.543117071352206,-65.53907960069442,-68.39142350011326,3.6617461883746216,-65.22945456066685,73.15420492024147,-92.8816849202132,110.58435126772576,98.32934077093736,103.05207785793107,-81.77812944427943,55.58804347043996,,-123.49915500441575,104.31244856441853,19.457612807931874,50.40045341535306,,,,
20200915,33.42080257431965,-62.73446525328515,-66.32484008340322,-8.077246172227094,-69.46329117220844,72.47832379081086,-93.21177256077964,111.87759060340903,99.26772004898243,101.09250495730168,-81.77627069979923,55.396877039448356,,-120.17771922641616,100.58604938803387,7.734900945284181,31.60655372125762,,,,
20200916,36.6278875500364,-59.68304584202759,-64.30553988490979,-17.32483299339283,-72.66821305471152,71.93271181114174,-93.34718926538723,113.00188788330641,99.44778056382037,99.8132662034446,-84.12834204943181,54.96349297107965,,-117.39126685570177,97.53947881991861,-1.8180969987704403,16.221531345252124,,,,
20200917,20.197205184996132,-57.19586301633646,-62.77177444586165,-25.066464228365472,-75.07139318941331,71.388775020952,-92.98019197649198,113.01087165630095,63.28705494962244,97.78864191236117,-85.75576270696605,61.516542100951014,,-114.82998064823568,95.48261177960762,-9.633317032472918,3.5654536937675863,,,,
20200918,25.788240852011672,-54.68339025394151,-60.00589051808219,-31.43402530407282,-76.40410444021408,71.49979095517877,-93.06313329670171,113.82422027295272,70.25540275271354,96.09898373717141,-88.2284763208958,63.67331347450461,,-112.42400208268442,93.5275620060695,-16.960939721741155,-6.590005621190552,,,,
20200921,30.256044693430322,-52.68997262885979,-57.7536563950069,-36.68225305336654,-45.87070532978531,71.60334139712674,-93.1938690606481,114.04903823144639,75.81364983554874,94.26942934874087,-90.1736667369595,64.53770459557101,,-109.736853376043,91.94504211491605,-22.935549623749125,-15.190140899713237,,,,
20200922,34.40482407824302,-50.723927200955515,-55.794062049676,-40.61168659029967,-21.514095097551774,71.49686068114097,-91.98929453857305,73.20142084535432,44.34744317544915,92.05479683392227,-90.13731223684219,64.90533525674894,,-107.63849703928084,88.27148182039643,-28.27358605658086,-2.8949964496101903,,,,
20200923,37.85491404975398,-49.13595603768822,-54.38549172080386,-43.92534234278276,-1.6600461153095576,71.69202291653478,-91.00789938049147,39.12218088549329,53.96785303176389,90.11556431125736,-90.49134920026577,65.13566662481337,,-105.27046012881428,85.34284398874777,-13.681397693929805,7.130153800620983,,,,
20200924,21.28694029937082,-47.86241560254789,-53.22135844076942,-46.477281697649126,14.49886835885621,45.34570250716308,-90.9148671781222,12.637033216404205,25.98560629530284,88.50428795255921,-91.32874333632081,65.49379013695635,,-103.05204647229714,82.83971110924459,-1.475975631795859,15.341592487001254,,,,
20200925,8.027290283158816,-46.57917426704549,-52.24566448891385,-48.330026435899896,26.604493250398065,23.682668684772594,-89.88763082279526,-9.063381064107784,4.7391033362966475,87.18425866432085,-91.83206874102022,65.06174574865433,,-101.48369183659693,80.74637125096812,10.784027696075329,22.0121081833813,,,,
20200928,-2.838195632789682,-45.6938334501475,-51.42178912216947,-50.102899237133556,6.669829602070103,1.709309755369742,-90.11446013187701,-27.27756737964956,-13.640373550933983,88.38230175851629,-92.58447112184876,64.44798841934391,,-100.2033125914248,79.10197670523517,21.384451382996964,28.327809526002945,,,,
20200929,-11.62494223737753,-44.859719955679225,-50.70834261859449,-51.67955775517668,20.52869775734429,-16.060114473898963,-90.3260923351555,-42.08773098429566,-28.637959986217325,90.13770002552039,-93.1192091434962,63.980093507059244,,-99.15211785614437,78.98816329571568,29.909989916704426,33.58888051647488,,,,
20200930,-18.6940701542778,-43.86498390899616,-49.86872423743931,-52.91871486798899,2.746776659718769,-30.546572021377862,-92.23816440546447,-54.67342848883378,-40.99261748168168,91.59401523081885,-93.51167941423692,64.31224655759885,,-99.32625335957927,77.44151416305539,35.934590086077044,38.35165761923127,,,,
20201009,-23.480686269073217,-42.55019291019609,-48.38317387924538,-54.84559708375725,13.613635083837508,-43.17883759390711,-90.09019984993783,-60.92398906295199,-48.613341197778986,91.57270645606131,-93.66629686053666,62.65059677385555,,-99.40820396961752,74.5345890346149,41.267713892778744,42.098675680237456,,,,
20201012,-27.407825945968867,-41.47470219558549,-47.281381106099325,-56.63007575047288,22.127300135925662,-19.2612886063787,-87.57774278752693,-65.8330094281388,-54.359736047088184,89.79625711028595,-92.88920333626636,60.3177665101394,,-98.73156409849044,71.73447727268228,45.99087626799514,44.80101548546082,0.0,,,
20201013,-30.935282070275036,-40.92050961528596,-46.61348329215168,-58.176587410222275,29.244328170815187,0.31745424898561114,-85.51576475616635,-69.79062550929815,-59.280079229565274,88.19422624198239,-62.447553741279826,58.440322573338406,,-98.21290235216024,69.42035640288731,49.39445144822644,47.16630448728932,0.0,,,
20201014,-33.82117937287483,-40.480193376652636,-46.06452629083861,-59.30381408294318,34.9884546430721,16.873507510988926,-83.82877995300164,-73.1207910498035,-63.25480747499111,85.8392697855264,-39.29129625125653,56.849815285725875,,-96.19716326386941,67.70152215221748,52.12318829485624,49.11723287919049,54.92789538927156,,,
20201015,-18.01468787659594,-41.556880855798035,-46.61813692843993,-63.97316848583546,41.25587067018879,-4.990010004150461,-82.13922577326687,-76.11922257986332,-66.88150881668756,84.22358467416448,-20.20812666239613,55.43231749864371,,-96.44010388372034,66.6678564905965,54.22541057654668,50.71159090726262,66.95178478587582,,,
20201016,-5.060075537359281,-42.42677926430529,-47.14513714746595,-66.79746635578844,44.984701471246794,13.864959714275667,-80.89808265806118,-80.00251431301889,-69.81195884065905,83.2047166394676,-4.373174228559852,54.67539250096602,,-96.4585805059481,65.80762513372171,56.43519848441757,52.052584425276535,76.54076504764858,,,
20201019,5.532707752643449,-43.258718918463,-47.643524978257,-69.23011964435544,47.934752111699716,29.291722686969866,-79.85881427659267,-83.0278363617064,-71.88822532264088,82.32650239963874,-15.29905114727244,54.0614526915263,,-96.79538877244933,64.90396099335625,58.19329601659131,32.39456090411435,85.35954251604247,,,
20201020,13.922037879420587,-43.970214935748906,-47.96602780379293,-71.4207222404259,49.177438877700226,42.90682986355545,-78.94302776965857,-86.34090257311038,-73.62526058956786,83.0923180656454,-24.123928752404563,53.56929544061776,,-97.11672026901,64.31152113225357,60.94299859299918,37.028745575802944,80.07432497847266,,,
20201021,20.926265601389794,-44.5586838215403,-48.277709886046004,-74.10001236853861,50.21341051564807,13.636722925652519,-78.24943527438116,-88.23321532486433,-75.10862379953885,83.65441213625114,-31.41714381024772,53.232291884930355,,-97.35120773766971,63.139207307733486,63.611377543839154,42.09415955315818,73.97353566645793,,,
20201022,26.657947600534133,-45.8836122273967,-48.462686082479756,-75.85695610500646,51.0592531922196,-7.730308982679885,-77.89676165106411,-89.79253783433133,-46.09118956388918,84.49616716180826,-37.31328404404182,52.998417210066705,,-96.9151558701538,62.07339501882575,65.52204490954098,46.28124786055016,66.0973132814754,,,
20201023,31.21498209104859,-46.96388410807106,-48.80196653428561,-77.45143523361025,51.935716214880266,-25.435643510852945,-78.07422668108923,-91.74493818718862,-21.747846029366315,85.1159358756666,-40.56477245210354,52.81373153277413,,-96.27557721489407,61.004626942117945,67.15938080113027,49.53004144739962,60.86022820846031,,,
20201026,34.6581036835307,-47.93832847096619,-49.80186580146164,-78.76210985632227,52.20643721730281,-40.054956305326996,-78.43140012656114,-93.08753695316832,-1.4227061346403278,53.64154490598304,-43.19999760269983,53.31807140192855,,-95.37367753925656,59.713312753991865,68.8722043668746,52.76996600048485,57.53215161272228,,,
20201027,37.61890920546749,-48.69140935653167,-50.674170590320344,-79.89143501866887,52.31643588705971,-52.05018627360713,-78.80212837047621,-94.28666143823918,15.17409099245108,27.96121079994788,-45.5422244997094,54.40385144425952,,-95.255028316087,58.518084732021066,71.01854513737014,55.68398942026301,54.94131414393296,,,
20201028,40.24394541053466,-50.320816228129836,-51.95406060821246,-82.16300138737738,52.01843848911972,-62.03364723807602,-80.86998263312924,-95.47269311291424,30.458000841382322,5.680498171289756,-47.82996097514838,55.53807252326201,,-94.93183593405769,58.09547481779892,72.4247646940662,59.92914991996452,53.4012883489019,,,
20201029,41.992084023240366,-49.89583035548933,-52.08290531409231,-80.68437751154161,50.26322197476065,-70.20833845017529,-82.2042118300087,-96.2271618763661,42.91612511639306,-12.656976654809842,-29.166862167839522,56.42927537331517,,-95.56605311179648,57.63165068502195,73.26363683190922,63.67181540126365,52.10982717428203,,,
20201030,42.05121421136554,-48.45963461516594,-50.9053840041355,-78.0570198207158,48.726297457319134,-76.50563773199771,-83.14229396078409,-98.30865782613414,53.20501986840742,-27.21180594041415,-33.88594117452128,56.52708010911491,,-94.83378142526989,57.207616534315925,73.23559514397233,66.68567119318767,51.38898429984708,,,
20201102,42.19605763111854,-47.60100355969912,-49.92280802788709,-75.91651369800438,32.70309903233521,-81.70014131159998,-53.072855321164404,-98.04575231494015,58.605277314626846,-38.50385051957515,-18.25639716871164,56.99614007719439,,-94.24833067178025,56.93920511481741,73.20555949295954,67.53947368711766,51.0817826662872,,,
20201103,41.94804731017387,-46.023747150018686,-48.3142469553985,-73.78666794884207,19.695598341162878,-85.93818680673769,-28.427951028351885,-97.92523479490309,63.02216336657341,-47.54935337101688,-5.630174549137261,57.26927290137489,,-94.43270050109453,56.79877888291632,72.98312936686227,67.97098493696947,51.14107562988468,,,
20201104,41.724918651899685,-44.27359996192452,-46.664364720837355,-72.02660046483942,9.18394281871532,-90.1412610270932,-8.598530309563284,-97.63415710572758,66.35101466676807,-54.87012872499361,4.0895085033966705,57.448680360611874,,-94.58499203617289,56.66716317314463,73.11470680301935,42.89212705977385,51.49189592617477,,,
20201105,41.6439841737265,-43.07466374005613,-45.50091157715811,-70.39906426229368,0.31372846760505096,-93.54098584303092,-22.56263727798401,-97.41264238543344,70.1313798282899,-57.73706737730537,11.590999365324143,36.49016035886859,,-93.69549560311904,57.41594753851235,74.60397637445897,22.309765394055784,51.86096592998212,,,
20201106,25.754685990754336,-42.72297659519667,-45.458801639966566,-68.45271709448946,-7.131666906934158,-92.80901196725104,0.437728986423219,-101.18259419623033,75.30836813229857,-60.105743126631666,17.477818982702747,17.60318580363514,,-92.27508239369973,58.840279097750525,75.39871609493679,5.3052023455944,52.21213702650442,,,
20201109,28.70462941274396,-42.16402355374826,-45.26559389664393,-66.50800612324562,-12.820024790559964,-93.92128789570039,20.952605523842486,-62.83406732957889,80.38338677560753,-62.73477649049007,21.57460484157241,3.0766562142100304,,-91.28515244916622,60.68509079138698,77.05323078858856,-9.439182538436091,52.767758464153616,,,
20201110,30.816159162441252,-41.05730815341769,-44.66108947510298,-63.52431886715617,-17.296602864987538,-94.45779155442298,-3.693916710915966,-66.9026828150827,84.49397874932878,-64.56429670219235,25.044265920926552,-8.797797810507825,,-89.90955873820502,61.63085762988476,79.39069458307604,-21.34048707956227,54.125566737717385,,,
20201111,32.50373092764127,-39.81530431336856,-43.71472709440109,-61.110422816797566,-20.935238173709674,-94.96844917320642,16.9603694739047,-39.14557952144443,87.08406636509716,-66.7120259007103,28.03065151529108,4.402848078729922,,-87.53161440313959,62.22867515625338,80.50022920766416,-31.19103914292822,55.23416841086894,,,
20201112,34.36425127862932,-38.79974387685227,-43.09100875166609,-59.22154364225181,-23.821420593307945,-95.36214087443564,35.370212599145916,-16.469737526111647,89.24594257882102,-67.76050929901236,30.45181040592951,14.803056429535927,,-86.05970416223475,62.64826058555003,81.91186505299268,-39.649724513986435,57.02129985636236,,,
20201113,35.86755819882302,-37.9484521694932,-42.36924099086847,-58.061324851773854,-26.454933229264686,-96.19353152470117,47.222809776893186,-1.2516491050946708,90.13055454167784,-67.94720757986396,32.33514103842164,22.230707995301525,,-85.09660974493728,62.00624349851897,83.06308827881952,-46.432840634234786,59.92082796997588,,,
20201116,36.95424823040132,-37.195269100993904,-41.77602107005536,-56.38279712915418,-28.603689553561953,-96.65021506097591,57.099905628806496,11.00103965836661,90.9981209828809,-67.63258162172455,33.3805446133967,28.144920728790982,,-84.17062348839416,61.573104278517945,84.46175062466419,-54.5503328822611,63.72712359831479,,,
20201117,37.82952961945158,-36.57905588213415,-41.26819084152289,-54.88500854685293,-30.777577729717688,-96.727859420892,65.19601238325775,21.12612828862674,91.61896795246132,-67.55458224735881,33.587174900319106,32.92676195767997,,-83.52098451106274,61.294855648234446,85.60073383464592,-61.76147534585685,66.75564416223911,,,
20201118,38.48385005039183,-36.07292437228957,-40.853815189788534,-53.72595726677626,-32.49749725786718,-96.51185645565597,71.63181491560053,29.78356798634078,91.19577028586106,-65.77447833461595,33.40628157951246,36.82640573660679,,-82.62806532819224,62.51179097718385,86.5365032460628,-67.64995144052851,69.07127748905152,,,
20201119,39.03363574735158,-35.660332561662166,-40.55268688040519,-52.88024731766386,-33.85323010525046,-98.67830340728487,76.59197107498073,36.61017459717888,90.84693670836498,-64.24869715914478,21.536335089799277,40.070525802569804,,-82.05918466740489,63.700935709521765,86.5580801509728,-71.68795541804081,74.20509753369964,,,
20201120,39.63691886305284,-35.32355291478554,-40.30716947192067,-52.2003153234609,-34.95268508932642,-100.41610813982857,79.26051778304208,41.919720684517216,90.40057188396365,-63.04373237614848,11.496579907482525,42.203530755799946,,-81.44792779184196,65.40843151734788,86.81800131402842,-74.71190153709288,78.38647260406006,,,
20201123,24.293920240039323,-35.11813140884167,-40.32543886295213,-50.617405805841344,-36.00865372520225,-101.8572390717216,79.58841971477808,46.1626869772934,87.72621367022347,-62.06428205366183,15.533505680904806,43.55826565835992,,-81.40277171029408,68.82274038625974,85.67422835188654,-77.48644158373313,81.64469017085655,,,
20201124,27.803910175754876,-34.54266559172717,-40.197174458867636,-48.973306395966645,-37.10479112750073,-103.02929415269891,79.83036322201498,49.48506000697473,85.44151440610636,-61.4010540754957,7.016558009559558,44.681035094374735,,-81.21390493745243,71.7221762266696,85.62110599646313,-79.45272723469934,85.01349100736307,,,
20201125,14.593877013692623,-34.040549494459,-40.09777901952225,-47.6171615796662,-39.3895250979123,-104.52225948175513,78.72897510294563,28.980684056069823,83.16490231844674,-60.86756187839609,-0.004645457777413565,45.068968324532065,,-81.32670065265945,74.27143768722277,86.19396761756602,-81.06007139970748,87.94088275620649,,,
20201126,3.3995772887793376,-34.341106375601434,-40.574805506763326,-46.93830760760913,-42.47067081100286,-105.66128772540625,78.14462862369503,12.122834396535778,81.04935672378389,-60.3139613070144,-5.891491578084949,45.450512450701204,,-81.41131028135135,73.44667017585994,87.61177644171259,-82.86054857395351,92.26080954725829,,,
20201127,-8.171690695679253,-35.91046054600421,-42.149045068826396,-47.14619322655645,-43.51722627660475,-107.51419349654965,77.54887533613557,20.777581746289393,79.31540142429854,-59.814570264668724,-10.695383347729116,46.369367745712715,,-82.93066270823996,73.12975196240392,90.06483653467272,-83.0117590861345,95.99479625545271,,,
20201130,-17.833931721293705,-36.98689084396758,-43.56628485468387,-47.18413138888661,-44.75367811500978,-108.02043164761871,77.92868753460418,6.198346165616152,79.89635010454668,-59.31697321121991,-14.800954883755919,47.128565378805156,,-82.70282515612472,72.87010458064617,91.84167250061903,-83.3679663982264,99.00362496395533,,,
20201201,-26.349408826157827,-38.201418658310395,-45.50999412604552,-47.25679136907854,-45.822559507613676,-108.54501874934874,78.07780220989713,14.7691626320926,79.42472861027545,-58.96284014268773,-18.00498157571447,47.89621278806895,,-82.66886665864315,72.63155481944263,93.60180038065914,-83.35543543672706,101.45271700742394,,,
20201202,-33.02267194634151,-39.44141974767479,-47.054699360122214,-47.29494272500891,-46.55802441847311,-108.92142336883364,77.69476733103463,2.5157012197997894,78.86932101037272,-58.49478165256576,-20.914139838129426,48.543105431333835,,-82.64508474169757,72.48383210637219,93.30803310409361,-83.35190666305728,102.35664655667492,,,
20201203,-38.51144849560209,-40.77577136974364,-48.206047066172836,-47.42471546916406,-47.12594727698884,-109.47353017940472,77.32812045714297,11.667863652109524,50.76923797546044,-59.45502258006026,-23.448806691001657,48.975837315558266,,-83.85688042045487,71.36452596242903,93.0351593204356,-83.47100808220522,103.85200496926252,,,
20201204,-43.303478080031965,-41.84498980903647,-49.49325327447586,-48.26752435104692,-46.5982501767269,-116.27096054145339,76.38031339870967,19.060622066441415,55.123645855022524,-59.97823393059517,-25.2994909552335,49.30061170601316,,-83.91412628873687,70.57660445343977,93.16382520162708,-83.556808423417,105.11339226222802,,,
20201207,-48.613438406498496,-42.64595975068701,-50.653849310292955,-30.011452176787344,-46.736409392891936,-116.20958863871354,75.57713767391722,25.26745586703589,58.63065895102416,-60.099790190313264,-27.320076682849063,49.42380611507085,,-53.661226738118096,69.94209617032095,90.6633163266725,-83.49496384166525,103.33619421740434,,,
20201208,-51.63453351371792,-43.11852800772502,-51.36856644841883,-14.804222000141241,-46.850668255649836,-116.30968435563325,74.44119763001576,31.09852942415114,61.025930661389665,-60.14751964980368,-28.88390988581622,49.54155238108167,,-58.18493511794719,69.77887176184126,88.37699217275204,-83.59214449908568,102.20169507605308,,,
20201209,-54.19718954782704,-44.01935765565448,-53.10259470458086,-2.4188335062185953,-46.755277209738594,-116.29093773091179,73.51687709513828,35.09841629135705,63.21123575824584,-60.296537608108636,-30.228757362125737,48.7077501177733,,-63.00817728762811,69.44184575074658,86.94821459013042,-81.9186438702942,101.61466511517831,,,
20201210,-56.01566860578654,-44.95685226798545,-54.66780655238412,7.664327173335031,-46.98635945837316,-116.24619581950462,72.75117440729791,38.45802937899125,64.98044633554814,-60.45240289156167,-31.242659706599202,31.41301356605633,,-66.87760170869346,69.04011409875328,85.65134386439914,-79.80578007429033,101.08174470800095,,,
20201211,-57.625020467475885,-45.79552213790405,-56.023893297309584,16.006904966137864,-46.979242260787984,-116.36792693732778,72.79509637575883,42.069278239892895,66.264277254811,-61.031001628976426,-32.40623861672893,34.736921825049784,,-69.42737326767865,67.9218852395512,84.55844347894481,-78.41046070252845,101.71644503771357,,,
20201214,-58.489220719547326,-46.50297103286027,-56.841558303755434,22.507203754515835,-47.09080885085146,-115.64774856500158,72.84685120231556,42.982623314258994,41.397890703915444,-61.29008862080728,-34.688457356584095,37.34573563854307,,-42.961485266173476,67.22264336920684,83.09882950498228,-74.40466161875665,100.99322697076559,,,
20201215,-59.344860579287236,-46.903700247625395,-57.17965502263679,28.116732934589308,-47.38814585554922,-115.24635755595125,72.29108913570128,43.73376546795166,21.643747073132815,-61.87109020066257,-37.000705093499676,39.46924699754997,,-21.56591978582481,66.49095790007814,81.71735227203438,-71.1424339381443,99.68247885652632,,,
20201216,-60.452650740132164,-47.24987065191533,-57.48923562815528,32.855575892970016,-47.636302259225594,-115.84107293863046,72.00696845610044,44.250340051145606,30.573458943289143,-63.67519374310072,-39.102696084157,41.13325613828062,,-3.941938311927771,65.69025444023792,81.28529740512903,-68.46152724841234,98.59026770428,,,
20201217,-59.5422743389371,-46.88480984464868,-57.462661810217575,36.89062423202963,-47.79788132736,-116.36483791957487,71.99201334327029,44.65809316348523,12.036521479353944,-64.76261964246378,-40.12819840970175,42.55414949937261,,10.208535172131203,65.13533328611788,81.74049177182162,-65.82031805427064,97.48008645413803,,,
20201218,-58.698622591457,-46.60726697002594,-57.02517188075735,40.060488519932655,-47.86622553676436,-115.97528127276685,72.55144240423442,45.069282271438134,22.771509776871124,-65.79422414340864,-40.907064974692666,44.07670634087491,,21.614251377348182,64.67553872292261,81.50188489702943,-63.755342786607805,96.44450382076654,,,
20201221,-57.64991461143781,-46.2563458533349,-56.30304287794218,42.60878458955832,-48.25812404202267,-115.51146354387349,74.11805181867969,45.41530087532493,2.441159690427956,-66.49031158344945,-41.20289254546031,26.73275914625071,,30.87684339314543,64.30268387003662,82.44228746705731,-60.024123182241446,95.24589105474092,,,
20201222,-55.63743916595159,-45.994929644678976,-55.741031373536536,44.56343081246976,-46.59011854482663,-114.15535364443018,45.65669512915686,45.47646028125485,-13.857416287946926,-67.05493454138448,-41.80462555038821,13.173747688501292,,38.20461572930222,41.66806533806713,80.97269083336313,-56.74656317064713,94.20684526901312,,,
20201223,-54.03339969480166,-46.136488576840534,-55.52344218078484,46.512222390027176,-45.15655636791166,-110.52472521170147,53.40848206919465,45.61354709266009,-27.328308697966637,-67.49545862630092,-42.3369165070073,1.8263442192853008,,44.19485975991861,23.435905738520418,80.01657759359556,-53.96996822336341,93.35935256198024,,,
20201224,-52.50140111393374,-45.09867192325744,-54.77066803773578,47.65651017482765,-43.9694068696511,-107.3789873001353,58.87441486154033,45.663515452953625,-38.008471518292524,-68.33777662258898,-42.578372605590516,10.3750102382506,,49.061315064418515,30.316703685732218,78.26344444255744,-51.67857155937413,92.58839214465107,,,
20201225,-51.28387404584382,-44.23687047006288,-54.485518289626185,48.6700795598301,-43.703221184892215,-73.12564246129881,61.862451668915064,45.77398948261801,-46.347820583992196,-43.21172732116728,-43.20093801845136,17.38303672155663,,53.04943206350125,14.204947437748153,76.83318066256724,-49.94070851438463,91.99779412242351,,,
20201228,-50.25696183975911,-43.74303737606604,-54.12552402175733,49.77095911588271,-43.46639061148296,-75.34634470857283,37.070261481037015,29.064698671757647,-52.73226283690758,-48.05225358199123,-43.17846955784146,22.779006439512084,,56.895199140457514,2.2664071111125064,73.9705408536865,-48.676340836160925,91.99544869658975,,,
20201229,-49.41127336314392,-43.414150965147506,-53.783695470963856,50.68875452893997,-43.20711765323575,-76.45601559397572,16.78979799221798,33.067617794409216,-58.394011071146274,-51.08412186304904,-43.28085654800456,26.603308175966127,,60.02245216374743,-7.507671612587953,71.71128029405384,-47.709545930631855,91.38362652866432,,,
20201230,-48.78382128854759,-43.18404442010916,-53.82480551145081,31.653742753165137,-43.33813496241329,-48.275043359637216,-0.2516526548960538,17.722505258088802,-63.08816049110858,-54.00690013393567,-43.11578711303854,29.692037318305715,,62.666984505398204,-15.397738525347204,70.33814627271066,-46.91339729694025,91.10743199624466,,,
20201231,-48.30891568241891,-42.96631701580027,-54.019809243295434,15.734358962382167,-43.340260492273345,-26.219909331722256,12.97086205426093,23.84134096773799,-66.53705057133735,-33.250182637291296,-42.61019732172338,32.323516278074294,,64.92757116713693,-3.0203413282464315,69.22140456896412,-46.2464197757649,89.7879511635515,,,
20210104,-47.76437749891895,-41.99839642569332,-53.92131617074237,3.461844847510141,-43.81488028470742,-8.180766906903875,24.658368687383497,28.96418624371103,-69.9878089915657,-16.25892972022252,-42.46381543618401,34.143029250750665,,67.66694044551755,7.139259880621059,68.32704667793885,-45.700115248139284,88.65330552040793,,,
20210105,-46.862825409715384,-41.00811380530369,-52.8132564196366,-6.390622342909029,-44.13270278680599,6.735139259451468,5.721761575087236,14.094373722471678,-73.25281562542155,-2.644009729995016,-42.710258354698546,36.667386577653744,,70.11980262194581,15.44828089440169,68.61878856556224,-45.413456253432955,89.24979055011171,,,
20210106,-46.12542547117227,-40.2306040691658,-50.812816787356155,-14.015586535205218,-44.60588515109485,18.921137022614765,-10.129838176712854,1.8495794530549456,-76.41198126906042,-13.016014295269736,-42.560760003040095,38.742715060953074,,72.24296087535016,22.15804058359155,68.87148247333008,-44.823732621175644,89.66474899879428,,,
20210107,-45.23977962171958,-39.36680666268897,-49.14276214585899,-20.09546291021356,-44.737468693804644,28.011138634495452,-23.04461297894492,-9.627844707938559,-79.00704806169236,-21.45939922187179,-42.646090760129745,21.853280827543145,,72.96007043463896,27.847021392852906,69.35729737135401,-44.757135354742275,89.23509672286269,,,
20210108,-44.61790078620594,-38.70441248675624,-47.77584422643366,-25.048749055037796,-44.844114765971355,35.17554380966182,-33.09601524670034,-18.83561335494224,-80.80114496495005,-29.08903702579858,-42.92943578457037,8.056738256252851,,73.25644766075936,32.18938771188519,69.75502897693318,-44.91017992911058,57.28230754008243,,,
20210111,-43.948727233717726,-37.86668250112201,-47.01800627767283,-28.080205813695052,-44.11660354989542,39.86357857973697,-41.73697314156443,-27.303343685618138,-84.47336850288956,-35.65236389268646,-43.19318082241573,-3.253120347050713,,72.11453251145251,15.34062020232975,70.16348160063066,-44.413079099563774,34.24849959318594,,,
20210112,-43.508258683775296,-37.01551254203925,-46.11723379080823,-30.99781341958018,-43.558428534329494,42.64170669360283,-48.46679133863706,-37.744540532926734,-87.69541656835138,-17.47679070916327,-43.34724458132073,-12.717152066302656,,71.6718130610826,23.466467948469962,70.59996228610449,-44.682893084788375,15.101554079548276,,,
20210113,-43.088979574922945,-36.37434577312583,-45.508514768419424,-33.23837741424362,-43.04707796865398,44.65908809387181,-25.10871060371995,-46.42787333826918,-90.22420045124036,-2.617778763859066,-43.30805405895632,-20.270044840512806,,70.74064987035554,30.362395159054273,70.88249577663899,-44.787799051549094,-0.7343554578170395,,,
20210114,-42.69202080439001,-35.70418683831656,-44.98667272419061,-35.06446777836257,-42.70128162645418,46.40212051282735,-6.153031957239603,-22.246648488432992,-92.23654369143823,-12.594393366727003,-43.210405622337525,-26.495936768521116,,69.83717269143992,13.891527134306969,70.42318607592028,-44.79248329105388,-12.904471136112823,,,
20210115,-42.99160297689663,-35.38229201415727,-44.715850457327335,-36.532078337573424,-42.35466303583638,47.743640350640014,9.455857742985085,-2.4357715778763254,-93.94593946541237,0.3839777991521722,-43.53818533483552,-31.19972719203289,,69.33374635146069,0.3458841133217217,70.05104472398196,-44.95025973627128,-22.92869803209511,,,
20210118,-43.22461804656334,-35.0335792664904,-28.518744956280358,-21.98314407404371,-42.086418707213674,48.74868778060813,21.3797598060529,12.452482367963192,-61.6713049818596,11.013390920435198,-43.797676861873384,-35.128244126310996,,68.72922999010636,10.974295009699986,69.64770083597386,-45.09982702566765,-31.13010437028935,,,
20210119,-43.58933443303734,-34.851868074299716,-14.988252367403305,-26.457652253120994,-41.87702161425774,48.457345378525766,31.738755560020536,25.229098962496664,-65.50267052768058,19.74839640454721,-44.15161787116743,-38.57765060849924,,68.32280464067931,19.618929428503467,70.09268991568459,-47.73055217162095,-38.02645673613912,,,
20210120,-45.467246496129256,-35.12467470255046,-3.7171500514240217,-30.70003533411072,-44.35006483662547,48.36159189920085,40.15681935460764,36.629934109052144,-68.70935012991788,26.837425367277937,-44.972001431905504,-41.380365248163024,,68.23614363576738,5.55985716848999,71.04925801259401,-49.93690206623801,-43.87151855140069,,,
20210121,-46.84472087883143,-35.388222364245095,5.191604079838383,-34.22198063701821,-46.482017009406896,48.478287711322245,46.38725285379962,44.04991884584909,-71.1285191037866,32.52940647860734,-45.209229160354354,-43.74086902887509,,68.08539741706967,-5.435888419581605,71.34292644771695,-52.02686558086369,-48.498255897088214,,,
20210122,-47.334187265318185,-36.0193321186641,12.594722759520971,-37.167233031381386,-47.71974311044334,48.562719759320686,51.962299987153,50.25507878516934,-73.19534538596555,36.1914389170798,-45.45429227000888,-45.215361707518866,,67.50833565483734,6.6237672927331985,71.46493576989818,-53.77483908167695,-51.745265255251496,,,
20210125,-47.7343325939479,-36.53804437637575,18.621314073972332,-21.24305034719458,-48.68338314500909,48.99406231755577,57.98273708836241,55.992776173817816,-75.26392229104401,39.38085506423983,-45.68192127731271,-46.36337264782718,,66.97060804595839,-5.4718274482640465,71.06835017098923,-54.80937752408757,-54.40071863100623,,,
20210126,-48.08967530900173,-36.94186185127488,23.77345365156161,-8.23580011405245,-49.42707282289245,49.372437188571716,31.584292320679467,29.840028551081698,-77.82815811390007,42.01702292020664,-47.73849717409188,-47.17958349381158,,66.64638775684644,-16.629677485155266,71.42317186338775,-55.96361792972928,-56.537537656677486,,,
20210127,-48.10058789457387,-37.20468831667175,27.92709398424388,2.0109140280608373,-50.212520909115206,49.92059262779282,41.28753539988976,8.657275991261411,-79.51763676710608,44.06049345334028,-48.251539475117376,-48.07037616327957,,66.23313335188492,-25.72387697871658,71.55471142681806,-57.053174954778314,-58.3910334058546,,,
20210128,-48.11012077795899,-37.40128556374686,31.209364442413168,10.523700547711341,-50.730421730559215,50.22522988666463,49.10384477609152,22.60412779542554,-80.83573642277537,45.729297739870255,-47.358760518955904,-48.51582636960764,,65.79066268652733,-33.47626660041719,71.45432317119518,-57.13678250748087,-59.87676390458099,,,
20210129,-47.99022293582738,-37.626267767129605,17.195579816431778,17.675825253660705,-51.02313624378746,50.512527689482454,56.52703975179951,34.03492351480791,-82.28965503597227,47.07777022610489,-46.6026374906488,-48.89348169663974,,64.54448969494798,-15.149971591870987,71.42346225175679,-57.17003997123524,-60.940839576120354,,,
20210201,-30.17895950660999,-38.964470686024036,22.601081845279662,23.918855953732972,-51.46684887694052,50.778143661780064,61.85785729351815,13.296328897359908,-82.79016800999695,48.512330455043745,-45.99523414931894,-48.91585085301274,,63.756723702484784,-24.672084119153308,71.21061516637026,-57.03476143168183,-37.822937016615384,,,
20210202,-14.905157822858747,-40.14924335447847,27.595411762998236,29.588133284455484,-32.33833905835099,51.2014605230006,66.37725202470256,-3.7533001997422857,-83.2893840975556,49.66956491085341,-45.470698032247626,-49.136485699997564,,63.232229288908094,-32.46465230368732,70.90844025301217,-56.8541053769363,-43.04924833000184,,,
20210203,-1.5371410021592387,-41.72791207842686,34.62496300771986,34.93280523078772,-16.934535075590098,50.37878584499528,69.8579662639501,10.837744271620275,-83.74121757779209,50.47345074255209,-45.20244922305771,-49.347928027698025,,62.82765820785049,-38.98159794200038,71.09230336598397,-57.4634483866378,-22.733445468028076,,,
20210204,10.225720478668231,-43.302059883442745,40.45834514564198,39.466813842988515,-3.7818168149497002,49.839853521931765,72.6390640171988,21.709231642600635,-83.98540759980732,51.14715771980429,-44.7792359495129,-49.19755111957038,,63.301931937032144,-20.31451021767756,70.24345516743709,-58.01957957864486,-5.728881810644667,,,
20210205,19.91920945813573,-44.616578083142194,44.99267052431758,43.212018446104345,6.932369683111086,49.40753411582977,76.29725908816029,32.01589234709217,-85.4562140276632,51.54702442602906,-44.43322289359013,-48.85733472973456,,63.82327913853471,-4.127841457164172,69.47410442966441,-58.819403569129534,8.242041636859364,,,
20210208,28.350852953353893,-46.70249859664012,48.750719584680155,51.71811821721935,18.747246817711115,49.473106800230674,79.18246575263042,40.85018186945487,-86.57998305866387,51.80591014361539,-44.187657303472896,-48.70343415949655,,65.90746316655309,-15.87757618776892,68.87043399304144,-61.67469573330202,20.115717209844377,,,
20210209,35.050497063895676,-48.95576758918046,52.7854928485035,58.98751375313924,2.2755602853052417,50.56753254066231,81.47101581113635,48.1365876550939,-86.97480093170684,52.134833925148534,-43.895637486320396,-48.66212443457919,,67.85518359024978,-0.43414649364767816,68.35571229157257,-63.73475842920954,29.757021406223604,,,
20210210,34.46285535982603,-50.54539515146495,55.17859466716523,64.268651989545,14.77562910831035,51.61014813408264,83.34063691095945,54.05851038998327,-87.61023274278575,52.25145592823184,-43.25641238904639,-47.161251470497675,,70.50973030629247,-11.646745118470632,68.90859025750996,-65.73768913365471,37.77229595257676,,,
20210218,31.883093810483988,-49.324439948059606,54.37732541079311,64.4623489580571,23.47786618776394,52.46921378986599,77.24292219668766,57.11888538311851,-81.43905357172704,49.513434625664935,-40.751104106552404,-45.820057105572,,70.26294742559168,-19.016536702631303,70.26113984555414,-65.0907621821972,39.36294121594695,,,
20210219,29.75295167026583,-47.99741600705458,53.458993378169964,64.15962087871985,30.227047547048517,53.165661810267046,72.08000765477462,59.00550950137837,-76.32506412717922,47.25731434944775,-28.00465193424929,-44.342145373787275,,70.05121093155115,-24.99695948880851,71.11298585910129,-64.69945003269429,40.40936511590707,,,
20210222,28.01982824204726,-31.38418951908143,52.70373666986349,63.77490769568784,35.77317699613413,53.92256408047623,67.8191636909078,58.942786004876304,-71.34136076974517,44.305162172930395,-17.804343800364414,-43.257251187448205,,69.339376814348,-29.8125270626367,71.5147424543787,-62.68688617660209,40.41061625243935,,,
20210223,26.56039249343217,-18.4428043930079,51.927653080476496,62.86915856580874,40.389584893870826,54.80837759941329,64.06861673433126,58.8688153932476,-67.13858654543272,41.82987487770479,-9.468028967460285,-41.933127762170706,,68.0567387591004,-14.915539588800005,71.98528920809272,-61.13788054156089,40.340482576665565,,,
20210224,25.358743402497282,-22.19789825605349,51.31046938796382,62.16041401967827,44.17438065610758,55.544102115396036,43.9075662060946,58.52636584707889,-63.849449117993466,39.796158886105225,-2.647601705231009,-40.924282196788965,,66.34048927424132,-2.227420682122948,72.40380846839732,-60.082801385567166,40.300234083453596,,,
20210225,24.382852383409045,-25.229937675876748,50.98771699868091,60.36764319899811,45.662946893647025,55.856102239134415,44.42842236368411,58.44025204373887,-61.08833062515355,37.75774415489282,3.1082123733882225,-40.06162336349946,,64.5691509436565,8.084694934334586,71.46247403209976,-58.72758927172852,39.75598356648334,,,
20210226,23.6288777668178,-27.597656242801744,50.60130828267974,58.795338211298834,45.299142389182784,56.15520380256097,44.82815987418508,58.34318562929369,-58.80807099324341,36.38493774059581,7.851763954129877,-39.697062864400166,,63.040795893011314,16.084017163509728,70.40730117565995,-57.75356474065687,39.32919631681359,,,
20210301,23.02401666090201,-29.56276423509328,50.24966492550449,56.7950495422649,29.099814661623096,56.3849442857214,45.310281776265995,58.23860806294538,-57.09089664254214,35.25420781951558,11.399231615993651,-39.511579646643604,,61.610064708440426,22.95068753455645,69.59546602301579,-56.394516161850184,38.44901398490569,,,
20210302,22.426905767057168,-30.38851997987399,48.72020200288997,54.451697151897484,16.133776013477032,55.59705717258384,45.70879724608953,58.18021388895586,-55.676595841804385,33.73079951404871,14.078550075843552,-39.22135762870316,,59.09236415117935,28.980005686076602,70.82557252406096,-55.29220135239924,37.5277098443965,,,
20210303,21.94483020520722,-31.093754523726272,47.50096424426607,52.75108749478295,5.463517046595286,54.8309608565119,46.042084615237954,57.91104059488508,-36.55471222289479,32.500572664160785,16.386125694177746,-39.015529106180146,,56.97749414130529,33.91606621431301,71.64525634609646,-54.585581193093034,36.74008584940194,,,
20210304,21.54547137451108,-31.687032085955778,46.54175982045186,51.409836715643294,-3.1087200481515778,54.24772144556299,46.169139308549056,57.14668946541986,-38.78656713341533,31.491266431199495,18.603003516054436,-38.911707296167236,,55.34540828572916,37.736261871934126,71.97637313658747,-53.354004754915195,36.12007833603353,,,
20210305,21.13600326760878,-20.057087608951175,45.21028255925801,49.706513959664555,-10.17804304997129,53.96327890920844,46.24835544044061,56.53999426913577,-22.857886225278122,30.72816977110862,20.439756814223504,-38.707598307648475,,54.23111078167352,40.700719512351746,72.39057126831939,-52.28879460578306,35.65736776928612,,,
20210308,20.746361640821,-10.63329379232448,43.92102123055494,48.20634215062021,-15.950032814397105,53.64147989372768,46.388003234112055,56.21444420566239,-9.785530679162648,30.110098446080965,21.948890934324915,-38.692357135267656,,53.415616892774224,43.06683831165865,71.67791066148264,-34.45445357662897,35.272759962515586,,,
20210309,20.402685318575678,-3.1934067115228015,42.5021427664441,46.177047743808224,-20.649908951713286,53.36507959321861,29.812829988148717,55.538625082047666,-16.07319264105774,28.99393421128138,13.277297758331306,-38.68974058882643,,51.70414867231769,44.857438042544935,70.39652319597049,-19.867072195029483,34.58357932742586,,,
20210310,20.10689474486569,2.751391929189132,41.17216745987373,44.32445331609224,-9.24009563768155,54.83307322370354,16.45752805258346,36.06076422604201,-21.153510794082063,28.068234708528635,15.558862789719223,-38.702064632686074,,49.93282131794119,45.1129393384809,69.32908813115742,-7.922141148980928,22.736962131179784,,,
20210311,19.86554906525578,7.673485796989416,40.08009872773916,42.81951610109793,0.2236173805064411,56.469141808785714,21.287829079449615,20.200132053233375,-25.29861521960226,18.690360802630448,17.45594040057087,-38.612889255711785,,48.41502605163694,45.46893744664302,67.69475635126626,1.1017707554212273,24.09993073122564,,,
20210312,19.666147573381846,11.700799941552589,39.211274134151076,41.57841478004123,7.938517961747129,57.9175933251851,25.28391357829821,7.166728247153156,-12.717841254198014,11.001603252340997,18.927622661586067,-38.557619559194414,,47.19765354575704,45.75371506546524,66.2613764160374,8.456605217132607,25.211225807074033,,,
20210315,19.49210674733798,14.999345451591417,38.43587966483759,40.56348055375356,14.201627421048412,58.85827477169617,28.578727681572346,14.440235156921496,-2.4047243439444554,4.708912518255946,20.124559958545255,-38.5012139023127,,46.19268152676336,45.894265479115084,64.6806661431107,14.272040080503704,15.073158776072932,,,
20210316,19.307956241712468,6.948678367372143,37.61396385435722,39.46650407814071,19.333886499221244,59.43306994179768,15.562253636597951,20.26785815936411,6.087330569078107,-0.46640932007156166,21.067907398971208,-38.455954833549754,,30.44743561384872,46.00814768594427,63.286426989990055,19.11056632604993,6.9603535159605405,,,
20210317,19.825920308653345,11.072838339274393,37.06373760994205,38.593329125524676,23.5766428905923,59.85488625835492,4.9700536472356145,25.021383716024296,12.975042716860159,-4.699481937477192,12.633542751282334,-40.70967169541853,,17.63835048425371,28.5083450683387,61.49372233692803,22.946065140375236,0.3271865537799153,,,
20210318,22.791663739960075,15.097127752957471,37.13036447346347,38.36612595596766,27.49397932492639,60.11647155025485,-7.280857120302618,12.004482523156646,20.955624093168026,-8.740047037374657,4.157962995682445,-42.496784059113054,,22.074727092729958,33.866203379867365,60.42349018359671,26.415785258644803,-6.229970644250087,,,
20210319,24.478741963409878,7.075945818260841,24.42314080160713,37.199482486525184,14.940547004362466,59.17710763738745,-17.62224206066916,1.2220559791682457,7.019627564111837,-11.973179439077972,-2.391942997000855,-43.587543735717595,,11.388625182941052,18.21621854186255,59.433297075422075,28.889119126233986,-11.436388018870188,,,
20210322,25.79650434797274,0.5951787259111538,25.72042599953423,36.28032780129597,4.662438663694289,58.02283150649869,-26.859626108150753,-8.861821172556247,-7.231604529733984,-15.423029279397005,-8.30094330305588,-44.36601651901452,,2.442511542487407,24.648573682880762,58.85579109268083,31.377317245428955,-16.32908861797508,,,
20210323,27.108564362024964,-5.0728375035774524,26.894189650542845,35.72478270550631,-3.8327812699689003,58.471155324454784,-34.58643467740266,-16.891942896098215,-18.818433963132588,-18.262494099794047,-13.130982283097325,-45.75916638337454,,-5.1570427322896455,29.93834438980694,58.34500457479061,33.41322530945187,-20.32631183737859,,,
20210324,28.07095304049214,1.3216477274318355,27.74664682510409,35.30070038580352,4.573329941292306,58.89993173204373,-41.05995960874344,-23.529979107638667,-28.21020344023361,-20.563312994229953,-4.575467437730952,-46.19510214775682,,3.3628533147161286,34.282156650646066,57.70243461993031,35.079020471684295,-23.650035193116224,,,
20210325,28.89854423772967,-4.50202189841294,28.546405793495502,35.566829990859524,12.928101366094216,59.858446398130475,-47.03680229970948,-28.912203059540396,-9.52971584448018,-23.540441119581228,2.8566867124197257,-46.276903434832384,,10.950048055516412,38.53499869061639,58.30267361209716,36.75056980811386,-27.885499749757027,,,
20210326,29.5823512830762,-9.34668975294792,29.245449083645923,35.70521116238036,21.729425441009717,60.59842142697376,-51.790536304838156,-32.9300983676151,5.688334468658604,-26.056061632893314,9.089894092816492,-46.30879452447925,,16.78225400509664,42.21439415445657,57.498019719152246,38.12313830047853,-31.377539841154192,,,
20210329,30.142917665170515,-13.303838720279723,29.795987165393935,35.9248984833129,28.848176316598156,61.202302560009024,-55.81055152949208,-36.35317910083472,18.05241026149331,-28.18805319399037,14.44068476812264,-46.22014535687889,,5.911177464275749,45.8731841317307,56.9130046978204,39.7623812875472,-34.63135947864315,,,
20210330,30.878428221183437,-16.84941495798121,30.559478034269333,36.233494442088755,35.267386236989296,61.70940054391012,-59.48061279338602,-38.90111375649173,28.178968683251796,-30.601074653948256,18.81195819875288,-46.43335593337875,,13.254596742062583,48.457704363583474,56.472902184736185,41.06622450530684,-37.438508076457495,,,
20210331,31.4756298003201,-19.77571805650979,31.204878957427177,36.46462599031005,40.288539424488214,62.42861027204616,-63.035871492614206,-41.20013535321281,36.56934346976624,-32.623342938133526,22.3213580052509,-46.64195977982795,,2.425933221887001,50.462136104875064,56.01040188675653,42.12620717231904,-39.72352404370721,,,
20210401,31.94608735635908,-22.175073385870576,31.731874274377695,36.645147457711744,44.448249156400045,60.1248810678774,-65.44359916010177,-42.84165980787469,42.78123890622539,-34.222152801156064,24.64128322475794,-46.80039816760911,,10.537952958525953,52.16949834946779,55.660062873968705,43.365085581954865,-41.59723715275683,,,
20210402,32.726887253266845,-11.857716637835445,32.388485895583614,37.20560934488164,47.28111265695363,58.1755975340168,-67.06885988226824,-26.004903465276772,47.80952822572363,-35.487577121706884,26.557328057201264,-47.31656845910928,,0.128942923268613,53.653489627082465,55.51861044736591,44.392443216571735,-42.59816608605023,,,
20210406,33.73732353031127,-3.4978918125710132,33.11790139140041,37.850535601195055,49.68089617096322,56.26819728147955,-69.93638943495075,-30.868598795809174,53.69419060905917,-36.84722963712215,28.045779122408003,-47.95882880614705,,-8.388044952446364,55.1361247122201,55.3993641377626,46.1409071704746,-43.66024869254569,,,
20210407,34.6152657847445,3.5344897329954494,33.95509308231093,38.922653048167646,29.628793371105292,54.693008300813304,-73.69545656051098,-35.004419352597,25.79058497174209,-41.37837198271224,30.210632839829383,-48.46481791463943,,2.393135897847639,56.47020171777566,56.11441876706755,47.284937788544205,-45.31386950582281,,,
20210408,35.341354942822676,9.38248781202273,34.71975192475102,39.903201136832536,13.00411547520498,53.39653857731536,-77.24949944139748,-38.54162519761046,38.63423909350879,-45.04335557260487,31.61252379344262,-48.974722075536214,,-7.133479216344519,60.05783831977366,56.799568030898016,48.33405909789449,-47.13931652841771,,,
20210409,35.96561995148447,14.18140861492434,35.33474059226358,40.83810544309463,-0.6401436695591763,52.21977947552104,-82.99400130356419,-41.858449577669425,12.894621471776906,-48.29684323492845,32.741230862167235,-49.95127198643169,,-15.17391667729568,63.02190563637428,57.0385660119904,49.56626797345009,-49.52955903333029,,,
20210412,36.479115832140685,5.092179540789276,35.875839023218425,41.47502932072829,-11.517987760764038,51.156101484578315,-85.32063277746408,-24.070438021708455,29.83799493110289,-50.584798236432334,33.77957253279981,-50.31177896894433,,-21.74980643081745,62.82570984469738,56.94922790152726,50.531487686680926,-51.282013161753426,,,
20210413,36.973420878833544,10.584151210578678,36.35049942313744,41.75589505957696,-20.28078709790627,49.24467586495554,-87.31169090501326,-6.935689229402374,4.831378179953758,-52.483125711868105,34.57786765832324,-50.61585489978519,,-8.623014948161751,62.61094630151386,57.21415630366916,52.45021695177629,-52.79972216790484,,,
20210414,37.26109580811277,15.14121188299634,36.87811315533181,41.68858883449929,-27.347441750593074,47.75183708493905,-88.50490506739835,6.584534424671787,-15.493947761313946,-53.91932362530464,35.0978457490941,-50.87325766669883,,-16.3095417110004,62.36553316274537,57.61186526343871,54.01236762340776,-54.69428364634592,,,
20210415,37.135992395235085,18.61233889048784,37.064775144824885,41.59097212789421,-33.1948532641346,46.47158567436509,-88.59663249304985,-6.6959669946746505,-30.1002218689304,-54.5023957256388,35.81556380685076,-51.13302342693663,,-22.529199920440124,61.49291976607316,58.54432570933316,58.122455560778455,-56.090091247906486,,,
20210416,37.12710023183478,21.54336117433668,37.44005467530195,41.40087482320412,-37.899681443683036,45.30035301695104,-88.79922843354458,-18.09610716749852,-42.302543898284036,-55.24722904469308,36.401647675399055,-51.36755494667153,,-9.273561983458862,60.64693059177601,59.28774259368289,60.52043678905729,-57.17522536429727,,,
20210419,38.66324603285292,25.749819270319,39.59221616007209,44.008629577941065,-45.299106483722106,44.8769510280748,-89.84763502782947,-27.684948303554123,-53.098283734340335,-56.83449260816805,38.1423803129522,-52.48974084743562,,4.857889532957971,61.927166840084425,60.16128184305731,61.017004439661726,-59.458270434909245,,,
20210420,40.07767270880661,29.460486741302454,42.08905122756301,46.192014886548094,-50.745624097330094,44.723818637134194,-90.57584426880176,-35.531578325491175,-61.98344283121053,-58.33073759270675,39.658387608708985,-53.68090540242917,,16.486609969613966,62.932227465955116,60.941408780418804,61.432159020573636,-62.77928078467858,,,
20210421,41.10643552641385,32.08950961415618,43.76094486753296,47.799649427887246,-55.18810649825969,44.4819232732853,-90.3208759436449,-41.54122330581239,-68.35322562495992,-59.133029056432704,41.115872690062275,-54.93569301106567,,25.67955666093053,63.1589499390328,61.51219286955011,61.414509968623435,-63.93024600187998,,,
20210422,42.117012144910085,34.57891230178442,26.325692969612696,48.544256121496026,-58.79819234423622,44.24997500376108,-90.01195811084182,-45.23474922235878,-73.36066227932751,-60.46283805074414,41.66709904353767,-57.38136265995073,,32.935395332913984,63.32435823555333,62.39918618091404,61.397514195026474,-64.84568027897177,,,
20210423,42.95151316884352,36.651959370219615,31.078262498166353,49.24195732894507,-61.949204251941964,44.1969520321209,-89.78150806342502,-48.199163623449344,-77.36012113333639,-61.588814586648866,42.12663614124646,-60.737590352904796,,38.940777778224756,63.278651421329116,63.06891851650146,61.60187757859194,-65.45992042358091,,,
20210426,43.429638944949005,38.32029592046275,34.88999536293504,49.91549222040489,-63.79335636881703,44.09316656589477,-89.83040359925307,-50.87123058496433,-80.69185158054542,-62.35979328362783,42.470331807344806,-35.66666169911787,,44.90905803203803,62.73602722825003,65.86061113001529,61.646973947858676,-65.33922079039651,,,
20210427,43.69326916247711,39.6337190772716,37.99131690877209,50.250625785822585,-39.05166118568457,44.04221554395743,-89.49186710148152,-53.33248675812492,-82.37684298866478,-62.98791731055399,42.97080904954479,-14.261024883519157,,48.69703823497676,62.262126372193926,67.90201497616187,61.087373417927935,-65.5446167032942,,,
20210428,44.2016902451179,40.949779245686855,40.709962577680486,50.55456031936514,-18.950655043916118,44.51565787109899,-89.19099531085085,-31.40803440311886,-83.7296148807395,-64.13070327300505,43.53387127881583,4.9332180964943655,,51.40469490727344,61.969123818630166,69.56511111250839,60.694354822156434,-65.71169612329064,,,
20210429,44.5597916503182,41.91377674604379,42.85420102124783,50.9193690497819,-1.5190522282561092,45.23077859553342,-89.08737960432154,-37.943669644752866,-85.21730086290974,-65.14801586672931,44.02911276258158,17.467079388896934,,53.670091398214865,62.03554023335614,71.0074192512299,60.01604498793584,-65.35931530623347,,,
20210430,45.141396965414735,42.840399887493476,44.974071186319065,51.15353019085302,12.74096477482434,47.567948466940265,-89.50412883345052,-44.54740745771129,-87.17723712245957,-66.3044647235614,45.523089737990865,27.74814253141033,,55.254896131362756,62.04020506168708,71.93584627799619,59.30891897831994,-64.99793820092889,,,
20210506,46.12112311026028,44.245305488665814,48.014951455413005,51.57947134063183,23.078325819028827,49.448402405515964,-88.1853095792897,-23.953507010442106,-85.70759075735906,-67.03782067160299,45.60539695980203,35.15927731182083,,56.85247135455742,61.244060514005334,70.80426174586492,57.23774573363329,-65.02332343461038,,,
20210507,48.204162537557934,47.86346284964068,52.05077252334164,52.64393795939917,31.570762123022142,51.10199594786926,-85.04024228225288,-7.464478905108993,-83.8683220278731,-66.49540129926415,45.24832761530782,41.23629200664337,,58.25139828021005,60.44958222698877,70.04281244545301,55.58607952456378,-65.04802325714749,,,
20210510,49.97004545198296,50.949643210964446,55.62517080909403,53.76010465951259,38.373631347455294,52.468078539213934,-82.26633844755682,6.1708483063097335,-82.1305864189346,-65.72707449769935,45.01914142240056,46.20405522545601,,59.427815491062105,59.75458333200491,67.61715169593614,54.774143385980494,-65.09314978659734,,,
20210511,50.87094290223367,52.976724025999346,57.2060045553884,54.72521403629989,43.49729073544021,53.542471640288284,-80.01838012030574,16.981653937506117,-81.06606989048696,-65.30905808549404,45.4456969129978,50.2962780380597,,61.363563761346704,59.205051866157774,65.17296001665319,54.1073567783332,-64.8665618080205,,,
20210512,50.989506998998074,54.40959162311691,57.90115830416401,54.613775763179405,47.95064574655892,54.69884432257829,-77.93106447782314,26.320811024719188,-78.89678479754255,-63.088760628517555,46.139543143177576,53.17308751444798,,62.61487820051107,56.92637751200426,64.61793897204225,53.354669354833526,-64.29442405398262,,,
20210513,50.85929971014632,55.63198719323984,58.22930938597009,54.82607989008001,50.161325372507726,56.00366675578435,-76.84314575084046,9.349052915607016,-77.4292751608219,-60.73015989817966,46.491406692162975,55.88836473747774,,61.399448453401575,56.591503772308016,63.24620057067793,52.59803637046043,-62.92003129995486,,,
20210514,49.92300205990027,56.13817268164296,57.79093498696795,53.228720289319355,51.06707645979204,60.57717731084605,-76.02962915174258,-4.52406227075574,-76.002004290833,-58.296178664853585,46.77010031175043,58.07383243996058,,40.2412936869406,56.11533297908476,60.579861130987354,51.89515343454208,-60.94224196885809,,,
20210517,49.32170725355424,56.06403748083732,37.24150152239014,49.733546948285465,51.819883852098734,64.1179056069828,-75.46837380473406,-16.12058225683361,-74.80857729226081,-56.302102225129744,47.285089817127556,58.262331399707286,,22.804678968870597,55.18713515306769,58.36597126010786,51.2892812262416,-59.49310784302234,,,
20210518,49.71163517038224,56.65198917336359,41.36403925586077,46.9036583070639,52.488432485956025,67.64730882799323,-75.42279259671409,-25.521921717156317,-74.27647811428017,-54.97716445121017,47.701411310478676,57.82517200678902,,8.453030900066947,54.70850418629454,56.55477693374247,51.190721442441095,-58.3700367527844,,,
20210519,48.89763097058267,55.99643625624942,43.78913288908176,44.536663986212965,53.022634223904895,72.53130493503589,-74.90545848509346,-32.695694713364354,-73.438592967535,-53.843371879451944,47.86843218671991,57.09774870269176,,-2.8619728852730026,54.22179789189271,53.600694566194484,49.835093325013695,-57.436379025220255,,,
20210520,48.21051040055397,55.13917489013342,45.817467543323595,42.529332943703274,53.42672306742105,76.78617760166918,-74.37626263588923,-37.54558116986613,-72.35016805083008,-52.99467937288902,48.10498014616844,56.53805736786093,,-12.11239448881045,52.81280005007326,51.08494045454035,48.75385229713897,-56.68156019013254,,,
20210521,47.4528153012539,54.06341915780749,27.879323791763607,40.8454446561905,53.7214161449438,79.55448694588853,-74.02460727045748,-40.96810865706652,-71.3133598140198,-52.59135794316639,31.264530697366784,56.204903296762694,,-19.464530770238508,51.54378655241416,48.6568375933984,47.869643318579286,-56.12660490591512,,,
20210524,46.369557320042574,52.974772355438354,14.27902140564563,39.4883336174389,53.958989704672845,81.54129417913293,-74.44143255230888,-44.16279955640358,-71.25393096398925,-52.44786669397569,33.69645664404578,55.82852668090083,,-25.458738618623677,50.463872829031835,46.712834343238086,47.39479900995627,-56.35744525375352,,,
20210525,45.44454402140386,52.00659016866409,20.49146362557498,38.55996910740386,54.17613501501704,51.10145835524732,-74.84442282713027,-47.990497523052795,-71.31451238330865,-52.33515330576608,18.996196211263403,55.957224304209824,,-30.257064556694484,49.593470763321186,45.163351402545906,46.94952373495758,-56.51891915631323,,,
20210526,44.67956880960565,51.23129087984602,25.6572249897855,25.3157303794703,54.41704232545148,27.503964438238878,-75.00593216177644,-51.360437200673495,-71.12255192016673,-51.67953919256908,7.097616976986794,55.97199267305676,,-34.189338530235034,48.57266088149859,43.758334317227344,46.613753894345294,-56.91655330921732,,,
20210527,44.17905398434152,50.54808941295065,29.894445112811777,14.974705004316325,54.93412199944317,9.95988287083565,-74.77266093509745,-54.372378411386066,-70.45043117326702,-50.755032068480034,-1.7536990520708104,55.980414626812276,,-37.27915954754881,47.09190610179981,42.53523258793938,46.335575478611034,-57.3409298520675,,,
20210528,43.74761636374407,49.9330509132124,33.19468138610648,18.019473308501762,55.35732378213798,-2.08381460220637,-74.60034667456894,-56.77974763968178,-70.38424724468412,-49.990748831149105,-8.992737395834885,55.57259016295981,,-40.38941848315895,45.88977443839886,41.404541036176454,46.210791438044325,-57.5878766471026,,,
20210531,43.40510026023392,49.47627848145068,35.92306186327226,20.523319074933664,55.54923268782749,-11.918512634727001,-74.0860563445637,-58.31140561297387,-70.31263938919176,-49.36671423454713,-14.641136731484432,55.30339764081986,,-43.23337399846711,30.16639104202708,40.429046471107604,46.109317429604424,-57.5878161292577,,,
20210601,42.87121091536261,48.92926968578301,37.96171507473101,22.421365771506963,55.746868559049915,-19.96051809928588,-73.21587034193428,-59.15728505403439,-69.96919981735198,-48.747098804118515,-4.8229711157377455,55.71914774000365,,-25.519119618318594,32.06441918536953,39.66359464609052,45.3294051813107,-57.61182461650357,,,
20210602,42.4363870005266,48.51479039382462,39.632551210571606,23.986160391343947,55.85232285101551,-6.098928105975618,-72.7772816271608,-59.305869034955194,-69.89445475685628,-48.046217360277346,3.274443304604581,56.25197875651623,,-30.77777158941407,33.424792959498355,38.9918417499823,44.76054973816431,-57.60677201091994,,,
20210603,41.96676231425986,48.15078182578788,40.82779412683382,25.300983226701362,57.00764389421209,-15.389855837530245,-73.76057025134746,-60.472567443136825,-71.89558379623232,-47.63335303173196,10.594963308258295,57.2209800630563,,-35.255195364756474,19.805948734099932,38.79546658604055,45.10127733585366,-58.03696330581225,,,
20210604,41.59513552219761,47.84959860177539,41.8164436221172,26.36696167495023,58.02707048471419,-22.38294381319764,-77.63373335368155,-62.03383426783492,-74.33063218000268,-47.61010173914471,17.371716586749663,57.620179007082804,,-38.80206589270966,8.621804855661226,38.64438787341147,45.4296555080842,-58.225277670285855,,,
20210607,41.23596256001743,47.583680055802354,42.591505534132914,27.14162243026605,58.76497250382398,-8.525684917413162,-79.96549126900841,-62.96220062749157,-75.77989809415162,-46.954966830011536,22.75552637855727,57.63169601189926,,-41.52454926767086,-0.3571242192583864,39.18128953502481,45.68234655400254,-58.341546158991456,,,
20210608,41.12150206705718,47.57757602277068,43.575248039081316,27.76641263595698,60.13391884382313,2.7189531746996796,-82.11452629555293,-63.822597380148814,-76.88245304505915,-46.42706802576518,27.187398269054718,57.57922921440957,,-44.10379044331883,7.1190884154455025,40.1720655317188,45.94908802318272,-58.7138060387582,,,
20210609,41.15164824043072,47.50251550133898,44.59381645532148,28.456483693002422,61.499190683784796,11.912629109944804,-84.45806363976236,-63.661479877520605,-80.86312670170012,-47.77825605645172,30.925312914586463,57.77445677516793,,-46.53921905792736,14.787975713861124,41.91389600563042,47.039948452950554,-59.65007290080482,,,
20210610,40.914175674533126,47.3568680049563,45.104111687606085,28.954945151605813,64.84314934359523,0.08326039023852166,-87.23976237589044,-63.84439842141767,-84.27557019570618,-49.66113521519931,33.79301725336741,57.970874686371964,,-50.32620828571546,21.368532613034816,43.394878864700104,47.7237800962325,-62.01400382536638,,,
20210611,41.2302144634261,47.57054707660267,45.989052618462836,29.560188843987596,70.19112975073257,9.701957569146009,-89.38644448719239,-63.80651549015127,-87.19987186768678,-51.72287128410421,35.885409509077434,57.87662791153523,,-29.16593357948771,26.72891425845168,44.66318981812996,48.12863850823726,-65.94023975841226,,,
20210615,41.60070553032618,48.11871244389303,46.86876141040162,32.405295818179944,74.82957382645384,17.215946056241208,-91.11174152826462,-63.74322480115032,-89.43753871171099,-53.38100050366592,37.78472753146641,59.454531273761006,,-11.646905083716792,30.85769894490734,45.31826692093372,48.649617347445634,-69.40875090531219,,,
20210616,41.766217906402865,48.63330861837733,47.48728121010482,34.653901191944385,78.66130995788158,4.720685298840925,-92.17186383936775,-63.91757575809372,-91.00477981344714,-32.77989605865705,39.28613350169343,61.43231690846701,,2.457818208015069,34.266049549476264,45.99725817587494,49.070633491870936,-71.96027406611942,,,
20210617,43.31328555775318,50.09772300023114,49.010651043050785,36.633490358975564,81.83037787753484,-5.510740355030653,-94.29895298929401,-64.16996946044624,-93.04507400869423,-15.861583956808579,40.51845028222032,63.61611199513185,,15.051482517818075,37.10953297437342,47.67962624592112,50.562232280861686,-74.50516144706762,,,
20210618,44.19964833412085,50.7772554343388,49.83004732961917,38.10552322726412,84.88573720730243,-13.727824817834101,-96.12950928255968,-65.44952076117926,-96.78881338134389,-2.4359381149769184,41.59309322889288,65.6058471235557,,23.4399213265879,40.16950295661422,49.06787661060132,52.06913966202275,-75.23929672923302,,,
20210621,45.59746026014024,51.93934972572083,51.223078172740884,39.38732921743311,89.60035135138679,-20.40949443163744,-96.7852556779456,-67.14754275718163,-100.3081622640402,8.284324480832105,43.20542611403935,67.22414012499476,,30.712141505356236,22.945654388678875,51.03540271235388,53.301666365045385,-75.84045339073602,,,
20210622,47.04801874194998,53.41629032975802,53.74724670382614,40.28838638465206,93.11807085566329,-25.31061741688252,-97.24205722771488,-68.65440112230658,-102.37000493030891,16.420047698380028,43.2728738579393,68.7553821142339,,35.90242447296811,28.12821756414198,52.250459753572024,54.26600578229221,-75.32854888697935,,,
20210623,48.360379404801044,55.10395271991673,55.77748657684138,40.90313997014482,93.27271402351326,-29.254500198855386,-97.52460562973101,-69.29341344451632,-103.72379551659135,22.793721161917063,43.10553555163425,70.11445425545823,,40.27509822026167,13.752859670439229,53.3413084161089,54.962706227051456,-74.87668774347107,,,
20210624,49.420269446393576,56.446997789148064,57.23418703346309,41.420165786149795,93.18075492224531,-32.495120355722605,-97.89984536294922,-69.69995998701654,-105.77655053517259,28.8570202381706,43.092276673912814,71.46097972595965,,43.876865821993476,0.9025555810743997,53.652771104779454,54.90767095531255,-48.43108471971728,,,
20210625,50.30707921280889,57.819348139464324,58.64060794901783,42.98284796100195,91.92918830217798,-36.27080861956918,-98.39774006650254,-69.87071818582017,-109.27621167172332,34.32625898306212,44.2591306583332,71.34500820892619,,46.25717513169316,-11.358780617975295,53.848889020100145,54.66931264879351,-53.41005047302638,,,
20210628,51.2249517197993,59.07273991743191,60.153929843566566,44.187438219094766,90.8526198831909,-40.44781082716246,-98.96396124242568,-69.50460518831729,-66.56559328135071,38.83807915790817,45.139113332123664,71.46963601196366,,48.214820554485044,-20.96638182144018,54.41023769384361,54.25885323094791,-29.76034710973032,,,
20210629,51.378773038701134,59.64838075754859,60.54350422514209,45.045708307321796,89.50765985237535,-22.367644842817015,-99.4350636819223,-44.02214930610363,-33.25205264849867,42.67167430141183,46.14142651992637,71.74687639282482,,48.97860676549453,-28.866711246522687,55.20595416216605,53.748642749721874,-10.98127943771288,,,
20210630,52.05534941275468,60.78056874565557,61.38614784788699,46.37769983295387,88.41317499586937,-7.688018309537004,-100.5531644223469,-22.338776262365542,-4.9101954405149195,46.245131829016735,46.899272411731474,72.02093358737768,,49.80067614022779,-35.310123941593076,55.859527518206555,55.19751922493383,4.9815665754857115,,,
20210701,52.56929565462114,61.73919168420748,62.08219167629082,47.32993141794741,87.81654981166749,4.353439785071444,-101.89161462285804,-3.537472827944268,18.2619217022912,49.47127005546784,47.268938503847764,72.34844296660992,,50.55392514660896,-41.42678610690822,56.443059099629465,56.01695286143167,18.398519426044004,,,
20210702,52.971251976938895,62.63169650479176,62.69729800677835,48.129215882604534,88.37571025851345,14.694555730608444,-103.00212488730311,-17.724611802618867,-7.366042783167945,50.919653078256985,47.59506838621003,72.07116805369063,,51.142802282228196,-46.55707689524302,56.689429925204415,55.57022248729691,0.4977239171186964,,,
20210705,53.30364426623839,63.45762150182191,63.14899206740045,48.69764199300725,85.33918070124966,24.36887662093369,-104.91621304913205,-0.4430795680071281,17.350903570561023,51.97731339902668,48.02261359185471,72.628252490922,,51.14660415515745,-51.091700000314425,56.78994087180004,55.26793889220773,-13.333156639495535,,,
20210706,53.83133803955765,64.24520181873481,63.636093683079274,49.741890566376505,83.28020272752887,32.233735695902574,-113.5680126851,14.804098406933111,44.26291187601593,55.056805753584044,48.674893169853185,73.86471869997854,,51.484161549506396,-56.33639282454268,57.21194825238916,54.738101020602784,3.112382044818504,,,
20210707,52.30215965339297,62.18899738595222,62.170114439160784,49.222068882525825,81.61355270751471,39.2561846285778,-112.3915272165301,27.058748116072653,14.194239841412305,56.49426998653798,49.198036659040845,73.43456173689796,,50.11482001711452,-58.891314215988054,57.54450054819619,53.95499669741882,-9.122052147073598,,,
20210708,51.28641431233809,60.37799077099064,61.07212111586408,48.64015204572099,80.27333273994812,45.36195856867087,-111.46834623037476,37.9043147505921,33.87444379852171,57.55682509130375,49.73271093978453,72.2031380975422,,48.61938717824424,-60.859512221940356,57.74591065568883,53.63326526331397,3.969587126986862,,,
20210709,50.89224750512262,58.91679497780374,60.679785933633916,48.54536436392803,79.69074613716907,49.35785848958419,-109.74063021764307,46.67267217833058,48.555022954378884,58.43101174429305,50.99046335860548,71.03302365120348,,47.43621965397433,-61.96669060756733,57.85386599846627,53.924422103491715,14.793919874738748,,,
20210712,50.5776987696553,57.84100191340463,60.37800091031571,49.243550866087894,79.30357747603972,52.66920324062514,-108.11507135487335,54.10583295477237,60.542673352179804,59.15242096449316,51.95973621634325,70.48402517732112,,46.59225184371006,-62.834651721600906,58.35352943408346,54.284711672584436,23.837221735311115,,,
20210713,50.494601869261395,56.83717575050431,60.14400892218288,49.97690214148995,78.99468698347175,56.879462302315744,-106.83071635997423,60.353799230823284,70.28331572846805,59.52140820496994,52.74870359899952,69.72146458258347,,45.76715130190413,-64.07522546642976,59.71961889084865,54.537580838632394,30.963403700206708,,,
20210714,50.66729980573594,56.17333705624292,59.94311388343186,50.667458730971646,78.63457368401913,60.33666278693166,-104.80842129295615,65.7778829607122,77.30430341980308,59.50063411051988,53.231569254425104,69.25402635029543,,45.28569609660743,-65.00358015189263,61.618618509325806,54.72961041326716,36.9692328522222,,,
20210715,50.12611903158928,37.50937815308055,58.638302782238966,33.46210373189797,78.23755662246505,63.299178038221,-102.62137816920666,70.19969908968898,81.86401523029068,59.381582319831786,53.453771886254046,67.63267454925389,,44.628624720902515,-65.5475113355069,62.43112939825506,55.11240303941021,41.513346629357876,,,
20210716,49.94111230165286,21.795938318826497,57.89549935804054,19.116017366752583,77.6059562996853,67.95402232853664,-67.37387421604379,73.70310200088508,85.61951750094008,59.943548840366645,53.77857505641708,66.3110024789433,,44.66175329668632,-66.11372293320993,63.31331597942306,55.221542804471284,46.024844394860565,,,
20210719,49.89463206170589,8.64648737402894,57.55335671241037,7.407419962680696,77.6348643978642,69.37854378835489,-38.70241169312059,78.24260407584647,86.80287208581382,61.01112746841955,54.49654170866221,63.9603702662859,,44.67164903419216,-66.57301854997127,63.6598344999657,55.18371438186037,49.699924645395775,,,
20210720,49.53013097942499,-1.456971898967194,56.274332298222085,-2.052179527156595,74.5273372813979,66.89606423055709,-15.558838633235478,81.43204983406277,88.04941534414041,62.36586110486863,54.34922293856959,60.80457494786462,,44.3742929498222,-68.37802135051766,64.16078890975395,55.202001265701426,52.39659597091539,,,
20210721,49.33041264202914,-9.836253606459836,55.401598065599885,-10.142916428559193,72.44345371081016,64.85770054482869,3.3280783073676146,83.33557003853392,89.14885626549548,63.7467005524967,54.641473248666095,58.33278775246014,,43.59414210014686,-42.03108448495631,64.41927014817401,55.10127988757484,53.95873594265428,,,
20210722,48.52769818616998,-0.047550019456528016,53.76297741776251,-16.51070439056067,70.59310780706554,63.480978842637775,18.796344820427617,85.68902720267543,90.06860894001447,64.88034386108095,54.38785844530397,55.87341023881518,,42.78405161704914,-20.555608864602746,65.74606356208295,55.537307044284255,55.417490601451654,,,
20210723,47.62896251960871,7.66995134910608,52.24675879213147,-4.659323426344995,69.22521041586556,61.99138108984449,31.907904857290895,87.803568085302,91.37924930877857,65.67533486159235,54.184561029755116,54.299016497797865,,42.43334078608878,-30.482563028597042,67.28063281273037,55.60304352796109,56.71210685988491,,,
20210726,46.91923455284391,13.953866616383916,50.995094765666906,-12.57378041064558,68.08094951275098,60.57341643209245,42.2279205603232,90.68869254698693,90.96598536747003,66.59801424695998,54.15284251841144,53.168849878521655,,42.125736577967096,-39.10423098011486,66.64988088460005,56.238454651229596,57.62652203063303,,,
20210727,46.485058357939764,3.7804609040776853,50.03404575686408,-18.659572522806286,67.89953797292006,59.48151217240303,18.3914469674624,91.6019615736129,90.94588127725235,67.08773074608003,54.19341192961679,52.27984210603247,,42.21431611048904,-46.066518299235504,64.51399903694765,56.213856671641395,58.79552978065249,,,
20210728,46.07861860966991,-4.515574768458768,49.207599518516844,-23.42906056845276,67.78766131498911,58.725346542099196,30.683852249980617,92.29137699355411,90.5075971406262,67.62841402422237,54.5716111119333,51.51741206351637,,42.285079291877004,-51.74660627085004,62.53334884628802,56.15005545960474,59.69770826941226,,,
20210729,45.755030636456624,-11.290208328626564,48.530333407749296,-27.25052953863561,67.67444085702773,57.93832780376641,40.55907153301421,92.84326665049966,89.64960282215097,67.80829835878096,55.19112406510029,50.89957697341943,,42.25195162182681,-56.254347790701544,60.95303876292847,56.54604396263414,60.34098491572362,,,
20210730,45.84759346449313,-16.98112398269482,48.165121417102135,-30.445984114356907,67.591399729705,57.295885486852406,48.635881111756014,93.26937714256611,88.90710671165398,69.5078018298517,55.62346593130281,50.25170103700204,,42.2288497546828,-58.327420193381684,59.884949243604986,58.060153002114276,60.60569417030593,,,
20210802,45.9454959473941,-21.668048858704946,47.90749104382126,-33.23847433317771,69.55696560673057,37.38624743634232,24.906216351620376,91.91049623985283,87.44716009708812,69.56621185882386,35.12879395252489,49.71810111567964,,42.63971774228869,-58.686500662460446,58.46321849692041,58.71624838866724,61.790437153327886,,,
20210803,45.783114410134296,-25.258645750615603,47.30581315604075,-35.488734114333475,71.29025288585149,21.133204409946476,6.0877729990966,59.93712535790542,85.73476854752774,44.62378116439669,18.444396185092995,49.319283684260604,,42.78068403636134,-58.52773900036948,56.900446995349135,59.199254939599996,62.80920884640055,,,
20210804,47.388148310080936,-29.004365806756905,47.590522286352545,-38.26946324018853,72.31666023888151,25.88060191033854,20.886682471333206,64.04769872601531,85.24966742547774,49.759402103870926,5.214283520530629,49.19590738491931,,44.00984581688759,-59.16374300548215,55.35025934953657,59.60050425428941,65.92501968476176,,,
20210805,48.5371808104283,-31.873755743828493,47.4693221975653,-40.65776721877831,72.8879464760278,29.774618207058783,0.9359176988198841,67.4869633443071,54.7116497309164,27.241762964712823,-5.443541318089303,49.1299400566121,,44.8105924951839,-59.750465979235244,53.63786749552953,38.14203242840078,67.12062646494947,,,
20210806,49.348845908164954,-33.9451591586985,47.167289838576906,-42.19018323142646,72.45249967470404,33.35495662161995,18.182529748877354,70.30538417013179,29.109563891883308,35.507499950387334,-14.110076205150598,48.961865868576524,,44.905101877186375,-60.679017718224245,52.130531828590925,40.24461034273432,67.89768008101677,,,
20210809,50.063714660818,-35.33999227955682,46.9068697629792,-42.1084249205978,72.05328694229286,36.293117164741865,32.94045978047042,72.61373168414407,8.054385337104055,42.30621530328011,-21.154295071168786,48.8112687101654,,44.597192808880536,-61.17701784980539,50.876566264732034,41.966478921187765,68.39399870443118,,,
20210810,50.6200302547378,-36.4781033554768,46.71275845606436,-42.01191313188188,71.70547568999264,38.80046317505737,43.18914176625533,74.01839155232578,21.452704177151613,47.60085072618385,-26.765304112389394,48.571110557739274,,44.50959945768769,-61.33954705445786,49.41880871928772,43.40643756478221,69.29102637183527,,,
20210811,50.94634042232196,-37.336627666178764,46.48733207923611,-41.82325819594912,71.39469671673422,40.85083991256404,51.928606334692645,75.0917022864697,32.64033775618728,52.574387805151936,-31.428934715607383,48.06158924595591,,44.43304510312592,-61.45248585958041,48.46464624447185,44.566445028317546,70.01568844451322,,,
20210812,52.121979363850095,-38.79589209793713,46.910517828276056,-42.96042728849973,70.93393253486407,42.52842050472184,59.354375326553175,76.88020900921828,42.4030158490602,29.623511168307715,-35.30662375633523,48.1532902916197,,44.6767138332426,-61.676589680684955,47.02580196187044,45.53868732139326,70.95044488234733,,,
20210813,53.18312799487588,-40.077288060078565,47.29828608842307,-43.8861990875767,70.78650515105866,43.90462832517005,65.8025841631913,79.11508042342132,50.447277672994566,11.277381088625997,-38.489930696807185,48.22292287820863,,44.862389184449086,-62.57215722493213,46.036407678639016,46.30497631937835,71.58958520514886,,,
20210816,53.66417216913122,-41.07219091422395,47.323145690810044,-44.44267096061155,70.67781331432231,45.76745428526236,72.18486703451319,81.16031425963295,58.85206198926574,-4.513245725732047,-41.41140247522934,49.25922891053203,,44.78882918092811,-63.813373541587794,45.178188451278345,47.00127912708807,72.05195108290667,,,
20210817,55.296323356659165,-43.04377658323997,48.534168759131006,-45.33775558126502,75.23783134694915,50.311741001086325,77.333580710917,82.5499398638743,65.74164279814707,-17.349103701139843,-45.44853735309541,51.98471941908567,,45.42561098538437,-64.98541375838971,44.44756361539247,47.43736556135462,73.20249952999431,,,
20210818,56.57967741145891,-44.649333534161315,49.4227850617013,-46.093537505542336,78.96117694191852,54.18087834903314,81.60339942159209,83.79057336557918,71.52167248592245,-28.3504707075632,-48.92050250965621,54.25056108275229,,46.87448347187803,-65.99274326190363,43.8412315463163,48.096920933345366,76.14986144473977,,,
20210819,57.99232087871907,-45.70506040705116,50.588435773688204,-46.44641149455264,78.71748803703221,57.29235235022175,82.45087792828431,84.84890614000489,74.1735944970835,-36.593372439084824,-51.886399938786575,56.550384225979734,,28.442026489165205,-66.63622969845704,43.40808538398327,48.65335260479247,79.56596666292984,,,
20210820,59.993872678685726,-47.053501438135704,51.92265715723196,-46.683381213618006,78.21474168098634,59.97220447266578,83.24439225185934,85.94660262166478,76.34813075418134,-43.39664133421642,-30.7017173225543,57.89374568144413,,33.22854350762392,-67.28636375239586,43.04465127142237,49.34929909252038,82.36254652764116,,,
20210823,61.620097040384124,-48.21327489000111,53.04991135237298,-46.994590445566864,77.75103490080168,62.70171403213473,84.99007299484468,86.84467770061751,79.15103657749128,-48.5841382825789,-14.191566393147705,58.9937801079462,,37.154510769013186,-44.098556524171336,42.507556439792985,49.90483200435108,84.85720695080424,,,
20210824,60.7822018242923,-48.10742669728768,52.69042904392749,-47.3850673613895,77.35771851696201,64.8805735914111,86.0536999848081,88.33652457845007,81.50791387742125,-52.91492921592718,-0.5354484232777362,59.86261680909859,,20.50443904839653,-25.923329067908078,42.51549674976833,51.0967056290038,86.65522121977327,,,
20210825,59.98491691772847,-47.92079757802512,52.32476896883128,-47.99770235343246,76.99164787346834,66.50801950606592,87.41194516929495,89.52154314243953,83.71607829359425,-56.48141436218656,-11.415572834663866,60.556702501378716,,6.828861293967756,-11.065371645173528,42.643617516059386,52.24912949135935,53.679375902763525,,,
20210826,59.23462571890255,-47.749606356979896,51.887192958435385,-48.703409580775265,75.55783114483116,68.14209039989437,87.7575667581475,89.88237424237832,84.59546157795548,-59.96044179843678,-20.315303148423226,61.15055314833269,,-4.8545603997926,0.6575470434835587,42.40594499746897,33.1318348350931,26.912051903024036,,,
20210827,58.34563681842279,-47.50490574194005,51.44267474339963,-48.46767744639223,74.08636716659014,69.45825461290279,88.0088630475962,90.09559059838939,85.26407775689864,-59.75058986154403,-6.514932690258388,61.93587352056457,,-14.221007877258435,11.172632002018858,42.149575127909316,36.5896273815557,3.9808064145641966,,,
20210830,57.62589622499492,-47.31527168886369,51.05648598545373,-48.29318665455319,72.93272707479467,71.99082329374615,88.9139989682286,92.75772081467402,87.19426827376074,-59.93516086496599,4.8582372415591335,62.62412661626529,,-21.828604350984637,20.76756845263898,42.043665633675,39.75664764528444,-15.171650522145796,,,
20210831,57.60163296702804,-29.78129915102475,51.36378571479922,-48.29383627987011,72.17718329938721,73.89103628667596,89.33248287173419,95.6298452547726,89.70644591723557,-60.25424698746749,14.710304254669957,63.50428437479043,,-28.423861298195767,29.128804205613953,42.02646409928969,42.776519170948305,-30.861037386425984,,,
20210901,57.58086220806283,-15.515014044205328,51.38877712830943,-48.33634822714939,71.97246855199752,83.0393894796233,89.63663937579906,98.45235178137901,91.84966906563919,-37.5497617801448,23.15316986059327,64.34185878182194,,-34.43896139173611,35.53109349507157,42.18294969475082,45.52866641514712,-6.910737096004866,,,
20210902,58.042104135472655,-3.037640036239614,51.99164162576305,-48.27065522378196,71.85153341041463,83.6999215254141,88.00567840863292,100.44830766807499,91.9740428119302,-19.6689797800006,30.500104225935903,65.40291533539748,,-40.13323146344552,40.5890170055499,42.78501327434505,48.3841140076317,16.171035623709294,,,
20210903,58.267341767637426,7.269849237186493,52.70244396399282,-30.410274149092828,72.99333546038208,83.66987128040616,86.46837699786904,102.03312540049733,92.10987666942407,-4.749689881520952,36.54440665659474,65.84734008853705,,-47.022592157284414,44.7418124215414,42.398631937530396,53.40766147149439,33.03775039933227,,,
20210906,58.61359005331974,16.42188454059595,53.54293549486064,-36.33432035861492,73.88596676390725,83.64710980872279,85.09419151768034,103.60368145582515,92.15530955669848,-15.192454547712773,41.75640198795811,65.58813802592641,,-53.99624354864301,48.564810300605,42.05022627023724,57.5159009370124,47.03501225078153,,,
20210907,58.6711476004211,23.73130897737624,53.93987412906558,-41.13358707306804,74.76746285299735,83.64143924736182,84.31170150465735,103.09786416026049,92.10770525274253,-1.1566254270641998,46.19605062663746,66.00131200024428,,-59.9371275242602,49.97985013771651,42.26886787761757,58.14921427328371,58.94360233643012,,,
20210908,58.98241367111565,29.85452400946238,54.44324599947341,-45.08617030057853,74.23593021658323,83.60123827069592,83.60958232343835,102.30308587219466,92.15006449678073,10.489669566058982,47.79460694616107,67.31472223729804,,-63.11848731195796,51.17696883331253,41.92158300824931,58.59877085965673,32.57398361985638,,,
20210909,59.22049453139181,34.91833234837741,54.85437395747946,-47.05867562409322,73.87282818665778,83.56351131818667,82.84719219599029,101.67766566541495,92.04969122753832,20.171499226539893,48.919801426891055,68.39640564437394,,-65.62373977905206,52.14265471464347,42.223369905961235,58.605188591030696,11.046869162715003,,,
20210910,59.06217013113428,38.98314130391416,55.043101573197546,-48.56711127983188,73.58804366990164,82.9799370074338,82.3558188894999,101.2393905450294,91.96467745668535,4.314929936634555,49.844837498685955,68.74458181722865,,-67.67579663001229,52.577964690954396,42.41510611912775,58.996550712541286,24.47031152710306,,,
20210913,58.18073336407686,42.03386538816581,55.29928580965035,-50.2656136742275,73.14134641921112,82.43733197653906,81.94440121427127,100.16185649266716,91.77266201421484,15.585396039586625,49.88991859647342,68.75155698272668,,-68.87604608927931,52.83648001326795,41.83276410034231,59.30792742846346,34.54856340554072,,,
20210914,57.69187162173163,44.72739135773343,55.640639249912425,-51.591803166858924,72.52709151142221,82.10063972003269,81.64355793284655,98.30434972852264,91.48461078708314,24.662798715726947,50.40436695700009,68.97786468603627,,-69.3157466177752,52.89025366894561,41.334438255173346,38.08483037352109,42.98275442918227,,,
20210915,57.28118302270956,46.93022640892319,55.950712258267714,-52.698108007929335,72.11703934633935,82.06428832624816,77.96430622808013,95.41718175574015,86.44157156686421,8.354802549810818,50.79903076817099,68.40732414886696,,-69.85015402277041,52.446690041824446,40.92411711460613,41.76929503485561,49.69210774013552,,,
20210916,58.195394803915626,51.30373682808776,57.8991091040088,-54.960650754809386,73.41146592071024,80.35191744704727,76.05698574602476,92.94243086055342,83.40247905912655,-6.21311363505381,30.917911986647532,68.6768611705189,,-71.40823715240928,52.3305735444114,40.6241341970504,43.83454540811821,25.73631767330943,,,
20210917,59.14347746381416,54.979211814891194,59.53735239721439,-55.42600513094013,75.005195489014,77.47021331005706,73.83544756108549,89.13413665774404,55.98053873869693,-18.01021348389913,15.756086731328885,70.15503788052628,,-72.63797872513369,51.467797223156914,40.16293564217935,44.89303691984367,6.143207995218878,,,
20210922,59.68073440559197,57.9245382599173,60.92930433192012,-55.627844521674554,74.67405373472658,75.22746137313932,71.9311042591587,83.3076883688351,34.15803163988586,-27.728833784889915,3.186802662448728,71.46459282321764,,-73.35746582074027,50.69424085721069,40.24373356763534,43.25639016638746,-9.235662391797064,,,
20210923,61.00106934547745,62.996345549753194,64.31304546140761,-56.0030768047821,74.3976038195817,73.41517117798833,70.44225134477219,78.13793792771783,39.08828026584756,-10.024139378728236,-7.0799306261970845,72.53610217314032,,-73.27259266881971,50.1946218815114,40.27811134951443,41.92281255225396,-20.937254185767546,,,
20210924,62.067146837956926,66.96376570814351,67.21804915902229,-55.58063085446193,74.2641933417065,71.12011422443528,69.21121556755553,73.76641237590204,43.16656658911152,4.310082859005072,-15.679050923620224,73.76608837374674,,-71.72993070353675,49.579404631000784,25.965575212902944,40.54741548109208,-4.577368397104754,,,
20210927,62.93975468989133,70.14203771743104,69.75415311613729,-55.07896781825015,74.00284187877473,69.20063297343677,68.562798428739,68.3696601428399,47.39289908095693,15.319291946173191,-22.889721581963215,74.3204601618308,,-70.50539234290824,48.61216992927484,14.031219729517595,38.758878128958095,9.520815585769911,,,
20210928,62.52834281399498,71.87628846502366,71.04141712265398,-35.02761951943786,74.13516612188282,67.26290643970941,67.58453336886289,63.929838411399366,50.04923802953957,24.010658114494447,-28.25425780056004,71.48229530323923,,-69.5631669572805,47.42539106679323,18.622430389616156,37.283691966986154,20.227321960814837,,,
20210929,60.17390286989763,70.21546233766634,68.73027493134823,-38.51525401904483,74.28048869888976,65.63762170775769,66.43655650922739,60.30481589374068,51.83628036851602,31.042678069983683,-31.757925567381264,68.18993217109026,,-67.94602037760959,46.3154945055946,8.055073853938667,36.07800025620551,28.074440757423613,,,
20210930,58.2388908610237,68.83120300483277,66.78901489038577,-41.36668367514445,73.18152994057107,64.33380663073864,64.17957866191433,57.320167613634446,52.528278419937344,34.25616414282659,-34.3453130860969,65.53745356672037,,-66.76491897173376,44.41742102497865,-0.662459795414478,35.1585282182952,34.117330011555566,,,
20211008,54.943666643196586,64.95960805259091,63.41820016539316,-24.808894475463052,72.04645876715831,63.37821343727661,62.0240689090492,54.93871901971523,52.78613332354765,36.596774539202436,-36.083144150778935,62.81956536433698,,-63.02401704033368,42.76125697221521,-7.364153001823155,34.01872688346251,37.168881517229295,,,
20211011,52.35941598500667,61.865280337597945,60.87073103235253,-11.247407199417937,70.58454436920385,63.970421009447826,60.36539435123109,51.890749905928125,52.924407083246386,36.957024880630414,-37.07727488716135,60.099077343530965,,-43.13174471677436,40.81309125042044,-12.277887862189141,33.03564637598897,38.7560647088586,,,
20211012,50.274047514202884,59.422432334816456,58.85506204626265,-0.17690424354326123,69.39019636539852,41.31665594068544,58.724303473491624,49.41107452402437,52.350756155325975,37.19001503036617,-37.6741628372776,57.777741650256175,,-27.239077672690037,39.24950137177569,-16.855612741204418,32.22103092872493,40.078354189725665,,,
20211013,48.49878167313111,57.74800703593079,57.67319421299454,8.796831189685532,67.62025394903522,22.886073146962733,56.70348082229555,45.89383315144724,51.289923171885505,24.798459010071632,-37.86092644568744,54.04562075801672,,-14.279991867203186,37.404825368306916,-20.227226714522743,31.37016263474445,40.68990988766991,,,
20211014,47.01398921872064,56.47087066896069,56.85272433574242,16.151219604074807,66.26359232828709,7.84366130911947,55.00220917198877,42.69670898823462,50.33790035902613,25.86234414873428,-38.01421126898301,50.98630854207262,,-19.677127384266786,35.978068153651336,-22.99327706309719,30.734483498005016,41.197595581184174,,,
20211015,45.82318156031836,55.580706415284844,56.18473540884851,22.334604169837938,66.34910279151173,-4.209004917395645,53.610106580297234,39.99969850747453,49.56275526907046,26.53471584149109,-38.75433062880267,48.421822512077256,,-24.42229565792926,34.712718199585765,-25.545322966960985,30.209543478041628,42.04626573623848,,,
20211018,44.838854317659816,54.82968574915143,55.479448124916196,27.504786615117595,66.33190356294186,-14.108413835975027,52.57209026394329,37.749500303263524,48.952658922129196,26.835667187405992,-39.430667081123424,46.31927893812084,,-11.653444871854402,33.67140298731907,-27.575290255441516,29.72382503688956,42.55866355155393,,,
20211019,43.714064130517094,53.78055094015373,54.79871352911613,31.769947640033482,65.0670665652118,-22.09632151414557,51.56918152823193,35.9064514533142,48.31183812436511,27.000143015182395,-39.80704904715788,44.7301461363607,,-1.216526762210197,32.84608850627885,-28.85733599626632,29.195714750872487,42.88914284738337,,,
20211020,43.023484633527765,52.95183445601187,54.53091685961591,17.48632496095114,63.99992048659203,-28.101522219684686,49.91114552781794,33.910351341699396,46.82045290621241,26.456546954610474,-40.411454553677615,42.78428780618004,,7.117679757565177,31.31866225285759,-30.21729455654862,28.314700337521348,42.10316976191616,,,
20211021,42.39112079670642,52.26956066834295,54.30478687574497,5.66403199117196,63.242724954104865,-33.053747622613095,48.5422719948435,32.00031033222524,45.59993021351153,25.86091540299387,-40.92535204243838,41.200900374532296,,-2.2792807474959695,29.934883001281985,-30.818284799867957,27.588171302780687,41.44609173456917,,,
20211022,41.61459653688744,51.389075208657474,54.117162320809356,-4.028400849343689,61.502582192611776,-37.12548770510885,48.12211994944627,30.468181716335085,29.488443592129684,25.288510047785277,-41.29314330332286,39.812623168531296,,-9.969315982216854,28.809081445495668,-30.94707007460372,26.86913808817323,40.829326027350874,,,
20211025,40.892988727469444,50.51872544987252,53.86769716086082,-11.650019613878992,59.95516598260515,-40.14255711634389,47.753780713141445,29.219157820672553,16.432565034518472,24.807151127206364,-41.012926238489484,38.69597016147453,,-16.270035935028538,27.839366884105694,-31.003421126000504,26.14615737841953,40.320990457338524,,,
20211026,40.2847159201848,49.77499538905524,53.52534124953434,-0.8680566313516396,58.63476578800715,-44.21706023926498,47.64360167131585,28.12876127306239,21.204783587455847,24.347192825039016,-40.8609765172576,37.599051633801416,,-21.466065775852485,27.120870629655325,-31.129636188949235,25.58402839993454,26.105023614340524,,,
20211027,39.58831030401489,49.12263733416138,53.03560054274908,8.038904616461956,58.66464570831501,-47.613082369683305,47.012907927468454,27.15346356885638,24.981915987004875,16.201039911207946,-40.31770670056756,36.29479959649395,,-25.15268001981055,26.115054678695355,-31.19313263511032,25.703557035601246,14.658855431028192,,,
20211028,38.89058476679819,48.31826044616628,52.098062353624975,15.334197947006373,58.50296250929947,-50.18508441133362,46.49355350709967,26.263685482621856,28.306566179873272,16.949999058475438,-39.84170713999869,35.17054410186756,,-28.22289858998529,25.33232999273344,-31.10376070350227,25.811920721719307,18.58206921544488,,,
20211029,38.21828876046643,47.70265572581436,51.223911812754125,22.00153621151359,57.84414456407486,-51.239995373383586,46.1546507797807,25.45721890986402,31.014061560914023,10.269570434519137,-39.34766382505391,34.251070222322156,,-31.04089290484251,24.63554197759587,-31.101279741907312,25.936331902619532,21.871116217298,,,
20211101,37.66418166728417,47.154283584419865,50.45594141206099,27.764691276925323,57.227410845655626,-52.248230825604736,29.41060243709136,25.133389366648835,17.24872374299839,4.7733013585937,-38.934056906544015,33.58292616958042,,-33.36669350915126,24.241126210949993,-31.04925568467086,26.5557707995928,11.226709095009838,,,
20211102,37.298203570864715,46.67725709914842,49.886283223215194,32.00368350729232,56.54115434609272,-32.35420570954122,15.343012534086114,16.20059667128626,5.225429898678019,0.18768262421965637,-39.017845201300254,33.65084412154897,,-35.27463073673745,24.07084996845872,-30.761410243317155,27.087777053274788,2.3624251760070107,,,
20211103,37.080629240230245,46.76626339423654,50.2471068316852,35.454930628191846,55.910070267280645,-16.320310897504555,20.993763305889416,17.549075886911506,-4.12593858538191,-3.5732328523793733,-39.43157115555513,21.56160901303199,,-36.90752264050942,23.84455295025433,-29.933780005452274,26.579889678639763,-4.877074597398132,,,
20211104,36.79908523603923,46.45573793645958,50.039905996095555,36.52954660487968,54.34317627202614,-3.063176867402917,28.089159515780814,10.1545423884643,-13.008976475071188,-6.873739876043267,-40.08753170536614,11.626103458628652,,-38.13189103641591,24.18092050986263,-29.269631619806756,26.0917406300087,2.9379399592406585,,,
20211105,38.47740511549548,49.44784933506873,52.75846016541324,38.18462886055925,53.17131142086095,7.851989993758021,33.16964598667024,12.439532799549863,-20.096055148917973,-9.55577380869084,-41.0598225860596,2.986934477144594,,-42.02124352379339,24.39406477158788,-28.8794280051797,25.736577645369913,-5.554978196431461,,,
20211108,38.57140254984456,49.94829693712984,53.34544937944187,39.42611096707819,52.650728056259496,16.517037589799358,37.91344936561977,14.788600626545364,-26.685933247066327,-12.160598184732578,-42.36255372109823,-4.622272018131301,,-45.142062334543084,25.21582662577416,-28.979254496420666,25.66377337517001,4.71646620166199,,,
20211109,38.654644207011806,50.236562514156006,53.8849276228324,40.44273400752038,52.2300798463875,24.438936868165225,41.82892073188572,16.681188833614552,-32.166433300680154,-14.296191369757086,-43.07536913053082,-10.860820042650227,,-48.20508667481269,25.97936102559106,-29.02583701455606,25.63336024561777,-5.423929811883757,,,
20211110,38.74041414270612,50.12332365221777,53.83874439993009,41.1998979464599,52.07593217196264,30.475878876610153,45.556077493505924,18.358213630238108,-36.976811832365854,-16.28288205796416,-43.844471014474045,-16.926130770566076,,-50.23112274549175,26.70642386398121,-29.335061891301862,25.622515922977435,4.8717284913728305,,,
20211111,38.651620544990045,49.41085896388963,52.87497440177752,41.74661201088603,51.95722839938378,35.43552275133699,48.55618938296914,19.6588459669392,-40.66018291315892,-18.036376747118233,-44.21746587264727,-21.816265167711133,,-51.13340606294191,27.181353646184206,-28.87210152746035,25.15559909305002,-5.3575611243999,,,
20211112,38.65301788106363,48.85397686318625,52.37903948171006,41.91105140503565,51.82553414976332,39.73863785958756,51.013452559339996,20.65160708067064,-43.84016902058571,-19.73542569929338,-44.65521017436351,-26.491374769268994,,-52.920543666671435,27.338886699534285,-28.46332479375316,24.667265749020153,-15.940072059022764,,,
20211115,38.619524100120834,48.50782913786067,51.85855173926617,42.23494372707379,51.65145849235773,21.776325041268787,31.00174372049395,21.619123962793164,-45.78963850823757,-21.94752607916588,-44.78305045540463,-30.598289061373777,,-54.47496894247264,17.03963271252753,-28.14586424499993,24.440878653872755,-24.517892746713834,,,
20211116,38.362218327755535,48.14159588303766,51.29347336906111,42.52887866433652,52.56042627985154,6.2667742780334725,14.601343355661575,22.434517951080412,-47.397735695031756,-12.241240645576106,-44.860814358473334,-33.28371199047419,,-55.379054457136654,8.807479717899648,-28.12949445697691,24.19866166318178,-8.871564662426437,,,
20211117,38.165896477245695,47.84462896801302,50.75593306879733,43.31576158328307,53.29857480836522,-6.805633138677631,24.219381718866927,23.362576266765352,-50.069811386924634,-3.656662849129298,-44.756327760832185,-34.85824883639147,,-34.29916890700995,1.4760591814325237,-28.154866058003936,24.115511578146652,6.288887716902062,,,
20211118,37.74106169644221,47.0373075753341,50.12024889367749,43.55947666812368,53.75814682549423,5.536416116467387,7.291951415783472,24.34682012875204,-52.41978267817171,-9.430584539536564,-44.62205925179359,-36.25949680185742,,-38.50914604474328,-4.625258781135953,-28.357740523658546,24.067824108442576,18.358902885047183,,,
20211119,37.056070478131026,46.012425990271446,48.90991166771732,43.72309340058612,53.47281282790558,15.536528071772404,-6.2665950728082285,24.602483242475593,-54.80355776853793,-1.4758795487568284,-44.048773659954335,-36.71366071731433,,-21.624782635538338,1.9052721329923166,-28.53182050064246,23.937478464476076,27.754165934321833,,,
20211122,36.29514880297398,45.0187001219271,47.43100168572775,43.91141559995854,52.77421151537759,25.333484986113433,7.0783115275214845,24.809762793664706,-56.97040646985302,4.9701855617737,-44.496966908663374,-37.0828603663258,,-7.904761664557271,7.184382247225791,-28.701114854168317,24.04551957506868,35.4779481536495,,,
20211123,35.67288996204835,44.16639295501127,46.198624549548036,44.36384047301541,52.233284214273546,33.447889453742576,17.44145924212751,25.087590211500864,-58.68859367944934,10.24549774950696,-44.97640139179957,-37.138100414299174,,3.3699227031626675,11.414706702397199,-28.873827862562408,24.143487727535977,41.76995037344209,,,
20211124,34.85423195112486,42.86020795314493,44.47467284592371,44.45790222210025,51.75216377780961,40.50052000179267,28.040661073370362,25.657949126172902,-61.31565413683255,15.958330944115305,-45.887315949083025,-36.93766600435953,,12.977854783815934,2.2485372670208896,-28.86522725141153,24.24165095104162,46.52524641961335,,,
20211125,34.37924584728116,41.8747001785739,43.24339232411146,44.440084325611586,51.56593009185953,47.99450826260456,9.144409253218036,26.405357727557373,-63.494552348031206,21.086293031171035,-46.69490221712295,-36.74629333296459,,20.73657142571776,9.20716790884862,-29.020848118003453,24.326801286155135,50.50685863041249,,,
20211126,33.99318169756403,40.99413091330366,42.11631617761365,44.217902226895205,50.98803004657746,54.68496791718482,-5.140111712127192,16.22113939446554,-65.09712014320432,8.84596892625934,-47.31849290571977,-36.2892931258563,,26.433603077854443,14.778489061259299,-29.29900969078798,24.3289792709836,52.85164284315822,,,
20211129,33.27466634790416,39.87976450952212,40.57434264251965,43.40564652555082,50.67398239691469,58.449468395390504,8.381854350448867,18.623689608614264,-66.37676601404088,-1.7061429000112478,-47.748210055775616,-35.92207802764087,,30.585170984103616,19.342807638176645,-29.59738479963677,24.624844609282242,53.716541424009584,,,
20211130,32.70359472659207,26.520296285457423,27.26840507476787,43.15372422507427,49.938550804141705,61.51388965200594,-5.527604977654182,20.724338469655393,-66.96810920237527,-10.47150064839137,-48.10189918057988,-35.11565513927094,,16.732667928889494,23.0720062380993,-30.685459048511408,24.891011038304374,33.57076461252324,,,
20211201,32.37284889150182,27.791263482076847,16.41469288455174,42.8270660256154,49.254727516683346,60.24812380146014,-17.569550326860423,11.402725504243103,-68.08305261939809,-17.229333331090196,-47.713270144424975,-34.687734252454376,,21.90885528072863,26.22274491630443,-31.873009773832663,25.979640792492933,37.7866382667139,,,
20211202,32.1228208651252,28.85814417391171,7.463319492163302,43.87873704536648,49.46667414861497,59.22223756394886,-27.399495717554537,2.9656695287437995,-69.92173664210435,-22.891799290920837,-47.39568927645812,-34.54496171952377,,26.187646561881465,28.65975114861656,-33.10407601490293,27.348596440813683,41.26181246417579,,,
20211203,31.915890781151255,29.6690788801731,0.235265177458796,44.65930818983815,49.632153508430086,58.296912203041714,-35.67816159083282,-3.9970771428676044,-71.73579966611535,-27.72473266980392,-46.43453017881781,-34.33860624778026,,29.64512918950983,31.118484151854695,-34.116619648405916,28.61242747490776,44.062051832236484,,,
20211206,32.34013921807702,30.83244274401817,-6.010882538872422,27.68532921942911,49.7290940052919,57.093437990930724,-42.12017536587558,-9.73434415627788,-72.56718636366512,-31.726864239542355,-45.99763133381432,-33.639595110770955,,33.11638210251555,33.09975413117932,-34.965765867340735,29.71528838573403,46.62509684307132,,,
20211207,32.440058630693784,31.543593359955096,-11.032058698973373,14.411628650585715,49.77128766958374,56.195111395405426,-47.296192553459804,-14.485890897415727,-73.25657838950319,-34.52392322909993,-45.64005712448396,-33.043059973456494,,35.43775294864947,19.48789052525538,-35.390736397406926,30.661624072029635,27.576532286805886,,,
20211208,32.50715513118634,32.17446891321919,-15.230253335920356,20.210429972387434,49.839405207837466,56.506668460532495,-51.51761830685797,-18.359434718083104,-73.69511815809639,-36.852311475505246,-45.42549602756537,-32.551369419776634,,37.6375202182531,8.068066865522205,-36.14134845792443,30.695473738380283,11.65605001469403,,,
20211209,32.57676824122796,32.83516711746099,-18.890875793960568,25.025431928878806,49.72179156551904,56.51846234104997,-55.04791498556518,-21.732014339429536,-74.49208271880866,-38.595413455004255,-45.39853429436623,-31.970910836969633,,39.43297734769168,-1.3166300439437253,-37.93927827324008,31.047048073375663,-1.419562257606353,,,
20211210,32.61307065433456,33.308058011179256,-21.860691089469746,29.29197328036916,49.76965952158618,54.47572197758877,-57.59710240071471,-24.923073157886552,-75.01281747560941,-40.69111514871834,-44.99283763529449,-31.49534127172158,,40.85222071993365,-10.980749646300524,-39.113692798167286,31.834192985671994,9.884753464360102,,,
20211213,32.58331867335286,33.4187501913136,-24.10232584051928,32.441304353176264,49.665863284144685,52.59999086086725,-60.19961733470933,-27.601014552709408,-75.81193000734683,-41.705173236371316,-44.85868299229939,-31.15104653421661,,41.79637321881982,-18.626677983056737,-39.935871519018676,32.44210412140381,18.57615875369458,,,
20211214,32.78356694834337,33.543513289094996,-25.926766435045735,35.00102421254227,49.64648605295949,51.13187414773369,-62.061104776750945,-29.932043920776568,-76.57260100227572,-42.484369273104114,-44.70109184662218,-30.925690342221774,,42.59279910238177,-5.364704738671152,-40.61732501603002,33.01616350316436,25.681285062730826,,,
20211215,32.92818790372592,33.612036001119066,-27.40560110447257,37.14600326603212,49.593978817456964,49.86692342961814,-63.02258585711512,-31.652533286930282,-76.68406649400957,-43.164544793427254,-44.89866512357725,-30.953667063391247,,43.24831041732292,-14.184694900396236,-40.9890516289895,33.459484043690146,10.56772649621913,,,
20211216,33.046858120508915,33.81087339740188,-28.443406375402656,38.398488396970535,49.638511689253484,48.94813266803364,-63.73548576586125,-18.735145943098814,-76.0213850826582,-44.07571944535724,-45.22352818561092,-30.920560054843804,,44.04535262746463,-2.3745836200980497,-41.262003888640955,33.331200664112544,-1.9275200029316475,,,
20211217,33.553141718493215,21.083355764671868,-29.556621580610216,39.275604222935925,50.91970289452904,47.439425350984955,-64.44773719529492,-6.590582175215862,-75.27605324838972,-45.2006664479463,-45.84751632358875,-31.118903893360294,,45.032153548265036,7.413663616743605,-41.74879906589985,33.52791803621065,-12.222952421058777,,,
20211220,33.82509948205114,10.713203996875837,-30.284037528538523,40.13713696585814,52.59887029112409,46.23435714261788,-65.11789870302145,-14.168052150495717,-74.9021030348495,-45.36826873954802,-46.25429985004974,-31.21797179845144,,45.64389479669311,15.093663279983016,-41.87735025253981,33.49159045402287,-20.018897232538805,,,
20211221,33.914657754371525,15.296818202653466,-30.83336600297717,40.79576501242706,53.927368435501,45.24645980662031,-66.29548127597425,-2.992659333149591,-74.6436260593854,-45.64154327287825,-46.722169823836886,-31.42042249966694,,45.84535648328478,21.337372810191898,-41.89136398824805,33.34951262612713,-26.338529370954447,,,
20211222,34.51984755305701,19.429712170835277,-31.612224194611745,41.52731712462572,55.03323913239955,44.39268341108353,-67.26322279056794,-11.502745883012624,-74.93973432021431,-45.846475776790264,-47.13536183313775,-31.948512849581206,,45.867723639292166,8.40598211931793,-42.276874429189256,33.28280457420108,-31.963830478369402,,,
20211223,34.77066756899345,22.72774736915191,-32.11633138020546,42.019069710528335,55.87245930319802,43.29347138899454,-68.00804106455534,-0.5606444316205911,-75.12977801652612,-46.11607717854446,-47.05330632522814,-32.102899633606434,,45.89236386226974,-2.2580575069535667,-42.633527837869394,33.23570918108285,-36.847886687119775,,,
20211224,35.10279533413891,25.50798933212231,-32.6805071323338,42.727403283508686,57.43485284363782,42.48531582129264,-69.61837796257706,9.880073292555483,-75.53674350103844,-46.619187082217145,-47.098098300784095,-32.44731989177301,,46.405349456358664,-11.852228379893404,-42.60442933080595,33.411747005537705,-41.31927581805376,,,
20211227,36.22878643039009,28.355161838799784,-34.00386996716063,44.750155069759415,58.86017205244723,42.00331405121257,-69.84111281341549,-1.8082334528640056,-73.89950882100229,-47.21089073438655,-47.2016451223307,-32.686966663917154,,47.58069741065463,-19.016336009211077,-42.874581976627475,33.7620581974981,-46.818236204334745,,,
20211228,21.67259627573368,31.27830956419824,-35.6558525809244,46.97597426534374,60.67889092628641,41.62982520909847,-70.3240784508946,-11.07162164987135,-73.23333420647967,-47.734606745854194,-47.21339556301357,-33.70935857737711,,50.542916040668814,-24.99011036037215,-43.07519117934838,34.04622940104445,-51.776012425138326,,,
20211229,25.778505161880826,33.65515912423959,-36.98951373743819,48.78525984530706,62.77611456511987,42.71405387837442,-70.64397882730293,-18.786037437189854,-72.57803201894629,-48.36988889718097,-47.681535690497874,-34.54161268093436,,53.09566582520041,-30.238373998159627,-44.62684090789217,34.4917836432711,-56.12804447758484,,,
20211230,29.41209821633389,35.95846411429076,-38.07984285741765,51.357092929217984,66.61979564363423,43.476815798762544,-71.4480120117814,-26.608032234001435,-72.34447383432865,-48.88857247218107,-48.05577344120968,-35.1150390333044,,55.49061003863513,-35.14787759774363,-45.979094413239636,34.86208539518433,-59.754615017747014,,,
20211231,32.3979647764532,37.84620889937123,-39.04673166403966,53.49259226413825,69.76668423145425,44.100427269574055,-72.6810640870695,-32.69713716203402,-72.14115351444501,-49.48399912859929,-49.03905511177402,-35.46800514850403,,57.44694712214928,-38.61428493237147,-47.050844157148454,21.981327369977375,-62.6455284405224,,,
20220104,34.69453311624964,39.287649474810756,-39.72674716471141,55.257982883461445,72.1134749482696,44.809733743878,-72.7306968718921,-36.911518298364655,-71.78731824523281,-50.0941593786122,-50.17018262646839,-36.329798780366524,,59.04888182454802,-40.33710112881493,-47.91608092534434,11.466460267355027,-65.00252927100145,,,
20220105,36.8503245116382,40.6413959162568,-40.31390263613087,57.543833538647895,74.21909266388855,45.509180161486775,-72.4103748152833,-40.07764482652873,-71.37081681225393,-50.92065204558467,-50.9609251075904,-37.0708716153894,,60.796019979404875,-41.95337838652937,-48.59587436254503,2.942853887499207,-66.77382583997701,,,
20220106,38.61008561550917,41.858013187623655,-40.757617974092334,59.45060419612302,75.53572876695333,46.29811108735628,-72.23145649487651,-43.360053620248834,-71.2650606775469,-51.43147392271746,-51.60867358253483,-37.661741434850605,,62.366555556554495,-43.244462782113665,-48.58987589656029,-4.8479465135431425,-68.2503177492142,,,
20220107,23.596706957379663,42.37860463800896,-40.709892233271454,60.55616392170312,75.94502141735104,46.47547466269483,-72.05083315373872,-46.02226265536026,-71.08291932980565,-51.55764878439474,-52.352200781700155,-38.51753720519935,,62.48302131080282,-44.46714715568012,-48.26248684439759,-12.566302206805164,-68.79002954553701,,,
20220110,11.278279558140799,42.93930329940146,-40.66933838933264,61.41893955626,76.23781917335336,48.653355686146824,-72.04206450484934,-47.534828964830076,-70.65766342788598,-52.42583752038337,-52.28580115770129,-39.13923536427449,,62.44816867502189,-45.487976504603225,-48.12788215012413,-18.486201196110066,-69.75577653986934,,,
20220111,1.1076531708306079,43.832123280430004,-40.8918167348335,62.60238024848935,77.15480529404508,50.09520631237642,-72.49364875529125,-48.697500675359265,-71.3001999537679,-53.62423059155052,-52.16247740158093,-39.61232694731249,,62.6283991331121,-46.699751432153775,-48.27420421783595,-23.19986857915448,-71.07465360975188,,,
20220112,-7.308188392250228,44.78846006741047,-41.26598723575811,64.04584112892486,77.8800978706191,50.96608122157937,-72.65128991179753,-49.46226128525849,-71.68204289502948,-54.67347292388019,-51.97780088547344,-39.89026721808893,,63.47327353982136,-47.66031364614107,-48.21485317461093,-10.905760912534769,-72.50459716069948,,,
20220113,-14.376955641475309,45.94373881610953,-41.803461942366205,65.12511109266147,78.40866567619238,51.69412142069458,-73.87167047214223,-50.66359697688628,-72.86273231134915,-55.73193159602047,-51.68783975880142,-40.0582070141899,,64.31249442636157,-48.39658498997616,-48.673944475362894,-0.2031232351454963,-74.02774621231282,,,
20220114,-3.027779748098398,47.064076099189954,-42.61705515617973,68.59317607991989,78.3831743365852,52.28942998516857,-46.163856867467715,-31.873153359361947,-74.0789249902941,-55.90872761270138,-51.09890549500635,-40.309016654014805,,64.53808186791152,-48.70177444343385,-47.44685455178308,8.246941219844382,-46.153929308579926,,,
20220117,6.2282015774925945,47.99202705825164,-43.24971718929104,72.10812050021809,77.85020471034801,53.71212004832138,-23.482574616752597,-35.582824255261826,-74.7940170586442,-55.92270436083772,-50.84720373111277,-40.16452478788509,,64.41100804517781,-49.014241191618424,-46.42917885651094,15.081691676280844,-51.91078056244447,,,
20220118,16.658831304388634,50.802333883156635,-24.043386816498217,74.61651405302392,79.35531942432327,54.836681548754896,-5.181451546400341,-19.59917153151232,-75.16964050075762,-58.3492294920786,-50.634149557630046,-40.38670658813632,,66.30512237779573,-49.44670610114772,-45.96889838091179,21.641976863778538,-25.303651106201336,,,
20220119,25.45016767947013,53.03703353041493,-8.306224700797848,76.49493587981732,80.58886181013106,55.548933310808714,9.788923628166721,-6.375521691651565,-75.43323059834368,-60.5263571755465,-50.647000655522056,-40.801126965274925,,68.10538301422126,-50.0538554979485,-45.641176819909816,27.126060358827644,-3.5661522048931946,,,
20220120,32.72992019136603,55.10863309584678,4.931518529639656,77.18259425321068,81.76724613569155,56.080847472962084,22.033401666105714,4.398659122127886,-75.72437467223624,-62.29157202795425,-50.67571455119991,-40.9619316840618,,70.10198597088439,-50.55650454940398,-45.599071375033674,31.528853591361656,13.900332939480588,,,
20220121,38.963839056034836,56.1934233237285,15.641209139457091,77.1972111319608,52.40406844690932,57.79454247533595,31.99344527319961,13.361337327404593,-76.04897542527726,-62.29065923443927,-50.5374045288654,-41.52623028365902,,70.3064373725192,-31.783224256820166,-45.39066502188295,34.02143099140214,25.98452389354339,,,
20220124,44.059800093001655,57.065313180359844,24.392954580942174,76.91114880338344,28.83023261210272,56.87353561869908,39.98464681632666,20.35928965966654,-76.16505652602342,-62.55071544112391,-51.244841598059054,-41.263347142163596,,70.2215469852371,-35.56345142414373,-45.33886330892241,36.07443955450744,35.63128606175902,,,
20220125,48.09775577911003,57.48531815713592,31.237693330879498,76.59559154294331,37.8028159604603,56.145328746096325,48.433478549341004,26.826162442615338,-44.16644868442877,-62.1772295412284,-52.04279322535033,-40.94132507255158,,69.80268988730559,-39.62009070332355,-29.008828674515236,37.81403023126561,43.17100969315834,,,
20220126,52.672739222946255,59.75468289544191,38.86216281663363,76.61157560322769,46.208704048210194,55.55800880392184,54.94962285196053,32.73207230630522,-19.278561673608166,-61.12257675790675,-52.00759940535421,-40.98566921933171,,69.16678966186201,-42.90466564508703,-15.335432449324886,39.16140526325377,49.068494801214406,,,
20220127,56.27835419228202,61.66793376198371,45.13354098751925,76.78234205268352,23.08145517265641,55.03631785321276,60.39618014038024,37.576697454432086,1.9855607757083633,-59.945681625285424,-51.881137754780816,-40.84731884190241,,68.48870684980963,-45.57349784794628,-4.482537642089507,40.157053511227566,53.821782032871575,,,
20220128,59.13876693649009,62.708311611942925,50.22814862100335,76.75499374536037,33.547444376823265,52.68833469373184,63.8906593778728,41.35043868287379,18.029622818673047,-58.72320006096426,-51.89089763189231,-40.53634251880447,,67.8595713847979,-47.767517226140576,4.695205781036213,41.39564759453127,57.563302176553485,,,
20220207,59.998834669734066,60.62971234356538,50.66831787645851,74.16191656703266,40.848908400611265,50.77155967680907,62.21202455858156,42.54968330851919,25.768051993559503,-57.62027904366327,-51.70035085056103,-27.309139314917555,,64.58066319552971,-49.221927540336466,12.222722408989648,43.231233687195335,58.3463275386009,,,
20220208,60.602746275454194,58.804432397208316,51.00902057574567,71.72101065549663,46.693217916713415,49.15622847836966,60.95363481594273,43.88398004034429,31.991153513670497,-56.836843104903764,-51.539779492564925,-16.413908134349583,,61.869936381805296,-51.653017523088984,18.250130715809288,44.68352067901722,58.96054503636295,,,
20220209,59.28152933248858,56.90462398441276,50.613142444956225,67.73078918995536,51.50275197036437,47.82918409199468,59.302551092963746,45.09696288343334,36.257646786177546,-55.19009044306314,-51.108152941000355,-7.561593032251799,,59.286921569271385,-51.97620938005015,22.648332403064483,45.50758325172892,58.59153962046311,,,
20220210,58.25291891108319,55.37616146026493,50.32501520471349,64.46683995271691,55.70829645306536,46.73154032636799,58.00156025377888,45.90076109488318,39.76512154053726,-53.961371485745765,-50.72506349908965,-0.30792111185554416,,57.20722186546069,-52.14862392591678,26.338471517880837,45.384550161583626,58.263096396816906,,,
20220211,58.23156641432651,54.691477595374586,50.731311874159886,61.9882529067068,59.7129044842761,45.97601719663843,56.841667640141765,45.98214415918824,22.626522514319923,-52.9874148664959,-50.72766056952211,5.838026472454991,,55.86537228135092,-51.52827890547727,27.385199581780146,43.989873803322475,58.20443829782349,,,
20220214,56.869355919802786,53.25355677793568,50.32909037179183,60.003333165078836,34.70289288620218,45.29314769671879,36.8295608974602,46.3236657015919,8.325576570546378,-52.14140555386932,-51.76001905612942,10.893969141709796,,54.69187151784078,-50.95233194074899,28.166925541894052,42.88093345535656,57.92806562021511,,,
20220215,55.90953357880486,52.14971182960155,49.842016067376726,58.303395131040375,14.785210114443375,44.96978181498251,39.8190218519035,46.28064693475424,17.001038706225433,-51.6071505983303,-52.728189192414625,15.070627632967051,,53.688587055775464,-32.555256511913186,28.61805436883373,41.662285238143184,57.6618440009494,,,
20220216,54.16116977047551,50.93256475593723,48.52315461163437,56.491421151843845,-1.6002190544077823,44.9097499102799,42.36328437810475,46.35176748898403,24.126672306978662,-50.78370527853196,-53.2126511553294,18.56105991036596,,51.94544703227338,-17.524205111445223,29.015883802253793,40.65264392616107,56.468889967549316,,,
20220217,52.70735307877584,49.95594614191159,47.45294290333802,54.82221058016293,-14.76687926906746,44.825598978439025,25.207481947361632,45.88992742374839,29.744363393284743,-49.92613156531426,-53.59142733192765,21.478795005066214,,50.34237385954015,-5.586939658293742,29.004418624620783,39.173596557060314,55.32009085343341,,,
20220218,51.41619550935459,49.15784308618458,46.49343125944402,53.52494059345774,-25.45261317710975,44.50958811240754,11.089381494984007,45.78255496837563,34.490646385199895,-49.7360661963419,-54.36926611806326,23.85525440771825,,49.25305702461735,4.482517300363314,29.500112833249695,38.36342357383232,54.657604485530186,,,
20220221,50.33490104360509,48.56510966996518,45.743024881420816,52.43719726270149,-34.64228750820165,44.59760773349058,-0.5088986292456138,45.91123444608486,38.5060373089575,-49.59069059786152,-54.930301286563584,25.76351927273872,,48.41000272481271,-5.385934192718697,29.90568082212789,37.57239637507304,54.13168284503231,,,
20220222,48.65548000958616,47.35079518636804,44.831101433352444,50.721393880653814,-41.5764518331482,44.67252482543198,-10.131296891240234,46.0296757528914,21.063630841108175,-49.46957937762622,-55.5755324520495,27.055957942474055,,47.389006709982866,-13.719593089031273,18.764636173579838,36.801774276046295,53.62466858506819,,,
20220223,47.18751003493078,46.271859099673165,44.05189428973372,49.307928900441965,-47.29862146314164,44.852146843254665,-17.888986542464114,46.13976915677792,6.799359855428253,-49.38745801616967,-56.128657180082286,28.109529485374846,,46.492335634074536,-20.485720015356716,21.124650816509643,36.185356160952956,53.16475313016517,,,
20220224,45.434387857268405,44.73866539567653,43.13382497153802,48.21301289051633,-51.95162755151886,45.03567027159611,-24.25197720121345,29.14600083642984,-4.841676813535397,-49.10655788431675,-56.35573652232223,28.542427024739034,,44.90638699808229,-26.038619648710743,11.594620479626059,35.492040945689624,51.80573901674669,,,
20220225,43.84760397815079,43.515997816220455,42.31740822911932,47.23535732931091,-56.43037434064257,45.28675454827508,-29.45419462583522,15.256793855149688,-14.368752989145063,-48.96944511396307,-57.39386594657006,28.89965178846141,,43.69370382811697,-30.259728491932346,3.795929329459663,34.66142954567611,33.85616582823602,,,
20220228,42.551258166360505,42.512711995023956,41.54980912300113,46.442745070958175,-60.710110809224986,47.00111807665596,-33.75118405542036,21.248869460161394,-1.4519231938370192,-48.944055067060845,-35.62934814101124,29.660143664705313,,42.67231347236475,-32.72335242031447,-2.625551127124193,33.99079909929042,36.23951336395627,,,
20220301,41.562870251865256,41.86425067233527,41.086376776978575,45.420251507275225,-64.03202795688134,48.51421757647154,-37.14520106249841,26.030204254438978,9.100242904453728,-48.709523163319886,-17.885864523301017,30.42819629902011,,41.87609570213175,-34.65689502490781,-7.798049139252604,33.443839614260575,38.22404135670622,,,
20220302,40.254814012925834,40.565447063489515,39.944634507958305,44.190184623567355,-66.14322983353104,49.765919880102565,-20.851653443925702,29.62066582840334,17.71208791087048,-48.09682931943815,-3.2642272278982185,30.70767873122341,,40.86859299739521,-36.1168748960835,-12.050618747233047,33.000930786695335,39.52289355816624,,,
20220303,38.8662478126823,38.67290469704811,38.50908904312391,43.154750443280385,-68.46777208292623,51.02447925393898,-7.785917370850073,32.50638537224877,24.258059563879694,-46.97530483241232,7.860749432032214,30.876238368391512,,39.68833866499681,-36.888904858044256,-15.843837154350867,32.67281316310915,40.088486149685,,,
20220304,37.705591020216204,36.90636088307078,37.09525332384669,42.34951845774406,-69.74532574019926,56.934493781959816,2.8274282535894257,34.88414433600381,29.366343768858147,-46.03205285967661,16.842485460824875,30.672102356953353,,38.39491434773846,-23.108483730620986,-18.92398176127226,32.41901083947469,40.158634314033485,,,
20220307,36.127123217839326,34.96757222579172,35.55680074991468,41.22560955954525,-72.11668027850233,59.74705774121933,14.084703543401297,38.5553089835432,33.89191449547477,-44.58313921009328,22.860527992299353,30.86733387866784,,37.18691298055853,-12.704381135844965,-21.849462115976667,32.33158904930021,40.017843528220254,,,
20220308,34.58174214622619,33.449037343496684,34.36138789733978,39.29758566168298,-74.5661232522769,62.091518586695884,23.501887858684007,41.560143286238706,37.7485275667836,-43.27976667561874,27.69922713469204,30.950729569872134,,36.01380374394933,-4.2466955901856,-24.225287377377967,32.133763706702275,39.77342180878046,,,
20220309,33.6438441135463,32.370033951050864,33.53280862580666,38.08388187375176,-72.93008873874696,63.3751980164656,31.654346218844218,44.14339176508054,41.206035749986675,-42.29903537769063,32.493978492483286,31.116637042630575,,34.94523627581002,3.079665275009771,-26.107756438132753,31.654152715866736,39.45867763786402,,,
20220310,31.305647355523423,30.138586638841776,31.238430465034707,35.953039665624814,-71.63878317724155,63.32868451633912,36.67374025021746,46.57124830941301,42.55623815460795,-40.70190757630043,35.076185773582615,30.47689246619485,,33.30246350207638,8.450780714303887,-27.025854868162273,31.295177483626777,38.287636070721085,,,
20220311,29.38000722449475,28.27474353270725,29.35718024737132,34.21541673602509,-70.751585568453,63.95270658798304,40.854861256268244,49.33992584493858,43.81234245548321,-39.5061880245233,37.07249190850354,30.019992661916405,,32.007662411870186,13.128550420523247,-28.814464835547362,31.17969031377801,37.38224474933817,,,
20220314,27.8002720269791,26.800758151112877,27.887325774921177,32.64999419716535,-69.47736731519315,62.151604209693446,43.67325998778013,51.448424478046185,44.176298076977474,-38.11207714486449,38.23223620453986,29.261940384685538,,30.9215177106456,16.516616758847448,-30.18165845909639,30.876281118749244,36.59627652435987,,,
20220315,26.211430005434437,25.321356136005733,26.26763546352291,30.992221515227065,-68.66516720957644,60.032384337915964,45.200473253371456,53.14519502973818,44.0673050828609,-36.95274626438046,39.10586768464032,28.522014413181257,,29.924198640209188,7.847014188806608,-31.367931451254947,30.677987172447047,35.78987883663033,,,
20220316,24.969847970275236,24.14624380576536,25.012129282915257,29.62993380613363,-67.99652554858734,58.11818328319776,46.3932912063595,54.02776425149167,43.93973012525635,-35.9981466453294,40.049284824747396,27.918389003203426,,29.250105364797278,0.7539049558032481,-32.05079645063054,30.574744417634292,35.315426744775166,,,
20220317,23.928292991675686,23.160007548028638,23.976816836403806,28.515971360776057,-67.69440291140305,56.50899909377586,47.71224792649552,56.13983865538731,43.94763664464886,-35.29899759312642,41.003219961361495,27.42423684152161,,28.726540270095978,-5.15738741617268,-33.052895037065575,30.79246112421553,34.967959777529046,,,
20220318,23.00883757814857,22.155196289422758,22.930034457545467,27.543436017204904,-67.78811824567914,55.537712448537,48.62697982817238,58.29796755648123,43.87149563620899,-34.58802738507282,41.70945888190309,26.86554160458454,,28.076153779783574,-9.999222798817966,-33.87551132163859,30.879554669792252,34.486575619352564,,,
20220321,22.251214375194387,21.33280452115399,22.070287102416966,26.738724119371824,-67.8071923735985,54.60630065012917,49.33611769142942,59.612153828667545,43.81086528065367,-33.96064773722857,42.19843701069004,26.505205608827566,,27.5410958757757,-13.949751466890385,-34.4171264901495,31.185570194805653,34.098286051993746,,,
20220322,21.59643500562379,20.646167823585166,21.36022479417512,26.17102642403306,-68.28870074025545,53.18060489408316,49.9091039378383,60.657054521725655,43.75533312126533,-33.428214686298084,42.64356130770511,26.185135799781563,,27.137120640594656,-5.643843734919436,-34.9504755215237,31.399261790434583,33.80059289920995,,,
20220323,21.079099623196974,20.073542421965698,20.7716946705265,25.718051972534063,-68.70463089517058,51.9294400911458,50.45668807819941,61.45485235042365,43.71744764379201,-32.98883120157933,42.97408550755345,25.909848497275537,,26.82923871543316,1.1454362395247577,-35.313731977955264,31.387158095452016,33.56716502123103,,,
20220324,20.684153146314074,19.636145860157587,20.30372932289317,25.348032826159585,-68.93918117879315,50.76489526033365,50.90742520551875,62.105802208502105,43.698597827962715,-32.66345677328697,43.36762404668142,26.000459205672435,,26.793650048892406,6.680801177825642,-35.744430936043976,31.396378136255862,33.676552421934566,,,
20220325,20.40446781382212,19.28998411924359,19.94406559447115,25.011779769675247,-69.15399482856766,49.29870565394624,51.239181708732374,62.70817174329239,43.66210039106621,-32.37769333183584,43.77482673745358,26.02680195472118,,26.76273709612961,11.277756281396384,-22.67880057535807,31.5780286740552,33.715167519895466,,,
20220328,20.129710388560373,18.97799012832477,19.624087928405608,24.72329439527187,-69.30736119752528,47.73467828377506,51.478903068787915,63.144537340996685,43.677614160065495,-32.23564764303495,44.03473500107641,25.944192996273955,,26.618902125699137,3.127081731013287,-12.056561551926732,31.736011966757225,33.72221424400628,,,
20220329,19.857819341601765,18.670841314659235,19.325368984985413,24.52735712987094,-69.55989249580898,46.427611752944976,51.720871543082886,63.671195523986505,43.694569392360165,-32.216041508027736,44.29153072945746,25.88660473540055,,26.502784752535415,8.647815887334867,-3.310667619148924,31.81505243836742,33.73265817609446,,,
20220330,19.706679709891972,18.510894604314096,19.184293809543366,24.445156232448802,-69.69754937528263,45.27733097857865,52.13223882487483,65.24909634314996,43.83117657251565,-32.50544381033813,45.07086294420367,26.141161825995283,,26.590137713154554,13.245869223164348,3.733762257085889,31.913254477670264,34.0010938217724,,,
20220331,19.633703550023263,18.567494550108595,19.1762681833319,24.367082831779488,-69.73098149383475,44.50403559345376,52.678571288337785,66.5389348332956,44.15702010542002,-33.125453474932584,46.122694243802705,26.49496818986549,,26.8959083922782,17.102402458699473,9.503185664883487,32.06288368599251,34.59034487511892,,,
20220401,19.56611041857882,18.609135326991684,19.19008428616369,24.264842869812046,-70.2810208777544,43.89866151320482,53.320087908885554,67.1282931694561,44.6002296934771,-33.65440037780142,46.996126805978946,26.728699832346877,,27.263542675134097,20.34808186399446,14.24380587483101,32.21068124342857,35.22966172907054,,,
20220406,19.652129843254166,18.934203820660308,19.403675335250128,24.331607702056022,-70.7684121746253,43.41029819152307,54.88702167040944,68.0496358694222,46.8893649210078,-34.90289161364545,49.320696664843915,27.66912337030332,,28.064662315867103,24.77284972378345,17.846159352992657,32.15826137244634,36.28866973068173,,,
20220407,19.838130147695214,19.09534520228198,19.528361155372203,24.81568264229519,-70.61985948149619,42.682447986983135,33.645832149526235,68.7795425987645,48.76280880908942,-36.00769670087054,51.67838845131093,28.407460833386285,,28.822987183263734,28.43124756068661,20.826939684457596,32.32486177963696,37.24291851685575,,,
20220408,20.018867240376203,19.280970079626414,19.712233634990735,25.322899843007335,-75.09254122906366,42.36907798445431,40.35561892351976,69.24843519766264,51.71350438009398,-37.653715647143045,53.5146882994532,28.98564934967822,,29.851067280254266,31.419338600100517,23.456879983194742,33.184721086748716,38.70008338696275,,,
20220411,21.257192362295786,20.228337838056525,20.869887767717493,26.64208266691314,-78.96252110274911,42.01451968991336,18.398469252934518,69.74605035102596,56.09381493337954,-39.576577278104274,56.24285300964917,30.12933663616309,,32.292403720279815,16.636189896337427,26.77153631136483,34.59583301438946,41.72527895030514,,,
20220412,22.376312143295877,21.00339759495397,21.817190843482923,27.663854594390212,-82.94343091349572,41.73261630269004,0.5028437221118083,69.58310372793699,58.87558324699313,-40.94827968661239,58.39744499167564,30.967586295561606,,33.77896440637005,4.720596609778954,29.299172299348545,35.38965403948509,43.459335931152886,,,
20220413,23.296667167485552,21.591823970607113,22.552716182328073,28.685237681402025,-89.01900440093122,42.15091003439694,16.16665554197199,69.79525657062614,62.985755500076806,-43.171358765752586,61.01178567839433,32.44197292068705,,35.22467563685467,-6.149609219860141,32.05687548842224,37.05065796324426,45.268072492923054,,,
20220414,25.01324331900796,22.571402459623506,24.366664297543036,30.82415083120477,-93.72235061688485,42.867267608309895,-6.832851227592333,71.2720739758401,68.88138734359016,-45.0323774256929,63.397945735036934,33.778802730308314,,36.97751364304586,-15.320238261428058,34.54313655407094,38.41898464666556,47.59570213493442,,,
20220415,26.28832849421236,23.26417003480906,25.57330766342152,32.76416257105611,-97.07536492193658,43.638501893492595,-26.004175950899636,43.06160831000594,38.37945696815389,-47.26394168837977,64.5624458626496,34.85372727048762,,38.41159101734572,-22.810007835143683,19.678416307035988,39.517322733799865,28.34999777847622,,,
20220418,27.34952894614021,23.897856053453655,26.5417442970511,34.443612075780536,-99.1746852730498,44.36457494937219,-39.23900028767961,50.15947421946005,47.98508751292251,-48.71127320065472,65.22367105268384,35.73654115131728,,39.6790225606117,-9.475206372137153,24.52096944656673,40.217329209979575,33.687423247623926,,,
20220419,28.681915846318102,25.299974519559385,28.524974184886005,36.16044219351353,-101.86967497374522,44.813265784897894,-51.5109684094378,26.336228975722236,21.57127942265936,-51.04251632155246,66.20020748983671,36.99135773638966,,42.407846849104615,-17.59758888993365,28.256036151278245,40.748541014888374,15.84127272406352,,,
20220420,29.641085370749536,26.325245485864023,30.17097623535208,37.479617788713895,-103.9202895548838,45.293999518748976,-61.852841382172144,36.94891220050886,-0.04489487592216922,-53.086643672969444,66.72334557390525,38.01143624610478,,44.613454414717886,-24.420731867471726,31.684314604030646,41.081241637689864,1.2377132589089588,,,
20220421,31.048389800259233,27.639335199590874,31.90066392020899,38.77694553835857,-105.28152026969053,46.30164903581342,-70.33124493467962,14.623712620681768,-17.73337191291852,-54.7891389724715,67.19257691557905,39.69657720665747,,46.698063606539975,-30.059156041281188,17.358034062547425,41.33108359400034,-10.762134657507737,,,
20220422,31.94947570731757,28.752666780825372,33.378100393990024,39.86168004803654,-104.63276823360252,47.339199562066185,-77.06552825310217,-2.3083695067671335,-31.824601391666434,-56.17822206195454,67.81327671267324,40.52820882552874,,48.307001266161386,-34.40589385428854,5.904052199658262,41.70575192650727,-20.339798142467,,,
20220425,32.699311105121176,29.4152139929564,34.306144648294904,40.372352098128594,-102.136843356951,46.57374233622527,-79.94342367614531,-14.074250718674675,-40.95637483815556,-55.16408959255169,44.12006422680482,40.753098943305964,,48.595963338151115,-36.479660361982056,-1.8868986052544694,40.53043364195861,-27.218228402367487,,,
20220426,33.308729158915,29.91695202302285,35.08450147692902,40.627779972101365,-100.27657573590277,46.39403908347146,-83.01121027263729,-23.84783000493667,-48.77464166545018,-54.96331200986312,47.54911649953937,41.0856574857176,,48.824416743631694,-38.59015691914255,-9.224710286961976,40.31668853289915,-33.02959113491073,,,
20220427,33.44898767261585,30.156546253128067,35.54169464174713,40.57993365771191,-98.51991264279991,45.979786827342046,-85.75701491851915,-31.750485318018377,-55.33273343265979,-54.822300038144256,49.533208190449265,41.04539267218867,,49.854479588560544,-40.27620428716677,-15.230052953835303,39.926659425763894,-38.16729254201239,,,
20220428,33.75406315701704,30.51593842404733,36.155821880447434,40.33037273654502,-97.03652152613166,45.53135100404056,-88.7911801434469,-38.29023545515111,-60.74277933497869,-53.643356220152825,51.07981997245572,40.81575343927519,,50.72427203040747,-41.598857018177924,-20.02786948453618,39.665363495652336,-42.40176018246456,,,
20220429,33.73169191098209,30.707364097130153,35.98781487671349,40.11729296830052,-94.70859753728357,45.302463190121976,-90.46164208074576,-43.69331901996283,-64.39337073030282,-52.26444813792457,51.64665537625393,40.52439594455511,,50.71209402098527,-42.606118460630505,-24.278058200345924,39.53908117010241,-45.080106004747414,,,
20220505,33.81100881860745,30.81872270372313,35.91796102899232,39.92412801116801,-93.094209136763,45.19315824437017,-90.60768814827836,-47.87637282609073,-67.20474032636712,-51.023667204177286,52.432512254391206,40.17545827406262,,50.71076655386896,-43.441595413468406,-27.735749908660008,39.34610448103528,-47.16354129920969,,,
20220506,33.86272571553931,31.185077157521963,36.00576247951191,39.94877229421244,-91.55400176858817,45.06088561335077,-90.83147545819662,-52.376217703029795,-69.79664678320657,-50.018118261939904,52.999940245496845,40.61852765822816,,51.03928326585132,-44.14941599362384,-30.565792688671287,39.02814877920845,-49.234152493986784,,,
20220509,34.37671566988811,31.783731849545983,36.473560601678514,40.43983168095293,-89.35897202699857,45.424824587866695,-90.54005459399077,-56.351112036373145,-71.44785459154257,-49.14937352980916,53.79899380570106,40.94234723051279,,51.95373723991571,-44.714589449668004,-33.27428799507235,38.9601814910017,-51.700555836869235,,,
20220510,33.875004806599684,32.47641231359268,36.940954414333824,40.89921489851853,-86.2085599059632,46.66426493880161,-90.19658430045124,-59.509566477830916,-72.66649297235475,-48.40580164500238,53.57264452076651,41.12783499041567,,52.03593244100307,-45.16832253604346,-35.43368966667242,38.30779787229091,-53.47816631165101,,,
20220511,33.4676894513384,33.054020718831175,37.31889528063608,41.303565384991174,-83.60994863754307,47.654976505010794,-89.83463270544898,-61.415618992359086,-73.56588124374234,-47.78057718900828,53.124311001560315,41.09279419755393,,51.7386507603205,-45.49448841661496,-37.192378579564135,37.624123315228005,-55.09098535087391,,,
20220512,33.13021312151911,33.42330767375007,37.63150294629082,41.70315915416598,-81.49338945519996,48.71384900809042,-89.7078159086839,-63.09607947054033,-74.72833202869718,-48.25528992812522,53.10594244606663,41.084832530661174,,51.24726182980898,-45.92122809255893,-38.49758935281548,36.95456499866559,-56.80441768762801,,,
20220513,32.84832785146103,33.65010792706541,37.690728575066984,42.071535453036915,-79.56657206094377,49.57474781747889,-89.68830044387137,-65.28168767237229,-76.64670212419986,-48.022145177186715,53.08535173999457,41.16878592032749,,51.43777497962793,-46.28821711288579,-39.93739838577964,37.0260968045433,-33.983974621568755,,,
20220516,32.7336019321648,33.91116499371805,37.76575018347938,42.412358842954276,-77.60858035840583,50.331399994322304,-89.93207277055868,-67.2495146736188,-78.4370631274709,-48.08876292441119,53.26281259263993,40.998284695604625,,51.65072489223728,-46.62584655447411,-41.07236508419002,36.901759105685024,-15.159334294282855,,,
20220517,32.55830713256153,34.03991339514721,37.78757370592378,42.61221749100373,-76.15595254219079,50.95468271491097,-90.16066554609176,-68.85185819419708,-80.01604373281481,-48.14609933191246,53.3796849687483,40.69327337136219,,51.84520424289292,-46.99324801238681,-42.012962251979836,36.912611269490746,-25.15559385369956,,,
20220518,32.56917367910218,34.24352196911443,38.23119024286517,42.707644973983136,-75.01077877330748,51.436673333012614,-90.39862176777592,-69.77906373904933,-81.11681270517525,-48.11961799541817,53.907844588396,40.109323785053896,,51.533859893995135,-47.01656862814091,-42.78179258443555,36.913453024177734,-32.70414636754622,,,
20220519,32.56942357872719,34.37261119577458,38.6807613167458,42.89110092168556,-74.17773538961994,51.7413655605206,-92.7044062240092,-71.01385859552177,-83.3875419148312,-48.257858845724336,54.45285338448789,39.682304097849624,,51.28861210471139,-47.992768296138166,-43.28886968500866,36.68782855884723,-14.349880474642797,,,
20220520,32.56923784651221,34.47526958327817,39.09725786126084,43.03802468639289,-73.49925341355919,52.220157509339515,-94.03474076313354,-72.05472640029079,-85.17682045405847,-48.135353166725054,55.02368074378547,39.33544132642967,,51.070698952870444,-48.77177233728625,-44.11373540590945,36.44771275097126,0.7219356569391514,,,
20220523,32.556601918574565,34.719496787232096,39.51685362847428,43.35569850370858,-72.99374500003582,52.298728855248726,-94.60678367846185,-73.390324244637,-86.47625629225661,-47.88981862150256,55.681712994550544,39.05279256908768,,50.93191022439771,-48.63681745381482,-44.62801099181822,36.38924938877241,12.799059848802935,,,
20220524,32.51302597802817,34.73716020911283,39.50508550840605,43.6998155380896,-72.70734797680947,52.313313203631324,-95.05414876597806,-74.55504976688073,-87.52863567601749,-47.34554162044944,56.1269996160513,38.849402603106114,,50.6142672311789,-48.145663725615826,-45.08498489149565,36.33645729047485,-1.6119985708897309,,,
20220525,32.410662563036254,34.58471289216325,39.26599035591659,43.987171234370805,-72.96929393198258,52.21935667659288,-95.36729821010759,-76.31434815505048,-88.32005316362428,-46.885312546964016,56.37684189163366,39.002736357190585,,50.28702093698236,-47.89871927169548,-45.40248673533185,36.0795023748085,-13.553318707249163,,,
20220526,32.55622937982596,35.336416072710946,39.67254414981236,45.40437350336767,-74.95609704014693,55.65037724513298,-95.68383144427588,-82.41209982921538,-89.35951249799331,-48.14293269325817,57.48728093785761,39.17089299788094,,51.323897180104055,-49.27636380894318,-49.09041405285448,37.12656056883653,-25.19011466015612,,,
20220527,32.67545752390383,35.89485330509984,39.89746228959234,47.53149284848316,-76.5742287455727,58.6533626518921,-95.90209615326452,-87.84754715477762,-90.18301485896203,-49.40158426394776,58.39009952583325,39.291515504480614,,52.424279538504,-30.230344573025878,-52.60755170935903,37.94814991346216,-34.976432843764094,,,
20220530,32.87757432553504,36.59348292113559,40.2865510073591,49.82152701363377,-77.75807821604582,65.2653096814876,-95.93056850057559,-89.24567002158132,-90.73106765357815,-50.00593721413728,59.75966690768562,39.9744140205544,,53.32039485247105,-35.020648846136865,-55.35767123101113,38.84202014524075,-43.064593589415416,,,
20220531,32.88828023094575,37.17321334048656,40.61727298343033,52.358694489965536,-78.91159689088255,67.96090200858937,-95.36018426888654,-90.33070295907756,-90.81184576305829,-51.137303600981525,60.87739832647221,40.800343708547835,,53.9913078412007,-38.801370041246905,-58.00021978069207,39.646444838056134,-49.31641402559021,,,
20220601,33.144741486185005,37.46361101379184,41.06256305392015,53.94515499426954,-81.39129515101884,70.22374353048258,-95.15183257554241,-91.21824793900161,-91.55839164242335,-52.39233393536258,62.578556065914135,41.04487049275217,,54.772295821053255,-41.718306252249405,-60.28204117616858,40.30325037102455,-54.87964173650663,,,
20220602,33.27447193159501,37.62131442689096,41.60980775515428,55.746600556323585,-83.41482748670595,69.61679281921593,-96.28401567551656,-92.03534208882748,-93.322614543415,-53.91521244667607,63.995767346458656,41.177837693039265,,55.42442649912349,-44.5813853976191,-36.47543878459544,40.934252298183296,-59.75196826793374,,,
20220606,32.817740930659085,37.22471826782814,41.414130285399466,56.67966708853268,-85.84766762588231,69.17462509283645,-97.93078669416032,-90.27398504112165,-94.96175650144366,-55.027745416388285,63.25721830519587,41.12675274597703,,53.735596217024536,-46.95591038114583,-16.950487825835665,41.35288332350896,-60.34221557140473,,,
20220607,32.240853041355756,36.90219201509325,41.17778759136153,57.38543866589517,-90.6837436180006,68.89732377873865,-100.7193685908833,-89.23409232165892,-97.63059928169763,-55.853113955817946,62.71020136458001,41.11166822312511,,52.10041492180271,-50.1890468307846,-1.1025854712390042,41.82463034182021,-60.652284339187815,,,
20220608,32.82203652224783,38.04075710539017,42.12617293243797,62.151925589536845,-100.12220783538105,68.70419936846659,-103.31333087485862,-88.69352185302806,-100.09698139865,-55.48868843035608,63.51405982042158,41.32171088295442,,51.487440655362946,-52.797323147405855,12.48160606033088,43.811323984658806,-61.029383470521346,,,
20220609,20.650682136497274,38.94744171881383,42.90881394481872,66.8055194384788,-107.15774573550623,44.338654001916844,-105.26518989268791,-87.80336636385267,-102.04559171771433,-55.19275571141135,64.29072600591117,25.554552188998727,,51.10289474070052,-54.57240799010255,22.226189862710743,45.5147185327384,-61.303891381526135,,,
20220610,22.877584383982516,39.79418543904523,43.35003475465278,70.79403234000245,-113.27655625845321,24.79682117420149,-107.69202788197069,-87.07781112632479,-104.40220820973667,-54.934438898181966,64.9844150553714,29.18377160126266,,51.24108387437883,-56.06429877415954,5.538231980086202,47.38642599841157,-61.95644246841917,,,
20220613,24.81564380805506,40.456631583195026,43.752594887981125,72.95983293004046,-110.84726640118774,9.236593209583125,-107.81915715648758,-85.33968572711416,-104.87747544869285,-55.22479784708204,63.77985115605026,15.78270344137765,,50.90106601633035,-57.35218305346412,-8.136429903493841,48.940846193417705,-61.753107131573714,,,
20220614,26.141821946621768,40.79020202902919,44.14507393929592,74.89666147289334,-110.31855619189945,-3.508499729976095,-107.81072185602099,-83.50223491010124,-105.2600162822798,-55.284368895009045,62.949943688955145,21.218795220932048,,50.55501714173597,-35.458578447150686,-17.55231060937418,49.422978250540865,-61.59595017915078,,,
20220615,27.362537572783705,41.12096075031587,43.86102021568386,73.44134898794218,-109.81851684553928,-13.857012036521681,-107.42917426113443,-81.99382987282245,-104.93700343648909,-55.31774189670669,62.04782473318176,8.325444409370153,,50.049594450048495,-18.79452249723214,-25.272566227008266,49.86505776487895,-61.364797568470664,,,
20220616,28.275065718769138,41.57151317207707,43.52581301062689,72.37525239066666,-109.60860245425776,-22.230477439763103,-106.0422938308267,-80.55888988734488,-104.53854355030039,-55.426638910226536,61.183354778522336,15.551282484064313,,49.81504431204428,-26.222016163421323,-31.726350331862992,50.34200663648865,-61.455943014102715,,,
20220617,29.072292754274237,42.038572975992025,43.22035411007056,71.28772554579203,-109.67719991995698,-7.02005052063955,-105.13072235684078,-79.45835852309341,-104.13280241942866,-55.45857793985479,60.088653452533414,21.010119571683802,,49.50940907951929,-31.99418569650361,-37.70355738938567,52.498714331022825,-61.41054311213344,,,
20220620,29.334428977562293,41.137807834587846,42.11424739183688,68.0216884650742,-109.65267538676046,5.419445072044757,-104.5325661807375,-77.77383571558781,-103.93348284172052,-54.031845015034385,39.442539843714385,25.65491106484801,,49.247584368311564,-35.94624344729992,-42.54063972392904,54.49900394909058,-60.914323578705705,,,
20220621,29.62317074749889,40.31898045515666,41.17185117984476,65.14473090233274,-109.16741034853311,15.923822736266574,-104.29984235414035,-76.2789325952167,-103.85185975501759,-53.02952800266159,22.540239318847693,29.454748140630198,,49.019378615213505,-40.03577340693743,-45.85535075227713,55.0281835037888,-60.62167019886768,,,
20220622,18.813711635751762,26.411992950247143,40.236385079463666,62.219503161620615,-107.9135511760322,2.1428316959477693,-103.58497427750802,-73.81850285338712,-103.48336352093133,-51.99256332733693,8.861298685922304,16.225182114880493,,48.73627461266615,-44.1416031396071,-48.3872035575085,54.64462522090845,-60.09743659455064,,,
20220623,9.739682802740585,28.411565804571225,39.63124216889958,59.78603874171297,-105.27598291390798,12.898649325504014,-103.16611441712087,-71.06781533556509,-103.61371521015921,-51.07565969034033,-2.401150614453224,5.40207423535535,,31.044635131973227,-47.518688841315814,-50.15233276132676,54.18440195649038,-59.885224294926374,,,
20220624,2.313861523916661,16.593819088875215,39.147456532156795,57.737777012928596,-103.40911640080317,-0.13652662386513992,-105.09776133091484,-68.03996516041818,-109.59410628720555,-49.89869966233508,-11.630585959196914,12.921422768721433,,17.91362913876045,-49.494650834999995,-51.59649995428699,53.805229373812764,-58.43271226856955,,,
20220627,7.372830024976262,20.004070657872106,38.92313051180771,55.734173842132954,-101.76672107130771,8.537361918357755,-105.53691859020068,-65.54829540550776,-111.51163205756826,-48.948334869483865,-18.860581939443396,18.851244839006043,,7.43665533767394,-50.76669197519474,-52.77774069817492,53.43556853745431,-57.01053944277647,,,
20220628,11.63972203586294,22.49936680644617,38.52385593666373,53.942890572623824,-66.23157806372224,15.385279342717793,-105.37167058869825,-63.718700095470815,-112.72395099139884,-48.52949692812408,-24.683952995558265,23.500304655339185,,13.205400496149126,-51.44633826825867,-53.76978002234752,52.478505344875906,-55.69662081070344,,,
20220629,15.302163363081963,24.725640350570544,38.28179085297814,52.4780003072025,-36.95739672053013,21.622397988739607,-106.78238359827962,-62.257971239476284,-115.21648643103889,-48.46573776867296,-29.46452994665903,27.3457829523679,,3.9528752663490767,-52.26490174831347,-54.62563836300024,51.607590120043824,-54.4186533833649,,,
20220630,18.322679996249775,26.70114428055959,38.4317874793959,51.40601914450733,-47.752740149932464,26.728117578561772,-108.02849525878834,-61.00356768356199,-117.31342261458765,-48.09357358858192,-33.2991295012697,31.08304764429821,,-3.7248110693720977,-53.34300021987564,-55.29345481339246,50.94371886089989,-53.494232549709196,,,
20220701,9.288834351125915,28.246671924449547,38.365514784188925,50.061022630613266,-21.89316089848911,12.098053251697989,-108.86231521970869,-60.01443775085109,-118.11519221415661,-47.14928301608564,-36.26910198347513,34.21077537902598,,-9.824395220130503,-53.616358003366706,-55.7047283615646,49.873770513727315,-52.475780398721064,,,
20220704,14.031457021285545,29.896951851125575,38.99204939784664,49.29854629170424,-0.9669208622912148,0.13004082041648254,-106.22439638854301,-60.25317650612236,-116.52711664237468,-46.39605671260227,-39.535872952849445,35.95105136173188,,-15.619915314100487,-53.84642765729529,-56.231381820963556,49.25200857596633,-53.03421361744699,,,
20220705,5.125238579260435,31.232517961819717,39.562575833059036,48.785531780944225,15.963424369056552,-9.671952544810546,-104.21210873829575,-60.39524303897657,-115.20701733269003,-45.6882295233688,-42.17986243295088,37.37392359351232,,-20.916057740119168,-54.15629067035165,-57.229587378415374,48.839440336405545,-53.902779362172325,,,
20220706,-1.596112441279903,31.554850719744618,38.91708784578799,47.41387269081849,28.967401399778716,1.813656498176623,-100.96799650229858,-60.76938572805662,-112.93820107820036,-45.5953339186094,-45.01167136745106,37.60513481261738,,-25.480968023737177,-54.76341415176044,-58.24916702018884,48.66939115135786,-55.025562423245574,,,
20220707,-7.186364006370651,31.597698485696416,37.2938569944181,46.13782566920339,40.03616134939619,-8.423429089909387,-98.32954524958117,-61.10975938187752,-111.06926931105153,-44.59179579851745,-47.06619303286887,37.779885265805284,,-29.1516467752674,-54.88690954396804,-59.77665406672236,48.49227038695719,-56.00551167407501,,,
20220708,-12.08947554226109,31.113322411521064,35.84992037700348,44.866085038359024,16.44561572703682,-17.10887429546675,-94.80257727399639,-61.209279690936825,-108.06082686586213,-43.86684731049369,-48.72603139294406,37.91956620093358,,-31.783736747546694,-55.00399061772306,-61.001871875628034,31.603834468794755,-56.905194480625795,,,
20220711,-16.125084497572818,30.716011771854987,34.59611651042309,43.83758523544659,-6.48085064705952,-24.209447835717388,-91.19953411624633,-60.81932235269255,-104.45971341292788,-43.35639086838658,-50.69354180044592,23.957812768216638,,-34.023769835563414,-54.89502326036287,-62.05905676982107,17.734093525468182,-57.90793136900302,,,
20220712,-19.99646465666181,19.74091976550491,33.54658871284063,43.13594706190452,14.846931552068796,-30.017163258638305,-88.05702311740363,-59.55039674875719,-101.38170767024958,-42.91982686594529,-51.414592545478015,12.56177308224004,,-35.46668200999965,-54.542932947842964,-65.11575748622062,6.51036821979833,-58.46521608641468,,,
20220713,-22.549204630410912,21.470049755179552,32.68360973341426,42.53669666109532,-2.46341860655702,-34.63852109946294,-85.4673674461825,-58.522813369837664,-98.96669521783137,-42.46139061028969,-51.97805288467234,17.56245393827038,,-36.167245373921595,-54.45281096377613,-67.20710817723936,-2.489938628124815,-58.094824582757504,,,
20220714,-24.620311796992816,12.259490984428318,31.89109497537498,42.05768507819365,-16.502568357543893,-38.49209371274026,-83.55174220557963,-57.6006588039302,-97.14178100079249,-42.08772290917397,-51.779823620317245,22.137925268996355,,-36.71279986728579,-54.368646538027164,-68.44800254799159,-9.842206609283675,-57.76992398949266,,,
20220715,-26.39420010420317,4.750096396545859,31.306859343157946,41.11830031391025,-26.650403093826224,-41.61295764026376,-79.6909690540543,-56.542563660610895,-93.07817673293576,-41.78280054452679,-51.6714660953912,10.488892879715179,,-36.958236524418126,-54.362767349656984,-69.80442930187724,-15.771510467708698,-57.37024500119502,,,
20220718,-26.388468712782633,8.909542257751239,30.412771752283575,38.82663006045418,-33.946162027973564,-43.6337594416559,-74.27553559135588,-53.76226935265171,-86.62416310610033,-41.218920973983785,-49.93688132155236,1.910433586548379,,-35.8476282838775,-53.26334081824359,-70.56331333872677,-19.6739139789881,-54.00574431760111,,,
20220719,-26.40786700281357,12.359970108118244,29.735970586871538,37.01096142982455,-39.98540768559198,-45.27399457390436,-69.83428949558248,-51.46623068711225,-81.32191083412846,-40.75850271770631,-48.513552990334816,-5.087888636761665,,-34.89306290229284,-52.35885033639533,-71.1981751833819,-22.684583306332748,-51.20520944838154,,,
20220720,-26.5460296630393,4.921158311884602,29.28990023254986,35.57124216318037,-45.12108116128632,-47.12155489297527,-66.22640627297,-49.59112570475652,-77.0104057792728,-40.60230616048806,-47.38748900820665,-11.178283658483851,,-34.02631467173977,-50.664903828502766,-71.957474470503,-25.19662129994226,-48.88070416914977,,,
20220721,-26.711699613645962,-1.191646582203447,28.91105144452062,34.4258263117069,-50.15302814675374,-48.584711336879444,-63.095005395401685,-48.30790027282605,-73.12022031413039,-40.50613597160113,-46.32624995296831,-16.16355138339427,,-33.33798895337317,-49.267450079914994,-72.48860799254184,-27.556851734848024,-46.98307895765102,,,
20220722,-26.714008582574206,4.331615964283993,28.602188504213306,33.46080298302564,-27.712982379822265,-50.01565708975656,-60.5673355872626,-47.206896308163024,-69.94280095622487,-40.78989012393052,-45.64346523694447,-20.1121124367323,,-32.942053477192395,-48.49045700399329,-72.89792960864871,-15.814084114233,-45.669664348256404,,,
20220725,-26.87374555202957,8.927070479769228,27.97145541347739,32.83660322718961,-11.827777203077964,-54.12823723257826,-58.5093360430873,-46.29535703690784,-67.52618185738997,-41.02446894806462,-44.973311136807915,-23.40377709622676,,-32.798107440461095,-47.976552207004076,-71.5916561438725,-6.11099485663201,-44.74654236315483,,,
20220726,-26.85657907063308,12.42173352698946,27.12491135044288,32.17771981892998,1.2290317417605297,-58.53075018514718,-56.86610929575188,-45.705857717564534,-65.40373311605241,-41.181600794285366,-43.051775224834515,-25.692274865999522,,-32.31995738596952,-31.034736309187597,-70.60564133290438,-12.021221853340142,-43.52277810488231,,,
20220727,-26.75266296438503,5.109961496965087,26.43255419981185,31.635033528976678,11.911376985403543,-62.14528809816263,-55.51203616734852,-45.23263587838715,-63.66334791509433,-41.290827324732476,-41.52123768941494,-27.508458656218934,,-32.04375771049378,-33.57787834518974,-69.82007601045844,-16.92188631677646,-42.66537093282469,,,
20220728,-26.359875847740152,-0.6533818797389267,25.677911082062714,31.067527821828865,20.6350893932959,-62.72759947242303,-54.15965627458239,-44.413111438612155,-61.80095615819599,-41.2041824413932,-39.933886971463295,-28.73329593118425,,-31.68879046588071,-34.72683884940937,-68.61309803060294,-20.818385758006553,-41.77531203500124,,,
20220729,-26.12185809476357,4.401140171378224,25.079523594295946,30.71276210190109,27.82555324931413,-63.992343851430796,-53.087017575119596,-43.76755537781876,-60.33725743967894,-41.89228144774577,-38.579446421340045,-29.84325673247611,,-31.465764528434363,-20.877632469888972,-67.50705480565071,-24.418838165019466,-41.15241260683504,,,
20220801,-25.827595275245518,-1.409519094939674,24.594744634802225,30.430333981130474,33.78047226790353,-64.9375719961816,-52.52657389488544,-43.4008902467509,-59.35794036537782,-42.43684708825798,-37.56699832059223,-31.252351674608395,,-31.49909217027076,-24.49946237477359,-66.58074464197558,-27.36125437904059,-40.74778635889694,,,
20220802,-25.692052796108314,3.841857560688458,24.194008005066493,30.199218167158108,38.76782298895162,-65.74448085422883,-52.06663173583837,-43.324898756376626,-58.535120567667796,-42.84851289885172,-36.68164962808466,-32.39080297774181,,-31.549765346788174,-12.627250987506448,-64.55120141585026,-15.052687817552489,-40.422486021599745,,,
20220803,-25.887049452852143,8.620477281793757,24.088320679318077,30.398628037909713,43.145059617080996,-66.61531563328909,-52.189985029232524,-43.086403104400475,-58.275729262349756,-43.709704800268604,-36.038228077304616,-34.01921319093832,,-31.708164203124046,-2.7033600827987234,-62.787458945575715,-4.97220235854815,-40.32095699114535,,,
20220804,-25.969275702617626,1.3394064803357306,24.333539031702173,30.555453833407707,46.55669573632009,-66.76830923229832,-51.933562390356016,-42.998315654047474,-57.719489684781394,-45.3597993465394,-35.49637884820571,-35.26190875172201,,-31.85689605493933,5.454204957565945,-61.45108260419174,-10.721837751539287,-40.01884823037833,,,
20220805,-26.01478306329768,-5.1047762593711585,24.581432908455255,30.755406163434184,49.16255159579397,-66.8417981756852,-51.99693160780775,-43.17286330402326,-57.4748714195632,-46.53047858700729,-35.08516147645754,-36.064967762517654,,-31.92584705961816,-3.25026000361635,-60.496881346517036,-15.865769227069922,-39.6581708061619,,,
20220808,-26.01554020442119,1.976112149093529,24.56938741589657,30.822926490792536,50.72373878532942,-67.80336411747915,-52.03454329384672,-42.903672889684806,-57.415771666308665,-47.256327368805,-34.68982873684176,-36.84131435204854,,-31.574338679874757,-10.533227650091646,-59.41048931184217,-6.623250397918317,-38.94118918931996,,,
20220809,-26.01532485034834,7.766491421118334,24.590646014381036,30.924801555586075,30.982606244427746,-68.60922967338887,-52.172025785989625,-43.58528487918604,-57.42553743220445,-48.73597207825089,-34.53392719595028,-37.50374666757654,,-31.515811854700896,-16.716122517415915,-58.54840420179297,-12.207846068181249,-38.508115519108124,,,
20220810,-26.485504053871487,12.76771107550203,24.68721373472414,31.3191171637824,13.800524142196643,-69.34838635535466,-52.2034336186525,-44.16335790152746,-57.32141328850217,-49.99241673075732,-34.377990330948954,-37.836677362896395,,-31.895658515026618,-21.22677165529838,-57.304199423311516,-16.676553950322614,-38.513505104217394,,,
20220811,-26.797446616181304,16.896295424780373,24.633099965856726,31.553103715909014,22.9444730289819,-69.83806233684949,-52.131848886550955,-44.62552695284192,-57.154389288401916,-50.98098530511904,-34.48236022187929,-37.887890464437,,-32.32771525216197,-24.88377349917625,-56.24148208351386,-6.943571992451225,-38.58619891869857,,,
20220812,-27.165996487660898,20.41754329163485,24.505299616707294,32.54880989360927,5.811975024185387,-69.9241115688555,-53.85431383616504,-45.79776276666879,-58.44593634638461,-51.87145546241212,-34.57457378803103,-38.298414482413264,,-33.09839664144078,-27.91937112308382,-55.24006366835361,-12.368081297815996,-38.785958483388654,,,
20220815,-28.705007942133996,24.493754911853728,24.70543215935932,36.73886746489066,-8.69409682818968,-69.79159859533875,-58.84906051919714,-48.32683483638504,-63.042494603650354,-55.36902696753029,-35.242289174136104,-39.654957382244376,,-35.037504288646915,-30.948754372653855,-54.11064849743601,-17.381129643443046,-40.84080685527703,,,
20220816,-29.650973126713893,27.783485471036254,24.800951844636394,39.88315871228342,-20.563673174026142,-69.71771110026502,-62.757055176012294,-50.40127424517245,-66.81095051326378,-56.448388889538805,-35.514642941467024,-40.82851450352601,,-36.698962543305214,-33.67040168678566,-53.907005982285234,-22.405185752495832,-42.38116752996006,,,
20220817,-30.58036973096362,30.478646955285097,24.8791106454791,42.790864586881646,-3.4151834791401794,-69.13606841630033,-65.34544925627299,-52.22013888425496,-68.96301030539713,-57.54054712314129,-35.71387727443574,-41.78380001983049,,-37.991147032239475,-36.05753043428702,-53.51722740821875,-26.42102438990085,-43.483266527839255,,,
20220818,-31.404133954076574,32.539096732296976,24.92947439855436,45.28964606422618,10.852102488544682,-68.76866217558386,-68.43615891456909,-53.944776086890954,-72.19280737374346,-58.32334468386656,-35.92873106417947,-42.258701845984596,,-39.03471286722152,-38.03942934343822,-53.93597845408501,-29.749740889319373,-44.42984745005928,,,
20220819,-32.157013541613516,34.138557009146474,24.970950130834456,28.041232452808746,-4.5989281894501675,-69.48173738262233,-71.03004953125624,-55.97923097646657,-74.79996486233551,-58.883438701794745,-35.717595561743806,-42.797094265707976,,-39.78156375288272,-39.80533861436205,-54.20865880403768,-32.420676957084794,-45.07247035587127,,,
20220822,-32.76607158157533,35.92205478867144,25.536218713193588,13.914480167002166,-21.120322805370776,-68.03716092463999,-73.70173768271988,-56.75902534796767,-77.04722636990587,-58.79939935661628,-35.59551156723137,-43.51347994265107,,-40.372350218551496,-41.11721367982767,-54.15513739927105,-33.62138663401894,-45.54025520834806,,,
20220823,-33.130500327611024,38.89844593868517,26.483801254469356,1.4672770365004995,0.11188596942040432,-66.88246671525178,-76.3366688507253,-57.4086576571004,-79.83766773387772,-58.65550226217489,-36.73934868154947,-44.80333202245743,,-41.27133914746151,-42.384150441023955,-54.001104912864534,-34.696578746668386,-46.406903167201975,,,
20220824,-33.921980145436,41.700927882948456,27.321554138431342,-8.499882738921185,-16.76273282905984,-65.91514022236233,-77.60422513277359,-57.30051551934936,-81.40389002958526,-58.6814730732622,-37.4288064125617,-45.82711993865669,,-42.02816555960445,-43.49131873482675,-53.87891065552443,-35.57479816986961,-46.96089971840577,,,
20220825,-35.243011696659615,45.45332960533698,28.298027630380684,-16.758825180268566,-30.59448520347035,-66.72025099825743,-79.84941161330067,-58.166351664785275,-84.3098727934515,-59.97242146082168,-38.62465655865347,-27.795848589512815,,-42.95587817325873,-45.9634306355987,-53.90564411971953,-36.359027446771655,-47.75033151974991,,,
20220826,-36.31246615770572,48.49472849133907,29.063775401445724,-22.94460779862898,-42.19216150190669,-67.49161334327104,-81.08757936522188,-58.38238960818072,-85.88280968092438,-60.67506984878545,-39.91264959298734,-12.973831508524073,,-43.83385304418781,-47.548744819409826,-53.99248984299521,-36.90345541807766,-48.471320020105196,,,
20220829,-37.484751952698694,50.59555431560896,29.65572160381935,-27.90606048685565,-51.515929222172495,-67.98473715329958,-82.05508875490229,-58.06614447646667,-87.16998355950126,-61.384097327570366,-40.97560703139401,-0.5919655350606948,,-44.38238978785436,-48.94413243505387,-54.14143356916382,-37.34068677529339,-49.00053986225901,,,
20220830,-38.539091321201326,52.7761766128614,30.317736454602574,-31.938054104099376,-58.85055363346226,-68.54728387373392,-82.70179876854665,-57.74768890417334,-88.00905179282067,-62.149755290582426,-41.79285795222919,9.520698823304855,,-44.82762936472285,-50.08199458082904,-55.00016348187907,-37.662892583143844,-49.44320602511291,,,
20220831,-38.6320858642417,53.5772189160673,30.579578106145544,-34.898441806168115,-64.80136830138538,-68.79981491353016,-83.10127144177326,-57.862598920403165,-88.43278583245471,-62.811125753109515,-42.45935430787911,17.74687580411325,,-45.190163709558234,-51.010314044787464,-55.08549727288336,-37.88074423819129,-49.786342175418305,,,
20220901,-38.63431870612266,54.534465077041425,30.558906725915648,-37.73377556278487,-69.44266512713521,-43.32055716136195,-84.94912869841531,-57.872486773040194,-90.58752306940823,-63.17739419366653,-43.36504749594263,23.96109552436277,,-45.75904364004619,-51.85353400238349,-55.17904932935523,-38.819419551373855,-50.856573702555956,,,
20220902,-38.64490301291049,55.363387420354535,30.532513224503603,-40.05725062198839,-73.81518233218237,-22.295268432863338,-86.50134555982424,-57.834618006108045,-92.49848330231387,-63.04851354708565,-44.242438706987535,29.77274113101791,,-46.035576827929525,-52.717507534562735,-55.262266151090955,-39.571391137777226,-51.17248581811579,,,
20220905,-38.50938367848563,56.181282737274145,30.558541588692187,-42.48960089672575,-79.47907298160735,-5.0916365081382295,-87.45607206150927,-58.13694710624408,-93.17163767297338,-59.78051587890426,-44.77471353319611,34.29804456765486,,-45.30980368966811,-54.090143965091144,-55.35668598161612,-41.49105558014178,-49.83783948653456,,,
20220906,-38.399254052586436,56.85033575668964,30.586870889514035,-44.601503018866296,-84.01623189973776,8.44297270846742,-87.72888264828414,-58.509483361768666,-93.48111018397609,-57.08920039186975,-45.27373990231283,37.699483979861846,,-44.66375520943275,-54.943163604706385,-55.29685312104108,-42.76225764973448,-48.5647054697353,,,
20220907,-37.70690857204609,56.543375558111336,30.41672214270559,-46.007026807581106,-47.228691372878124,19.51372567440004,-88.928950044884,-58.817866060763265,-94.06164241643964,-54.878318628893304,-45.66277016756653,40.97666488858579,,-43.71831591068289,-57.201471657614945,-55.795512778072094,-44.00739574222954,-47.31265909889058,,,
20220908,-37.73977418791945,56.020766280687,30.38410546075317,-48.29961544939284,-17.324293600396217,28.99112728980603,-90.27128170030468,-58.93338792586745,-59.138898916900374,-53.04390215985067,-45.96471428531125,44.10214247486101,,-42.96082105088283,-34.41521178249532,-56.52249213479964,-45.405623515922244,-46.332213593846355,,,
20220909,-38.18394541739041,55.789283796258935,30.528808874882564,-49.847624558890146,7.040958984681341,37.20464782037456,-90.70146777801563,-58.77392821506749,-31.88206063153879,-51.40808331390731,-46.02752097499267,47.111819269673425,,-42.03546615066506,-16.00375746175252,-56.78840671324695,-46.41157488891743,-45.43345581175464,,,
20220913,-37.89431492299302,54.89276506575321,30.559231718227956,-51.089604387253395,23.493151571851108,44.869495249982194,-57.01999481213851,-59.11927204891953,-9.427222625192334,-50.046554878682905,-46.505445239620165,49.50204976135367,,-41.23452352265606,-0.9475021131030449,-57.647422600015744,-46.953220448504275,-44.676951685005,,,
20220914,-37.84445977305063,54.23007333906118,30.724585792144698,-51.87612524000285,36.93195325543248,51.34282042738736,-28.965912951189292,-58.44263375412985,8.954990729318459,-49.893796361170956,-48.222094782513075,51.494466279584955,,-40.77251762519264,11.365638423683313,-58.34887004141361,-47.114122200671574,-44.348645933873584,,,
20220915,-37.80413688587294,52.724908731221376,30.811717493672045,-52.46715145395812,47.29468842699894,58.10238035239736,-4.262151515666044,-58.01713727227625,25.752482393949318,-49.65080272709699,-49.407642324009814,53.374868766398315,,-40.48300750416063,24.65485204674402,-59.52308509838989,-47.608178465713856,-44.24784312027842,,,
20220916,-37.770828968666706,51.4611649413039,30.711483012347212,-53.02141320239727,55.72096278285283,63.344349268604425,16.728042219527016,-57.85114007670255,39.60609217706935,-31.65655009955141,-51.06699337838959,31.704253297175942,,-40.23647436156542,35.45233940126452,-60.68924287484517,-48.019123392431794,-44.14903738257259,,,
20220919,-37.67055755155101,49.78077378841004,19.626880155984608,-54.54833177591375,28.11760089976114,67.63319728875577,32.364139077662315,-57.3810861012723,50.13147774621445,-17.129867020535197,-30.149752464960514,14.794496932855482,,-39.96848203386246,42.75406373016093,-61.93693610266996,-48.84022251952765,-43.804531499013564,,,
20220920,-37.46363027740151,48.38866975257126,21.525768951783018,-55.526042331206135,6.236655266837885,74.43996742967039,45.2633478477377,-57.66873401250422,58.73931214600418,-5.163216857986601,-12.017027397139488,0.884282624732038,,-39.75424787578112,48.55978165095835,-64.51730424612332,-52.36368390421284,-43.56095640880263,,,
20220921,-37.980547394199384,47.10662254380959,23.22001717126606,-56.271107620918606,-11.542824220809882,79.33336679162925,55.85172874651099,-57.979047404800646,65.80855646305093,4.65652530138109,2.8717529119241325,-10.824648492175225,,-39.955667609683196,26.24354110335177,-66.92135382284661,-55.32707766688851,-43.52156070216945,,,
20220922,-38.54814152559191,46.36391790158152,24.648005237268034,-56.70405504191945,-26.868745286023778,82.72920095602915,65.28156077248332,-58.362793595029174,72.06850054604588,12.761702342442053,15.34591782884836,-20.89423227395302,,-40.1921047061698,34.84892089948439,-68.12279234240944,-56.20710940979203,-43.625426261116296,,,
20220923,-38.71230719398067,45.8796382074684,25.923207866511596,-58.04110848605847,-39.03907888353478,82.19112808130716,71.9642730240874,-58.33600851738121,76.8444594861751,1.4756206173267694,25.83494180098092,-28.675140671303815,,-40.34510010743481,16.915227024433626,-69.37076011433298,-56.931840394470136,-43.61208020309112,,,
20220926,-38.066305827007234,44.403650304861884,26.787405803186342,-60.28558147512994,-48.77233938333057,81.73853595621462,76.2376126382371,-59.18780616410034,79.96674238898026,-7.106408866127269,32.5253734841114,-34.70583937466173,,-40.05365095910325,26.212480111953386,-70.45595548854494,-57.75804735542444,-43.233190322006735,,,
20220927,-37.479638050565185,43.212476069687526,27.390122155202217,-62.34016697577247,-54.60280008571767,81.27427130181806,79.72895881492558,-60.540458043693896,82.20710299241486,-14.048844864498797,15.089486585133809,-39.57290984199908,,-39.87662975794082,32.7293760160983,-71.25002322137375,-36.13322629721872,-42.94294600860624,,,
20220928,-36.98080544580879,42.29376238692429,28.042292297164547,-63.90523841815645,-59.30473676328826,80.90627574407591,82.47894209104517,-61.74157214679165,84.17728854403524,-19.67777418615472,0.251957019401312,-43.86566618340663,,-39.621042069113656,38.03660083267613,-73.52962800699837,-17.85015843491874,-42.64613614345528,,,
20220929,-36.59938352613801,41.25593311450992,28.450653249755256,-64.33746077740517,-63.310604504367284,80.91726576115394,82.55788467797443,-62.41201677263873,84.2429761474104,-24.321571542651146,11.99473773955137,-47.232660375541464,,-39.16578630719766,41.773343970926625,-76.12768509855182,-2.8133252051812723,-42.278005669351124,,,
20220930,-36.54314095098194,40.51724133637819,29.5947999856988,-40.61551175177297,-67.17945017888484,80.61547683404153,82.27428747141673,-63.07238669983633,84.28689080469323,-28.28264493044018,21.73067731559392,-50.752717954651345,,-38.78465457436886,44.87443194750355,-78.98782663011593,10.047364894912507,-41.9875394467272,,,
20221010,-35.26536779484166,38.19732632698406,28.870863110798545,-44.2622411958842,-70.2610951512482,80.36628469372884,79.87926717168725,-63.756803979284285,82.82116223850228,-32.01251222463472,28.80997915611003,-51.42022694721758,,-38.07913404789359,47.38164727477617,-79.21928802169853,20.64712574780041,-41.47373941659867,,,
20221011,-34.23792403809303,36.288183483158434,28.41451923181796,-47.0153814185398,-72.28670466865742,79.69736602568047,77.7731677620382,-65.99693115434329,81.5342593872339,-37.390559963839216,33.57659685018806,-52.40768327309171,,-38.63114387042363,48.76695657851335,-79.47829189207025,28.92648999803526,-42.641928703182764,,,
20221012,-33.3583159151302,34.69406805426124,28.01738757013116,-27.672711335571112,-74.11037377264583,79.56127973661238,76.19723346704622,-67.77865022319615,80.61503066644943,-41.90124256711984,37.371053260834614,-53.33826388877045,,-39.05219280023452,50.631261200684676,-79.79731398866035,36.90651802664996,-43.7501350987626,,,
20221013,-32.827718839844515,33.45962265302046,27.769854763379527,-10.93300281441043,-75.6775730600138,78.49168747196381,74.01201751729411,-68.43518670401964,79.07236388943664,-45.46405566536728,20.657448196569938,-54.238950207342825,,-39.76467127649476,52.05429437558655,-79.28901815780793,43.20620938243586,-44.86917028641201,,,
20221014,-32.54428300902908,32.54248487656711,27.824025390787284,2.91854169667093,-77.00930078471113,77.46980228053921,72.20963535934564,-69.36446076660864,77.81022960956662,-48.79997620971626,26.87715150619477,-55.07922674028126,,-40.30081913924326,53.23907736017236,-79.09712576559845,48.390302518516975,-45.687874245843936,,,
20221017,-32.19354143120236,31.732055124285104,27.817593812246567,14.08377793724534,-78.09963389056101,76.62668847498037,70.93415214953745,-70.18732562238382,77.57663711681401,-52.23743147310863,32.43284400067261,-55.25111321922585,,-41.24520697804616,53.9577389938639,-78.62491918370135,52.71838092732234,-46.82546236093026,,,
20221018,-32.16558980548893,31.180690310432112,27.89853006680389,23.187279311531977,-80.49712388237081,75.85834275501865,69.89565739147929,-70.66964590903022,77.39872355121308,-55.2724299667675,37.14457909666319,-54.72810575321097,,-41.987861185661885,54.549223364696644,-78.216059861341,56.734485713559856,-47.563082930959645,,,
20221019,-32.14370789888438,30.681273331428336,27.89115132123779,30.785406319769486,-82.4372759404645,75.00461725850523,69.08577056944254,-72.31836954054454,77.34815492370542,-57.62021422318472,40.56243949451809,-54.085937560352676,,-42.37276354951154,55.05257559546809,-77.38605414723354,61.43435003381846,-47.9158268438024,,,
20221020,-31.807255551593833,30.478495183118753,27.878033570363307,36.98351639066579,-83.2832148841844,74.37966110302294,68.43843801457554,-73.72029369284996,77.3635856069154,-59.11000111669414,42.402974174327746,-53.325702410582856,,-42.63005365961468,55.38387146928929,-76.70800253853784,65.18442317807234,-48.0361102664483,,,
20221021,-31.323059596941782,30.336144999423112,28.131141702212478,42.19707703423362,-84.14370706224663,74.43618229283217,67.98354083318046,-74.74568988819195,77.35289600389362,-60.333227490830026,43.989974664770266,-52.57932220540634,,-42.786949465076816,55.32951158213894,-76.26786563729256,68.54210359511363,-48.11103445259751,,,
20221024,-30.98694555439041,30.498752726402607,28.356311400454427,46.723556774055965,-84.90535184373708,74.27916209051068,43.53055171496976,-76.13295086440372,77.46885198822302,-61.44603106307894,45.32146773060498,-51.958581813577005,,-43.29505168815286,55.519621194149074,-75.57216699473575,70.49706681880312,-48.70504536151668,,,
20221025,-30.754891798683243,30.634761287916948,28.55139381311167,25.907029482302274,-87.13085362444492,74.56711231801036,23.572458101237906,-77.0014266332839,49.25566037463989,-62.302778370029564,46.71029493669767,-51.75601946739998,,-43.73912288417849,55.419400063958065,-74.64804618582932,72.05730989910334,-49.253971103152416,,,
20221026,-30.46705275376245,30.823490368691857,18.144078871362034,8.710426178134142,-88.88185425622237,74.17843705999003,7.1918395604498535,-77.6032813124806,26.122931659712588,-63.31647792509429,47.58010286858641,-51.15086449579428,,-44.2119216517822,55.48237588273349,-73.89545153495006,73.14739078309238,-50.00231255960564,,,
20221027,-30.113557533036772,30.967702101473595,20.10764933303631,-5.72669968508536,-90.16387347818811,74.33796151486622,-6.282217464164475,-80.3054100069244,6.98601979888491,-64.20664953848694,48.21348496894009,-32.75332468039124,,-44.59780986832974,55.655235015082546,-74.14865592804206,77.65717507552405,-50.57670876497739,,,
20221028,-29.887106825408562,31.084573258613236,11.187983360575963,-16.5445654054339,-90.55903035028955,77.20857259520795,-17.325288324004667,-83.40072059745077,-8.36734626886186,-64.89780273969247,48.58857579401042,-36.491193068297186,,-44.58782766098552,56.63963107352039,-73.99892243450601,80.70263182509306,-50.98049438737886,,,
20221031,-30.302839602906516,18.877062975616102,3.7332229164277386,-25.339190045327236,-90.86892438500819,79.5817793399551,-25.942743051351517,-84.5120079482607,-20.01265359862858,-66.75748179834714,49.052184657588484,-39.974327893188565,,-45.163164694342974,35.632783599603265,-72.26900874519917,50.649604443312526,-51.96028251157071,,,
20221101,-30.36679743911564,21.987262916436055,-2.2696644201901544,-31.62163232590649,-89.10157949189262,80.53419062097466,-32.295121941632665,-81.84499561789704,-28.536984924371367,-68.86085245787773,48.97941229338239,-22.51447068937403,,-45.19080973695017,40.102249076820804,-71.11596801607035,56.468100285869575,-52.18540535727811,,,
20221102,-30.33902488930201,11.433820695825524,-7.197986506294915,-36.81153555208425,-87.71638380880894,81.2995417613734,-37.43554655344529,-79.44427625182291,-35.45918904058743,-69.77594469039848,48.92611057577417,-8.2031282951984,,-45.442146056236226,43.71382195805688,-70.19039844073599,31.32399566283589,-52.51333249735467,,,
20221103,-30.42713256617642,16.12148194433139,-11.384038068049108,-42.419771677054825,-86.768631806532,81.45828666944672,-42.903081876192616,-77.61856233648558,-42.21195347437088,-70.00713267069239,49.069961572243784,-16.907564259702728,,-46.09888921991821,23.476041633890837,-69.4776557321575,10.42393207325194,-53.10874822652185,,,
20221104,-30.47269305017907,19.94739603945036,-3.885151742978322,-47.30901630742155,-85.73967953695174,82.5212824936739,-47.13060386432199,-75.77030624033432,-21.653341468825364,-70.15601996156009,48.6496067464692,-3.2448569169738484,,-45.72899306082711,30.553516462983964,-67.64144834426838,20.886095118106894,-52.90060342081309,,,
20221107,-31.857429072034837,30.23773409724596,5.775786634056639,-53.36215250146956,-84.91503879450357,83.00794201297514,-53.0899808017848,-74.32212980015807,-32.04497987414263,-70.14513865497605,49.00165792543528,9.124130837201223,,-47.30998703724694,36.568712052333304,-67.62331280310408,29.4449683894056,-54.82368039797174,,,
20221108,-33.17683711787222,38.91469907843326,13.741787698547089,-57.38159412482534,-82.87008194882303,83.81407503845215,-58.694265409834436,-73.13656045194888,-41.20807516284565,-72.62047488099955,50.15894845885309,19.274630119015608,,-48.7454480066986,42.05528592616136,-67.4167869573442,35.63825124898255,-57.021619788337446,,,
20221109,-34.25211677858506,44.14207978650277,20.18828679363975,-60.1513426108935,-81.19399742355542,85.22220936562971,-62.96345892392239,-72.14872425847925,-48.11092693357406,-74.3951479900773,51.156745773027694,27.470098777909172,,-50.02869679106151,22.602343457437676,-67.13564598599956,40.75060077431235,-58.77052389959132,,,
20221110,-35.47209414497284,47.58673249322623,25.29031171718969,-61.79065043295744,-79.74926199534474,87.87455616320763,-67.07391605368365,-71.61237815666108,-54.43487425766629,-75.98762966437079,52.1290817235068,34.15776616124692,,-51.20724307605882,7.109232635515443,-67.12686409989038,44.89173397570471,-60.667515236693575,,,
20221111,-36.08359864848914,50.71758857283782,29.445452286515028,-62.293704339668,-78.50513224339221,87.31013973682394,-69.01646859244065,-69.96423642368264,-31.07073241721699,-73.88867756445586,51.44273276225583,39.73508659300012,,-51.50336704996189,15.86917340975588,-67.1977668046869,48.280114559682175,-60.96274727866304,,,
20221114,-36.672047112261076,53.21964040447451,15.376560387884172,-62.75489465881337,-77.49238784202818,86.82732950175739,-70.97673918341621,-69.44235738097457,-11.699783181374809,-72.24462318540006,50.87871783764947,44.416807059952696,,-51.88067882153659,23.397221865290394,-67.7122334266413,51.047180019656224,-61.361780214556035,,,
20221115,-37.13642839000256,32.157925701401844,4.427402609837388,-62.639293151952195,-76.79705183163519,86.51864858298134,-43.54706865472572,-69.01273697918243,4.183539496446891,-71.02581441192824,50.45001806338823,49.23574151496793,,-52.4276696317758,29.454920407652665,-67.63848352652131,53.38446522814733,-62.08086316447481,,,
20221116,-37.51266973851799,14.608490858251177,-4.741464056003317,-63.173316801764756,-76.23866747329772,86.50815338768822,-21.11980205819784,-68.65314897724485,17.21809452537784,-70.47524444293425,50.533385164225834,28.590247839988837,,-53.43370445783502,34.377075788296594,-67.9760550363489,55.150941997869005,-63.530469629578896,,,
20221117,-38.168804881525496,0.19627125038742202,-12.426501375037862,-63.54012095142161,-76.75382355701296,86.67369297771837,-2.927147450249166,-68.05232534880469,27.629395903114183,-69.4308652161305,51.59673230950138,11.336436582907078,,-54.01940424944608,38.01961031003046,-67.4647390163806,56.657460890473935,-64.39672664921378,,,
20221118,-39.4390953894591,-11.454867821933536,-18.140548140391843,-63.81311594211169,-77.13852067483006,86.69939440260862,11.846890490530404,-67.67563845253353,36.23573735239995,-68.56827093506533,52.47391932581847,-3.403236389388107,,-54.3377022563181,40.965497708328044,-66.99425563507263,57.90291841844613,-64.80813483992644,,,
20221121,-39.669090024863735,-20.331259413889235,-22.68246015420608,-61.68879740220007,-75.50878541778773,86.99994226900245,22.763993807675106,-67.33031468632518,42.36094063038284,-67.33309459166904,53.07284933352126,-16.094385951348677,,-53.63358050253944,42.9920063317017,-66.8570928376016,59.505241015458594,-63.923768809735776,,,
20221122,-39.856160530981604,-27.82007244783117,-26.365624925440635,-59.95140740005629,-72.75997993917817,87.07233421899028,31.84861210240907,-67.23214963748264,47.46093490833143,-66.31830643398511,53.45574748112823,-26.43824505786469,,-53.07161245574231,44.93929538734201,-67.0785987212284,60.80555745087077,-63.142783775554626,,,
20221123,-40.375739422728444,-33.825151461048016,-29.50011605750197,-58.47711124915207,-70.82987508110483,88.09936942693963,39.04321837966108,-67.30946690089391,51.603833366010385,-65.71208123441441,54.28396774199936,-36.7724943848288,,-52.621826589718914,46.58988549935159,-67.04897317190142,61.88508388781165,-62.450956123780344,,,
20221124,-41.027358178413635,-37.916802587365574,-32.01777826017861,-57.18670748317862,-69.42687215560454,89.0093155684471,44.80532055782879,-65.99591766049343,54.95402951461959,-64.27027769832452,55.29583884126213,-44.57220530209821,,-52.25074217069192,47.860556968855825,-67.21220975780533,62.532714710563454,-61.98569145478676,,,
20221125,-41.56563160962026,-41.366844473543374,-33.4708067069455,-56.471594752378365,-68.85172414893671,89.88185170543936,49.50914900108138,-64.97684064713684,57.8177523049249,-63.24779153420277,55.6933956366105,-50.171102255235816,,-52.65035148470449,48.63089352965426,-43.72510793143003,63.55738385244981,-61.86926905238208,,,
20221128,-41.569638699773456,-43.33511188448475,-34.33025025187311,-55.16424472085809,-68.52580349074255,89.34779300988032,54.09068428251493,-63.44792180503806,32.62790242516887,-61.5976028251941,56.29900165812161,-54.58598357136983,,-52.85462491705468,30.54751753572247,-48.89860225385969,66.51431198601762,-61.531033923886376,,,
20221129,-41.97338327621571,-43.67153043375455,-34.233329614338366,-54.516868716120776,-70.28796691017732,90.57849225246348,58.518029010563176,-63.18915373520228,42.20388265103922,-59.84252584912391,57.36246893804001,-59.311681662075856,,-53.303657381109964,34.55397890293449,-53.19367058600484,69.19709967305471,-61.79685232832055,,,
20221130,-42.62917688056108,-44.085798713509,-34.100372790675465,-53.93926377765253,-71.56219617324534,91.61268388316948,62.19778773466194,-63.05712922591867,50.006284916287385,-58.52889884548891,58.31267148767393,-63.35090281905646,,-53.66595088809871,37.769246509533495,-56.30952582058493,72.0759018365746,-62.00747679279496,,,
20221201,-43.16825202333625,-44.45259540706669,-33.98727561641714,-53.35832851082442,-72.49769466468253,93.48136022993235,65.18408463929273,-63.04347153202423,56.40571278513452,-57.62523126486109,58.417291182106226,-65.59257226001901,,-53.9642503362261,40.35983607168079,-58.84753309694072,75.1518874654991,-62.03332698656097,,,
20221202,-43.844123772148286,-44.93728849199441,-34.10955867857978,-52.261640135669715,-73.19608038053713,92.89492175286595,67.96388640472455,-62.83686366859144,61.71434119920803,-56.85526519688559,58.72310632784978,-67.44322731304204,,-56.318372982301426,42.80212470107463,-62.31303532401617,82.70990078027936,-63.3584948166576,,,
20221205,-44.479520971588364,-45.39260752420059,-34.20931392276004,-51.31472966174789,-73.60243983120135,93.42991686966084,70.80237767367012,-39.98166792810388,66.82989722812547,-56.531938187754356,59.1700041150986,-67.32590437780145,,-57.9825394825776,25.529537372617114,-65.77827887973397,84.61086696133914,-64.3047571763186,,,
20221206,-45.130170532395304,-45.747472228441126,-34.264820432597006,-50.4910755407253,-75.13205260040753,93.55957747492707,73.10835632758537,-43.93076781217953,38.52544802854446,-56.26317558601962,37.24090713237505,-67.25759438538951,,-58.83898071012191,11.483257884139459,-68.64701451925339,88.9181149491726,-64.99820938562301,,,
20221207,-45.713574464801454,-45.501169364985024,-33.96431515574651,-49.93423586292935,-76.37873364458684,93.7183576496966,44.918402198962305,-47.0231327264833,14.97336214442624,-55.83128770131463,20.055111375067685,-67.20628564351054,,-59.45886533584385,0.016394520260986808,-70.65049995683786,92.53368292734048,-65.59287356839643,,,
20221208,-46.14498084714636,-45.36720724985525,-33.77738690316741,-49.67771600560598,-77.04973827567986,93.86023283461445,20.354805393889833,-50.0305091920466,-5.147583355820631,-55.30957843372595,26.711379429582273,-67.09094574758358,,-59.3871538166794,-9.728091625775628,-72.3577168764958,94.410646954663,-65.81700734417703,,,
20221209,-47.39188511272161,-45.47945088081131,-33.86337368752641,-49.93513733361806,-48.471799835197494,97.26653077667174,-0.6245475733612568,-52.860776191921694,-23.788656818250015,-55.69836377984009,33.7140616496092,-67.16398027249268,,-60.38183038932526,-18.63940725167452,-72.66093556952744,93.70471822237506,-67.19788972535362,,,
20221212,-48.57541506322033,-45.50990762731492,-33.95179927810018,-50.157738497962,-53.27343536680829,98.92100683630836,-17.76414345810754,-55.10074249466158,-37.87041210294793,-56.073954420996884,15.769422145089694,-65.56779980605516,,-60.9948565334621,-25.779593106062283,-72.62138101778355,93.32308277339247,-67.66299793069314,,,
20221213,-49.33302918528349,-44.550441540004634,-33.89181862570423,-49.85782166575818,-57.22840425831843,98.91658222499605,-31.379848929902757,-56.85020569477936,-48.76889220156961,-56.389885272513894,1.0978967231752141,-62.53526088865633,,-61.07315440052339,-31.6752370111265,-72.45377376022384,93.05949850883673,-67.36959087867902,,,
20221214,-50.02931159241994,-43.70614533252543,-33.807757491116824,-49.61147473423193,-60.27002204069796,98.73158918543909,-42.35382662065795,-58.23854530342293,-57.52506372767349,-56.64839155921878,12.664615436906946,-60.460717869865746,,-61.13975181046728,-36.39715229712462,-72.27739929558749,93.18145308587846,-67.16659037887638,,,
20221215,-50.45294545702577,-42.879094556519476,-33.52134139571698,-49.0476978635485,-62.65766083767139,98.55298990429188,-17.93893248820517,-35.52564034446842,-65.12144836876921,-57.642741599551236,22.215103534179775,-58.76361330727966,,-61.17780859667496,-40.700875526729405,-71.80173002060353,90.96038017086038,-67.15081540908766,,,
20221216,-50.59005460876394,-42.21561293942073,-33.51235062077195,-48.53348594336753,-64.64703671836561,95.64227583098386,-31.616248129594055,-16.98790603576854,-71.42424473256857,-58.45200500594973,6.341016895106093,-57.330052101004696,,-61.474113317476586,-44.709091484807956,-70.06738987104802,89.13459761295542,-67.05228381143577,,,
20221219,-51.023719319062856,-41.81803552283581,-33.532172870066724,-49.854930899718035,-67.23169002799575,63.48634618300666,-44.340585017800585,-2.623876402538469,-78.61119720384016,-59.19660794803757,-6.266498967432363,-56.096553991425544,,-63.722325581383366,-48.43586475708025,-68.07417977520873,85.54289431372459,-68.33278680108695,,,
20221220,-49.51050619269451,-41.47125842911784,-33.39860532786728,-50.904641272503774,-72.9227646625317,66.91808658748573,-54.57099244877371,9.201767043851019,-84.4955248656652,-59.455562727800185,-16.78985265407371,-55.10467004812839,,-65.74926863801193,-51.397312836830565,-66.50946757436134,82.43044357700207,-69.55989742261438,,,
20221221,-48.0664305102242,-41.13196371510101,-33.340049935305316,-51.76776415321287,-77.43776061263821,70.27430933361293,-63.50713085372453,18.841025789575575,-89.38505976171348,-59.44862682282527,-25.12796357897961,-54.24432419732768,,-67.12188313354372,-53.73874430377211,-65.25845993730114,79.9261400973226,-70.81286749619075,,,
20221222,-46.8630272267939,-41.37305726685411,-33.45894619642792,-52.516122629072605,-80.88325801827688,73.18683881357052,-70.97809980988502,27.55899429734338,-92.6774204693221,-60.35055742637572,-31.87813311467128,-53.707699084535236,,-68.23843381173877,-55.700595636421866,-64.04101292608965,76.50363627413809,-71.83537205236297,,,
20221223,-45.83834025579904,-41.588346445268364,-33.79474156317213,-53.16075984772457,-83.34195412744995,75.32544341829298,-75.00594073158877,35.01563174517802,-92.73328695823277,-60.30078424670574,-38.09262744068927,-53.47194882328739,,-69.0787142778487,-57.84324976189352,-63.97920788514842,73.7508028077769,-72.2169208999831,,,
20221226,-45.55293948033705,-42.11837371185417,-33.898921905045384,-55.41236655994386,-85.60092147279857,73.73151235735361,-79.48526493920868,43.37039885702905,-92.619920965741,-60.72483474641226,-18.251193026092523,-53.27907657413543,,-70.49640937018341,-60.82312513178041,-64.03917835049579,71.38828743180743,-73.48488133609902,,,
20221227,-45.45652764801567,-43.558694133169844,-35.19996650181587,-57.0888852814427,-86.84897571997874,72.45958367220707,-82.70059202545548,50.28500439794959,-93.4146592802726,-61.74245414911752,-2.023899545953465,-52.93422347431067,,-72.21874232293305,-63.356261589246884,-63.097235144172195,69.28620816771128,-74.39649026454671,,,
20221228,-45.43181780412866,-44.679967011316364,-36.394171613503055,-58.87311553346569,-88.03996932264137,70.92293351468322,-85.28203259263321,55.82585571377537,-94.12829705771924,-62.5764185261668,11.038299565077466,-52.61614540091202,,-73.58496379765577,-65.44390987044633,-62.52989233253188,67.57694258918862,-75.0633710954453,,,
20221229,-45.38378213898578,-45.52956619023798,-37.31769858288442,-60.396941075817494,-89.07110953013395,69.6866035284799,-86.70929199945323,60.141841080795245,-94.24056734689208,-62.972700032035,22.880740386757306,-52.69462025163215,,-74.66371341250583,-67.26919896572996,-61.99572485863237,66.07731729088763,-75.67243561934191,,,
20221230,-45.336754259909966,-45.98645994825989,-37.87145319248511,-62.93925443217143,-90.46179061326465,69.29567343499139,-86.9723753918891,64.52131812858032,-93.2645845229311,-62.97009972239253,33.1638713673866,-33.46884899885404,,-75.48119406640787,-67.07376777492678,-39.894858614397926,64.81463567785873,-76.12438284568228,,,
20230103,-45.3617660783169,-46.6385997223284,-38.324439000406116,-65.71148841597952,-59.20001289042562,68.86976321293712,-87.12322051360532,68.12523101936662,-92.41058537833875,-40.0817718626533,41.479365458698894,-17.364414546960198,,-45.605547774157536,-67.84733652665517,-21.815003686328566,64.57487967244934,-77.03258906185549,,,
20230104,-44.0475988648069,-46.165352444965556,-37.71909693656865,-68.018371704377,-33.55502941027627,68.54815291259365,-86.53251204452839,70.93661899421345,-91.33773067906415,-21.79227268791333,47.47216603558533,-4.1190863892595395,,-20.04172348099198,-68.53210284973017,-7.1287555157962705,64.3889073119526,-77.22116108814878,,,
20230105,-42.96595995851458,-46.609115127335755,-37.75815487057802,-69.51175643610185,-12.661315034820461,68.24888958869744,-86.34019936066366,73.47098555464257,-90.45320912848666,-6.307561104323934,53.252707764497096,6.722126248699011,,-31.453400400483126,-70.09266613829635,5.20463872596341,64.247085627476,-76.29620042684441,,,
20230106,-42.086362351230065,-46.957243672369515,-37.78580976481421,-71.0148558796249,5.095727595426222,67.83338874090556,-55.11801180562939,73.97176837001712,-89.83822031053424,6.985094517551317,57.523075396409006,15.618081692867849,,-9.874687527090751,-71.44088970021015,15.225352582272095,64.26529622767511,-75.65116119164792,,,
20230109,-41.45992819405938,-47.488689530395206,-37.80275327176856,-72.03060290288226,19.69305714965618,66.06515936189557,-61.41958729620631,75.28285179367808,-90.01873818480055,18.702606484485997,62.17398786143541,22.73965681056508,,-23.825520955022412,-72.0856051456244,23.66126243863854,64.79248624400506,-75.4522128478801,,,
20230110,-41.01983272354276,-47.87463955308715,-37.833381476155154,-72.05633058406892,32.65408027139947,65.00426512639409,-33.775340092033304,76.69321917845492,-91.29187947098723,27.342736896579893,65.67374941366262,29.585001870415685,,-3.515267235836311,-45.22965884577225,30.46403302446877,65.17662278753798,-75.88712509715637,,,
20230111,-40.68753606206067,-49.26668259709916,-38.06020223968557,-73.5708115791384,42.652826761675364,64.22118469738646,-11.310900977256757,78.06600640132672,-56.88740473967593,33.88375364717802,66.40240721337976,37.85651399503228,,-19.690043751147,-23.22879931495369,36.09791042161884,64.64905104639425,-77.227794327186,,,
20230112,-40.01237680928425,-50.05349142284054,-37.66953807899376,-74.30944126810323,51.009389625566335,63.501652559851074,7.184311434147232,79.40059473017362,-28.720360799361643,39.18295311920741,66.38698486597322,44.33076654518768,,-1.3463197209962534,-32.94660196102229,40.62201010754689,64.11255890292645,-49.588696046064065,,,
20230113,-39.53730507341629,-50.70971228052803,-37.56473238003103,-76.50762071512332,58.0885757839737,62.53693106224207,21.676500013506917,80.6562548664722,-7.25693722795597,43.37899866214621,66.35721462475868,49.072390174589465,,13.55931407046277,-41.2168663199715,45.66610970398067,64.39234637918788,-27.115895315024552,,,
20230116,-39.375351638047626,-51.20182439870316,-37.38394188272802,-78.42614727286166,63.984478607355875,62.40680631809792,33.42148345192927,81.67379086302847,10.21926990624,46.820317463023486,66.35438504089845,53.32352372962305,,25.552896651228078,-19.693345352845466,51.38887182526287,64.29299520337794,-8.183574495333925,,,
20230117,-39.78065087625099,-51.57465505805253,-37.30537891852259,-47.88710243595799,69.17077985175524,62.38691162508804,43.86008199207254,84.93561808715761,25.014365313216388,50.3908174634892,67.24971226122139,57.374533698185274,,35.696521292791,-2.194311904268531,57.455589498344494,65.71477792866489,8.017564352874873,,,
20230118,-25.09409098299242,-51.3638534609742,-37.339501573637314,-24.119503865948648,73.46177378655926,61.827416445834345,52.43533821713796,87.18063849089533,36.97938910632826,53.66285795079707,67.65280263742939,60.093419806631324,,41.88477820732577,12.380236679445137,61.054858837496916,67.15681116931673,20.123324726064194,,,
20230119,-13.124985237064617,-50.85296625170171,-37.23920355726355,-4.667491365625469,76.51560975876534,61.43553287692521,59.44914651793381,89.0255133935717,46.736860895644625,56.6695317909133,68.04505041961382,62.091496785333014,,47.188427919981876,24.055090521394472,64.01967891885565,68.25159729552699,30.025158589119467,,,
20230120,-3.4448383271818512,-50.11589843404888,-37.0736138056495,10.925818721030904,79.3312406871595,60.48201853298773,65.21400629059858,92.46930473808631,54.890676112770116,59.104783708451336,68.06840219030406,63.26657717046982,,50.99737719331333,34.13878846092659,67.1888849531523,73.32261691113911,37.26632589170483,,,
20230130,4.341204586715804,-49.30770280367317,-37.0816270192426,23.792785800512487,82.07297828806878,59.83772061944641,72.57605924827537,92.69816328564093,65.11311683562369,62.38784691213098,67.51675345949707,63.17453702725604,,54.03672827335524,42.94548216227955,64.17864550266066,76.446311034582,43.07387312920358,,,
20230131,10.676232133661632,-48.81775587437171,-37.63312231264605,33.87747262448994,83.79329091001559,61.28972667927911,77.2786269127884,90.63918961155306,73.10154955657754,64.95881719506541,66.8044919396945,63.077173011228055,,56.20520186291934,50.10183283992728,61.58523121797018,79.0619962924371,47.521795658349966,,,
20230201,16.03680220247329,-48.285867323258046,-38.05269874926298,43.01051879868824,85.5140971109586,62.467287973897164,82.60409334766737,88.99086838492636,80.05853366029524,67.10083896817218,66.27860068876315,62.18834239674946,,58.03671592364407,56.70386060736156,60.149100319966905,81.56959600323314,51.50592195219423,,,
20230202,6.4862786950698235,-47.52232399746977,-38.166053485926625,50.41889069063995,83.93135870013876,63.46749627085176,86.18119991964636,86.91137962848921,84.36088158859953,68.1012079554201,65.64507616621687,61.9287187953091,,58.30304001324283,60.165052740679656,58.92262533052618,82.6413114901873,53.83994313210125,,,
20230203,-1.3344660448576822,-46.946981037828714,-38.32405470100524,55.93125744093771,82.77611823029503,64.15871057121097,90.2366833299166,85.3233645058536,88.19488928257277,68.65887413275989,65.05324104946949,61.904357142361434,,58.520596047721604,62.87479396232122,57.812999967694374,84.08646342340795,55.7457633627483,,,
20230206,-7.7528465478329,-46.496154822787986,-38.34548876137992,60.554692012797474,81.79992625152047,64.94263044296248,94.53879045898947,84.02105355274243,93.16425324835599,69.74696065908518,64.44773409334852,62.08439102593546,,58.76651531259141,67.75045437083993,56.96362988465369,84.87424287963422,57.32075718309069,,,
20230207,-12.740040441560845,-45.831022678761634,-38.09639062313339,64.21935788319466,83.57165504683633,65.75464932881101,98.0258757456873,83.19642906748915,97.27212544331897,70.66455250860203,64.01196012231073,60.95894477427387,,58.96489004203228,71.80879920615088,56.19700759391635,84.78811742460559,58.571540331615196,,,
20230208,-3.031640843692135,-46.168095102449186,-39.43894839198379,68.92090833078221,84.99080566574533,66.28184077424932,103.00051385101342,82.95554847465195,101.92855870982007,72.13107427741129,64.04322586931094,60.210369268440516,,59.39421895515391,75.34779936558498,55.57015263001194,84.60589149917718,59.86401060446686,,,
20230209,4.857315265498006,-47.03070563921455,-40.735176689881094,72.7022998735764,86.20226021327508,66.7923879052693,107.48819090425211,82.70051998511727,106.67079538672114,73.29373583876423,64.43942124416752,59.43970428113156,,60.7571507977767,78.2750930081273,55.10028700629865,84.04283713777555,61.84301643637067,,,
20230210,11.31182150362812,-47.70405552019941,-41.618062249884616,74.1096690803352,87.24190108679272,67.16751255299599,110.06808309804791,84.96508528855314,109.70794849497882,74.20203301880309,65.25762713193278,58.89104681244288,,60.72532513989902,79.42866440802139,54.86930200101495,83.62650308465155,62.36972555415578,,,
20230213,16.596472341448408,-48.22865534215843,-42.50977379574091,75.3092089173821,88.09259076528508,70.39968696766299,112.3107844049485,86.54965697269009,67.09850189952107,74.9650447818957,66.0184083396363,58.33583768270192,,60.78066536972585,80.0422686715283,54.6787885957937,83.58605392902949,62.989046911370004,,,
20230214,20.917451381003733,-48.589746884969145,-43.301807408006496,77.00605626706417,88.74895827326279,73.11509695069039,114.20664532165935,87.11475946803512,77.62777666421937,76.85737726508596,66.91184807047956,57.823765513579005,,60.82145509702416,80.81365986723905,54.56279337063317,83.28953720048139,63.518784507053745,,,
20230215,24.468343630761854,-48.83865594590104,-43.748679575255004,78.833331170699,90.18561395110993,75.068375584669,116.46121502469116,87.64713316849516,40.76828218476579,79.66962740917747,70.05814187781687,56.94494218914696,,60.8500390362329,81.49297014379052,54.687021652945674,83.82306517356466,63.95924971399466,,,
20230216,27.65068344398973,-49.04228649914055,-26.390288835875122,80.58635419365056,91.52679187027199,76.33267576984085,118.76054183234207,87.89895641842635,10.406775079971018,82.19340041629172,73.6969700303381,56.20362035970103,,61.63208556070415,81.93705938909729,54.767959526376906,84.51058279028847,65.19404617118437,,,
20230217,30.24874755018225,-49.025338143447556,-30.321426356304,80.51728402437499,92.61778189366136,78.01720919106444,124.35049192726515,88.42181737706208,36.01739647434955,84.46158461063294,76.63171956031098,55.8246993310012,,62.568683374951476,82.80061980523102,54.92004427509763,86.06237495446406,66.69691417104107,,,
20230220,32.34665832766346,-48.896539994036395,-15.827100513751681,80.30220213649554,93.2733449704026,79.3604411105621,128.47042375440276,88.4763701183282,57.09539719291435,85.74681055737224,78.16090921278787,55.50610487432896,,63.46190937540905,83.69934424296812,54.98461419599136,87.32082084076104,67.92369799331294,,,
20230221,34.05719983666915,-48.68763388108078,-3.8619639118227593,80.03011712070617,97.46499865316832,80.33663807503744,130.68548031162493,87.98909357285794,73.34819152341278,86.07430848074014,79.01145171615612,55.22046558746508,,63.52009893704224,85.38989679802587,54.88367702622173,85.39272713181856,68.32621045729027,,,
20230222,36.81147129511436,-49.029149905642676,-12.686712239958283,81.50076188483102,102.01181885905143,82.74255834390532,132.98652841535537,87.99815841395566,87.45292120141507,86.92503711249698,80.87743510359134,55.33131507213565,,65.54904639348477,86.78450374225213,55.71564851427548,83.96353707098837,70.1957352360472,,,
20230223,39.268482782746034,-49.440601882553935,-19.85438929164515,82.75127842651992,105.71876050869616,52.36352164405745,135.03351949317658,88.29219672089194,99.39885351234801,87.34764421429766,82.47993089220262,35.05587747914891,,67.18080432176868,87.72162094869365,56.53058299601401,82.8994173291527,71.73573120646681,,,
20230224,41.62371803863469,-49.58047304015171,-7.242415237578696,83.82323188226243,109.35773974364616,24.276180071439207,138.06081150204406,88.68966607392622,112.4450312868852,88.49538208879224,85.48436860983726,39.61082859389997,,69.30904300225036,89.50451521110591,57.36980331781228,82.08394682652987,74.66027756675659,,,
20230227,43.96599670410572,-49.91292339293274,-14.899199430328368,84.5861091087357,66.79513220353229,1.3036496413152188,139.80190531396016,89.89699217848138,61.07373492061848,89.58691053803132,89.18485647988109,45.83799362966053,,70.59823205377657,90.96766406541475,65.9305351509366,81.57216409941896,77.11270391001933,,,
20230228,46.01371677704979,-50.51060620899738,-3.3377837640629435,86.26568558562573,31.601039313532787,-18.28442012837182,143.12093662410885,94.93422496321219,80.80174774402961,92.13687289358845,92.90438301254778,50.84776427628305,,71.3746437668348,91.93692558480474,74.04945953824044,80.89943270586035,79.0279894560062,,,
20230301,47.59419990277449,-51.07846826038099,6.16310580015319,87.24055633785618,47.71482060505143,-34.60720179500119,144.36935453491137,99.25867007780938,36.56228348594551,94.3897768292079,95.74678221018566,53.562148389238445,,71.17857558654984,92.69736828764422,80.40059379394677,80.19342520102319,79.9267069400779,,,
20230302,53.18780862868323,-52.44321694154302,14.327789929330653,86.12505370873802,75.9388673721011,-48.74902737030134,147.74265508021867,106.41084630623615,-3.5142391488920115,98.0566811416032,99.2326184562361,55.869843509941695,,72.90693195638318,95.7225837261358,88.13234885397054,79.93836052416692,82.62179846550123,,,
20230303,57.6330921826251,-32.386095565625595,21.04867725368415,85.13105946518867,100.37374422344595,-61.434104220852056,151.12856256617815,111.81844607918093,32.48685250452571,103.97819989541586,102.3951616907051,57.67168731214449,,74.25931381634535,98.30834257861902,95.18622238601861,79.76789802111007,84.85300450802549,,,
20230306,62.65749677844023,-15.127997442711115,27.248686130672034,84.313273280619,49.21373752728111,-70.76357781235929,154.85102954023938,115.85537170561393,-9.723634223570231,106.36107299278537,107.34057201468228,59.236782254091736,,75.36397248326202,100.44445705662741,98.19201014346521,79.21135446602453,86.86941811736831,,,
20230307,68.79722690254007,-0.8075084117241049,32.565919576857844,83.78673531723783,73.02800587166352,-78.63057395214959,158.8753656933353,118.8676121192085,-44.033276982255614,108.09552181360063,111.47992453401399,61.41945795568238,,76.27957671812833,101.98346537536845,103.24478758194043,79.05911800571272,88.59773392878392,,,
20230308,73.89850453143725,10.04865689046084,36.75348231742845,83.53748067828094,29.7079300275296,-85.24221578751693,161.58581450667336,121.35167181976682,-70.7053215460432,108.19954368959509,114.85352668340107,63.41544792205787,,77.22803397766398,102.46293774847155,107.75910508798869,78.94091131282947,90.24569130703583,,,
20230309,79.96732747894586,19.05725734643695,40.58193904885092,83.64571063483064,-4.8883055816624585,-88.39934075382531,163.772828962015,119.74821548946994,-92.58548201162857,108.10675049098789,117.42447379526186,64.39962283987558,,77.7588884040422,102.90751555204655,110.72951520304707,78.97201296344244,91.32393597010574,,,
20230310,81.38393377163045,25.826943854558767,42.65373648178784,85.4805056971898,-30.28385215369799,-90.10946763124218,100.22779525474321,118.23651044035228,-110.85457282392449,107.09524765284918,117.54091337363775,65.21129240489292,,81.02944314383495,104.44868169488103,112.80878483061541,79.23238517196987,95.41827871402079,,,
20230313,82.38742408189594,31.36798540721548,44.02246498809916,87.21385551797869,-51.10748990783165,-91.08603209028638,48.93817157555545,116.7991569790848,-125.09947796073084,106.0967973309563,115.96659694833598,65.87968723310219,,83.31533110490484,106.03384940528885,111.59261605044018,79.16602735453809,98.88991505980863,,,
20230314,79.3269523864897,35.02854944868425,44.39211383531532,87.67804995818027,-68.66505011343982,-92.0750411812655,8.855712076295179,116.15950422359026,-135.13429628707527,105.50588503876509,112.08296573816712,64.99256816538504,,81.71150966025576,107.432817935833,110.24422712319759,79.37684497427261,97.82871656790894,,,
20230315,76.70183816645988,38.00096023061903,44.70081726721844,86.20790432537481,-83.06377814049229,-94.32951124854932,-23.38683907466825,114.59044120570553,-142.43507602312806,103.81197444415419,108.89203236801171,64.51065143863218,,80.40879164022724,108.19571609502263,109.14453864623034,80.18839460702003,96.96932224631824,,,
20230316,72.54636615491049,39.60409691905239,28.755093703242,83.3217065372291,-87.75444768830869,-93.25498071762809,-44.26420795751614,111.7466436289675,-145.00660700282512,98.69376932824133,74.18323218077694,63.55229019617962,,78.90520278607137,104.45193077110883,102.04424221270615,80.59999907022141,95.40761821965611,,,
20230317,69.1602497898804,40.86955730624346,15.599885460409459,81.61727325050055,-90.68330985078968,-92.33539072185158,-60.13913897515931,109.2259197763435,-147.32790912153587,94.53556547860099,45.9207484354735,62.85804571172746,,76.4466486971551,100.63629165190233,96.21369441453099,80.73659890107432,93.71618884148023,,,
20230320,66.20955966351414,25.51902420412409,4.79877847725356,79.96764710466225,-93.5664186093015,-91.41173549294085,-74.18817115545701,107.77803657531832,-149.5672322242333,91.47649057805685,53.02576292444539,62.297498278895986,,73.79799450209555,97.46552989206523,91.40288515276276,81.17208126803123,91.73918229618617,,,
20230321,63.60002444845345,13.256432669823287,-3.89864811733447,78.64316024333363,-95.66242827938746,-90.64524217646192,-86.79564028487027,107.84619410278009,-153.3352043870608,89.6549601396614,59.043400631043156,62.02564349692971,,72.07706890309093,95.3416220885661,87.622371432209,85.70427895513942,91.29163053788608,,,
20230322,61.576032528375485,18.236202795718203,-10.870777609356507,77.51220575822637,-97.34136092572604,-89.45534343091636,-96.76405848985813,107.72083366953424,-155.9340009458154,87.70362072350348,63.91292118748147,61.3621457538256,,70.6657159024926,93.3884815619786,84.51010510230192,88.51644279513299,90.8831969770681,,,
20230323,40.8430365932052,7.470116868985074,-16.710966897549806,76.58887085695376,-98.9572683290351,-88.95059110047508,-104.37443559544374,106.96304191269576,-158.18198629743236,86.37220517252979,36.702019498798826,61.56553735262954,,69.52745280452172,92.90342017160008,81.26002408558226,90.97400304022561,58.491403781209605,,,
20230324,42.816594585868195,-1.770334308317288,-22.017390696268034,75.9524612495045,-100.11760538041308,-85.8978200141172,-109.82083963360319,105.38695416571997,-158.35531804285327,85.68164788583864,14.457320354642338,61.248088376631614,,67.4095397044321,92.694515165703,78.99973326342408,88.37589002636923,63.087438110552746,,,
20230327,44.44103226475719,6.433744865928428,-9.645152019560747,75.39842061412955,-99.83706344656889,-83.20072839591124,-114.75744671191268,104.23058049496339,-159.3743143356128,84.75116636807255,27.22048714963307,60.997774931131,,66.04548994886994,92.58201914604315,77.19725571214276,85.98869408946041,67.6263627414993,,,
20230328,45.22097673554758,12.884776196727026,-16.268958599872896,73.81653848018513,-99.39979972831664,-81.2077239153262,-118.76687402970062,102.91572361500988,-159.49751690868118,83.45248587541255,37.447183132606156,60.75445421875964,,65.00175379047144,92.48142252346373,75.4083611457373,83.96124052316154,71.38569689945112,,,
20230329,45.89565576452693,18.22092985521907,-21.70339705791622,72.64772587237232,-99.58858747498394,-79.59186723671927,-123.683050351272,101.83656428814969,-160.89091267189895,82.3809308447738,45.89028976490043,61.754478130481104,,64.39669078347184,92.47534058570504,73.9047328857833,81.67903215060852,74.96676208933992,,,
20230330,46.55193196190707,22.595793732938994,-9.3783808775153,72.85968558650134,-99.92693728563353,-78.28659655581403,-127.69653090207566,100.95506181653423,-161.7884431119551,81.2662772839121,52.79382259559494,62.573192584253874,,63.884507892295616,92.41475500115116,72.6851414265272,79.75402513059811,77.90658238232545,,,
20230331,47.51650427727541,26.277163246980873,0.6519596661991204,73.69491288739718,-100.12414999725874,-76.89367332509711,-80.47489985158538,100.43988707989324,-159.9418672279912,79.91151283298639,58.40189257376524,63.37794016130756,,63.305880263991,91.71312595200834,70.93165204044358,78.25033213924569,80.18455752181703,,,
20230403,46.26584818705207,27.571090042832996,7.80533620900688,71.1549446492021,-100.876831360351,-73.995404820125,-89.85716915257645,100.00606486211555,-158.13906794583139,78.83927581149273,62.39132352704069,62.54591235602659,,62.7567667536618,59.446581547564946,69.8466022863753,77.20114764750298,81.93448733955391,,,
20230404,44.94612631105097,28.608468675979857,13.655019508060112,69.07668271512414,-101.28007083290488,-71.4952275767162,-97.32207219053767,99.96674347662183,-156.57535073144234,77.98874891394944,65.57271450493816,61.774324058226355,,62.188599618712104,32.87441770274403,68.79483938258177,76.37788163881439,82.97212360524655,,,
20230406,43.826503927358054,29.647850853110096,18.56827890631942,67.35251031139248,-101.70628012728255,-69.31365061703968,-101.85471759666339,99.85709111383544,-153.93639389635754,76.65403748156477,67.93424226084112,61.126275401049206,,61.337356555782875,11.97728267324378,67.80551104594875,75.60221232410616,82.42142722860159,,,
20230407,42.86754733608831,30.492400368514545,22.54109644553502,65.9400199589587,-102.2100615544744,-67.46607150370428,-105.38655623090654,100.63137104766761,-151.72553915907037,75.60004706517597,69.93050893470595,61.007541358158164,,60.69561208965059,-5.12626490643988,67.06239389329097,74.79216163468058,81.62021622522983,,,
20230410,42.22903372041368,31.33750902330467,26.360705240601575,64.81844806103923,-103.54510487215494,-66.12770572278625,-108.3340176352283,63.80842431899402,-150.1462508604223,74.70066985348433,72.27172110003993,60.79706690882891,,60.17078010989838,-19.139053719081737,66.4529127177543,73.33431745684356,52.47720743535864,,,
20230411,41.724669652358905,32.04277803567224,29.609882939772575,63.86072388689479,-104.4354235400758,-65.04600875365136,-110.87133113184433,32.542873292875356,-148.92185527278056,73.99421683613595,75.17986096983329,60.44607545707792,,59.38231229565693,-30.66828691855857,66.61636964464738,72.05381473990572,56.18571069442368,,,
20230412,41.929086725371555,33.118561518965095,33.414118679898586,63.22925458221162,-105.14688440307218,-64.15648903106593,-68.4806425425631,7.084883380861792,-148.63978507207156,73.53196165405946,79.62736066842578,61.75985928431981,,59.67706889858812,-40.108685008870275,66.79686733542722,71.13783396842182,60.714917849669725,,,
20230413,42.230992556739324,34.067630216902245,36.75352052587028,63.506096328371996,-105.6590216944669,-63.28836498270353,-77.85453387837995,-14.02764981663396,-149.16179507100708,73.69995980750681,47.70568752351872,62.71951372592242,,59.85518100189171,-47.866049157433665,66.88792635763055,70.54394031019378,34.921557336351285,,,
20230414,44.55663516878782,35.9517911585188,41.66174637540437,66.55605424884055,-116.00077195349876,-63.25774990067987,-89.83418863718627,-33.88603031178316,-154.0671422190814,42.555243111939866,13.094004138101575,66.03201701692043,,60.535657548531645,-57.419564099414345,70.32291744691618,45.414305988338604,12.831990628338582,,,
20230417,46.57726990367008,37.48629390892952,45.69482251093019,69.03182889968174,-118.32480889678754,-62.77574184177754,-99.19874380342904,-49.42673063757288,-157.39849911842586,17.436657038586556,-15.495914517898552,68.83984783842442,,36.93872215615536,-65.23665561985109,71.24563642875044,24.8117405579978,-5.081914557182044,,,
20230418,48.986822218092605,39.94566268106186,49.32061622323883,71.38187836179485,-120.28214095326595,-62.51698614100706,-107.25946105809491,-60.70916715866127,-162.0833727030714,31.648183652244292,-37.46143757192434,71.26094253271621,,43.25084196258764,-71.72823043847411,72.34108646072531,7.944140075758748,-19.72969209155551,,,
20230419,50.68121470937979,41.81241061558769,52.21654356577857,73.19470195868564,-121.73230364407134,-62.921985547064516,-114.00919131376892,-69.89413144503995,-164.89978892448102,8.453997456846444,-55.01041082931389,72.78409321211781,,22.713679945749426,-77.36786034191431,73.23617597790128,-5.504100886554185,-30.408256076150007,,,
20230420,51.20666389434986,42.88904004675878,32.42153664905638,45.59297392619948,-122.79248467492002,-63.04850967856747,-119.5620601927311,-77.45371781400246,-166.83484628540296,23.81798394120133,-68.89469851316247,74.23004558410345,,6.461259761902843,-81.63966314302166,72.02899798191247,-14.953884292241474,-38.92206500769137,,,
20230421,51.23614950962689,43.37612217251372,16.606351029710584,25.615934459105716,-121.58923151195313,-62.60709098159341,-125.67731505185344,-85.75161851873239,-168.8948086190621,36.39326618465704,-79.42174939798485,75.25567283440755,,-6.701740327906159,-85.08163652580126,70.2442534846791,-22.66890666186631,-45.86172361152279,,,
20230424,51.265228604843266,43.76461534230794,3.6564444260478135,9.281862240954807,-119.36560135895797,-63.30565207853316,-128.9566536757939,-91.89491074032223,-169.16087254422925,15.333876354918644,-87.13631430040382,46.60395390091659,,-19.476879573964904,-85.68989237710329,68.65382840193419,-29.640785949386146,-52.06641789157059,,,
20230425,50.6777881781871,43.93199357156141,-6.125924890142837,-4.105605598668484,-115.15815512586452,-64.04088681961436,-130.87542300914356,-97.54411099411885,-168.4808103412687,-2.102689410484964,-94.20179750364206,51.569705898790836,,-29.93496459936921,-86.14303807942977,67.35254741577452,-35.9145348211599,-57.371991275170906,,,
20230426,49.98819894068686,43.95562084164716,-13.987771036055781,-15.63521775714488,-111.7971708366075,-64.6252056265546,-132.72239673864766,-102.98121163018344,-168.01965948856034,-17.009912596664243,-100.12064184983196,54.951978430362026,,-38.577351114536974,-86.30654507996064,65.93967917117965,-40.637010219474796,-61.83699345470646,,,
20230427,48.53133542579484,42.90664401896011,-19.51335454104914,-24.208602366029574,-107.38970557125212,-64.95501521040306,-129.97954074712263,-107.23280902306844,-164.30316179685298,-28.571726174577197,-104.18114350774258,34.06286034767108,,-45.97249114444615,-85.16304658341993,63.65293662708246,-44.710182002314646,-65.5316506332204,,,
20230428,47.337086929302295,42.03685379617009,-23.920744440387626,-31.129118274884814,-103.79258514533099,-65.25518698642911,-127.74407897527391,-110.24432437314506,-161.25052368857789,-38.415520864175264,-107.39163160388533,17.05728954889728,,-52.43565861733813,-84.31819116312211,61.513124481759384,-47.990567278696,-68.61498451264009,,,
20230504,45.52545805441549,40.425265712768145,-26.452974510696226,-35.261569274140015,-100.82726872512045,-65.62505404460896,-126.31961719442766,-112.88671670224072,-158.85479042532452,-16.17770132080757,-106.44912430951517,4.31569622471895,,-54.02150728818642,-83.96526068345379,59.38619092659009,-50.56765688716545,-69.52421807005575,,,
20230505,44.92654630924055,40.940554722928916,-29.54306928585698,-40.918062117289054,-98.41221614491069,-68.01347354179497,-125.25137232569882,-114.38315514417738,-157.34427769491043,2.4144692902680824,-108.84603607196304,-7.009557193307687,,-55.523513198728466,-83.89732268288635,57.62097760197074,-52.68741671792388,-70.19144548689542,,,
20230508,43.52885397464051,40.992078018464014,-31.961944813259013,-44.24299501198402,-94.5338612731868,-70.2998017848012,-80.66106281000253,-114.33730446793572,-155.60992588706588,16.114991146200925,-106.96717090007114,4.894364098353756,,-56.62152118639993,-82.26463931265727,56.10580562585978,-53.857760955569475,-70.54504943371484,,,
20230509,42.407180247780154,41.02409580880174,-33.902096421263614,-46.975245620687886,-91.64135135240778,-72.68940621997939,-88.42008866698204,-114.23308946604328,-154.96184007027136,29.00087920737911,-105.26595213612016,-6.650552217070761,,-57.65424928929561,-81.26403324786857,54.345877810598935,-53.99477383287955,-70.99746368762365,,,
20230510,41.550823879105806,41.114800807993554,-35.71048138422773,-49.21977773787312,-89.1926230941411,-75.24938271835744,-95.26264141252692,-115.15495142956084,-154.7437808012773,39.53612425863048,-103.73121671134103,-16.031680916501873,,-58.491014183299356,-80.32590199183136,52.88512128395946,-54.43889973863295,-71.64605273478584,,,
20230511,40.87525198928082,41.175173059085644,-37.231850144990425,-51.07666462553608,-87.20322062709354,-76.81570039931498,-100.40278051082582,-116.09329974841728,-154.6777405717626,48.659372313983106,-101.93036383925774,-23.828845261896337,,-59.103163976019346,-79.7949189120276,51.69558685506121,-54.74297008674717,-72.14059662614142,,,
20230512,40.25259556415231,40.98147313286036,-38.363787526724806,-52.57366421443616,-85.1830176715579,-76.48678891401603,-104.5488881521406,-116.87651457078853,-153.5459768518185,54.296582860923316,-99.49066432917702,-29.290179869729315,,-60.0282170658637,-79.44508426137821,50.750206287212215,-54.843174273885595,-73.86060792854549,,,
20230515,39.88889606532474,40.895079057274216,-39.36931419730802,-53.821412673281145,-82.59423052592732,-76.21993746078904,-108.34625306470214,-116.79544933369222,-152.70989838505233,58.70305725819824,-98.06261572851976,-34.194157805538836,,-60.94480188148621,-78.81782496753227,49.16846336851119,-54.94983463295704,-75.098483774484,,,
20230516,39.507731371860416,40.78247362377329,-39.896043072642,-54.981112702308174,-80.359681094795,-76.39048527688699,-111.78311604753509,-117.28889538503874,-151.96538389958798,62.19416643576454,-96.93357936420034,-38.80753548431313,,-61.66537900663658,-78.17997790413705,47.877124490950855,-54.98701933590711,-76.1693872966288,,,
20230517,39.19481351521573,40.69038750056374,-40.30921702326635,-55.44630303346615,-78.58269406634598,-76.53213661010547,-114.56085276344363,-117.53730173267975,-151.8191076431593,65.0377441448266,-95.69583723704076,-42.45420870817461,,-62.59631362252856,-77.35928361613014,46.92387135510455,-55.60712196055459,-78.1315212342214,,,
20230518,38.19583771413903,40.19755001355922,-39.56225416872798,-35.886739938765274,-77.82972133031858,-77.31289309266788,-118.8596743336567,-117.99328022673626,-154.32488934707683,67.16467113539889,-94.54821473758317,-45.30007749921453,,-62.73361559469301,-77.02021697761482,30.101062045733137,-56.47598848177871,-79.97503149641062,,,
20230519,37.37720899508533,39.718635012700446,-38.963883176589874,-19.804280055703128,-77.21695785984737,-78.01053950880902,-122.36974458468599,-117.87872760885008,-154.5069180710832,68.86677769424641,-93.48263489399321,-47.10802555781914,,-62.66992418259558,-75.51092875811337,16.483811611118124,-56.7023110753321,-80.25851072731454,,,
20230522,36.429542944945965,39.16583936495392,-38.3073877641351,-7.32747505796696,-76.7300255516514,-77.79834621259879,-124.17440293170066,-116.91577816566078,-152.35611845321003,68.92183287611918,-92.38069823299176,-48.495487278213496,,-62.119988456748985,-73.01110278348469,6.3560399173572755,-54.35740822303932,-79.93764538287665,,,
20230523,35.70364191978301,38.67104715177697,-37.97945090065357,2.606907166182683,-75.84395438238995,-76.13751457261642,-125.46535295915287,-115.94864633531827,-150.617223733177,43.290146595392166,-90.79726896251175,-49.62287266028333,,-61.3892180559984,-71.41999781582884,-2.794607976812708,-52.33869129057923,-79.14690735302223,,,
20230524,35.13952215513289,38.1951968198041,-37.662984349124606,11.423258948925492,-75.13647271706016,-75.7922151511157,-125.63832383203426,-115.09060763697849,-146.49068797194516,22.336552871046802,-89.10681022830487,-31.42872113983542,,-60.71716955987044,-69.98343907488278,-10.271663805653137,-50.75629720001503,-78.5504535063203,,,
20230525,34.650093458368076,37.780541554657326,-37.402196300195044,18.434374785042415,-74.88525605490918,-74.91111978934259,-126.20003001885857,-113.80302317717948,-143.11679203862388,3.9654334839741705,-87.32614775429674,-16.591931610252708,,-60.08338676947115,-68.64521223426716,-16.577475879583425,-49.673402555222324,-77.81431268014423,,,
20230526,34.39209384487594,37.57431634743842,-37.461204298752655,24.302898535126236,-75.81598110985503,-74.1332277572772,-128.29548214356413,-111.82058701490558,-141.56178588494123,-11.087421887613758,-84.748906899414,-4.110262109408637,,-59.59602092063506,-66.90284295459054,-21.841438301998767,-48.20992673793566,-77.26613674466071,,,
20230529,22.11885799860346,37.34574085040153,-37.55396076272555,29.031458819902518,-76.54991372780667,-73.65421548689612,-127.64341783302802,-110.24649413378249,-138.49664004632632,-23.344656315739744,-82.47621503303927,5.991935782279113,,-58.97244841861617,-65.42814448998197,-26.170088601712205,-46.05325692682772,-76.71215559400648,,,
20230530,11.773374102713506,37.95668016881708,-38.1379164731769,33.30977889417198,-78.52433177331602,-73.46278041839182,-130.53335784596436,-108.93745236118716,-137.13587767652635,-33.8858990852111,-80.73370497004663,-5.184459785773311,,-58.552545502238175,-64.4066369392484,-29.744335812005755,-43.986645091681325,-76.30890809789929,,,
20230531,3.5185037162892066,37.85532519017853,-38.4333342073142,17.87058969927635,-80.03965663886798,-73.40657269944717,-131.98061825589966,-108.19893637053244,-134.77048894229637,-42.02629636959942,-79.35581419483816,-11.99798629461736,,-58.122172294333886,-63.58336035589268,-33.23318349268388,-42.21656350753683,-75.44430339076492,,,
20230601,-3.719049443802033,39.12653717486978,-40.09208949488991,3.8577062507160647,-81.28929580604918,-73.22975914317237,-129.95705749850526,-105.69144311078851,-130.47137609387892,-48.70194750399997,-79.52534388954432,-17.750376497694354,,-59.61714960921108,-62.39523266002948,-35.56138063689353,-40.603751222300346,-74.99174767019062,,,
20230602,-9.973736267163494,39.95765844756948,-41.380978015912426,13.76693848301946,-82.01385150694298,-73.3241343794469,-84.46014931378234,-103.39230777913478,-126.84360415163941,-53.8880070098771,-79.34316663748365,-22.43630786800879,,-60.82253586338256,-61.07537180072561,-35.48833334861624,-38.928615453224616,-74.62253312356184,,,
20230605,-0.2196090566461804,41.087973756176,-42.72988007962707,-0.17353703591213085,-85.7555430327771,-73.25843622255536,-47.804446072394896,-100.17858611528511,-124.13818328763756,-59.92019015928341,-81.0015935196988,-26.33629200077173,,-62.19590607955873,-60.605849639614966,-35.421386398474,-37.649772683005374,-74.73713718561119,,,
20230606,7.668808545796736,41.99658908785947,-43.785068551713074,-11.595185785870722,-88.25358881630336,-73.17903869204153,-17.121568408638968,-97.43945440937064,-122.30471479600673,-64.84546085941493,-82.47529387359475,-29.51253119009211,,-63.186339865753055,-60.40314103667998,-35.4866520932958,-36.74645590478891,-75.53064721072867,,,
20230607,14.14873832044755,42.75763590475128,-44.64105575975045,-20.932690335487738,-88.65622395566245,-72.22625580133929,7.830811289901775,-94.96246473973775,-120.67886682774139,-37.28189312441361,-83.83152249334651,-32.165627865764115,,-64.05198484091954,-60.147043843198986,-35.52980955667616,-36.00493173417362,-76.18325583267703,,,
20230608,19.429185290292008,43.25028464817636,-45.14089662513344,-28.570999008428654,-88.965574696469,-71.86164083858189,28.34901698941493,-93.07274566151096,-118.78208912699475,-14.953731866583492,-84.10946465331743,-34.33451124920847,,-64.58306234362053,-59.509565497667936,-35.45623679714545,-35.44779335162605,-76.42125180340356,,,
20230609,23.80632741316034,44.135410350230494,-45.472837131393945,-34.424309408454064,-89.62118730486377,-71.48037422291179,45.71674095125925,-91.35637524501396,-118.04230712140803,-31.19895893429155,-84.99664488463338,-36.65541430823176,,-66.77861425917753,-59.163850572361554,-35.35044626946101,-34.93728482314958,-77.00789362889233,,,
20230612,27.35321710432034,44.58804562566924,-45.50393683805176,-39.08021982604638,-92.17162317499994,-45.91726120620508,59.20465534732446,-90.21468973186624,-117.21462702540113,-44.56808368889034,-83.72527230454769,-38.5521463003581,,-68.03172626578535,-58.237385070648116,-35.64136377983377,-34.338792052612725,-77.42968856758934,,,
20230613,30.322529722152147,44.968847372504364,-28.736345921957916,-42.89472391785418,-94.29355883480883,-50.237843817452315,69.79315059709468,-89.24886288971703,-116.29466414240513,-55.23275362653422,-82.77514213882176,-40.02312223896857,,-68.62192506522068,-57.05428335636981,-35.62335564375835,-33.32947009455509,-77.51059105907763,,,
20230614,32.477054656039414,44.88686179502148,-15.507809862318625,-24.06440856734562,-58.775072901843906,-53.67012805755411,77.73632801001695,-87.96370983077281,-115.246337856474,-64.41822820315134,-81.52275147575202,-40.94415516610815,,-43.65292494939586,-56.26403700221753,-35.622664664046276,-32.51502859368408,-77.18439963838556,,,
20230615,35.51177319011092,45.111434227646455,-3.191921077113837,-32.24628108828265,-29.801771985246898,-31.37614559157366,84.2477604739387,-87.15429037790223,-114.30789132921124,-33.40888847139313,-80.84998837351091,-41.74739584506276,,-48.61637618757675,-55.51394241854313,-35.59663436732293,-31.8487639829885,-77.2373651684467,,,
20230616,37.50840013071451,45.052442052515936,6.479358989716785,-15.201475485991406,-6.0962936176921705,-12.991695365435605,89.65519691264313,-87.15356913578096,-73.0036784503723,-9.483302679121433,-53.632781295485685,-42.47803330096743,,-52.71336856282039,-55.367607312162065,-35.70678634940599,-31.45960397729741,-77.86733782108969,,,
20230619,40.22196609834946,45.53462731642871,15.065642177892821,0.46981834395178007,-23.261396456780602,2.8131908957049907,95.7957041056914,-88.21432534054294,-82.54384935786784,13.920009488934344,-56.211541811958085,-43.1610555833943,,-56.884790636897435,-56.46997320905961,-35.70844670380938,-32.27130423566144,-79.15848115837107,,,
20230620,42.50521825205017,46.016216500108975,22.124725185623873,14.130275032416554,0.6791187182740419,17.785529586923225,100.82338322011901,-89.08569096167598,-90.64411060279039,33.21042354330213,-58.946435970049734,-43.409607310060224,,-60.53061329170309,-57.34990067380831,-35.72425162833911,-32.92434344784431,-80.3540117701727,,,
20230621,44.40895372135484,46.19943675785925,28.256583917004754,25.464174188193223,-20.718966372758242,30.073485763324687,105.31106758924788,-90.26427737789435,-49.61820846831685,50.29012466560973,-35.549468818073095,-44.181571265615865,,-63.56404712326289,-58.105513731336316,-35.736928965849096,-33.2822881505879,-81.38459633996071,,,
20230626,46.08821802004639,46.24701825955202,33.275251669838376,34.668698823904805,-36.78399355432824,40.42752736794495,107.15088546010413,-90.40939661074917,-61.97520886574403,22.61441062754578,-40.8826931325136,-44.60608993511306,,-65.6110884947253,-59.48344699070898,-35.71690358008744,-33.79244896491852,-81.4975787563555,,,
20230627,48.09029642527871,46.47538254149136,37.52875033407115,42.21406132465618,-50.26541513270206,48.34988278071696,108.617151917574,-90.5996213088132,-71.8148398672744,0.18959191300297118,-45.879452342159475,-45.32258010671978,,-67.31642975502032,-60.40045352550089,-35.71947293388936,-34.32544255374667,-81.56394705310302,,,
20230628,49.79260133018919,46.67016840443655,40.87037981968464,48.4983702379209,-61.34530960773339,54.931714793914736,110.72796888239647,-90.78653473668855,-80.38569187749665,-18.22711849302398,-50.12031893722524,-46.02227694091523,,-68.96964501284569,-61.144803594508616,-35.741224280230654,-35.18404067985634,-81.64898897985418,,,
20230629,50.75331476180969,46.723337905993134,43.36803817767349,53.615967764219235,-70.31249105126005,60.31180482404716,111.9974369896348,-90.98299521300314,-86.90228922056033,-32.462642810979354,-53.288582442240084,-46.538968975006405,,-70.36616218027275,-61.684239005086766,-36.03036245954346,-36.453912701522235,-81.6047298790559,,,
20230630,52.77971976093746,48.460953785298905,46.24968516011372,58.464159278943534,-76.38204655828802,64.74443880210073,114.31939658512464,-91.146965793275,-94.70120335782468,-45.20798390049221,-55.7534518402529,-52.3008280657343,,-71.7465939693089,-62.10574212181202,-36.28253732941463,-37.50486975264029,-82.47573219324816,,,
20230703,54.60407029410707,49.867883700477655,48.59671586849642,61.7850345379715,-81.34990124114563,68.1550281986296,119.2583992622359,-92.4139615593919,-104.0513181679003,-56.38989474463793,-57.435242153015466,-57.993017975383836,,-74.80723518701885,-62.72910964923547,-36.64114212932581,-38.481874626050356,-85.41747047046142,,,
20230704,56.448388322665636,51.3772254472642,50.590339668029856,64.44352624996726,-46.94974014000109,69.86693368224178,123.5750507380096,-94.08366666740977,-111.7489408880323,-65.60925159264376,-58.91858871996406,-62.48069583490458,,-77.43849458010729,-63.44227282345797,-38.661582508572366,-39.82811104311781,-88.17383415815691,,,
20230705,58.2853201671099,52.832510316738805,52.46500309302206,38.890783445507545,-19.17116621206594,71.5483725535331,129.06425091992668,-99.25934851869184,-118.23985905141369,-73.14019089540409,-60.14027837017589,-66.1145368699909,,-79.62858158662132,-64.04521227610526,-40.466541233085074,-41.03882073394513,-90.47082280764161,,,
20230706,60.23337401561901,54.04698149005211,53.963085993612175,18.047842418119235,1.774609872842695,72.7108002675479,133.52505979827498,-103.71815557335349,-69.7572150520553,-40.48788362168281,-61.268908226514895,-69.09242183017895,,-81.90745076047325,-64.46129534438093,-42.11402968956568,-42.15002690989215,-92.60336100616895,,,
20230707,61.82738165334327,55.068579664303485,55.155263510512476,1.1254168741898016,20.75871490826593,75.42275045403623,136.47360341119426,-108.92497867378724,-29.942844386531366,-14.785141180764413,-61.93412610846385,-71.55522678862792,,-82.43289953081823,-65.35023294585552,-43.39170411868658,-43.15898878080793,-93.772490070715,,,
20230710,63.10008271282905,56.24135797350812,56.71425367554208,13.751193757240408,35.680205818211064,77.49680729152645,139.17437692209927,-113.12279043545892,2.9014844831950737,6.949180294152824,-63.339936418420486,-72.85513821413645,,-51.513204773237796,-66.30575091898895,-44.564038392604864,-43.87979587744374,-95.56888004295675,,,
20230711,64.81921931930266,57.78145872576089,58.884681455210625,25.128862110901448,48.12940333367283,81.4740037213388,141.46322077710857,-116.74902591026995,28.843348902009968,25.56815573671023,-64.5519391220679,-73.42966863302615,,-57.594801000464564,-42.3658723229131,-45.30863513464885,-44.021538267074106,-96.83947796304528,,,
20230712,66.65318180231844,59.84932112635456,61.36823624424644,34.96998654443616,59.70490770966053,84.85777997095205,146.72439956556124,-70.90290040663899,49.76667820763473,40.76079347307342,-67.73599022474214,-73.13802684183804,,-30.336075929582254,-19.584521461621843,-45.983091030749684,-45.12798519398981,-99.50479089039352,,,
20230713,68.26023437299703,62.12925813944201,63.207433613267206,43.04427360580652,69.22838675724701,87.65870843229526,151.44148562012143,-33.64965605898142,66.91749661013681,53.0442576139987,-41.25301810856896,-73.61036334941865,,-7.3919264648007905,-1.1413852067435726,-47.21540779794882,-48.20952467780248,-102.25239470500124,,,
20230714,70.99897881472555,65.48648338664401,67.16050484978332,50.074339342862906,77.50775027070173,90.05235034164278,156.03561236607015,-2.5385753782554072,80.10642623760269,61.862632791851304,-19.54204002582658,-74.7532273828769,,12.469588225287861,12.709397533764275,-47.63021170517052,-50.701073758809095,-105.55967354667825,,,
20230717,72.44736563734286,67.87571880692782,40.89947498276768,55.87083374543135,80.04151578497016,88.46525894951174,152.93149081165873,-20.770563038821827,85.86139214321611,67.44605311265953,-2.1129164488231647,-73.94846875036544,,-5.289591840907705,20.78202160766785,-48.04440939346467,-51.99695856658588,-105.42775920138608,,,
20230718,42.759329726939576,71.01675457291249,17.89252455125005,63.40748168124599,82.10166294099243,87.15337399673922,150.51687574485078,-35.39934718915112,90.70250565506467,72.40977298090472,13.506268498167074,-73.54430139094933,,-19.827785848198577,26.724002216142637,-48.20736547719695,-52.86862380377658,-105.32417663711074,,,
20230719,51.38465059041973,73.18696473883415,29.485482556725643,69.61418311873467,83.81621633603967,85.95454464722246,148.8206389946913,-10.894650593401877,94.64713379590363,76.86431041925452,27.977849962137938,-47.113118238029124,,0.8485731662735124,31.460417919410464,-53.21137575815213,-53.20363416859795,-108.1073896757646,,,
20230720,58.42306083077035,74.94216827008165,38.87463518404296,74.70663130936539,85.19182015190728,85.28770836369497,147.2536166081342,-26.811998923715382,97.46138046276782,45.26853620881494,39.771088236388806,-24.66249025658799,,17.953715094677978,16.251632180168812,-55.37345048448784,-52.70380307428144,-111.09914980166903,,,
20230721,64.24580354540856,78.70115031050535,46.30737825246229,78.77606573741234,85.79440926708418,84.46591255907506,145.88185812353274,-4.071390663816911,99.67169352046092,19.632951607607872,49.21648002221991,-6.308937725015303,,31.947986789303844,3.9485298043464496,-57.067585093795415,-53.147130673296026,-113.48423414244722,,,
20230724,68.9887788308776,83.30822852363234,52.12637539141823,84.07428668302042,86.97256296430288,84.67610233192923,147.73677667621263,15.218867164191286,104.02558281334898,-5.0170491348318995,59.46769084335465,10.762915595197466,,43.767858627439146,12.769898936777295,-57.45609107798111,-53.545650042321554,-118.81944588623995,,,
20230725,73.62325470560518,86.01251010960934,56.87577218046627,87.65953052873843,87.94252019434212,84.80181375557696,148.33143633744402,30.63344094428561,107.11422173834842,14.737234291948761,67.5013067355309,24.21422518463934,,53.271256035094794,20.06940083048054,-57.57168918027976,-53.877854834321546,-122.07976489655044,,,
20230726,79.48275631750786,91.02456496373134,61.546491779309484,91.31363999888258,88.69690359744587,84.85521554836542,148.51562624041847,42.695207828353354,109.92453972644037,30.902578302680734,74.20149899060907,35.45653268840512,,61.54164479390411,26.0414903157128,-57.42206180536986,-53.573940725640924,-125.70818975886601,,,
20230727,87.79336860129388,95.72664646494785,66.1648400299986,94.22747502256408,89.38377940701098,84.3011944743217,149.34466205080585,52.76792638525957,112.47201051563333,44.52201851575594,77.89686250028515,44.60161998991716,,68.31657611325673,31.163756781580666,-57.31914716390176,-53.50829328403738,-128.64659012479686,,,
20230728,94.74072893808317,99.5636464842441,69.88933467835004,97.32665264194497,90.92425315458904,83.82251264101924,149.51290515508572,59.129635190597746,112.90879983320767,55.445999665510506,80.29938542423568,48.90178303051097,,71.39010352511465,35.19109304238331,-56.64754525016559,-52.53797815481247,-128.5536418136261,,,
20230731,99.9472732799416,102.76634507548002,72.67011878696205,101.66378049785153,91.96670186690234,83.47462526564212,149.6858824402689,64.47468195875217,113.21753589869812,63.23898110148492,82.29071495378426,52.243585661862944,,73.0983307137153,38.44825729137131,-55.96050812635213,-51.7932518801202,-82.13828620931261,,,
20230801,100.47760137355944,105.39973275743048,75.17429381098252,106.23456026666476,92.43851989275804,84.50175376302224,149.60138740909002,68.4391003616475,113.47531293168646,33.69590646943336,83.74822026591957,54.828242787173885,,74.59533545316383,40.60956598146055,-54.11744762920772,-50.905877862322605,-90.1187410131856,,,
20230802,99.33247379906352,107.50792390105478,77.24110251841005,108.21528517014141,93.13055843510111,85.31646823429116,149.49866082301696,72.12099188320497,113.88033212458775,10.024680846458018,84.94698990840773,56.687693100902656,,75.41961815449046,42.51505632003741,-52.56617600451479,-49.72071001315137,-95.2133846167954,,,
20230803,95.96843224521359,103.20856180095195,78.45582504945341,108.6601413670008,95.47174277204668,83.65884271255324,146.09535615885383,73.2562729545526,112.55113546968326,-6.897889207317615,84.12342842780801,56.096092174725555,,74.3896712864905,44.00504987081465,-51.280317932451794,-47.96508399879236,-96.40371517636653,,,
20230804,92.9376774418746,98.42309477765347,77.73049628698449,109.01658993606226,97.32874311439431,82.441747034013,143.73976497627476,74.22459902320043,111.61216765004345,-21.177173847242745,83.52874842372451,55.5965738342493,,74.31736195042704,45.21391760056398,-50.181318341194164,-46.46501741675718,-98.05943666997273,,,
20230807,90.48555572462818,94.52765388223551,77.0518178714265,110.99033332122842,99.20972266617886,81.631602285209,141.48148536637288,74.84708743929934,110.81854730420864,-32.82345788816009,82.75276963157559,55.161980077612554,,74.12747486004073,46.08136641432853,-49.227452839168215,-44.79790862166231,-99.45818586317358,,,
20230808,86.91589108559084,90.81049914970059,75.80098308269821,69.12608871808861,100.74870593582077,80.9603363964757,139.20601980393988,75.36164110757889,110.18857618547803,-42.57743341992312,82.06024571245722,54.96249529580581,,74.44073352917907,47.2483128076131,-48.45225559475708,-43.70644228336357,-100.9728270210438,,,
20230809,84.00597517233612,87.69676706979703,74.46333085923747,34.48260288223874,101.72203484247984,80.4711377036255,136.98624890366932,75.7311661884252,110.20494709449915,-50.50054982682026,81.49634807152903,55.21602896278386,,74.83009167954619,48.23768632224391,-47.82844343985186,-28.67605452988341,-64.29206809975753,,,
20230810,81.39422883662897,85.02450431168161,73.23042130786757,5.917457474346609,102.67212080252189,80.2117642146933,135.31072109163438,75.68970232233168,110.19502356568954,-56.994709893297006,81.65851457373795,53.88783742203545,,75.13065275762003,49.161652198072666,-47.34146487898952,-16.391229399055796,-34.375127667453555,,,
20230811,79.17589642935741,82.84224856883979,71.5178376180179,27.36315779634634,103.5619666577699,79.99143885016392,134.65346710341078,75.8050865856578,110.93776752527444,-63.399868217601444,81.7396551737529,52.81215401939454,,75.25094243969143,50.484798716842846,-47.06446735143143,-6.529756999932578,-9.939075150023033,,,
20230814,78.28857781778953,81.87220040620564,71.65931039071741,-0.6101141869691977,109.06221942623125,82.84445399001524,136.5505632153139,76.9699223895095,115.40864759523404,-68.59756412442322,80.97398582156063,52.52455224839084,,75.98385455530622,53.383504699756564,-46.80732103718809,1.6644136680332606,-27.42389180428044,,,
20230815,77.3954930158962,81.13625788954603,71.23437612869259,-21.89217718173658,113.72831532614134,85.19325543617036,139.52564022902067,78.56164918801396,119.67250935115119,-73.19969109751185,80.46632107522035,52.18161181098295,,76.57044262489566,57.52399172454253,-46.63810247905321,8.398575495736292,-41.57447218823328,,,
20230816,74.96771325774556,79.55891424578654,70.14357223166017,3.5201001531565286,117.71703930522823,85.61258390211285,141.4775376989346,80.0043847080743,122.80575732154516,-77.05610085606953,80.05835831029283,51.86018443219609,,76.93101603793643,59.51249229021169,-29.6685249195874,14.066346491803486,-53.259495031128516,,,
20230817,72.75093187477663,78.23940882485743,69.32810688529722,20.69766100763388,120.95295972749088,85.94604063956099,141.2026457383223,80.87697245158246,124.74898713286622,-80.21119214960682,79.5891593282454,51.55662311669344,,77.33851044259207,61.11680100501756,-15.383090796548307,18.277867474756835,-62.82019540104152,,,
20230818,70.93740781284231,77.16237623563093,68.67903922882365,34.82826410819022,125.04816976766547,86.44021813180137,137.18892548998684,81.02476084993685,122.72426115746191,-82.55568029828311,79.31696608040393,51.346126771240236,,76.69419727930746,61.971741459776986,-3.736763668145515,21.72550503962702,-33.16892305424965,,,
20230821,68.44686398686486,75.83925833387542,67.60964141470326,46.643881385852815,125.47823847496174,86.77323477152673,134.121516328583,81.59729695560699,121.35120766423431,-50.990490461979554,79.26963480333636,51.25849981908109,,75.54984112541176,62.20876115978265,5.223213212545412,23.36200665619774,-8.955408352488705,,,
20230822,65.90081966498677,74.16692819770067,65.76702133133216,57.14422953480885,126.24762442279906,87.44208644922338,132.0903733503528,82.4082395113221,120.83227684681617,-22.940575021538375,79.075118142889,51.1640772466098,,74.725971167249,62.65595148608621,12.021358479904421,24.70261363265486,-25.9742603714697,,,
20230823,63.57065544070424,72.50510815562869,43.47898961193953,65.68569656662162,125.42083324620461,87.78436372921611,130.7286492992265,83.50554183248359,120.32578754384258,-0.8195542238441316,79.21563812072746,51.09761295952243,,48.27465114779539,63.022000715955386,17.681514420996713,26.19708920628661,-39.829747336511936,,,
20230824,60.84618556886656,70.70773826423665,45.80422673249445,70.9225059525937,124.77498831529962,89.73439357469687,129.5511275141803,84.45022341104573,119.87698829045222,17.144248699324546,79.61711894545591,50.917773357124034,,26.63337911550402,63.33485935318738,22.29205094187121,27.19582819651918,-51.13091248112189,,,
20230825,58.63272697701744,69.10206314122202,47.46547370088409,75.25548058758238,124.13641045594973,91.41594729838252,128.83353622387247,87.74827917475925,121.38601771830065,32.18783761218087,80.32754537888728,51.706389369739234,,36.203553328278325,63.888370937235116,26.35008467909822,28.163447628094783,-61.524888987976006,,,
20230828,56.75972028134041,67.76586471740347,48.55155236965931,43.60704205556574,123.89816775066092,92.84834425096822,126.6397194025215,89.44480366595778,122.48099276807208,8.90942575427519,81.20176254863924,52.106208602620306,,14.969663975976554,64.26080416045193,29.30361659230477,28.57388868453972,-69.7471917667376,,,
20230829,55.49647391929226,66.7477180568998,30.001848784965006,17.20925207573004,124.48922791248498,93.17710439416828,124.49845420451236,90.18138010030556,123.2980263632867,-10.133251061311686,81.91410069806828,52.166745271130175,,-2.2594267608096423,66.06750819092686,14.724806092216713,28.352928588082587,-76.14980559824589,,,
20230830,54.34801856012563,65.72681908450987,15.06329334361953,-4.409355705711738,124.22530530225455,92.1192790753822,121.9403837944312,89.26232756667855,122.29286680316693,-25.05135207821655,81.77408524495922,52.50804784033663,,-14.868913199361495,66.11620737708425,18.673941652550536,27.839761556715686,-80.00200549886341,,,
20230831,53.68274091983337,66.44115288948734,21.915922729213026,-22.70751034500869,128.96234212139117,95.30375980130252,121.45697354152627,89.9575567862998,123.78487609571063,-40.22606580117422,82.62142413013174,55.74898434552655,,-26.952681967228074,66.27540968854817,21.795966437755933,27.577161697934837,-85.85801726100662,,,
20230901,52.98506909151989,67.71280954491313,28.10901884697092,-38.330124406750265,117.5575845796685,92.98944383957028,120.6482899862952,88.99536231589136,124.05066198966871,-16.474886965621877,81.51354946416771,58.173777557597965,,-36.78144865549537,66.34313050137831,24.33095911607335,26.927670712141087,-90.64825082542703,,,
20230904,52.427958431200715,68.54485646894717,12.841097800038982,-51.55830455023554,108.1879310116245,91.03073966292662,120.07639762027982,87.53396153375061,124.0556274133968,3.045981634540817,80.77072789986867,60.07913103050249,,-44.33189137343711,66.25727463731783,26.097544903674606,26.085914298788776,-93.26048474333693,,,
20230905,52.36144052272118,69.68137793892156,0.0409219121166832,-23.248500214801325,100.54295053803689,89.43403214438007,120.07562774994865,86.34133682984921,124.79489682916498,19.074186601373604,80.17014449736064,61.836846188705486,,-50.44406100672949,66.19318585284572,27.59431592931986,25.386797195089514,-95.31844305421119,,,
20230906,51.92144063894336,70.12058429195118,10.49141212184046,-0.08115405069315014,94.28735665779081,88.12457571357447,120.21929476590118,85.47707205949621,125.04587241281656,32.22966560042313,76.6027044513423,63.30229503124426,,-27.44501272866826,66.25839865269201,28.816180039361658,24.755152093331535,-97.59173558514388,,,
20230907,51.731909586272806,70.61801059891982,-2.097510625091617,18.465939876843777,89.1039305776984,85.73610142852915,119.49394276866231,85.17462610929235,124.14057202249782,9.55694994745971,73.76896695105664,65.58365363412791,,-35.889153430330424,65.68173725027651,29.699648509691038,24.190092314747176,-99.03426023523396,,,
20230908,51.51425244584588,70.95525956783408,-12.926731354716866,33.44056437973666,84.5218413489329,83.53229932808016,118.33685409965962,84.2710825095983,122.23707521994749,-8.83091349775802,71.17390653210289,66.34508099868748,,-42.811084804155314,65.25013806780223,30.31670457047764,23.643809590154728,-100.32390193453361,,,
20230911,51.451403340969534,71.70292015110176,-21.95856337912516,45.68502777801229,81.24972451463695,81.33128495413682,118.47069031942074,84.58058700621469,121.31189520756763,-24.825795351584983,69.66755681216041,67.01899380759617,,-49.08607866792031,65.3939950090064,30.690682703477943,23.205349376615068,-101.31987985799032,,,
20230912,51.51559146220695,72.13892900466763,-29.93373740254837,18.532356585442187,78.6256988634361,79.53224789851161,118.46155331196951,84.82580030314428,119.62972239503297,-37.9092707005508,67.76080812159208,67.75656922900076,,-52.673854442091546,65.50529730819271,31.036157890023926,22.833887065531123,-100.18127824767025,,,
20230913,52.185510310207015,73.28761065880111,-37.15964069297808,-3.6837211275539024,76.43987806521618,78.86335006704816,118.50709736338096,84.35258979635087,118.74489182517257,-48.09854505958859,65.98338336134294,68.38037618791837,,-55.73986989944368,66.66901456480451,31.005252863438056,22.510585044429117,-99.33185447479686,,,
20230914,52.91556486274736,74.34555354750535,-43.13606784750198,19.697384086515203,74.62765784910395,78.31177029445017,119.31365118866808,84.17422849214206,118.16736969044197,-56.51532640437227,64.46371653191831,69.02428256883731,,-58.234621821504845,67.58120280060238,31.00712970131242,22.374019323357366,-98.50634078117706,,,
20230915,53.481339849823115,75.24275186441072,-47.80865755581129,32.117106719202724,73.20077941943276,77.48773717351841,123.51371026041362,84.40805508849735,121.05961777934027,-29.028451771266695,62.99488896835853,69.5651359204902,,-60.72906426052528,69.31744674792529,31.01891845457752,22.2569076042654,-98.39829119433904,0.0,0.0,
20230918,55.029076159065276,76.6085823301751,-52.33235940754466,42.305999859186535,71.77306980698117,76.4491464805392,127.35346254355214,84.36428796661174,123.71142264550517,-6.133725186628481,61.13052719541848,69.75841105232054,,-63.15404539955591,70.80631762111234,31.487230289047076,22.54202115678954,-98.44932705450991,0.0,0.0,
20230919,56.091027502599054,79.14169385425606,-58.201032176591376,50.19019783147805,70.51810634891775,75.66343678934027,129.27814218791102,83.79669144795132,125.21396538984551,12.676685049455498,59.79833735969415,69.52175089440962,,-65.12755078974561,72.02667664666623,32.07272210346624,22.767044448784855,-98.53573049187627,-131.60915461490748,45.48453194066453,
20230920,56.75497003828387,81.00114086989387,-62.897386555694,56.18084726970431,69.56091881867137,74.86983287555888,128.04605489759834,83.0587977852094,124.47913043561385,-7.7392759110940315,57.96402090276755,68.62836028256268,,-66.730739143611,72.3635590505536,32.547599133980775,22.95557788124029,-98.53924307309163,-146.11200229377542,54.62282626143295,
20230921,34.246028748977736,83.53765616090492,-66.89449736250839,30.3063410277959,68.38721036808445,74.23975865534271,125.7083657907042,81.74786933330408,122.57479146034093,-23.53453534069246,55.961306558647635,67.56392045719167,,-67.6043622703936,72.05716413296189,32.84977963049726,23.14460194671595,-97.87937312403797,-135.05187281033508,47.02654824199589,
20230922,16.704033171650977,85.54696271700163,-70.47955042463637,9.137433527225403,67.14844158900769,73.62807705378466,123.9486478100473,80.6847329293748,121.06886518827025,-36.559650374624184,54.23846709025039,66.11696684253606,,-68.53816695804842,71.83330200571551,32.912669833561374,23.34759372155567,-97.6752053778255,-120.77216828709405,44.915398958885554,
20230925,25.175040970028643,86.80029995183084,-74.2622823833887,23.09500652398305,66.00605969623352,73.25898488684595,123.6858726035679,80.11236153991682,118.69005284487555,-46.734427063665684,52.60588583562264,65.49766225654876,,-69.42185540568553,70.82723540258917,32.95438378668343,23.574322852641274,-97.55582225232656,-115.07985116450288,22.91856051902456,
20230926,9.775127457507857,86.9242357644618,-77.28602258197519,4.048127579961474,64.55495785180706,73.63548708805119,123.77303972891255,79.84974462428856,116.36573091214635,-54.60975942313102,51.11799550425769,63.30341577109964,,-69.69599978169929,69.90517197669733,32.970023939166964,24.16239366584723,-96.9115644511293,-109.10739178986144,8.238646327509318,
20230927,18.57519433579392,85.92272834436301,-78.56660898661247,17.482982305205706,42.24036948087437,74.260259996434,125.51482314159763,80.7755191884283,115.9083581384999,-60.97570619175804,49.96666193092121,61.65936802293679,,-71.6182661858989,71.09366354155408,34.87435116506581,25.245582206105173,-98.42838086255951,-104.35769255091267,-2.453070328879038,
20230928,25.765448959079652,84.56242712914975,-79.81226081664552,28.500594163240272,24.03230645316746,74.63989843428854,126.76957115734254,81.64784497492063,115.4367064796361,-66.40512367465311,49.08519081180352,59.412388857047866,,-73.11036622229,72.12315360907819,36.78407374543959,26.072029680110255,-99.45058247637729,-101.43819982501435,-10.017769965570128,
20231009,14.444288176176624,76.87377561587643,-73.57874208782684,13.04421069353198,1.6124652103327575,77.68564064188533,127.45852520510653,83.2003767330276,113.88189145140669,-74.70933735555468,48.363802357206254,56.559994193562154,,-71.5381202983712,73.26679158818771,38.11094658681394,28.4079163385914,-96.96096973759568,-93.24674380360548,-16.059321909201444,
20231010,5.240976876831754,70.6706394456367,-68.49043728924026,0.5526857117097851,-16.752581989680014,79.2719046376202,81.56582658110807,50.090242339651574,111.50696260077153,-80.94007240945176,47.53861882167264,54.32547248360988,,-70.41042908295233,73.35942302087305,23.624338214218053,31.84723567404418,-95.15778246755745,-87.71992126699278,-20.849097086809515,
20231011,-2.278281111369139,65.59652591312013,-64.31339215239619,-10.048124987808144,-29.04485665902138,80.55177971584719,43.94775752935155,58.92943433423696,110.03651231502748,-85.93812561161178,46.84926675452244,52.42659535645397,,-69.48621438820773,73.14926143816471,11.754243800288394,35.29185558562938,-93.67862451274331,-84.07640363924939,-24.91474263476368,
20231012,-8.681897561454207,61.524334899386695,-61.056177356322586,-18.780264967269492,-9.485266034894169,81.4400977261081,12.406878753983344,65.81075594422758,109.97679704009205,-90.01760285231958,47.68025516114683,50.91465142946951,,-69.00324289317413,46.72811207346065,17.114809751004454,37.92574157940664,-92.97465825469445,-81.85733893140682,-28.190896678883988,
20231013,-13.89132537355143,58.1443164608397,-58.25519391938033,-25.932402552358106,6.591562971637008,83.85448331363712,-13.868988089299663,36.273026633621804,110.00245785639302,-93.29772925413963,48.29674531738256,49.75426761615495,,-68.70901560389562,24.55900276628575,6.442454931052759,40.280361304645346,-92.5405126972385,-80.34982531821383,-30.848061490903827,
20231016,-4.967001971098442,54.89527997523537,-55.335402684898845,-31.319512127379543,-9.229869397858778,87.10181919450237,-35.352078456604225,11.904988161039311,109.8895019098986,-96.4211390216265,48.62422247330162,48.79890846681105,,-68.36521220934644,6.70071626928034,-2.6017286195857,43.107407290218674,-92.1160796102743,-79.21301502260329,-33.24670208504509,
20231017,2.316522033991387,52.235692407375815,-52.896828930553205,-35.72093467588495,7.143473331305431,88.72994552875784,-53.06896737532329,27.780679971246407,109.92686022038187,-101.25446622479066,49.02085069195632,48.00411134738811,,-68.50069957943568,-7.537051764301556,-10.587649659194401,45.833503987465015,-92.8543132314538,-78.79343421241288,-35.03427205590406,
20231018,8.239611962691747,50.00481352345439,-50.8400625131102,-39.31030876534605,-8.661092785072436,89.16584595822903,-67.94875109332882,4.3204693914665935,67.3438288062515,-105.68581843849687,50.12140155212502,47.38414531095815,,-71.33469963299484,-19.118271588785607,-17.15733936452032,48.13565375146283,-97.16801127170928,-78.37213127291899,-36.660918317625885,
20231019,13.124371365538973,48.25980846340232,-49.220597008558435,-42.21714972508017,-21.632326671350047,90.30997829278826,-80.03787180628457,-14.437184656224876,32.742731227502595,-109.62302820918205,51.830904946477766,46.86220358540129,,-73.65556105049211,-28.365485432894147,-22.90743498470504,49.78466199263164,-100.65430302539852,-78.42641011034821,-38.09731626312018,
20231020,17.122533582348673,46.74484766382396,-47.86128481966708,-44.59217536464545,-32.15665220819406,90.11260610310428,-89.73312622585767,-29.291571696773797,4.552373775310855,-114.28670503363483,53.2535811751293,46.44114650877718,,-76.28926938895641,-36.31190435080098,-27.324502998936445,51.211100716667275,-104.77579256646781,-78.74251274647126,-39.45922252561059,
20231023,20.265773956447028,45.453277006974616,-46.765324949943675,-48.05958222858598,-40.763344233933516,90.33627483956498,-98.44621761870867,-41.87603388267005,-18.615942769259636,-118.69009932875726,54.42328279524735,46.03022633492028,,-78.58437813271168,-42.71513434187662,-30.74239155038282,52.66345233529353,-108.58804848218942,-79.34712944513717,-40.73726370592523,
20231024,22.830301741398372,44.35771348177621,-45.847641533211274,-50.960405974615185,-48.16553570070725,91.6545536229192,-105.67021401974948,-16.159618145453233,7.074316418135215,-122.82696546567372,55.88505136739076,45.696756964268296,,-79.29775424644237,-49.53117182278176,-16.821838286558716,54.340688341652786,-110.40570950035607,-77.87771605238682,-41.78988513465627,
20231025,12.387177529952185,43.334483008077164,-44.99689234975875,-53.34602088711107,-53.81002856504467,92.79186144576538,-113.25426460176462,5.765178910039859,29.350164006728704,-124.89831322166128,57.078341524853116,45.724793035411025,,-79.79185302088092,-54.79583732019558,-5.4493643392584685,56.21483611466328,-111.60709519749005,-76.67241964588229,-44.52964825512526,
20231026,3.8037199841255576,42.49430833973671,-44.284406749394414,-55.02256525567976,-58.16796042215295,93.45629742891953,-122.33257678693418,23.60320199610641,48.47204995825157,-126.59399397556899,34.58701496307049,45.784525621232376,,-79.96412534924069,-59.44443886323635,3.8517126128104606,57.624827943844984,-112.55762574288413,-75.51678506415874,-47.821344774502386,
20231027,9.438075334275887,41.82030931330776,-43.71588732829093,-56.13557453977642,-62.0478065707598,93.88723105348072,-71.95560874528068,39.40451515644316,61.635669597940435,-128.4287085031778,41.015655837693046,45.62386596653557,,-80.33561349500802,-34.25001861987298,11.576690026016395,59.71104647392299,-113.49414576252951,-74.8337087487045,-50.339817728660066,
20231030,1.158901724691455,41.33802675827482,-43.332124184025,-57.064054732387156,-65.19914712495886,93.79014188934113,-30.60231151871199,12.15069513590501,72.3781050427224,-130.06079574279704,46.506270601893206,45.99523379915231,,-80.37458438400748,-42.09619304723351,18.648124294218018,59.882624164363875,-113.78592092176034,-74.29071286885937,-52.31772720006361,
20231031,-5.58839783839486,26.79401146983864,-43.01824755304308,-35.49452028940668,-68.02276096040603,93.57863559944572,-53.441236930019954,30.3962474795084,82.25910365816777,-136.8084530753384,51.54642082971554,46.26728501525638,,-80.37487409010538,-49.435367642082475,24.837709077522437,60.698509978501406,-114.19501513519619,-73.89969005535214,-54.98159408962716,
20231101,-11.206412557124759,14.875415543111872,-42.74707615399732,-17.59094752707216,-71.58201779261408,93.93079327425258,-72.13630058829881,46.14393728406522,90.55937764639474,-144.14754097129406,56.17454674305778,47.25242524126733,,-80.91786707342465,-55.5542413328539,10.787093193258475,61.36280909317218,-115.6063707194752,-74.32527702165102,-57.05603515048273,
20231102,-16.158909297381793,4.866922291557297,-42.825821344636296,-2.3720154307896464,-74.5438433054591,94.81361802661608,-87.44453530317179,59.6110138511089,97.34978167716734,-152.80190559012996,60.053491022943064,48.110592726816435,,-81.49833465960768,-60.66210530246832,18.019918172513776,61.937449214487884,-116.81485163241106,-74.79303125907703,-58.66951383230958,
20231103,-20.242703103567106,11.420968993299592,-42.929053721582434,10.176707506684837,-77.17236636571505,94.09830356135404,-44.674315646244416,69.2514682429282,101.50594713962327,-153.15037962369883,63.26742938514929,50.3317862536169,,-81.69499147203206,-63.4524775426889,24.026376754740944,62.19158025348098,-117.44713752622657,-74.90324383821819,-60.3766385801265,
20231106,-28.255577250481636,-2.065929599170633,-47.01836226326529,27.82579502027483,-79.25968524163467,93.19266713908587,-5.30000851481544,81.50018422767687,109.59803962181812,-153.49711264104704,67.97013351329072,55.53766529752036,,-89.06451700652374,-38.32076548268139,29.770258711440228,61.073344686928905,-129.78809284013843,-80.55167896918367,-60.838759132858655,
20231107,-34.612382118397875,-11.924584880637584,-50.15669486733482,44.14477457767831,-80.7588770167373,92.88508343606968,30.58293278755257,93.72912288771677,121.88079623393793,-156.02312238293896,73.08894938649216,59.60856092445018,,-95.31252049799338,-16.14304297993685,37.345811970887475,60.912894968005936,-141.65860944986477,-86.01295691959288,-61.44948054829806,
20231108,-39.282730289781725,-19.704914217005225,-52.4430349798036,54.49349332145835,-84.7754864213601,92.60519777389054,59.861416274696424,103.55813722956763,132.0198115556173,-97.5156028543733,77.32863156947525,63.816980642709865,,-100.47620917266634,1.7892158976115862,43.698012212500906,60.76042782547368,-151.39179741732048,-90.53193471732018,-61.86143582353141,
20231109,-43.175740427901246,-26.049778115398475,-54.35029751788908,61.69099913932026,-91.69166330359012,88.46936555365382,83.01758636953653,111.81480217837871,140.35138550235558,-49.82138573706392,81.12048910309916,67.97452724447216,,-106.21651133489252,16.528107890009192,49.32779586597571,60.065981988928144,-161.70171359534487,-94.58549797442691,-62.44531945998212,
20231110,-46.18477794227679,-31.420506923399877,-56.338831316989136,67.42379962469259,-97.58916061671435,85.13305577948475,102.12710538789356,118.00225916552041,146.89563812784797,-10.794126282147687,84.35283675949532,71.26473576840434,,-110.7180716865286,28.35463412118021,53.193763955288176,57.021069840355935,-168.85935922568152,-97.7941693699273,-63.10104261045624,
20231113,-50.96232159129884,-37.675002860140204,-61.12784062209551,74.52031710387872,-102.58908693770596,82.24915048393723,55.3253595609017,120.23098240609839,149.68078549982604,16.955128258884663,88.00576740130259,73.42978676992573,,-115.03977793326156,8.502486498986134,55.3043738727803,53.92972214944506,-174.4241263884779,-100.51759098377124,-63.25263762105396,
20231114,-28.744452295690493,-42.19695183775763,-64.26234451203123,80.32862646734235,-62.12307900914468,80.11325640529911,74.27648806446447,121.93987331105852,153.6740321258702,39.983177264612,91.4492350145146,75.97196108624539,,-117.3653330859441,22.97389329169886,56.51746010945834,51.48747961719963,-176.68962885264312,-102.36574282519229,-64.78143313079003,
20231115,-10.315961282176566,-46.713868457176865,-67.59278501480779,47.37119480578197,-28.774910387357036,78.43501462062021,88.83663333647354,124.20068540469148,156.8293848003296,57.01722171678337,91.07319293189268,78.39249028853993,,-118.66752042890167,35.34674160121338,57.51282537300104,49.545372065759445,-177.20200297605928,-103.8893701518713,-66.02469678079652,
20231116,4.5748615624720985,-50.16748024156672,-70.08931857487622,20.301168412961452,-1.7458635740363941,76.5630314252496,100.71092234278976,127.07651727790481,159.412473934385,70.85690783276523,90.7394853742883,79.4781714201689,,-117.28773815754664,46.04666386309324,59.006631741321634,47.94161954207809,-174.61634029967414,-103.72151404779905,-68.21882131106192,
20231117,-8.69744423319167,-52.35731646689598,-71.24842451638615,-0.1975793757608814,16.791277259635155,75.18965559500678,110.08405729154107,127.7043228000943,160.16233728689144,81.37978281988997,90.49265115709628,79.28275869503165,,-116.05153731493039,54.86743452090792,61.46327150587461,46.70566211989896,-112.8666443596586,-102.64035787441507,-70.01412958725909,
20231120,3.9804918536316234,-52.34875708765857,-67.74536450345826,-16.99205615395722,31.266098820901107,73.97447506169514,64.09532809345711,127.77422733060622,158.7381629495207,89.72290321871571,90.316020787305,78.21997865573536,,-116.91556993124762,28.904835333111148,63.83588853509213,45.19816138268817,-122.14939973621242,-102.52658282170209,-71.4052402058021,
20231121,-7.8234021520125445,-52.30468123277434,-64.9027787412371,-30.73298835070633,9.315699787080558,72.98850259380684,28.858007459642423,83.4590212204517,106.03857376609719,55.28947108752995,88.2374278837896,74.466309939815,,-111.77451993697339,9.2229652152083,38.84116593981456,43.8182264418226,-121.8808080705247,-100.99089106096332,-71.55020045676866,
20231122,-17.594985254148856,-52.35622660213412,-62.86629790878485,-41.89144229017525,-9.40181979998486,71.3282953540959,-0.07573914122580375,46.28312977808483,62.77285341624392,26.92219840350985,86.90828305703177,71.73406842319993,,-107.40286945211454,-7.062201888166249,18.86356219707048,42.24853387223786,-121.67680448907545,-99.92414391558518,-71.74056510601137,
20231123,-4.3350301896744545,-52.45875977215545,-60.883266500968226,-52.10324284980311,-24.90043275313861,70.31989434659855,-23.12213889663084,16.915148477566547,28.435943184326703,3.715188851959952,85.79258830994257,69.27941917855946,,-103.93532854771384,-19.582649484297576,28.413562379766635,41.17341768548452,-121.26779864254722,-99.2159391225643,-71.88086021655101,
20231124,6.073658912820764,-52.447918171417285,-59.21890727767259,-62.585394768880924,-37.669996423399326,69.36402457526113,-42.89089144573488,-5.513836506759948,-2.43862707665076,-15.635899959326633,85.48814663005915,67.7823088065762,,-101.09308160756373,-29.53699890453666,36.003869324249614,40.100214378082505,-121.17636310866052,-98.78231347598894,-72.06714354942561,
20231127,14.440237951045274,-52.324082910986704,-57.518954787266956,-71.00392998006058,-49.330658064755696,68.72775415056306,-59.003680017722495,-23.871262883793783,-27.821529506579875,-31.26134423756644,86.02741899055766,66.48063294519733,,-98.62913134621907,-37.53503151110369,42.19618182029023,38.77925222426882,-120.72046160253991,-98.28790468150851,-72.12865255081533,
20231128,21.386486981031986,-52.303246063504595,-56.12314400820179,-38.750751109852686,-58.86105423336236,68.27590215143887,-72.17250136424526,-0.23680333489584576,-48.54284951287407,-44.361076435139694,85.6432640416796,65.43640261751148,,-96.57640215555784,-44.436396672078416,47.28285599267456,36.79994484319621,-120.26993263489955,-97.88852476807456,-72.35893880928138,
20231129,26.794131656560506,-52.06285173078522,-54.95613091824811,-14.720318337461824,-64.6331460938382,66.52131181678786,-83.05622932261723,19.174241007377123,-65.74237814384107,-17.716450076649345,85.28012673587929,64.93459895709725,,-94.88833383718826,-50.16481369305076,50.410408233375115,35.175392825806114,-119.91143891356678,-97.58365805413446,-72.12367408628174,
20231130,30.690109330803107,-51.57217777821592,-53.60800363679083,4.9844735565908325,-69.3875156340168,64.96011535027843,-90.05135191449045,-3.292356591690223,-77.9161833569092,3.7735985329725614,84.42354677109685,64.39714614442006,,-91.54160117168448,-53.326293279980035,53.1764626401941,33.85827526349485,-117.87757445021631,-95.3033024939185,-71.82514018577977,
20231201,33.62203145204405,-50.93174968389894,-52.52116814702535,20.955096059471472,-72.57813697225735,63.73288526389526,-96.92193688534222,17.638140782377764,-90.19318226555197,22.420276438333932,82.76554495421888,63.876974974590304,,-88.76307516053059,-56.625641273630904,51.92878563687647,32.712634171683504,-116.25078651918996,-93.302604764063,-71.89381166648974,
20231204,19.09901310885606,-50.21383309461387,-51.505920272888844,33.442628233504394,-75.16944077186868,41.49343855081497,-102.01496362411224,-4.164507775381292,-99.68057505807847,-0.4807547982529382,54.22486424629405,41.43036773264221,,-86.64080480892795,-58.403905819227006,50.72255394764424,31.79632283755137,-115.24553169353062,-91.88157229303496,-72.27670321009948,
20231205,7.089670363205202,-50.00428286798847,-50.71849415346955,43.83747381603123,-76.8620679689955,23.46340738482896,-105.88497419873852,-22.18932380067975,-107.16273549945329,-19.31797115276146,58.02027304230867,23.078663898706143,,-84.9391025736915,-59.85942687222165,49.45015793146476,30.94044038938324,-114.43051087660744,-90.81836504899623,-72.52320531633008,
20231206,-2.976395742913382,-50.03811468345691,-50.192236759490235,17.55413970255491,-78.47571517209441,8.618292489229109,-108.26796482638703,-36.66227831750045,-112.83811011939827,1.7918475107911083,60.27972738047991,8.048388031168441,,-83.44277337733345,-61.4357353934249,48.343137942788076,30.10545915675515,-113.60329858596302,-89.88652709835445,-72.8197822094322,
20231207,-10.478634606858462,-49.75391089811075,-49.088172055227595,-5.587979344271065,-79.80430787154093,19.05038633974415,-110.27303535133719,-47.953200727274265,-117.64079677455996,19.042028427602972,62.10029982672158,-4.392890415076996,,-82.1905886711471,-62.579299484052086,47.07818223116379,29.020814152829683,-112.93284093071686,-89.09893323795788,-73.17119031127186,
20231208,-16.582026659616766,-49.12204555897263,-48.17471813812624,13.152468957453522,-80.00650547497078,25.657552486237602,-110.39820879405919,-56.23564777293614,-120.16675688318247,33.05756327470888,63.176584035478,-11.876787212263539,,-80.99872498246467,-63.57987995714837,45.9299806661531,28.34855383807222,-112.22688540612614,-88.29716703577701,-72.44494671072069,
20231211,-5.604252813815635,-48.46202262570834,-47.346393359866596,28.447396252360843,-80.1723406006211,31.193707434543935,-112.22409675983974,-28.360861502556414,-123.05467125361521,45.33316490363436,64.19214754201465,-18.022911593617625,,-80.06065922249473,-64.46851085504142,44.95985755905723,27.913291520415513,-111.71232299911334,-87.64678559638303,-72.46397594431717,
20231212,3.3423907933777386,-48.10845594518111,-46.79943227015194,40.96142657332535,-80.67391442235741,35.673930626760225,-70.13129440108605,-5.102235334716827,-125.79833458871077,55.14233983554314,65.02692789497563,-6.4000780803551685,,-79.61674682293818,-65.11133456316729,44.29448401552256,27.612322911379856,-111.85422062237178,-87.7192150072611,-72.72700255076579,
20231213,10.256718134056948,-46.67143524919168,-45.8487690584164,51.73146876534267,-80.9838739177821,39.27233023061336,-80.3722765226083,14.12466677686086,-128.34383379214506,63.64493240818797,66.80263079582684,3.0899762305053184,,-77.96491365186341,-65.37627577158804,43.470775940487194,27.132324968871966,-110.39205479210099,-86.32362149093196,-72.84674611811909,
20231214,15.935546534618402,-45.40899561977556,-45.026987334523746,60.398862121082885,-81.31165553677403,42.55787830462981,-42.64936172706837,30.058355886784415,-130.47401127685552,70.6064166533251,41.848340199876,10.715036880416292,,-77.70159512573866,-65.65113639634693,42.818270356684785,26.693597934567112,-110.75920718943217,-86.43035138514796,-72.95641687015863,
20231215,5.414120121703989,-44.598345457795496,-44.41057632072271,70.29340772556436,-82.97321887559866,45.26282970335298,-12.605674407397947,42.62867033576249,-131.37955415207117,75.8744453838322,46.945723222892326,17.080564014105352,,-76.31311379066916,-65.87880507320119,42.24286264536984,26.339414151023966,-109.24852978614435,-85.46375073750302,-73.0660686112889,
20231218,12.676279431732763,-44.420805896514665,-45.41254010134495,37.467503360323995,-84.85538383286364,47.141948674032456,12.910226770066302,52.65898082184344,-82.26462211629811,79.90480098978956,50.73192926065921,22.631610997645904,,-74.97510426153215,-66.5746685745938,27.311141840281035,26.14150849408655,-107.72851949551836,-84.52174409838123,-73.17603079787523,
20231219,2.1372966003672995,-44.24653193896076,-46.08603739061643,10.76993890234279,-87.56240411867785,28.51983002142244,-15.058576841202026,62.0157648460095,-96.28997960995531,87.82912454723619,54.74620908056103,28.260590503021792,,-75.96097141147415,-68.13109304546042,15.096205352806562,25.919896303897854,-109.29157200458661,-86.13819865383887,-74.5938348621667,
20231220,9.93260785420531,-44.04103887496289,-46.45955209982965,-10.997423965802792,-53.727729096358004,12.827901895074177,-37.39835267885336,69.08808614234177,-103.89953280114676,89.26972303148497,56.73117630574114,32.663914664297685,,-75.83442859785514,-68.71830032292084,5.081498414464969,25.93255024442787,-109.08965237634892,-86.01148695486027,-75.7809371874436,
20231221,16.984154686071196,-44.00151638907946,-47.141801479237685,11.051556247116034,-26.27036755590006,0.03856394333031044,-3.7470635881127934,76.10301416189203,-111.86065502973614,90.40269417051427,58.16966935578189,36.4391181154616,,-75.57537444706485,-70.05304867677769,-2.5985665760971757,25.934303579699,-108.8189385364531,-85.52544369208003,-76.0830261191543,
20231222,22.97593822460075,-43.996864805264465,-47.736106464181994,29.143999119219707,-4.058391766390398,-10.540881155175972,24.842024966911797,83.16311839992606,-64.46485899129112,91.32349294207795,59.35796380876464,39.50900412102913,,-75.37055423591548,-43.38911284152183,4.658040483522682,25.979354962757483,-108.39742491326874,-85.13279051333804,-75.34568034539708,
20231225,27.95605912539024,-43.95971252922818,-29.45706324701793,43.61558353867441,14.121457153546933,-19.201199647835598,48.950922190973735,88.90095411533754,-25.558239901886555,92.39383978645911,60.66684405047404,42.13081637529177,,-75.73123926828951,-22.05684761646791,10.4620909759382,26.20452723823414,-109.06095330122346,-85.34278229893717,-75.14173708033897,
20231226,31.996823658507765,-43.88415827791465,-33.74101097766022,55.626748546288326,28.95372144543955,-26.17087540546788,69.20788417147276,93.3933820367502,6.397439636747642,93.02397733195335,62.80398382398003,44.22898852258,,-76.19151885613714,-4.631356071279796,15.213256970044787,27.085494690243404,-109.84597370686072,-85.57701865347396,-74.73651680896464,
20231227,35.348775520768,-43.57327839672659,-18.174386445761126,67.41250272500078,43.51406169435625,-33.19606962937995,85.67663548909574,96.5333843724492,32.82238993399459,93.51786487623521,64.56630850402317,45.92502814477862,,-76.4315957139828,9.58787944283498,19.3611836711087,27.845669308019094,-69.41102379149606,-85.4806447758944,-75.03711229622895,
20231228,38.39539054097628,-43.35581405444243,-24.68009501548669,76.72989904397043,55.42714828645869,-38.99228623949402,100.25970966722747,98.33766249206052,56.044164548933615,93.81639473019632,65.7051546620122,47.32738583080249,,-78.07296310135489,23.53496162605661,22.788219137549838,28.46827995586891,-35.06354529468761,-86.86447624296255,-75.03501340550906,
20231229,22.531543211106793,-43.06171977680469,-29.219421466261366,81.81131271522484,65.9884127852469,-44.299044485159634,112.90817543682971,99.73049236894384,74.18489809101878,93.5947467781036,68.0989129593722,48.50543760578694,,-80.01410471221874,34.84201068829577,27.496165727420163,29.239040965886275,-7.482019995419873,-88.55314645277623,-74.97770492607275,
20240102,27.197436614377487,-42.87613909742619,-32.947967758008105,84.8151452341378,75.22936317580731,-47.06860593961237,124.66541286405119,103.46129913269881,89.86381609543902,91.13244413579585,70.54922288587397,49.14127672792437,,-81.69553021884411,45.90155107950251,31.329297599021913,30.000286704650286,15.066704715282324,-90.12268484163411,-76.13972841757811,
20240103,30.971184475616965,-42.42406497122477,-35.845873513978994,86.29421438038808,85.35898328188202,-49.700690678012144,133.74320858566034,107.12359031080118,102.61035136572376,89.55664689668689,72.12124843740037,49.22940127728855,,-82.54719066997725,54.895583388799615,33.740638950170734,31.019627256487432,32.878151074024615,-90.78166227073714,-77.31153210325026,
20240104,32.903769797727925,-41.59095805815526,-20.867956523018666,87.4068755442579,90.40359851235534,-51.61385180012125,141.09962989532409,109.79350196223744,113.12753361758743,88.35732083890653,73.64151751582487,49.12985695728062,,-83.29717216019935,62.12421336532252,35.507284061672614,31.619954413118425,47.49798962450609,-91.3521603607403,-76.28201248795845,
20240105,35.1232990048421,-41.18808580668132,-26.305761077343668,88.29087093929047,94.43425092790955,-53.272779792306906,147.02784164465476,111.46930855866407,120.0724328066303,86.15052711461345,74.5871461225024,48.99331176166035,,-84.07334512226781,68.40853535962634,37.5347029736986,35.41618506442419,59.70810082208346,-91.96650282157321,-75.75805440172043,
20240108,20.61842251051344,-41.01588000634975,-30.469786106202253,90.78478819536049,59.25911795180139,-56.52199206933811,154.7271404004401,114.24823360091385,126.14315851558348,84.15606844588838,75.41382835184508,51.278159217709934,,-83.5376936584449,73.60393414191921,39.3190620733876,39.1649441126414,69.61593432335839,-90.80819955817796,-75.99641634720751,
20240109,9.012337189482011,-40.8392505519001,-33.88018259941322,92.41022721800088,66.52934747972701,-58.9615538883131,160.65489384259467,116.06916131965092,131.23288504004927,81.52801588702775,76.05620092975771,52.68464539687574,,-82.81921444125153,78.2930207199542,41.06789418854581,42.266959487124396,76.63010309854343,-89.48184516781802,-76.19852832803808,
20240110,-0.47333461128894294,-40.3652602128958,-36.500558660125066,93.72158027737541,72.47737144670222,-60.93409189578822,165.03850544402607,118.15767262130706,132.90406604491827,78.35902668504524,75.89226794202015,53.849356275101464,,-82.19306231721617,78.44687368402853,41.44182885080235,44.11395086480035,82.40428619053058,-88.33053761078523,-76.31440340344898,
20240111,-8.870404969149313,-41.31703275705376,-39.68477421522365,94.97692424228325,77.01772697088468,-62.88951379640157,168.02450745391886,118.65501723564199,134.59754670944298,75.82617674563096,77.23881535286503,54.9380773215864,,-84.65745527923029,78.53774286709576,41.89875522094504,45.89201306831224,90.99733956268439,-89.8606210581611,-76.46475912939663,
20240112,-15.79385656550192,-41.994214952265686,-42.31483133510062,95.6309442055422,80.71023310544028,-64.52274965670117,170.2953293928987,119.07848272826963,135.91540617028969,73.75736196407875,79.05905698608424,56.2164883292271,,-86.72845324703455,78.59701066442145,42.02996643707545,47.28769909485677,98.03491563960128,-91.18037962681103,-76.46049205937135,
20240115,-21.589142323158672,-42.48203413805429,-44.73955066271263,96.06703224706793,83.76185070529694,-65.86053387223123,172.13822931090178,120.76420727298434,135.82530720616796,71.85415678850445,80.54794391548292,57.26345626991964,,-90.29226326321,78.43518327471085,42.15973116067402,48.54514019001158,105.71370683237632,-93.63344440799658,-76.44992255787803,
20240116,-26.31739975190212,-42.91755046272641,-47.067719481744014,96.88190194512953,86.24710013725911,-67.58552931037877,171.8221772718926,122.92937075427494,135.75553556307833,70.31831547632179,79.55485695497813,35.71416632100731,,-92.97190887932993,78.27702011142007,42.35496182595229,48.20514045096966,110.79060538337575,-95.48622381449732,-76.28741530641052,
20240117,-30.214488002403215,-43.27108437604288,-49.12586753138175,97.82325314676687,88.02831973631017,-69.1925622270916,171.18642291976815,124.6539006904738,135.09464932869614,69.05593880566997,78.21681642936404,17.815289194169527,,-95.10766013005781,78.10992198898089,42.50780695131068,48.11710769607952,115.1484910313516,-96.97755050548126,-76.17636589009751,
20240118,-33.48596768748471,-43.611913901520474,-50.84243795257835,98.64101927582605,89.72665555798079,-70.5410845086298,172.71660222013566,127.68006575834214,138.10514273945859,69.15926563969518,78.59536486311217,26.489987848631056,,-99.6471223563979,78.45238307879265,42.63487634683688,47.99827022319801,120.65439896003788,-100.76361154852566,-75.58824368650399,
20240119,-36.193532086771214,-27.51967873720651,-31.243171435351154,99.3041822837831,91.24346649559934,-71.74450101374347,173.98816628035698,130.73772180156828,140.89619385799034,68.6896089643236,79.25201790307739,33.650519972836165,,-103.41292957685066,78.7603760212063,43.849856375067645,48.25555563604734,125.78095039141621,-104.16734536312684,-75.69514195166761,
20240122,-38.43750709767365,-30.63147547656333,-35.73583316192947,99.59135788132707,90.69171232621837,-72.46212458822986,173.36291818709861,80.92750899011533,141.41304755263207,44.060952967903134,79.879297020377,15.418911336342376,,-106.35691972122606,78.6592768684917,44.074756480820874,45.53071603222224,130.51029307655145,-106.87777714446567,-76.48013346172411,
20240123,-40.265899680180304,-33.248483987276444,-39.34226819936459,99.91896519410766,90.24208816520941,-72.91387292881656,173.66788311620132,89.26677976821517,141.32683048344552,24.135080799540216,80.3200552633258,24.59643137745295,,-108.29286120463743,79.15759319896864,44.39280235809493,43.38285943880449,134.54571315141015,-108.74606180754276,-77.098951970343,
20240124,-41.79908837544087,-18.99228937437462,-42.29302293515544,100.13629378239693,89.71036056930885,-73.11588267229526,173.7437238241847,96.15061631874259,141.1471147522227,31.492146908630637,80.70784965948795,8.156922096729714,,-109.58489698885307,79.13456943429304,44.365575858268244,41.6129271680746,137.2404248075692,-110.01692483752772,-77.6849711619173,
20240125,-43.239752528562406,-6.964959752952925,-24.18381389030297,100.91305501007244,89.12692169368435,-73.58474968389417,173.9504463379158,54.89864449707116,141.17371042130605,37.41480718998024,80.48032306782746,-5.304347755596829,,-111.80335774177173,79.15281118822867,44.364766331415424,40.101430341280235,140.03778167104048,-110.59132411274473,-78.30718036866915,
20240126,-26.588798905669496,2.6956008209366464,-10.010100701581784,101.66576193755708,88.53329784174427,-73.91094059921681,174.59257111368694,19.574270197911442,141.19484059418778,18.8375097092571,80.85076507436712,-16.392880647377837,,-113.54520629268637,79.34002769485325,44.366276212393494,38.664355580027845,142.10388135679895,-110.78808170641972,-78.55005645804735,
20240129,-31.547837186082724,11.484198149755741,2.9857470842124427,105.82055680117118,89.09328276401709,-75.26036895520876,173.07630251820694,-9.63214887484954,90.72056740916096,3.3221900187849727,81.162419253879,-1.2185697576630057,,-115.74613321735362,79.21652249871894,44.39962495314156,37.464526303987995,148.1216269695903,-111.62324979077388,-78.76837274399486,
20240130,-35.92249397451129,18.659112438279095,14.09192085195295,114.8636144344889,89.62836446966699,-82.6654127349426,172.095099747705,-30.510800653200032,49.295941538504614,-11.090739280334315,81.66268191428817,14.89967721134808,,-117.46056440192311,79.74662984324083,44.47398615568183,36.25159496506897,153.2804969628113,-112.34232951322107,-79.24046569236577,
20240131,-19.014255252430093,25.345057824624497,23.582796234187843,122.22727147025475,90.08565563745489,-91.45490279826352,170.99548079156955,-47.607714187630975,15.409642574021259,4.6239333788193155,81.94396046744072,24.18229099844559,,-119.46786169724598,80.15718536410203,45.69792455972158,35.38211706038337,159.63329914895746,-113.51029147887729,-79.84824259775219,
20240201,-2.2059913206279758,31.779922782389303,31.732517459282768,128.83995445675137,91.07846774701474,-98.69006918650805,111.78653664786405,-62.21650819897507,-10.73328908861894,-9.57304900677596,82.46026295906601,31.698220726660256,,-119.07390007982504,80.4453240768168,46.483874999815484,34.863787572210356,103.58179682928252,-112.69237231106224,-81.62125107592023,
20240202,-13.890983133415197,36.684723726674534,37.346492880868546,133.84782770688363,91.77811372804472,-102.41528264664858,63.850440361069715,-75.37902546568208,-32.97027924964646,-21.907214406206492,82.12061084966554,13.182111875417174,,-118.55465599903806,80.52747713332381,28.844198581398917,34.42137805665234,58.02692739419289,-111.95207671263475,-82.98355857856274,
20240205,-23.896653114318575,40.57867557931132,42.318842856830805,139.22110101209327,95.65060302719938,-105.58181716628646,23.70739449662957,-86.27495740482178,-52.051234496519555,-31.77439894088983,81.6816566251651,-2.163999785935537,,-122.57173714332377,80.58777477271671,14.389954718911033,34.03220966000449,20.835554371535462,-115.05884457103363,-85.33807080478053,
20240206,-33.376133970777545,44.11336534283427,46.65394115312416,146.30657043020827,98.80962723069979,-107.6512569617484,47.951131738796555,-95.12320572265112,-66.72740690024766,-40.404850505785106,81.18562693018607,11.578996265019972,,-127.67238944344025,80.65467127123556,20.90273632373891,33.73429265049404,46.77039542154556,-118.93363295457694,-87.29051144017781,
20240207,-41.50425507832693,48.296114618114444,25.715615177963304,151.53114817502623,100.99867904913911,-110.06207209212191,68.03722587269313,-102.01333535129356,-80.85709808221587,-49.2173071901454,80.68112177520565,22.909610673251088,,-132.04395843718078,85.41038006315671,28.140584657419893,33.814156839848145,8.598324572230494,-122.29900258550153,-88.17701396218791,
20240208,-47.47669628727835,51.27756203044686,33.2659782040945,155.72355185887892,104.27081457200742,-112.4780833140011,84.5518828734918,-108.6371904124687,-92.58760628488854,-57.17309293311311,80.26116597502755,5.174284554741773,,-135.78735708081368,90.27370414599118,34.1153117054835,33.8832107891098,-22.563294877856862,-125.07607037932961,-88.44141985828517,
20240219,-52.29886264968872,52.64691346599031,15.527275163760821,158.16709503612972,63.91908277638907,-109.98470190890983,40.375296260852615,-110.39839139826852,-102.0445799258859,-63.59022340492561,79.37387827506736,-9.386219786451749,,-138.25504447559675,93.9940154294141,17.623801802734448,33.466110885024996,-46.99491988120574,-127.01636823372395,-87.9488824313877,
20240220,-56.28352644271625,54.609058662808536,24.38973968353049,160.55507131401285,73.28150544355913,-107.81378795381117,5.309122419260682,-111.83453313022049,-107.61973895900277,-69.49965987752103,78.0966109603497,4.991866380297471,,-138.6712124464817,94.9187174385364,4.819820532773441,33.128441496710224,-64.29763574822465,-128.18762089485074,-87.46423262645153,
20240221,-59.56787526966065,55.889455261049974,8.449172616619947,160.2862209840168,81.3659190035187,-106.00872197614702,33.410694128552024,-112.93190917242504,-112.25148369575956,-73.70075173389914,79.31148225425689,-8.632157188121584,,-140.45925108411848,95.80325646178184,-5.7118189359493785,33.11783892232562,-80.33742941674959,-130.0754621133866,-86.88357140847371,
20240222,-62.164486917115234,57.004540491424294,-4.57065733322664,160.00816412355243,86.47793550803328,-104.67726851499701,56.46551529686161,-70.88395259588795,-116.88342757999928,-75.2770951486706,81.16197179374144,5.658479827533353,,-141.26621917623206,96.90026202355119,-14.189166112414311,33.11116849183284,-93.3961133041054,-130.99472698209834,-86.34970759473336,
20240223,-64.02570968090245,57.9315439622074,7.907218111672845,160.46815367926945,90.8210757709596,-103.64881343857466,75.68798323619502,-36.707119393766675,-120.876394293954,-76.56155082790333,82.21579211563679,17.18128672051626,,-141.26547594775093,98.49094250590561,-21.246522368246076,33.11344232422954,-104.71834765603694,-131.6384581591896,-87.16703950916661,
20240226,-64.99816274346753,58.33040233041761,-5.089837267767918,161.0885643960795,94.2806898674428,-102.84905077235635,91.38908197353038,-9.10410410979183,-124.01496430650636,-78.68945949399269,51.56727324379605,26.452945736192788,,-141.10122624250258,100.39367037831308,-26.994675865283316,32.911660400999146,-113.14493134584811,-132.95385375438133,-87.47576616193953,
20240227,-65.6537614947457,58.71278453974975,-15.915845101560837,162.00279316879246,99.93878518016868,-102.97065350976428,103.46474998847492,12.850372725448278,-125.43721024988194,-80.39370209485566,57.880659990186224,33.61868640930843,,-139.16983083442003,103.43879935232442,-32.56331380208523,35.286867195093286,-66.08551077583432,-132.17540383380285,-89.26525513071208,
20240228,-66.37133142042583,59.3024306260601,-24.8795467041589,163.13550342898958,104.59529132689534,-103.22332693973897,112.88339291691284,-11.294199305746915,-126.79001491281903,-82.07007474845426,62.53080226828286,39.55028219640378,,-138.53770567690268,105.71611692623455,-35.98257016185729,37.6920987902628,-27.52221758307841,-132.27259328319067,-90.91370144698945,
20240229,-67.03005490116723,59.79489317481555,-32.20859191328557,164.46918338066894,108.67817761019953,-104.61783457863024,119.9921641138291,11.956190811358864,-127.86894246556862,-84.3161766947526,66.32144060173782,20.357095404652604,,-138.86413491827784,108.29617688156134,-39.39646285669466,39.432621801624876,5.159220559092717,-133.1414365091981,-92.26482909957083,
20240301,-67.57872755807698,60.19613006018083,-38.22090470613548,166.58984347774293,112.60371249168514,-105.55451886575031,126.38407671441087,30.981031106322966,-128.98875862776902,-86.18693195108963,70.04073205428874,28.471083382510223,,-138.88618154662205,110.32277707935086,-42.12921133192901,40.812991515529255,31.96510594940513,-136.00724739126554,-93.37086076194737,
20240304,-68.96935063598514,60.8781869860462,-44.60660596144089,103.25692574719359,116.12528255464105,-106.53848043305315,131.60810888662093,46.94363510567139,-129.95257442928906,-87.44844303785857,73.0963779297448,35.076586611476486,,-139.2484112830399,69.49328606899992,-44.36995630343047,42.11302121881998,54.51505199640991,-138.96754580957256,-95.35638891692837,
20240305,-70.75488205873094,61.31427914214373,-50.12990663782561,117.72433040904964,119.43020074334429,-107.75866065703207,134.98777404630326,16.932177708631226,-130.7587981096918,-88.36153137394078,75.49709995471342,40.48221926134739,,-136.93701804142145,35.283125432902864,-46.3570207327108,42.784104410068146,71.82889333083595,-137.32904546522366,-96.8757545465818,
20240306,-71.83971134486315,62.10741823281089,-54.67393907522188,129.59122294967193,122.38090564538821,-108.77853574225426,138.1162427459355,38.28117019068108,-131.9209542231629,-88.77060284085591,77.8110665865052,44.912573497572964,,-134.23123984303666,7.894511657229091,-47.95575912363252,44.153156896126745,85.61454404365993,-135.31213490097144,-98.57967322178007,
20240307,-72.08407690835277,62.73783413427354,-31.337865681547434,144.07457675659543,124.27179611134812,-107.6906566896798,140.954976623357,55.05799612927767,-132.64853210704166,-89.55527092263887,80.04902395016478,55.625493883504106,,-132.22296217712275,-14.528072831785378,-49.2036131166401,27.20727425915672,96.81560897026083,-133.82088938613438,-100.10310488727802,
20240308,-73.23320728612798,63.74091237592497,-11.54820346383396,79.93637287956605,118.41616872176688,-69.36390639551958,145.92649948705346,68.6817086310422,-135.3188533875456,-90.63078746043043,81.63744318651553,64.27541271971515,,-132.6582403672053,9.534497447917962,-50.90575438876062,13.210038051015992,110.93844973200464,-134.8774089707404,-102.92163511441095,
20240311,-75.36243983981964,65.09402997389297,6.17091467466249,26.32830572263739,113.18877663332029,-78.01266148985252,150.99825207996227,33.253662125181876,-137.68414123431813,-93.32475452219452,84.55792138868124,69.520019456003,,-132.9226559545474,29.333635560415328,-51.814705360529295,1.6981377799609265,122.84395906111465,-136.07960740029165,-102.28738356413238,
20240312,-77.05811550712126,66.13774952643736,20.873539364989316,-17.520089694317786,108.97160886919957,-85.13356633199847,91.95815752177965,5.096520478005225,-139.2076911250206,-96.05834625001783,87.44572323529107,73.81982372307188,,-133.15748104514628,4.637079355139729,-52.30238715315202,-7.727531844662244,67.44794075549024,-137.04540939614014,-101.81415944512106,
20240313,-78.09625862100697,66.96381943824215,32.90437511675969,-53.385120360798545,105.6067771787194,-94.05300685340254,43.33890916267815,-17.82472017120246,-141.56402084837265,-98.14188076174491,90.33120800137799,77.75565945202581,,-133.6505520798134,-15.579688008545707,-52.87376162945924,-15.390498405295995,88.16681735337015,-138.42744468861926,-100.72361551505257,
20240314,-77.77594587922292,67.46657638029299,42.17473696496041,-81.52586069755222,103.105075093739,-100.9701859069465,1.3511869106294623,-37.234198411619126,-143.94445214716987,-100.32678759892536,92.76839486278722,80.37352821381693,,-131.31174089843722,-33.27042887898848,-53.67435452735377,-21.080894285447055,103.2978229505721,-136.41207409698382,-101.18998660289336,
20240315,-78.12134219456058,67.82292595528324,50.17335626440081,-100.6106824504372,99.34163827802743,-106.64557165091308,30.451172267769223,-51.90895421754276,-143.47195244844892,-101.73550477350959,94.39950808937496,82.45662569039179,,-129.02733611217633,-7.404821610627725,-53.73239829666712,-25.74476592331946,114.31372072586376,-134.26384858917908,-102.63767374742434,
20240318,-49.39414745114932,70.56825389460496,58.25794045188742,-123.7947939346317,93.03238630221448,-118.21881518001726,54.23330288200584,-67.7818725116452,-91.51334498100854,-100.52656933903896,97.67660985059278,83.28859672808636,,-83.10411894657727,13.85526669962259,-53.58291608496988,-31.30300490671395,125.93939729099878,-133.1533324570526,-104.84986169514168,
20240319,-26.16538822601417,72.70579175569924,64.78222477967418,-60.73377626570726,87.63795058653096,-121.8312957590266,76.7593653832854,-80.86334360928998,-43.49243047696494,-99.72887284600343,101.46025506256788,85.59662438820558,,-91.24433447517907,34.18124569214097,-53.7131034154808,-35.39950988714962,139.06416082182233,-132.31183965408968,-106.51755698169397,
20240320,-7.170618400459315,75.37243873437826,70.6022602561799,-1.8372552380382838,83.2250564525686,-124.48873902219756,95.04878291934233,-42.20323106621414,-4.215087459719952,-99.7772135244869,104.1810831827041,87.7822668338551,,-97.47707821356511,50.90115134327682,-53.81672398145542,-38.068419745122895,150.15480214901524,-130.37612376818336,-106.21072971662166,
20240321,8.203329825345685,77.29078696077933,74.65315106731941,46.77593297700257,78.47428020009453,-125.80443627155888,109.98325625923592,-57.7330075148128,26.787823645427554,-103.74080660371213,106.48114649611205,89.71321146603516,,-101.07370449836583,19.50544256045112,-53.95549554104785,-39.83167463731237,154.2793201319879,-127.73413405256339,-105.39735518392261,
20240322,21.058776157378958,78.37965977941673,77.94704674103747,87.19055562945101,73.76964017683483,-126.94532730943037,118.52080256009883,-69.93710489980533,-6.687294234953875,-107.11566026755824,109.05330944351438,55.66272053866468,,-104.1427858154067,-5.9811884769851025,-54.001729230348374,-41.08431151462197,94.62757380386088,-125.59759392129637,-104.2963720000312,
20240325,32.662505925753514,80.62428353307114,82.27082576068736,120.41830945234803,69.91557266544763,-126.08683584845777,125.60306147708943,-79.52811197579788,-33.98181969199121,-109.70451455667389,67.08396817022741,27.16656669447656,,-107.30308614741946,-26.219640678102575,-53.69667955763395,-42.29097293261901,44.255043718726306,-124.0973505898414,-99.64873814775984,
20240326,42.268749999611565,82.80413034846366,48.26512471003173,48.438707346824884,66.87390015432213,-124.40885160247494,71.95531306398898,-87.66584430324393,-60.429569387567746,-111.85766196369094,32.83480635731578,2.51934610658135,,-111.69114041349943,-43.68680661925538,-53.976331356865686,-43.30498959509621,0.8578918150112254,-124.47819115502496,-95.87016401123898,
20240327,19.927511720369594,83.84628888649974,21.066966469968325,86.16032775922172,45.31070769487492,-122.94511986352272,27.75161654873346,-94.3595192621941,-81.86790423420754,-114.24170817420415,2.9022013601996695,-15.62087155112949,,-114.17479962188816,-57.606763367609815,-55.45457738096642,-43.98410359824518,-28.96884216948909,-124.23275798446114,-92.77355049087781,
20240328,30.8947715843103,84.48593374002492,-0.8302509188876085,117.02346095482464,46.39737920348053,-121.6991118588849,-8.916918405200613,-100.87727106370292,-99.72322250425505,-115.79356275659275,26.36800525649965,-30.39402608343511,,-115.9843610845666,-68.51101631043785,-56.65772665460993,-44.607869161451056,-52.73886903137651,-123.69506522046582,-89.32742785658412,
20240329,11.02636841817664,84.55512199602948,-17.17698504696797,53.22653976290567,47.30313034606588,-121.08051931288747,-38.90695903542478,-105.99327043026194,-114.27432564218,-116.9581091142722,45.4209750546283,-44.2110406982692,,-117.73822381732822,-76.59934332613429,-57.42753698692715,-44.82352181616528,-72.38011960387762,-123.32836127876112,-85.63022338242969,
20240401,23.494562135931016,85.53370021045183,-30.603641045100925,3.157363349962227,48.05801944909626,-120.87192572561244,-62.549643603478195,-109.89641965715843,-124.76817518015528,-117.72464430032315,61.042491616554116,-54.50931459131069,,-117.72799491210476,-82.58578984866105,-57.74687661117376,-45.205586703912786,-86.83646594311645,-122.26914006373005,-82.1781216075365,
20240402,34.40726936012152,87.58748808898316,-8.038149723911305,42.69001256414882,48.59155277994628,-119.91992757890048,-86.61279126295297,-113.58021676560972,-136.6676876599025,-118.67741941047727,74.09238269296223,-62.16026548327675,,-120.64625866421996,-87.70536603464755,-57.97691271438508,-45.93123968411997,-100.97425056105206,-124.04937351560815,-79.3512236510295,
20240403,43.51479424442318,88.9066908369961,10.630039491805608,70.49881678154831,48.972614350295196,-117.99085851303694,-106.14230067247126,-116.98418154546542,-146.29563024287287,-120.18738673674193,84.70993478602107,-67.82650139817416,,-123.41710220149089,-92.44856212125642,-58.155363075415316,-46.43586821030541,-111.90610711051562,-125.73833858199166,-77.00384596568937,
20240408,51.55946779115612,89.87240810383446,25.804769713210163,96.75055186676136,49.07007163280337,-119.16129277790807,-122.41502192456218,-119.97013830454716,-155.20915329276414,-120.31568128258701,94.08510653866016,-72.25408493111281,,-125.53777742985649,-95.80385430552805,-56.81668571390109,-46.40109747571851,-120.37453079685812,-126.29935168143876,-74.65332233289965,
20240409,58.04051558530117,90.58746576239683,38.230349915760506,118.32187052982691,49.77208300881519,-119.83830774274007,-64.51785967613114,-122.68040133176974,-162.9109914544405,-120.74604859920296,102.02745043715571,-75.97827299342184,,-126.7452089448515,-98.61790823496315,-55.54584283400401,-29.671772706779997,-126.66915084737003,-126.49603531643456,-73.00402477112294,
20240410,66.71619072909678,92.33091258469314,51.38786491328001,136.32634668242028,50.46232318181271,-120.42976646307882,-17.408777588764195,-125.43416338819654,-97.6903871185028,-121.26576633790215,106.35582043242724,-44.139339711755234,,-128.38881586314764,-99.6845538895408,-54.99122012172326,-15.715120662383686,-131.8933808794394,-126.74883190483882,-70.13523078969519,
20240411,73.99082212772977,95.12883773848945,62.37422654913503,151.91496418868192,50.90986741697272,-116.60990419598144,20.66410905377755,-129.31534393687437,-43.578713493610586,-122.0256208188671,110.23110329859153,-18.107468140111553,,-129.3603401412888,-102.20715178071535,-54.57312783984507,-4.428925122829267,-135.73093961211285,-126.4767871642423,-67.47326735859023,
20240412,80.16041317107354,97.45366998746348,70.98485890426961,165.12666656631288,51.09557317901851,-77.28888770196893,51.13045029869435,-133.2958106398557,-0.022140835378004146,-123.53131698755838,113.4141389706516,3.2140642642611623,,-129.7438212727573,-104.22425398045456,-54.333172088601394,4.819065031585271,-138.4228065040861,-126.19979105404317,-65.29716539722324,
20240415,88.41981521127288,98.72778324997901,78.91849889278005,175.11128222995316,51.34160167565318,-45.25061357861773,75.88641708477994,-136.59784878862817,38.21764103362563,-123.97749538994181,119.67201575071509,21.002603886956603,,-132.8619917576985,-104.89747324162909,-53.936126501164466,13.128310739753147,-141.51871195331813,-127.8211142463655,-63.35676288894631,
20240416,94.58286800482811,101.31738331387092,84.89595616947953,184.4777672791004,52.043991752084175,-19.44542128582456,102.99641065108649,-140.78763386246044,79.16608939339069,-123.80456120105192,124.61418990519364,35.59712082248226,,-135.23068336683644,-106.15787538739708,-53.92663878033959,19.705549815679166,-144.63991304231928,-128.50230937835687,-61.507806605117544,
20240417,98.7584614743781,102.96186233982506,88.74746562420447,187.8135569034821,55.59802177335853,-33.67580655136614,125.01300219038463,-143.39015498699277,111.10659932285306,-129.46733189773474,128.66166958511488,47.587449897855116,,-137.17141281236778,-106.99614523178528,-55.43859052330783,24.97280137354755,-147.3934320865314,-129.0214463797902,-59.88674311371544,
20240418,99.53220743727123,100.2909303023,88.74783166423875,189.454808663727,58.47084766274964,-45.602000057737946,143.08519912292107,-146.29306696885413,137.21298548703479,-133.8503854676806,132.9331537072803,56.568057194393724,,-136.09155033178476,-107.10298002353645,-55.90382843104732,27.63980750664694,-149.3395154095243,-127.18126378027301,-58.404144554681544,
20240419,98.77578586578497,97.60929439398848,56.97184610432354,190.54166267195896,60.83240795438434,-55.167802540787164,158.02761222845473,-153.54083891888848,156.679213196208,-137.3572915654888,137.7720561763226,63.90312131901141,,-135.634042975971,-106.92554540073291,-56.36974262431721,30.279591063014173,-151.04838080389936,-126.73799380104606,-57.3420063244173,
20240422,93.9972539523946,93.45688360680114,32.05655078798293,189.32579997644837,64.05132594740688,-63.14868586282642,170.48275051165226,-158.666620707474,174.11729075064278,-140.73486998067403,138.88417007446495,69.73150709491638,,-139.28953595354255,-107.00796856179899,-56.66012762046568,32.504735678751175,-156.20333199931434,-129.1152856495207,-56.32512062189405,
20240423,89.97179576491814,90.16939381832728,11.65898960999861,188.22660819666226,36.274462873854496,-69.7603077310738,98.55260755771575,-163.61266251277317,98.47691379907882,-141.84130803769236,87.88186482353272,75.07599992291068,,-142.3722080551033,-105.00019564641977,-57.08214567323995,34.357067384612336,-158.9588607904269,-130.58876861997192,-55.51681779608264,
20240424,86.68359549388465,86.7616811180139,-4.467650695203698,186.5037445311673,13.54197447668001,-38.961902419753926,39.23667209671956,-169.29843690249237,35.63186166059378,-140.838633367549,97.02680702874436,79.35278558117795,,-144.9234824128326,-103.71348568172678,-57.86765974289789,36.536637129159566,-161.3474991543086,-131.8195355383713,-55.47002709369668,
20240425,84.16965902419304,84.03617943986907,-17.51311611709802,183.9609811266085,-4.956664623442149,-13.362321801821262,-9.405824553094828,-177.7740617669219,-15.795505941728358,-140.47957318086043,105.08219474371093,82.8573009252865,,-145.7101229053394,-102.65890609855106,-58.41006399573983,37.487901974700634,-163.09637441917477,-131.44120816389758,-55.43437977197732,
20240426,82.58593806562506,82.12834829011211,-0.2865242740564044,183.2283243547742,-20.489125206695746,7.659250527614087,-45.65290411711927,-180.500060881377,-55.75899247915491,-139.96298550959892,60.00793446380305,88.11062907628107,,-147.78077731856092,-102.03283771065801,-59.151748983884055,38.80422525140993,-167.61168878949812,-131.47127864818574,-55.401560420326604,
20240429,80.82367221556089,80.60062397186054,-14.26523416791312,181.95167948133374,-33.90667815882735,24.517697549336614,-75.10847351491773,-182.54780881724483,-88.47654799034699,-140.01683297448955,25.92230590787468,92.57935484556806,,-149.972785380972,-101.36723613534649,-59.95761007813408,39.47522619645164,-172.45486054930268,-131.9029768058116,-55.26596812619135,
20240430,79.77939102254662,79.84534677096163,-26.617320019611494,180.26656695792767,-44.506907331199386,1.8859387269212273,-23.822820664249274,-184.28893291522581,-114.67562971312546,-140.66880439699565,-2.212504868021722,57.03524532498012,,-151.48964906933122,-101.16957048700233,-59.81625285367805,39.47814072429557,-175.08973334114117,-132.34843828577104,-55.53186817252012,
20240506,77.8598340985819,76.70282993906673,-35.09348907056758,122.5765362759638,-53.206700522189315,19.594263285971355,14.313275744880965,-186.2937408781324,-131.332695466851,-142.60974877342736,21.82117416397617,28.92884899640607,,-156.22247336870535,-101.40930156834384,-58.59356041394625,39.31288932700628,-181.74740686616164,-132.9419096890731,-55.9011035509375,
20240507,76.29546322755753,51.28844269604503,-42.219516883585634,74.90337425340837,-60.202594462367415,33.927658940023896,42.43970193083468,-181.479808888429,-142.49967782795093,-144.08761505748325,41.66672808219247,5.2311853336471374,,-161.25289066284543,-101.33613919792091,-57.80076012018706,38.98457177994298,-187.28070173306733,-134.85121507586135,-56.254595489557474,
20240508,74.93951388866071,30.096249951159876,-48.27036098495462,32.76028337130941,-66.06640219967451,46.254316921735594,65.4212805862103,-177.93030423818473,-152.12344474498224,-144.06616725908546,56.958494252586014,-15.621718604445638,,-165.11129819023773,-100.86191663681389,-56.970564213523254,38.525938678692185,-191.69781911690743,-136.14506571545056,-56.23496530662354,
20240509,73.8923959901538,12.955269299575273,-52.644126351428795,-1.703726484506036,-73.84143774518093,56.034617095988224,23.83386858570467,-175.67037054567277,-159.98957297979118,-145.18193393349242,69.08092692460339,-32.70555934402409,,-168.74520040514844,-100.98315537979106,-57.36967264928764,38.31454591096042,-196.2447185394846,-137.77156083064207,-56.82809529491121,
20240510,73.10573918864182,22.18552200399199,-56.01468453657747,27.04578743279097,-83.95685181452954,64.08967365069532,49.22104553400334,-173.18979465559752,-95.42435876950823,-146.01283695623218,79.39200360831647,-46.848635681587034,,-172.1172671200104,-101.15347575970294,-57.82921344390332,37.99990589846504,-200.59518928746664,-139.25033914421772,-35.62760604033597,
20240513,71.86969020224184,29.581769509455473,-58.45941895060146,50.5402171462311,-49.04025567794434,70.551913335546,69.74125586924005,-169.6811892681983,-43.658905432274786,-146.0591329237672,89.7563235495587,-17.69420543616998,,-174.39854547933754,-100.89150603146362,-58.19019778192881,37.710713632660166,-204.19201944509024,-140.31019005879216,-41.51586786832391,
20240514,70.806120650931,35.71374165500983,-60.44463723986826,12.662248379269286,-60.06353937643106,81.49316842239071,86.67989205636225,-166.89795108845377,-0.878071843119074,-144.25978320873128,98.08066984985302,-35.104352598402116,,-176.4110347844534,-100.1675979297336,-58.1353210674548,37.191879327799946,-207.73024975043097,-141.43160911603727,-47.31377028421371,
20240515,70.16544776999646,40.7537410673557,-62.400171638805325,-18.753706719616204,-69.60840358011293,90.26181810907534,101.25168708369134,-164.1452838168999,34.13963317191257,-142.8381675734709,55.544080535520614,-49.201834147268116,,-177.1966964647263,-99.55439632434971,-58.08760022158014,36.76357791667543,-208.81709696356188,-141.68687676715913,-51.983850299336055,
20240516,69.63161997695718,44.932019469768,-63.9842622035661,13.59817397068268,-38.7237580733527,93.18985689729175,113.55556070605054,-162.06971357580767,62.33186757501695,-142.66604801408263,21.814217540544043,-60.147898708073086,,-177.4273185747047,-100.20140452470199,-58.43601306184884,36.406960465928336,-207.5917992774465,-142.63959923838354,-56.013910596686834,
20240517,69.30355843603641,48.34445832537173,-66.12344233120366,39.130497044229465,-12.515841168522346,95.95858309208734,118.84930409748945,-113.30339462331705,77.3653990914136,-141.97718388501227,-6.644815480666734,-33.90722765486673,,-179.3552868136193,-99.5667506754041,-58.40914020538338,35.64086305668063,-207.3733830026487,-144.89170310655626,-30.578472000240524,
20240520,68.05305220640277,50.96111930696734,-67.51332700058147,56.43292379094666,8.262554260985343,98.2293703160767,123.29863163281989,-73.96081930827924,89.20916433656593,-141.01955450711282,12.792491660522176,-13.263079919942234,,-176.69952905280869,-99.08028112935618,-58.36868844845356,34.927516395664135,-206.8577412350093,-144.23343068261818,-9.714556737912847,
20240521,67.3916725987734,53.754778072919216,-69.59051178241903,70.37300467011688,24.76584363313548,102.8514391553606,125.82948231140917,-42.574149422719486,98.36872395500248,-140.21618563874603,28.753643379400856,4.171534062731302,,-179.82323568383129,-98.2822728152589,-58.921703110546495,34.974839413145936,-208.1703784275691,-147.59734831692958,-23.664378104335626,
20240522,67.48151412071982,56.36217341643902,-71.02329561969448,81.91807415022468,38.088621038121765,107.14473212595175,127.91397260609156,-16.61693519989477,106.11139331336294,-139.59909356362382,41.105923007359706,18.30561724617997,,-182.1269576133688,-97.79847026675961,-36.93504635626758,34.95198358836615,-209.0151808036471,-150.3889370608783,-35.13839939890189,
20240523,69.2720966895278,59.60950098108604,-73.09108119626788,91.60397507825765,12.703905527339913,105.68834657947936,128.51794550820028,4.623915024262798,111.18901701114807,-139.041407466474,51.77380796299292,29.591013238101414,,-183.983349437302,-96.83759596544206,-41.414537137722384,34.84800762052032,-209.15207913627245,-152.4694678511374,-44.20344502766307,
20240524,71.07426739017548,62.43788710249947,-74.90941286856844,99.49226813798805,-8.351767311476085,68.44731598549942,131.0587682240052,22.222682938193657,116.50607466671457,-138.15694889516408,60.526577473114095,38.28976877415479,,-183.99872587495142,-98.13650534766296,-23.368919813897765,34.875991542380206,-211.07611717921336,-153.30055506224988,-51.59021120044548,
20240527,72.0836976094696,65.45544684957557,-77.68545522969102,106.52762685501064,-25.619547139891274,37.30069313986255,131.47713795431474,-0.02203964907071634,120.00566778821836,-140.41306552778104,66.60907552663852,44.507871584832834,,-183.57971478205903,-99.05059338287154,-8.35880992284692,34.90256919656005,-134.1238161306769,-152.5901314833259,-58.61718010600542,
20240528,71.45630250363564,67.735276104945,-79.06608769536511,62.2520514077841,-40.39163720854206,11.725939598737297,131.17352852105253,-17.74015788429628,122.54304553252582,-142.3207990571234,71.48084477770227,49.61444315136212,,-184.9883880850478,-100.21808715038568,-17.428101253166762,35.22246971392379,-144.96057069454906,-153.75947971710568,-64.30725122022687,
20240529,70.9443327025461,69.04225279631953,-79.14775706574832,73.03092510672734,-51.686672290761564,-9.189724803013995,131.8320561476673,-32.40175287386183,125.0121720731047,-143.4902215892183,75.22319796934578,53.753845442825636,,-185.48751986903153,-101.24710142564562,-4.704223246155186,35.31971481179087,-156.7115698521922,-154.31002345195412,-68.78009976132003,
20240530,70.65710459399547,69.94993650942992,-78.7639124451543,81.88614924781348,-60.485063064024516,-26.919659176226556,132.48871290912768,-44.47411732375733,126.88428584403482,-144.3714116117212,79.30508532211911,57.12306289286667,,-182.47442289598757,-102.3296861300262,5.2474938376880695,35.180675439504455,-94.01344196639408,-153.2339780999104,-75.81560589685938,
20240531,70.09955705137,70.45095412017152,-77.99603878706947,44.51201838599696,-66.19225971198394,-40.95981297141141,132.76756183620748,-54.92474487522799,128.26307429380122,-144.33841389385574,82.54246566640857,60.49868099896515,,-179.67967424688658,-102.41530787151258,-5.131026040123471,35.23274744812742,-42.56389640924154,-151.41723689611752,-79.86373097353737,
20240603,70.02921675773439,74.53126495300928,-78.78768471200839,11.628832948256836,-69.88397580044567,-50.5341211521323,132.10538289134854,-57.45900700505928,128.17615413411858,-143.35623422662965,84.12287922799138,62.78296199953006,,-175.38172003418543,-100.06328525769246,-14.34083351538121,35.1298089530298,-4.105756048817897,-149.75810010897652,-80.99342339364736,
20240604,68.7600451431423,74.1808373006456,-78.51927309562258,-12.875316243939732,-72.5831688271407,-58.635068276468665,132.92756682858382,-59.82402602060822,128.36129935777194,-142.4689864689584,85.40996044242388,63.79923077547358,,-169.9891172636952,-98.41168800975838,-1.6125009750082673,35.045621296709136,26.396950402823084,-147.29554424893826,-81.98715787087477,
20240605,67.66790162773091,73.98704678765132,-78.42170978363278,-32.430196252346576,-74.85749038522393,-65.01282833661423,133.4950568889868,-61.64975770112489,128.39268927261472,-140.37598800695562,54.85992721726021,64.28516308672312,,-165.92325009308965,-97.26320651759455,-11.57455366760329,34.9835407523768,51.61149851943586,-145.99678257773613,-83.63310858486687,
20240606,66.84003140160354,73.70608079217848,-78.17232267212165,-48.37834821487429,-74.61303102215436,-70.27593657519355,134.2622454418434,-63.1236624170511,128.39219323275069,-139.37442337086262,29.665352583052076,40.4638145991921,,-162.61928321177407,-96.44059847323071,0.16845001760737247,34.90379918350918,72.24951518843068,-144.9341593922071,-84.25920745849191,
20240607,66.257767922487,73.4961647172219,-77.99767487663941,-61.01812446087452,-73.70069748841073,-74.70898237739809,134.86960434121065,-64.42409315082072,128.4988653206133,-138.9310995073377,8.993526092818733,21.016679372892792,,-159.74291666616577,-95.79360313029929,9.596843441440301,34.907611041162376,87.87349682290883,-143.56050869192984,-84.79567235366514,
20240611,65.28691450055422,72.52045070236824,-77.54737739501653,-71.26844815237142,-71.5390676959385,-78.52904111030645,135.57273066731855,-65.3747519880719,128.84211111134985,-138.67605227100285,-8.10989111138613,29.166870046604142,,-157.17397631956598,-96.96132710879665,16.705222176681737,34.870864974623956,100.51959401498685,-142.25252383831491,-84.30052621430268,
20240612,64.3654086944732,71.5107455343675,-76.77809042509153,-79.19037024792387,-47.34116675226962,-81.66004298541408,135.70223264347942,-66.17686892625998,128.8794356964512,-139.80642462806873,-22.08754730754573,35.74725020917992,,-155.21762833328054,-98.1967358903914,22.93462711739065,35.16297135663082,111.07326841703177,-141.28051935161233,-83.97796014855672,
20240613,63.67398967688103,46.267016366360174,-76.17854110170519,-85.67776175749465,-28.149158412803356,-83.57954968251434,135.73411791122777,-66.77464638140115,128.81110701149225,-139.8136904735833,-32.33331857034728,40.62743057794045,,-153.48779401011637,-98.80976657469722,27.84420743723785,35.357621034429386,120.33541520447686,-140.17094646820095,-83.72404153949473,
20240614,63.07945785568998,25.620131612647103,-75.50466433056606,-91.00397013475016,-33.53891582924066,-88.27823692801724,135.60341785501564,-67.26665468066199,128.78520043413977,-138.53140729971054,-40.949561814746666,44.68338244108921,,-152.55149611763883,-99.62626062572325,31.905148039172897,35.54516209618008,129.2446208784533,-139.50528368649665,-83.46118339719014,
20240617,40.64445071524409,8.587960290692513,-74.974682864672,-95.68534803933416,-37.448435772246306,-91.96212767117206,138.9956221390984,-69.69647045601853,134.37605356716713,-140.23021970930174,-47.946989548517486,49.356213936148855,,-149.54891875169488,-103.04142877021253,35.153449005098054,36.978712527650046,75.33691443746149,-137.47496326660274,-83.40311359067059,
20240618,22.128701423189682,-4.985177538532357,-74.2848982084216,-101.22539344132105,-40.75608560970928,-94.69193129691388,141.61485117253557,-72.32127618239335,79.37757532120379,-142.6579199142952,-56.180307268501416,53.811171270300626,,-148.7942235129034,-106.13984407473157,37.75188998979115,38.76221738294571,31.333666118655188,-137.1890712902086,-83.75136116867012,
20240619,7.346633398047894,-16.304892259376622,-73.77723452657214,-105.30454142148605,-43.51810540438567,-97.30521093759076,143.93006913887666,-74.36919122084821,35.84297758284831,-144.83314658629095,-62.94826697927808,56.36610140217157,,-146.69585722436577,-108.12838605741533,39.916057632194054,40.205212813952535,-4.178411921307758,-135.7834611925596,-84.20516559289852,
20240620,-4.7312347095480645,-25.775132760522588,-74.54658361894775,-108.20025172539114,-45.80159524368895,-99.67017997126264,145.91186885145072,-76.40465857671654,0.23052410994437314,-145.88195668035695,-68.92120148998659,58.543504074061055,,-145.15125779602477,-109.74298924667832,41.776413288359876,41.523668701432086,-33.22762537266856,-134.59907254411814,-83.86634078190342,
20240621,-15.099385406982336,-33.58678192303291,-75.25278692346586,-110.56192561500119,-47.53403803376982,-105.92331795651256,90.5167238917136,-78.00043214576338,-30.600935074207122,-146.45975343614163,-73.84384687375635,60.48991212349297,,-143.7157534699601,-111.3876299842326,43.32046114907322,42.70539385575577,3.2197048824445584,-133.63441336581428,-84.39200013359819,
20240624,-23.495530237501956,-40.06328875651142,-75.95078729065597,-112.5047333297958,-49.046422647159844,-111.01292104921257,45.45072898153895,-79.72187741730265,-55.92935389646665,-149.05262479572437,-78.04838088935445,62.56304061504373,,-142.90329282498774,-112.69884498660302,45.1506991518563,43.26948694869739,26.263190521827777,-133.22925188162824,-85.08562843212202,
20240625,-30.58377845697785,-45.509567210931706,-76.4290389694696,-114.11986071643952,-49.802190069481334,-113.1661488825932,68.99856534346011,-80.69140177380656,-13.778967271056624,-149.63092893905386,-82.0358410678889,64.73112353497316,,-141.69144477811975,-112.49056729837402,46.464814757261216,43.97961730250318,44.63225601203078,-133.07370074096855,-85.35245853240569,
20240626,-37.42340983529175,-49.9680459905383,-77.06692431059784,-116.18770889333335,-50.42903327933131,-113.77681937078525,89.04915811405523,-81.50927559458158,20.918318573442793,-149.85044171196967,-85.22273286076211,66.49104520348048,,-140.74074201212687,-112.3461921133731,47.53882919463239,44.495985989867364,60.264827243077,-133.01132160109853,-54.20082732291172,
20240627,-43.2155790429743,-53.93311187272662,-78.37019079707687,-120.06747787880418,-51.112593421579085,-113.93219779993126,106.01263443277783,-82.31807093530989,49.77901944491346,-148.93042325054333,-88.38111040029641,67.90787726708794,,-140.35923948386016,-112.04272843282276,50.09408563374629,45.59696281450699,72.98244332175015,-133.38361793389322,-60.18579025857758,
20240628,-48.049630243324984,-57.14045433215782,-80.69567245242537,-123.22322873303075,-51.87193511774283,-113.93364080829917,118.48821570745568,-83.36689643283314,72.68965046763209,-148.11315813502512,-87.8789037076967,68.56083894263132,,-141.26792515566632,-111.60725501662124,51.8458228164548,45.97107266701938,84.1930933089107,-134.71916039516137,-33.361650525908296,
20240701,-52.46980652966276,-60.22488907143985,-85.1252176470687,-125.6021356111397,-52.769071757960155,-113.8724642048899,128.96826961087388,-84.35862131054007,91.68304703406342,-146.65447376510272,-87.62993705302998,69.00626537150886,,-88.79395305323631,-111.73699854065178,53.323061813392584,46.13985891523057,94.11720983804027,-136.5356562480673,-10.376597387171815,
20240702,-29.163463347814655,-35.50913390949976,-88.19023216745988,-131.1563065354416,-53.57305408462927,-118.14250694973194,141.96562391831367,-96.20994906069436,114.91798730927249,-146.24499405910376,-88.07061486512464,70.36566771164208,,-102.73384953337563,-115.34252336325163,54.32204512843095,46.77975266179881,104.81690101482845,-141.2046735839263,-26.797476529003447,
20240703,-6.888461497623392,-50.964643565958106,-97.12435134197375,-145.80843694992936,-54.30555506276775,-119.87189845504288,152.82193734393783,-106.71923681476713,135.6154384614604,-145.72082392562143,-88.43920249837947,72.60030723504393,,-55.37989780359543,-118.35050298205972,55.21339645670651,47.27656047416156,114.58771251896434,-86.43884350518672,-3.510360757952508,
20240704,-23.213019226292836,-63.311465500034316,-105.31891463862125,-167.08892633978422,-54.7614513060085,-117.37175037731247,159.57219131063883,-113.78379556512014,150.30596017375353,-149.18581653797932,-91.43169668747389,74.92234685686755,,-70.60819924861103,-120.95279090109949,55.977731373998296,47.79796656180879,120.94561287129233,-96.74497860082919,13.833607869423945,
20240705,-36.671579258856795,-73.70229726857391,-113.12954862286384,-184.29087468610652,-55.973575753694426,-114.86459262175252,163.57455155018113,-119.36823288586261,159.75290713219925,-152.26226057517937,-93.28361026594298,76.20296353591291,,-82.22389601098529,-122.31648437599262,57.472870657247384,47.66233683592372,125.16956969451407,-103.81324793777952,29.008072217067234,
20240708,-46.15304054830561,-80.57595973311142,-116.34351377527211,-191.7814867772615,-58.39709493969051,-112.7961395604642,166.05625674096646,-123.5473879119356,167.13698371720366,-154.6688607153616,-94.84021506524647,76.90194474425464,,-91.52224841571169,-123.16580489293453,58.53000697650212,47.025836517154175,128.75142141126142,-109.96963339396083,9.272134243540833,
20240709,-56.40543877656563,-89.13190844204277,-119.49917623365474,-197.77739466537113,-61.45634035723349,-111.09162454399737,103.81482549838938,-127.07072701807101,173.18059458523146,-156.76621877807403,-96.57654197941226,77.63161818617881,,-100.0135144997173,-122.77791370558123,59.90565859302854,46.65787451173756,131.07612709680245,-115.98012264152342,-7.636378151855542,
20240710,-63.027213528118885,-93.56524442166473,-118.75806988813977,-196.8784624586622,-64.89332769315355,-109.43250065842851,51.474143499716135,-128.78019413057925,178.14983371173767,-158.35150486742006,-97.8854118384731,78.03694668548759,,-106.90950355198197,-122.4003335338321,60.532735488359144,45.652159801158405,132.75186063854488,-120.70383456902447,-21.20539368806896,
20240711,-67.33430976944692,-95.66991231921206,-118.0472609617954,-194.8755680262273,-68.33413671443402,-108.17376525206994,8.954305362333882,-129.90683875434746,181.91788094758962,-101.65951717382272,-99.68656180317701,78.8063597031706,,-112.25304483841758,-120.54758285362459,61.09308997052618,44.84346076361934,134.039586405683,-124.03027060226778,-31.96441114706295,
20240712,-70.89933642019982,-97.36990337295127,-117.56369371072847,-193.22324299703024,-71.66313903697038,-107.06639564126361,-25.92330156105423,-130.96651430929998,112.58513477558947,-112.08778485066088,-100.06903051725003,79.43748038579045,,-116.63331971775563,-118.87978431115262,61.44369302562096,44.1577893490344,135.06699920984826,-126.59086841310868,-40.80259383069937,
20240715,-73.89745693072211,-98.39539995315958,-116.6328862140148,-186.63899366484884,-75.33598121162541,-106.29167205322685,-56.291995193549916,-130.75747055628375,128.97979018677597,-119.9093528374383,-100.45624141430821,79.77924719297012,,-120.98667396235544,-117.74810726745346,62.49880676347568,43.65068158780383,135.50020879354878,-129.22092432045974,-47.74625092658356,
20240716,-77.82449189747194,-100.14902972701455,-115.99672686058481,-182.43111077079115,-78.16382611017073,-106.12942846097953,-81.53259895071771,-130.14999236771956,68.57602535574513,-123.09039799033323,-100.83281708316153,80.72443320539217,,-124.37384027365185,-116.82398499762355,63.44180886814607,43.32163089563249,135.7322655995374,-131.25569054493383,-53.60080012892392,
20240717,-83.06400088077409,-101.70526781206604,-114.90230990751296,-180.01925314845542,-80.6211531265567,-105.92131415801347,-104.3850017043756,-129.9538739570992,15.439553093518352,-124.58162553109584,-101.36566390038783,83.90153882599363,,-128.91047733354537,-115.25919537537771,64.42352401272093,43.051979672271486,136.0790181348718,-134.96136551606833,-58.42058177788474,
20240718,-85.42761693533221,-101.02501238024986,-111.50286835247478,-175.18606658976373,-82.53309207511855,-104.92357426858307,-122.98817073027783,-129.79373948192264,-27.70208085751939,-126.01552423386758,-101.65871551062605,85.96004447141156,,-132.16990970915901,-114.02269480640932,64.76023532775912,42.93554237539996,136.3640916129987,-137.70835864329007,-62.90653547934894,
20240719,-53.89881076934918,-99.87622029447917,-108.13910749057206,-169.00374086868848,-84.55482954131142,-104.35873106862276,-139.3724843612433,-130.07384717394388,-62.43970935822306,-127.27122089819095,-101.65293523380315,87.49179300909032,,-134.89462470715074,-112.94833420285492,64.97399715652662,42.8260943660393,136.43922905607292,-140.06656710283602,-66.42276209595614,
20240722,-59.39270240057052,-97.3135587716887,-103.72620381987171,-161.91579399988393,-86.200682672467,-103.35322338219218,-153.86452617399044,-131.01813658192287,-10.797173387738152,-128.4485878706103,-101.22536409167563,87.91001129042564,,-137.36827096487164,-112.44991121373911,66.00273654423917,26.942840059072278,147.37400506827214,-86.72663952988614,-66.27093929546724,
20240723,-63.87760379267842,-95.4143392351596,-100.35300777367873,-156.0993514168237,-91.03616968171802,-103.33012485294755,-167.34476492667426,-130.46750695427488,-53.145558909117526,-129.79928147392894,-102.11257989713539,89.80237931619197,,-140.65313367976916,-113.27496349080668,67.02486111697202,14.058487763678478,162.1490529758107,-100.40507262884572,-66.0061908939372,
20240724,-67.61262818227797,-93.78396553414281,-97.25991887262924,-151.7358994007052,-94.25046372772815,-102.70567222543927,-178.33165897121762,-129.09306525751643,-87.479647521555,-130.54761447292273,-102.59687235548331,89.7353005070415,,-86.69805835310781,-113.82989486095923,67.35078541456184,3.320501764256138,174.6540102545866,-52.45750041219885,-65.25643345919484,
20240725,-70.12218028264938,-92.4265739120496,-94.68669218941073,-148.43154989949858,-95.54468823816232,-101.36950456886687,-186.94252101856813,-127.72244592881765,-114.06490281845063,-132.60718610116461,-102.53076678304902,89.10242656687028,,-97.6242422638893,-113.61272694669225,67.86176237799312,-5.61514845555538,184.49502558867144,-71.15672434824357,-64.50959082139076,
20240726,-72.29175646572912,-91.70315937550777,-90.5501478910779,-144.9935067100307,-96.18611624446804,-99.84632652154133,-199.12538168545487,-126.69622118976237,-138.06831478417735,-133.52253161571673,-107.34457192763857,89.30204744604725,,-105.53689905603876,-113.78465745441909,69.21756099606537,-13.750106938503363,192.96174557456754,-30.762403945602887,-63.880871540084144,
20240729,-74.06596250761709,-90.93474848633463,-87.14137647540852,-142.41759129385224,-96.86533404083603,-98.45775457129812,-207.97334592443246,-126.37126140820874,-157.96871851479247,-136.32693699105658,-111.28819035242628,89.67806507870087,,-111.92188714908417,-113.24587945453999,68.88930744891721,-20.323129229495326,199.31995537238313,2.2874076782589094,-63.477769406546756,
20240730,-75.47229741801497,-90.06480088502573,-84.42779776845425,-139.4483119347699,-97.41734791085518,-97.33268504321546,-221.4429999066641,-125.91431374457451,-175.40690577304062,-137.13519942197095,-114.49190359313967,90.97355223148026,,-116.23376892201212,-112.61965408738386,43.31207482848436,-26.728869547853282,203.54488092794034,28.230872429068118,-63.4968381218183,
20240731,-76.52896134554217,-88.80835510409948,-81.83908864436881,-135.7862174819735,-96.91750714466043,-96.53753437845452,-220.99327481649942,-123.00543435722139,-178.39695790010137,-135.3940467127952,-111.56081279694084,90.81599443502903,,-120.7853220873466,-110.06245170229198,47.36870773296634,-31.960219386257293,205.5221557074338,48.64735637881479,-62.54032461335071,
20240801,-75.97318554442724,-86.23361707303904,-78.96304855211967,-130.4043843826466,-96.97201177004054,-98.28409626130355,-221.60050738239292,-121.21106812690866,-182.17257431451267,-133.3654450574699,-108.15884175847371,90.47022184847629,,-72.02298789000156,-107.93248086192709,50.465871443629226,-36.241939614795115,206.93232815636682,65.57780235094712,-62.39561204107449,
20240802,-75.05166055720622,-83.77035689151778,-76.08920556596962,-125.67882639503225,-98.65333124112702,-100.14150592890188,-222.7622653481658,-119.56257737735775,-186.64316934083126,-131.21473389000036,-105.82482723769462,90.68818350127884,,-86.02905553967794,-106.39984938000104,53.07316364712319,-38.812134166797335,208.9436397706271,79.46373181940861,-61.748057164705784,
20240805,-71.7008602723648,-78.36594064557245,-71.94205881161731,-117.80612580052126,-100.06327526764167,-99.72994814913622,-222.0898843485293,-118.59561915939895,-186.40536772253554,-127.66903403014834,-102.44895555928804,88.18050050260506,,-93.52615896150961,-104.52690090895756,55.40617529693792,-41.5107406113636,203.72088885004024,87.30790420034207,-62.03516063238081,
20240806,-68.97663778253417,-73.89889834340235,-68.50764884366298,-111.27599605902995,-101.61063760083374,-99.44587360518362,-221.66804499872183,-117.53845118292773,-186.1470886222651,-124.90474182893028,-99.67418377401003,86.2434221501752,,-99.03187612486789,-103.62349842746242,33.25981478201258,-43.55058571438284,197.61709407347445,93.42687090637865,-62.29863642454791,
20240807,-66.88336470797589,-70.36269825657143,-65.85395536399076,-106.18569161953863,-102.79618802710087,-99.6850109069327,-222.9353264051607,-117.3652966779294,-186.93451743821834,-122.640697531368,-97.83413696610224,85.13150373725121,,-103.4874516388641,-102.93864376096784,14.729030152094062,-46.54583246831143,192.65155505995253,98.45771977139523,-62.64665064009835,
20240808,-65.30607960412631,-67.60496930388663,-63.58875943459481,-102.21271001036071,-103.55528140098525,-99.19586187894838,-223.9278898801827,-117.37013623290979,-188.32567238116246,-123.69324523544232,-97.11296065652077,84.57197686402029,,-107.6905244317268,-104.79199407601224,-0.44352610539292764,-49.038862520198386,125.03986529868752,103.49164872004052,-62.97810067035423,
20240809,-63.63633586058276,-64.98974242253723,-61.62647084265462,-98.9731725717911,-104.09114627526118,-96.70811849705753,-224.75069494470557,-117.47027250483607,-189.19023466721504,-124.25076827965658,-96.96588492434712,84.11402650568442,,-111.09473969425188,-106.31265845441997,-12.73847517306153,-51.23380527463216,69.65027540352578,61.87746607550937,-62.72421215413496,
20240812,-62.064638591493875,-62.66268262684204,-59.70216944496543,-96.17045949182439,-106.04624306222676,-94.63648467038493,-223.90834330161974,-118.51941851394827,-189.40322120317626,-124.81189414051487,-96.76658839459911,83.56716570116119,,-113.76225655709148,-107.07778959656875,-22.841519962591388,-52.75635604707528,24.48587788092743,28.76082248875398,-62.0796845790423,
20240813,-60.52244908896152,-60.42328095878559,-58.01305034038918,-93.43677907896712,-107.81708120710518,-92.87769321774731,-223.2661243395908,-118.7076731168811,-188.93384861286904,-126.64861691430674,-96.44852254609724,53.73619763171854,,-115.4247282887458,-106.25227869426901,-30.440626274657465,-53.9551720589559,-12.41245285244704,1.821319049351756,-61.554577874605236,
20240814,-59.102620027244235,-58.599581975192436,-56.73000428061242,-91.14674284302698,-108.18639460013218,-91.27085621817056,-222.83201120123272,-119.11050174109397,-188.51169806226898,-128.44283973982186,-95.58140023573952,29.275264105145403,,-116.60783446816154,-106.18184002887949,-36.44219165494427,-53.68975064244859,-42.20709613421964,-19.819898609658967,-61.06016426246068,
20240815,-58.30642162158738,-57.41104053919715,-55.88299938428212,-89.47648914086346,-107.61599533648581,-90.50242276295319,-222.6529152321284,-118.19787604906051,-187.93569390854373,-129.9639500819221,-94.87004072066608,9.450915375091574,,-117.91427777696916,-105.90161909275011,-41.9564106889272,-53.85225208483145,-67.19154541833946,-37.72434074109112,-60.22322117452899,
20240816,-57.60701280446831,-56.32994385167734,-55.23479429114736,-88.16192800508747,-107.15414083741163,-89.81944144731509,-221.0501585937654,-117.1407945503147,-188.1635712023374,-130.88261004589626,-94.32777632741247,-6.691655560945931,,-118.78288562388616,-106.09383515485936,-46.47394190750203,-53.9246138988366,-86.73396104874537,-52.34706961702299,-59.60113482897639,
20240819,-56.90471302148502,-55.46376047378402,-54.849141106262365,-87.48668610658152,-106.71939381564452,-89.42745864744424,-218.57826142290503,-114.95772202099975,-188.10852519914306,-131.39604818711766,-93.73274466582804,-20.694058460728606,,-114.84774467439658,-106.11570734102551,-50.09135666576596,-53.84914661038966,-97.98987306257204,-60.68049949733714,-61.06417054573752,
20240820,-56.211719735150325,-54.561867893872986,-54.43391921841614,-86.64234840484907,-67.18948769639805,-89.27365416040368,-217.07389909673844,-114.24952954838685,-188.0808741935771,-129.95421224590396,-93.13390640962257,-32.19676000542322,,-111.45572057817574,-104.43318698261858,-52.486047232617075,-53.60261937360875,-105.2816235859733,-67.4092182556782,-63.33437160375591,
20240821,-55.62725207092768,-53.82903403257421,-53.95222734523917,-85.59184356099883,-34.11667132500313,-88.45005346943209,-215.0774191025664,-111.56567833123893,-186.8109337468497,-129.03247493385922,-93.07725041198881,-42.630547822506266,,-108.02395817121682,-102.4896264511818,-54.07266407186059,-53.12824369314097,-62.65822673963531,-72.51793711686722,-65.59847736011653,
20240822,-55.015237389763875,-53.11259590286653,-53.495336686028836,-84.55353753414217,-2.8377569943730667,-88.9231356629042,-213.76319640958468,-108.87311464179781,-186.178239385773,-128.10858691293458,-92.86817938740275,-51.95596453873729,,-104.8081282649316,-101.30495187059648,-54.0710995763994,-51.84217633699024,-73.04073793602677,-76.28064422844292,-65.66288381451454,
20240823,-54.397120796012025,-52.50001622451085,-53.398240544007166,-83.8094121962243,22.66813819318256,-89.16935708113341,-212.10964695220122,-106.22747773252456,-186.1015088887513,-127.8728536044239,-92.52641436899529,-59.864179129508834,,-102.8882236900893,-100.99013775697861,-54.11522590071226,-50.79464720064051,-81.71300766966493,-79.83856699017609,-65.79934659668096,
20240826,-53.281642620408945,-51.39543690848888,-52.49760535055656,-82.29290453268078,43.60697967713438,-88.96449436966437,-205.6364135337839,-102.21597631983913,-181.6610714228152,-125.97211438897429,-91.65866433825065,-64.63491608668095,,-99.27528049365499,-100.13888178189936,-54.841707800123274,-49.87103348885682,-85.84584824133005,-80.84241722101955,-65.43972726600975,
20240827,-52.45101470456666,-50.606865814685605,-51.97033750729478,-80.91050752418221,65.93862094252255,-56.46562766753874,-200.9373153674406,-99.33917474192211,-179.4283890481202,-125.08584609080154,-90.90850692454802,-37.31029850425542,,-96.50216078890811,-100.58462858775687,-55.21266717549358,-48.86247014496063,-89.11205925418189,-81.82071281277753,-65.05632072271315,
20240828,-51.665320286787406,-49.85801761710061,-51.46618413819989,-79.43633733889503,82.67998123562647,-29.52282915221968,-200.01393753848126,-97.789731392119,-182.17798694132202,-126.21276710195126,-92.75690339278268,-14.339311490109697,,-94.8157183852456,-102.6860535863375,-56.225423944040735,-48.013172032876035,-91.89265295720966,-83.33320337095141,-65.42217959994402,
20240829,-51.237103883328075,-49.43869064615771,-51.12421623216708,-50.912961081611286,95.15918014235076,-7.7146295856409575,-199.41372536750197,-96.51655750097198,-184.3936307247185,-128.01926764305833,-95.27907258193312,4.522024287576536,,-93.61544827866965,-104.41665839360223,-57.09287166980094,-47.11106048455385,-94.24518866388608,-84.96931191721497,-65.52692446114622,
20240830,-51.04894367307605,-49.065967177690474,-51.10071849118792,-28.09483464951049,105.68404868525633,10.288841429751422,-199.43585378372228,-95.52565781572852,-186.33438266741487,-130.17656341599175,-96.64064039162535,19.939777990599023,,-92.62568332700515,-105.93127007460033,-58.37087646269428,-47.14997598078944,-96.12450093016123,-86.37279838615228,-65.93211338553856,
20240902,-51.261196791174996,-50.37530693502619,-52.313108718049136,-38.343423306992904,63.30375707216011,26.506944267768773,-195.75669931116352,-93.68814445270263,-187.5659723364929,-134.37506843394746,-100.22413476211703,35.56180763720124,,-88.17831389248886,-105.90049091630276,-56.4748838741279,-46.13492029477435,-94.52057276301242,-83.75616325072279,-65.81028645672721,
20240903,-51.37890755108737,-51.200977146968825,-53.04747219856878,-15.913643528291987,74.5577561686421,39.03566162654873,-192.7624790778286,-92.21589701635381,-188.35811742021244,-136.85036348035405,-103.15661381136783,47.785186484416734,,-84.4176447110718,-105.8098866295602,-54.71774782012474,-45.403568596633576,-93.30100115260436,-81.47199775528931,-65.66731053801607,
20240904,-50.43477674129083,-50.39502930622866,-53.39312445766845,-27.46209310193387,39.89725365839185,19.80010686649825,-187.26812037463924,-90.98576308408562,-182.92728572917287,-131.7768083001541,-101.9869780513432,23.127928564332304,,-81.23756350475755,-103.60793005428532,-53.28446706308725,-44.822764753488364,-92.08327414048298,-79.39961000256152,-65.18882096293163,
20240905,-49.86842591514432,-49.85729666355191,-53.86350828021297,-36.471833451298174,11.499033627593294,3.6864661052282948,-182.72909133262695,-89.98762364195075,-177.94612524371144,-127.52481858047203,-100.66103745414897,2.9080707932150918,,-78.42857335270848,-101.44344548912541,-52.055242588491716,-44.09387546173093,-90.99155666019429,-77.38552924877612,-64.53486652466331,
20240906,-49.55521845996391,-49.58916336789205,-54.22990203045741,-43.44684394747607,28.022510304696524,-10.392233844640403,-177.98218215252118,-88.94666015385448,-173.99331205897082,-123.86262048812259,-100.06714266701017,-13.628516889412394,,-76.0102769694388,-99.67895225472738,-51.182318983825546,-43.512662348771464,-89.78929564295545,-75.67315225746444,-41.8272567357885,
20240909,-49.51036132279514,-49.44196988022978,-54.70446505956849,-49.235473448546045,40.0978306588704,-21.8947632362119,-174.59213427613372,-88.02089617117309,-171.0163513398867,-120.7471303574204,-99.60551660723785,-27.686410940905542,,-73.83259931826841,-98.55791132192526,-50.47618714896396,-43.004879582017615,-88.77471074327777,-74.2995935694123,-23.553932701800875,
20240910,-49.80876982786001,-49.70181440373419,-55.450477923851835,-52.09325092571555,49.68983934572317,-31.276410892356125,-171.83246245609683,-87.527823462674,-168.7750234054984,-117.03731009671121,-96.36238930849662,-39.42202494008458,,-71.31781658538601,-97.81489274551672,-49.89367676562782,-42.548347411671394,-84.7652696386782,-72.04184551959996,-29.4574585209734,
20240911,-50.0274612683411,-49.89968456930833,-55.98195858975792,-54.414460634310295,58.394265873998805,-38.829220107390924,-169.33079669937067,-86.90218961075973,-166.65120220951158,-113.80249340814196,-63.7994203724098,-49.000762955286746,,-68.67043289361128,-96.3706022748192,-49.415398980423916,-42.09229899703333,-81.10319265844271,-69.29765837369362,-14.094552562401727,
20240912,-49.89837335608144,-49.70345176005869,-56.0024140025441,-33.50731835614669,65.07577359788787,-45.01841307061655,-166.56481227482894,-87.1172748799232,-164.51275827801314,-111.20766590062618,-37.717285131552636,-57.326340613013656,,-66.29502369988897,-94.58320008349047,-48.6512864991483,-41.706258877588745,-55.52268906201917,-66.83834284916865,-1.2955549286607657,
20240913,-49.90773185691912,-49.651370195190744,-56.12088021901969,-16.165475709142015,70.47224632717848,-50.09537132224611,-163.7819754490493,-86.89824477508958,-161.93175161237812,-109.20390193803661,-16.1845888519046,-64.90900319871167,,-64.35883092813998,-93.27203609860757,-47.923857321945135,-41.2899941609033,-34.84808867038009,-64.81591139083436,-11.125124202803208,
20240918,-50.04651299100424,-49.75269842012354,-56.38099953275212,-2.000121036956875,71.13663860792703,-54.372710618232894,-161.6315089815958,-86.08263029089878,-160.15422927697344,-107.59863329692969,1.0544669718115804,-71.20677839878782,,-63.03884894614311,-92.23176069937749,-47.2184196664073,-40.98113594976671,-18.179717087645468,-63.24682915027731,-17.96445593173922,
20240919,-50.04262312106986,-49.88796287107009,-56.55040246390313,9.481344382456998,71.39898199041369,-57.32046768978236,-157.7338023805222,-84.5200039761567,-157.03293535144883,-106.85068264919381,14.6921503519468,-75.26599129630299,,-61.29552152823305,-92.15287404159376,-46.05038245859792,-40.70080078906326,-4.549292214804696,-61.32096375010574,-23.566704683843852,
20240920,-49.7740161078258,-49.9956790122721,-55.22211034593832,18.966304233623934,71.31601779543018,-60.31614475049697,-154.70298115905737,-84.39397434140577,-155.3098643496525,-106.3131935044426,25.516301343828555,-78.69368110580312,,-60.020916722604944,-92.44364709908268,-45.33006366130285,-40.58706235761587,6.693609673176112,-59.820947648273574,-27.984924150364026,
20240923,-49.82162520133229,-50.23761418580738,-54.257481364452495,4.350927292617404,70.23380229889288,-62.713541875600306,-150.69618488419317,-84.6022352323313,-153.11345471496838,-105.80244128330664,33.39671646342706,-80.84914266573035,,-59.044212996807076,-91.86089925064604,-44.77211622849064,-40.85507748363218,15.978511550102889,-58.62453319091074,-32.00264711345412,
20240924,-49.95992821035535,-50.562102843560695,-35.0852513692117,13.645593253390425,67.76673120433132,-64.70220875318073,-144.9892165694322,-81.54197612820714,-147.37881933867575,-102.88781951568126,39.44107591710174,-80.90277789219137,,-57.611559624298664,-89.37588169567049,-43.365295999249554,-39.93349442774062,23.03661101818758,-38.928054825855945,-34.863914363770654,
20240925,-50.74702736243633,-51.43282474223369,-38.813243666774014,0.7000356610346515,65.74755433951482,-66.77357717148287,-141.94599241257822,-79.84431841185612,-144.74528060442825,-101.13391054407502,20.2052471084295,-82.71361969711855,,-56.84994492480217,-87.94942777691031,-42.14307041414561,-39.16253647804157,29.169062569220927,-41.25340589509181,-37.45559035433899,
20240926,-50.390197199347355,-52.027486000145174,-41.229997915649335,11.232547882501697,64.09529041258841,-68.55551751472339,-139.88228459461652,-78.05140206693521,-143.04641103781762,-100.24600255936706,4.492712076632738,-84.7259462124046,,-56.26432080317358,-86.74709738925264,-41.146408179136806,-38.47318716817452,34.15835422807692,-43.19989034243512,-21.705878296711823,
20240927,-50.144634108514836,-52.70229082251069,-43.29849334345563,20.072892242578174,62.83047166287558,-69.71882929726917,-137.06544324741552,-76.37421755864993,-140.4171684756982,-99.28318233609606,-7.887134679147775,-85.93297812206985,,-55.37845986621559,-85.15448464621925,-39.661371760601824,-37.68525179168156,37.93743643852624,-44.39593189187192,-9.551683487010342,
20240930,-49.44590367386297,-52.38705539901633,-44.94441390822442,26.79151758668193,60.09639996866446,-43.28229360925548,-132.1976920826223,-72.84646614501997,-134.47503913756606,-94.66853287984205,3.44077374424523,-84.9460594981457,,-53.78243219718544,-81.94474275022861,-37.76294550528564,-36.23817357404714,40.66332622254844,-28.175725721644383,0.1721632159148267,
20241008,-46.94472654253348,-50.26423751437773,-43.909558037596696,30.854924848062307,56.94951814210861,-22.41836710399467,-127.51308930509843,-69.5827838335949,-128.18932879174633,-89.78297153769006,12.679301735462445,-80.31943395207946,,-52.22092034439301,-78.95859971470153,-35.81970242260249,-33.82190698529292,42.67989597821158,-30.91978353603743,8.046893638978368,
20241009,-45.480535342871825,-48.56201870267209,-43.030676907865406,34.38031601435047,54.58599555295794,-5.284136997487924,-125.07670872918285,-67.03608558478393,-123.4064114691062,-86.00664279434582,20.218679935457384,-76.64297815546622,,-52.06232256075185,-76.55440223404023,-34.68208013551547,-32.04946969392917,45.195789071730665,-33.90115170962294,14.656251208146111,
20241010,-44.28486324672719,-32.25794429918421,-42.36603827003883,37.264671598874486,51.751126840479685,9.277066514760897,-123.0336493325916,-65.06688263713767,-119.51897948531197,-82.64387133313159,26.259368375750455,-73.70886285735499,,-51.946017824414675,-74.42170486789246,-33.73333188510694,-30.583617235923395,47.16361200882359,-36.33146965592426,20.030312805743716,
20241011,-44.049611093854026,-18.00189662446963,-41.94068015408631,39.855751910534345,49.53124168011973,24.748476442004822,-122.88046440206199,-63.53050254068669,-118.06092035118661,-81.07187873789084,31.59596405425134,-72.12889859777628,,-51.99722627626422,-73.46856459750501,-32.90107255872237,-29.33413555369979,48.88806444577952,-38.46042597799256,24.265560189365182,
20241014,-43.93371282471157,-6.375302883847243,-41.55289538523122,42.18555139212341,47.71406782350684,37.51402463604685,-123.18804072199883,-62.350143120140636,-117.18887418175294,-79.87733257825109,35.917585949272436,-70.78619085777304,,-52.22476347523045,-73.00174073603732,-32.10699121833732,-28.408733560069578,50.34327513686746,-40.39917376818184,27.80028198702909,
20241015,-43.433730301585875,-13.06552308767559,-40.92764300615546,44.01396854915697,46.304017644175794,47.75183688759687,-121.90074997486681,-61.388901693573246,-115.18521008159375,-78.27563728709562,39.23854276409016,-69.19956593851744,,-51.955667793302744,-72.09004999225446,-21.323197084790504,-27.6178998275349,51.26568513192895,-41.579397737922754,30.437807876257,
20241016,-43.069921383396775,-18.613932875543508,-40.55889644312407,45.74094290999798,44.81943838971527,23.60386004393387,-120.88764128533163,-60.58673582563559,-113.59670214580734,-77.06923918334122,41.971379617640636,-67.87453464271275,,-51.949083568475565,-71.33445887430143,-22.406122179150554,-27.01314670798968,51.93096273336865,-42.724967955199986,32.75944597760986,
20241017,-42.759069856924704,-23.176319170256527,-40.2651204622478,48.98067960320254,43.62143554799348,3.7362397463483163,-118.66606051881938,-59.259915802019385,-111.93196753369172,-76.28497723732127,45.11256955789115,-66.8323015645482,,-52.70826696335706,-71.06833767093573,-22.574781233052764,-26.198024785430125,54.10455823109129,-44.45189073915054,34.899741865085616,
20241018,-42.306491557563724,-10.93760418745326,-40.11053971419588,51.46237740333074,42.45857012602789,18.466977577580394,-116.677847345702,-58.2278029752941,-110.38440957753394,-75.64905797188705,47.63775300405474,-66.06157964877752,,-53.354240112401804,-71.04496796635401,-22.649748660142205,-25.58944623584269,55.93158099942447,-45.96738133191722,36.014583827764675,
20241021,-41.8117514831606,-16.89519428618639,-39.91898406082569,30.969040681935986,41.52408874121003,30.53707307936523,-114.76030710503312,-57.20299393772429,-108.55811397476407,-74.65248704391169,49.839337439987155,-65.26219448347256,,-53.88654258891123,-70.57825934563955,-22.83795891690607,-25.093272465263443,58.26447992468532,-47.17737775733313,36.8108589256057,
20241022,-41.39306794371832,-21.754451375477185,-39.75573438747966,14.199177223962014,40.75108586457423,40.41238116993825,-113.82582331314845,-56.46597763696683,-107.50299154829288,-73.83800834788852,51.39893660851978,-64.61356198677554,,-54.2376356150067,-69.83406762723959,-23.07696178323204,-24.71804579576588,60.58041440526275,-48.106268706281725,37.57432060384143,
20241023,-27.033254843581265,-10.004279033673425,-25.546857338262495,22.23336115615238,40.37867532911317,48.51015567393062,-113.2732544694794,-56.32101779317947,-106.64348387273469,-73.34619264446039,52.82944638217872,-64.08302238824659,,-55.13554754667974,-69.22275895972396,-23.248523839822443,-24.402041266480307,63.61539665642538,-49.42432438566504,38.65735879364996,
20241024,-15.320528315804145,-0.3664753500249136,-13.91311746219914,28.7942805653074,40.13815153576234,55.84293638235851,-113.47567725609427,-56.37918024782976,-106.21399888964014,-73.03912842008883,54.262145661624125,-63.80504606523143,,-56.338965947763114,-68.76962092859625,-14.8583950269664,-24.114867753117597,66.28971595316249,-50.888012187795056,39.56482559586214,
20241025,-19.368010119274953,7.4436908502823975,-19.049669609533545,34.09324038530094,39.815134852852324,61.55790727829942,-113.72928846471079,-56.46798604229329,-105.99006717184932,-73.00048165401246,55.63470107949376,-63.602761866136014,,-57.34826648503768,-68.66756637445143,-7.897777745428906,-23.884384152813087,68.70289682334099,-52.07561113577168,40.47325053743297,
20241028,-22.466699142346187,13.57520866293168,-8.335840433006732,38.56533083550432,39.695045949318285,66.30416754006544,-115.46394252836723,-56.553025950141596,-106.51747776144688,-73.01443083392292,57.752625029564186,-63.75431382609724,,-58.33493792388977,-68.99438827634658,-2.2602880384328996,-23.67584649890712,71.03785545109729,-53.19237327739633,41.193614044222656,
20241029,-24.948163248993712,3.785632914002257,-14.004996673583017,42.897289435368506,40.16379330692733,70.1967162602777,-118.03991796095661,-57.36817027986582,-107.86374155003271,-72.33906737349679,58.861918518636195,-64.08149055625054,,-59.13966877347778,-69.48184266866117,2.312382654227876,-23.610551986887536,73.78098451119989,-54.141333795143495,41.89771264535723,
20241030,-26.99539205565222,-4.280520709673545,-18.50978453156059,46.44215433654608,40.544332349701754,72.99783162135357,-119.62095453212093,-58.04459708701203,-108.73533171434094,-71.8473271376661,60.14062582111795,-64.26124733746843,,-59.77419939158011,-69.84691345977971,6.048740886802756,-23.542607821529717,75.9828769248925,-54.91051771060867,42.471728901662004,
20241031,-29.345858732837634,4.001991983770648,-7.764745612273198,49.55540270387179,40.883955612928716,75.28358639686418,-119.96569190945097,-58.80079987652927,-109.30855111224474,-71.34626566329872,61.18667822176126,-64.41540098555123,,-60.3145103520427,-69.3961550978178,9.085922518293193,-23.519087290414948,78.01305570227413,-55.524003307196324,42.85875585739575,
20241101,-31.250626501256974,10.699305411532308,-13.656221932155297,52.11050472942138,41.18400414397258,77.26862064226108,-121.02872519905159,-59.47417657966401,-110.30559900167712,-70.95726059546881,37.74931107487849,-64.61964102575732,,-61.3041570324439,-69.2046908127804,11.699816535597451,-23.569311548179495,80.87543513273906,-56.52332697771106,43.490043815316184,
20241104,-32.942238834672914,0.8888734751127347,-18.54127338638395,54.58842028636181,43.42169727269618,78.99928112365657,-125.74418572487112,-63.22176008873514,-115.71317651298203,-73.10363593851426,14.812357655000856,-65.67803943983408,,-64.78508662944209,-70.91553931298517,14.077070131629315,-24.06913815728635,85.60014586716466,-59.875245119945056,43.46211807659714,
20241105,-37.19144770884894,11.391673738632496,-25.482399547619394,60.531312172348315,46.012643818139516,81.99064538538099,-131.64705064590052,-67.19241231121187,-125.44116114041425,-77.24119378512177,-4.866114095736997,-77.0398514893231,,-69.40488264804279,-72.77518679554437,16.27813327434041,-26.51017235807959,91.89231802344138,-64.49845208545808,43.55200842653961,
20241106,-40.68389655135794,20.885960886392958,-9.985842888309934,33.639878319712174,47.91819085048758,84.41894982424283,-136.52294370433,-70.96858430032246,-134.05028496469245,-80.54770760800204,-20.7344039553762,-82.6885080345175,,-72.19548368730857,-75.07352074474754,18.140097032394,-28.424525086124817,95.57175104694169,-67.89238047106001,43.594697535997284,
20241107,-43.167037528505695,28.28943954678422,2.6810443806062696,42.553682023867424,51.79925586325512,85.58321358110094,-138.69375698531258,-73.43917741758233,-138.61590582013872,-82.331006123886,-33.4453600914366,-85.75150688051747,,-72.50979401512892,-76.89924893036006,19.816669888749633,-29.992138446761626,95.09980361131903,-69.10862651436219,43.055757956078054,
20241108,-45.54049345800466,35.08132028043895,13.030373910903165,49.97578994431783,54.96808149553457,89.60789500881175,-140.75777521046754,-75.22451338136459,-142.6029193277175,-84.34012476478642,-43.54311603544413,-89.00430445044799,,-72.78747311980791,-78.46137326555476,21.136624011814536,-31.361445437415032,94.70135372222799,-70.13099885230103,42.81992835980149,
20241111,-27.048844379326106,40.60439667166135,21.558041853883374,56.179250754286485,57.48766329609556,91.7980712842396,-142.08709779217344,-76.5533599329677,-145.78789775061117,-85.40034166245182,-19.0602114195574,-91.60609877037928,,-73.00511285415011,-79.65590422428409,22.235594793785385,-32.41489526677362,94.43597140617354,-70.88685937276382,42.415894862334895,
20241112,-11.371295872573047,45.73009625220557,29.42098802053281,61.102081498143804,59.3120707076317,93.81337482687351,-145.22772775166536,-77.67558627896778,-151.41534037685292,-87.31541608486191,-33.283633137896054,-94.7180526865363,,-74.09986330641098,-81.51733263346642,23.408311351731417,-19.562997939233444,95.5342766906835,-72.64458224249927,42.36598493473171,
20241113,-20.07444176765379,49.88975912564958,35.822037983637,65.33217380269687,62.762920169595965,96.58337188885903,-147.789612088094,-78.59375285786763,-156.04796329938432,-88.81075432197717,-44.68476477050234,-97.32569399454506,,-75.09622575145629,-83.01278217524525,24.357506916326155,-9.090482791682078,96.85655232685053,-74.2238990382226,42.491954043401265,
20241114,-27.337691425519175,53.30870626098168,41.29472561687625,37.97778949209936,65.32229432285366,98.20334974011652,-152.92744901611425,-81.99261228734697,-162.30790308243002,-90.53800047632721,-53.797031249018936,-98.332252832811,,-76.13270002720542,-84.61291559774575,26.35002827683225,1.4027564849754046,99.28712019765945,-75.64254872696591,42.602371749232816,
20241115,-33.86649273485449,56.339087521489894,21.65551463904585,15.03254253943931,70.4077592379873,100.3845175416798,-157.39324033967821,-84.7557947611274,-169.4532365749356,-92.11595975595466,-61.67530356830361,-98.99616964475594,,-77.4724125942496,-85.93567008000093,28.161049286593872,9.774741520274297,100.78670217110957,-77.66367585603487,43.72160080765467,
20241118,-39.63526686387635,59.27153499827136,5.173287481391775,29.278804486119025,74.1480591121201,102.09637098519416,-162.40616948126706,-88.00128164571633,-178.8199082466992,-94.40272802659814,-67.94293242201346,-99.4255653280021,,-78.33285720137793,-88.16715006755268,29.61941935425421,16.816984150588674,102.25927089420051,-79.0336749723441,44.731811081849905,
20241119,-43.56132179455873,60.58219874070328,16.097863564395915,40.588780149330844,77.83761435843944,103.50470015449018,-164.14452726596875,-90.92962197939863,-184.2548098649984,-96.20873610822882,-73.47181949362214,-96.2194441540517,,-79.26318506678409,-90.59886388256929,30.817483581311027,23.02052874409799,103.26697857374279,-79.86721865947753,45.55133638858595,
20241120,-22.066255605172376,62.46526134666704,25.7355502377897,52.70075327738818,80.51046568657199,104.76017462975673,-162.6686656457179,-93.33204921481628,-187.85128383320765,-97.1264893335234,-78.00954260589846,-93.58146267728543,,-79.9485055764758,-92.62884710070527,31.806922098671308,28.060421004984025,103.47347083471603,-80.30629099245935,46.62844862928801,
20241121,-4.289122192797196,64.00561209307793,33.49916843692173,62.61717316019312,82.92868814178713,105.69664863855226,-161.31816647600405,-95.36849700327372,-191.34916395781403,-97.5737874144772,-81.71197603067897,-91.10892547647764,,-80.53680504681462,-94.49314339045246,34.32659524115433,32.22620198948056,103.5920184371417,-80.63511959169472,47.480306442520714,
20241122,9.7022252660864,64.93352311831144,39.545758298235114,71.15119611375182,84.95329927272017,107.55854618298865,-160.20437603184058,-97.53971479089014,-194.252752703834,-97.81535442525232,-84.69297098349925,-89.09486180007995,,-81.02668628301188,-95.36920956095632,36.12250870532076,35.843644277991906,103.6705442645834,-80.87255908284004,48.31308117887725,
20241125,22.93737609549181,66.96596373093846,47.08795648338439,78.70152536135319,86.65853680770677,107.78336795993202,-157.54781192577047,-100.42229721066842,-197.27662851353153,-98.13459137629889,-87.1695792788393,-87.4139026227606,,-81.43320289723013,-95.95297134167708,38.96063430347547,39.2396939670969,103.64890164352049,-81.0521192423197,49.01295706693077,
20241126,34.35078436591177,68.96557574916763,52.88741684877979,85.79501917163111,88.30343956645632,108.14338740392942,-156.75567326132153,-105.79297004860518,-205.23104168599428,-102.22808352274332,-93.89256100036324,-86.50075944058652,,-83.36527459170547,-98.29464235700551,41.76804024463552,42.61226172381134,105.20951789765518,-83.14916536053198,49.55449346076009,
20241127,43.622284536479036,70.70640086753869,58.283769208580125,92.28094507579597,88.96956034350434,109.28723615177077,-157.2176523543701,-110.55656770517511,-214.1969426498547,-105.53059109469118,-101.51842526320196,-86.09965599481727,,-85.03346402830402,-99.3835377662641,44.070865632343576,46.2604586806631,106.51183537730955,-84.75945406945057,50.04913925875751,
20241128,51.016228460617924,72.37725832868796,62.61156433737212,97.11232516772692,89.12991195332711,110.20752991142807,-158.13269540708623,-114.5026511443202,-223.09267792847436,-108.09102238914171,-107.73880600628256,-85.56635250839417,,-86.15628875268104,-102.53090725998054,45.93435698828028,49.29854680557212,107.17844127878278,-85.59989484866797,50.70281991496528,
20241129,57.46940724146065,74.3617035581439,67.59852570414245,98.78250610027784,89.13168551128206,111.5763145055949,-158.7203180732629,-118.62550653003902,-229.64008087020133,-109.30958991051023,-111.4974247237056,-84.90041831268674,,-86.57336758213684,-105.4204015711891,47.300450490675104,52.304489776523724,107.16389713509508,-86.2852164141365,51.28218515173131,
20241202,63.08507718548651,75.99032925181125,71.16994623226272,100.1282218204892,89.30233261841636,112.30693043347912,-155.8576148491459,-123.89110059025033,-234.764094935411,-109.0569925934761,-112.40616845732303,-84.03938910749524,,-86.93410538073938,-107.84885171767402,48.12887815077425,54.81512490328513,107.063558488406,-86.84330371221367,53.08865549200256,
20241203,66.68568496942775,77.48636956170807,74.19077607259587,101.39204682454451,87.38043370211942,113.05935901620742,-151.20952775922072,-127.26505317116693,-238.4386074224761,-108.5023489462133,-112.94702563832641,-83.33681774647674,,-87.30006305875902,-109.46918077971283,50.05673353640383,57.09679060149796,107.05881575547217,-87.35616315771381,54.5730538136103,
20241204,69.53825356177722,78.02146044938526,76.41980431166652,102.4891327646218,86.09449356275107,112.94956475140003,-147.47770624225308,-129.37736737198796,-242.9021598119315,-108.5117375661846,-115.12716795475959,-85.8806157533994,,-89.76554407226448,-110.8161710297911,51.2186566905668,58.01013715474641,108.93377775111561,-89.26049984808223,55.74707253849693,
20241205,68.984981283819,78.28552794756588,77.81521789958448,102.89958076168168,85.1856179177234,70.39732848569147,-144.65178757203202,-134.89543937862288,-250.424572948036,-111.06815260783317,-117.99444715359341,-88.1470145787601,,-94.17195218118098,-113.0719953937221,51.40247812353257,59.402496561745046,115.77905378630744,-91.63938082555123,59.64729150134281,
20241206,68.35296961395856,78.56229134043659,79.03120600110054,103.50008189312301,83.52678904066327,78.11580703917808,-94.42472068828053,-138.61764542819688,-256.95285292450393,-112.7408866756515,-120.89951011321575,-87.9313160734979,,-97.9015033667809,-115.02256076793262,51.69628816281454,60.799115171633204,121.37859460157578,-93.49111216313841,62.708333428167506,
20241209,67.82017206927495,78.95803490841458,80.02475779322619,103.79020079619775,81.77697225753668,85.5326770925669,-53.08212747634148,-142.4064855852282,-263.6780288420401,-115.49401130546119,-123.14584642617199,-87.87645552302553,,-100.95119859372114,-71.73388494920296,52.07716432304854,62.349057935126936,125.71796807953433,-95.03623936285416,67.20554558152757,
20241210,67.66882745932193,80.73851655043565,80.58828769164812,104.14021956979086,80.71868197706861,91.59584434356839,-19.04410988513448,-143.5616488939484,-268.75366017210035,-117.90267194456135,-124.8861936598585,-87.65630642318402,,-103.07137881865819,-36.3998688780857,52.05196917607083,63.58061790956699,128.08288670972624,-95.84056048698599,72.09045356767963,
20241211,67.44637233961524,81.85066573286186,80.40355535167187,104.38560062777451,79.51894840536717,99.38970086313248,8.63648041510167,-142.74820482484645,-272.31663155723976,-119.86678857686572,-126.79463483678202,-86.63673282973225,,-104.54466284033492,-7.765987638075723,52.265597916981484,65.2077958558256,130.4483282493642,-95.92612496251216,76.53564639257112,
20241212,65.5648011174351,82.27690405871361,78.92645986214745,105.21950961232673,78.80570172285027,107.45423291017904,32.21286758494092,-141.769301119909,-172.1822646659301,-73.9861651206777,-129.32924907918118,-55.77604369169611,,-107.05535519190214,15.615861733171585,53.40505195157029,66.76972145148362,132.29764733068347,-96.78150636375908,80.33880223354747,
20241213,64.36922240030493,82.82762260764336,77.84819584354857,107.00138451375153,77.82326180538472,114.69711680695103,51.58055238450246,-140.2915848550946,-190.66589932171516,-84.33308685926643,-131.42017253761387,-61.01753030830201,,-110.36544931909982,33.88652263533244,53.95558072846789,67.97612418600207,135.68777698430864,-98.36307306259054,81.82634971144755,
20241216,63.456809950521254,83.30190724029599,76.76008108927014,109.00795595273847,77.47086414207294,121.55456040610561,67.18378170581758,-138.50614536318136,-206.59534596834442,-92.53325116307248,-133.37108140962863,-65.88356705597445,,-109.1021839062688,50.51119308338866,54.521470935448896,68.66671103580168,137.26815809992829,-97.56390678180091,82.14348798148791,
20241217,63.41815845110069,85.8904417944799,76.85556586693546,111.23190849468358,76.94613745836607,126.93418594700348,81.1060075541043,-137.18584124726542,-224.63707568583857,-99.16559694430738,-137.34245414373976,-72.60264496341073,,-108.28156934117037,64.46764940718958,55.160309600526155,69.22344046491712,139.21281775329354,-97.5215184754121,82.20613938994926,
20241218,63.287986063266935,87.18770722550913,77.09935066986233,112.40474043201908,50.275270514116,131.42254205661095,95.53551693637002,-136.10896801500107,-243.08435321505743,-104.69939523440159,-140.54341656576696,-77.89498121971592,,-107.52801021967962,29.595094952464507,55.686718535422926,69.33200684084935,141.71798961103747,-97.79961435704728,82.98235487289865,
20241219,63.123240637798496,88.21915877897091,77.41589251874713,112.98786614254279,28.685653252257698,135.51380256155403,107.13315090778696,-135.5933752488407,-258.17240197592287,-107.92369049820816,-143.10618847559672,-82.73864760755902,,-106.6876253054462,1.312151798424135,56.186800905232126,70.4328951246218,143.30249453465066,-97.77441613853001,79.80495719587894,
20241220,40.01162472996557,89.64884064225225,77.801272896374,113.69790551426038,10.228914731109638,138.8334744743288,59.18797663086139,-135.8807034097524,-266.1600967059922,-110.65043168106193,-144.29005883757964,-86.49960500154107,,-105.9679516201277,-23.471248945345405,57.05165897487163,71.74694307547641,144.38252151052646,-97.76653476987809,77.0832732535543,
20241223,44.38503600197532,90.54455525750174,76.97306575367779,114.27824941563655,-4.82454272432335,144.5725391233706,78.23094144316771,-135.80165382725815,-264.6025384163546,-112.11243189172566,-145.56078743026063,-51.736810054168394,,-105.42332806784565,3.0720441062623736,57.7730653810838,73.56607956482425,145.40339383131126,-97.70981062587981,74.9000799752905,
20241224,48.081876630231775,93.06923221287059,76.99356552809448,114.5008827011389,-17.034975809028886,142.64958497618153,94.00253566054006,-135.79708450269672,-263.46032549001836,-113.55316144073852,-148.47096354056526,-60.8389240904605,,-105.29984824752586,24.95750037237375,58.016682439493245,73.47502280746106,144.3738000305607,-97.86435684774482,72.92199654784281,
20241225,51.1636425883609,94.52063298741372,77.02069543558544,114.67988953840093,-27.353912790560134,141.07028849058244,106.8997065854377,-135.6544508079216,-261.92563513559037,-114.71715678128545,-147.87751499713136,-31.270915170409786,,-105.18302664734537,44.271630416901694,57.871762524176454,73.2901328531165,143.55796658466178,-98.08992590010362,71.37058759244738,
20241226,53.8023987384233,95.99952220912887,77.2916803020852,115.37390472847808,-35.84850730723378,139.85104047403289,117.74578939291874,-135.67841446125632,-260.50554621950374,-116.54092888973149,-146.99633345884817,-6.8249741607187895,,-104.78044926805572,60.932968123111074,57.59155661142589,73.26360700184286,143.78663154250384,-98.40586862827253,70.17189949437217,
20241227,55.90050055694843,97.1923146790104,77.51098572747574,120.39050589083332,-42.77866849064618,138.48987144589628,65.94347152725577,-135.6331991694814,-259.6003496823789,-118.46913119042154,-147.1267858572588,13.307745331215875,,-104.71656932800416,25.601904049075095,57.58335153027443,46.702761993557765,89.54735011654235,-98.17571708070835,69.17075993415848,
20241230,57.597647547590974,97.91622443643804,77.77260555737479,120.37775965482548,-48.04692592987596,137.5108848564883,14.977409269572954,-134.4918721761396,-258.48166817829986,-120.98137331369487,-153.71565441412665,-8.548117217635426,,-104.32303700344433,-1.6995941924034976,58.28938422646746,24.904272990976537,44.69288846271703,-97.54525681314244,68.12532482241659,
20241231,59.16339298198275,97.40076855427405,77.72668687798853,119.69721913741951,-54.673828311045064,136.61193182594826,53.22111254906056,-134.44276148883318,-249.2399981765146,-123.52921648846106,-159.0371853457016,6.489006409114667,,-103.71541252857244,21.965338340710158,58.81794649242473,7.071224843670031,8.212660351795819,-96.6953011611581,65.71882803872634,
20250102,60.387362534051576,98.02704423659783,77.96087097236386,119.08538898836495,-59.76438004541481,134.32936440037565,84.75325306272111,-135.02123153461886,-242.1454897468487,-125.58012612403705,-158.83039911694328,18.726255400436646,,-101.89031759326085,42.83659286213003,59.65345527868636,20.962940380023,-19.548904052584582,-95.89046419795748,63.83432616896426,
20250103,32.58707518718645,99.96162191791116,78.83886722177202,120.86101598250805,-61.11263515219899,133.02636171650488,30.772849513230724,-132.94068967253088,-235.46067881617392,-122.48710529664328,-158.546374970101,28.503399826186303,,-102.30543564990087,55.93830912023554,62.40043747619166,31.568277171645935,-44.20841220642745,-97.2046419498958,62.516677932383665,
20250106,9.664354360296713,102.25060539730548,79.98742420961692,119.47835144202409,-63.3864004712261,133.21401772220395,-5.042889966070094,-132.86304482609054,-226.88052646930498,-120.02715572554287,-159.50779103014622,8.892420647954614,,-102.64630046576843,28.792807653341544,64.64438119397416,11.196763505328189,-64.38463372570868,-98.69915128107223,60.36867641584004,
20250107,-9.14788453760606,104.22911315588894,80.69899155752866,77.73187448353691,-65.40782530709394,130.74857817567494,-33.84460439759325,-131.62771270857635,-219.45441861345924,-118.28367283417438,-160.09907932693997,-6.770670579595122,,-101.81432471567068,6.3729669029401546,66.48235855675522,23.734932820213,-80.43843682351661,-99.00894913810806,58.71988441200621,
20250108,9.529635419096433,105.49701774508497,82.5369408098123,85.11376343787752,-66.68520781904768,128.65084099733238,-57.4213394284359,-131.84173546427664,-213.58978378734972,-117.27891707460105,-161.90428008351384,-19.686614145870685,,-101.51838102906181,-12.014762988250949,41.51220567716147,4.650870114760259,-94.79522257341581,-99.73663518001361,57.13186045448427,
20250109,24.618238481860065,104.64225055897795,83.75159101159892,90.78652276331695,-68.33196695584385,125.89782667264386,-77.37891097818026,-130.05369756994725,-208.21693002482576,-115.79085446721199,-162.13069431932925,-1.7146799277622062,,-98.05325971803745,7.609002398456764,21.804028227991463,17.830994156342996,-55.14792110033817,-96.62941578531944,55.84334999039533,
20250110,42.98398797595094,104.16396129018594,86.31240037855878,95.31471566927047,-69.50767055604312,123.79678320265488,-93.14355272363318,-128.95917878424353,-204.34823527568028,-114.48249678742702,-158.59345220510247,13.133588189588641,,-95.12605822847672,23.995591441132433,30.41039379440821,28.80910221321838,-22.902850498937074,-94.04627545018488,54.484816871799865,
20250113,47.25206783543843,96.14698126409081,85.0810739577658,94.80528658723306,-70.48813295292454,119.87923200506839,-105.96865688280417,-126.31310737606636,-198.53766144763057,-112.93970328209578,-151.80311850358697,24.650638248174776,,-91.65016329420123,36.5762820140778,35.97970425811102,37.66082375375732,0.6065959473392224,-90.49582995502674,54.153126660013065,
20250114,50.2662806105777,89.3318111795438,83.43442066427227,93.18695471370383,-70.2974130564471,116.61373681334473,-117.7185148167617,-124.1297173468549,-193.77371379238105,-72.77728969603702,-146.23051623281185,33.66790509826929,,-90.14100814478022,46.90229645216454,40.17109199664481,44.31436659762541,20.428894709432488,-88.45117647364718,54.03416576352565,
20250115,52.38728848228099,83.3623715345444,82.06751483795753,91.63420299612848,-70.1312692164909,113.86508956539012,-126.93587572282968,-121.91587059847932,-190.01093645822485,-40.3667206294636,-141.0314264686987,41.19141443008318,,-88.82926008647061,55.36866565229228,43.63061028644714,49.687867501371194,36.27247005100836,-86.76732202456647,53.53334346248543,
20250116,53.62295572688745,78.86648545135617,80.97024586203908,90.47227857394103,-43.754794622880354,111.6683502127925,-134.54256440860848,-119.0024589335812,-186.9716467270778,-13.51064629188086,-136.81033067042014,47.372343571175364,,-87.4181601770407,61.66805701196048,45.63103238560287,54.227207237769946,49.13277948033606,-56.777989894452645,53.99003587062428,
20250117,54.640839826672206,75.06361736256183,80.14605037033773,88.75249115685237,-49.706302447411666,110.18205317217266,-140.22772496732185,-116.928043347065,-184.57279735021848,9.70824453636291,-133.38725342558826,52.2500466842367,,-86.24444844404876,66.76940626364527,47.385875634092784,57.78515651709191,59.6210414464613,-32.25487085953399,54.40600392687158,
20250120,55.314980658496495,71.76281257083986,78.68085184042987,86.52427860142342,-26.74448688159333,108.92244001970683,-145.07674369432198,-114.91543136955917,-183.44984539301933,27.645988403008765,-130.15699264816666,55.84120607385871,,-84.73985972748744,70.88078188863376,48.54494103304818,60.236482003604245,67.64722352911767,-39.82472233424275,53.917991400176646,
20250121,55.88446917185646,68.97185615903575,77.83362939056295,84.6944112839787,-35.978250705268174,107.854669646324,-149.1007142422834,-113.49629764340305,-183.22802908624297,1.374064176038911,-127.57188515455965,58.56027245478679,,-83.52773108703302,40.34541717588835,29.978861410080484,36.23279842077788,74.17468749278669,-46.06022806992344,53.49635235478887,
20250122,56.202255434249146,66.67071615073863,76.83929299657697,83.31867127796181,-15.22333957727749,107.10230297318816,-152.51309404853845,-112.32104649786382,-182.33453535754828,22.461437923139187,-125.37942074351372,60.4979315870371,,-82.33949546326446,50.705962585550765,14.64602441197352,43.71680993174093,80.07039958213745,-24.55833218758479,53.030263781538494,
20250123,56.32682682165267,64.4156239014402,76.00347606225313,82.12858652467456,-26.639014170446522,106.43298340354178,-155.14452622438105,-108.78476245846785,-181.59804012563816,-2.99813374331722,-124.96868434826125,61.56226606147534,,-80.84150648320256,24.087948564917358,1.8085242965067683,50.20172047779795,83.80993536782981,-32.75109435607726,52.73203821384019,
20250124,56.42850126851743,62.50412371689425,49.014087082606416,81.15595436578609,-7.478537935824908,105.7815160738403,-158.281769140566,-105.82192057030751,-181.01594601353727,-23.823109308736434,-122.29528803280238,62.46775435092716,,-79.88596614995096,2.440623003346744,-8.931754367713722,26.86824530320201,86.6473360990484,-39.68497051621213,52.47047216093224,
20250127,36.14716440227039,60.91450729746674,26.903911854085035,80.08251788814539,8.357036639479922,105.41344919873609,-159.5158063371851,-102.31204446477048,-180.04342753777382,-41.13042254170822,-121.45909141430874,63.23770956972724,,-79.22907928121703,-15.333172334117673,-17.197404535588696,8.318030682168448,89.03911957621771,-45.484388065024234,52.19727086683242,
20250205,20.038921565184904,59.61994312223242,8.675777472934508,79.13750537836046,20.844658993841495,104.9422940266043,-160.04883579130154,-98.73360811890751,-178.96441713253367,-55.78870690899531,-122.18586004617184,63.46034423468787,,-78.75539095556134,-30.72502645769807,-23.522214804936436,-5.962454156683464,90.99772919725949,-50.34304271933197,51.94598950860979,
20250206,7.181062587414527,58.50536362331244,-5.88588087675717,78.63254834066761,30.598829406765418,104.35990756080287,-163.31007167298625,-95.87721845610558,-182.4666786285616,-68.09942628878493,-120.24326887098835,67.0938643012477,,-78.4466805373218,-43.958456622644896,-28.77633446542749,-17.54733249784468,92.61123298373654,-54.41443731662515,51.872843243583034,
20250207,-3.326600182151099,57.593397589747475,-17.76785958626949,78.17223839935451,38.58228402204505,105.20383476277357,-164.13328795832564,-93.33098001359016,-182.82964930854422,-77.72862874490797,-119.27924239013575,70.25993995897886,,-77.76744851768208,-54.70834440001978,-33.110350111778516,-26.786719156351076,93.78810622160373,-32.1779283967426,51.54815584933123,
20250210,-11.925040118851609,57.037568193878215,-27.603948386416864,77.58023372261171,51.42086114950079,105.82297082916214,-166.0707781084389,-92.12542065407119,-185.12853184850732,-91.55757174214429,-118.25289992828158,73.27323323419823,,-76.91959876019392,-64.4946227863291,-36.649406617090094,-34.99484991277676,94.61004720414218,-14.082931307326632,51.28673721205278,
20250211,-18.927445300719963,56.3853285601219,-35.30634187935474,77.86651981346103,61.68010330985516,106.59238185580729,-173.55760062560003,-91.12756681045961,-191.7129765613521,-103.75372497352585,-117.5395259057687,75.6001282239334,,-76.23604398426193,-78.05320695392932,-39.32662005369264,-15.637095062131685,95.18341699240347,0.6995067583356268,50.34413186637891,
20250212,-24.743804028275346,55.84792837458107,-16.22296192345224,78.33459860595087,67.98457522763982,109.21896265638055,-180.99847469848817,-58.40242223627743,-198.30230860994848,-113.37853400738616,-117.40827054587655,77.95846244845232,,-76.38958473246929,-88.34847306203874,-41.517063187109855,0.2674957912257982,96.00840858354431,13.281636624976425,49.39611280533,
20250213,-28.551710060221062,54.14862850642637,-24.54421033589679,78.35678907592194,72.3965698615801,111.37148075147145,-183.52280631651197,-63.105898366143634,-198.74189054044808,-119.36704569398762,-116.76202480110975,76.84655908960542,,-75.52756750119462,-95.30560310708209,-42.97916263858189,-11.564488683835494,95.69506749232383,-0.7998606290447846,47.96443704776786,
20250214,-31.68042445137837,52.89076340323883,-8.976841651122639,78.11126008104117,75.17169739593068,114.54622790392762,-184.3741106111543,-67.44542119422982,-199.44614590603732,-125.45475314845056,-116.15982105477744,76.40482436012475,,-76.94499285705719,-100.85886686292915,-44.40934897546495,-20.92074660268826,58.68139076654639,-14.069036258365479,46.80746055269705,
20250217,-34.40659254580761,51.759767134249884,-18.564037053260684,78.09365336325297,77.13720222677803,117.36545950374514,-184.81587276432543,-39.51620633148005,-199.94833685965105,-130.54882296292936,-116.38734501296578,48.95590715737008,,-78.11254707551201,-104.15993366067248,-45.54363368355845,-6.895374433366443,67.88642366577841,1.8818200056038652,46.30918084646588,
20250218,-39.15136988070214,54.11318300246959,-2.0472594914126487,80.72285772491067,78.74115541829612,125.57223964499934,-185.04154516239288,-16.020652855109834,-204.68193747655832,-136.44517547144017,-119.12794757183065,54.42584354717771,,-46.98576158571443,-109.74826420896687,-47.78260813941104,4.650822185722774,79.03325458725168,16.676741383916305,45.84761188478804,
20250219,-20.83856513583358,56.03191234350778,11.49793001764179,83.97288732641603,80.97986068776062,131.52177693909798,-185.97631018900418,3.2752520784387733,-208.615274865346,-141.26946388749445,-121.22750994451353,59.97357958970329,,-21.524276687175647,-114.31134291528525,-50.23815464650669,14.52131842838053,88.15639210165214,28.789169193044568,45.51734482591106,
20250220,-28.42905716256089,59.05203117943589,22.69644785068634,86.71766224083515,82.59505309444613,136.47879994536015,-186.5086470800058,19.205599475418744,-212.15431089544745,-147.27374301444348,-123.59966473782889,33.62796739601323,,-0.46594199248940815,-118.43608048618819,-51.861299410194306,22.407147563324337,96.48125001991058,38.9221394674729,45.86656169646444,
20250221,-35.69057476365565,61.933753999879585,32.26453633293141,89.25797922702253,83.89253914362429,140.54611297352622,-187.24048880756334,32.84566737902214,-214.97915560255603,-152.02548219588428,-125.29122621506048,11.290984716075428,,-18.6391988423963,-123.41989170466942,-54.54660200437871,28.952199294813536,53.19046426270499,16.149967791232392,46.47659839615238,
20250224,-41.22047560558332,63.22596864378043,39.340143387982344,90.15636401672998,85.06484942276263,86.15252714004096,-187.82205548717218,44.04064139415056,-217.28145912991292,-155.98111210061273,-125.07229565174772,-6.773345022967574,,-33.32178625434962,-126.74992061611287,-57.20378777008851,34.72076168723735,17.521069502927986,-2.3835822194369407,47.053856647285265,
20250225,-45.8046423587992,64.14655079603108,45.83382092684042,91.94813093444081,85.37350444405531,43.04220869773449,-189.51830499952555,53.22931723892536,-219.51072577747823,-161.25479020025398,-125.9143277790885,-21.965634000952996,,-46.02625090537245,-128.8963987768432,-59.435978890401046,39.35411260866776,-12.61693440307784,-18.214080647132135,47.71554332399657,
20250226,-48.743283211636395,64.39666868344547,25.149814642315174,92.78695289509174,85.6013602432582,62.60667016180896,-191.07978959635284,26.453553949899305,-222.11852167520533,-164.97313258027071,-125.1776694496085,-34.23841436412475,,-55.79943328510486,-130.3246670884031,-61.24229098145464,43.114001161239656,-37.16692750744794,-30.77038851415991,47.88617797966046,
20250227,-51.14658721010119,64.60056318882114,33.02435673951132,92.95148276340589,85.74626744967973,89.39274967125333,-189.73338575647966,38.63346316493839,-222.99265267186541,-167.0846854620278,-124.4558673535481,-44.26873282764844,,-63.93953139123605,-130.04230454703148,-62.39607667882815,45.32922825819638,-57.50830377002402,-41.22413512839102,48.153423869760836,
20250228,-52.9724657806178,64.81798952986264,39.21831420930196,92.94245693202558,86.07382734028498,113.04980029057552,-189.63457455452743,11.676049940159226,-224.48334811877723,-169.09704984969628,-123.92260421398284,-53.107561449447296,,-71.57907892988104,-81.758367014588,-62.93910496825184,47.1187003117349,-76.70708889232007,-50.41813566816238,47.57709955910503,
20250303,-54.5005517490688,65.00245006276697,44.27118856960897,92.98176165404251,86.44552675003493,132.3958787826861,-189.60051671286664,29.05785763967929,-225.40060527196133,-170.76967110229828,-129.53227628101436,-60.23632173124607,,-78.15763801437915,-42.68844838644708,-63.44469667832312,48.46233978726814,-94.30030122037638,-58.03407407857808,47.22327772351514,
20250304,-54.43046423117616,64.20245966560672,47.15903412948671,90.84451466665803,54.81906110604567,146.26024462179944,-189.944417753208,2.519302755274382,-226.29451021874797,-172.1539535448703,-131.63674294504244,-65.60600008031666,,-80.7422725281287,-10.689846918441397,-64.28374337648044,49.59422348250306,-105.2241495159288,-62.42207003787287,47.46676120744683,
20250305,-55.52676654366454,63.65769953246326,27.68969591962038,90.93250067554487,28.16310848792149,67.93991914876811,-193.3584960527927,-20.680605936482596,-226.94029274094652,-172.7049587048754,-133.06779279296092,-71.3818323605359,,-82.85139198991706,15.253134108662033,-65.05311606783043,31.265431122975645,-114.10740025889748,-66.15316007484878,47.71080425976197,
20250306,-56.64015443475363,63.09100657070893,33.795750775565914,90.97788717288294,6.164746365927536,5.55482910563682,-195.43867769233395,5.554514469836493,-227.18065061543186,-173.26901690833623,-136.18005108062115,-74.84267418119255,,-84.47900277073786,35.99949365795354,-65.79023467520105,34.97758548962396,-121.53888026897599,-69.1352904006568,47.98732156282304,
20250307,-57.742688607888205,62.68430827819407,38.820743441744746,91.56801290998489,-11.926580778073479,-44.08641519634731,-196.91364324051628,28.55536783543542,-232.59599832689432,-175.61998864217654,-139.3434547619651,-77.68331841255787,,-88.55324606787713,52.46104657517736,-66.21450069180874,37.8425548228663,-131.6650172761048,-74.88186952443301,48.250476200041774,
20250310,-35.734182772276796,61.99127577270793,43.03462901040195,92.07893877865376,-25.887568218932504,-83.94756095254205,-197.69477623813793,-0.5014505763309622,-237.36372110977794,-174.79425546965615,-141.31905817030162,-79.98904112271975,,-93.65821155199923,66.54847884221007,-65.8275435514905,40.21248339851565,-142.46543038720776,-80.73051805615813,48.544507000027735,
20250311,-41.19826265881146,62.20340473004291,47.175863712691466,92.55208741993616,-37.424872864638715,-112.7794611934054,-200.5530520184323,23.54448723028725,-242.08786603392838,-173.91004563850584,-143.40380147591236,-49.17151538752027,,-97.87288785586806,78.13408000907015,-65.34169955540406,23.637737143525598,-154.1647605010156,-85.55101220797411,49.95678585618772,
20250312,-45.77150255747593,62.44133387036753,50.90940823572325,93.20429717230586,-49.67422763494431,-45.573790154138194,-200.15426282684228,-5.639346176385351,-242.96098668769176,-174.33585017807445,-141.19620009584756,-56.52606072266365,,-100.58204292904743,44.24438306844727,-64.98584636516996,9.997835201752718,-163.21822057728107,-89.29885760982931,51.283032131209794,
20250313,-50.50503221092681,64.24197168330181,54.668626348741434,93.81409666281924,-21.3217985627125,-83.01054631610707,-203.6819364469501,22.50683796103748,-250.45960232112614,-172.90915252002802,-135.4509678071814,-25.210030181919496,,-103.28547399931526,15.470493084089094,-66.1125640522329,18.153570372924765,-171.2993372946226,-91.83251293353469,54.195140093137056,
20250314,-54.187455090821544,65.81491004518348,58.413473452503936,96.04696946999485,-39.22814411251035,-27.536739478499573,-208.14288550057734,45.85224982148246,-254.86664819267423,-170.89248246282165,-129.985711370966,0.618660736891041,,-104.27613274993769,31.302202932625516,-66.69042212295776,25.25519877699389,-173.47838252493793,-92.95479821940616,56.550717656235875,
20250317,-57.199252156290335,67.20118081681089,61.44456960106214,97.85243701325436,-52.81063739989014,17.335614827115933,-210.86184026082796,67.14368061941295,-259.93456737775733,-165.64453232980534,-126.0660214320672,21.396827760912473,,-105.39705110056464,6.899429850789501,-67.1704046528058,32.72387039443336,-176.0889936108482,-94.05296668192263,57.74092857317932,
20250318,-59.577188002036664,68.39135080461845,63.62276676227352,99.14730615234593,-64.00384456268544,51.02686620821788,-213.01736394259987,26.76502230771005,-263.95554089432557,-161.3333951165127,-122.87439275500357,38.290258750916124,,-106.1234345370858,-12.232456789267843,-67.68563494867443,38.793533099624646,-177.80112582640103,-58.86984890286513,59.146002491209984,
20250319,-61.0106544066572,69.095308145378,65.17325846145857,98.64443004646992,-73.1265658413897,79.91781608944551,-216.39068149468773,-5.610324618440399,-266.20961257002875,-157.51092813607994,-120.25974071128381,10.947227485210965,,-106.74689933135804,-27.935331921394123,-67.50382321539277,43.7411802502167,-179.2481984039866,-65.99994533433167,60.27123141579018,
20250320,-61.46557543449453,68.69940295001815,65.47948301145243,95.94835084458309,-39.26913460297198,99.39413592009382,-220.4163141929023,-32.540331156963255,-266.6152831808438,-154.49792442920338,-117.76493909647616,28.985424604976448,,-106.83603587661064,-5.160044885438118,-67.96179205400693,48.281737962221364,-180.3625635108735,-71.20826403884602,61.20335343462989,
20250321,-61.660650457974384,68.00445883231967,65.24074808448805,93.67560009444368,-11.58241860955689,106.27612471831473,-223.7218510210673,-54.69688933872695,-267.94462278306594,-152.14636701905874,-114.79217461245806,44.73510234773618,,-106.8199804797805,13.45340013784474,-68.7376255564756,51.89258747396056,-181.34824622041324,-75.90516383758299,62.02005144774621,
20250324,-62.10763828578375,68.55090523045244,65.53707999774333,92.08558951411669,10.372967517581667,111.516552965725,-219.90675968723843,-25.273518639693314,-259.26968939231324,-146.1813822802289,-112.10296739407487,57.363293314584105,,-107.10816099693082,28.27461966539021,-65.60057676531312,53.71076373230168,-181.72024903365346,-44.378688043236025,62.0816171656809,
20250325,-62.393595939294464,69.10935013856887,65.54086056966771,90.08816374996198,29.23698640187984,116.44872233914927,-215.9941592652906,-1.0327209600021072,-251.90269853830725,-141.68356653369466,-108.80620801574103,68.02056025425414,,-107.3443910601216,6.259808665884173,-44.079671551126474,55.43344532584972,-181.65911962924443,-18.58213808038598,62.23322912051284,
20250326,-63.51403372656395,70.49651778384408,66.82541205183132,88.73715516706434,44.0837399108681,70.09268557234743,-212.78964902626765,-20.8638570080387,-246.661677356069,-138.06995460066233,-106.45542279446316,78.0651210943284,,-107.68690741687189,-11.87765925605587,-45.31558956754708,56.89403422163071,-178.234951010468,3.1649313677055226,63.26185602767313,
20250327,-64.43420512287376,71.6542465559737,68.0862172409375,88.02852246998685,56.28954576366651,31.978745542510772,-214.55546939619668,-37.20186993112438,-244.69928515014203,-135.37879518381575,-70.25957951609239,85.97379998227896,,-108.00802137426479,-27.391437600171148,-46.34747251576905,60.097944538063516,-175.09932892275637,20.841284429779368,64.7506301218336,
20250328,-65.31391885609078,72.6345525365273,69.32503686361675,87.53755387819358,64.94447717220808,0.9466038860653566,-216.1004131102781,-50.56515391089828,-243.0412336372023,-132.78831614208093,-40.81797434196647,48.26331445920451,,-107.94462120504612,-39.81470683922447,-46.723890655835916,62.777161967160765,-172.5089028594878,35.21919257847252,69.29449538722206,
20250331,-66.0096123438145,73.26906188130333,70.27133986229882,86.8278447823953,72.14226786945032,-22.866255823244227,-217.5106317407944,-20.83562508650391,-241.57756465399652,-130.67805953943858,-50.051976428018946,17.393580463023028,,-107.55660928509417,-48.41164669460513,-47.082285844167515,64.93813217359276,-169.57153075416542,46.58583975515265,71.35023036157587,
20250401,-39.35035401424742,74.01222312901105,72.50567796659561,87.80389611459134,77.92512228321335,-42.87523773798876,-217.79817689362812,3.6651851824399992,-240.51985564227243,-126.90873665136225,-25.110230525003352,38.883146315569626,,-110.7066080598013,-55.38453957319519,-46.3891697050553,66.46270017091072,-167.6539155251151,57.65907868335976,72.85689948938911,
20250402,-17.1654186447123,74.54925236844917,74.9334948253539,88.76019460693925,83.2477625015405,-58.770917939373845,-217.50484499735708,25.082946905987765,-241.24798105427718,-124.88671431620779,-5.1428504629927785,56.64124823168363,,-113.3459585691346,-61.132946344372094,-46.029281424984276,70.27632963876036,-165.98603350615392,66.55237412134441,74.02357753011209,
20250403,-29.153420544788403,74.86826757455432,46.3391988715877,88.80434501963573,52.226182415099494,-68.73483584311273,-219.42964962354034,-1.8317988648959944,-241.62500045793124,-122.074864788461,-19.607813889632794,18.61348654544077,,-112.85860093150983,-65.62765397913827,-45.532050190882096,73.33132111988044,-158.23397497877883,71.95461722570872,75.11583654632066,
20250407,-14.757039119493587,70.7667810104326,28.242437901908087,82.48118753718903,55.317706679225026,-72.36008311489464,-195.58787857137438,16.484741048136755,-227.02503874105224,-112.39992600244567,-26.595648427628532,-6.9490559023011045,,-104.74741217231147,-67.55404118799265,-45.19233997627513,76.2997074397556,-142.87172149628478,48.06611092867229,75.99736463535456,
20250408,-3.623983947744207,65.73212854802357,14.018500408699852,77.18873741319159,56.347223264620716,-74.76354652196291,-176.02103864888505,31.501598023685265,-214.983892026753,-104.56080204361332,-11.44170920828218,-26.592438667315463,,-95.37783561373358,-69.16800256658175,-45.40020650050124,77.31587212121298,-128.47262213798757,31.014081968804316,74.56712900163113,
20250409,4.967930635014825,61.108280305292105,2.820266137045778,72.47634967453821,56.32562406260832,-74.21090674106355,-159.88319308060318,43.55677070876211,-204.17196445000934,-97.53999815847965,0.6953688698781872,-37.96529854509394,,-86.86370637709933,-70.50884299824423,-45.54373373046129,78.1104115797335,-116.49924735214982,17.434038603780763,73.66224218501016,
20250410,11.36714347016546,56.65945708852208,-5.699620029304141,68.00754663413548,54.60272878751811,-72.35669682171338,-145.11845609704793,52.532691358310615,-191.89440513528936,-89.00473593980664,8.587801917756384,-44.99614668202567,,-78.28470635884538,-45.17433213396701,-45.62820518036218,78.59134302476072,-104.29493306587604,20.969133460825674,47.668982078313476,
20250411,16.669084839163567,53.09766623315445,3.4247653663237654,64.35189820264092,53.161991874216596,-70.6282735722773,-132.99386163091305,59.95425049268093,-181.8465033380767,-82.0872470982317,15.151931935811326,-50.41096358049876,,-71.30595728131887,-24.364140739571155,-45.515894389171976,79.03361541050032,-94.34921795110931,23.987972782191267,51.54417870879253,
20250414,21.013329662041766,50.17271757640801,10.879600116171677,61.35854948649065,51.98917541441688,-69.38798805196893,-123.08417135664305,66.13123381425592,-173.96199291553745,-76.48120837072176,20.578897542415735,-54.59236422616924,,-65.69299173171817,-33.41618797294714,-45.46023515332942,79.35399693659934,-86.25396804153672,12.696535615578954,30.329846668071152,
20250415,24.49925808913149,47.79145548168512,16.976313842528103,58.9139108551628,50.914989367355226,-68.2885706976094,-114.9003306927373,71.18064227430007,-166.64929289021617,-71.9318797680959,25.004507386239162,-57.87672099179655,,-61.106102285048586,-40.88231178727996,-45.278742411217266,79.757029918662,-79.61597290878055,3.451831288769753,12.620045140577162,
20250416,27.32342624797232,45.81218390751537,5.815253721224057,56.92025238723923,50.082170872359185,-67.37556599724742,-108.13034594040043,75.75293542703048,-160.59159535911985,-68.10981388544597,28.548897831961284,-60.76102525875093,,-57.301208648291734,-47.18112676311642,-45.169124624721675,79.99833716096256,-74.1589223006838,-4.093193756004959,-1.8703254238149831,
20250417,29.58513805697647,43.92591086581926,12.528023169544944,55.28181121285242,49.37260175321858,-66.66664119162816,-102.55827388391674,79.54691973218925,-155.79416401466986,-64.9770978006486,31.372207817661845,-62.9645810096836,,-54.02133456620317,-52.29582722362063,-45.11872499811628,80.09323153706254,-69.55509516109721,-10.111156007324032,-12.724198304181748,
20250418,31.537572685405213,42.42532457901395,2.344632026444334,54.29940123012817,31.844313834730006,-66.19673422236694,-97.98160089799447,82.66379506591798,-151.8040200735467,-62.34626402110635,33.70437275031452,-64.58824467924332,,-51.31846771410227,-56.260395075699066,-44.60979865980796,79.58229926912762,-65.76484435817306,-15.030942464754652,-21.7096548564322,
20250421,33.168789847034176,41.26590004445428,-6.092172978260941,35.35291482731251,34.38282850414465,-66.15731909922278,-94.10431587392856,50.108704518536975,-148.53022882045687,-60.14465180493679,35.64958007382669,-66.01277547160598,,-49.10650345900915,-59.40039596328237,-44.154258433083214,51.449080840079446,-62.56905724411428,-19.053751789449716,-28.99859632987674,
20250422,34.52188109469461,40.279262987702886,-12.964803329830891,19.805730253541515,19.7146114857423,-66.1638629347136,-91.25799538649585,20.767148911717594,-147.54386553737208,-58.577337135411156,37.274153125666416,-67.26257560459855,,-47.30749307648005,-62.525193491227654,-45.734573005963135,26.132272964021134,-59.974149058260046,-22.379772615538435,-35.23787716740427,
20250423,35.398328263028134,39.38142032384436,-2.6929633998875904,25.40844698348137,24.407824122913823,-65.92817382209358,-88.52589403300765,-1.565259763576608,-145.42106477141743,-57.06495962506957,38.49898359905259,-67.88144570594885,,-45.602508129624745,-37.88760787327425,-46.63332223503117,32.723707115425235,-57.587607706918845,-24.818777388044612,-39.943623694489716,
20250424,36.025459502655885,38.60677611634688,5.626836646237783,29.994087541235846,28.20645691248332,-65.74153561381686,-86.19387715462737,-19.71346378902964,-143.46908742082437,-55.74246069853394,39.396505293728794,-68.536715190988,,-44.27147004873681,-17.705264094522413,-47.51669561042209,38.0591662813679,-55.737145774028555,-26.842348858961337,-43.741296964466045,
20250425,36.49835828389907,37.95514539712024,12.399089708025075,33.745655267741476,31.355431931265322,-65.59189501355804,-84.38384039660565,-34.67558963749178,-142.00515397385323,-54.67251176632095,40.20806512527878,-68.92381194027489,,-43.1540062436447,-1.1009226853341345,-48.31581149655271,42.36927353042827,-54.22100943447534,-28.46893477502709,-46.79157735223552,
20250428,36.89184988636179,37.419409642112875,17.8789706376713,36.64644183851769,33.96020138929477,-65.49650951694944,-55.2208552678181,-46.57531235279823,-140.66984206827644,-53.743018230929344,24.958331096298682,-43.62457530663624,,-42.102114767245595,12.257963293326288,-49.395021243952016,46.14107964312168,-52.667910262957946,-16.841014789521697,-49.63848388579656,
20250429,37.14412614389188,36.864288470759895,22.211181130883215,39.06004238506443,36.09137968866071,-64.66541130822888,-31.37828530962374,-56.29122095322654,-139.61093541119976,-52.98200812382642,12.485070293045782,-22.920483997929537,,-41.24600660192583,23.89170088294419,-50.2883434276001,49.27385972885229,-51.397885162330866,-7.3370225255828645,-53.076009555575034,
20250430,37.66282538908392,36.67752480276399,26.029597690452302,41.317743374827806,21.193527852535162,-63.95496332312643,-39.522813328857005,-64.44468298688913,-138.9161233098434,-52.57013835928837,2.0711575486278146,-5.9564635226129505,,-40.60307546222947,33.26913324659501,-53.78964934549077,51.75621418517877,-33.6487401039719,0.5609848100007084,-55.211693050410794,
20250506,37.964172211772464,36.457958249074615,29.178665315524604,43.11180071306854,25.49018916562402,-63.391290093848326,-46.04658671074825,-70.1509106777922,-138.27734183036645,-52.23316158081206,-6.510609360289384,7.746232854536239,,-40.05711363041579,40.69491160330961,-56.652258290017315,53.65810294484331,-19.134598381898044,7.013158095713321,-56.8461185237993,
20250507,38.055490480392244,36.13898092249721,31.53983386778866,44.27911560089258,12.306353973795005,-62.53868151717245,-51.10279653777373,-74.59714220864771,-137.2061519463248,-51.7673644494811,-13.367495082535267,18.979243029706463,,-39.46316232815033,19.917906333225172,-59.10550579451104,55.247871889884465,-7.233716907287421,12.129388747386873,-58.1270411706018,
20250508,39.684247382099066,36.506156575296906,35.25117448212641,49.03133255260538,0.5846224127555557,-62.916853815279595,-63.21811638230467,-81.33438956861511,-141.3068899358079,-53.29469285465599,-20.461547910519553,28.437332477920968,,-39.560981346800574,0.9763815117385926,-61.09210818460043,56.75271176587213,3.8102863449212325,16.978302115938614,-58.84269376433793,
20250509,41.32915346183943,37.66593326878945,38.78496587990495,52.804164646664105,-10.298591728344523,-63.38909011299004,-73.00213267704426,-86.72745644170291,-144.70577467261424,-54.67815085715834,-26.5012007737939,36.372436507830365,,-40.89544269423214,-14.440306948971331,-62.89817911634724,34.38120574436573,-8.224044369949585,22.597857968528135,-62.16971667754344,
20250512,43.58560784034392,39.261127897241394,42.60421465391846,57.52626932640513,-20.301288579944114,-65.65679336276047,-79.80636904611714,-91.05188036661137,-146.7798358195787,-33.250448334323366,-30.596614053665142,45.44156178711986,,-23.890072875614088,-26.201829335620126,-63.77886018919896,40.053742864896286,4.906937308716082,27.85124730191198,-63.73163769857553,
20250513,46.69537053803129,41.64020131584972,46.93209144596061,63.56511758614086,-32.28983819954005,-69.17448513604559,-87.31529850725303,-96.63072418956402,-153.9260492031864,-10.617892937166836,-14.511328506890496,55.27602609931196,,-7.098941041942623,-4.2743876835008985,-63.99254187563633,21.222007471347098,19.428698907242513,34.79102955412529,-64.39499937359257,
20250514,49.042682903300644,43.50472381258959,49.71720804296006,68.494396538509,-41.41083782468814,-71.21069080782294,-52.39799220204221,-95.51185774513509,-153.2415679566679,4.734892959368814,-1.7872752999224804,64.61214729352977,,5.987657145346316,10.645925951613771,-62.793360509114294,27.154086024300156,30.203325642441715,40.0293565365805,-40.57954056848389,
20250515,50.35539876513014,44.12510440762388,51.62630239058101,71.44632517585045,-48.68100500998415,-72.89534217608637,-24.019389624962535,-94.2196269372273,-152.37513741677543,17.237106533136885,8.660322963924955,34.8843472867105,,16.38041566256818,22.277911561009034,-61.945795756261646,31.962808588224263,39.59500851543536,43.907908051712894,-21.004010966601502,
20250516,51.559847998318695,44.61030370229893,53.09309337088434,74.02953130339044,-55.987357786718036,-74.24229929558157,-38.66491314500983,-92.2024463966218,-151.53790442425864,28.083714651705662,17.262615422694235,10.026126804162512,,25.03930698424001,31.34584007312673,-60.959612226927035,16.947530402869656,17.05582857045452,47.35351495530601,-5.164383470717835,
20250519,52.90204595699267,45.1048511120596,54.80617590302757,76.42754993926793,-61.98182938333274,-75.54872760378187,-51.09738514774085,-90.52645597906971,-150.98294411516954,37.837832584763824,24.568172880628836,-10.293696322131462,,33.32779356101328,38.794868791715054,-59.9014186492264,4.611460328057744,-2.655420898028347,51.159028960831684,7.394401656487267,
20250520,54.45345277270468,46.10337753606439,57.43083848321577,79.2673466381399,-66.78698289955685,-76.65920328513066,-61.22174722449304,-89.18168822470183,-150.26556873019868,16.824587177964602,29.90256163617627,-26.799606736346774,,39.96122992040154,45.01029932424017,-58.953640621634655,-5.512780344999987,-18.411241470218112,53.99131793544155,18.23341275626302,
20250521,55.67225905949664,47.034953645168,59.577696359203635,81.7134393370968,-70.51822784489293,-77.62785680043109,-69.50233741377836,-88.02146155286798,-149.88608749823825,-0.4055278844638278,34.26457075360269,-40.79326324985928,,45.33214531156832,50.312566198498864,-58.94030836437031,-14.106357448462212,-31.325827200594226,56.21394079358649,27.114221346740678,
20250522,56.03890276986729,47.15947041190636,60.75593547911321,84.02635399777034,-74.187796298319,-78.51079725540126,-75.99881143200336,-86.94004668214335,-148.8809125954428,-14.520360488817117,37.56604057204117,-51.5696758152338,,48.98216891886712,27.942781096443316,-58.944076818539,-21.270956316306346,-40.85638796985063,57.12548129983286,34.64823969262991,
20250523,56.3353070968826,47.34400234005395,61.75588213814178,85.73214658053837,-77.06268174079452,-79.35955911591122,-81.00409383728837,-86.75861808535103,-147.72200217387234,-26.333865627824366,40.366424352206,-59.190106759401104,,52.25574888506698,9.68732470082904,-58.80171440801367,-26.93287658132879,-48.81906429375808,58.10125088182178,16.62836412348835,
20250526,57.111532443156335,47.59854365761384,62.88263003265856,87.31865290580892,-79.60341785055044,-79.89293754253612,-85.90661855458805,-87.3513174375229,-148.30986388806423,-36.447537322924745,42.82785963528587,-66.57113186302426,,55.5159806593351,-5.940689615288863,-59.127395881852735,-33.61578263392592,-55.84706063706814,59.67310526682539,1.7021464873878887,
20250527,57.81275281463784,47.9883467236232,64.31360881325196,88.56314199972299,-81.52990826377611,-79.07807634732181,-89.78242793872226,-87.37145682817867,-149.00223361073347,-45.71396553868126,45.10026039489598,-72.18048163359319,,58.448982587618104,-18.68312252396621,-59.21656956455588,-38.99034251030394,-62.26989009089291,61.21685132775297,13.128985747847173,
20250528,58.47714436788997,48.30234688276767,65.44925075865716,89.36132671466464,-78.62602842933049,-78.19352211870775,-92.87301914384949,-87.2952262994238,-149.6281765245627,-52.32232178953201,26.95835707287291,-76.99735225580007,,60.330806952982186,-29.110836881219793,-59.07769911739129,-43.35548648974437,-66.82033428422855,61.925890017619146,22.705649112436575,
20250529,58.34973588294108,47.97794276928716,65.50797443188695,90.29408698096074,-76.17359436989955,-75.99949415041131,-95.02764027259173,-87.43040876251492,-149.9238465570507,-57.58159875941983,31.895893170824767,-45.05068221828358,,61.144409693655426,-37.81025362068416,-58.7041556269734,-46.94030651380123,-38.39998184483581,61.71779016516377,6.715291867199999,
20250530,57.03867558323726,47.351404302234734,64.61966320849159,89.67381607267234,-73.09831514764255,-75.54327903812258,-96.55153945750997,-87.52132816620794,-149.826413794393,-61.85624818505733,35.79959719657906,-52.02374043053993,,61.12068076963836,-45.24244863462052,-58.426315361564654,-50.150293204646815,-46.4292795793625,61.03519858228368,-6.2665692597161495,
20250603,55.93860367870353,46.63056653308586,63.73146211891188,88.98227346696451,-70.53040932966233,-75.03840491883568,-97.89693217272396,-87.58242019857767,-150.19759216602975,-65.2328562394236,38.88788386213452,-28.69458375410084,,60.78271227908441,-51.4230277502944,-58.023075137175226,-52.896762160034186,-52.865385759422985,60.21538364842616,-16.04522077604865,
20250604,55.5905274456053,46.297547658555715,62.98704958342643,89.25240988996188,-68.5360427232295,-75.35243198421857,-99.12105323413594,-87.2809462745948,-149.4537875625102,-68.08673492237611,41.403841659540696,-9.30167065415939,,60.84921933601704,-56.064275428518805,-56.54240338072624,-53.63421462526205,-58.23027747879717,59.759027810302186,-24.150400732321557,
20250605,55.48518574921744,46.122200200849875,62.65153702938151,90.82792435688712,-66.90318380077966,-76.29348447236211,-100.47242074755444,-86.26997559185871,-148.9483225356101,-71.00581781911706,43.58066673277015,-21.785869153097064,,61.334718797630586,-59.935574495540436,-55.11483011255464,-54.07677376450817,-62.76626535468761,59.82434861610542,-30.724243124822593,
20250606,55.437787790358726,46.100172234360045,62.30825854343524,93.24323717192175,-65.4388836540607,-77.0444289721375,-101.58122223108967,-85.306668029226,-148.91815003579674,-73.35669572636013,45.59252653718088,-32.29871161538687,,62.06979738310338,-63.380067626614135,-53.261595059229776,-54.33759678452367,-67.0385794708309,60.18106139994409,-36.39102580221368,
20250609,55.86889387234989,46.23779358029113,62.33637632795799,97.38785323321544,-64.17370589590145,-77.39562295623006,-102.71368431432683,-84.56132911896455,-148.94595586625917,-75.2781192354036,47.07771739909956,-40.801773850284235,,62.56234392235488,-37.52982152126419,-51.86690467694846,-54.61151688084277,-70.41359903642073,60.463181927380454,-41.020570871007145,
20250610,56.181409360979515,46.51577049141593,62.37139421544491,101.29871295435541,-64.10739222043539,-78.29221300987741,-105.26048777978917,-54.31756163986469,-150.456230441067,-78.06828227135897,49.71845742291859,-47.74299700775234,,64.15354709449643,-45.91651111938122,-50.75598192101427,-54.93269137058632,-74.65445680998234,61.733872576896125,-45.97871758480917,
20250611,56.41114419406866,46.74788815433531,62.4326168731539,104.13528831758977,-63.93371940622928,-78.95423612563481,-108.98324865861876,-29.629019731414466,-152.39923822296012,-80.76735013094972,53.12491068774826,-53.817787544269976,,65.60432743966271,-22.133902609434838,-50.173121041008486,-55.4412618082134,-78.61626313827159,62.86164165141972,-50.247926210235825,
20250612,56.15416819602756,46.479402820877944,62.92367605137162,104.86979302792214,-63.94768878628043,-80.28716584181274,-118.71707948250771,-5.89114481786771,-163.6562025232064,-93.13576436496243,57.18334511971203,-59.39287284094992,,68.47388487294259,1.9774665462199528,-50.11220125955374,-58.20214873871447,-85.66451981913126,65.08524780485772,-54.02248648576437,
20250613,53.97158729549844,45.409178632714806,61.304125213724284,103.54870229983214,-63.20690320886648,-81.36899734931329,-120.75616527684397,13.985284982703218,-163.13427140922053,-96.89185446040537,58.10896209379899,-59.48109414074156,,68.57066851056302,15.932236733559433,-50.08586218235757,-60.345945887198866,-86.86065905462972,64.94876080144968,-57.6159497585791,
20250616,52.10779836388309,44.56143874202868,60.02874736280751,102.24900331668387,-62.63694477536545,-82.19687252307868,-122.01652983553483,32.05553648832344,-103.22053162344204,-99.24791138810738,58.9375492107435,-37.955920423417986,,68.67151025597137,26.326656525969877,-50.5457615892916,-62.3992788848813,-87.79186949183078,64.83236059794423,-60.392570329553145,
20250617,50.48148372982205,43.710721115704885,58.66555352483252,100.8294223245597,-62.28105005724213,-82.97530901471787,-122.92718086238106,46.783137436343715,-54.114841489910454,-61.40848033234693,59.59766860599028,-20.351371888157544,,68.73733625540189,34.8816360073341,-51.05687826455719,-63.969970386878316,-88.45914541627917,64.73085015380651,-64.06870451492418,
20250618,49.014717413218925,42.486169148159405,57.08119703766218,99.30504811562318,-61.80012879214137,-83.63574175057889,-122.29160355570458,57.52276054976106,-16.13738508530326,-30.877457055957723,59.961427409128476,-6.42766606959858,,67.94483218196365,41.38177298515073,-51.48400437897833,-64.92694827269635,-56.92739047627683,63.845564735367,-66.65682001238136,
20250619,47.814017295217475,41.36509624284312,55.73127980282248,97.82182597846531,-61.41560818806763,-84.10164919017853,-78.47643356995462,66.42767414260489,14.119692809197877,-6.955830689795052,60.217119073193594,4.916763623904378,,67.2039628857089,46.66430600897023,-51.625027080906285,-65.74606938609023,-31.64072630775557,63.109209420027085,-68.78396656097439,
20250620,47.200577327861765,40.90358408628631,54.88600681093923,96.61574517995527,-61.06351172241656,-82.92840570990587,-42.283749692589005,74.11047887255245,39.67726444808402,12.197111060784886,60.87272837621809,14.515487441772935,,67.13161054582409,51.370330199990384,-51.81634693005018,-66.42398199440002,-10.141522412210465,63.19979457485306,-70.42228719357104,
20250623,46.744150563208954,40.587323779717174,54.22110596140782,95.94886951047997,-61.006257829688465,-80.21680359502105,-57.92581199376772,81.86753972053587,62.34063172067824,27.901038878819083,61.34824726829218,22.960372073774,,67.05217424088856,55.142761619384615,-52.20117591721666,-67.79028728382612,7.461130589747964,63.26457098370545,-72.77859149143121,
20250624,43.897732056105234,38.328593596120676,50.726896883267905,89.33239320936336,-60.66869976083533,-77.22375520757484,-65.44565710133114,87.41341838398489,71.87056236561439,9.194483900438618,59.71732339513576,10.413263355624341,,64.56162793916874,54.84762979594238,-52.74339819007071,-68.85586347945245,19.04821503405949,60.87022821387444,-75.38248399642472,
20250625,41.60242180753129,36.418186755734084,47.88772006816501,83.92810122083337,-60.371935071047304,-75.2688675316586,-34.804817985462016,93.47314203277105,79.93183014581312,-6.107749987323071,58.35146142425645,0.19749176722921594,,62.525534717746865,54.695741202114625,-53.30187334590543,-70.07172711928473,28.535530375830724,58.92070332252619,-77.77710722671867,
20250626,39.72354190544845,34.85646118186495,45.5880569476531,79.54963857905983,-62.47769661487817,-73.8388930981591,-47.47031867239471,99.03375362439395,86.5274288613504,-19.147678856071956,57.41177027053501,-8.149295024983832,,61.014217892768976,54.56194321672752,-54.15849257538965,-70.91381661552553,36.402731766022306,57.50698283994682,-48.34005967287687,
20250627,38.2523852361799,33.62403162813802,43.81225016358179,76.0681544854588,-64.23848241690536,-74.53602358790938,-57.976600928544705,103.17556671196898,91.92367707551126,-30.083842791998123,56.94321930754678,1.6314999796499732,,60.53849023314666,54.30337759873721,-55.489775236037914,-71.36328718791908,43.30398105143494,56.9515556517808,-55.177716485254855,
20250630,37.40773793883126,32.85415410259565,42.70935533411421,73.7446014565242,-68.70243279073905,-75.39574379625971,-66.97048279102418,106.12653908939028,96.50155314719787,-39.03618939115343,56.698150425985126,-7.508764625751452,,60.736858536109935,54.085491941466636,-56.37967796796989,-71.47707243263137,49.72258492660042,57.02105263900399,-60.863453460122884,
20250701,36.76173503678909,32.31263488695675,41.937272121707224,71.96778942863331,-72.25546983401284,-76.35452593645695,-74.2622088800586,107.08153573883277,100.058529927589,-46.561701503042556,56.80480715740269,-15.090124611053412,,61.23065098589568,53.913621485445944,-57.272092859742514,-71.49137528472876,55.10439892990224,57.31318033481831,-68.56479275920103,
20250702,36.21838677092941,31.869805512800607,41.336185399087576,70.51881718635761,-75.76446688910399,-76.89820777464745,-80.82655885107334,106.92590431992556,103.42798582670484,-52.64999651247316,56.934580265159234,-21.29329858775938,,61.6912563125381,53.96514543274931,-55.21155808872598,-71.43296742492389,59.68164173115838,57.584770760115035,-38.24809338770986,
20250703,35.76649348269215,31.519772520292722,40.858330354353036,69.34565600398358,-78.65454970655068,-77.2659248678142,-86.26036831236127,109.22201081163804,106.51259198297305,-57.625727695495385,57.04142490716309,-26.372117399788042,,61.96896383345909,54.05709553141049,-53.80999984413371,-71.36735357662599,63.42560298423335,57.781573040199795,-12.38805986616934,
20250704,35.38023283710275,31.21767665065813,40.481638529516054,68.36877185847422,-81.14325730906431,-77.53413875989209,-90.73580070153602,111.49909754115063,109.03960143206452,-32.548561699425164,57.12860737504499,-30.448301528122855,,62.10928729078215,54.06429849471851,-53.117767364563825,-71.36887705531547,66.33135733004067,57.819894298969125,8.764784243339664,
20250707,35.053776463232,30.984888760767767,40.1793978351136,67.55068710000002,-83.20102745318106,-78.23902585063364,-54.32389444553134,113.40018659158066,110.97512829441887,-12.025546788277683,57.45609850976578,-16.039290593137068,,62.38980265655612,54.05142692977643,-52.54911080780299,-71.42798765356223,68.82284983464643,57.9607005050647,26.45443423741363,
20250708,34.824105351546336,30.78164778648907,39.93578250060898,66.86005727517176,-84.98003868840686,-78.77009900806895,-24.493615761014972,114.99232839798445,112.50709932166068,4.763912846084376,57.95549881665715,-4.2748736586130835,0.0,62.618576251943054,53.966763608415945,-52.160630317527,-71.37643219472834,70.87616721312088,58.07599553268697,41.04552635296662,
20250709,34.641151851699405,30.604791574049425,39.728843493405435,66.31208138073617,-86.50158073359837,-79.14776434573888,-39.93804417714235,115.04625120489375,113.66962320697141,-10.70521749993924,58.268515070531045,5.345694581285722,0.0,62.805803403434524,53.89267554456798,-51.80541317217737,-71.02560334278446,72.55455587439037,58.16945680307263,51.5181477967047,
20250710,34.642829402834344,30.59461771731169,39.681830166308345,66.24563183456662,-87.73261011619302,-78.80961235356193,-52.38239786876604,113.88911040156684,114.50394679770733,-23.541716753547757,58.072665347406385,13.212669240339027,210.69653528263117,62.94335528512995,53.77830096267434,-50.76687008049916,-70.22935525950294,44.73834313630942,58.20175041343364,59.87320254227012,
20250711,35.89287161650496,31.25970523340735,40.465654815286754,67.3452529247368,-90.1852703376544,-78.44407273161244,-64.87233344469975,112.0256697599092,117.36149063351397,-35.568387513343296,35.75059666527915,-0.14072302693536712,119.60272194914354,64.74442200153096,55.11374394879362,-49.965752911307554,-69.80606428171814,53.2926187631338,59.52767339103289,68.59532412152996,
20250714,37.15197629382729,31.852302092551387,41.015547111439254,68.2311739758462,-92.18095627958621,-78.22425822201143,-76.20223824010556,110.39685697798572,120.15629872066863,-45.198869808117706,40.96746852905692,11.059636991956712,92.38049987343449,66.08582161052787,57.33887483272859,-49.274211421612215,-69.27898126376098,60.170620054152735,60.41450611410472,75.23891221972329,
20250715,38.00714541777967,32.34561346128105,41.456609734212606,68.91452827711835,-93.91950990439996,-78.05563558018083,-84.89398522594489,108.9483647331427,121.94960521441627,-53.02647364783172,45.096816569864814,19.920554196000758,79.70303576330372,67.07284260089791,59.155465202366514,-48.27470069764138,-68.36518330121916,65.51082183714455,60.93480016800257,79.99338488013862,
20250716,38.95310523793022,33.430875704664906,42.34784620812379,69.86071674553686,-95.5385779572498,-77.89098589530077,-94.31683300993109,108.1729013484176,125.61718948413603,-26.504285765817194,49.79291038583999,28.61606974323702,74.05334997685324,69.63594510342807,61.846005265237075,-47.44436659176331,-67.62486339003631,71.92350327641175,62.85242987416777,81.91658578345739,
20250717,39.85761813450633,34.71439821134851,43.24831921338376,70.95184311973907,-59.91111362754846,-77.7712760862259,-102.69685462599523,107.46195353933575,129.9693355135653,-39.5701823352542,53.8016809511765,10.657487693818021,70.97993093791325,72.53185838808706,64.34688360363606,-46.73925276800865,-66.84862397174726,78.97747820406506,64.90916895861805,83.69339253582513,
20250718,40.37668193865015,35.58156881667785,43.79382808057795,71.71586698190603,-67.74348026647824,-79.46621390154218,-109.82761950913415,106.78858674347323,133.64295463974378,-50.444092907314754,31.035208793271604,-4.172858905843697,70.04816613786093,74.6694989905991,66.40297784277647,-46.09073349914144,-66.13279700773776,84.93351711464845,66.30975825325423,86.06035340177019,
20250721,40.82365503193796,36.384612184776735,44.36008722031384,72.56016685914805,-74.12063364242063,-84.42326922193602,-114.33799924004882,101.83067956807322,134.6405440934464,-23.561467378158024,37.518270644511226,-15.907942791508924,70.17369541370203,76.37723875269118,67.27429804698855,-43.893920540420744,-62.67430616501797,88.99540919529085,67.436621229824,84.2930277373731,
20250722,49.93040720120285,44.12875085120235,55.3990741696798,90.42096138721395,-83.12061828194562,-95.6176815819913,-129.3237285599591,96.88369286805136,147.62715074628426,-50.44565771112534,48.37083840072819,-34.56459647231785,71.19805231037839,95.25856193974559,74.67191015969435,-30.23566707977325,-58.74482730242661,42.62142497428192,79.8155394644615,81.52764064564447,0.0
20250723,57.47228866194592,51.43518979244557,64.3940803852786,104.65428641546704,-89.96896636413258,-108.59998833688998,-137.8105706006111,91.80354404519231,154.42188353440014,-72.37345340177535,56.81304597587855,-50.02787792533531,71.37115228153863,110.80441782794666,78.79185345359797,-19.277202114301932,-55.16021665111144,5.340457451271431,89.70696142931097,79.05204924207634,0.0
20250724,63.67154658614378,57.603843574813006,71.5961610324934,116.51005786950974,-96.44781383921973,-119.23485456018072,-84.15248848456879,87.38192326320848,156.69735099195637,-28.367049007036545,63.64490883379722,-61.60509919283066,72.2200779798656,119.79262204028592,79.79195209435198,-10.812433232739338,-38.52747279374959,-23.07980030906743,96.53156465375834,77.06411675397212,-160.90522567288448
20250725,68.07973279145459,62.90122598283919,77.48737113067867,126.04364152377408,-99.40792284205399,-68.38271357408243,-41.58211454534196,83.16701047237999,158.08221543070113,6.450136136683371,68.15629391349219,-70.70528804864111,72.02536763659012,122.93260773177425,80.47916402414333,-3.948238364219464,-24.955089499823973,-44.55695993753747,100.6105911749426,74.825141289627,6.445928650118829
20250728,71.09380796199511,66.59801687710102,80.72999734742592,130.49481698936935,-96.1701052921314,-36.70314589360079,-57.98895188917837,77.82303739200145,156.50453313667438,-15.858052513382995,69.2722748226661,-77.44807667814825,70.71125731316377,119.92317530920347,77.15549203223063,0.7953973075214857,-25.646452833028917,-58.08095424681493,100.09990903890203,72.41158951944318,-38.29918535657796
20250729,72.6901269844933,69.00731155976044,81.09493568493077,131.56834296111256,-63.931569613045674,-10.108147599718617,-23.811977103687465,73.65902530051856,155.30881573324544,7.988405771982015,70.19963293288517,-82.45868724947371,70.12501471110089,117.3134030734382,74.28462108598933,4.665667167849052,-26.255143298822563,-69.53464411100813,99.49596730090497,70.38122334067421,-65.32921094902314
20250730,73.62760905775794,69.89108877277695,80.61663154261211,131.43447677606218,-66.92518038696984,11.036699206856374,4.368202265355267,70.48891236491426,154.38028539715484,27.37383205949753,70.97814357140926,-86.37472972894446,70.10067047817435,115.14053419861676,71.94576157456974,8.063752872889914,-26.835943838537922,-79.07238972672066,98.9197362405006,68.5225987193695,-85.16926264850942
20250731,74.47791811978065,70.92360190705897,80.03945616152258,83.67369203440104,-67.909966552171,-8.418960280945422,27.106546912730362,67.4287410634679,153.33775801009642,42.7020072248163,71.4957469267585,-88.98468607845741,70.44078463842108,113.37797137141212,70.01008614582442,10.604409733722846,-27.050954575542725,-87.4844729459877,98.39735152708349,66.49597513655067,-100.86181542579327
20250801,75.2055492718436,71.7347914633239,79.37811206821335,92.55092555107306,-68.12949230701739,-24.085573530071336,45.47322926756158,64.90029026208383,152.34067541631242,14.606040439083934,71.91453798772109,-91.08288100226338,70.96160932780633,111.26619515104169,68.44141976673082,12.681481656971897,-27.238813115496576,-93.06928333951096,97.19637643040956,64.72562260089981,-110.14561711571436
20250804,74.78220540781916,71.01920740088079,52.127241635093235,56.978477762021804,-43.21085014315504,-36.80613973622826,60.45965961977952,62.7972714844798,151.4823548907469,-8.219301271973041,72.25625492619649,-91.79375344419779,71.69616593385655,73.00498463685972,67.1658163663723,14.36911561876024,-27.39702587522204,-97.44152907442613,95.90245345639143,63.302547822395454,-118.42691507298417
20250805,74.63962757909223,70.55496554853511,29.549290215941873,28.14880804509208,-47.72853126022465,-47.20651054319456,72.41402556990302,60.99244368623316,150.72631723877737,-27.00833344853743,72.68170860062774,-91.95295943307357,72.59725688752799,41.74906788164414,66.1918476496877,15.742708167103746,-27.517622211068947,-100.90267517135956,62.12211844844078,62.02903701789051,-124.63871455814953
20250806,74.58539287944133,70.60281678216043,10.93011237246086,4.068613174896642,-51.43150815685836,-55.707324947985704,36.14162885859279,59.632607818099565,150.3149649611993,-42.39032944761005,45.71147078812493,-92.22313944270218,74.44199959451518,16.529051616661935,65.39497414726667,16.868372429314242,-27.62505357214164,-103.60516905298377,34.68006238658674,61.08751096924021,-130.94625240953266
20250807,74.54160301074283,70.56711415161425,-4.2548118482769,-15.669548861076322,-55.44350007897692,-63.8451165847936,6.092248786520091,58.684561606181774,150.36280417235912,-55.29040457163075,22.346398540572494,-92.62963027646988,79.04488130658001,-3.988791676212659,64.85914284909646,17.88913442850267,-27.782767256485048,-105.8802602584329,12.102775790060814,60.24279497059215,-137.32417703495668
20250808,74.45485873634571,70.19375496398446,-16.320031330846195,-31.094262595956014,-31.966779136174953,-70.67592021221516,-18.75811928871406,57.93374537732914,150.94095327746197,-65.96687301283617,2.912711372752867,-93.03692754700997,83.16380540340936,-21.09493677571085,64.58125981242932,18.71640932910726,-27.886237161233947,-108.16206263663712,-6.90985687440841,39.207644677074846,-143.43912615726873
20250811,74.46362901576508,70.49964184569095,-26.957756304490225,-44.531573699802294,-13.00763379535611,-75.7485537389528,-38.996673815041156,57.337764806949934,151.1418245893378,-75.37557730942677,-13.210231696068226,-93.51160282930473,86.44344801982939,-35.33039920844965,64.49114530337135,19.404260822335363,-17.631425682034667,-110.38499124637464,11.534042140037501,42.03897461511006,-147.3765195043029
20250812,75.97377714644527,70.67609133034503,-8.288029632813675,-55.325269764807,2.464785965721804,-44.053247546167206,-56.46125959131436,56.85731033196386,152.37312222795177,-39.68473810094905,-27.14299318781569,-94.56742696938177,89.40066190093152,-47.30987940564276,64.4186926232297,20.010349727969466,-9.391911079357463,-112.99059461797604,27.209546759525765,44.38566808609725,-151.01536177106422
20250813,77.48166491770161,70.7978768749826,6.821588648249251,-64.20216173986464,15.123144363085927,-53.82437871449683,-21.64546967598371,56.502836654894935,153.2179332119627,-10.600089298005141,-38.49258077779467,-95.46196603384804,91.81171170347406,-56.87307768396775,64.3821700663033,20.48064476010944,-2.6931842346501216,-115.08200974994845,39.726753753103424,46.52624520558882,-155.0316824089586
20250814,78.55161175261478,70.78515890917006,19.305446648938585,-71.23373501882126,25.442019906480468,-26.224771721932903,6.458714633817495,56.15831096076143,153.69522741901986,12.68390718205071,-47.66626601435402,-96.30312350855657,93.58487353392555,-64.04244152032408,63.98214360602004,20.888263476605804,2.790944780432482,-115.65812212179569,15.953926468775462,48.018543088906696,-159.20302149155086
20250815,80.74394930478942,71.63524590646118,30.293503399944463,-77.47655619687674,33.55693636702487,-3.5596400196320905,29.45108852197155,55.864154878685454,154.11263040719808,31.740556749305107,-55.26399211296695,-96.78037940107133,95.23936311551483,-69.57406145865401,63.576013773010416,21.224200605571767,7.284856263672741,-115.39040172532175,29.51539654216611,49.21393156527233,-163.48904909868278
20250818,82.77207797549742,72.36766269466379,39.11723675043346,-82.44371329131042,40.1853177037081,14.855168652722888,49.39368756514102,56.867941239639904,156.48113884773616,47.7282469229669,-26.708542091133374,-60.358454979061804,97.46818637448642,-74.17573433299297,63.740283867656075,22.015000603409796,11.400528254537099,-115.13377902663242,40.402729520555106,51.58752297083223,-167.05890329108675
20250819,84.4107023695061,73.34516809575332,46.37902253005361,-87.13649416005217,45.79326628254475,29.4709706110869,67.31562820539294,58.812811176034124,161.64580918774644,60.96597825868058,-2.897838795640901,-29.442161409404413,99.54509756761217,-77.98546909613069,64.53397365936237,23.13146949274816,15.315183396231335,-115.08818873610167,49.34083980896076,54.599005094418715,-169.82406121285592
20250820,86.06483920713681,74.14382920849464,52.31820372527285,-90.9851554152163,50.15030136626209,41.77761349980195,83.22429202531727,60.84285528816845,167.186019090718,70.6460545906129,16.867874165419018,-5.241230625205032,102.21481225556278,-80.7169178689847,65.18836023562642,13.79769045950633,6.627285891560455,-114.35628150533405,56.345162620640565,56.27968012638408,-170.80093521101915
20250821,87.09602768398629,74.37257298907464,56.93024567603949,-94.08372847092222,54.181437162306786,52.34970205847325,99.39970261982872,63.20919607056301,179.05816473106236,79.5536735807599,33.29280289999503,15.30505007025236,104.5643027332627,-49.52471827815149,67.46958332484682,4.986081539910066,-1.1204497731160528,-73.9810007624675,61.824458338211365,57.60039817248567,-171.4621037145257
20250822,87.9916378158731,74.64132527682169,60.77966024550993,-96.50574836423812,58.656735173925426,23.449699099060854,115.57175787527545,67.14952422460262,191.93555598125405,88.73743126005574,48.47894794687398,32.46427016530486,114.93945184739114,-58.36939633412394,70.20091426046666,10.897043233112655,5.714547430848166,-81.25031120900431,67.06097134478684,58.428311542834315,-174.68685479207596
20250825,87.26860231387786,75.18406040376759,64.55708717008287,-59.124689836805246,64.13218810820727,43.40990514636329,138.73624504678344,77.19677694057184,211.9414628107457,103.90910693249187,72.97959657869994,46.13143722825341,138.96562477761768,-69.23736421245559,81.58298238152854,19.157585726798473,13.598102184864494,-42.76201434302423,74.08864085795166,59.461178978433715,-182.41041117511315
20250826,87.65577933749374,76.38760108815552,70.09628091600798,-27.147080321610286,68.6507327339171,12.14544369841627,160.66328592723232,86.16094695703171,230.40965100228755,117.10023255649442,90.89924201120826,57.87365879271977,159.30109156024508,-34.962099234131024,92.3261642104103,26.25156436995935,2.336578781189997,-11.342756739412568,80.05395824945064,60.576324204470005,-188.333222789747
20250827,88.09959406054224,77.32810669010149,76.26472153225488,-1.1545505887908465,72.20599284819312,-13.011308008120515,176.88817514350202,93.16335218769623,244.7708976636209,128.1505154622253,103.27437433314522,27.029521250258277,86.17641338765971,-7.441760787302286,100.66563193304599,10.886155358818979,-6.878630534449621,-32.3012203881392,46.271418052148015,61.65531096458178,-192.83426271640263
20250828,88.44656353707819,78.14329075439406,81.39806782200755,18.752136558018027,77.46055404343902,-36.09524729873548,191.78754571065755,103.74725584000143,257.555634453527,138.69470507189754,54.88054508617067,0.9789448956494746,26.512864142808816,-27.639849999760074,107.47575421834112,24.7621584647271,-15.863145696694302,-49.089000242048115,18.60951605094902,63.19876500000391,-196.77286413192456
20250829,88.42445880728889,78.47750878678269,85.52662579675156,34.99803339667014,83.54056953191558,-55.24341568320131,199.1798959324726,112.04300554447734,264.27684830236626,147.46469867764628,16.862577682138387,22.530713918843198,-20.711517183660856,-45.66034102944639,113.04358399242284,36.006323756928836,-23.194399197373947,-64.87973004127785,-5.959990593732754,64.46255062133656,-203.9071713360023
20250901,90.09683064351553,80.14424513200491,91.52636570792166,52.54336891210986,88.68400860005124,-19.867301437957682,206.38457947132426,119.14237725529243,270.4574246467125,152.81517003286964,-13.149358835686703,42.89859091679433,-58.36069842238878,-13.364362994141668,115.8482399112063,16.198801425381074,-28.958362459907157,-28.041995185439934,16.978266488694356,64.79013972319353,-209.44475904232215
20250902,91.09611159232422,80.88906639524679,92.74009863862209,67.83099936789036,93.66204343494269,-41.552872303764396,215.29717284872854,129.48394100305043,277.19781772680284,150.49471618445548,-36.547977409807615,61.59445768835793,-84.32816564853384,13.064069943707544,118.3135014925283,-0.02350164668056789,-33.92912947361037,-47.9504370162711,35.60507678140351,64.24743843999757,-215.57158228621915
20250903,91.91376257990375,81.40845387325118,93.02763617968131,80.34761476149382,97.74076029159875,-59.58843010313201,222.61694863260402,138.5459928662613,281.87181771961343,148.89285033823612,-52.38582008436227,23.93835784090645,-100.85170367122333,35.28233186084508,119.93288734227383,-13.436467120941057,-37.92161274229817,-64.23114010030154,7.0379871470731965,63.52472064048693,-220.51276861537536
20250904,90.21211569927948,80.65491255200091,90.92355305879549,84.51056175402924,100.99578049111027,-22.563339990357626,228.6934456457014,145.61938168053857,285.62044182662294,147.00665099826793,-65.1581186896117,-6.109274038063248,-114.16536911933528,6.27513970108273,121.26829823792528,-24.294395554692983,-41.20906775016499,-75.95009009753514,-13.896100963554616,63.649518085145104,-224.12086662740228
20250905,89.97400102709628,81.1087105663503,90.20749552654267,88.99834865659393,101.01774783522042,7.711550495464797,232.67558084509295,151.01184274622102,286.5496993811426,145.50367018451212,-73.23453999376734,-33.85306261387106,-121.0244336726442,27.581799621583794,119.88438642687099,-9.338077457778693,-23.690840762929962,-85.54735063845116,-31.00101226265832,63.89743432667756,-227.52821839714557
20250908,89.73452061760938,80.67775065731351,89.63681559040144,92.67005451283471,101.48449917098046,34.32192295164186,237.0220348533498,156.1921940381251,290.08423759293476,145.10771557787496,-79.84729819937291,-54.17898999669648,-126.84815718198848,45.08709692767529,118.84482359015408,2.7551673024149714,-9.281358786981198,-93.42382088398291,-5.683087319610155,64.33360148339166,-233.6755633688909
20250909,89.6068853984756,80.13278542658016,89.64879410477768,95.8506065829993,100.06766588024347,55.41975179140505,146.88638587243767,162.7303728314842,293.11464662439363,92.53531728673535,-86.14905099102666,-69.8497858432782,-132.05579219729827,59.59935881124973,118.22877919796034,12.6187904519634,5.551312179266757,-100.03731779869025,-24.547606444971326,64.66389206090236,-240.20294306905032
20250910,89.97993496346653,79.64802194046007,90.00917986701049,97.9281341136183,98.96316183495634,73.29123797877595,73.17455543077877,167.25543938663694,183.94917113013216,49.275182074619856,-91.28831795203928,-81.004159289923,-136.02975652328476,25.863218838234225,75.76726098868377,20.9834106994601,17.98239820568865,-105.45947961949484,-40.15167009605572,65.0334792026112,-245.25985324869876
20250911,90.68128511529349,50.920088091823175,90.31180507931238,100.03082212187782,98.45337352453183,87.69558664489678,11.53110496376658,169.4490619298053,94.06621172503182,13.125305077687862,-95.71427725913271,-90.13103880802606,-82.62949701278598,-3.4008495110846524,39.166809657380966,27.843549754261442,28.5339657324081,-111.54034676493289,-54.96819543208781,65.86992717929024,-249.79714067753866
20250912,88.47673664821006,28.91303968436801,87.98214940969588,65.37925892886307,99.22952769378315,99.40690225134371,-37.58759403572106,171.49399363658054,21.35155808198702,-15.98672078193985,-98.98133225185597,-97.34046948247695,-95.48882475470135,-27.96236935631345,8.54789043074001,33.484392350603564,37.08473323689365,-117.3139158370269,-67.08759787689453,66.57912529848811,-253.14988603838123
20250915,84.98521486214467,11.948345194026517,84.11599445615501,37.19852144427559,99.42586908864531,106.29890248920378,-71.54693454835945,171.208962866813,-31.783114585578314,-39.560467575556295,-100.8665830465621,-101.63979272861302,-51.471262556818694,-48.25821553648216,-16.342846761068095,37.6003338655256,43.52192714138109,-123.58228306604937,-77.72139698168411,67.30941667053831,-258.077456772387
20250916,82.30787640735842,21.41683307660987,80.88557174393166,46.71991872740698,99.60296065215196,113.9500728086804,-99.81550713476057,171.34986752187464,-76.81909153384849,-59.966432792580314,-101.71309678774945,-103.65938521849979,-16.3382749202236,-64.70118640494105,9.281929630659473,40.66454345018984,48.26872271556403,-128.78933035377858,-86.44214898726437,68.75409370121407,-269.10554605927535
20250917,79.92040917892179,29.075095254591226,77.787255837973,54.190240305745526,100.05835300688496,120.75197501284958,-124.88293398937813,171.32489338584574,-117.49644091428047,-79.18420609121738,-102.60488922802378,-105.857060431776,12.682115455104144,-79.02646937106255,32.45172946888423,43.98122606883819,54.98235659002866,-134.6351946748595,-94.69499925624528,70.79348334166073,-284.30244460969163
20250918,77.72596110563163,35.34377840200399,75.189979830274,28.439075672053335,98.757727854728,125.98162806175924,-144.959335829162,169.34550549497735,-144.92547248938195,-94.49791997795286,-102.8378353173039,-106.7073189892036,-14.785839106968464,-95.71650612404737,3.0979981884452297,25.736327573985385,59.281066532527234,-146.98933486643503,-103.7362196146505,72.78609391949453,-293.6312320503978
20250919,76.11673329978719,40.40598781909196,73.085434935504,7.28490030704898,97.80583059925026,130.38341752950492,-161.3096981591224,167.24893377728606,-167.32673732694312,-107.17082812246596,-103.69595279356122,-107.18598567032724,-37.205415881424564,-107.18432843640088,-20.819100961989985,31.4253321433053,63.16291961062252,-155.30942104532573,-109.66269027881329,73.99480859946092,-297.0404850809261
20250922,75.63922448633959,44.483867461787916,71.47238008333727,-10.205278975083559,98.3816463042478,134.68940278653986,-177.64484766907808,166.3007919043471,-187.26002697355773,-120.19687405703809,-104.24243577201987,-106.61462820802583,-55.228881312180796,-116.5938905053177,-41.076577367771996,36.05241183308758,65.76883247902009,-162.09976025160648,-114.57295841173678,74.65587043670416,-297.70237633849933
20250923,75.17693251729112,47.49682933998564,70.09863097209174,-24.423908123313545,98.74169977252551,141.07377584833083,-190.89268723619517,165.52248890014752,-203.2591318862218,-130.558780965761,-104.80695975387802,-105.85116698775022,-69.89462598278875,-124.50103810603652,-59.00346902678976,39.88445897878915,68.19262708929686,-169.12508239524115,-118.62148248704536,74.18940075655638,-298.6584218401054
20250924,73.2403483857089,50.67925264225489,68.81438127645734,-36.543243828499065,99.05340007055352,148.46707926406594,-199.14462498143226,165.8660500079511,-213.17206649007719,-137.3991723399374,-105.14030934158103,-105.25943501899545,-81.35638034401305,-126.65954129400238,-74.50726698873972,23.633577798007728,68.685406877316,-172.50691556041147,-120.06123375828852,73.6961592112023,-296.44896219692805
20250925,71.57719955004177,52.95006809572554,67.2996961087421,-46.367047000739966,100.08602323414155,154.42997540152476,-204.31264482445238,165.88820431553742,-220.07169190058883,-142.35046841862584,-105.21137326749161,-104.5809443728407,-90.57468086000145,-126.88050814949233,-87.11155032196046,28.048016498131012,69.04269739941726,-171.2343155041317,-120.04893828184991,73.288800206795,-293.922342963242
20250926,70.14862810091157,54.85934348369031,65.98146699185776,-54.380776159676486,100.87469352784873,157.4218515894893,-213.4153774491706,165.96891147683584,-228.5325298054801,-146.03936067274753,-105.8423491739223,-103.83957957628964,-98.5659807925825,-126.76177732489245,-97.76300987545342,31.50295949124021,69.08885083892997,-169.58290703496874,-120.02970056589163,73.00598357838457,-296.0059231937128
20250929,68.98402181697881,56.43899276133226,65.03089853644052,-61.20570431339311,101.4061505823091,150.47230246438517,-219.94327934420755,166.18715633924796,-235.1649352992475,-149.27035620000055,-106.87888101621515,-103.28918759341366,-105.35720139953308,-126.6114940577912,-108.19754948439417,35.009280313388196,69.52742973241439,-168.1077468645684,-119.90741888811314,74.38033347369863,-298.61710714730896
20250930,67.66584026844575,57.19204850345251,64.39004314147074,-66.54254437393327,99.98001950350275,144.417772140828,-224.75669669109223,108.11245315087093,-237.3820711134674,-162.2447746545333,-67.58340164362895,-102.42914645975287,-110.30700939755543,-125.44289802211973,-114.63733818312619,37.69692723466032,69.3698039294256,-165.81203739729233,-118.55402835495713,76.63058043630649,-296.06185481171974
20251009,66.44277558415327,57.587619624203924,63.774013460299074,-70.39856239726673,96.45171292014226,139.4586040759284,-223.1814673019049,63.32629552308704,-229.15611864969134,-168.63255359246492,-33.48265597778358,-97.63236022416595,-116.24540796839351,-124.58200891247733,-117.56835253496807,39.89478981193575,69.31750394420945,-163.8888211161758,-117.42563595468258,48.42851671466504,-277.9600265565876
20251010,65.96234432677386,36.10126068660917,63.80203590034092,-75.54861737802091,93.61142003968948,135.4635656224285,-221.13151783436163,27.03483796518065,-222.32077368302342,-171.90236186616903,-48.816453457003895,-93.8199087409479,-121.18055980861668,-125.00471061563658,-119.12102986570714,23.679364739643926,44.221523839384055,-162.8189833816611,-117.90890716930109,25.575715278265758,-263.28258387646997
20251013,65.26648237043194,18.7379843325837,63.47095414134364,-79.59826637374782,61.29417188595235,130.14546257249464,-218.63948154341568,-3.427168542548734,-217.34306640037744,-173.81202442023869,-65.00808032285896,-90.67543865227725,-128.7339164348658,-125.45144466009546,-74.40731211462887,9.634938967967118,49.34398299447295,-161.71098892226968,-118.38999938438661,6.6904775010232465,-251.60925851098824
20251014,64.5268970488827,4.114050026235548,63.16843852541604,-82.93927804541156,34.86300502001959,125.93274754186402,-214.86084474373905,-28.21943363707832,-209.75167290168218,-173.3076874092348,-74.89763449151341,-88.78647015958387,-132.57718312315015,-124.54214182318447,-79.04381123475953,-1.2466482873895532,27.291933062909855,-159.4901253655896,-118.42967050383359,-8.577137999274791,-237.2341136452049
20251015,63.894780178600314,-7.983271743019322,62.759216969794494,-85.71644726236123,12.646834018417609,123.02014217333519,-211.7423259117393,-49.1250589112474,-203.47653738972085,-172.97628652002902,-82.92558757666305,-86.9133181694948,-135.8159005805886,-123.78401257529754,-82.09353442427799,-10.165669300944437,35.57761229553493,-157.68704166376313,-118.49411198375743,-20.980342538100082,-225.44042720599458
20251016,63.426582528566286,-18.014115515804072,62.41066265868063,-88.45283083722533,-5.596931426542435,120.8646015779882,-208.43591553667528,-66.0301428197004,-197.58894135201774,-170.31024334109426,-88.38403081019426,-83.87949969523224,-135.7440120236389,-122.68568227185203,-50.11429534015742,-17.306134405132056,42.355464313824875,-155.2576084687769,-117.92309215692524,-3.3042276874041696,-214.9391182694886
20251017,62.584103680528955,-25.94587591133117,61.460535817204764,-90.73104253898332,-20.20755022043336,119.19187615623584,-204.65014788104082,-80.84605603589073,-191.54694333715767,-163.4879528639109,-91.88947171077893,-81.22133017990839,-135.0723049692388,-121.15069751486604,-24.995083078131213,-22.258621414614435,47.38060421466841,-152.6535545880634,-116.89494244465018,-14.078715368802788,-203.09375297385358
20251020,62.65645960331372,-33.041362434142506,39.18089679802605,-96.66489018390689,-31.791449663805007,117.47247959958823,-201.63416131758785,-92.60870996826516,-186.13877802102058,-157.9206019013265,-93.8333170022594,-79.0070880851823,-132.63924657047176,-120.10826944644475,-36.46087577060774,-26.31077497899828,51.33562481277321,-150.7208804246035,-116.32696492629118,-0.508510935795285,-193.1445579960886
20251021,64.18402875612402,-40.24593803878013,19.13363653849986,-101.85650661337236,-40.08227632617442,117.4620084501443,-203.4922753014007,-104.29491220311556,-183.427600668982,-153.7927632319238,-95.44965285238808,-77.75508489321261,-131.46316749270002,-119.04015791920106,-46.11649496951605,-29.958740169871742,28.96586094958466,-148.28392864938598,-115.21861318943705,-11.491860642075496,-185.3522968785572
20251022,64.86404649612382,-20.559449539983753,27.72460448589133,-100.6980173200412,-46.917224428731174,116.64002220512526,-201.3723670692577,-115.07872495630342,-179.94859598254598,-148.19209488474326,-95.76659472312322,-76.09843491456643,-128.14228820107218,-116.38753827874463,-54.15036682125652,-33.34087367617649,9.56299577431668,-144.77871328030267,-111.99311791614248,-20.492329893299456,-177.3170445327666
20251023,64.88959149440213,-5.53304386164869,34.79559690700811,-64.91712900594597,-24.301423775872703,115.75189999113228,-196.45469582735984,-123.96221077817623,-174.22421161501438,-142.70051782737252,-95.8872199371211,-74.47732871880109,-124.58320293123546,-114.16065709327353,-59.92987928172391,-35.93439132321605,-5.896046883193815,-142.28517655168312,-109.04270844645023,-28.076775856830377,-168.69935401372376
20251024,64.41480007616912,-15.718355264505535,40.5278809114357,-70.48674659769888,-34.63314161066982,115.17006052648638,-193.27254071084798,-132.44027047099854,-170.034655984747,-138.32904796722715,-96.17104902583934,-73.33704097754806,-121.85850159372886,-112.59022647964478,-64.87722428058909,-38.145031440268006,-19.226341231116656,-140.88067793575271,-107.071597417641,-34.331057562951564,-161.72031901951829
20251027,63.93033795012232,-23.97920011500831,45.027070216704004,-75.05066998259629,-43.062547447035385,114.59582540782183,-188.62943460274192,-138.3347378055972,-165.76774375480719,-134.02005173514044,-96.63700656315729,-72.45157624827223,-119.59790383397635,-109.62864031858932,-69.13887486494177,-39.99365668028351,-29.82602320791405,-137.5866164335479,-105.04942080385646,-40.516678093874766,-155.69762430468305
20251028,63.46714406513802,-30.644075134865083,48.65765869099667,-78.83013137617303,-50.04250714024051,113.94292686433717,-184.8077875911106,-142.79801115979785,-162.23035114582038,-130.0935182723253,-96.97511133088543,-72.41398977136029,-117.27090029814758,-107.2784588416898,-72.35435774403072,-41.33125767854199,-39.12756521671566,-134.91194781380315,-103.38637655536304,-45.65190740475712,-150.77692944894778
20251029,63.112010161564804,-36.49428729693572,51.65252955809107,-82.22249703526784,-55.095330234416075,113.32016405755083,-181.43343230003552,-143.88752075597063,-159.02729494604566,-126.47368569514732,-96.87098591670998,-72.45533657136673,-115.06790072682827,-105.50671917373988,-74.72809640674272,-42.36129631855015,-46.486599192441595,-132.83865064317445,-102.38478863041831,-50.39295515891355,-146.52073853099168
20251030,64.35275033851106,-41.806898253237556,54.39801554844789,-84.9555666127857,-58.87074885060327,113.20045952825782,-178.9777046406867,-145.6039199722549,-156.83212140012432,-122.52176151691958,-96.90952034847832,-72.36934520101626,-113.1084751810289,-104.15876170452961,-75.75231420286448,-44.20304229740579,-53.88493116244225,-130.64009064030137,-101.59345999183128,-54.050763488446954,-142.99592052611152
20251031,65.59301657416329,-46.73728313045991,57.33196555821859,-88.19452574183815,-61.24339070489409,113.23269062008578,-176.07699020969935,-145.30633192348793,-154.63467613099868,-119.44536127333387,-96.64563680212144,-72.31922827709658,-110.86425656128046,-103.65246235028783,-76.45625658401389,-46.60306629694078,-60.13403477563634,-130.31837962723736,-101.41355574401364,-57.03942339127078,-139.60559906953543
20251103,66.30917076464578,-50.042000655413496,59.161346833747565,-90.9036294882908,-63.2243690534103,111.49305090659765,-173.7070716249938,-145.41716017773751,-152.87212979479233,-116.60539602264676,-96.45871512297745,-72.29153709358741,-108.86913311560899,-103.38464976941619,-76.68642351681369,-48.371857550534905,-65.0589030065049,-130.42741192474446,-101.24024857108137,-58.781975928966176,-136.52043055889078
20251104,66.83021090679215,-52.72665076295411,60.52703107117514,-92.74902753098395,-64.58037917379343,116.31261826279861,-172.3097623723027,-145.57237239820546,-151.65172812493125,-113.4864836671537,-95.91663600351113,-71.777150490596,-106.8886440296256,-103.15636422066291,-76.82932299400133,-49.72911344570206,-69.12663021334876,-130.49778125365492,-101.0763029684382,-60.203103720964286,-133.8474219437321
20251105,67.60498200800508,-55.724268319672014,62.26939916721283,-94.56392501236432,-66.5406189826349,119.91486321015432,-170.14937669225858,-146.76885731033485,-150.07831856052601,-110.7042711692442,-95.84451368808567,-45.83148358390717,-105.81967310145059,-103.78740023866764,-76.48294766771086,-50.91488876630057,-72.99892578709695,-131.43354096851277,-102.1866537519425,-61.377782810173514,-131.57818998097073
20251106,68.37662273419228,-58.58633834310753,63.99378795966258,-95.53096797942993,-69.31129078297954,123.80572754655545,-169.88751173246266,-150.93767387671957,-151.65126169723885,-108.60384709274629,-95.79429786191976,-20.07308902731359,-104.99158456037189,-102.61568078476606,-76.49477042147406,-51.935647658313265,-75.68633833506108,-130.91871493607394,-100.35606627022656,-62.93289067137621,-128.8224902373303
20251107,69.34278778478087,-61.57736527961079,65.94837965424222,-95.58349166409552,-71.64222537717917,127.46215717005839,-169.97353093258386,-154.96515285671705,-152.9606530769643,-107.29683434624556,-95.78834840563987,1.0593637454574327,-104.06582821258158,-65.76271321077522,-76.782356003634,-52.77044318729487,-77.9763350405019,-131.77711245235528,-64.76861259907842,-64.38211922403958,-126.4754482935932
20251110,70.56797778895614,-64.72368282148084,68.392120034035,-95.74302865230247,-75.1865953050072,131.16328670810927,-170.93340611714348,-158.2483956504575,-153.8139059805181,-106.2224705666645,-95.83278955059933,18.09441532215979,-103.48530550639526,-35.58803251292053,-78.02734711470465,-53.54304773819731,-79.3546208649274,-132.44056657893387,-35.44647362461756,-65.39185428927219,-124.02306418226618
20251111,71.80740955506674,-38.357582705852806,70.52942556003336,-95.69754796373014,-78.26157755978002,134.2980767036316,-172.8268869369067,-160.03319228796815,-156.73959533125068,-104.37939674000677,-97.034326118787,32.00311609359567,-103.29017864374596,-10.317336667940772,-80.93591419371295,-54.98623101828483,-80.56083294458179,-133.26282993451005,-11.410953069426744,-66.4459655281736,-123.1990587587633
20251112,72.75319405911362,-17.113320886584372,72.54167523645694,-95.54313901403128,-80.6035557486133,136.70394521757808,-173.64505284264456,-161.3688499951265,-158.32572745833133,-102.71155090125612,-97.045747821445,43.456706652355805,-101.85890498739253,10.568154091717092,-83.07737301958147,-56.187269340004754,-81.55031015804659,-134.00444258682762,8.502208238112052,-67.33947134676424,-122.18859547429197
20251113,71.40468103117013,-25.98021255779474,70.61950890737545,-95.14173104548773,-82.18886855197165,138.78386661893688,-173.92785935438656,-162.86276299801276,-159.69702228909026,-101.75794056096416,-95.5653050635743,55.836638104948776,-99.71935077738758,27.716223653632657,-85.57103229251244,-57.49625847475412,-81.20499758067302,-134.83998545484388,24.849294120787782,-68.18911092426525,-121.4281932068303
20251114,70.94914573215884,-8.514858281524123,69.63315335458145,-94.91303075459332,-83.72394749120404,139.20083765726523,-174.80903536796362,-163.33256491212126,-162.9142132856537,-102.39573048878131,-95.35006124439924,67.8239567361022,-98.60541130646976,43.09037245718529,-87.25293736561699,-60.74419196990394,-81.83261504474174,-136.9871883888477,39.322378349632984,-74.39955593712537,-122.72447043062517
20251117,70.4935746353651,-19.692787999213856,68.81566328978727,-94.77562854873283,-85.02864090434025,139.45052876202243,-175.50931636286955,-164.05228032843758,-165.75200240174993,-102.78612776522885,-96.4608759401333,76.7654203719727,-99.27562716727506,55.87509002705964,-88.4329442720004,-63.40288906612318,-82.48215962429234,-138.74753320673162,51.337101003273666,-79.81648094639576,-123.97759608275273
20251118,69.90100560458062,-28.82878024498739,68.19931791134518,-94.84449117205658,-88.1007025331879,137.18856415037845,-174.49062923084702,-160.10443539675407,-165.7483120397492,-102.85881018550334,-97.64215464989093,82.32555630012726,-98.81580671525364,66.00969897862859,-89.41733720400048,-65.429090207337,-82.60891572490462,-139.79289873935696,22.948850135786312,-84.24826355381084,-123.12172453871352
20251119,69.94119679022805,-36.78970702933947,68.19196831104355,-101.08305776765918,-90.2432466879511,135.7547910982389,-173.897922891498,-157.23013587741588,-165.3940671078546,-103.91201469619217,-98.76866488087097,88.70880573576848,-98.9253607935936,75.16412504115137,-90.21754459320088,-67.25330203973184,-81.43985512561308,-141.14972812813906,38.386524108048796,-87.70614680935415,-122.98788721693492
20251120,70.88599046558397,-44.008340811765585,66.62601460838769,-107.11466288909594,-91.39834508709842,131.6357160458417,-176.10800861084226,-154.83572333396256,-168.82840908900113,-103.9249654200585,-99.6806840135378,95.20442346731123,-98.6665662616381,82.50219489571855,-92.36525517528682,-68.91736052778852,-80.13133311226593,-142.15922697216715,12.133574403746932,-90.64602552986801,-124.17312786395559
20251121,73.52874267842981,-49.68949749586937,65.14871469932204,-111.70896301886357,-92.49938931399598,127.14770352848846,-176.24684788612294,-152.8084692977719,-171.18224845590794,-103.94067237188969,-99.68586317471485,99.24161737167306,-97.59388642108976,46.98184391114988,-94.15241144975508,-70.43840762022678,-78.74442591870898,-141.88216611316344,-8.351368915669125,-92.71963877106752,-124.5298306950163
20251124,76.1709824426954,-54.56172128324091,42.58773866857944,-111.73156432346553,-93.3128440043255,123.54287066373008,-178.22137137484063,-150.866025441083,-174.34206785863375,-102.06688231837805,-99.2077700332205,61.615427895082874,-96.15709119297452,14.2610530139977,-90.34555086994894,-70.0482801833784,-77.76016364352478,-143.23209950710816,-26.209027288900575,-94.28902540777386,-123.19316702709547
20251125,78.33409862667783,-58.78927022129194,24.07024448025253,-111.51936664806739,-93.35634040016876,120.79039608719623,-180.05124165003585,-149.44558995529275,-176.20732483492503,-100.73795820882525,-99.1951794884292,30.967232956525333,-95.4891812965904,-12.161217372257168,-87.3450927431686,-70.38413437178926,-76.9073733141706,-144.35967762200616,-40.39875455196256,-95.76697217462082,-122.04612068185828
20251126,80.07308290923783,-62.1721147386139,8.914185435573232,-111.22771164451905,-58.04875698449736,118.60105571777781,-181.2191366434043,-152.20531056034477,-178.42984955666748,-99.77835568007113,-98.60465004763469,44.38825244407336,-94.70048106077135,-33.64957938406676,-84.58378757410776,-69.93563822871674,-48.94508221525588,-145.03007530447925,-51.80842089616501,-97.41963435665798,-121.39297656301659
20251127,81.67163020499837,-64.89625432655623,-3.4076616160959294,-110.62042549537534,-28.420777589902016,116.75641729653212,-182.6020774438758,-152.8553655786853,-178.5880560369661,-99.85504523209177,-99.05317637874928,55.3140336241528,-94.77695269206033,-2.8964086772145965,-82.70100622776536,-70.93461352731966,-25.49310857916846,-143.44087337308767,-23.49093353606572,-100.17221330694301,-121.14182693642468
20251128,82.10291541992859,-66.64671394339838,7.942920522843872,-110.12740410648907,-1.7524448950490044,115.2215496307185,-179.8103746745894,-154.27873390881373,-171.87526956922315,-99.81673693118114,-99.46943953981958,59.87363554665418,-94.9285126876932,20.354526769349313,-81.14744400063748,-71.46056474218501,-35.47614579689809,-139.94763119753148,-1.426536088056791,-102.2991605484907,-117.20785602428587
20251201,83.93035665108975,-69.00245509592732,17.78648742736782,-109.70398321425532,18.883824954385112,116.47824335533893,-177.37534390346195,-155.5080487262291,-166.38735794053642,-100.33927927818993,-62.90882758148696,62.9106170697833,-95.00607799346324,38.209238154526375,-80.43551504459307,-71.74624999538462,-44.449394728835664,-136.70865093737933,15.948975831961086,-107.19988452753118,-113.95069943703975
20251202,85.3899453829457,-71.06808299215554,25.93467720076336,-107.40708211638118,37.28920192786058,114.3941026398575,-174.94491795354438,-155.83377334949435,-161.7713668286243,-102.40385794439338,-31.691892819213617,65.90629839799662,-95.72672904188768,52.70263666224873,-80.24721453564756,-72.35277272922868,-20.762397958010784,-134.07114876843977,30.102779892034658,-111.24942535115368,-111.53435019319869
20251203,86.40452901173965,-72.47757486450962,9.790596712943417,-104.37679259140494,51.12757000647256,110.46584776476614,-174.69671670283415,-155.96911239796313,-159.1327371350602,-103.07310279007261,-5.864287049973689,68.37089341076378,-96.35560201500117,64.31309365052188,-80.45136277695093,-72.6738009664432,-1.893973044553851,-131.85931832727394,41.534136686737,-112.7684046447059,-109.674663927891
20251204,87.02511116168057,-73.39958571520751,19.392566488065732,-102.72064074788955,62.82841536048206,107.17359550229182,-174.01464696721652,-155.02590896801541,-156.93393748076096,-103.67230708050023,15.36286711341775,70.3600688158261,-96.92748828819651,76.82984418113412,-80.6338124380224,-72.97876066461386,13.920065273666644,-84.7393544124127,53.78335094484566,-118.09266033884653,-110.52864968482581
20251205,87.33823138613809,-45.97611537975359,27.21075761867641,-102.80930337162535,72.46537380309663,104.24985466927372,-169.3982210446224,-151.33142960935348,-153.67618498033906,-101.50713840255216,32.59774608413099,71.63399515779145,-97.36826975641468,86.3032453424859,-80.19379693084272,-73.01859433479385,25.944837671069692,-91.82245570928293,62.868531805558455,-120.16146246880221,-110.3628674169087
20251208,85.79011856951072,-23.70616899700017,33.22669651666763,-102.90319612638686,37.77359724656177,102.24998909355122,-165.4364995132348,-148.2762724749926,-151.2109714549382,-99.83004167218003,45.421337969533155,72.91711516374879,-96.9792554724468,94.70983644401382,-79.7953054233474,-73.29124812851825,5.937313574067897,-52.249023114024645,70.37175112830114,-120.80087276795149,-110.47541480507292
20251209,82.64837116428758,-32.26654985886866,37.714571070687605,-103.10908997890542,9.579617026447128,100.53056715416636,-160.6284792613888,-144.65814672551193,-148.0329115080711,-99.65129412276205,55.804776729682025,73.7341926035784,-96.69632999468313,101.90769195164731,-79.38281002975992,-73.3598366682887,-10.478321027919456,-66.26158446957162,76.47447464202045,-121.19875396842981,-110.48294188372087
20251210,80.23285949940474,-39.91332127652143,41.70948827178616,-103.48640272699312,-12.28042534776331,99.05625570600901,-157.13603282885907,-141.49177400755084,-145.9063359437872,-99.71441603931203,28.082685994770006,74.51362909764941,-96.89035386188286,107.7069854669988,-79.38141980017885,-72.91711375187204,-22.601469815566624,-76.80687599492853,81.38540926198695,-119.92718602282544,-110.33192732130462
20251211,79.80127800633419,-48.72349956781317,47.141687042962396,-103.89069441036104,-31.079556096739655,95.72365982350544,-154.6184653184999,-138.32233159365398,-144.24889523847216,-98.26052412273471,3.5048883262723476,46.67307832252621,-99.06404853755808,112.15612025019793,-79.36249405818411,-72.74738572954979,-33.74080383939772,-85.42620591200757,85.2737317232176,-117.67951344789037,-110.30491835697609
20251212,79.9821008936937,-56.87800375302999,53.08461015977075,-104.28697313463452,-47.32045416629331,93.01839827057113,-152.4687002122184,-135.6511420447036,-141.97630410501716,-97.06483325185042,-16.08319278370484,26.150776710402777,-100.75328786231297,114.87340119763331,-80.3969735560894,-72.65628366792764,-42.11658706271519,-92.16166304503717,88.20168090709285,-115.73537795853981,-109.54600464923021
20251215,79.36552993612088,-63.56199791264418,57.77490458881055,-104.59717755528439,-60.981080591472825,90.69528536387524,-148.43488677103528,-129.03616910687245,-137.6226374704192,-96.03960186885229,-32.12130251296985,9.481253036158021,-102.0465999201819,116.8097991866946,-81.28574647990612,-71.89282812818891,-47.087390959511325,-97.44571139101132,90.51485844989534,-110.71275592718065,-108.05038476189887
20251216,78.61028915348395,-68.46457760441407,60.53267450348991,-102.674105327932,-72.1443040253996,60.0980683042896,-145.5416578266102,-122.73236493093228,-134.8071986147909,-94.07961666422553,-45.3447383046955,-4.284069734054873,-104.37032494962126,118.28319399102035,-82.00363200093197,-71.35765129498748,-50.85391058479439,-102.0315061353239,92.32553464631923,-106.59264099897678,-108.10539561064519
20251217,77.76183141397058,-73.37227395678453,63.0393576819999,-96.69463311584344,-80.26324347935144,63.19150827846983,-143.66061199620776,-117.629708359969,-133.11101551849148,-92.40784419406222,-56.07753635259285,-15.645028486445064,-106.93118729740272,120.26046135512503,-82.46780299491363,-70.9390653370195,-54.79530400290407,-106.61907289283648,94.99662841444542,-103.26254575724019,-108.28995731694907
20251218,77.12028522813175,-78.03910277902642,67.56883742272183,-91.30899236303405,-87.97248845027259,36.821373875832556,-142.17474112059602,-113.506874701635,-131.5451806816553,-92.0515219626373,-64.91027625781103,-24.853971260424085,-110.50909701581979,120.09617546286765,-82.72730764505285,-70.14417825377396,-57.83294396158311,-109.62018572275548,96.3167236061102,-98.30778899796574,-108.49685167118204
20251219,76.05364825100348,-82.934531705445,72.18771990620903,-86.96000792381375,-93.67982668378572,14.629588184272047,-137.32130613539613,-109.62672757439294,-129.78379049070648,-91.6532975677388,-72.89411918901244,-32.53593771816525,-115.51242131557176,115.80867046128853,-82.58480488011043,-69.03767990958764,-60.25895775648062,-69.38457340352556,94.64295868176046,-94.03449876770874,-108.38126878722913
20251222,73.8469182923061,-52.05667923314269,74.2192159457012,-82.5817459622166,-98.59416784080257,26.586531644567362,-133.24916531021444,-106.33555818703728,-127.13992181196471,-93.41398820604151,-41.71188950935758,-39.09306417783497,-119.74335384992034,109.36394246392459,-87.55439289198914,-69.27150505993916,-62.54057286165999,-38.220850084129225,91.73540556387302,-90.37222982258677,-109.27715168372494
20251223,71.94171491846306,-26.964217825399277,75.88359025931524,-78.99109053528734,-103.80591769317418,36.393704637994176,-128.7509848911999,-100.66661255697991,-124.76079565315854,-92.15827745267114,-16.324089060765232,-43.82497227319516,-122.95286860042397,104.21183140358217,-91.7814927963666,-69.49707108840148,-64.37145190124266,-12.69008000285439,89.67057155615696,-86.7472186342662,-110.21464683787029
20251224,70.48309800906486,-6.512760552405308,77.33041782355384,-76.04449151788197,-104.32027547336236,44.43164603525743,-122.91508321928526,-95.86395181751867,-120.5969011479886,-85.8922113261142,4.426922991569329,-23.97586747481969,-126.19459172696915,100.00678538304876,-96.02159067627667,-69.95931954675886,-65.72836998735893,8.194041298092763,87.97220725182264,-83.50513710748689,-107.9011835849619
20251225,69.27483128780435,10.282673586966574,78.66309563046713,-73.78908387807405,-104.76330849367207,51.07053582088715,-118.14958663427625,-91.96398953086502,-117.32516181836081,-80.77723859713375,21.305622762168774,-7.696352477226564,-128.82299138739032,97.04295701603314,-100.08985911979428,-70.4318747130076,-66.84518607291666,27.098703251524675,86.91013982534663,-80.81699037361126,-106.0273208409653
20251226,68.49038758880046,24.75714197591777,79.76204954654484,-71.95930327184108,-66.0134390420632,56.49959049321298,-114.48031968480691,-88.39431626791972,-116.70079275107354,-76.53933959391203,33.52659785980036,8.209141663186319,-130.37957928234343,93.83600269663857,-104.41791189492112,-70.92585901813334,-67.38640781477808,41.706136217287,85.19117267654691,-78.27614895573976,-108.09016464987415
20251229,67.6742653320532,36.06919602406293,80.2318474449846,-70.44607435807198,-33.657649504416156,59.682372573318446,-111.58472996973514,-85.25544022852941,-116.17678330238384,-73.04159952072766,43.32406108196503,21.576682735450653,-131.71180102446,89.17006221287345,-107.97121490735519,-71.61252339921312,-67.50907758377328,51.50506802742934,81.18163337417687,-75.89727411703947,-110.01943079445803
20251230,67.06299740979202,45.25219023597067,80.67159928508536,-70.043542266175,-48.135046341455215,62.868363596106704,-109.36876658535067,-82.64220179903796,-115.29550410102048,-70.10001374417504,51.261424867595764,32.033897503458064,-132.68849004457033,85.39302224647307,-106.14525577651823,-70.06211181501799,-66.60493916039728,59.5184813670387,77.90845499255488,-73.52664655669099,-111.50045113655912
20251231,66.63341942562111,52.96741134823825,80.64738625481208,-69.90422300524668,-17.75366056700668,66.91733803065945,-107.45298829350169,-80.59171089887765,-114.47130869467904,-67.74930009805865,57.76421989730337,40.40507489678752,-133.31013086367614,82.24905803460281,-104.66005252718439,-68.96830977124723,-42.87363948540279,65.80791595606591,75.1765970578225,-71.90375955247491,-112.40197844276022
20260105,66.22007157366546,58.38220048783484,80.25845382697132,-68.46055330618694,-36.49025604589624,70.31272238396673,-105.89905960902013,-78.9290705171129,-113.82194582610958,-65.58537887710771,62.86223571346372,47.37742498264995,-132.6970795343525,79.35450407020927,-103.69796055845363,-68.14499503512158,-24.196643216198296,70.65889820956303,72.84790926989415,-69.38305147564077,-113.34478192184315
20260106,65.34829382904375,62.02321270951495,79.60029499168498,-67.29412793807136,-9.298245433558053,72.7327327443856,-103.32003514478882,-52.62659835486806,-112.72479179384158,-63.671101900786766,66.83959391100692,52.16679586915163,-132.2114664632605,76.82014185136907,-69.52357740557541,-67.64274772272138,-8.594003068518713,74.82804474788665,71.03669201713761,-67.5000521617043,-113.93528263706315
20260107,64.9415290762949,64.12183963860349,78.9756254164359,-66.34755520282512,12.878576722868397,75.0223445118579,-100.8865461215532,-31.192794510401974,-111.41090979439345,-62.06691085259333,70.86556518411,56.12271126017534,-133.9062747933421,74.72465954535619,-71.68637106519127,-64.8937975013983,1.1681294026571662,78.23707933889938,69.48182074659807,-65.30186378788828,-113.80249345468178
20260108,66.26407292758694,66.73468498719213,78.04651647584627,-65.49175650522413,31.204641311050537,76.10980830202547,-99.48804782638102,-13.61242902513844,-111.66266637635016,-60.692456926513316,74.93954348394375,59.40723096406751,-137.14082656077923,72.93745823758802,-73.0769112549823,-62.90074841357759,8.862785302480146,80.88122442520874,68.1279012605253,-63.38222182642187,-114.02821288356718
20260109,66.55575913102679,65.9936523120571,75.37138185415385,-64.72555198493824,46.72168009264256,76.94211504520605,-98.19698066661464,0.9393421679743422,-112.15732578992385,-59.566487848455814,79.28214029660427,62.05244639318664,-140.5248807448118,71.61424506930844,-45.77249641603261,-61.40748174685575,15.49551111540144,83.81979889158785,67.05079838328062,-61.84673074249022,-114.85943839693049
20260112,66.63900097369452,65.30433434869916,73.27229338715085,-64.04049719110363,59.50744964731817,79.53058181570954,-97.07010691605254,13.173864015790116,-112.40925596573942,-59.15014680224091,80.9129924387222,37.31096946809363,-139.4171320050844,70.54334682954428,-51.46214480093353,-60.29221337280049,20.919171601821255,86.18780345102284,66.17993171577518,-60.58044827976165,-114.94969006489158
20260113,66.77441516371556,64.4078512728808,71.37631972369051,-63.408577964276105,68.88673298491202,81.92941074768535,-96.76393384036768,23.312363976605276,-114.03608435868671,-58.52867204454388,82.51190579091542,48.259873845071205,-89.1563051861689,69.93913306386727,-56.50361398327719,-58.4293635218186,25.395327971829598,88.65213451582385,65.5808303940253,-59.13349124686844,-115.77766004873713
20260114,64.5509479154382,63.68609890109944,69.74543149374986,-62.86557582171058,76.20788568401632,84.09941087050308,-96.69785248418547,32.13163431690851,-116.34510234980782,-57.91302258043057,83.62133389683093,57.89260243488384,-51.80407856216324,69.32092043503998,-31.80049592764192,-56.99825493726925,29.300522787502082,90.31752316760121,65.04160896834775,-58.20181121709857,-116.4274018386643
20260115,63.11745309207569,63.383246233267485,69.65686916080617,-63.277514450330614,43.36806006074279,86.86329935349039,-96.50221231696518,39.78640797844527,-118.23355648985385,-57.41817906810523,84.41770209810286,65.76395480153431,-22.240945321473674,68.53885051271575,-40.21221737213522,-55.75062262574262,32.229410345959906,90.82512407934763,64.18414954854472,-57.26732779110533,-116.89411991687024
20260116,61.34370111205261,62.86035618114149,69.31070710575432,-65.58150308040477,16.45422776684786,53.491396283740336,-95.96689904226977,45.622862906232406,-117.4758718353191,-57.04185103756216,86.7592819732267,37.934439552673695,2.9058587934735707,67.77628840779015,-46.639024989069775,-54.63715633360708,34.62457281129234,91.23366734887927,63.40387681684611,-56.1888137741552,-115.77667347563136
20260119,59.923405276915524,40.4217043447766,69.08230112949047,-68.65791286276684,-5.4850474562136755,26.19371683464186,-95.4156568722406,50.43364581253168,-116.781067172102,-56.638352530527555,88.61516343177792,15.571396348038775,19.599936268069428,67.29116032211184,-51.62606388555039,-53.41398713698849,36.75045739462966,91.7256267188637,62.89507524797351,-55.93733594042083,-114.73267499625996
20260120,59.02567009156929,22.00537426496807,68.99722028167805,-72.0704053782963,-23.492682161846325,3.898927207604102,-98.16256287323645,54.69827390607104,-117.16152283216927,-56.00972654957189,88.6653050209593,-2.458594565384406,32.51708091056673,67.24035252655742,-56.023568957887264,-52.53672019379436,21.625615572546877,92.70191066240706,63.13490318732663,-55.5850769105739,-114.082767367834
20260121,58.79918270811142,6.2285070624392125,69.67050659288256,-77.658621192082,-38.00920225172631,-17.1076816196578,-102.18213597906784,58.1759260030496,-120.47475710277946,-55.47985719131528,89.43357460451612,-17.274739654477447,43.32630922052949,68.79670195266773,-59.628992407841004,-51.723558217496375,9.301714732929664,95.87043152957591,64.29473498494657,-55.40525385820584,-114.37255846453327
20260122,58.39538809967367,-6.540610356188144,69.8270464931615,-80.20973633154343,-49.83744487712492,-34.084336940196174,-103.24075355647454,62.09488449423362,-120.09493006077787,-54.55875023906163,86.05388224410393,-30.629908752739,49.901000995561276,68.8955762532237,-61.72978778808997,-50.929761150715414,15.854482913651985,96.1125958171636,64.35806651567742,-55.61608532578456,-112.46000833561548
20260123,57.8404070898581,-16.947309609818543,69.83188797632495,-82.18934082239427,-58.187017776702966,-47.815204593399024,-105.31461858357768,65.01372473216954,-122.1917822813039,-34.55984691860817,83.2855659253589,-41.744463111339286,55.24422156096998,68.05331572538566,-37.859117705314354,-50.4378574303188,4.753089778927223,94.87480661817176,63.944681716751354,-56.15503115414455,-112.59758788141733
20260126,55.75377463019639,-3.4717045998062557,68.83757019695928,-83.58820390914669,-64.85386222879573,-19.22633510905922,-107.0335113289141,67.43039734965612,-123.36639435644238,-18.200535413408073,80.91230512745598,-20.856099517203557,59.87343674273103,67.41918250917034,-18.710553866155486,-49.82956942617815,12.097551131298827,93.94081939989137,63.6609366463974,-56.19765229728049,-111.37584141564592
20260127,53.36468490243801,7.0709149673630876,67.7306030743742,-84.73272825285319,-35.84213756208773,-35.85015648903842,-108.33286627838945,69.58892612561323,-78.10847325877438,-24.790327649526326,79.10190152232978,-29.330882864708602,62.8428983329894,66.15692683181129,-3.6807304457217844,-49.15700159509872,18.139758790741293,92.22803303764609,62.997944902188095,-56.67124306608934,-109.12811852770119
20260128,51.29668452208568,15.320414367726778,66.82301384987113,-56.01199738210152,-12.013439959404714,-51.86537569797357,-109.32672003533729,71.74551266631624,-41.11394331904977,-10.348995941415769,77.71988745945804,-11.549692143290457,64.7665703870548,65.7756176524798,8.471189247799874,-48.626552514034366,23.200341873767115,91.5761324133739,63.767157355747464,-56.895942374812705,-107.45630659463775
20260129,49.434176152530874,21.724314745204026,65.71907202073751,-32.80433040553582,6.366891612518827,-66.21697971194163,-109.7972676069444,73.53250344253684,-11.554172760624317,1.474409320354169,76.44385275196359,2.9460070504390625,66.12655206843627,65.36231431052964,19.12317560068176,-48.600603439942184,27.461723265000497,90.95792206316929,64.3889887387171,-57.69484969437375,-105.87922758944956
20260130,47.97332358772142,27.033863119272436,64.88521243518045,-14.458897998059532,20.037660214954624,-76.16845264824899,-109.67698814382409,72.8492655045465,11.72304909568997,11.154504501772731,73.99169324230428,14.41539733805703,66.85581138215673,64.89232084821067,27.49330566454771,-48.18056197467674,30.822550581236886,90.33180317811083,64.80207078278495,-58.237730392038344,-103.12508138647706
20260202,45.98650815442906,13.786229159900026,62.623123452722844,-0.5261676926677207,2.7320346794034074,-84.19568166488256,-107.134434521513,72.246578731718,28.586859429208996,-0.06675070213103274,70.50696936788395,1.1124880146086074,65.31001908522464,63.45272516534424,33.24831912614749,-47.84567270552629,33.93502489944644,88.12238923498153,63.83353167436901,-59.264452299501166,-99.74740761067513
20260203,44.42036628428637,2.87580910564012,60.76086804406253,10.884701062759314,16.12640808843956,-93.63537871150461,-106.37552879194767,73.36708699121606,43.22306070891558,-9.793872613434573,67.22540897641305,-10.199362858813174,63.527223139994994,62.53974933745967,39.43462258151374,-47.50848842810929,36.53178160448387,86.57576407798683,63.31386781439252,-60.321404393858515,-97.27419374649465
20260204,43.11293358194272,-6.237294201493307,59.30281061210181,20.012332891699824,26.898420964058577,-99.81948851454136,-105.88226119074255,73.97562214718184,55.126849087514,-17.820946425907866,64.49190000370844,-19.292721684923723,61.94437002716631,61.641482205601754,44.369980781114656,-48.01789190427062,42.35572694502694,85.00572142250208,62.745860694467844,-63.22046370566282,-94.98365125528377
20260205,42.043000409055054,-13.702687179026114,58.336645797529584,27.578032951137548,35.39662434104029,-105.73836235910102,-103.38184398076037,73.98212250784948,62.75103228800735,-24.351026832906605,62.10950129567234,-26.659801769875216,60.43496518367486,60.861715258183956,47.990094304545664,-48.41149447128894,47.68938033776838,83.67333899324355,62.37482469926003,-64.76666667539915,-91.5310389549815
20260206,41.225957436892614,-20.50868831203896,58.30166142117162,33.719950754599886,42.343076452861126,-112.01586014770984,-101.40192551457679,73.56940457572024,69.03049719193386,-29.72498595545634,60.07623847201605,-32.32620467288956,59.03855165105344,60.22404027482046,51.334997739668026,-48.75814022370881,51.79606634162994,82.58341663303739,62.09411549232086,-65.50702109984411,-88.75906145809543
20260209,40.65822453115102,-25.973472022271856,58.029623295538464,38.419263459441034,47.90681104620776,-117.84696840508724,-99.37131498652164,73.34252014644316,73.88784537239073,-34.14193793027213,58.234373367025626,-36.906512957371646,57.89957386611955,59.71750845752307,54.05410714095166,-49.0005708369004,55.30030424198823,81.65842005005575,61.95283544021473,-63.73534656945553,-86.57268113173104
20260210,40.1815405888291,-30.27833609605998,57.74855537507904,42.33361863366621,52.622734404705284,-122.61609525733807,-97.55130926990964,73.34710871834622,77.64625077307247,-37.94071176016168,56.774687824187815,-40.851009491599804,56.9666927170479,59.26631229167564,56.24483440573641,-50.26879541712,58.81554273183365,80.88763711529303,61.84177418275097,-62.267100975734884,-84.68102894039423
20260211,40.35299567549614,-33.799271657295975,57.454251739614406,45.55584085079167,56.3412637799121,-125.5214541995083,-96.27430580120185,73.35504273014139,80.86337860935518,-41.15260581092138,55.634843258371966,-44.078300875938595,56.35170001940001,58.91100227368693,58.20867678880328,-51.304094083254256,34.471637364698005,80.32146286750975,61.66583748003937,-61.23603744279047,-83.26413180910728
20260212,40.50237302551343,-36.6966269083055,57.257826007922056,48.0592429960881,59.48755217804761,-128.77364160413828,-95.11254223525572,73.1377418458122,83.27478957477304,-43.81679944210049,54.66691100358955,-46.66298754170307,55.89138369829914,58.74677259900024,59.797333602760965,-52.18946976387605,42.619451414625665,80.16522467210638,61.819536840400474,-60.55570810546511,-82.04155728549301
20260213,40.77806820794986,-38.56946168996508,56.516748782003795,49.860344946082705,62.13545683227785,-133.28408354417445,-94.15294462441253,73.23170047925294,85.53412185299067,-45.91506318436585,53.779422405443725,-48.67482213689048,55.355501645052044,58.646943120196795,60.90144967614873,-52.80796660012331,49.10358440050238,80.03731717765476,61.85553674009136,-59.429759445142295,-80.71384972867602
20260224,40.73600755345121,-38.50853119842979,53.983148220891856,51.04923324203532,61.963944055315714,-133.46373687618814,-91.4764457787352,73.21107865389939,85.16100064740519,-47.48798767683886,52.29567123381391,-49.40636939333267,54.74238037901369,57.98730093145151,59.92824744242962,-53.92779142052938,53.73462479070829,78.8701090620776,60.88018799787169,-57.47854881463459,-77.61691047403055
20260225,40.795414099905436,-38.404017555754926,51.78929697901659,52.03801055134941,61.93032408414447,-133.6692366802302,-89.21858868722072,73.19088326010007,84.83660863091993,-49.173658500954154,51.134298947673926,-49.871430740242765,54.32366177386432,57.701107247386545,58.910875976760266,-54.830004475824936,57.13917292398976,77.96022818974399,60.25289138050315,-56.12747539195163,-75.29451494057075
20260226,40.83521777085521,-38.26678695515768,49.996116595753094,52.84064968111839,61.77150771856898,-133.45026042939776,-86.77821421115961,72.6118670383641,84.38605774368251,-50.41191564467879,50.22945880728487,-50.189855591677365,53.86760402737946,57.3600544707234,57.839213167837855,-55.81445500763677,60.23529071264272,77.00260422695392,59.68812966997701,-54.860380761149266,-73.38637836673688
20260227,40.81036126742217,-38.16423589984698,48.56518908782477,54.02399924437047,61.64153785345602,-132.09777292294737,-85.76810118061091,72.66888696189176,84.95901984899342,-53.52600385839616,50.784832285956895,-50.47041826439171,54.197858290277516,57.77121079637563,57.25387584958449,-56.91030773799354,63.447162701969845,77.19006203995283,59.86310150851255,-53.837930091204925,-72.02871685332656
20260302,39.67858541104204,-25.408140375433845,46.25184445759077,53.067056050608215,62.339155489573756,-131.1415001953512,-80.06815449005441,72.65651669519765,79.97014441935939,-33.803257459094915,49.45044844580579,-49.06027401249521,52.04368383294446,56.224612222895615,53.69924880947062,-57.51975027773316,66.29091061471956,73.9425487571305,57.70705660004324,-52.79775280740387,-67.74858420796613
20260303,38.055806083705946,-15.612926467187645,43.26275585288141,52.04692659227627,62.14660347671645,-130.23507886134453,-56.13394885259674,72.36810345496457,75.25833057104825,-18.14817379523489,48.30692022776264,-33.27816381530203,50.02086599885964,54.922772374524186,49.66851602421282,-58.440929335949214,67.38184320819758,71.22282252446735,55.79737848367634,-51.51900274052201,-47.89262783657587
20260304,35.862033266791265,-8.41555024909042,40.62022972151536,51.226807215705584,61.940178646949455,-129.3555081631089,-36.73682580589686,72.10245038508381,70.65980191427074,-5.276922016584756,47.34792168901423,-20.35762947279808,48.47926195520978,54.58552375596477,46.44817363927397,-59.35256749150186,68.14648831147794,69.66401803887894,54.95921815138815,-50.2700394632386,-31.577364856913157
20260305,34.00428624811083,-2.5370892143158823,38.36153720609496,51.24946255617397,61.68362386102479,-129.08092421643698,-20.841767999089985,71.86869942386346,66.82938537399693,4.907319726116723,45.82791485385451,-23.134498471814016,46.57441638986703,54.28890173733624,43.69049377530924,-59.75627997485317,68.27844398443612,68.27768404799983,53.96133047250288,-47.288057526362785,-18.241802447299808
20260306,32.47629545579979,2.257841741186841,36.456458470457655,51.08881680039947,61.5996131905772,-127.07941576916656,-8.53656390391343,68.881171439682,62.9238538989124,12.323778034254746,44.46608555150231,-12.591793385991974,44.782782746385905,53.26483781554231,41.25920276964241,-59.49751567932164,68.8180197180236,66.46509327409049,52.6464808484519,-32.67825973568759,-7.896145915090625
20260309,30.371546478484895,5.316256613410438,34.13923022512765,48.95149346383314,38.76213338215553,-127.65571298452356,1.2335887639803302,66.3518330814887,59.588150873516874,17.757523899423134,42.59468396622986,-4.340443693515688,42.50690659014032,52.0781821880704,38.52189754079644,-59.99560295233271,68.74677758308003,64.29624879825911,51.268712106461784,-20.925028225734025,0.5333849521989122
20260310,28.723490383546086,7.2830485346705425,32.37646281062158,45.96400498949244,44.12653098039892,-127.42150015650081,9.158638435488708,62.99411553808564,56.60772278578267,21.29735525875161,41.47648276429014,1.9125775674643257,40.957789661963254,51.70300690237265,35.58796471956981,-59.64464282037992,67.20709774081956,62.78616023221426,50.81754161257242,-11.670602236440152,7.212475605557724
20260311,27.31143444792404,8.885216424863577,30.941347144928454,43.4374111808279,48.64598619500096,-127.17167402289974,14.9994199293659,58.763507906110796,53.65111743242834,23.57386992531085,40.49280845550967,6.960412242231523,39.71465599804488,49.690465424578356,33.130769490081164,-58.65385396974023,65.75155325959356,60.478581332025875,49.026856320152426,-4.484278064393969,12.40484040948151
20260312,26.045675227537743,10.107223084976319,29.264419432755194,41.25972904267664,52.38206002723848,-127.86743865248538,19.77837433360284,55.33904129727183,51.22985319506071,25.433961385009717,39.688088073204014,11.01802417173785,38.648611024868266,47.64844332891241,31.1084520146041,-58.81864912737952,65.05203517682509,58.077136223247855,46.70395801798482,1.3938478064400417,16.57650852946305
20260313,25.01898190488764,11.111002680492442,27.837737371522866,39.45740788949188,55.15248923284333,-130.24311443334472,23.969365984055834,52.690094176830925,49.3466153067496,27.049561110959655,39.16170239289801,14.40743867781472,37.88012012698196,46.05259212370636,29.501091381364155,-59.02187807458643,64.61797720001286,56.2015081637164,44.707451058592525,6.22344771354509,20.186889715002273
20260316,24.192297607327138,11.94002632946718,26.698827055358986,37.228782644673224,57.49181240333834,-131.61917657945384,27.278770456214538,50.606823825975596,47.76751293207583,28.310118381335332,38.85661941252127,17.169292719066824,37.377347326785014,44.761534565522915,28.1867969367251,-58.54575056002117,64.2304793361212,54.71978098839739,43.08987333804083,10.227406199294743,23.18970453489386
20260317,23.506086553043705,12.618103163287714,25.75869071417844,35.42473868371475,59.445640182889576,-126.9447402814541,29.833150535190942,48.9156218746632,46.262155252201985,29.236372441347843,39.02420680957255,19.432059063525728,37.02490792797728,43.571066906407715,27.125440881570693,-58.111451001830176,63.83798035938938,53.273093151832754,41.575913817172335,13.562905083614487,25.54055096601243
20260318,22.822827432983637,13.110190476948365,24.862512982605324,33.940360047719984,37.050165802483505,-122.76909580131316,31.804377390136096,47.16888248189462,44.93882112829438,30.021311516583676,38.77660615956648,21.199604874946026,36.34246991223552,42.34016148419028,26.257085546575695,-57.27123781990761,62.82141437352833,51.87444928754941,40.19373242385695,16.12800811631924,27.306226182363226
20260319,22.17510478937675,13.41482839022632,23.80559857616839,32.61049262296858,18.855853609872753,-118.66310971533638,32.87392755115388,45.689271089983,43.350129100812985,30.087969695033532,38.56911962606924,21.855342814693447,35.75236987458598,41.33568072243253,25.27458514834686,-56.58397270094957,61.99678834738452,50.70710937939163,39.045078390542365,18.239218862890755,28.12317041139414
20260320,21.45911646195702,13.584124182152678,22.54368321319833,31.34399256047469,3.9450223141365717,-114.58148912721188,33.711209693687216,44.57385753840644,41.94941759804991,30.24914964871483,38.39277692330437,22.314768145129342,35.185062638003195,40.25070037139036,24.44964765503064,-55.968575629240384,61.35741314344167,49.601587612989526,37.94455372261893,19.911430139007756,28.75146294166749
20260323,20.8968564943084,13.745317689032174,21.553411002761145,30.338957244113946,-8.202497602675242,-111.22266797246131,33.712970525867064,43.012934633824614,40.13103666935609,30.467172236395005,37.3930174607278,22.594154778185043,33.867050850987475,38.793287423865266,23.73799276663892,-55.385493869470366,59.59907324214164,48.147848601028585,36.66171056603465,21.275534226660216,28.405501236328504
20260324,20.077467687297013,13.645516784036918,20.377276731411186,29.142674172406785,-21.676584503140845,-109.55877179233728,32.811167169673176,40.76807301923044,37.73061700321171,29.554783302859256,35.543868605837424,22.461607645277347,32.06180564390459,36.8750116400369,22.91803644950002,-54.71987647732189,58.085088297203725,45.95879678441259,34.880456416148526,22.488057753574978,27.163467230575506
20260325,19.303053279294662,13.555142001537828,19.394710954821477,28.162486541035307,-2.7938979830239137,-108.15821932858327,31.970874658492264,38.783114332078895,35.714094371780895,28.74154189009633,34.01124383268658,22.228175304556665,30.52040354734941,35.26744835612709,22.24677176838963,-54.256355028604474,57.017512886954755,44.08933400736472,33.34903982022804,23.388836075333824,26.121543770124454
20260326,18.667911125051603,13.491776818126747,18.56894640140512,27.360505265222077,12.66922491817433,-106.48931710329393,31.37488871382677,37.23469063138199,34.11067175941364,28.128542812566725,32.740466626559126,22.01865923871363,29.30105836232826,33.97788580660194,21.731036268509214,-53.64893712830359,55.95026003978413,42.635938384651844,32.11475124395901,24.203375148892597,25.284802661949655
20260327,18.165938819445458,13.440104905018243,17.89468177221217,26.706375932588625,-4.56025631614006,-105.29354010007012,30.96130939790703,36.00026194618087,32.865144421046175,27.59595034318134,31.593995132847127,21.885461142556164,28.25228661890692,32.949180110183306,21.35043491007245,-53.145172204889796,55.07582578399635,41.479076292783546,31.121257683142346,24.75348326729863,24.664548823392252
20260330,17.81133172189081,13.435248486038585,17.38782585155114,26.25435752115242,-18.778623152118506,-104.27471984958547,30.83147693288562,34.9498315921378,31.981053063245135,27.304092357695644,30.817161515627543,21.76842529331421,27.569624721642775,32.249628434421105,21.1965075881655,-52.93200245574437,54.1568572963129,40.898311104778635,30.466024911966336,25.095887850312543,24.230954914432825
20260331,17.56917742809065,13.454733815288522,17.050523286208733,25.89042354365486,-31.693042737697102,-103.07118514066086,30.63656602905992,33.884919829613374,31.19188858866444,26.93574125384427,30.078868048071367,21.663539831578184,26.8918509283542,31.619307222319,21.177970417213853,-52.593252733415774,53.433248521210416,40.3173055033488,29.872088978693604,25.427826771838554,23.937627984177926
20260401,17.38112272793144,13.426210056318492,16.670627798390996,25.363074811012485,-42.13855384458717,-101.9100925705215,30.34528578139388,32.964032694191964,30.40747280513423,26.209320684593195,28.955097086852543,21.465692526468036,25.975420155132053,30.790588490042175,20.923029460876766,-52.22789162507044,52.88294246544816,39.293282334307996,29.060674065858407,16.00026687425162,23.604889368181748
20260402,17.070751378726197,13.311052937850977,16.269398609118987,24.9217486539402,-50.255045252626225,-100.95956277275923,30.054223281690533,32.02689914307877,29.69520049235356,25.49617842289699,28.066866272369932,21.259109949501603,25.222166242638934,29.726901120749535,20.616346023316993,-52.13005204993209,52.663700359966874,38.05341990887231,28.253149704350747,7.575057123605087,23.312595541722164
20260403,16.82037800476748,13.216823387874522,15.953311031797842,24.573261601699194,-57.523867482736826,-101.16312075944245,29.921889824589154,31.489506169080418,29.19078825448189,24.979041214435945,27.348638548553055,21.090543272131722,24.64784527793465,28.9387319565039,20.370959491835997,-52.56159371566618,52.57666701790958,37.1393807381072,27.630682952924218,0.5872880330235078,23.149775915273565
