trade_date,RB.SHF,HC.SHF,JM.DCE,J.DCE,I.DCE
20100104,0.0,,,,
20100105,0.0,,,,
20100106,0.0,,,,
20100107,0.0,,,,
20100108,0.0,,,,
20100111,0.0,,,,
20100112,0.0,,,,
20100113,0.0,,,,
20100114,0.0,,,,
20100115,0.0,,,,
20100118,0.0,,,,
20100119,0.0,,,,
20100120,0.0,,,,
20100121,0.0,,,,
20100122,0.0,,,,
20100125,0.0,,,,
20100126,0.0,,,,
20100127,0.0,,,,
20100128,0.0,,,,
20100129,0.0,,,,
20100201,0.0,,,,
20100202,0.0,,,,
20100203,0.0,,,,
20100204,0.0,,,,
20100205,0.0,,,,
20100208,0.0,,,,
20100209,0.0,,,,
20100210,0.0,,,,
20100211,0.0,,,,
20100212,0.0,,,,
20100222,1.263111641464893e-07,,,,
20100223,2.3000385094291944e-07,,,,
20100224,3.149047621120723e-07,,,,
20100225,3.8123259637686807e-07,,,,
20100226,4.3889982835126796e-07,,,,
20100301,4.814517917858634e-07,,,,
20100302,5.283705997669742e-07,,,,
20100303,5.712174083826095e-07,,,,
20100304,6.059772852928797e-07,,,,
20100305,6.417998852676121e-07,,,,
20100308,6.694259021995104e-07,,,,
20100309,7.368108626875884e-07,,,,
20100310,7.920313964025543e-07,,,,
20100311,8.575982485029515e-07,,,,
20100312,9.027635640306648e-07,,,,
20100315,9.389862201156926e-07,,,,
20100316,9.331866641845361e-07,,,,
20100317,9.256550499226753e-07,,,,
20100318,9.187898546780404e-07,,,,
20100319,9.253607600090855e-07,,,,
20100322,9.407979146353402e-07,,,,
20100323,9.496118840812951e-07,,,,
20100324,9.580370820231213e-07,,,,
20100325,9.666367087084234e-07,,,,
20100326,9.720804178538164e-07,,,,
20100329,9.716814593762272e-07,,,,
20100330,9.726957396041244e-07,,,,
20100331,9.64068158278289e-07,,,,
20100401,9.44711457599795e-07,,,,
20100402,9.129138688579327e-07,,,,
20100406,8.809451030428258e-07,,,,
20100407,8.505209145825762e-07,,,,
20100408,8.203088418029248e-07,,,,
20100409,7.897131562635295e-07,,,,
20100412,7.655283673552669e-07,,,,
20100413,7.449561618768628e-07,,,,
20100414,7.435586848747961e-07,,,,
20100415,7.287438177281109e-07,,,,
20100416,7.210396718189121e-07,,,,
20100419,6.731776455895594e-07,,,,
20100420,6.315787091706919e-07,,,,
20100421,5.98433568644783e-07,,,,
20100422,5.745700281461715e-07,,,,
20100423,5.56465637686743e-07,,,,
20100426,5.417640247133099e-07,,,,
20100427,5.312271573665567e-07,,,,
20100428,5.148003849875964e-07,,,,
20100429,5.009965640281134e-07,,,,
20100430,4.872113033517244e-07,,,,
20100504,4.761954603333967e-07,,,,
20100505,4.698524083747432e-07,,,,
20100506,4.6448663866201346e-07,,,,
20100507,4.548053070960938e-07,,,,
20100510,4.4888426776238783e-07,,,,
20100511,4.4710664411523485e-07,,,,
20100512,4.4506332930070405e-07,,,,
20100513,4.39771941042154e-07,,,,
20100514,4.3654649241850427e-07,,,,
20100517,4.2099373747722087e-07,,,,
20100518,4.052673988007891e-07,,,,
20100519,3.89921238116459e-07,,,,
20100520,3.7499581822498887e-07,,,,
20100521,3.603681511656447e-07,,,,
20100524,3.437769377244561e-07,,,,
20100525,3.302516246258886e-07,,,,
20100526,3.1904638562233946e-07,,,,
20100527,3.1010683138980346e-07,,,,
20100528,3.0165575332114705e-07,,,,
20100531,2.971088307753971e-07,,,,
20100601,2.9240272124278455e-07,,,,
20100602,2.8725407715791744e-07,,,,
20100603,2.8243497538810787e-07,,,,
20100604,2.8005221807330945e-07,,,,
20100607,2.7446579614621307e-07,,,,
20100608,2.708082713967308e-07,,,,
20100609,2.6684695210212194e-07,,,,
20100610,2.607773679785743e-07,,,,
20100611,2.5761303760504103e-07,,,,
20100617,2.633270376641214e-07,,,,
20100618,2.691308833861468e-07,,,,
20100621,2.738895216052555e-07,,,,
20100622,2.795328288079073e-07,,,,
20100623,2.81861347629517e-07,,,,
20100624,2.901764133591417e-07,,,,
20100625,2.9790899931483793e-07,,,,
20100628,3.0366461236765127e-07,,,,
20100629,3.1044699105591865e-07,,,,
20100630,3.156586602172301e-07,,,,
20100701,3.1644675905663834e-07,,,,
20100702,3.1735245381739825e-07,,,,
20100705,3.186749461335117e-07,,,,
20100706,3.214626608025497e-07,,,,
20100707,3.230358135614761e-07,,,,
20100708,3.4667511081261125e-07,,,,
20100709,3.678679700987884e-07,,,,
20100712,3.9134611581560634e-07,,,,
20100713,4.166584490025258e-07,,,,
20100714,4.4437831650805496e-07,,,,
20100715,4.640001078895892e-07,,,,
20100716,4.792072570255899e-07,,,,
20100719,5.002867048215604e-07,,,,
20100720,5.111726054506346e-07,,,,
20100721,5.268378600812963e-07,,,,
20100722,5.335935786433546e-07,,,,
20100723,5.309162692476828e-07,,,,
20100726,5.303000595572041e-07,,,,
20100727,5.291329415711527e-07,,,,
20100728,5.207746995581265e-07,,,,
20100729,5.158925136404904e-07,,,,
20100730,5.050357837994904e-07,,,,
20100802,4.915906525155448e-07,,,,
20100803,4.79020394739823e-07,,,,
20100804,4.660235590563518e-07,,,,
20100805,4.5502565892446456e-07,,,,
20100806,4.4456532315669145e-07,,,,
20100809,4.3400845753236187e-07,,,,
20100810,4.2379914676941937e-07,,,,
20100811,4.1511564276734546e-07,,,,
20100812,4.0293682544643205e-07,,,,
20100813,3.9373246602135626e-07,,,,
20100816,3.902659963588319e-07,,,,
20100817,3.8695489386504587e-07,,,,
20100818,3.847462408240808e-07,,,,
20100819,3.799706997368503e-07,,,,
20100820,3.7751643554462815e-07,,,,
20100823,3.751844102539691e-07,,,,
20100824,3.7337729342678136e-07,,,,
20100825,3.751042379908646e-07,,,,
20100826,3.7897749027790624e-07,,,,
20100827,3.8893526150756856e-07,,,,
20100830,3.925790878969033e-07,,,,
20100831,3.942061860265143e-07,,,,
20100901,3.962377053884624e-07,,,,
20100902,4.0032887200475177e-07,,,,
20100903,4.0229861390315586e-07,,,,
20100906,3.8226046385306035e-07,,,,
20100907,3.634030767670818e-07,,,,
20100908,3.455914650115233e-07,,,,
20100909,3.3218105492539785e-07,,,,
20100910,3.2079397965288853e-07,,,,
20100913,3.10505755901578e-07,,,,
20100914,3.0206119603701284e-07,,,,
20100915,2.943005620792143e-07,,,,
20100916,2.884501701742845e-07,,,,
20100917,2.8419941959516656e-07,,,,
20100920,2.7991555693833956e-07,,,,
20100921,2.7818494801528537e-07,,,,
20100927,2.7912232555996214e-07,,,,
20100928,2.782306229449822e-07,,,,
20100929,2.7681509504684633e-07,,,,
20100930,2.775433129786247e-07,,,,
20101008,2.798114964426509e-07,,,,
20101011,2.858653435275603e-07,,,,
20101012,2.9671337979757235e-07,,,,
20101013,3.0355136250087256e-07,,,,
20101014,3.4609661726660655e-07,,,,
20101015,3.791089293920021e-07,,,,
20101018,4.050391003740951e-07,,,,
20101019,4.367244765622731e-07,,,,
20101020,4.689377716983752e-07,,,,
20101021,4.898304569972097e-07,,,,
20101022,5.133361238463363e-07,,,,
20101025,5.160899836426118e-07,,,,
20101026,5.196885021721812e-07,,,,
20101027,5.207237532841649e-07,,,,
20101028,5.120669083789002e-07,,,,
20101029,5.094009940984345e-07,,,,
20101101,5.127356730258877e-07,,,,
20101102,5.111648270689889e-07,,,,
20101103,5.075663393192249e-07,,,,
20101104,5.062163501575043e-07,,,,
20101105,4.965025794586478e-07,,,,
20101108,4.918884443967379e-07,,,,
20101109,4.78605000380886e-07,,,,
20101110,4.6439263356562273e-07,,,,
20101111,4.541708701703776e-07,,,,
20101112,4.3218344808170386e-07,,,,
20101115,4.113029972811987e-07,,,,
20101116,3.950142486782696e-07,,,,
20101117,3.823935084076949e-07,,,,
20101118,3.7250460168867314e-07,,,,
20101119,3.641040433245446e-07,,,,
20101122,3.546743343157953e-07,,,,
20101123,3.4256047158101837e-07,,,,
20101124,3.347322156710826e-07,,,,
20101125,3.273003259931586e-07,,,,
20101126,3.2142019220329536e-07,,,,
20101129,3.180668556291339e-07,,,,
20101130,3.167135292382699e-07,,,,
20101201,3.168160687953994e-07,,,,
20101202,3.182046930050428e-07,,,,
20101203,3.244094337610321e-07,,,,
20101206,3.269759445275204e-07,,,,
20101207,3.4110139339720485e-07,,,,
20101208,3.6298143499477206e-07,,,,
20101209,3.806483429505557e-07,,,,
20101210,4.2249499864090805e-07,,,,
20101213,4.605233729750187e-07,,,,
20101214,4.923781083588569e-07,,,,
20101215,5.422755581604704e-07,,,,
20101216,5.866601468287521e-07,,,,
20101217,6.274483286158554e-07,,,,
20101220,6.638573649193343e-07,,,,
20101221,6.998334107327212e-07,,,,
20101222,7.618346981588441e-07,,,,
20101223,8.194417491668209e-07,,,,
20101224,8.738774531186573e-07,,,,
20101227,9.248461821010697e-07,,,,
20101228,9.83703629439719e-07,,,,
20101229,1.045880406519779e-06,,,,
20101230,1.100537585229413e-06,,,,
20101231,1.172066454932259e-06,,,,
20110104,1.241205286117637e-06,,,,
20110105,1.3304504928885344e-06,,,,
20110106,1.4540427501392042e-06,,,,
20110107,1.5566919328062926e-06,,,,
20110110,1.6361069367726697e-06,,,,
20110111,1.7584990306565918e-06,,,,
20110112,1.8529761720625505e-06,,,,
20110113,1.9396951173080754e-06,,,,
20110114,2.0124518356856004e-06,,,,
20110117,2.084291742518028e-06,,,,
20110118,2.1441195976395884e-06,,,,
20110119,2.2094656874019518e-06,,,,
20110120,2.2880193945284886e-06,,,,
20110121,2.3956509360115316e-06,,,,
20110124,2.5180800770340974e-06,,,,
20110125,2.6613082057938544e-06,,,,
20110126,2.7929447495680804e-06,,,,
20110127,2.9108184677008134e-06,,,,
20110128,3.0469345454007125e-06,,,,
20110131,3.2507479562006896e-06,,,,
20110201,3.445879603807579e-06,,,,
20110209,3.6583445381704783e-06,,,,
20110210,3.76084195551253e-06,,,,
20110211,3.834469941125908e-06,,,,
20110214,3.9067750841029326e-06,,,,
20110215,3.949729334903894e-06,,,,
20110216,3.894893799711197e-06,,,,
20110217,3.739450454548405e-06,,,,
20110218,3.6187641852407932e-06,,,,
20110221,3.502152952452161e-06,,,,
20110222,3.3999053997144893e-06,,,,
20110223,3.2848452674795086e-06,,,,
20110224,3.1731485930943838e-06,,,,
20110225,3.092924738109171e-06,,,,
20110228,3.014458298917161e-06,,,,
20110301,2.9342570907794783e-06,,,,
20110302,2.8657364917988997e-06,,,,
20110303,2.8001443741274623e-06,,,,
20110304,2.7299023840166845e-06,,,,
20110307,2.7004264855489407e-06,,,,
20110308,2.6783802566634356e-06,,,,
20110309,2.6454875632817564e-06,,,,
20110310,2.639171728579632e-06,,,,
20110311,2.617966791530209e-06,,,,
20110314,2.5252189350427597e-06,,,,
20110315,2.4361022255541283e-06,,,,
20110316,2.3307720378580493e-06,,,,
20110317,2.2518635181844118e-06,,,,
20110318,2.1698818133118565e-06,,,,
20110321,2.005762158971712e-06,,,,
20110322,1.8520196759616879e-06,,,,
20110323,1.7192710978748238e-06,,,,
20110324,1.5968434314998217e-06,,,,
20110325,1.4933629221419787e-06,,,,
20110328,1.4055175289784954e-06,,,,
20110329,1.339466288440675e-06,,,,
20110330,1.2765442267703505e-06,,,,
20110331,1.2139849460225277e-06,,,,
20110401,1.1581908917204276e-06,,,,
20110406,1.1042296499291048e-06,,,,
20110407,1.062939832985708e-06,,,,
20110408,1.0191811242712355e-06,,,,
20110411,9.926194239623932e-07,,,,
20110412,9.695734536176003e-07,,,,
20110413,9.536702777311783e-07,,,,
20110414,9.333788997202269e-07,,,,
20110415,9.170714638231604e-07,,,0.0,
20110418,9.011325212036207e-07,,,0.0,
20110419,8.962091912460058e-07,,,0.0,
20110420,9.232079643529329e-07,,,0.0,
20110421,9.435716974872647e-07,,,0.0,
20110422,9.820428718403008e-07,,,0.0,
20110425,9.954226737253086e-07,,,0.0,
20110426,1.0038025618267638e-06,,,0.0,
20110427,1.0060174936734778e-06,,,0.0,
20110428,1.0082356905172542e-06,,,0.0,
20110429,1.0046161376225979e-06,,,0.0,
20110503,1.0058519398456032e-06,,,0.0,
20110504,1.000993745183412e-06,,,0.0,
20110505,1.0117512190763337e-06,,,0.0,
20110506,9.941519454588627e-07,,,0.0,
20110509,9.729433143099084e-07,,,0.0,
20110510,9.578480024832567e-07,,,0.0,
20110511,9.472352337647562e-07,,,0.0,
20110512,9.362712963378633e-07,,,0.0,
20110513,9.232610738587181e-07,,,0.0,
20110516,9.287976457179806e-07,,,0.0,
20110517,9.351286720141346e-07,,,0.0,
20110518,9.540378490876388e-07,,,0.0,
20110519,9.603475756765217e-07,,,0.0,
20110520,9.69235421472592e-07,,,0.0,
20110523,9.75463165621008e-07,,,0.0,
20110524,9.825901409948831e-07,,,0.0,
20110525,9.886453568491575e-07,,,0.0,
20110526,9.917168373496602e-07,,,0.0,
20110527,9.971767970882832e-07,,,0.0,
20110530,9.96132443235953e-07,,,4.083254071566553e-06,
20110531,9.970456910396492e-07,,,7.206183773775171e-06,
20110601,9.893148848748982e-07,,,9.835349281968021e-06,
20110602,9.74436118739782e-07,,,1.225315676520584e-05,
20110603,1.0122445002822063e-06,,,1.4700087243717159e-05,
20110607,1.0410808127187887e-06,,,1.6786410166535886e-05,
20110608,1.0658690337093793e-06,,,1.8651095118450915e-05,
20110609,1.1022886257011279e-06,,,2.057520260844798e-05,
20110610,1.1499465848997891e-06,,,2.258366743971666e-05,
20110613,1.2366627236991985e-06,,,2.9766743500181363e-05,
20110614,1.3246582931697952e-06,,,3.491209552394007e-05,
20110615,1.3873055663034761e-06,,,3.962499049241441e-05,
20110616,1.4421599501947552e-06,,,4.4021332603794974e-05,
20110617,1.4711095749893692e-06,,,4.676672523001867e-05,
20110620,1.4721674749169005e-06,,,4.8607737822702576e-05,
20110621,1.4831887943135026e-06,,,4.995035683377757e-05,
20110622,1.5084221462322934e-06,,,5.279673598427233e-05,
20110623,1.511203162021825e-06,,,5.289771033686366e-05,
20110624,1.5052910839678418e-06,,,5.3122844686189874e-05,
20110627,1.487966981187061e-06,,,5.316457853369484e-05,
20110628,1.485127836129385e-06,,,5.323436819344577e-05,
20110629,1.4846254813803434e-06,,,5.3448992931512694e-05,
20110630,1.4838094111974504e-06,,,5.367932680431226e-05,
20110701,1.492279822290591e-06,,,5.487785451768658e-05,
20110704,1.4747433612217372e-06,,,5.5827661934929604e-05,
20110705,1.4522536477740117e-06,,,5.627458216455595e-05,
20110706,1.4296768431705808e-06,,,5.595041540381264e-05,
20110707,1.4116309592629683e-06,,,5.530340447016992e-05,
20110708,1.3946736064679244e-06,,,5.486603855560536e-05,
20110711,1.3945676930524898e-06,,,5.4641362555253764e-05,
20110712,1.3812106487491529e-06,,,5.487856945285433e-05,
20110713,1.3843451494198872e-06,,,5.5788812753234026e-05,
20110714,1.3922555790655793e-06,,,5.693791415459961e-05,
20110715,1.422278969051553e-06,,,5.7706558587357426e-05,
20110718,1.4891558254721345e-06,,,5.906149589480292e-05,
20110719,1.555430592625112e-06,,,6.029370378727381e-05,
20110720,1.6258870833214562e-06,,,6.150666425204106e-05,
20110721,1.686884198569589e-06,,,6.44211970192121e-05,
20110722,1.7589554411790065e-06,,,6.704827039352333e-05,
20110725,1.8181406189345702e-06,,,6.884413047632903e-05,
20110726,1.8951653367036713e-06,,,7.076607165394125e-05,
20110727,1.9829542639737335e-06,,,7.289922370185325e-05,
20110728,2.0816988743897472e-06,,,7.443107695917336e-05,
20110729,2.182655926804297e-06,,,7.61014115150299e-05,
20110801,2.3807660844281514e-06,,,7.719932890621728e-05,
20110802,2.565405410189919e-06,,,7.730528786737063e-05,
20110803,2.7218529618094057e-06,,,8.060278404778542e-05,
20110804,2.8407168375028506e-06,,,9.263191347871249e-05,
20110805,2.7425436223895242e-06,,,0.00010178171578917634,
20110808,2.6739885282757334e-06,,,0.0001076135202995633,
20110809,2.6187913299924135e-06,,,0.00011199604837451627,
20110810,2.5856848968038304e-06,,,0.00011955706470941252,
20110811,2.550841865481449e-06,,,0.00012899140916307306,
20110812,2.5128161644699945e-06,,,0.00013922719530602045,
20110815,2.478472011913463e-06,,,0.00015353285791254437,
20110816,2.456392406857595e-06,,,0.00017106573352689456,
20110817,2.4392386733759343e-06,,,0.00018750746005007768,
20110818,2.431582351878099e-06,,,0.00020508206748487816,
20110819,2.4345002348871873e-06,,,0.00022212286728585416,
20110822,2.441056012633548e-06,,,0.00023713601916056028,
20110823,2.4535994196484454e-06,,,0.00023157958259993305,
20110824,2.4517292080751986e-06,,,0.0002232770988594404,
20110825,2.4463174349994617e-06,,,0.0002146997010620959,
20110826,2.4500626698913976e-06,,,0.00020763055924945942,
20110829,2.4697852198570816e-06,,,0.00020198579230885292,
20110830,2.4718795202478057e-06,,,0.0001973921508868916,
20110831,2.477011429970551e-06,,,0.00019226062186470066,
20110901,2.473874136339387e-06,,,0.00018860478893671637,
20110902,2.67794044971979e-06,,,0.00018623884239981508,
20110905,2.807546041981803e-06,,,0.00018448689094602042,
20110906,2.8912229033993795e-06,,,0.00018318590009095879,
20110907,2.9479012762950997e-06,,,0.0001818490983356232,
20110908,2.9815123904565165e-06,,,0.00018131197184531155,
20110909,3.0022375304719166e-06,,,0.00018112667253500998,
20110913,3.011109545487089e-06,,,0.00018267988718920328,
20110914,3.006809224307182e-06,,,0.0001853875804036432,
20110915,3.0444591544207637e-06,,,0.0001879896609203259,
20110916,3.1048510258124997e-06,,,0.00018910364585397786,
20110919,2.914618802936037e-06,,,0.00019134370869023027,
20110920,2.754220198857593e-06,,,0.0001917415473457168,
20110921,2.6183758177884797e-06,,,0.0002067980696711667,
20110922,2.491627514727855e-06,,,0.00021364135217696027,
20110923,2.383153022855728e-06,,,0.00021364992922357265,
20110926,2.2510020163968225e-06,,,0.00020611474389967767,
20110927,2.1126465219243366e-06,,,0.00019424766061521996,
20110928,2.0134420096096984e-06,,,0.0001805115168275432,
20110929,1.9224344660387224e-06,,,0.00016805460335881706,
20110930,1.8312090942270517e-06,,,0.0001554345917087323,
20111010,1.7603209331796448e-06,,,0.0001424907320631623,
20111011,1.6997949506612955e-06,,,0.0001317253937846168,
20111012,1.6455560086580117e-06,,,0.00012299324328934286,
20111013,1.615789565914653e-06,,,0.00011587570370686197,
20111014,1.5888949161492207e-06,,,0.00011008047922550996,
20111017,1.5378318085002254e-06,,,0.00010577768409014044,
20111018,1.4888132247396304e-06,,,0.00010258308618461384,
20111019,1.4416276960285664e-06,,,0.00010000173580981819,
20111020,1.3856449157885778e-06,,,9.697380745617389e-05,
20111021,1.3335403784983044e-06,,,9.455670020254787e-05,
20111024,1.2740138681956114e-06,,,9.164087156229469e-05,
20111025,1.2190972914934949e-06,,,8.917887032519797e-05,
20111026,1.173855603281166e-06,,,8.70424599666669e-05,
20111027,1.126441511555522e-06,,,8.541543215661778e-05,
20111028,1.0720072959396835e-06,,,8.417099474502285e-05,
20111031,1.0315545986090682e-06,,,8.501955355941006e-05,
20111101,1.0025938466248832e-06,,,8.571133509401762e-05,
20111102,9.745991577557257e-07,,,8.632188044561498e-05,
20111103,9.575040558908181e-07,,,8.896083519262559e-05,
20111104,9.354280076824588e-07,,,9.17517291043271e-05,
20111107,9.034883981646249e-07,,,9.383786873678518e-05,
20111108,8.772757282163655e-07,,,9.580694714599282e-05,
20111109,8.543395017474087e-07,,,9.73545039877427e-05,
20111110,8.252939299893153e-07,,,9.88055770453667e-05,
20111111,7.962912274212978e-07,,,9.639310357066581e-05,
20111114,7.726886945286927e-07,,,9.389278474667253e-05,
20111115,7.554838937547123e-07,,,9.159395888702455e-05,
20111116,7.379915189700486e-07,,,8.917978409580435e-05,
20111117,7.267620904052351e-07,,,8.969454546850213e-05,
20111118,7.132153214762517e-07,,,8.993415929977058e-05,
20111121,7.064714734091877e-07,,,9.067360682008053e-05,
20111122,7.02923251548721e-07,,,9.111614478480399e-05,
20111123,6.996897869843863e-07,,,9.176599275365436e-05,
20111124,6.934284044070137e-07,,,9.218482519517128e-05,
20111125,6.978042189456892e-07,,,9.278505172126326e-05,
20111128,6.952547023345848e-07,,,9.263644669780314e-05,
20111129,6.940322042520983e-07,,,9.23747787838394e-05,
20111130,6.92464230623118e-07,,,9.205641264062324e-05,
20111201,6.88960665053413e-07,,,8.964636406411699e-05,
20111202,6.980682112008558e-07,,,8.780302218205554e-05,
20111205,6.976809683332672e-07,,,8.58344023658327e-05,
20111206,6.968380841092003e-07,,,8.448536343562551e-05,
20111207,6.994980221120156e-07,,,8.397285726946573e-05,
20111208,7.221271653743938e-07,,,8.4671174794668e-05,
20111209,7.565331848048096e-07,,,0.0001011472574132653,
20111212,7.892725062680698e-07,,,0.0001110493954982657,
20111213,8.131746907038198e-07,,,0.00011937852192171636,
20111214,8.334437496800567e-07,,,0.00012773408575489774,
20111215,8.547390079470172e-07,,,0.00013463092296266908,
20111216,8.595880469538938e-07,,,0.00013336766021522937,
20111219,8.789225914878025e-07,,,0.00013202288076204224,
20111220,8.902821453865293e-07,,,0.00013016402299857296,
20111221,9.099189531477906e-07,,,0.00012927951822571353,
20111222,9.215137239024632e-07,,,0.0001263119821658857,
20111223,9.252984015850119e-07,,,0.0001231287606084857,
20111226,9.257535690368177e-07,,,0.0001208699903144075,
20111227,9.277366037744328e-07,,,0.00011916794455366661,
20111228,9.408188333989999e-07,,,0.00011745491063290763,
20111229,1.0233550933209648e-06,,,0.00011699092805034091,
20111230,1.0873903867549272e-06,,,0.00011691365933858199,
20120104,1.1131724727136029e-06,,,0.00011734251168187752,
20120105,1.1371667262050736e-06,,,0.00011983262865449158,
20120106,1.1526444486091159e-06,,,0.00011920234933322575,
20120109,1.1624288661986593e-06,,,0.00011897246423021121,
20120110,1.1701364171952077e-06,,,0.00011816636579559583,
20120111,1.170024092643773e-06,,,0.00011989872158894093,
20120112,1.1647545876436088e-06,,,0.00012063306966908563,
20120113,1.1523257706454972e-06,,,0.00012097666908720563,
20120116,1.1341689984243263e-06,,,0.00012271139014886803,
20120117,1.1513290505148449e-06,,,0.00012791400012187118,
20120118,1.1760192452571953e-06,,,0.00013156393360681435,
20120119,1.2056220030015512e-06,,,0.00013388180883931185,
20120120,1.229219371130458e-06,,,0.00013472057509070825,
20120130,1.2523623913200697e-06,,,0.00013474446405601983,
20120131,1.2758020353048332e-06,,,0.00013570767087929775,
20120201,1.3022529072341514e-06,,,0.0001353097340327768,
20120202,1.3304209057067566e-06,,,0.00013497952421300538,
20120203,1.364907572153346e-06,,,0.00013498446435453583,
20120206,1.40613287454931e-06,,,0.00013246046640404702,
20120207,1.396741860456432e-06,,,0.00012826078207679723,
20120208,1.4061513063426915e-06,,,0.00012663900353057338,
20120209,1.4076309238050099e-06,,,0.00012373736950301113,
20120210,1.4096993082961084e-06,,,0.00012360264094909615,
20120213,1.405827038889381e-06,,,0.00012386603724439492,
20120214,1.4074853285733022e-06,,,0.00012393958472774747,
20120215,1.3932224371799518e-06,,,0.0001251170724227235,
20120216,1.3804502508532162e-06,,,0.00012669177491072238,
20120217,1.3731322407401944e-06,,,0.00012886608942278924,
20120220,1.359649251883908e-06,,,0.0001311026956278854,
20120221,1.3613897011231883e-06,,,0.0001338833460935117,
20120222,1.3536505357015276e-06,,,0.00013599661606638404,
20120223,1.3484422274781656e-06,,,0.0001368636533419323,
20120224,1.3408276887179777e-06,,,0.00013635240572208617,
20120227,1.3395019602284812e-06,,,0.00013881478232951488,
20120228,1.3397291705787541e-06,,,0.00014205058314892721,
20120229,1.3418484352099967e-06,,,0.00014652387200560988,
20120301,1.3545093727029616e-06,,,0.0001527255526882228,
20120302,1.3679572795542458e-06,,,0.00015742616738666264,
20120305,1.3771292114614732e-06,,,0.00016556098753976918,
20120306,1.3863414807357812e-06,,,0.00017275545524519768,
20120307,1.4315367154473351e-06,,,0.0001846284465963368,
20120308,1.4747584676314576e-06,,,0.00020092097085851293,
20120309,1.5011564742708633e-06,,,0.00021556198626861668,
20120312,1.5330000256386027e-06,,,0.00022808972418734925,
20120313,1.55198996548956e-06,,,0.00023972415268185812,
20120314,1.618191175751051e-06,,,0.0002446829266257624,
20120315,1.6664656845435998e-06,,,0.0002501773813193683,
20120316,1.6983641403278111e-06,,,0.00025488692201553896,
20120319,1.7308167938373014e-06,,,0.0002590699917324324,
20120320,1.7736305539436102e-06,,,0.0002607134412736586,
20120321,1.7908344246353192e-06,,,0.00026048027127716057,
20120322,1.7926139354676755e-06,,,0.00025913752318009874,
20120323,1.7911246425166527e-06,,,0.0002584092333360917,
20120326,1.8218500059961193e-06,,,0.0002597922954690057,
20120327,1.8517737726092542e-06,,,0.00026063185823537637,
20120328,1.852998599644865e-06,,,0.00026515081639140535,
20120329,1.858328790421027e-06,,,0.00027011739641816837,
20120330,1.8674628659945539e-06,,,0.0002773874307535399,
20120405,1.8905188128246755e-06,,,0.0002897945418302741,
20120406,1.887961497656067e-06,,,0.0003045041064355527,
20120409,1.883898262306727e-06,,,0.0003234486720194368,
20120410,1.8877671751237293e-06,,,0.0003417169590012599,
20120411,1.9300438573760474e-06,,,0.00036211444497060065,
20120412,1.932011721227253e-06,,,0.00038168974118002415,
20120413,1.907054626386148e-06,,,0.0004006308415918457,
20120416,1.8504000280455759e-06,,,0.00043188111353641,
20120417,1.7971001753253685e-06,,,0.00045501982089655177,
20120418,1.7441622189041172e-06,,,0.00046303370826677223,
20120419,1.6886821007000358e-06,,,0.00046670753600264425,
20120420,1.645027644737863e-06,,,0.00048031284658727624,
20120423,1.612053278770382e-06,,,0.0004638347423286308,
20120424,1.5755443262679924e-06,,,0.00044661114080394947,
20120425,1.5285955339741796e-06,,,0.00043136537714009586,
20120426,1.487467466086719e-06,,,0.00041586261398332173,
20120427,1.4666187281567712e-06,,,0.0004032060447948213,
20120502,1.4548884988163683e-06,,,0.000390122846693572,
20120503,1.448441910008321e-06,,,0.0003791581945661848,
20120504,1.4480487296091107e-06,,,0.0003692915355616891,
20120507,1.472617858574715e-06,,,0.0003593592946305978,
20120508,1.5231626313477436e-06,,,0.0003469336427844706,
20120509,1.5584575907402948e-06,,,0.0003344776616736857,
20120510,1.5903560001976946e-06,,,0.0003241593011069676,
20120511,1.6166360450563731e-06,,,0.00031545702070997654,
20120514,1.6543264947130401e-06,,,0.000294041967328549,
20120515,1.6677370128329258e-06,,,0.0002762564019983871,
20120516,1.6911686367714098e-06,,,0.00025974023633998844,
20120517,1.6641218828952904e-06,,,0.00024506328099573456,
20120518,1.6600093624146881e-06,,,0.00023385822771065026,
20120521,1.6418645380786434e-06,,,0.0002226404137230031,
20120522,1.6190444285958204e-06,,,0.00020960611403750122,
20120523,1.5917631952915034e-06,,,0.00019919861331709805,
20120524,1.5648219497071894e-06,,,0.00019019619778833333,
20120525,1.5417704337793864e-06,,,0.0001819191909149878,
20120528,1.4976689138257621e-06,,,0.00017177702977188322,
20120529,1.4543081392686903e-06,,,0.0001610342990308765,
20120530,1.407724241218234e-06,,,0.00015175433699533356,
20120531,1.3667293914173373e-06,,,0.00014424881833255057,
20120601,1.331673627752938e-06,,,0.0001372657559330003,
20120604,1.290881744612855e-06,,,0.00013023182897331878,
20120605,1.2491460468319367e-06,,,0.0001248713692418567,
20120606,1.2098269655596395e-06,,,0.00011962885733310494,
20120607,1.1752733622456672e-06,,,0.00011554759417573177,
20120608,1.152175493415202e-06,,,0.00011277437816941741,
20120611,1.129859702998665e-06,,,0.00011422303894487956,
20120612,1.1140325619923973e-06,,,0.00011432861161789073,
20120613,1.1023345644731253e-06,,,0.00011502390781969205,
20120614,1.1037488980194577e-06,,,0.0001159546489274829,
20120615,1.104647181831884e-06,,,0.00011642705119712895,
20120618,1.092779711151095e-06,,,0.00011718938159407416,
20120619,1.0830380409856674e-06,,,0.00011707210140183275,
20120620,1.0994771356227138e-06,,,0.0001174510629314259,
20120621,1.1175426020885747e-06,,,0.00011791813888900265,
20120625,1.117441757384581e-06,,,0.00011821209245839204,
20120626,1.1395125759143583e-06,,,0.00011767048434565579,
20120627,1.1589119363692404e-06,,,0.0001175110856009139,
20120628,1.1685725946959784e-06,,,0.00011577428580898898,
20120629,1.1622088885252372e-06,,,0.00011351576627516562,
20120702,1.1532875662186154e-06,,,0.00010846521832521552,
20120703,1.1828252118253078e-06,,,0.00010602526816189635,
20120704,1.2505682612327442e-06,,,0.0001038457542732662,
20120705,1.2944238921771357e-06,,,0.00010096861118320497,
20120706,1.3330476760363436e-06,,,9.833553780113136e-05,
20120709,1.360039430317377e-06,,,9.63290839030614e-05,
20120710,1.351512795499564e-06,,,9.416248386355186e-05,
20120711,1.344535793670945e-06,,,9.398998104968337e-05,
20120712,1.3387509880592577e-06,,,9.110038800708831e-05,
20120713,1.3349111735299467e-06,,,8.842481067859116e-05,
20120716,1.3236904996625044e-06,,,8.434075448685062e-05,
20120717,1.3108019569086179e-06,,,7.88824050874126e-05,
20120718,1.2869745352318352e-06,,,7.38864156728649e-05,
20120719,1.2742520366678924e-06,,,6.93390911978487e-05,
20120720,1.2456400076255723e-06,,,6.491123224824204e-05,
20120723,1.22020171919638e-06,,,6.0148971789660326e-05,
20120724,1.1927345094105418e-06,,,5.5644112293802245e-05,
20120725,1.164605635560059e-06,,,5.050978311558207e-05,
20120726,1.1459481430219188e-06,,,4.604476546877052e-05,
20120727,1.1185862953486425e-06,,,4.211756212341244e-05,
20120730,1.0923330847047156e-06,,,3.873910032369689e-05,
20120731,1.0766836930279934e-06,,,3.596677480223094e-05,
20120801,1.0581291850912163e-06,,,3.370572816275207e-05,
20120802,1.0428257832100898e-06,,,3.140661746265641e-05,
20120803,1.0185653809281629e-06,,,2.8723016584053388e-05,
20120806,9.947804558798111e-07,,,2.599151938398559e-05,
20120807,9.721938682518616e-07,,,2.369850498479511e-05,
20120808,9.538327763168276e-07,,,2.1644830265850596e-05,
20120809,9.297722312964909e-07,,,2.005568696361669e-05,
20120810,9.08253337733974e-07,,,1.8747490028834935e-05,
20120813,8.950569608977981e-07,,,1.769543650719603e-05,
20120814,8.785651605515123e-07,,,1.6760502607659338e-05,
20120815,8.625894619048838e-07,,,1.5947754155878478e-05,
20120816,8.532755280430026e-07,,,1.5217808211524704e-05,
20120817,8.629109544939451e-07,,,1.4768912877202912e-05,
20120820,8.699140651924728e-07,,,1.4551752758406429e-05,
20120821,8.673340851073899e-07,,,1.436883126530714e-05,
20120822,8.643245733439827e-07,,,1.4507137684644568e-05,
20120823,8.643187440772556e-07,,,1.447336983555372e-05,
20120824,8.794947570389852e-07,,,1.4548210005945509e-05,
20120827,8.785531893811648e-07,,,1.4508617100698667e-05,
20120828,8.696350938975021e-07,,,1.4003102084732958e-05,
20120829,8.82614700675277e-07,,,1.3569670881117198e-05,
20120830,8.865379385046437e-07,,,1.3257153614726747e-05,
20120831,8.778729756549156e-07,,,1.2574465076002834e-05,
20120903,8.535636055839739e-07,,,1.155177908173222e-05,
20120904,8.228983172974089e-07,,,1.0516417806505775e-05,
20120905,7.94480551886442e-07,,,9.526218320115063e-06,
20120906,7.598288715496291e-07,,,8.650062099080081e-06,
20120907,6.894251020221837e-07,,,7.76725283649716e-06,
20120910,6.257086540468603e-07,,,6.90429002873388e-06,
20120911,5.720219591186502e-07,,,6.216479486588309e-06,
20120912,5.238202587248553e-07,,,5.611005812592753e-06,
20120913,4.814864279409463e-07,,,5.106998541924796e-06,
20120914,4.442010791878273e-07,,,4.667824721605862e-06,
20120917,4.132472495151159e-07,,,4.306072780598824e-06,
20120918,3.8785801038812475e-07,,,4.002529526887725e-06,
20120919,3.65588636392447e-07,,,3.7424567752167233e-06,
20120920,3.4039774050530286e-07,,,3.503056059856934e-06,
20120921,3.182877889480513e-07,,,3.3053655777605904e-06,
20120924,2.976567888506378e-07,,,3.098851734147183e-06,
20120925,2.806027738324822e-07,,,2.880284326177678e-06,
20120926,2.6682327188474985e-07,,,2.7028331540419806e-06,
20120927,2.5553609802488784e-07,,,2.5631096180251116e-06,
20120928,2.463199455428581e-07,,,2.443957913090544e-06,
20121008,2.402388121864053e-07,,,2.348209468509853e-06,
20121009,2.3621208515373522e-07,,,2.2672032856129465e-06,
20121010,2.3246402188523507e-07,,,2.2431041352178404e-06,
20121011,2.29432115634843e-07,,,2.2013941100452098e-06,
20121012,2.2934874363572914e-07,,,2.150815546855323e-06,
20121015,2.334559845060898e-07,,,2.153291468808373e-06,
20121016,2.3552034133449596e-07,,,2.0933745409897217e-06,
20121017,2.390874381353478e-07,,,2.0269732346580776e-06,
20121018,2.4306921102116525e-07,,,1.973599353309751e-06,
20121019,2.4953065801408917e-07,,,1.9150189291220124e-06,
20121022,2.5285813446639964e-07,,,1.8571828510880363e-06,
20121023,2.5291489692225845e-07,,,1.782309664204246e-06,
20121024,2.532349527366724e-07,,,1.6956905210886947e-06,
20121025,2.7158129996353005e-07,,,1.639473362890209e-06,
20121026,2.8278210645707614e-07,,,1.5630869572075643e-06,
20121029,2.9238896330749576e-07,,,1.4566502993181168e-06,
20121030,2.998563659648549e-07,,,1.3682067149909327e-06,
20121031,3.068668022934105e-07,,,1.2922256800539474e-06,
20121101,3.15540849363783e-07,,,1.2325476587413731e-06,
20121102,3.189893006649113e-07,,,1.1812139572769977e-06,
20121105,3.2744375629226035e-07,,,1.1366782399028755e-06,
20121106,3.332090256722458e-07,,,1.1259847894819292e-06,
20121107,3.3618437227228754e-07,,,1.1181856986777972e-06,
20121108,3.374994706322685e-07,,,1.1028184531570098e-06,
20121109,3.391244381033692e-07,,,1.1032808742005102e-06,
20121112,3.4415137990708133e-07,,,1.1085044799001778e-06,
20121113,3.512346411202618e-07,,,1.1241892907635274e-06,
20121114,3.5871405239667087e-07,,,1.142085460384326e-06,
20121115,3.6190243118265853e-07,,,1.1522538669451773e-06,
20121116,3.6068708923587073e-07,,,1.1632520501618122e-06,
20121119,3.492804100728486e-07,,,1.1786882153304917e-06,
20121120,3.4504041821349567e-07,,,1.182018363449903e-06,
20121121,3.4332982117884384e-07,,,1.1825096407673853e-06,
20121122,3.3850273811704905e-07,,,1.178063124311874e-06,
20121123,3.3496664188900166e-07,,,1.1694615336869538e-06,
20121126,3.346135359808005e-07,,,1.2228459668152968e-06,
20121127,3.315716333272006e-07,,,1.2589625730205308e-06,
20121128,3.269881192986966e-07,,,1.2964704908382627e-06,
20121129,3.2683089729788433e-07,,,1.3378381657132024e-06,
20121130,3.260205570579108e-07,,,1.3581440817656893e-06,
20121203,3.22111132634792e-07,,,1.347032120802417e-06,
20121204,3.159439471084987e-07,,,1.313135586285879e-06,
20121205,3.088470481817133e-07,,,1.3065822486399585e-06,
20121206,3.0402171468316676e-07,,,1.3074934207572663e-06,
20121207,2.9990180902054116e-07,,,1.303524636594417e-06,
20121210,2.946877605335875e-07,,,1.2925650331408055e-06,
20121211,2.9075287926183757e-07,,,1.2863199980202553e-06,
20121212,2.881319883955728e-07,,,1.2789145762046911e-06,
20121213,2.83299757807782e-07,,,1.2697177474218364e-06,
20121214,2.767733997634902e-07,,,1.2597286290237575e-06,
20121217,2.800975655931375e-07,,,1.267956187628218e-06,
20121218,2.8305557270719456e-07,,,1.274793876363078e-06,
20121219,2.847157525077559e-07,,,1.2805904924257307e-06,
20121220,2.85639182130917e-07,,,1.287673882772575e-06,
20121221,2.8569365788303036e-07,,,1.2902455748739992e-06,
20121224,2.8487783044254963e-07,,,1.2977784168749278e-06,
20121225,2.829846926859034e-07,,,1.3040003091468064e-06,
20121226,2.8171969599911434e-07,,,1.3255101016346023e-06,
20121227,2.862288398292896e-07,,,1.3650795088656571e-06,
20121228,2.92965351918708e-07,,,1.4017403217211123e-06,
20121231,2.971851327584967e-07,,,1.3999159110243507e-06,
20130104,2.997314823503377e-07,,,1.4020655987378024e-06,
20130107,3.020756540890121e-07,,,1.379875020888202e-06,
20130108,3.0606368226343555e-07,,,1.3717322939745843e-06,
20130109,3.107095778226422e-07,,,1.3614210862584715e-06,
20130110,3.1326128838567417e-07,,,1.3311811901917232e-06,
20130111,3.0832815788096783e-07,,,1.2869189358681496e-06,
20130114,3.028480475694436e-07,,,1.230524826472102e-06,
20130115,2.9540415249765265e-07,,,1.1726551448820558e-06,
20130116,2.9407000794936534e-07,,,1.1293822182315496e-06,
20130117,2.8992204690377674e-07,,,1.0833210555760638e-06,
20130118,2.8717684696770275e-07,,,1.044094755956028e-06,
20130121,2.8246838118510393e-07,,,1.0022399993385763e-06,
20130122,2.791709357287356e-07,,,9.637825064507747e-07,
20130123,2.7469156794060473e-07,,,9.253677032689499e-07,
20130124,2.6984226743744694e-07,,,8.888013199474584e-07,
20130125,2.6935008391534425e-07,,,8.623183288175303e-07,
20130128,2.679356383341946e-07,,,8.406172116127034e-07,
20130129,2.6655629305262475e-07,,,8.225996187279913e-07,
20130130,2.6393060364197217e-07,,,7.97544467935495e-07,
20130131,2.644298693990936e-07,,,7.961133021981346e-07,
20130201,2.6653053485709223e-07,,,7.939558413950901e-07,
20130204,2.71389411479012e-07,,,8.023755477601156e-07,
20130205,2.741221315413664e-07,,,8.108460253231807e-07,
20130206,2.78904811983672e-07,,,8.21078285825606e-07,
20130207,2.8536096837317463e-07,,,8.300010152097807e-07,
20130208,2.9615258717094917e-07,,,8.521155481998492e-07,
20130218,3.0813579225702483e-07,,,9.265760237390155e-07,
20130219,3.190233447020265e-07,,,9.944000158250784e-07,
20130220,3.270939718419241e-07,,,1.0469351737384724e-06,
20130221,3.266772660817371e-07,,,1.0876866911571844e-06,
20130222,3.301508772243048e-07,,,1.1545258363515094e-06,
20130225,3.3407418535445784e-07,,,1.2029226767943577e-06,
20130226,3.384094930018345e-07,,,1.2479481413867078e-06,
20130227,3.4607447215050124e-07,,,1.273435395998182e-06,
20130228,3.4969150527202877e-07,,,1.2921392656246427e-06,
20130301,3.5165996021776574e-07,,,1.3002009675230952e-06,
20130304,3.472491085197821e-07,,,1.2851852240513058e-06,
20130305,3.426190407803014e-07,,,1.2696312160863642e-06,
20130306,3.389077150155895e-07,,,1.2561715740433157e-06,
20130307,3.3589435210044337e-07,,,1.2487926149866273e-06,
20130308,3.3253906846296496e-07,,,1.2397836717665868e-06,
20130311,3.3201629739767587e-07,,,1.243377843661057e-06,
20130312,3.334275568157321e-07,,,1.2436718634164378e-06,
20130313,3.323921774718222e-07,,,1.2464346531886659e-06,
20130314,3.3245350987201974e-07,,,1.2423897905452141e-06,
20130315,3.2474425394169005e-07,,,1.2317389498716161e-06,
20130318,3.2198513626283673e-07,,,1.229297972610787e-06,
20130319,3.2037260262078464e-07,,,1.2216621840059198e-06,
20130320,3.1700925549598083e-07,,,1.2138844426670705e-06,
20130321,3.1606506502502235e-07,,,1.2154295682911705e-06,
20130322,3.15078326586723e-07,,0.0,1.2294957825336574e-06,
20130325,3.1122687046827527e-07,,0.0,1.234622555234003e-06,
20130326,3.059218684153824e-07,,0.0,1.2405009850656875e-06,
20130327,2.992384808316651e-07,,0.0,1.2577222425204658e-06,
20130328,2.9481647888226075e-07,,0.0,1.2711233998455458e-06,
20130329,2.9178537184475526e-07,,0.0,1.276946066953712e-06,
20130401,2.8802412475397085e-07,,0.0,1.263859335105557e-06,
20130402,2.85124256201271e-07,,0.0,1.2349740477661178e-06,
20130403,2.82303649734976e-07,,0.0,1.2024799529905661e-06,
20130408,2.7752337799310005e-07,,0.0,1.1387514090154158e-06,
20130409,2.7123678358781875e-07,,0.0,1.069541256127978e-06,
20130410,2.652069762580272e-07,,0.0,1.016393969866535e-06,
20130411,2.5808332362508414e-07,,0.0,9.671714566696194e-07,
20130412,2.5329807831056457e-07,,0.0,9.189717180773662e-07,
20130415,2.4689194628574405e-07,,0.0,8.846416815329763e-07,
20130416,2.4635053366322834e-07,,0.0,8.52860656894048e-07,
20130417,2.424620550160922e-07,,0.0,8.154408921724383e-07,
20130418,2.3827113052301023e-07,,0.0,7.779943720060578e-07,
20130419,2.357760619956817e-07,,0.0,7.450059968973805e-07,
20130422,2.360531052046829e-07,,0.0,7.177931884815102e-07,
20130423,2.373444184395325e-07,,0.0,6.975725514509269e-07,
20130424,2.3821995909342928e-07,,0.0,6.752526134337389e-07,
20130425,2.384443688824027e-07,,0.0,6.580954086651949e-07,
20130426,2.381150389399773e-07,,0.0,6.436109264665517e-07,
20130502,2.3929285730110455e-07,,0.0,6.325616672387421e-07,
20130503,2.3771167350042874e-07,,0.0,6.235177947123447e-07,
20130506,2.391359957891891e-07,,0.0,6.182154362861237e-07,
20130507,2.4123825474373095e-07,,0.0,6.301198946787916e-07,
20130508,2.4297786928377866e-07,,0.0,6.366559906369665e-07,
20130509,2.4562800441765365e-07,,0.0,6.463669024864785e-07,
20130510,2.4688637494690394e-07,,6.183528822077604e-07,6.477538207870304e-07,
20130513,2.4633681680719917e-07,,1.0740110714991746e-06,6.473450454558579e-07,
20130514,2.4557473577632234e-07,,1.445603564611196e-06,6.432042112432055e-07,
20130515,2.451534644658759e-07,,1.719911095684764e-06,6.339834516908152e-07,
20130516,2.4713759406548357e-07,,2.009252349805268e-06,6.270830249543355e-07,
20130517,2.455722707752678e-07,,2.234371819195346e-06,6.152539246731974e-07,
20130520,2.4269116488087096e-07,,2.4126954335666126e-06,6.070259681021758e-07,
20130521,2.4016705556493124e-07,,2.555374478681549e-06,5.942293166973168e-07,
20130522,2.3793260277797832e-07,,2.6805305033670382e-06,5.858395118715242e-07,
20130523,2.3613660776342362e-07,,2.8141585007066507e-06,5.807216543463915e-07,
20130524,2.3603728938604646e-07,,2.936082333943257e-06,5.811462836016786e-07,
20130527,2.37008555758146e-07,,3.0678553872698803e-06,5.808276981494536e-07,
20130528,2.3720146957156056e-07,,3.174062013892201e-06,5.777214735414011e-07,
20130529,2.3858330564844854e-07,,3.282914118629392e-06,5.783482310155166e-07,
20130530,2.3807125604774335e-07,,3.3755352564660304e-06,5.742279424158653e-07,
20130531,2.396021484649882e-07,,3.477868629141913e-06,5.746850532162591e-07,
20130603,2.3927617601761903e-07,,3.573973552994097e-06,5.755951531413157e-07,
20130604,2.378904633864106e-07,,3.6565466405165286e-06,5.779140764737455e-07,
20130605,2.3728403438387354e-07,,3.750297921819495e-06,5.826395471546685e-07,
20130606,2.3679551641830231e-07,,3.7215468176304913e-06,5.77167314380177e-07,
20130607,2.3489006358420545e-07,,3.7024743637545103e-06,5.729185923210808e-07,
20130613,2.3221622792065488e-07,,3.7792722994673754e-06,5.726003182931293e-07,
20130614,2.2992829236348007e-07,,3.85241422556204e-06,5.725851075683581e-07,
20130617,2.2918372530760116e-07,,3.961855578680832e-06,5.840023837126354e-07,
20130618,2.2528258677975995e-07,,3.9776417685396664e-06,5.84373768510382e-07,
20130619,2.2502132399070146e-07,,4.035416929244724e-06,5.927904912785011e-07,
20130620,2.23325824424587e-07,,4.020426825018431e-06,5.915623975790263e-07,
20130621,2.2182189675243721e-07,,3.985497848228623e-06,5.90337432183627e-07,
20130624,2.181913994415634e-07,,3.925209209157486e-06,5.867674803813897e-07,
20130625,2.137486686357634e-07,,3.862616151735815e-06,5.803867393039721e-07,
20130626,2.1168454598423505e-07,,3.808382452255555e-06,5.740023568643795e-07,
20130627,2.144677254594865e-07,,3.7468686902365774e-06,5.683014992865335e-07,
20130628,2.1773845285174495e-07,,3.706564002242105e-06,5.640660109509548e-07,
20130701,2.2012411411005865e-07,,3.6400263281740734e-06,5.547162501513623e-07,
20130702,2.2305673375055967e-07,,3.5898006414190806e-06,5.48132128260811e-07,
20130703,2.246830698585353e-07,,3.535396720770169e-06,5.421754340532899e-07,
20130704,2.291834353971605e-07,,3.4709997725037863e-06,5.410364860570077e-07,
20130705,2.322327078902971e-07,,3.421765507631318e-06,5.408189942346772e-07,
20130708,2.3496865982704074e-07,,3.381094702157991e-06,5.429510586412365e-07,
20130709,2.404432036044443e-07,,3.4791104621736755e-06,5.652778142009713e-07,
20130710,2.4439451413751167e-07,,3.427566017142345e-06,5.806249399425253e-07,
20130711,2.444503340767748e-07,,3.3317418068161968e-06,5.839389479981526e-07,
20130712,2.4490896116950413e-07,,3.2512883754784004e-06,5.910192940079896e-07,
20130715,2.454126785068402e-07,,3.1691791788206057e-06,5.943676841661648e-07,
20130716,2.4696410970277123e-07,,3.0977515388923623e-06,5.962106552162335e-07,
20130717,2.4874561679608935e-07,,2.9882868020338924e-06,5.905513344526143e-07,
20130718,2.5033453102179216e-07,,2.9585073019701257e-06,6.049718666932583e-07,
20130719,2.5377624888460064e-07,,2.925730187323602e-06,6.175080471917953e-07,
20130722,2.713404014569474e-07,,2.9040715152356822e-06,6.390009524594707e-07,
20130723,2.818224868244495e-07,,2.8358955069312647e-06,6.453645831168055e-07,
20130724,2.98556276491041e-07,,2.7637839144843284e-06,6.586170761818896e-07,
20130725,3.2126218583920895e-07,,2.688836124167714e-06,6.724605071058373e-07,
20130726,3.4054175866924187e-07,,2.6305910040744104e-06,6.872683818106295e-07,
20130729,3.5007671090913714e-07,,2.601148034395944e-06,7.03851511665763e-07,
20130730,3.5845408234423326e-07,,2.5813892908476486e-06,7.181129444396312e-07,
20130731,3.8293834985354404e-07,,2.569863158151455e-06,7.40522667815559e-07,
20130801,3.9940470029729215e-07,,2.5558783481926676e-06,7.506703783691883e-07,
20130802,4.1019998455931354e-07,,2.5686968827990074e-06,7.655157753026382e-07,
20130805,4.179773362197799e-07,,2.588959578805807e-06,7.817019063966392e-07,
20130806,4.275723275063911e-07,,2.5783644680971958e-06,7.966532973374883e-07,
20130807,4.4503414007566253e-07,,2.6750518965001e-06,8.169777325187447e-07,
20130808,4.5040604789351613e-07,,2.6827432783452687e-06,8.335525812836969e-07,
20130809,4.51188889267961e-07,,2.691826035562501e-06,8.695502827643128e-07,
20130812,4.4264648437605056e-07,,2.6820571020619585e-06,8.840660868235975e-07,
20130813,4.353246698600585e-07,,2.678136297279486e-06,8.983147598257382e-07,
20130814,4.245937666590772e-07,,2.6760598756598322e-06,9.087839883759098e-07,
20130815,4.1520932076808846e-07,,2.665624790831649e-06,9.127186095624628e-07,
20130816,4.080567193873817e-07,,2.6231676812287676e-06,9.123190887567548e-07,
20130819,4.028755338018643e-07,,2.5749426534710436e-06,9.086979236678849e-07,
20130820,3.9850426817282384e-07,,2.518906709042316e-06,9.058070284484922e-07,
20130821,3.928726239141964e-07,,2.458482496351365e-06,9.006857072372477e-07,
20130822,3.893760192334875e-07,,2.4095263054209987e-06,8.939808855192939e-07,
20130823,3.869508169107752e-07,,2.3691273378463747e-06,8.834681603083881e-07,
20130826,3.9103210218415177e-07,,2.3599829340255656e-06,8.852507950250706e-07,
20130827,3.937347729346557e-07,,2.333202964800478e-06,8.894799993412893e-07,
20130828,3.8937448366620725e-07,,2.2212080981807432e-06,8.513443007131778e-07,
20130829,3.859617099164719e-07,,2.126410162087446e-06,8.196352102748137e-07,
20130830,3.844932568363214e-07,,2.045947205224558e-06,7.903384760073588e-07,
20130902,3.8457540093501305e-07,,1.9775612830655415e-06,7.683394264906519e-07,
20130903,3.8252577203195817e-07,,1.9173824483108208e-06,7.508864461180885e-07,
20130904,3.825910183727421e-07,,1.8646424112574365e-06,7.364518892503668e-07,
20130905,3.840545072786833e-07,,1.8406958751015232e-06,7.284630349983951e-07,
20130906,3.843448456681248e-07,,1.8235280131493966e-06,7.190242920184968e-07,
20130909,3.915318122688198e-07,,1.811244709557271e-06,7.194971006756255e-07,
20130910,4.0333467187449566e-07,,1.8171098265570048e-06,7.277638140795329e-07,
20130911,4.139504108331124e-07,,1.8123853982714452e-06,7.284658615122091e-07,
20130912,4.2527779903981205e-07,,1.7968422440377665e-06,7.275398275658097e-07,
20130913,4.2831117530975834e-07,,1.785873687308341e-06,7.26773344031503e-07,
20130916,4.3074660427565785e-07,,1.769508698689583e-06,7.300328155851296e-07,
20130917,4.3153701762794633e-07,,1.7596938884111925e-06,7.309409993975927e-07,
20130918,4.314314480601032e-07,,1.75411788191982e-06,7.339841325946679e-07,
20130923,4.289528389580689e-07,,1.7223794139713022e-06,7.267801125314849e-07,
20130924,4.4037694441089633e-07,,1.6903634394644332e-06,7.297345571574588e-07,
20130925,4.4294349080514984e-07,,1.6458198672656867e-06,7.240836010686567e-07,
20130926,4.458043169492741e-07,,1.6091065242979935e-06,7.141743511662832e-07,
20130927,4.577722606754524e-07,,1.6668668338777196e-06,7.693870647153342e-07,
20130930,4.706925315029812e-07,,1.7307028387296737e-06,8.297669638974605e-07,
20131008,4.818809110330114e-07,,1.773531017686454e-06,8.78450455083272e-07,
20131009,5.029383074491622e-07,,1.9061266116759242e-06,9.907876684680163e-07,
20131010,5.251072223117424e-07,,2.013501213686376e-06,1.1005953558094125e-06,
20131011,5.415401306088084e-07,,2.114599553124151e-06,1.1939803186202292e-06,
20131014,5.515162617865218e-07,,2.2054294727457006e-06,1.2456373297122473e-06,
20131015,5.56801316891456e-07,,2.2819132891099245e-06,1.2824535139670751e-06,
20131016,5.716149483117088e-07,,2.382093664354839e-06,1.323561767770361e-06,
20131017,5.861400454432485e-07,,2.468828590837154e-06,1.3665712033004504e-06,
20131018,5.916735901224698e-07,,2.5140866429209525e-06,1.3822370465912258e-06,0.0
20131021,5.944501585490898e-07,,2.588075395321231e-06,1.4126746198882356e-06,0.0
20131022,6.252033603134202e-07,,2.696428676622741e-06,1.4562460371740845e-06,0.0
20131023,6.536370841003181e-07,,2.7574714020950236e-06,1.4864847059788658e-06,0.0
20131024,6.827402319703699e-07,,2.821965471602983e-06,1.53637607475208e-06,0.0
20131025,7.247097234586214e-07,,2.9621677554175252e-06,1.6170035811964345e-06,0.0
20131028,7.702819111578638e-07,,3.099824070440427e-06,1.700833928497237e-06,0.0
20131029,8.152433743535838e-07,,3.2310638571037234e-06,1.7719073301363702e-06,0.0
20131030,8.37381305847756e-07,,3.331608826089353e-06,1.8242234319513322e-06,0.0
20131031,8.544035846710717e-07,,3.45566564900425e-06,1.8649005672322759e-06,0.0
20131101,8.68719772465298e-07,,3.597663645325885e-06,1.8977382548985934e-06,0.0
20131104,8.791482254083343e-07,,3.7042288133477674e-06,1.935301853064477e-06,0.0
20131105,8.821248996458825e-07,,3.7737764507197964e-06,1.9686752552747076e-06,0.0
20131106,8.823298702030366e-07,,3.83359660931028e-06,1.995813671716828e-06,0.0
20131107,8.743456002250653e-07,,3.869050975390019e-06,2.018213300984682e-06,0.0
20131108,8.671542625960535e-07,,3.86504546939741e-06,2.0288852834439328e-06,0.0
20131111,8.639481734037711e-07,,3.994505050602321e-06,2.0916245403417398e-06,0.0
20131112,8.571319064504938e-07,,4.081279712050145e-06,2.1306691651739425e-06,0.0
20131113,8.648749224385095e-07,,4.1483049063297384e-06,2.159591750196897e-06,0.0
20131114,8.659370117967783e-07,,4.191286434543031e-06,2.1820916418505552e-06,0.0
20131115,8.579013185466134e-07,,4.208027220129547e-06,2.1941872924088134e-06,0.0
20131118,8.466932152342416e-07,,4.2810180174952125e-06,2.2214909501007065e-06,0.0
20131119,8.300199562748157e-07,,4.353222983291219e-06,2.2241613072734554e-06,0.0
20131120,8.163563018801639e-07,,4.366824549230734e-06,2.2255683770872773e-06,0.0
20131121,8.03244166833221e-07,,4.43243356705203e-06,2.2525510574804223e-06,0.0
20131122,7.997403227426827e-07,,4.490181061429119e-06,2.2974514726872103e-06,0.0
20131125,7.919322962825061e-07,,4.4903813947378626e-06,2.3080173765710596e-06,0.0
20131126,7.81115677607455e-07,,4.499442383816183e-06,2.309345145084626e-06,0.0
20131127,7.697979174883552e-07,,4.459008891274159e-06,2.3128881749112156e-06,0.0
20131128,7.594668032115657e-07,,4.46525875677726e-06,2.3213616535525078e-06,0.0
20131129,7.571344320886561e-07,,4.476006625674897e-06,2.363793496638672e-06,2.456492343523836e-06
20131202,7.548517510239986e-07,,4.454956233697356e-06,2.3971672907001937e-06,4.623703933004726e-06
20131203,7.477922895389886e-07,,4.398616708387623e-06,2.4012507980394046e-06,6.220222130983738e-06
20131204,7.379791627919689e-07,,4.308033272369286e-06,2.405383991106558e-06,7.23649586791375e-06
20131205,7.279954106652898e-07,,4.191300814703961e-06,2.3318799395813935e-06,8.039115631478707e-06
20131206,6.983342109579479e-07,,4.100282610411598e-06,2.2620988400370665e-06,8.750749557847527e-06
20131209,6.753670623233494e-07,,4.031378351997772e-06,2.173834033982995e-06,9.472318588885054e-06
20131210,6.508040839519428e-07,,3.961717670329582e-06,2.1144920062692907e-06,1.0210115067481844e-05
20131211,6.293538970571986e-07,,3.917898746854376e-06,2.05773521684179e-06,1.087453654559559e-05
20131212,6.171925807095906e-07,,3.7950806621101323e-06,2.0015562850487427e-06,1.1565945261884553e-05
20131213,5.947192400844907e-07,,3.5966868034914243e-06,1.8599802277187218e-06,1.1895058201592577e-05
20131216,5.756917424114921e-07,,3.4304795195360833e-06,1.7329810226609287e-06,1.2187469867786044e-05
20131217,5.641884221034791e-07,,3.3107529164090665e-06,1.6486699980586943e-06,1.2804161322746526e-05
20131218,5.53182682099966e-07,,3.2482310117004e-06,1.5746898920866785e-06,1.3330278197777028e-05
20131219,5.473799042013909e-07,,3.234995592808478e-06,1.5201436157155516e-06,1.3919146123829518e-05
20131220,5.398121524391011e-07,,3.1854585928539837e-06,1.4684190703049447e-06,1.4393984359491848e-05
20131223,5.383888460961341e-07,,3.146904038515247e-06,1.4350376901066092e-06,1.4644650666711214e-05
20131224,5.445914566789559e-07,,3.1050506587378276e-06,1.4070665921271682e-06,1.492053717968421e-05
20131225,5.474189023626956e-07,,3.0838706892468937e-06,1.3850072781270242e-06,1.5177913648810896e-05
20131226,5.492290698423832e-07,,3.0795278615013784e-06,1.3771434580735741e-06,1.5362538846809752e-05
20131227,5.469087255037752e-07,,3.0730918789120773e-06,1.3577845475166254e-06,1.530482153801158e-05
20131230,5.506033419368053e-07,,3.120982021364324e-06,1.3604047051820146e-06,1.5245662212090145e-05
20131231,5.512491316633434e-07,,3.1230265672189406e-06,1.3403380958069557e-06,1.5084408182120055e-05
20140102,5.499716616286591e-07,,3.1791081124426844e-06,1.3394627035478492e-06,1.531943991173548e-05
20140103,5.441811019588993e-07,,3.2244640529478195e-06,1.3427857758130238e-06,1.535264251555736e-05
20140106,5.455150759034411e-07,,3.254411386433163e-06,1.3505733332449594e-06,1.536449309392259e-05
20140107,5.480223267138873e-07,,3.2316430082596425e-06,1.3608768627418896e-06,1.5375477168230402e-05
20140108,5.471053518904818e-07,,3.246935108811959e-06,1.3642676407651502e-06,1.531933826789153e-05
20140109,5.527874423222563e-07,,3.2572134112559212e-06,1.3574394289117374e-06,1.517109412128485e-05
20140110,5.478571999777306e-07,,3.2504691069310764e-06,1.3420143412705142e-06,1.4983381862322203e-05
20140113,5.561726681609131e-07,,3.328503473349211e-06,1.3770437664599144e-06,1.5114978683677554e-05
20140114,5.57182085900848e-07,,3.377089522521952e-06,1.3821097220908174e-06,1.5082126211332029e-05
20140115,5.558740832996313e-07,,3.4218385383869342e-06,1.3871727774858618e-06,1.5056500452723502e-05
20140116,5.571322800051436e-07,,3.4450940170524238e-06,1.3910375437918905e-06,1.491737714803681e-05
20140117,5.572905120019251e-07,,3.4746174440928055e-06,1.389603924666436e-06,1.4734800902343777e-05
20140120,5.594840353640691e-07,,3.403775722492165e-06,1.3905224430102718e-06,1.43859027384493e-05
20140121,5.602290768399727e-07,,3.33308156786377e-06,1.3977861889454352e-06,1.39635966753168e-05
20140122,5.623058910081283e-07,,3.2710976848421095e-06,1.4117671844454616e-06,1.3567466549572978e-05
20140123,5.600540271523339e-07,,3.1966648506448216e-06,1.4113140529217013e-06,1.2674175918089853e-05
20140124,5.578982718078204e-07,,3.126497455435416e-06,1.4003147812383124e-06,1.1846047396603035e-05
20140127,5.558474538814527e-07,,3.0807607547234377e-06,1.384387382583926e-06,1.117470554704516e-05
20140128,5.618331746240971e-07,,3.0456981826492413e-06,1.3942253197058459e-06,1.0642632622402145e-05
20140129,5.675479918695015e-07,,3.025411159707592e-06,1.4164309599010725e-06,1.00671685138079e-05
20140130,5.773529731254826e-07,,3.0150592084739657e-06,1.4350206471344596e-06,9.591648266609876e-06
20140207,5.962951497285654e-07,,3.0429073564636448e-06,1.4826815157859278e-06,9.215776606392422e-06
20140210,6.096675128361838e-07,,3.0230228315858906e-06,1.5077129796576581e-06,8.886333454590908e-06
20140211,6.291972975436616e-07,,3.0395702446326224e-06,1.5215400295429422e-06,8.617372320395364e-06
20140212,6.427562630962268e-07,,3.0448969958299835e-06,1.5287800588129525e-06,8.37963885602621e-06
20140213,6.505086889535742e-07,,3.064627153297196e-06,1.571413454032934e-06,8.157375296488768e-06
20140214,6.666311332215909e-07,,3.0912337538063716e-06,1.6125122461307497e-06,7.967904766445087e-06
20140217,6.783818792903916e-07,,3.0738395041014985e-06,1.6085078705828024e-06,7.76956275231959e-06
20140218,6.901519532255082e-07,,3.0545898048733983e-06,1.6092716421521178e-06,7.644666679915952e-06
20140219,7.010413243002733e-07,,3.0243237843718516e-06,1.6000886323837673e-06,7.578886754231108e-06
20140220,7.079183676739745e-07,,3.0156674607118553e-06,1.5967800714370382e-06,7.55832397817705e-06
20140221,7.067490542071799e-07,,2.987514798741638e-06,1.5803520393643727e-06,7.531709665368137e-06
20140224,6.972800373096379e-07,,3.0338226426901826e-06,1.548690016661336e-06,7.388181075935794e-06
20140225,6.907523209070619e-07,,3.0600017517599754e-06,1.521039196507473e-06,7.3069981966917094e-06
20140226,6.876496848062821e-07,,3.083591971160803e-06,1.4988552197028792e-06,7.260672544361963e-06
20140227,6.930049024744006e-07,,3.110097156933224e-06,1.4721715084983974e-06,7.4847900089083455e-06
20140228,7.006386646350967e-07,,3.1332403082020762e-06,1.4575577790850077e-06,7.735826190152123e-06
20140303,7.022140818518471e-07,,3.1632518352380435e-06,1.4490378642144886e-06,7.987969565512844e-06
20140304,7.058195780879884e-07,,3.2148767142180995e-06,1.4463410043848025e-06,8.146371127271272e-06
20140305,7.088325601320507e-07,,3.259468483764437e-06,1.4502485585193492e-06,8.327570144946178e-06
20140306,7.112641311909308e-07,,3.269945434247646e-06,1.4610081006772052e-06,8.470522912296897e-06
20140307,7.117296872665177e-07,,3.2316092129741663e-06,1.4578597531858014e-06,8.503619106564217e-06
20140310,6.917761707771134e-07,,3.2543409374811787e-06,1.4988004170443158e-06,8.252978381514478e-06
20140311,6.708727514123347e-07,,3.2834269914384987e-06,1.5333307190667324e-06,7.94114995018333e-06
20140312,6.519152827425524e-07,,3.3067112600767423e-06,1.5457293968443004e-06,7.676469231338923e-06
20140313,6.312465342554827e-07,,3.3040991225406063e-06,1.5470247875290773e-06,7.368138974660522e-06
20140314,6.146968646512651e-07,,3.307210382055594e-06,1.5469502134192848e-06,7.136341570276286e-06
20140317,6.068652819247906e-07,,3.356943524217978e-06,1.585333667640206e-06,6.931980047512225e-06
20140318,5.930284138663186e-07,,3.333464550564835e-06,1.588408029675742e-06,6.707685377005559e-06
20140319,5.798528523569569e-07,,3.3092950194388038e-06,1.5898507761961925e-06,6.458342914590329e-06
20140320,5.674585014684386e-07,,3.258573479998107e-06,1.5917506988579415e-06,6.227887849514891e-06
20140321,5.500688478590774e-07,0.0,3.173835345456689e-06,1.5671258865455357e-06,5.977291972241887e-06
20140324,5.403546345049412e-07,0.0,3.0968824084324858e-06,1.5696686271478886e-06,5.8092049496786626e-06
20140325,5.18091947957069e-07,0.0,2.940929347492725e-06,1.5401664212182994e-06,5.5892655679563325e-06
20140326,5.002120545648255e-07,0.0,2.8062180024510986e-06,1.5190563092432344e-06,5.383044877126461e-06
20140327,4.870903523103558e-07,0.0,2.690127877293409e-06,1.499401009394404e-06,5.2119329974670465e-06
20140328,4.735277241273287e-07,0.0,2.561360419737263e-06,1.4734719295597588e-06,4.97504029148676e-06
20140331,4.585647437443569e-07,0.0,2.44399469450924e-06,1.44081230780898e-06,4.741909924862937e-06
20140401,4.427165992022337e-07,0.0,2.3306448604979222e-06,1.4066221543454659e-06,4.496139687391354e-06
20140402,4.297533951724872e-07,0.0,2.2366799794327208e-06,1.3767759130316247e-06,4.256441820512733e-06
20140403,4.1516337557728544e-07,0.0,2.122846920999009e-06,1.345341222883426e-06,3.993277620293822e-06
20140404,4.0651223419750803e-07,0.0,2.0499476944247676e-06,1.3438413089462134e-06,3.8141727795496353e-06
20140408,4.2145478828869314e-07,0.0,1.979626926266882e-06,1.3386988232199902e-06,3.754835481301891e-06
20140409,4.2862608865087975e-07,0.0,1.921535858436619e-06,1.3386976767862844e-06,3.685334418893931e-06
20140410,4.3272511984180105e-07,0.0,1.861159628434354e-06,1.3467605321476183e-06,3.596826404568029e-06
20140411,4.330514981579927e-07,0.0,1.8059879251733877e-06,1.3550883556913252e-06,3.5020564759597282e-06
20140414,4.305021193641125e-07,0.0,1.7672898036668146e-06,1.364742343700814e-06,3.3312863129320036e-06
20140415,4.3286395730620943e-07,0.0,1.7254509030004402e-06,1.3694156395584114e-06,3.153707205733853e-06
20140416,4.302256186792432e-07,0.0,1.679810665995503e-06,1.3628802526130412e-06,2.975915203783834e-06
20140417,4.2705606945770325e-07,0.0,1.6452973007066473e-06,1.3634149500890504e-06,2.8291894036263145e-06
20140418,4.124751891175636e-07,0.0,1.5919391390478321e-06,1.3250661771486135e-06,2.651232324062512e-06
20140421,3.98185584407336e-07,0.0,1.5263618888245202e-06,1.2927550405779273e-06,2.4346447834200774e-06
20140422,3.738333739887858e-07,0.0,1.4251985873147451e-06,1.2224193940156752e-06,2.1561147275781116e-06
20140423,3.625430274988946e-07,0.0,1.3515788829626478e-06,1.179026862721933e-06,1.928693094666328e-06
20140424,3.533206805625865e-07,0.0,1.2838941935313231e-06,1.1422622380949074e-06,1.7460734890364743e-06
20140425,3.438468626856986e-07,0.0,1.2263978621011075e-06,1.110242183904429e-06,1.5881956478113969e-06
20140428,3.377531935838555e-07,0.0,1.1818668008428015e-06,1.088298477281292e-06,1.4530418276588185e-06
20140429,3.3192713644890467e-07,0.0,1.1474708479586097e-06,1.069883517722757e-06,1.3440509121905837e-06
20140430,3.287549911942723e-07,0.0,1.11800293847174e-06,1.0596574841826295e-06,1.258542711862468e-06
20140505,3.2704834908788777e-07,0.0,1.0939057344701093e-06,1.0515163122272165e-06,1.2003435807205274e-06
20140506,3.273243246666139e-07,0.0,1.0766621382842292e-06,1.0502986712081074e-06,1.1646454545583903e-06
20140507,3.317656023126999e-07,7.570092982310671e-06,1.0713838503457174e-06,1.0567586559934723e-06,1.142949957160076e-06
20140508,3.424672640777845e-07,1.4996335631228864e-05,1.0728471050715036e-06,1.065010329465082e-06,1.1424797075572056e-06
20140509,3.495648588475234e-07,2.124184338596018e-05,1.0552708160516522e-06,1.054245510083915e-06,1.1329400972204647e-06
20140512,3.5361953277943936e-07,2.647518508089264e-05,1.0328155031234378e-06,1.0391735686009269e-06,1.1240184034041979e-06
20140513,3.5902382808880644e-07,3.109109047525359e-05,1.0176154916479804e-06,1.0320613596737384e-06,1.116785941812526e-06
20140514,3.6004407186801214e-07,3.48154475049195e-05,9.948655693540483e-07,1.02115142926195e-06,1.0980097356165785e-06
20140515,3.62515039926721e-07,3.917431653269881e-05,9.883917293157304e-07,1.0262340079518268e-06,1.0810190110444482e-06
20140516,3.671408828713355e-07,4.337535958734225e-05,9.8805921004839e-07,1.0291013852141904e-06,1.0665808631215139e-06
20140519,3.7050071027187976e-07,4.689259418778983e-05,9.841132371350476e-07,1.0291183924241418e-06,1.0499075752700385e-06
20140520,3.8698268996560655e-07,5.187511400942008e-05,1.0132270329656272e-06,1.0719332903947291e-06,1.0375748038701008e-06
20140521,3.9611980710816946e-07,5.612248550332421e-05,1.0308831960662153e-06,1.0992789854810242e-06,1.0222600519925627e-06
20140522,4.000143081481289e-07,5.987858394955726e-05,1.0395733481110016e-06,1.122797575404097e-06,1.0003092257358866e-06
20140523,4.027283774280207e-07,6.409582701708179e-05,1.0471900887721192e-06,1.1306621320348769e-06,9.875878272695548e-07
20140526,3.950840103645615e-07,6.711199859985134e-05,1.0359286931789267e-06,1.108756178040667e-06,9.743102283932134e-07
20140527,3.881000882975252e-07,6.93740426012174e-05,1.0239630914230702e-06,1.0888047949379254e-06,9.63518139194442e-07
20140528,3.9031787035964063e-07,7.3445670996752e-05,1.0192384654014784e-06,1.0831226144203443e-06,9.875910554689752e-07
20140529,3.953660205577191e-07,7.777255765903038e-05,1.0121834512485206e-06,1.0726510238678505e-06,1.0132598926378174e-06
20140530,3.938264802757951e-07,8.005102132648279e-05,1.0058302589138338e-06,1.0675464735352146e-06,1.0179795880535294e-06
20140603,3.9278679799490106e-07,8.178963621965389e-05,1.0095882260315618e-06,1.0636714721049952e-06,1.0240027999649575e-06
20140604,3.8651041748128355e-07,8.312759391946831e-05,9.981199496511463e-07,1.0472461080420887e-06,1.022715630992623e-06
20140605,3.8117738581229657e-07,8.3824822862267e-05,9.864617572289736e-07,1.0316766690633665e-06,1.0337288088815303e-06
20140606,3.7659226827465084e-07,8.505373945435242e-05,9.74287237828996e-07,1.0126000549217578e-06,1.0472353405661087e-06
20140609,3.726055115289476e-07,8.593085053401668e-05,9.642319914275949e-07,1.0006999224863817e-06,1.0510930536774837e-06
20140610,3.7037685728384523e-07,8.702757919891431e-05,9.76014083159915e-07,1.0048295499672896e-06,1.0551163439213348e-06
20140611,3.713096985482604e-07,8.800070556850547e-05,9.911138047606504e-07,1.0187887346093852e-06,1.062482830752679e-06
20140612,3.677721037902156e-07,8.829649089702825e-05,1.0041282214809523e-06,1.0268068541934997e-06,1.052733978370947e-06
20140613,3.638795919496571e-07,8.818774281873874e-05,1.0185242405068812e-06,1.037365024424972e-06,1.0352629631391968e-06
20140616,3.630960414173949e-07,8.82852353070138e-05,1.0329143869421653e-06,1.0678276743112223e-06,1.036307463193275e-06
20140617,3.6151756347362136e-07,8.845571889405619e-05,1.0348632905538959e-06,1.0888829609906852e-06,1.0345100938431723e-06
20140618,3.598416234955704e-07,8.768538970963403e-05,1.0408095835331638e-06,1.1088716114390442e-06,1.0330797277904748e-06
20140619,3.556620599476642e-07,8.682811149613672e-05,1.0542815502146324e-06,1.1313778986933892e-06,1.0241791190868379e-06
20140620,3.498607583127143e-07,8.572461512279272e-05,1.0713269902529144e-06,1.1511571145766003e-06,1.0022425857380246e-06
20140623,3.442228258950757e-07,8.495584854924476e-05,1.0856763969152902e-06,1.1670004349511105e-06,9.838383177975914e-07
20140624,3.494288986938623e-07,8.668808205133729e-05,1.1465694136434472e-06,1.2468343073105478e-06,9.87038164381428e-07
20140625,3.508642984934018e-07,8.818426761604602e-05,1.1921958510559695e-06,1.3031959594001493e-06,9.922693444772929e-07
20140626,3.5331440221194476e-07,8.97095364398466e-05,1.2504272687498532e-06,1.3806439015320698e-06,9.896431813646727e-07
20140627,3.5275231351220676e-07,9.003277089622185e-05,1.2885639495902607e-06,1.4291394968058342e-06,9.924207003846943e-07
20140630,3.6207356578672407e-07,9.340188301831474e-05,1.3197939133534352e-06,1.4466718352397184e-06,1.0096112744998816e-06
20140701,3.6970601250707175e-07,9.644364766391585e-05,1.351710763097664e-06,1.4626578970531226e-06,1.0230264589077492e-06
20140702,3.7543531073153075e-07,9.923723709357367e-05,1.4018291560191634e-06,1.471717052492689e-06,1.0306224025612503e-06
20140703,3.810529706667447e-07,0.00010081291999812117,1.487297106211649e-06,1.5223703845412898e-06,1.0326722600725092e-06
20140704,3.8632289979721514e-07,0.00010211258696857001,1.5548091745970123e-06,1.5678956560797803e-06,1.0308659244839965e-06
20140707,3.9228695096896337e-07,0.0001043718131951902,1.615816244373918e-06,1.6041409286136168e-06,1.0242874757680891e-06
20140708,3.9181879455275135e-07,0.00010416070766184219,1.6433298927856752e-06,1.606344194020176e-06,1.0129505576737037e-06
20140709,3.945357303302003e-07,0.00010439255695026141,1.6764005123118738e-06,1.6314759734245246e-06,1.0000113215074789e-06
20140710,3.9587967928857584e-07,0.00010342026876192798,1.7123825564730647e-06,1.6591885803351805e-06,9.912009005607e-07
20140711,3.9716512107473995e-07,0.00010287074547819389,1.7495502393789252e-06,1.6921657314485103e-06,9.847747367910194e-07
20140714,3.982737626332442e-07,0.0001026814488681948,1.8047542864551644e-06,1.7234032096597366e-06,9.712351270562798e-07
20140715,3.995895713764208e-07,0.00010244099969406723,1.8790911842600297e-06,1.7710525610984797e-06,9.60462441722884e-07
20140716,4.0214801721299257e-07,0.0001031642266770751,1.9453358993660937e-06,1.8322573491605921e-06,9.451184981960053e-07
20140717,4.0436066577396575e-07,0.00010378205722553691,2.0005336661148243e-06,1.8850647729235116e-06,9.371492036967799e-07
20140718,3.966666832781935e-07,0.00010120855885835079,2.100977141302475e-06,1.9966646469086103e-06,9.291640897699629e-07
20140721,3.9183837861209596e-07,9.947318671036805e-05,2.215258837137205e-06,2.077193344568381e-06,9.306121061982718e-07
20140722,3.879438492945573e-07,9.826697500430906e-05,2.3162614122813703e-06,2.1513806578662236e-06,9.305165950009397e-07
20140723,3.835725793108947e-07,9.746431725142637e-05,2.415949852432327e-06,2.173650517958024e-06,9.308106513847096e-07
20140724,3.8288132728954555e-07,9.885644589744155e-05,2.517008465260199e-06,2.2462843092185355e-06,9.519220671901185e-07
20140725,3.850852845180921e-07,0.00010064748461925109,2.591150867477396e-06,2.334138880474818e-06,9.750163378164077e-07
20140728,3.828612067139073e-07,0.00010247465427397061,2.6079269150533097e-06,2.38440643471675e-06,9.980822364715286e-07
20140729,3.788923532165548e-07,0.00010389624238378004,2.612138445582321e-06,2.390608333148447e-06,1.0169617933375985e-06
20140730,3.7699893245678575e-07,0.00010644834809185515,2.640142303253256e-06,2.4038024071838503e-06,1.0514530694711463e-06
20140731,3.764248326848441e-07,0.00010924219204549835,2.6692129406241215e-06,2.4140489910900684e-06,1.0821653564311337e-06
20140801,3.7281763833144027e-07,0.00011157205983015135,2.728057972536048e-06,2.413628038732976e-06,1.1031508902733827e-06
20140804,3.661871130870275e-07,0.00011326132313718925,2.686939521711719e-06,2.360564430492569e-06,1.111344073558715e-06
20140805,3.6197216334625957e-07,0.00011429636145264016,2.6695301642476857e-06,2.3157188381996334e-06,1.1174742120619017e-06
20140806,3.5754998797135523e-07,0.00011518919789900703,2.6653015429242383e-06,2.2809723176600743e-06,1.135130305774366e-06
20140807,3.5138838835937903e-07,0.0001168180689292123,2.655781415207439e-06,2.2385746171314504e-06,1.1380610785329277e-06
20140808,3.4396643491778557e-07,0.00011736163456196118,2.660559424730553e-06,2.208794977485772e-06,1.137857746990885e-06
20140811,3.3799251264811047e-07,0.00011818853812571879,2.647666499873274e-06,2.1691850276832823e-06,1.1284856645414253e-06
20140812,3.319351828239191e-07,0.00011896670074688264,2.6367777163727673e-06,2.149012134989585e-06,1.1195815776396175e-06
20140813,3.242847750280756e-07,0.00012046794599024271,2.6192826258700198e-06,2.1376774058277477e-06,1.1072017671559685e-06
20140814,3.175850535329322e-07,0.00012231834070467655,2.53270521622451e-06,2.0698802913348707e-06,1.1003728065070044e-06
20140815,3.2781537350664506e-07,0.00013042480961798363,2.409738486974582e-06,1.9859679168256502e-06,1.1453372926598239e-06
20140818,3.352549976709539e-07,0.0001374502448586605,2.3115918584867643e-06,1.928585455480799e-06,1.1673121996615841e-06
20140819,3.3755867086207446e-07,0.00014475448588175167,2.220836748471645e-06,1.882677411366952e-06,1.1815745267289948e-06
20140820,3.369652137146874e-07,0.00015105986463854565,2.1408872034007948e-06,1.862405702542606e-06,1.184314880080455e-06
20140821,3.356795697849554e-07,0.00015647669494560989,2.0708082027353957e-06,1.8419203734673318e-06,1.1899417957585804e-06
20140822,3.34413585273552e-07,0.00015830806299141305,2.003275330107207e-06,1.8130603456919322e-06,1.1979484360032905e-06
20140825,3.376313528386743e-07,0.00016070155061900844,1.9591582383776875e-06,1.8007373545599427e-06,1.2238651749516567e-06
20140826,3.477690869370104e-07,0.00016500356130033053,1.919031309988693e-06,1.7967766638464932e-06,1.2491456611931843e-06
20140827,3.603764927863729e-07,0.00016836390411877324,1.874234438353531e-06,1.77997349293754e-06,1.27636101144673e-06
20140828,3.674696362240953e-07,0.00017185785692757583,1.839645741800322e-06,1.7584285364509444e-06,1.2881584292364961e-06
20140829,3.6392802080881235e-07,0.00017212633502437276,1.7874467209995326e-06,1.7443180653904752e-06,1.2755741031489176e-06
20140901,3.8175554658072927e-07,0.00017222700087928927,1.7453314282067683e-06,1.7617829132476199e-06,1.2974144978316005e-06
20140902,3.964120169749952e-07,0.00017371825400885698,1.704526460406751e-06,1.7520707752426772e-06,1.304825164415511e-06
20140903,3.9217525899927903e-07,0.0001764538675114103,1.665945815151529e-06,1.7341780860193975e-06,1.2817389602054513e-06
20140904,3.9038625787384145e-07,0.00017852764791473154,1.6375954379189298e-06,1.719438213087894e-06,1.257367767347384e-06
20140905,3.8596339259755884e-07,0.00017993573503232224,1.61150102221073e-06,1.7115429786589729e-06,1.2354961371884677e-06
20140909,3.702476107091644e-07,0.00017654281466308904,1.588597897705006e-06,1.703732706652874e-06,1.2043250512724335e-06
20140910,3.535622006758082e-07,0.0001726545037225036,1.5686258060493957e-06,1.6953881947937428e-06,1.171602780416824e-06
20140911,3.3758456105155176e-07,0.00016820494561620226,1.5542179461839783e-06,1.6862326235199566e-06,1.1396604219536248e-06
20140912,3.208742068557291e-07,0.00016299732064996858,1.5962457020543323e-06,1.7275069654041706e-06,1.1110984210828963e-06
20140915,3.053121958142763e-07,0.00015852397520997678,1.718900199926521e-06,1.7697058105947074e-06,1.0927602786083948e-06
20140916,2.9021223604455675e-07,0.00015446835725027602,1.7900946635387054e-06,1.7981693791483258e-06,1.0746154882044965e-06
20140917,2.7766239714401416e-07,0.00015100737716345562,1.862559086958062e-06,1.833179700462372e-06,1.0614691911867946e-06
20140918,2.686712332481264e-07,0.00014804290802193992,1.950138010102839e-06,1.8782492333759514e-06,1.055332307990009e-06
20140919,2.605111410822794e-07,0.00014533729785758332,2.0288662898829397e-06,1.91908772720319e-06,1.052032824797362e-06
20140922,2.496662309665085e-07,0.00014115031356902092,2.0694821687624855e-06,1.924518122387227e-06,1.0409566940119212e-06
20140923,2.391155905287866e-07,0.00013698125072394952,2.0869816337157406e-06,1.9220713743528344e-06,1.028124281998697e-06
20140924,2.3054655062243937e-07,0.00013264916902020336,2.090320058192955e-06,1.912856162913046e-06,1.015296452655777e-06
20140925,2.2192461947814808e-07,0.0001285671012292607,2.0949623675022916e-06,1.912219064274147e-06,1.0065162797506115e-06
20140926,2.1153055795020246e-07,0.00012350770848158034,2.0777097495157437e-06,1.8954693986983889e-06,9.892201850722765e-07
20140929,2.030422603167857e-07,0.00011975341560392503,2.0448400723321898e-06,1.882962504404776e-06,9.628468730902732e-07
20140930,1.947708012311956e-07,0.0001160789816402871,2.009021897518073e-06,1.872085694719395e-06,9.364740392379289e-07
20141008,1.8848310503891544e-07,0.00011240700733384304,1.9942353744187347e-06,1.9005949288794121e-06,9.200968932346575e-07
20141009,1.8207943179137658e-07,0.00010794685829967938,1.8956028486264008e-06,1.88446338715153e-06,9.083596188113588e-07
20141010,1.7637453781335108e-07,0.0001037586671057149,1.8162449094886946e-06,1.873876897370901e-06,9.02151270757281e-07
20141013,1.700012930042272e-07,9.688745195929351e-05,1.7506449539033163e-06,1.8582558084988483e-06,8.983370429827876e-07
20141014,1.6558981607793318e-07,9.154707583405476e-05,1.7041892051492161e-06,1.86538405343699e-06,8.959875153151364e-07
20141015,1.6187954120946428e-07,8.678849346515837e-05,1.6591912127177986e-06,1.8653416836733313e-06,8.927812035022627e-07
20141016,1.5810818379424827e-07,8.30685054025743e-05,1.623424626851667e-06,1.8673533103816253e-06,8.826072643421323e-07
20141017,1.548213811977408e-07,7.879055539621307e-05,1.60011735063445e-06,1.8658481110957813e-06,8.732463769503003e-07
20141020,1.5264841705376897e-07,7.505817020220777e-05,1.5952883061537019e-06,1.882956568207857e-06,8.680283898333638e-07
20141021,1.503643009332722e-07,7.215253736957436e-05,1.6036310833212802e-06,1.8936347960037822e-06,8.615455447020706e-07
20141022,1.4921628915110096e-07,6.974950668285533e-05,1.6089068615515362e-06,1.8950980561088372e-06,8.53394303315839e-07
20141023,1.4694845889375832e-07,6.78838185708458e-05,1.6039504881064748e-06,1.8924151934044043e-06,8.406323162854649e-07
20141024,1.4562687993596685e-07,6.639761166221339e-05,1.6103902850434376e-06,1.8957708872902747e-06,8.319502195126845e-07
20141027,1.4830900050911697e-07,6.703493025235529e-05,1.644219211417777e-06,1.9417338830210655e-06,8.373179160946429e-07
20141028,1.4810079483164504e-07,6.692730690460595e-05,1.6712864511954534e-06,1.9859705425798993e-06,8.466050545136824e-07
20141029,1.4803740494523549e-07,6.697487392893352e-05,1.6918754297668771e-06,2.023054218670401e-06,8.569003613901553e-07
20141030,1.4991064836934686e-07,6.719802709881244e-05,1.7236528778098827e-06,2.0676281827528635e-06,8.685640660853291e-07
20141031,1.5153712198747506e-07,6.75217109581175e-05,1.733209437684402e-06,2.101582980543718e-06,8.784801671757163e-07
20141103,1.5493049487888897e-07,6.816529395440573e-05,1.7234512835483044e-06,2.12155707775253e-06,9.082552141858227e-07
20141104,1.5674466132170593e-07,6.835430810803755e-05,1.7275905586184853e-06,2.128325830344672e-06,9.387470000317061e-07
20141105,1.574934337055748e-07,6.93689299635651e-05,1.7169163264747045e-06,2.130973607896488e-06,9.641115962862172e-07
20141106,1.5775320481703617e-07,7.059510511390576e-05,1.9269475410255703e-06,2.2333562844100485e-06,1.001581305442e-06
20141107,1.5696210867831065e-07,7.160096714233752e-05,2.075048008131645e-06,2.3237575869985195e-06,1.0209321671443134e-06
20141110,1.6179837253235635e-07,7.647023100667061e-05,2.2277529669379026e-06,2.4685192383464287e-06,1.05132709582423e-06
20141111,1.6612050519162576e-07,8.115998896310946e-05,2.3475096925623236e-06,2.6119517300977613e-06,1.0831866617283017e-06
20141112,1.6983122367645626e-07,8.446279844181804e-05,2.477013595339995e-06,2.746665177146264e-06,1.1152352457007313e-06
20141113,1.7105314675748e-07,8.861196197305972e-05,2.5886328698280253e-06,2.878832971161207e-06,1.162244310783614e-06
20141114,1.710411570629938e-07,9.144979257805775e-05,2.724722949003e-06,3.018613338444333e-06,1.1950586669665743e-06
20141117,1.6937043529584815e-07,9.515825235083198e-05,2.8366940054783306e-06,3.139798732277178e-06,1.241255436699521e-06
20141118,1.6499992745218182e-07,9.789709613159398e-05,2.88360087930003e-06,3.2894993237236027e-06,1.2138292860917282e-06
20141119,1.6230416631494267e-07,9.869573574534888e-05,2.938873427288498e-06,3.3884093875532373e-06,1.1795543925580188e-06
20141120,1.5880202117230936e-07,0.00010114476992070203,2.9728356795447867e-06,3.4975689912417657e-06,1.1397513417337292e-06
20141121,1.5564454570647384e-07,0.00010375005969907766,3.0276758487871226e-06,3.789254531161364e-06,1.1034468172508448e-06
20141124,1.4979016527217727e-07,0.00010478260069537635,3.1286227492478815e-06,4.078595135743544e-06,1.060551966631953e-06
20141125,1.4437225881788697e-07,0.00010602958617074283,3.218906908597138e-06,4.309564323119405e-06,1.02408876465652e-06
20141126,1.4192933387226692e-07,0.00010749581414777445,3.297727302090511e-06,4.522964645054312e-06,9.941001640054876e-07
20141127,1.3523272113985845e-07,0.00010170324466488858,3.339186475860159e-06,4.463264415548089e-06,9.526792733332621e-07
20141128,1.2966873581083673e-07,9.692629495243993e-05,3.3758198335757865e-06,4.394672495794429e-06,9.153477311833423e-07
20141201,1.2562316102611793e-07,9.370860894601197e-05,3.4294861496769373e-06,4.322102749957993e-06,8.81048638795283e-07
20141202,1.2194705947496528e-07,9.033814502255488e-05,3.503721985221571e-06,4.3090918719089636e-06,8.51209352327324e-07
20141203,1.1854034287850338e-07,8.775049907249326e-05,3.5916339112917354e-06,4.337150353950477e-06,8.294930057178072e-07
20141204,1.1565029167126296e-07,8.509623753707084e-05,3.673623128884474e-06,4.346646017888326e-06,8.033406083088333e-07
20141205,1.1270615021066014e-07,8.488207295455908e-05,3.7622721692624457e-06,4.343250074151324e-06,7.849980466968911e-07
20141208,1.106803265516849e-07,8.60587352848261e-05,3.872879260266778e-06,4.355765451676104e-06,7.679288273588568e-07
20141209,1.0931226361106346e-07,8.781876285358054e-05,3.961488824759555e-06,4.353835702337006e-06,7.485083702129276e-07
20141210,1.0688907649857152e-07,9.306769040639623e-05,4.056086889521086e-06,4.35704656936707e-06,7.280288996391575e-07
20141211,1.0554233357556023e-07,0.00010104206733300804,4.130790273148161e-06,4.365356358714695e-06,7.083713250832044e-07
20141212,1.0402487115129389e-07,0.00010739866819423676,4.194375546085574e-06,4.3687115570192265e-06,6.919365266373811e-07
20141215,1.0279863813035427e-07,0.00011256464762113176,4.260031508056562e-06,4.387239633053915e-06,6.746101487260415e-07
20141216,1.0538354979603893e-07,0.00011683604285670147,4.443998708619666e-06,4.430014158705694e-06,6.797399885373498e-07
20141217,1.0625642417758527e-07,0.0001204134235429665,4.6170054374185284e-06,4.440305510333318e-06,6.921598540136533e-07
20141218,1.0684947356949865e-07,0.00012381589729085877,4.75952339346747e-06,4.461413440896573e-06,7.010888103975641e-07
20141219,1.08107364191706e-07,0.0001266199351608075,4.856379173934662e-06,4.487524713678887e-06,7.104270247686482e-07
20141222,1.0864366553677708e-07,0.00012812193575412518,4.697255472221796e-06,4.406336346486467e-06,7.253933245841436e-07
20141223,1.0958227673144863e-07,0.00012877527416740693,4.58084743525941e-06,4.286166850903508e-06,7.367785304363655e-07
20141224,1.1129109111570545e-07,0.00012951359209125026,4.46765374183334e-06,4.174023341863582e-06,7.482146642566847e-07
20141225,1.194062198442838e-07,0.0001415340096283161,4.441433807267626e-06,4.182353157962002e-06,7.746617919710415e-07
20141226,1.2621984542139912e-07,0.00015184970543991508,4.485300119680756e-06,4.19379983476115e-06,8.042981888356789e-07
20141229,1.33068766315032e-07,0.00016141686148070708,4.549123276830057e-06,4.209383763312803e-06,8.350209108938747e-07
20141230,1.3351351797060942e-07,0.00015903793053038634,4.4647027290802765e-06,3.9902707266856076e-06,8.559090863358262e-07
20141231,1.3456088455446137e-07,0.00015734358076398692,4.404975905571002e-06,3.8224412520979e-06,8.685553885726939e-07
20150105,1.3721618695254984e-07,0.00015629459318605994,4.380178670790424e-06,3.6573220627186853e-06,8.888873506150493e-07
20150106,1.3851645317965574e-07,0.00015603425464936728,4.348655211806685e-06,3.5098406276316426e-06,8.966168054636601e-07
20150107,1.4004667725332813e-07,0.0001563848301362068,4.3156633515084525e-06,3.3915856019939203e-06,9.074279077628075e-07
20150108,1.411963786842087e-07,0.00015747775088789898,4.264512296722819e-06,3.299152872165597e-06,9.164973016974683e-07
20150109,1.4284231121883583e-07,0.0001590401679217847,4.236373169127349e-06,3.2295052936317995e-06,9.269026684511914e-07
20150112,1.4253638571992996e-07,0.00015722460579103964,4.216012229511768e-06,3.169465186786245e-06,9.271299084741148e-07
20150113,1.4270563046775154e-07,0.00015577543655125525,4.202190266691598e-06,3.116330867526861e-06,9.331572084524884e-07
20150114,1.428110614246855e-07,0.00015320344388101794,4.207285717858496e-06,3.074129673846772e-06,9.394260817823039e-07
20150115,1.4319911380063124e-07,0.00015100004263789924,4.209383549573616e-06,3.0635700053823703e-06,9.502270791671093e-07
20150116,1.4319304073442112e-07,0.00014921648355032015,4.21797351324441e-06,3.0605993277102818e-06,9.567188618553498e-07
20150119,1.4264674017494076e-07,0.00014779878033786004,4.223323463219602e-06,3.0608290128375942e-06,9.589582295868429e-07
20150120,1.4309210486576315e-07,0.00014532001869281712,4.256206193066411e-06,3.0712603655327747e-06,9.68320298144765e-07
20150121,1.448253904239683e-07,0.0001429087762171482,4.415650683218507e-06,3.1143066997336506e-06,9.72455102053451e-07
20150122,1.4742310007015357e-07,0.00014073929368912382,4.613052813792284e-06,3.205961094546968e-06,9.834197699855957e-07
20150123,1.5017277796432e-07,0.0001378894498893953,4.823974765665145e-06,3.2824374666596e-06,9.916504636560081e-07
20150126,1.5300423384771942e-07,0.00013340018515197458,5.008192075739469e-06,3.3617668854964115e-06,9.991282989678366e-07
20150127,1.550958232446574e-07,0.00012983713155654514,5.187942675155811e-06,3.4493278460170725e-06,9.976027555398665e-07
20150128,1.582955866432064e-07,0.00012559500887834816,5.3439016118705786e-06,3.5459617831765297e-06,1.002264231262195e-06
20150129,1.68876690141151e-07,0.00012659438276413265,5.90360432108179e-06,3.956676573906715e-06,1.0224586714867005e-06
20150130,1.779998294823299e-07,0.00012732013810958211,6.484608222098155e-06,4.3241434608888945e-06,1.0513826071099408e-06
20150202,1.8689660512440233e-07,0.00012775013425985225,7.1258412716224954e-06,4.6219814199324854e-06,1.0837275629230638e-06
20150203,2.0209438451399518e-07,0.00012954167268351905,7.96617089229948e-06,5.131215208247702e-06,1.1669222330348671e-06
20150204,2.1414834168213221e-07,0.00012999836222638272,8.594294400373667e-06,5.4767322452901626e-06,1.229836490405915e-06
20150205,2.216858391141974e-07,0.00012865938267971584,9.095718076519719e-06,5.8383098880448e-06,1.2655636512495848e-06
20150206,2.286044625505496e-07,0.00012605863021145194,9.601116357355729e-06,6.15173426730705e-06,1.2936622983646261e-06
20150209,2.437832103382984e-07,0.00012473564394116206,1.0249725675981238e-05,6.702690143053031e-06,1.3355271798488324e-06
20150210,2.5990080254504864e-07,0.00012352426171717792,1.0765345516891861e-05,7.1830191342504836e-06,1.401928018178103e-06
20150211,2.7189869476522695e-07,0.00012441362627912709,1.1119905021345652e-05,7.663222907598717e-06,1.4444571888712664e-06
20150212,2.828782004978531e-07,0.00012379795023452622,1.142864074955604e-05,8.310466098014326e-06,1.4934600996575404e-06
20150213,2.9369427521628476e-07,0.00012208038619045567,1.1732575377797677e-05,8.83592876547477e-06,1.5181151530264161e-06
20150216,3.0115858342265676e-07,0.00011886542381694589,1.2082702517501282e-05,9.301209437305075e-06,1.5357759829759402e-06
20150217,3.1035766052655704e-07,0.00011590806513353133,1.2499937312203876e-05,9.75381736115913e-06,1.5579886011751035e-06
20150225,3.2300867036916674e-07,0.00011220508753402048,1.299722497669102e-05,1.0309711064873875e-05,1.6042045205131985e-06
20150226,3.3894084245798555e-07,0.00010754087609355331,1.3531989183823968e-05,1.0921911361376395e-05,1.6451589904889123e-06
20150227,3.510609351429386e-07,0.00010177536510002476,1.3928024740503972e-05,1.1550124588267311e-05,1.709006199954725e-06
20150302,3.6405494639792467e-07,9.738183102101938e-05,1.430110814641149e-05,1.2536057533319712e-05,1.7646968299205826e-06
20150303,3.7485271719469106e-07,9.339008536178653e-05,1.4739467350028808e-05,1.3546839250420404e-05,1.8147595163850979e-06
20150304,3.859213283596568e-07,9.202215326806134e-05,1.5165762157870152e-05,1.4444150840301559e-05,1.8593708835642293e-06
20150305,4.034908700274178e-07,9.093274898139258e-05,1.5392977577299395e-05,1.4486639815042247e-05,1.8553590665320993e-06
20150306,4.176502773779655e-07,9.051928569037924e-05,1.5526611492625734e-05,1.4528337628299557e-05,1.8572060908216273e-06
20150309,4.2888606909393003e-07,8.916474459049724e-05,1.565710651309784e-05,1.4613325080729597e-05,1.85589167960803e-06
20150310,4.361673692120272e-07,8.688293869115704e-05,1.5786344062576496e-05,1.4806148115118345e-05,1.865642272570634e-06
20150311,4.408046705709773e-07,8.505381018452457e-05,1.597580198133887e-05,1.4981469823208085e-05,1.8724346564621687e-06
20150312,4.4314850757153954e-07,8.313591500852596e-05,1.61750600438102e-05,1.5174075517191105e-05,1.8839406590776645e-06
20150313,4.487648913186742e-07,8.114232394478411e-05,1.648399572235552e-05,1.550811272134575e-05,1.8904703806977252e-06
20150316,4.507552598816941e-07,7.876675388448184e-05,1.690555683223357e-05,1.5769345100636775e-05,1.8947932580562258e-06
20150317,4.5350003261588257e-07,7.702620024366387e-05,1.7330753574181986e-05,1.6078734434317992e-05,1.9155072702263493e-06
20150318,4.522707253716313e-07,7.575069491497485e-05,1.7649989419976125e-05,1.6256145134645467e-05,1.9053067145851833e-06
20150319,4.489431121293346e-07,7.450316703124437e-05,1.7960472139045614e-05,1.6466383804379454e-05,1.8878066320502427e-06
20150320,4.4925413846405754e-07,7.314828179047713e-05,1.8463625588258465e-05,1.701257495960161e-05,1.8920312092784793e-06
20150323,4.352208204188969e-07,7.079388016990678e-05,1.887467033635613e-05,1.7475137702745773e-05,1.8990284642137605e-06
20150324,4.224079476412527e-07,6.8904273739373e-05,1.9351002686670342e-05,1.7858216175000444e-05,1.8901487278920536e-06
20150325,4.1450215478874087e-07,6.785860472279682e-05,1.9618429952925728e-05,1.8215890996903737e-05,1.897996153643848e-06
20150326,4.0993294645556234e-07,6.756237244313276e-05,1.9770813187838974e-05,1.8855540010842895e-05,1.9283251242674976e-06
20150327,4.0708169207024657e-07,6.782797340820553e-05,1.986857817456257e-05,1.93075785755109e-05,1.9442874880182456e-06
20150330,4.0211109976320316e-07,6.873818634250479e-05,1.983479364060021e-05,1.971422826060909e-05,1.9376702542281686e-06
20150331,3.9499307226030825e-07,6.957643494333256e-05,1.971378921633606e-05,2.004559417680781e-05,1.9053769095729136e-06
20150401,3.870802392318724e-07,7.014312096179816e-05,1.9651063342604303e-05,2.02482652626182e-05,1.8747254926945138e-06
20150402,3.7786132889087693e-07,7.083979104836496e-05,1.963841258479638e-05,2.1095523319798998e-05,1.8586503993171254e-06
20150403,3.6736624745397285e-07,7.163023387419657e-05,1.9477073074181468e-05,2.163104908294734e-05,1.8249230378330746e-06
20150407,3.5762864866869405e-07,7.156228497312153e-05,1.9448429978506048e-05,2.2445637203787276e-05,1.7800154087786193e-06
20150408,3.496112386112491e-07,7.135490155453602e-05,1.9140523861312195e-05,2.208220118224569e-05,1.7176311208148947e-06
20150409,3.352509545817308e-07,7.190306652187329e-05,1.870682833272788e-05,2.1672609896656177e-05,1.6450511723579312e-06
20150410,3.208017375597629e-07,7.315430322823435e-05,1.8015115281886924e-05,2.0976865584425923e-05,1.5768074097210774e-06
20150413,2.9696897442687006e-07,7.245718642171928e-05,1.697912594883981e-05,1.9007198543295146e-05,1.47621234540896e-06
20150414,2.782213717710341e-07,7.234896736370314e-05,1.6056664835272765e-05,1.7357271402145566e-05,1.3881703799356935e-06
20150415,2.6314776056875107e-07,7.282343830979666e-05,1.5339871703447774e-05,1.5919237249824666e-05,1.3142696929421325e-06
20150416,2.499408038164807e-07,7.346007700408933e-05,1.465315863302774e-05,1.4702133596420699e-05,1.2450696398420077e-06
20150417,2.368121184757317e-07,7.381688743053827e-05,1.4045400093588971e-05,1.3563314656700125e-05,1.173250887166263e-06
20150420,2.2383264812683054e-07,7.4383246615677e-05,1.335033974369202e-05,1.2622386392704816e-05,1.1119739861535592e-06
20150421,2.1921153946706187e-07,7.64958106613185e-05,1.2710980306428912e-05,1.1814856561804125e-05,1.0572980254336508e-06
20150422,2.0998104247731019e-07,7.698795241020211e-05,1.2137369169232545e-05,1.108145791306114e-05,9.984733322271176e-07
20150423,2.0140615908222744e-07,7.73748045882663e-05,1.166660095838725e-05,1.0505061071718248e-05,9.449251232375644e-07
20150424,1.9067954141793893e-07,7.652882811769686e-05,1.1198236835384847e-05,9.886302334938346e-06,8.872569226419534e-07
20150427,1.816350666525028e-07,7.578974626071872e-05,1.0781537655619737e-05,9.327644025468559e-06,8.332506618927374e-07
20150428,1.7317136189792162e-07,7.476592595225025e-05,1.0445188609848469e-05,8.839657093690252e-06,7.899508807162634e-07
20150429,1.6550448561987725e-07,7.37967023133424e-05,9.924978843342615e-06,8.321381896898803e-06,7.46414291506851e-07
20150430,1.5926695964043698e-07,7.308415859509568e-05,9.405016119893766e-06,7.831710707437227e-06,7.063070460588239e-07
20150504,1.559672451957098e-07,7.284746520066106e-05,8.939962240834911e-06,7.4026356990571325e-06,6.801753711536842e-07
20150505,1.5346986336660517e-07,7.278898374071974e-05,8.436401032117183e-06,6.9444724126439e-06,6.544539847705804e-07
20150506,1.4981084275992204e-07,7.344927634163063e-05,7.995761214041455e-06,6.5047742477355755e-06,6.327820976706349e-07
20150507,1.4701521923595894e-07,7.362105711822988e-05,7.590145468039443e-06,6.178879730647752e-06,6.117016027631496e-07
20150508,1.4389912003858237e-07,7.38828490319347e-05,7.101047943649581e-06,5.867712883267204e-06,5.958831030633152e-07
20150511,1.4139038836873983e-07,7.415405140222827e-05,6.595775404976859e-06,5.562998635745068e-06,5.857750118870532e-07
20150512,1.4212438337430393e-07,7.583635865134615e-05,6.121206348774216e-06,5.370192717139074e-06,5.816711369547001e-07
20150513,1.4192063158190973e-07,7.660130686069527e-05,5.729296971044966e-06,5.177983093521888e-06,5.727980446745245e-07
20150514,1.4210134385597225e-07,7.72446771315068e-05,5.4036867169986215e-06,5.053306507944385e-06,5.634154181037786e-07
20150515,1.4174652592123674e-07,7.720143151571846e-05,5.101985023078881e-06,4.961242269601926e-06,5.530272040502086e-07
20150518,1.4164813844690511e-07,7.651841488715896e-05,4.801532470451134e-06,4.848968710106888e-06,5.402113050018392e-07
20150519,1.430759062403807e-07,7.628847746811677e-05,4.649928595091897e-06,4.8021027580344245e-06,5.327087290136082e-07
20150520,1.4361827977217428e-07,7.542506921171744e-05,4.505918213682873e-06,4.7750590006763445e-06,5.215121111562805e-07
20150521,1.467841171310412e-07,7.583128990313438e-05,4.39592777898691e-06,4.721077809206801e-06,5.146027076487113e-07
20150522,1.4822968843428393e-07,7.505137559055078e-05,4.2767355779589995e-06,4.639612262678576e-06,5.017398674481758e-07
20150525,1.519650290266867e-07,7.542328249278411e-05,4.1819793383490565e-06,4.597552430409843e-06,4.977455282130214e-07
20150526,1.5460318029928516e-07,7.415917951990375e-05,4.0691082507407115e-06,4.540571898124602e-06,4.973693199957522e-07
20150527,1.5700618144749456e-07,7.324312234665683e-05,4.000557948091959e-06,4.520177217913165e-06,4.945390549186144e-07
20150528,1.6302562133485216e-07,7.269349985151885e-05,4.016308882732354e-06,4.598682749708226e-06,4.967404113387378e-07
20150529,1.6847319276705777e-07,7.220603828699405e-05,3.978738488496489e-06,4.619051229365976e-06,4.911362339214715e-07
20150601,1.8095328526893986e-07,7.380419671037844e-05,3.910046287487502e-06,4.6357106319072795e-06,4.922070202714615e-07
20150602,1.90791684386038e-07,7.537838399446472e-05,3.889546871644913e-06,4.776661734240443e-06,4.916922995399841e-07
20150603,2.0055379592376363e-07,7.736615290102092e-05,3.8990089188722405e-06,4.85190949058307e-06,5.012647660034693e-07
20150604,2.0801039729346058e-07,7.929759362923215e-05,3.903843559861414e-06,4.920345764710873e-06,5.078722244688655e-07
20150605,2.157214468608253e-07,8.118629999408175e-05,3.981877107357834e-06,5.022848287755058e-06,5.151794996213886e-07
20150608,2.218814502709697e-07,8.299390037714508e-05,4.041839176352229e-06,5.037681652750267e-06,5.172973379478256e-07
20150609,2.2952054223389384e-07,8.576640027902743e-05,4.166786201920225e-06,5.2451383702615655e-06,5.146946812487036e-07
20150610,2.3539200410580835e-07,8.839344885693089e-05,4.222275390860017e-06,5.375728978065822e-06,5.037742400775731e-07
20150611,2.390260125887227e-07,9.029394936225893e-05,4.257892079613243e-06,5.416446825166367e-06,4.920230206343021e-07
20150612,2.342469422749417e-07,8.744868692532334e-05,4.280006251092746e-06,5.36275159798265e-06,4.820530732824182e-07
20150615,2.293674023313586e-07,8.507227166113574e-05,4.297662177347382e-06,5.344756790503142e-06,4.693354748818436e-07
20150616,2.247371325081332e-07,8.329721985572828e-05,4.291988806639118e-06,5.311395481204434e-06,4.5596778847543387e-07
20150617,2.2293805800339168e-07,8.188433501457446e-05,4.2368734646468015e-06,5.19898416709461e-06,4.3931290757630564e-07
20150618,2.2341327706689738e-07,8.109172713223978e-05,4.272132644560854e-06,5.1498173423735e-06,4.25941327307219e-07
20150619,2.23945569068793e-07,8.082438378972039e-05,4.349266941332455e-06,5.126286653306168e-06,4.1693611868366065e-07
20150623,2.2483081770462083e-07,8.097432031882312e-05,4.451442296276449e-06,5.116703758460358e-06,4.1017780375333857e-07
20150624,2.2350379393128438e-07,8.060551910510561e-05,4.555118016712118e-06,5.077675914496521e-06,4.0362392604593445e-07
20150625,2.237832287692309e-07,8.033704987342586e-05,4.7033949147637236e-06,5.0851132462769796e-06,3.982931849060957e-07
20150626,2.2338629673859378e-07,7.998653513125829e-05,4.824054294486271e-06,5.1009619749380884e-06,3.927479555051913e-07
20150629,2.2351433268707505e-07,8.018329851112482e-05,4.951572797492059e-06,5.132811030673215e-06,3.8895424890500595e-07
20150630,2.2055047538443888e-07,7.985018125429898e-05,5.077845044791019e-06,5.2214178906650725e-06,3.876298812916364e-07
20150701,2.1884755863885243e-07,7.962888870691339e-05,5.171411099694977e-06,5.269209102457769e-06,3.8520133066292085e-07
20150702,2.152625185795534e-07,7.858133457387528e-05,5.267316151811564e-06,5.299362519335526e-06,3.8468128457911534e-07
20150703,2.1054044072234092e-07,7.674461640096483e-05,5.315864985437542e-06,5.307598857411163e-06,3.841761891416527e-07
20150706,2.026132577255127e-07,7.215152121340976e-05,5.300588676843263e-06,5.117363554348932e-06,3.8758088923919366e-07
20150707,1.950100975926153e-07,6.799194186318665e-05,5.301383421458569e-06,4.9778019670594025e-06,3.8964087516154987e-07
20150708,1.8842696377402701e-07,6.443563139173367e-05,5.309637247643238e-06,4.8053110591500756e-06,3.8604214105335505e-07
20150709,1.7610952693008496e-07,5.9645270061956836e-05,5.2570391098177266e-06,4.6367317272702175e-06,3.835651641459427e-07
20150710,1.6633502084073878e-07,5.5585002626478676e-05,5.246843967586639e-06,4.503464656975924e-06,3.823535996576166e-07
20150713,1.5852769231255063e-07,5.2667653558164065e-05,5.246149161478723e-06,4.402303668547112e-06,3.8105426751057485e-07
20150714,1.5179096375613838e-07,4.99807615920546e-05,5.2931707676693135e-06,4.3319449050339784e-06,3.790145483436319e-07
20150715,1.476764490049865e-07,4.79801919147951e-05,5.35669868523511e-06,4.307500933854559e-06,3.7890441423745437e-07
20150716,1.4364655710974646e-07,4.603551617371508e-05,5.4178448233325025e-06,4.297244122978713e-06,3.7874643335411457e-07
20150717,1.4038586172466728e-07,4.461868287354793e-05,5.452830557956955e-06,4.312667981731687e-06,3.800460781718823e-07
20150720,1.3710997624209666e-07,4.2986986552039854e-05,5.483166619207651e-06,4.316525017864741e-06,3.8015900561625377e-07
20150721,1.348085323633671e-07,4.171179593106008e-05,5.5489846731242135e-06,4.3712227825689686e-06,3.8021142790820294e-07
20150722,1.3371521989879106e-07,4.075002980711442e-05,5.6448700171564655e-06,4.457218158753151e-06,3.867325965878369e-07
20150723,1.3312662771615346e-07,3.979167641034252e-05,5.707324815491195e-06,4.505750625173472e-06,3.89050787856846e-07
20150724,1.3214456235432457e-07,3.913840077139307e-05,5.7770441015648e-06,4.5577127941189345e-06,3.916288140560834e-07
20150727,1.3014335283757176e-07,3.840374724434729e-05,5.821993701299196e-06,4.591983672385214e-06,3.9248533277458796e-07
20150728,1.2828776613155056e-07,3.774763802721171e-05,5.884104877493283e-06,4.64350654568088e-06,3.936644642040414e-07
20150729,1.260621092038104e-07,3.70180729129209e-05,5.958889867344018e-06,4.727963895860559e-06,3.9177070025801737e-07
20150730,1.2425936432712875e-07,3.6894346228347204e-05,6.101249360975549e-06,4.864126429287012e-06,3.889844789783576e-07
20150731,1.2227733882745133e-07,3.669585235669658e-05,6.27746843736306e-06,5.074240330894204e-06,3.868756075229677e-07
20150803,1.2311200805309777e-07,3.7391150794683416e-05,6.5251782430025646e-06,5.429957128765905e-06,3.862428186798634e-07
20150804,1.2594189439625794e-07,3.8582831734127566e-05,6.829912753420245e-06,5.79273902281083e-06,3.920633199302681e-07
20150805,1.3092694416686046e-07,4.060379971712813e-05,7.200328721843368e-06,6.514157831463872e-06,4.178732414661391e-07
20150806,1.4717842591719782e-07,4.467026421720931e-05,7.773434367156952e-06,7.2778772669211396e-06,4.52779012578047e-07
20150807,1.6057518380700034e-07,4.830946244310894e-05,8.377698089210253e-06,8.322831763060212e-06,4.81979878703299e-07
20150810,1.7028632428799825e-07,5.167725018939317e-05,8.930732459685951e-06,9.16039217035151e-06,5.013289075445219e-07
20150811,1.7720330891297312e-07,5.417508224910999e-05,9.562221776539422e-06,9.846911889780043e-06,5.117020139786523e-07
20150812,1.833657968155783e-07,5.632485842618554e-05,1.0092135602929472e-05,1.0229627389541957e-05,5.19995684101692e-07
20150813,1.8906223197574029e-07,5.812918127153564e-05,1.0538475520700722e-05,1.0487859643751673e-05,5.233987794459458e-07
20150814,1.9408165432172878e-07,5.968320489864636e-05,1.0841983846473962e-05,1.0675096842693124e-05,5.227352662333552e-07
20150817,1.9852805416883357e-07,6.458414397644637e-05,1.1038394839120776e-05,1.0787904771917113e-05,5.214759450482093e-07
20150818,2.0199552512253896e-07,6.975445276814001e-05,1.1278751051160362e-05,1.0967138103611118e-05,5.121677266903475e-07
20150819,2.0933732186619026e-07,7.481608837050893e-05,1.1479724501217596e-05,1.108931293437286e-05,5.014010035444772e-07
20150820,2.1165618939764237e-07,7.797809539747149e-05,1.161172034557215e-05,1.1197956930402333e-05,4.853687734948349e-07
20150821,2.13867663130412e-07,8.064627256518577e-05,1.170101591404876e-05,1.1282250013776881e-05,4.75238629000483e-07
20150824,2.0707692571680623e-07,7.638955829418844e-05,1.1524546746270655e-05,1.1007153726358577e-05,4.5643771005501684e-07
20150825,2.0141324351108498e-07,7.286418977267308e-05,1.1317583722362128e-05,1.0791268691467901e-05,4.407313740041704e-07
20150826,1.9721190802573637e-07,6.996486417210296e-05,1.1188254229203727e-05,1.0653740037363955e-05,4.318066711237187e-07
20150827,1.923565282316798e-07,6.782294188558252e-05,1.1151979253558549e-05,1.0632759064747736e-05,4.242204371475858e-07
20150828,1.8865523144026958e-07,6.588481022555498e-05,1.1145824849883304e-05,1.0651410608597167e-05,4.1610008375222774e-07
20150831,1.8374997495602756e-07,6.396657825935598e-05,1.1110174411922815e-05,1.0656585108674023e-05,4.054486379976073e-07
20150901,1.790446424644013e-07,6.226188189950157e-05,1.1065633813426949e-05,1.0618534423704383e-05,3.942734568091223e-07
20150902,1.7361265895931067e-07,6.048779627853594e-05,1.0973688386517788e-05,1.0605922491279944e-05,3.840874553423527e-07
20150907,1.695187751741265e-07,5.9405294911326355e-05,1.0900990681743533e-05,1.060451652480648e-05,3.761718260784877e-07
20150908,1.6635744645501158e-07,5.8369221840223664e-05,1.0806768118969562e-05,1.0624574854399132e-05,3.6938185054587767e-07
20150909,1.6280758786991403e-07,5.6731008122118906e-05,1.0745605327979463e-05,1.0608837282925014e-05,3.616864894255687e-07
20150910,1.6020598237780003e-07,5.52811084650891e-05,1.0759491429558486e-05,1.0604105896885784e-05,3.5257657871090985e-07
20150911,1.575940976647698e-07,5.365029555804774e-05,1.0990065176853718e-05,1.0878459368860492e-05,3.4207630911054363e-07
20150914,1.5599007619507576e-07,5.165547899955253e-05,1.1048221031273747e-05,1.0952873514676578e-05,3.3453063410305653e-07
20150915,1.5548176534993547e-07,5.025764266120148e-05,1.1001153168378819e-05,1.0839675614607312e-05,3.2780819504460686e-07
20150916,1.551204018036428e-07,4.899198739643831e-05,1.0853949133086146e-05,1.0770972904419528e-05,3.2267644493567716e-07
20150917,1.5417069290614812e-07,4.74620989198103e-05,1.064729262245226e-05,1.0653281332634106e-05,3.1774670582450537e-07
20150918,1.536319148663722e-07,4.613361877139368e-05,1.0463450750837423e-05,1.0484926284971312e-05,3.1306658117213385e-07
20150921,1.5300866222947296e-07,4.5220222563963255e-05,1.0336185089083351e-05,1.0253311213755768e-05,3.0890935602753955e-07
20150922,1.5279348783186863e-07,4.404884485488186e-05,1.0240667520507023e-05,1.005212107228428e-05,3.057439720036896e-07
20150923,1.6425290866956561e-07,4.826666907540601e-05,1.0586059757357449e-05,1.049545316851194e-05,3.1236653821803986e-07
20150924,1.747036877965611e-07,5.180198400980898e-05,1.076118105030856e-05,1.076941393183813e-05,3.176723682625549e-07
20150925,1.8212164214343266e-07,5.423028499875483e-05,1.0840207613386943e-05,1.0713352200516477e-05,3.212269337999473e-07
20150928,1.9352829946109383e-07,5.690659524779598e-05,1.0991282064068739e-05,1.0904355914906157e-05,3.239251806094886e-07
20150929,2.037844029974542e-07,5.9253340373515075e-05,1.1139350898672933e-05,1.1432639701756244e-05,3.2874275700678845e-07
20150930,2.1237812069662664e-07,6.084274627435615e-05,1.1135524111376541e-05,1.2308432151693892e-05,3.345972609665377e-07
20151008,2.1954802694541494e-07,6.225331101042174e-05,1.1089054449505436e-05,1.2957931729906254e-05,3.401689690295431e-07
20151009,2.2351356339772366e-07,6.212889260371292e-05,1.0973975582752713e-05,1.3381356598702684e-05,3.3853912135933414e-07
20151012,2.2901416144109692e-07,6.240555423793531e-05,1.0627400957275665e-05,1.2930641435737196e-05,3.381241013902104e-07
20151013,2.3957251121726974e-07,6.32440940041378e-05,1.0335687004224646e-05,1.2588213625096471e-05,3.3790709722643196e-07
20151014,2.4424694687308987e-07,6.28297796263515e-05,9.926211285934842e-06,1.222711886541944e-05,3.3545707662188936e-07
20151015,2.492999640568707e-07,6.272945269818673e-05,9.581408606056407e-06,1.190079702135581e-05,3.3826796023035287e-07
20151016,2.538154474208072e-07,6.295029106464778e-05,9.241785471626716e-06,1.1597795001228727e-05,3.411327211180368e-07
20151019,2.562978417598876e-07,6.268374961154911e-05,8.926176462299926e-06,1.134128875191517e-05,3.3947181028533137e-07
20151020,2.601291976126754e-07,6.295841518545805e-05,8.69929821091824e-06,1.1015531505115567e-05,3.346062262208164e-07
20151021,2.679065332019231e-07,6.387254918820815e-05,8.665609901817912e-06,1.0542370884308606e-05,3.3062526213065897e-07
20151022,2.7297490942067733e-07,6.478601928656497e-05,8.583733583224828e-06,1.0133728112841152e-05,3.2783181847092414e-07
20151023,2.7661310368106713e-07,6.5656505795011e-05,8.529651730536818e-06,9.688024333044327e-06,3.258165943608228e-07
20151026,2.7669708932894875e-07,6.581969085252945e-05,8.690921909083046e-06,9.386395523503702e-06,3.22581204773557e-07
20151027,2.738863313874019e-07,6.572994850455801e-05,8.796503111021389e-06,9.028221427611902e-06,3.1937015717082486e-07
20151028,2.7636724656595967e-07,6.65894146707927e-05,8.895134805313915e-06,8.75857193949997e-06,3.168967995674374e-07
20151029,2.783416369950368e-07,6.716362514817087e-05,8.993828705137812e-06,8.560316797633697e-06,3.1271194338081575e-07
20151030,2.835503324665704e-07,6.765064916511106e-05,9.030660213971522e-06,8.381245645786615e-06,3.099901980627954e-07
20151102,2.951267851854509e-07,6.917264147952347e-05,9.096611379860052e-06,8.244718925202626e-06,3.1330833967777417e-07
20151103,3.1197845606524947e-07,6.985810207339976e-05,9.156195228355102e-06,8.118732860581265e-06,3.123067449303966e-07
20151104,3.249575683195278e-07,6.997229961613678e-05,9.093500817756638e-06,8.041167498248202e-06,3.1094387652267045e-07
20151105,3.3707819116758806e-07,7.026408453331197e-05,9.016755951173673e-06,7.98227116344636e-06,3.132899534213594e-07
20151106,3.5978342860318095e-07,7.494010403759077e-05,9.21726726197894e-06,8.042911735949959e-06,3.347088891790741e-07
20151109,3.7449247080658514e-07,7.562159158768905e-05,1.0041059089145671e-05,8.86075923843707e-06,3.5739356141294545e-07
20151110,3.8714881871747166e-07,7.618504262482198e-05,1.0629117403931516e-05,9.427837168560931e-06,3.735562384560535e-07
20151111,3.962070952194346e-07,7.741695605306132e-05,1.1058547115536578e-05,9.97897629298931e-06,3.8873404747147323e-07
20151112,4.0299319380602896e-07,7.827389911519201e-05,1.1378141498837914e-05,1.048777609279801e-05,4.0111905213618605e-07
20151113,4.098819264273326e-07,7.937633090718912e-05,1.1491097719364144e-05,1.0933052950948846e-05,4.144473853430151e-07
20151116,4.1789393619182176e-07,7.999861828747622e-05,1.1299050325345912e-05,1.115819623334758e-05,4.2015271487029746e-07
20151117,4.200013394138911e-07,8.000940781975218e-05,1.113684834395798e-05,1.1334501952805198e-05,4.23439421513362e-07
20151118,4.200778928153698e-07,7.978388766773919e-05,1.0966660895915768e-05,1.1378837709537482e-05,4.2915086793611103e-07
20151119,4.0982653459580476e-07,7.878589435075193e-05,1.0283380526173524e-05,1.0479306186368822e-05,4.297396538516221e-07
20151120,3.9918749856996555e-07,7.688832290209341e-05,9.617038771326813e-06,9.69324913315679e-06,4.247296654359441e-07
20151123,3.839220006327487e-07,7.535013267297532e-05,8.95743328940689e-06,8.985213798970022e-06,4.215860043893152e-07
20151124,3.701213156352246e-07,7.301571057121266e-05,8.395405058651038e-06,8.387689289650959e-06,4.1730821464906875e-07
20151125,3.564876610601699e-07,7.100515177743416e-05,7.872471686613264e-06,7.860979399143637e-06,4.160209800895764e-07
20151126,3.445916569061101e-07,6.925999276405934e-05,7.434687194163218e-06,7.419630579304243e-06,4.1475669476741006e-07
20151127,3.3452373699087646e-07,6.787686194207339e-05,7.059047091288647e-06,7.031476760542213e-06,4.1706947244458785e-07
20151130,3.234545453308602e-07,6.672513632510601e-05,6.756523754743669e-06,6.712250567460664e-06,4.1727274341975896e-07
20151201,3.12832206683403e-07,6.620848609501164e-05,6.48619790273561e-06,6.432989257661942e-06,4.2407804750155815e-07
20151202,3.0040653814117876e-07,6.458719739542634e-05,6.2662206801267e-06,6.192633348718252e-06,4.2761436971150696e-07
20151203,2.908275606152537e-07,6.345307970206773e-05,6.082286447759335e-06,6.0086359735108425e-06,4.329180744522745e-07
20151204,2.83674732550956e-07,6.238979461612746e-05,5.931173523355861e-06,5.8622788116911536e-06,4.371929776598991e-07
20151207,2.774707155972164e-07,6.161715359815664e-05,5.758272617374151e-06,5.727025767913611e-06,4.364315017076384e-07
20151208,2.729532909940881e-07,6.091429445713329e-05,5.614725190593973e-06,5.6006565523058276e-06,4.3751944455020683e-07
20151209,2.676302661515541e-07,6.001060189653918e-05,5.421906351856494e-06,5.4960393015563335e-06,4.340491174887067e-07
20151210,2.6352640105086507e-07,5.920302157033041e-05,5.266715185549662e-06,5.406985127172443e-06,4.3494905350468057e-07
20151211,2.573055731187152e-07,5.846764763258147e-05,5.154645938087271e-06,5.339021714675337e-06,4.3653147038896726e-07
20151214,2.508601110601459e-07,5.756935695208279e-05,5.080185212442947e-06,5.2400904313563406e-06,4.346611287402498e-07
20151215,2.443148434149505e-07,5.621631232372456e-05,5.018190363479833e-06,5.161973405635007e-06,4.3581122711284246e-07
20151216,2.3969115986687995e-07,5.516132577705191e-05,4.978225746769518e-06,5.080705667340322e-06,4.3554235767891546e-07
20151217,2.377234799107708e-07,5.4667588706357396e-05,5.163410289728202e-06,5.316668402523242e-06,4.356946444912306e-07
20151218,2.328726617346648e-07,5.4126043856851666e-05,5.274570227705814e-06,5.457018063753509e-06,4.3234215266131805e-07
20151221,2.2940916517103316e-07,5.38104217269145e-05,5.335010191661588e-06,5.540949737486659e-06,4.275994202964673e-07
20151222,2.247434475101497e-07,5.297792610140833e-05,5.3384973899071566e-06,5.645715897769425e-06,4.2369068753381854e-07
20151223,2.177994430684421e-07,5.158484017229246e-05,5.400282694453853e-06,5.692094386475702e-06,4.201418992031181e-07
20151224,2.1090930483924217e-07,5.035124422581469e-05,5.48758634574535e-06,5.707835896702785e-06,4.1625921867036397e-07
20151225,2.0730167941645821e-07,4.9706435175534064e-05,5.491984565031191e-06,5.844435541989197e-06,4.1270992332459365e-07
20151228,2.0742079715187994e-07,4.9671485311016396e-05,5.485664591311945e-06,6.0006499864242445e-06,4.1818482346982035e-07
20151229,2.0588977409781783e-07,4.9135882900876076e-05,5.426043750036373e-06,6.0938918423804746e-06,4.175227927509126e-07
20151230,2.032104175953473e-07,4.875136841481495e-05,5.332577669204193e-06,6.247500038776208e-06,4.161135019522429e-07
20151231,2.019367748312962e-07,4.841854037051531e-05,5.202079642595835e-06,6.303946969895607e-06,4.138178368160134e-07
20160104,1.9955712739162306e-07,4.782007694779778e-05,5.0802316918887476e-06,6.38200911347446e-06,4.0929328962591595e-07
20160105,1.9584995382896315e-07,4.680017178439811e-05,5.011773044772176e-06,6.457758763468475e-06,4.0179738889980174e-07
20160106,1.9340243285770713e-07,4.546956092659797e-05,4.929869454460609e-06,6.354629499591628e-06,4.0053357500759836e-07
20160107,1.9084481784844335e-07,4.401624898836157e-05,4.937267164161637e-06,6.262366116668898e-06,3.9666204749144e-07
20160108,1.887642636438915e-07,4.217619033216347e-05,4.914094739984715e-06,6.198830119238964e-06,3.9056279661097186e-07
20160111,1.8497824530787233e-07,4.009902879275501e-05,4.884910610499954e-06,6.084555927148382e-06,3.81586518445207e-07
20160112,1.794784918418102e-07,3.776675633536763e-05,4.790006703400707e-06,5.946882184694897e-06,3.7024071832198795e-07
20160113,1.7478264531721796e-07,3.5594219747218663e-05,4.671342268704922e-06,5.8335311565258966e-06,3.60616845761673e-07
20160114,1.7109833801885855e-07,3.3493677236088185e-05,4.550895372710428e-06,5.719397177653675e-06,3.5515322034638235e-07
20160115,1.6657542317663995e-07,3.133944599359952e-05,4.404200265176328e-06,5.5867219259404954e-06,3.492452970508929e-07
20160118,1.6194506692232522e-07,2.9160202404655423e-05,4.3386977167689e-06,5.509131622679887e-06,3.425636049246918e-07
20160119,1.594075336499138e-07,2.7434401431303304e-05,4.262528010268917e-06,5.461403892471952e-06,3.396719943119506e-07
20160120,1.5680493295431695e-07,2.5923380393389404e-05,4.193162663090551e-06,5.407492725430753e-06,3.330065115340078e-07
20160121,1.5539815399843823e-07,2.4713389519960732e-05,4.118389320486472e-06,5.34514434260441e-06,3.28940657556577e-07
20160122,1.537290779314034e-07,2.3679724917598668e-05,4.0222907355427e-06,5.296566230434918e-06,3.238548346335264e-07
20160125,1.5169139535669921e-07,2.2446181923903132e-05,3.934483327209557e-06,5.2217189374560475e-06,3.1784348078894053e-07
20160126,1.496981537347419e-07,2.1112564790615857e-05,3.85588886743e-06,5.149891234051752e-06,3.1321544369732065e-07
20160127,1.5091868387533427e-07,2.0168727529594278e-05,3.830456130197777e-06,5.170937778164046e-06,3.112945418506229e-07
20160128,1.4652533063200424e-07,1.8860292431673585e-05,3.808844681095921e-06,5.182500459360477e-06,3.0726791739426365e-07
20160129,1.4276014615722445e-07,1.773858987629936e-05,3.8031769536869746e-06,5.210215590716547e-06,3.046358925006709e-07
20160201,1.3756528229633105e-07,1.6604496409938873e-05,3.7796711352836802e-06,5.184551361317065e-06,2.9951042992042225e-07
20160202,1.324926584078858e-07,1.5653886533253818e-05,3.7455641773134396e-06,5.145740195797883e-06,2.933081288405179e-07
20160203,1.2896677764786192e-07,1.4841143523804346e-05,3.7523870282944738e-06,5.27700656296412e-06,2.9067157238027235e-07
20160204,1.2683533383398957e-07,1.4000727466334237e-05,3.782640896447099e-06,5.4119686794469086e-06,2.846945275823324e-07
20160205,1.258464480900849e-07,1.348469151592731e-05,3.8502750440275225e-06,5.5252827351660625e-06,2.8422617240406636e-07
20160215,1.2605792177316866e-07,1.3052845564267335e-05,3.891962305748358e-06,5.596723217240034e-06,2.8855882685606286e-07
20160216,1.2726992519730875e-07,1.2795138878357575e-05,4.047345927386303e-06,5.679465879343505e-06,2.926942038724442e-07
20160217,1.2705080483266565e-07,1.2437631191005197e-05,4.1642054365989265e-06,5.668512418835946e-06,2.9334287596926155e-07
20160218,1.280283480343644e-07,1.2182060304467582e-05,4.30641968631011e-06,5.678749721815935e-06,2.945921596415866e-07
20160219,1.3014590874471647e-07,1.1947417492249777e-05,4.424879848180698e-06,5.691360118418518e-06,2.961803329811943e-07
20160222,1.3246027114973477e-07,1.1290936001923399e-05,4.411852632941797e-06,5.575834564709747e-06,3.0451059118365495e-07
20160223,1.3368076220801538e-07,1.065407282111157e-05,4.372065837557743e-06,5.451493841079709e-06,3.105656159644818e-07
20160224,1.3489203891922469e-07,1.0105883712247358e-05,4.310303592915108e-06,5.3075432933792385e-06,3.2193274619004363e-07
20160225,1.3608664596245818e-07,9.63341904512748e-06,4.2756928238798795e-06,5.15225361746559e-06,3.294315414270314e-07
20160226,1.3681256025477156e-07,9.151397949653225e-06,4.28815154730706e-06,5.019248761299292e-06,3.293073671089395e-07
20160229,1.3756442828872832e-07,8.763722406677029e-06,4.3141656408401415e-06,4.91501765668734e-06,3.280492103753252e-07
20160301,1.380109781954859e-07,8.392328365999219e-06,4.275087569890356e-06,4.7720278585015615e-06,3.2410092504572635e-07
20160302,1.3841317606351645e-07,8.09059438499707e-06,4.233277483899388e-06,4.631233906700094e-06,3.2244765287404857e-07
20160303,1.4162823001271348e-07,7.95046547001674e-06,4.23102592483195e-06,4.523931154410464e-06,3.2289851386664967e-07
20160304,1.4420097398532396e-07,7.78691400820671e-06,4.173311019485168e-06,4.44183547820185e-06,3.210044904318184e-07
20160307,1.4518233125919133e-07,7.577634609985733e-06,4.013878416795468e-06,4.288995874511832e-06,3.188609186712937e-07
20160308,1.4318177938293037e-07,7.198518719180367e-06,3.885103455679391e-06,4.121977961393514e-06,3.190460620993311e-07
20160309,1.3877507714013854e-07,6.598300081250255e-06,3.7056053253890468e-06,3.8534610526962875e-06,3.144331581712415e-07
20160310,1.3521295961680899e-07,6.1052756731166e-06,3.5415906276711627e-06,3.62616756898886e-06,3.1226794848517735e-07
20160311,1.3230460644990872e-07,5.699347438204531e-06,3.390746587032774e-06,3.4491825772627985e-06,3.0804285278583155e-07
20160314,1.2972842909749747e-07,5.36305179680355e-06,3.26763210845832e-06,3.307274540203638e-06,3.0247524800315246e-07
20160315,1.2768352593825463e-07,5.073403172631012e-06,3.1497148422552576e-06,3.191226364140643e-06,2.9439357198140325e-07
20160316,1.264562366642686e-07,4.852011136965929e-06,3.0333181935405574e-06,3.0957794481340494e-06,2.8753628083037673e-07
20160317,1.2478017162919166e-07,4.642785062979012e-06,2.919345171505302e-06,2.9905106514673345e-06,2.807393883414157e-07
20160318,1.2369433573616133e-07,4.467805147656695e-06,2.829622316493544e-06,2.893303228551976e-06,2.767094660940208e-07
20160321,1.2362181216367773e-07,4.3483815270695534e-06,2.801575529480046e-06,2.8268796884548804e-06,2.750654030068286e-07
20160322,1.242546845791912e-07,4.2494349217050315e-06,2.787325862054155e-06,2.767131837102728e-06,2.7246918792804743e-07
20160323,1.2449759386813385e-07,4.175387433224703e-06,2.7976065780434135e-06,2.7088744564202153e-06,2.683067820403637e-07
20160324,1.2257407412079722e-07,4.0495247069249206e-06,2.7945440243881466e-06,2.6502987879783906e-06,2.584278517538885e-07
20160325,1.2079558467599314e-07,3.921296461281909e-06,2.771392483731846e-06,2.584203815979946e-06,2.4954226102846385e-07
20160328,1.1779608484271547e-07,3.7838540724405826e-06,2.7675261044140064e-06,2.5390151691911627e-06,2.392671431790002e-07
20160329,1.1525188036006807e-07,3.6620576995650244e-06,2.7398630981396685e-06,2.4792279272445627e-06,2.3103109689919949e-07
20160330,1.1284918273051851e-07,3.553527988361056e-06,2.7134903355715915e-06,2.4212097281053573e-06,2.2464926838622234e-07
20160331,1.1085158736200829e-07,3.457196711132995e-06,2.6409877840414283e-06,2.37012161791524e-06,2.1816511679824673e-07
20160401,1.0869306773798766e-07,3.3716950137446604e-06,2.5893125940901553e-06,2.304873683008702e-06,2.1292592876744275e-07
20160405,1.0669121470365108e-07,3.2799728096178892e-06,2.559118120782662e-06,2.24568180355076e-06,2.0666222916225497e-07
20160406,1.0692849104769313e-07,3.245786367528187e-06,2.525355872449454e-06,2.2146133539065383e-06,2.042330142655865e-07
20160407,1.0956705272013796e-07,3.3906068620335394e-06,2.5617195704732195e-06,2.285959348281148e-06,2.0201627935985221e-07
20160408,1.1190433180308551e-07,3.5167343303850992e-06,2.5860708731408766e-06,2.3412923630631385e-06,2.0231496657915116e-07
20160411,1.1327708306314556e-07,3.620823674852713e-06,2.5942872923210343e-06,2.364458835875137e-06,2.0260506151045328e-07
20160412,1.1440540575853883e-07,3.7227251013260974e-06,2.5659638122757415e-06,2.3113248675700827e-06,1.999603888560352e-07
20160413,1.1507722662498244e-07,3.824052925912093e-06,2.5412376827879977e-06,2.2658421017607835e-06,1.9832271377775871e-07
20160414,1.1546194222748472e-07,3.8793221300513165e-06,2.5103818934716296e-06,2.209740531881315e-06,1.961391556289589e-07
20160415,1.1616613447201814e-07,3.936396223183923e-06,2.4397847279418317e-06,2.1147241433912757e-06,1.9589764681404828e-07
20160418,1.159847749896178e-07,3.94885732654945e-06,2.3472491109436157e-06,1.992376880402056e-06,1.9498979865768782e-07
20160419,1.1158284693253056e-07,3.842868413813011e-06,2.2428506535799713e-06,1.8732459430479957e-06,1.9216513907814207e-07
20160420,1.0539919547128938e-07,3.686924721483932e-06,2.1326117326848976e-06,1.7624612480323479e-06,1.8498500277330923e-07
20160421,9.840938948985846e-08,3.5109864150414414e-06,2.0277033788880656e-06,1.6608826242581758e-06,1.795255121660583e-07
20160422,9.227669559450838e-08,3.3389664014957854e-06,1.9536958180517777e-06,1.5905884919441621e-06,1.7796735728196625e-07
20160425,8.665139522893648e-08,3.1921296700466158e-06,1.849193863848871e-06,1.5225978392573205e-06,1.7532976128022884e-07
20160426,8.172422560735105e-08,3.0451002141109194e-06,1.7566951319598614e-06,1.4583716655752392e-06,1.748882988084516e-07
20160427,7.746187749520618e-08,2.9062361557136805e-06,1.6666133547686136e-06,1.386219747028171e-06,1.746516619015973e-07
20160428,7.376137571869445e-08,2.7935021349943078e-06,1.5890110056207584e-06,1.3219640845379012e-06,1.7564169371834723e-07
20160429,7.012923809900148e-08,2.678600950408202e-06,1.528449277980469e-06,1.2736537898416392e-06,1.7810160433803373e-07
20160503,6.760276576459819e-08,2.5669652440979753e-06,1.478244351351062e-06,1.2278752376997132e-06,1.8086303360476965e-07
20160504,6.573014501776795e-08,2.472572051145009e-06,1.431613743329675e-06,1.1870283641660301e-06,1.838765701526895e-07
20160505,6.445789511376714e-08,2.402243602509603e-06,1.4010784901650013e-06,1.1532754727249403e-06,1.8770591670505446e-07
20160506,6.34230584809638e-08,2.339348313276715e-06,1.377589967801248e-06,1.1217641802847275e-06,1.9131252729684346e-07
20160509,6.245036509304196e-08,2.263200326185046e-06,1.343596144810954e-06,1.0734428440293204e-06,1.9286762443644126e-07
20160510,6.192583390839234e-08,2.190439292938186e-06,1.309436725592149e-06,1.014431517080023e-06,1.9489595662289374e-07
20160511,6.138457553012912e-08,2.1174417026874483e-06,1.2767564029114096e-06,9.734471948950273e-07,1.9820741082628448e-07
20160512,6.12803170794364e-08,2.06580926450323e-06,1.2541969100170332e-06,9.378426411436083e-07,2.041601780652022e-07
20160513,6.126659208884681e-08,2.0224737710677e-06,1.2400248503999083e-06,9.164068578697332e-07,2.1089649012133026e-07
20160516,6.124851540403949e-08,1.9730272259508093e-06,1.226964992946926e-06,8.963672876570508e-07,2.1749413761142416e-07
20160517,6.163522977864623e-08,1.932789432592497e-06,1.2342009818870807e-06,9.063605182647361e-07,2.2632976971930795e-07
20160518,6.29972356426486e-08,1.914151646084345e-06,1.2504686732203591e-06,9.216389554052628e-07,2.3525817018556351e-07
20160519,6.49418563726441e-08,1.9268374236821184e-06,1.2770492190711814e-06,9.437385691615315e-07,2.4679063386226765e-07
20160520,6.8985396034352e-08,1.9572194072668152e-06,1.3106958641845691e-06,9.736797452447586e-07,2.606387487844673e-07
20160523,7.346932388776655e-08,1.9999246510168795e-06,1.343553288165451e-06,1.0144128672152463e-06,2.737900170363303e-07
20160524,7.67078256808663e-08,2.0177878146327675e-06,1.4080057505687746e-06,1.0774668592637407e-06,2.8461152537079543e-07
20160525,7.987156545388054e-08,2.0564998023115854e-06,1.4576774795982e-06,1.1306614483690717e-06,2.956669480886731e-07
20160526,8.240315103925686e-08,2.0929648984934734e-06,1.5161913907349107e-06,1.1873067094346454e-06,3.049393965846818e-07
20160527,8.393089565476239e-08,2.1020937782437327e-06,1.5742120284549557e-06,1.2339678567569758e-06,3.1456492159888177e-07
20160530,8.576720942531269e-08,2.1119168147805848e-06,1.6516712053625492e-06,1.2919647186626855e-06,3.268260390392981e-07
20160531,8.756954717874295e-08,2.1350780383628133e-06,1.7456991484742783e-06,1.3363227873471952e-06,3.383713492164932e-07
20160601,8.906553044226696e-08,2.148379292556204e-06,1.8286652646444595e-06,1.3762469842383382e-06,3.4781104995716357e-07
20160602,8.999795183104565e-08,2.157945393772931e-06,1.907744927173204e-06,1.4186412566969203e-06,3.6066615061024343e-07
20160603,9.076118772392738e-08,2.1683292467317603e-06,1.99044387777779e-06,1.4692575074266047e-06,3.7216661427417454e-07
20160606,9.377459934085475e-08,2.235533010518522e-06,2.097229525265609e-06,1.5516558487115323e-06,3.89916074503336e-07
20160607,9.647279132281843e-08,2.2949269171612386e-06,2.2142362903759328e-06,1.6156145680062362e-06,4.0519491877584543e-07
20160608,9.831307962387157e-08,2.3203344390247e-06,2.336326926082457e-06,1.6822126256012256e-06,4.1612875020747466e-07
20160613,1.0087473495341482e-07,2.3604767241077565e-06,2.4404940008471736e-06,1.7416011994579016e-06,4.2649174146980303e-07
20160614,1.0256601181561483e-07,2.3899128904386417e-06,2.533922882928636e-06,1.8356589929472075e-06,4.34497036549797e-07
20160615,1.0377835023904015e-07,2.416762044742207e-06,2.6225052149811495e-06,1.9039233451287786e-06,4.395976805371296e-07
20160616,1.0366026564564242e-07,2.415206583515035e-06,2.7286620154345954e-06,2.0127001791775306e-06,4.4772979171746076e-07
20160617,1.0333052334872768e-07,2.4212311149381265e-06,2.8541137086631015e-06,2.1454456532297816e-06,4.5852347342021766e-07
20160620,1.0250931153970748e-07,2.416239996498066e-06,2.957912125015711e-06,2.2619575358636724e-06,4.6389497634904905e-07
20160621,1.0196756251411111e-07,2.4102514368440434e-06,3.0892131444068048e-06,2.3677811282219707e-06,4.7094573896793913e-07
20160622,1.0314550990826397e-07,2.4530842109430174e-06,3.288421789673557e-06,2.576081740993085e-06,4.875620968888818e-07
20160623,1.0376222749626121e-07,2.4927564861497275e-06,3.5766999146203342e-06,2.8329961807142914e-06,5.019336798670937e-07
20160624,1.0526114500399704e-07,2.55037118865166e-06,3.8213867465183684e-06,3.050975422968275e-06,5.194217708056203e-07
20160627,1.043518528569007e-07,2.5197737414929617e-06,4.092150010648462e-06,3.178493515678814e-06,5.203706470533386e-07
20160628,1.040752227697358e-07,2.5267915673799283e-06,4.305062913714478e-06,3.2556269800547025e-06,5.204232210989406e-07
20160629,1.0440881310117449e-07,2.530882980183498e-06,4.45107278020069e-06,3.3244872760579698e-06,5.19585146343291e-07
20160630,1.0421301423652404e-07,2.5196270709714707e-06,4.537655142610062e-06,3.3729672644773547e-06,5.164077250222575e-07
20160701,1.0392825608304276e-07,2.5052279549914255e-06,4.588531676505223e-06,3.3979174076248882e-06,5.098621955264608e-07
20160704,1.0410807464832112e-07,2.5046679826818162e-06,4.644450237630802e-06,3.447418969148981e-06,5.068200080180161e-07
20160705,1.0397533090288951e-07,2.490285439952832e-06,4.695086232577318e-06,3.479466135751835e-06,5.019928422674412e-07
20160706,1.0270885475226907e-07,2.4529250516704403e-06,4.721341113420568e-06,3.5175343884918013e-06,4.972793393646227e-07
20160707,1.0156674236172684e-07,2.4129126993952627e-06,4.722773456283694e-06,3.532310270493896e-06,4.919527000152169e-07
20160708,1.0036871380584432e-07,2.3616999865638587e-06,4.787620190614003e-06,3.5669628175547337e-06,4.857966993126039e-07
20160711,9.937391821848169e-08,2.2977191815458747e-06,4.8974102921364015e-06,3.571886507222798e-06,4.800905521253445e-07
20160712,1.0017707366298518e-07,2.265005662926353e-06,5.041462648974377e-06,3.670603909041232e-06,4.860063552532681e-07
20160713,1.0039934355497152e-07,2.236482319437492e-06,5.130257793217105e-06,3.7508722411092113e-06,4.914554256367558e-07
20160714,1.0050675249111675e-07,2.202866567623655e-06,5.188448835648327e-06,3.818841619052401e-06,4.974353283021424e-07
20160715,1.0010779094309107e-07,2.164544511196681e-06,5.282847639933108e-06,3.895287368851397e-06,5.001114817222301e-07
20160718,9.839783872728875e-08,2.099276782865539e-06,5.337561895947134e-06,3.9175591179987715e-06,4.903416645901036e-07
20160719,9.648295879164485e-08,2.043145387245538e-06,5.387617622196072e-06,3.933146143900057e-06,4.814026047305113e-07
20160720,9.441679010489988e-08,1.9923842884075016e-06,5.501924768717332e-06,3.95144018004452e-06,4.6929476632130693e-07
20160721,9.300355225400421e-08,1.9449253032688286e-06,5.621951305336984e-06,3.988240055675418e-06,4.6015213496534885e-07
20160722,9.194642989077856e-08,1.9081345488498434e-06,5.724486142335682e-06,4.01133425045975e-06,4.5198000527273695e-07
20160725,9.231555834936983e-08,1.91687198507387e-06,5.904544364977454e-06,4.108979555172846e-06,4.5342696326780296e-07
20160726,9.197620920570679e-08,1.9103587434079424e-06,6.099549506880433e-06,4.144540464583706e-06,4.5063629751233664e-07
20160727,9.208121168111234e-08,1.910068529318823e-06,6.298323421756462e-06,4.19065444438393e-06,4.470289178331076e-07
20160728,9.343818955080123e-08,1.933243811252073e-06,6.507067293724054e-06,4.242298588068046e-06,4.4350752470280616e-07
20160729,9.508019204734383e-08,1.9548546281704165e-06,6.648509060818131e-06,4.258315500472286e-06,4.4036903744441904e-07
20160801,9.721275020788438e-08,1.971096644693316e-06,6.784275562851082e-06,4.2847546350733555e-06,4.400598415808346e-07
20160802,9.90026559984591e-08,1.98284597427921e-06,6.919388549282537e-06,4.356538908104938e-06,4.379847470442193e-07
20160803,9.995744995181507e-08,1.9793764056864206e-06,6.979489213762279e-06,4.372808349554382e-06,4.3529031165695695e-07
20160804,1.0112474031499296e-07,1.9812194831383754e-06,7.039115449257352e-06,4.37616068389062e-06,4.3456989320706095e-07
20160805,1.0288942690297304e-07,1.9948103794568595e-06,7.179415058697852e-06,4.412413078490587e-06,4.360792926288341e-07
20160808,1.033268570221574e-07,1.9791500354869154e-06,7.236122196166868e-06,4.406534587762868e-06,4.339022236773088e-07
20160809,1.0560812139352287e-07,1.9914232439955494e-06,7.391428210563735e-06,4.4926042495115194e-06,4.35025515407385e-07
20160810,1.0734325541026698e-07,1.992911596730683e-06,7.549367727539244e-06,4.578915428452782e-06,4.3783404032409306e-07
20160811,1.0763881647517705e-07,1.969897571791532e-06,7.754673241696117e-06,4.611260469404668e-06,4.40078277180468e-07
20160812,1.0807219949612305e-07,1.9541985612682626e-06,7.919330175465754e-06,4.6316821560984414e-06,4.4056929932184783e-07
20160815,1.122919300730214e-07,2.000113794420703e-06,8.244981015832956e-06,4.7631767892677445e-06,4.4946838644048226e-07
20160816,1.1816011721932916e-07,2.0646362216144374e-06,8.487380991048858e-06,4.832570712983848e-06,4.5947145541972527e-07
20160817,1.229708178901402e-07,2.119172200630081e-06,8.668860214819878e-06,4.876847721913469e-06,4.6541043628171456e-07
20160818,1.288671225134368e-07,2.197451832449754e-06,8.839952312166095e-06,4.959468368747739e-06,4.790755794164561e-07
20160819,1.3672093736741812e-07,2.293952620679399e-06,8.994170456814081e-06,5.007853679524649e-06,4.994486926469194e-07
20160822,1.4304066564570875e-07,2.3892554128076787e-06,9.20086951039112e-06,5.132452377476366e-06,5.186506962132953e-07
20160823,1.4695710826446196e-07,2.4505478502912966e-06,9.360764867053577e-06,5.1692181074606785e-06,5.298700720979324e-07
20160824,1.497452258783617e-07,2.496138923943321e-06,9.46407930586838e-06,5.189352170615679e-06,5.444964724790018e-07
20160825,1.529740690604758e-07,2.541585150093533e-06,9.555989910830205e-06,5.174790253429049e-06,5.518878060511357e-07
20160826,1.574318900468194e-07,2.6379319467912916e-06,9.622442596240979e-06,5.144209607596825e-06,5.596357326684244e-07
20160829,1.610174615239825e-07,2.738533699996931e-06,9.614152699371424e-06,5.03328766962322e-06,5.715905371129955e-07
20160830,1.626131489372159e-07,2.803721155150201e-06,9.582507811267941e-06,4.940269894542106e-06,5.787475096904245e-07
20160831,1.641001733804429e-07,2.8736868153109427e-06,9.457788831284025e-06,4.7784752234173345e-06,5.854269721433594e-07
20160901,1.6459559508468737e-07,2.9351206123504017e-06,9.24052919734242e-06,4.563429597462644e-06,5.842347509267603e-07
20160902,1.6714914512918304e-07,3.0359321923093935e-06,8.95991431487776e-06,4.3968209796154854e-06,5.869142513353753e-07
20160905,1.721370321681292e-07,3.1817130507812817e-06,8.75582389142476e-06,4.2671707352049166e-06,5.870264842686713e-07
20160906,1.7534585425529675e-07,3.3043097034876187e-06,8.551576828697981e-06,4.157712531357249e-06,5.855341719453903e-07
20160907,1.7412643506707286e-07,3.34864247801606e-06,8.119008066966216e-06,3.973387204716595e-06,5.755286006640264e-07
20160908,1.7198324025940308e-07,3.3746842383079933e-06,7.676057546024572e-06,3.815970243079958e-06,5.676306817707377e-07
20160909,1.6837560609982196e-07,3.3656204279704847e-06,7.2749791463525954e-06,3.67369413336102e-06,5.562789976437957e-07
20160912,1.6372153502328906e-07,3.3248588139927007e-06,6.834820370700256e-06,3.5278131436975277e-06,5.413021315854222e-07
20160913,1.6377609140191802e-07,3.3782187715442395e-06,6.453619887120438e-06,3.445165287549255e-06,5.413423266033673e-07
20160914,1.643317246769381e-07,3.4218027605947635e-06,6.117641521665719e-06,3.3789532419340244e-06,5.432564252325806e-07
20160919,1.6484335227257194e-07,3.446921299268301e-06,5.827257793761554e-06,3.3274853004521334e-06,5.460569696936682e-07
20160920,1.6277702502077297e-07,3.418347482439821e-06,5.471511206190931e-06,3.2340599281350602e-06,5.435521349838961e-07
20160921,1.5900029688752797e-07,3.369297305137382e-06,5.065317145299225e-06,3.086816904575924e-06,5.347953608048281e-07
20160922,1.56794534117707e-07,3.3592328546381092e-06,4.697616946651726e-06,2.9545601141830976e-06,5.343383752328887e-07
20160923,1.54821506274219e-07,3.349339774263479e-06,4.3978980506152375e-06,2.828371708641014e-06,5.295137194179245e-07
20160926,1.5298966753225597e-07,3.344494186969394e-06,4.141922214107346e-06,2.7287902744487544e-06,5.256973267604223e-07
20160927,1.5294567741749136e-07,3.351233044157842e-06,3.9243369749210775e-06,2.642475279409092e-06,5.299024178223813e-07
20160928,1.529692527082466e-07,3.3900078015293905e-06,3.73573394349613e-06,2.535273440544377e-06,5.350963401321041e-07
20160929,1.516524032154289e-07,3.4090183346084328e-06,3.5649020263890104e-06,2.404264812666032e-06,5.308201905659576e-07
20160930,1.492499920481029e-07,3.445737717937415e-06,3.437381174991842e-06,2.327614793074878e-06,5.265365895433053e-07
20161010,1.4730260570833205e-07,3.4939898515845197e-06,3.3161238298090976e-06,2.276950154019084e-06,5.220413373186091e-07
20161011,1.4422217739402987e-07,3.432202417056357e-06,3.2336865948017886e-06,2.2535974701908427e-06,5.160922008575699e-07
20161012,1.422146224408085e-07,3.379802654083494e-06,3.1876127068379823e-06,2.250093553939514e-06,5.12629738532605e-07
20161013,1.3947935938959869e-07,3.318548928063644e-06,3.120272328644766e-06,2.2384571098845404e-06,5.045796404529543e-07
20161014,1.4249688649766539e-07,3.3421333898943864e-06,3.131889039048074e-06,2.3793016591709626e-06,5.145984964252244e-07
20161017,1.4513538636165655e-07,3.3748219301990858e-06,3.125160858318577e-06,2.49189208338961e-06,5.200396526698354e-07
20161018,1.4565234909903735e-07,3.368033093769516e-06,3.1383257829311126e-06,2.6078470767951174e-06,5.203783888898176e-07
20161019,1.5015208646309062e-07,3.394894340372588e-06,3.2585559379810354e-06,2.8828782824131883e-06,5.271928823641671e-07
20161020,1.5338047298313487e-07,3.3937750366310074e-06,3.344116252372671e-06,3.189242771546665e-06,5.382827040400647e-07
20161021,1.550147056305279e-07,3.328722724693003e-06,3.394780715723419e-06,3.4464840675786208e-06,5.453683515779402e-07
20161024,1.5677580126394989e-07,3.274325524133558e-06,3.416577975490825e-06,3.658459246214083e-06,5.514706391644341e-07
20161025,1.5732046921709909e-07,3.2001129102694616e-06,3.4175679072286547e-06,3.701057841810301e-06,5.544949334708792e-07
20161026,1.5651736576210034e-07,3.1324330302243384e-06,3.33820440940533e-06,3.7135855404901415e-06,5.576726639827797e-07
20161027,1.5557124866436596e-07,3.0633208085780255e-06,3.232832486826906e-06,3.664995239310023e-06,5.618378270829289e-07
20161028,1.5354518453180145e-07,2.988983497723204e-06,3.1103360727800903e-06,3.551777597207435e-06,5.592548070543134e-07
20161031,1.5215689268302644e-07,2.918831141744808e-06,2.999217601062879e-06,3.451611851760111e-06,5.621202871784651e-07
20161101,1.5360456318653715e-07,2.90437230880041e-06,2.908480572593879e-06,3.35578239386935e-06,5.70067278560565e-07
20161102,1.524608413132282e-07,2.867215044098611e-06,2.7908923496991485e-06,3.2419075042909176e-06,5.657160448382852e-07
20161103,1.5231715119653458e-07,2.8641102944049267e-06,2.699021708530182e-06,3.1594074253070765e-06,5.643394021593159e-07
20161104,1.5378403965589073e-07,2.8737160527204124e-06,2.601105983949146e-06,3.0684863639356852e-06,5.73837501023863e-07
20161107,1.503830107273771e-07,2.804313062742807e-06,2.4601971028020894e-06,2.9721225794129376e-06,5.78244652980038e-07
20161108,1.4685912713682286e-07,2.7600090764358227e-06,2.283017835823488e-06,2.8408419890469868e-06,5.790866204699598e-07
20161109,1.430317863330645e-07,2.6784220692874766e-06,2.126334260878729e-06,2.6685222629259265e-06,5.70850764300952e-07
20161110,1.395678852576492e-07,2.5949722567352588e-06,1.989843075405205e-06,2.5128431597670826e-06,5.576604602885663e-07
20161111,1.3742962380872005e-07,2.5137155373105237e-06,1.8861965792409345e-06,2.3832931025063113e-06,5.502931822596063e-07
20161114,1.3370366368825759e-07,2.4068089703976283e-06,1.8043538817492099e-06,2.275014777027417e-06,5.45569289096685e-07
20161115,1.3114534201306342e-07,2.2927219664011145e-06,1.7249222223293062e-06,2.1401817792879378e-06,5.314445203173152e-07
20161116,1.2930844507154343e-07,2.191580958536638e-06,1.6694810180273473e-06,2.0426513012807234e-06,5.166794358334602e-07
20161117,1.2775143547536043e-07,2.1063959283780544e-06,1.6191015379919455e-06,1.9530577765951856e-06,5.039837574686636e-07
20161118,1.267759719898543e-07,2.0307241723323007e-06,1.5787465257758251e-06,1.8772083915044065e-06,4.874089862901329e-07
20161121,1.265010692387454e-07,1.9570140437953604e-06,1.5395862954345823e-06,1.8081443431121217e-06,4.7109181592005506e-07
20161122,1.2679900115968787e-07,1.880335023256489e-06,1.518513323345307e-06,1.7657287292573886e-06,4.6228290683674953e-07
20161123,1.2774412555861117e-07,1.8224424920109112e-06,1.502056157640226e-06,1.7240985517161654e-06,4.5585695192207304e-07
20161124,1.286162121759041e-07,1.7727248288640893e-06,1.4953527981537102e-06,1.6957000624084492e-06,4.515761214017709e-07
20161125,1.3232045022110522e-07,1.7375943944359536e-06,1.4995756446894632e-06,1.6813222806995717e-06,4.4952691068583643e-07
20161128,1.3652222483055826e-07,1.7137317725040143e-06,1.4951380107767823e-06,1.6849344660680026e-06,4.484260906762219e-07
20161129,1.3898899999978978e-07,1.711157908296729e-06,1.5137353372140632e-06,1.7292458732268146e-06,4.417019520136315e-07
20161130,1.4203954668722998e-07,1.7341771362752824e-06,1.5440033902234502e-06,1.7625621327628926e-06,4.387929510891336e-07
20161201,1.4467451300123987e-07,1.736309228544886e-06,1.5729918831434348e-06,1.7935495131689805e-06,4.3554696376553446e-07
20161202,1.4704271415774937e-07,1.7354168016485115e-06,1.6085294490531358e-06,1.842084382585761e-06,4.3220749073955757e-07
20161205,1.5093720011469192e-07,1.7458329025329696e-06,1.6669046668463264e-06,1.9052150767230845e-06,4.297412564949987e-07
20161206,1.5379879171888906e-07,1.7511723659501764e-06,1.7283713038118925e-06,1.9554572224082536e-06,4.2428127216107845e-07
20161207,1.5801536450579143e-07,1.7660556106382495e-06,1.846793123948913e-06,2.0830646218715417e-06,4.23363347279846e-07
20161208,1.6146977842731136e-07,1.7799789126957732e-06,1.9696518671135252e-06,2.2147008623369477e-06,4.253303751209032e-07
20161209,1.643885127366866e-07,1.7858025620245996e-06,2.0853702866144724e-06,2.3331902576937163e-06,4.264125852460673e-07
20161212,1.697662852918269e-07,1.798513824958827e-06,2.2241691782869756e-06,2.4380397917600336e-06,4.276234525428521e-07
20161213,1.7580865812791536e-07,1.82851347595997e-06,2.4118797821072287e-06,2.640505552669055e-06,4.3466393121438777e-07
20161214,1.810076576510215e-07,1.8523224599439395e-06,2.596320664262999e-06,2.835217130403854e-06,4.373795656061541e-07
20161215,1.846545074940232e-07,1.8723287136618389e-06,2.7452095344482253e-06,3.0071642149076333e-06,4.381890237738883e-07
20161216,1.8814637232071486e-07,1.8971406265737285e-06,2.909762006532509e-06,3.1773960501521827e-06,4.4280337430206574e-07
20161219,1.9031275476951072e-07,1.9077003780124157e-06,3.0293002389586263e-06,3.303425787595811e-06,4.4466214277985254e-07
20161220,1.944537299457583e-07,1.9386788587856247e-06,3.2548857474481563e-06,3.571033600285813e-06,4.4950715493085915e-07
20161221,1.9635955393894233e-07,1.9528424482159684e-06,3.4150480705251774e-06,3.7663092557658525e-06,4.528354942612264e-07
20161222,1.983408694250208e-07,1.963614361822203e-06,3.535292883829886e-06,3.913192378880713e-06,4.524612110818809e-07
20161223,2.026189890132572e-07,1.979202589981126e-06,3.6417814898363164e-06,4.033190319912522e-06,4.531799282553844e-07
20161226,2.0597508693151377e-07,1.990871439413144e-06,3.7125430102509123e-06,4.158684408665868e-06,4.537281842837225e-07
20161227,2.1382385043234304e-07,2.0198666377580063e-06,3.7881107001127723e-06,4.268133174929015e-06,4.557910756214691e-07
20161228,2.2026565843278537e-07,2.0593701369224848e-06,3.863291824140952e-06,4.3348500809441656e-06,4.5783199231902717e-07
20161229,2.3288571529326386e-07,2.226254943587269e-06,3.928797612809937e-06,4.396639934737145e-06,4.6952203364103755e-07
20161230,2.4345374991650804e-07,2.3639944989388283e-06,3.967175038782664e-06,4.475217109760038e-06,4.790300411937266e-07
20170103,2.5283154172256034e-07,2.4978761423360416e-06,4.045840375742171e-06,4.604000822678084e-06,4.985269448960677e-07
20170104,2.5580253598388805e-07,2.5743979566196043e-06,4.070124418888399e-06,4.662032094960763e-06,5.063268711082177e-07
20170105,2.644932214803508e-07,2.6656787168251e-06,4.174237833628657e-06,4.960352543999168e-06,5.224246089273264e-07
20170106,2.7254286969953657e-07,2.7423373210790982e-06,4.268092404360014e-06,5.191092514213515e-06,5.370858830232735e-07
20170109,2.685609029688143e-07,2.722275797551972e-06,4.334043550294419e-06,5.389998893348582e-06,5.374269046709705e-07
20170110,2.638849013630006e-07,2.6933662643594964e-06,4.382985041042619e-06,5.448733830480203e-06,5.391113721973622e-07
20170111,2.56358345812978e-07,2.6107311572727544e-06,4.375560082553372e-06,5.437547030947934e-06,5.364123583858079e-07
20170112,2.501294909811264e-07,2.5032612509284172e-06,4.328522929565529e-06,5.442418362774678e-06,5.401931860395293e-07
20170113,2.426962734598191e-07,2.3802673239492275e-06,4.310084018704465e-06,5.465301907376573e-06,5.369496505360182e-07
20170116,2.35921489162899e-07,2.2917063406924225e-06,4.298827539333733e-06,5.414632176175928e-06,5.295413292534818e-07
20170117,2.318340193571217e-07,2.2380933391415056e-06,4.2626573417083466e-06,5.287769566879797e-06,5.282768182537727e-07
20170118,2.2843267922285992e-07,2.1907992224172376e-06,4.240858690002468e-06,5.184636562096756e-06,5.271962110261611e-07
20170119,2.236412593881684e-07,2.1499324148489633e-06,4.1922321295827945e-06,5.036305202091287e-06,5.199557158407187e-07
20170120,2.2377674474156954e-07,2.167674693699646e-06,4.225404742049241e-06,4.995156570763476e-06,5.216062823940364e-07
20170123,2.2411201287254304e-07,2.185912328748442e-06,4.236974584484318e-06,4.945769124265096e-06,5.217213899535919e-07
20170124,2.2502853631746054e-07,2.224613687961082e-06,4.327543288271532e-06,4.982135421231533e-06,5.17792743417686e-07
20170125,2.257209759823798e-07,2.2645512425021663e-06,4.413749734985439e-06,5.014752012337445e-06,5.139982665861804e-07
20170126,2.26731674236168e-07,2.2991693900417923e-06,4.536456580949891e-06,5.085713794880272e-06,5.116535660145212e-07
20170203,2.2471269511056923e-07,2.291646958070293e-06,4.674608949923754e-06,5.152915954293017e-06,5.097047526544035e-07
20170206,2.2279505538721205e-07,2.2687642568967353e-06,4.78292911999675e-06,5.207983940840972e-06,5.099355848155956e-07
20170207,2.208384395562868e-07,2.245229980592859e-06,4.908852668243994e-06,5.298636847843321e-06,5.103381429629724e-07
20170208,2.2090398060323191e-07,2.2397747776024264e-06,5.014964636426098e-06,5.3613556628965746e-06,5.119699108281599e-07
20170209,2.2146884531401754e-07,2.2412338869620292e-06,5.124638544119729e-06,5.43175687887246e-06,5.123180945763574e-07
20170210,2.200844596788751e-07,2.2304905027457055e-06,5.175432950638879e-06,5.4361961058675425e-06,5.076952893852865e-07
20170213,2.214651017583395e-07,2.264146002567218e-06,5.246166029271962e-06,5.471480443926909e-06,5.093314824269392e-07
20170214,2.232107606547493e-07,2.2915579304045115e-06,5.33729194774902e-06,5.520566721605678e-06,5.111658161145439e-07
20170215,2.2345160012454258e-07,2.303686851581327e-06,5.422562117120975e-06,5.5729832349887126e-06,5.118892416315978e-07
20170216,2.234732038313896e-07,2.3145379202191308e-06,5.489813097440909e-06,5.620414041510161e-06,5.11979349044506e-07
20170217,2.2380287257320715e-07,2.3271188437527992e-06,5.556794039844344e-06,5.677737518251482e-06,5.132419700176756e-07
20170220,2.2660530558198133e-07,2.356709667286259e-06,5.6838940424587404e-06,5.831862678465232e-06,5.20888561381875e-07
20170221,2.3048492123016505e-07,2.395006650886986e-06,5.930142104909711e-06,6.162873991687637e-06,5.263009320362101e-07
20170222,2.325124029584576e-07,2.415300524242336e-06,6.127242329779646e-06,6.42351249091116e-06,5.295116062394444e-07
20170223,2.346211152062515e-07,2.442845741695057e-06,6.282370665330132e-06,6.637047212986715e-06,5.305369932925272e-07
20170224,2.368915709599572e-07,2.4689129978325214e-06,6.483734496896816e-06,6.86647450670073e-06,5.330430310272556e-07
20170227,2.3664901732275722e-07,2.4575843427877094e-06,6.602561258060484e-06,7.014002802615547e-06,5.282637509021915e-07
20170228,2.3503964788793718e-07,2.4336975505162347e-06,6.682562183354267e-06,7.111983106142612e-06,5.272506624327564e-07
20170301,2.3423043980846524e-07,2.417302457916243e-06,6.684028512575052e-06,7.151468266375897e-06,5.259656104207036e-07
20170302,2.337642378745293e-07,2.4053919358423687e-06,6.765026161248477e-06,7.230634173731109e-06,5.253191752628208e-07
20170303,2.480039940326328e-07,2.5104966900687604e-06,7.084503808808212e-06,7.561657990825231e-06,5.454516606772845e-07
20170306,2.546661513128457e-07,2.549435937358272e-06,7.2983482618760046e-06,7.817317000962738e-06,5.491222116698429e-07
20170307,2.6003890766747366e-07,2.576232131540531e-06,7.356497190654887e-06,7.93170932960093e-06,5.531468759572289e-07
20170308,2.6528745146879677e-07,2.6112439013958257e-06,7.409264534282017e-06,8.013569640205058e-06,5.585367060861229e-07
20170309,2.6955506861626193e-07,2.637173952278142e-06,7.578522083019016e-06,8.153648261092638e-06,5.631791033229543e-07
20170310,2.760819291368374e-07,2.6746764535833258e-06,7.603818209671599e-06,8.219113309665343e-06,5.935636701494636e-07
20170313,2.7711641035456146e-07,2.698018854145242e-06,7.708709675386605e-06,8.324981772054179e-06,6.166396894958368e-07
20170314,2.749471335423406e-07,2.689814757653748e-06,7.738704270523018e-06,8.347972255392804e-06,6.236490544272687e-07
20170315,2.7450012897290767e-07,2.683436393826726e-06,7.743018438331789e-06,8.349717161597629e-06,6.188845107640094e-07
20170316,2.7153820354432015e-07,2.6595554664540193e-06,7.600706380165565e-06,8.252684354535518e-06,6.08973466311876e-07
20170317,2.6342672770304466e-07,2.5813888233225258e-06,7.281023960661857e-06,8.01198949700622e-06,5.8607560334228e-07
20170320,2.567961105002997e-07,2.520288933125801e-06,7.0900009574103e-06,7.840130081811741e-06,5.664531765278473e-07
20170321,2.508780252716912e-07,2.456689488926067e-06,6.9227274741005955e-06,7.648577218773644e-06,5.502450654027034e-07
20170322,2.449455674928131e-07,2.4098930281680714e-06,6.883363871456781e-06,7.665610777526822e-06,5.343125981301274e-07
20170323,2.393093729941062e-07,2.3674388918211825e-06,6.815712556098836e-06,7.686333731312278e-06,5.231900407768283e-07
20170324,2.326090043254574e-07,2.3081643628758773e-06,6.81655878865267e-06,7.65902294363689e-06,5.064349870197891e-07
20170327,2.2710906480067012e-07,2.2823405073236282e-06,6.724131147657368e-06,7.531896299577101e-06,4.896743772705902e-07
20170328,2.2563775578472143e-07,2.3155639655519173e-06,6.639558202085481e-06,7.444637773536245e-06,4.795353787999625e-07
20170329,2.2278668841470545e-07,2.3038100274519386e-06,6.8640240640834276e-06,7.697859045248653e-06,4.665997261269077e-07
20170330,2.2084829383268074e-07,2.294182698597788e-06,7.050783881044142e-06,7.918382524937667e-06,4.5610328748244903e-07
20170331,2.1730411372780592e-07,2.2636758213405313e-06,7.231954367351905e-06,8.070918782213838e-06,4.4597324560407143e-07
20170405,2.1487605797406618e-07,2.2519997563115054e-06,7.143404420885939e-06,7.964838673827714e-06,4.396973344470938e-07
20170406,2.12595772311638e-07,2.2392916624697284e-06,7.073058401790576e-06,7.873157792373657e-06,4.313690244932078e-07
20170407,2.0916361833540188e-07,2.2089912492278454e-06,6.908108080671128e-06,7.609562801668592e-06,4.212587346988578e-07
20170410,2.06216271372095e-07,2.171878842145736e-06,6.773432592811608e-06,7.374044777969237e-06,4.119205629776125e-07
20170411,2.0389069730040407e-07,2.152525279555371e-06,6.629208802200831e-06,7.148310579678869e-06,4.0376667070540646e-07
20170412,2.093525490589429e-07,2.163256436415823e-06,6.514922131410245e-06,6.947354007926736e-06,4.018700458344482e-07
20170413,2.1049426433940008e-07,2.126880431568332e-06,6.404388710199524e-06,6.7581191174128425e-06,3.9735124729589536e-07
20170414,2.105196996830967e-07,2.099192310403147e-06,6.246233874885337e-06,6.536857788997203e-06,4.0273683569920576e-07
20170417,2.1078973953748958e-07,2.0752149785489696e-06,6.104767801831429e-06,6.347264202995949e-06,4.093890179103689e-07
20170418,2.1131954033892855e-07,2.0616731916423508e-06,5.992489820581289e-06,6.19380127242169e-06,4.157025234007402e-07
20170419,2.0993649311618502e-07,2.0341240285959047e-06,5.933679752379228e-06,6.069424032095907e-06,4.1634420957116485e-07
20170420,2.0918795826710664e-07,2.0103855890328123e-06,5.849936397697714e-06,5.935216513742202e-06,4.173111135092963e-07
20170421,2.0750514242627319e-07,1.9888371180809803e-06,5.779435932598076e-06,5.817991238203691e-06,4.195541705278279e-07
20170424,2.052578238324756e-07,1.957509757443237e-06,5.727734729715353e-06,5.733678255604568e-06,4.215337366768134e-07
20170425,2.0327361286543182e-07,1.921953052951822e-06,5.653898027518264e-06,5.641708660033564e-06,4.2356356264810717e-07
20170426,1.991886071322907e-07,1.8957295082170249e-06,5.5901477270239415e-06,5.531825393133553e-06,4.271006324243232e-07
20170427,1.9590623925865813e-07,1.8694480538726984e-06,5.527354548983993e-06,5.439619492173123e-06,4.300175901556047e-07
20170428,1.9465261030786506e-07,1.875583693147936e-06,5.513153350615653e-06,5.403284403731663e-06,4.338830511380149e-07
20170502,1.9368246235382513e-07,1.8774855798401632e-06,5.5118888974475624e-06,5.352666581460267e-06,4.385599548081385e-07
20170503,1.9073675797241986e-07,1.871627296163666e-06,5.5005643845562955e-06,5.2992868989357e-06,4.409238913136787e-07
20170504,1.8398861246456604e-07,1.7920138592286944e-06,5.621752707931293e-06,5.342457399374244e-06,4.3635304693846327e-07
20170505,1.7471771359690137e-07,1.7098631815097619e-06,5.752864127576236e-06,5.3878710148765146e-06,4.264473492767446e-07
20170508,1.6711436403607452e-07,1.6230112227538286e-06,5.8249092350800925e-06,5.419380748193841e-06,4.1678955351800753e-07
20170509,1.6096494852243108e-07,1.5503590299010154e-06,5.8171933541063876e-06,5.367669965895595e-06,4.078517742411636e-07
20170510,1.560029833836977e-07,1.4916409188532773e-06,5.803474702401076e-06,5.334415369292496e-06,4.01091921567745e-07
20170511,1.5168560398354683e-07,1.425023136950116e-06,5.759510696503505e-06,5.3681317988834815e-06,3.9158925075210523e-07
20170512,1.4700358152982888e-07,1.3659942032346842e-06,5.716392194042597e-06,5.382391932059983e-06,3.8309533168667996e-07
20170515,1.4137363287837298e-07,1.2939550673712704e-06,5.587554450881956e-06,5.29810237306841e-06,3.7184775802721126e-07
20170516,1.3641468085198655e-07,1.2299415841903551e-06,5.4950253357475015e-06,5.250777993836796e-06,3.6203976808749833e-07
20170517,1.333632540498709e-07,1.1793458826388025e-06,5.378916650044768e-06,5.18739710547322e-06,3.57043382361608e-07
20170518,1.2987615325113123e-07,1.1386052849177806e-06,5.166235905758171e-06,5.032449907229803e-06,3.5314425129576454e-07
20170519,1.262880763955679e-07,1.1086774174087453e-06,5.045205661081311e-06,4.938726464983615e-06,3.4912915237181173e-07
20170522,1.220849792935493e-07,1.0781240427405447e-06,4.898312095584588e-06,4.832866848164693e-06,3.427532844504921e-07
20170523,1.1811852464317924e-07,1.0538164395063677e-06,4.813837908086909e-06,4.77298815282756e-06,3.3728831378061635e-07
20170524,1.1458970504597022e-07,1.0292600233971697e-06,4.680412161690237e-06,4.670821747430233e-06,3.3147889227134966e-07
20170525,1.1026490851922963e-07,9.944301200726798e-07,4.521877529611727e-06,4.531825912078851e-06,3.239610914687887e-07
20170526,1.0657961083617387e-07,9.623692747071798e-07,4.434642731058958e-06,4.434834861376468e-06,3.191436966627913e-07
20170531,1.0397841775805027e-07,9.413894893363036e-07,4.258957783313469e-06,4.3000574472306175e-06,3.1755487359715773e-07
20170601,1.0145402198292486e-07,9.240189806277087e-07,4.107546835477537e-06,4.166759816023181e-06,3.1625006189363416e-07
20170602,9.823660385847608e-08,8.940308441892716e-07,3.9764531338825e-06,4.063297568914802e-06,3.1046177276386936e-07
20170605,9.809670472602657e-08,9.158329959193154e-07,3.903540169891674e-06,4.0131034347595464e-06,3.093171537708974e-07
20170606,9.766251532966233e-08,9.286031642676817e-07,3.824654597997775e-06,3.941750881408423e-06,3.110702816821404e-07
20170607,9.736931869283716e-08,9.412940496664913e-07,3.7631598729794987e-06,3.867251101557357e-06,3.105656269317915e-07
20170608,9.718599374553469e-08,9.559755857948624e-07,3.681700780096975e-06,3.7922005326086543e-06,3.108389054143733e-07
20170609,9.751130569846939e-08,9.629257979288201e-07,3.636899981723857e-06,3.7665145356220336e-06,3.1131677007346004e-07
20170612,9.77036006153719e-08,9.664799638032723e-07,3.634420711704197e-06,3.743532152578103e-06,3.124596207251863e-07
20170613,9.890622690737846e-08,9.786895635891821e-07,3.610169387857668e-06,3.7318202338863895e-06,3.146019147792014e-07
20170614,9.81643611106081e-08,9.775406353996165e-07,3.5697483750506857e-06,3.6558335981303964e-06,3.148526302727174e-07
20170615,9.731434966651297e-08,9.7669007210577e-07,3.5201114181250857e-06,3.5964244116341775e-06,3.1339328160138e-07
20170616,9.780810227438048e-08,9.907521540246448e-07,3.4519249123425546e-06,3.5374673014076243e-06,3.1327773780397753e-07
20170619,9.699337320353342e-08,9.798845213344052e-07,3.343922553205779e-06,3.4608293965821516e-06,3.081995380935471e-07
20170620,9.764476345702711e-08,9.761161910837525e-07,3.2399744188008278e-06,3.4025236863091672e-06,3.050091666490868e-07
20170621,9.907585542282481e-08,9.724580265902596e-07,3.1382123561027165e-06,3.3517763144369497e-06,3.0264039656832906e-07
20170622,1.0054705318768166e-07,9.646358572190175e-07,3.058437635400066e-06,3.2978113692503254e-06,3.035894799755108e-07
20170623,1.0130198256515187e-07,9.568281281272558e-07,3.000880041148083e-06,3.261030861445949e-06,3.096827802548056e-07
20170626,1.0218709671111083e-07,9.506724945137974e-07,2.9463524870074403e-06,3.217941642111856e-06,3.1435966049562e-07
20170627,1.0220387509606607e-07,9.361141937511594e-07,2.911542942984477e-06,3.1785171860162304e-06,3.1323989012293856e-07
20170628,1.0456243405675974e-07,9.283107723807111e-07,3.1581804860347307e-06,3.4116978613869247e-06,3.2437771955127105e-07
20170629,1.0656622474987544e-07,9.233921479080255e-07,3.2793939319208586e-06,3.590653920120263e-06,3.314594878593876e-07
20170630,1.0827705231688362e-07,9.060086375117472e-07,3.36477992605239e-06,3.797823284280021e-06,3.352376875346151e-07
20170703,1.1193382634732949e-07,9.094816403210626e-07,3.427553230088586e-06,3.975143045005712e-06,3.3820098472499643e-07
20170704,1.135212659318217e-07,8.991720656406448e-07,3.4170876914486054e-06,4.040288582532566e-06,3.352244384235622e-07
20170705,1.1428004760540292e-07,8.881459438246414e-07,3.4226328342959393e-06,4.092060993193544e-06,3.328621227105418e-07
20170706,1.1418124688286195e-07,8.750826802660868e-07,3.401352490009439e-06,4.118503196308862e-06,3.299457671766529e-07
20170707,1.1386265656345194e-07,8.753373471106687e-07,3.3735314307642053e-06,4.113532712898289e-06,3.2555490770854127e-07
20170710,1.135071911649101e-07,8.761083119301716e-07,3.331385498748336e-06,4.128360688976912e-06,3.216634164981125e-07
20170711,1.1624887057176921e-07,9.051992881775144e-07,3.3065461190412265e-06,4.210090751530469e-06,3.233711297731039e-07
20170712,1.2063331590896503e-07,9.416401021993333e-07,3.218516628047069e-06,4.266289297704629e-06,3.1860763995704456e-07
20170713,1.2498552529288645e-07,9.788612685119945e-07,3.1706153634445615e-06,4.349300359531346e-06,3.1648931431868444e-07
20170714,1.2587439499362524e-07,1.0001126146895144e-06,3.1232661919998306e-06,4.335838300696383e-06,3.125402415720207e-07
20170717,1.2614129264660146e-07,1.0126485998877888e-06,3.094348555576565e-06,4.358879008978226e-06,3.103814215059364e-07
20170718,1.265075665327542e-07,1.0231504062157629e-06,3.0758650628361775e-06,4.37215806747216e-06,3.0889893048943915e-07
20170719,1.285594118453305e-07,1.038070149163204e-06,3.0646505277084743e-06,4.40892920410035e-06,3.0998828146057787e-07
20170720,1.2686870846595208e-07,1.0305815293582426e-06,3.0502013541696087e-06,4.415627821499714e-06,3.1021554211009915e-07
20170721,1.2546949795637167e-07,1.012271870066764e-06,3.0271559653922858e-06,4.429662100548283e-06,3.113692165174485e-07
20170724,1.241872239606375e-07,9.960957128733356e-07,3.0066788957625305e-06,4.34725261900735e-06,3.1054802792278287e-07
20170725,1.2256049090584407e-07,9.766788372281433e-07,2.9932968745648436e-06,4.297696507182387e-06,3.129466036671048e-07
20170726,1.19560404360978e-07,9.508850162881691e-07,2.972645422423149e-06,4.196053017498034e-06,3.124023702612738e-07
20170727,1.1681635636680109e-07,9.280397853356683e-07,3.0136289583264737e-06,4.178646460188048e-06,3.157430645892588e-07
20170728,1.146146698273558e-07,9.078286723460321e-07,3.056837612526229e-06,4.140624166493721e-06,3.1914192441092737e-07
20170731,1.1220824201463072e-07,8.881782384785541e-07,3.046173282774326e-06,4.028328946348791e-06,3.1929883798594336e-07
20170801,1.1066624896276565e-07,8.829627414779883e-07,3.103917240684108e-06,3.972739712931096e-06,3.2613137715940206e-07
20170802,1.0957654829392847e-07,8.820005144627428e-07,3.1621566003811035e-06,3.941638915811038e-06,3.3087006749264006e-07
20170803,1.0915881943219266e-07,8.839735628749776e-07,3.1760116114478234e-06,3.899863820031839e-06,3.326008529378555e-07
20170804,1.0954733037718348e-07,8.9302461169778e-07,3.1795566087848283e-06,3.851979463174893e-06,3.325706089213708e-07
20170807,1.0945888097878191e-07,9.026675439013403e-07,3.1597081425146954e-06,3.824668979179889e-06,3.3361579726724423e-07
20170808,1.093202026269e-07,9.148655258088889e-07,3.120712050095516e-06,3.792140376874563e-06,3.2909546128476745e-07
20170809,1.0909989240716846e-07,9.321081160899089e-07,3.0675708161398656e-06,3.7828881420062822e-06,3.265912730614246e-07
20170810,1.0905689698847547e-07,9.524492076238448e-07,3.014832594874139e-06,3.7498380454548113e-06,3.2169473582999656e-07
20170811,1.0941062637851338e-07,9.77532671048327e-07,2.9693988368427524e-06,3.7538087284343973e-06,3.153344330755542e-07
20170814,1.0939884473739568e-07,9.996856894815111e-07,2.9405458329722328e-06,3.7151876277470218e-06,3.0876238684852287e-07
20170815,1.096468487132431e-07,1.0139872412190005e-06,2.8831483468236195e-06,3.6655628653023327e-06,3.0330476626541735e-07
20170816,1.1041344928057694e-07,1.026717734962049e-06,2.8253502011311785e-06,3.626340354944366e-06,3.000574048466549e-07
20170817,1.1506543449387702e-07,1.049256215837005e-06,2.733701090451298e-06,3.5236363448989893e-06,2.9678239931311717e-07
20170818,1.2014008043112872e-07,1.0653263465020225e-06,2.6625440274356126e-06,3.4336121147050907e-06,2.927499719446446e-07
20170821,1.2525331445148764e-07,1.0856031190466804e-06,2.6112741085516145e-06,3.3842829452790205e-06,2.90990379246082e-07
20170822,1.2839361144392875e-07,1.08696232976723e-06,2.557665710772173e-06,3.322661543013879e-06,2.8977706067539847e-07
20170823,1.3020926395970146e-07,1.058631188805385e-06,2.4988926016912247e-06,3.2499819228213023e-06,2.8790538388499646e-07
20170824,1.317069562569628e-07,1.025696865535944e-06,2.431660698190114e-06,3.186250309518547e-06,2.8638911785329055e-07
20170825,1.331525392634329e-07,9.944390940960488e-07,2.377967954041119e-06,3.1254122837421702e-06,2.838084580222612e-07
20170828,1.3584931402746882e-07,9.733928628819866e-07,2.3265348705401916e-06,3.079009003172501e-06,2.8732189327906834e-07
20170829,1.3823527129236247e-07,9.542506094419007e-07,2.260272089268575e-06,2.9988099317153715e-06,2.8686337988151623e-07
20170830,1.392445748013443e-07,9.318876439294475e-07,2.202942376884138e-06,2.8995286513712243e-06,2.8402438863503273e-07
20170831,1.3928700281005753e-07,9.062874827704104e-07,2.176509537023448e-06,2.798490718250702e-06,2.800272372593021e-07
20170901,1.402364644815928e-07,8.84313010551959e-07,2.151987954613506e-06,2.7030277632970373e-06,2.76947913032949e-07
20170904,1.44427140510469e-07,8.714128024961213e-07,2.1195576922916587e-06,2.597579669472318e-06,2.740421210510554e-07
20170905,1.4797045610905873e-07,8.587039792939111e-07,2.0953052313393084e-06,2.4952698361184655e-06,2.714462657595426e-07
20170906,1.5310565122394146e-07,8.481566301102048e-07,2.091516999246534e-06,2.4270774746213337e-06,2.6876378037310635e-07
20170907,1.5788932790955095e-07,8.386475400545234e-07,2.0771453812443057e-06,2.3653488742853875e-06,2.651334639521869e-07
20170908,1.6359286106026631e-07,8.365198761315411e-07,2.0600110620277453e-06,2.3138503374104096e-06,2.6530870858753414e-07
20170911,1.6659526576067587e-07,8.267683771132851e-07,2.0086924620893297e-06,2.2408951093732387e-06,2.575405362473062e-07
20170912,1.6976848258168798e-07,8.15488108385487e-07,1.9531271109735393e-06,2.1794858489150492e-06,2.5175016155987307e-07
20170913,1.7260831292447505e-07,8.029516486300765e-07,1.8957073666520055e-06,2.103274755401515e-06,2.4756277511188843e-07
20170914,1.7557291464257403e-07,7.986240618331769e-07,1.8906613296970992e-06,2.1056660072509975e-06,2.4915971419323904e-07
20170915,1.7721613677407237e-07,7.848099242109129e-07,1.8618470664432102e-06,2.083141034622592e-06,2.547366625254323e-07
20170918,1.7700060318477984e-07,7.60291461759563e-07,1.8366510307777547e-06,2.048514567042315e-06,2.5999344571881253e-07
20170919,1.773964341048226e-07,7.424376288970213e-07,1.8069093917618916e-06,2.0144175117925986e-06,2.6548294157394317e-07
20170920,1.8155680617715421e-07,7.351114053257586e-07,1.7597730243205988e-06,1.9555605380013508e-06,2.7185635865916895e-07
20170921,1.8617779839016614e-07,7.307752690493795e-07,1.7114981669984362e-06,1.9013346264446291e-06,2.7768063086416423e-07
20170922,1.9155110282554104e-07,7.268638844099602e-07,1.6794160907131525e-06,1.8942566294827956e-06,2.809362910382436e-07
20170925,1.954384546767892e-07,7.221119332723967e-07,1.6498130963597452e-06,1.876100882042971e-06,2.820547635128244e-07
20170926,1.9772529077909902e-07,7.185164902681962e-07,1.6313577483050765e-06,1.8763427539719615e-06,2.846327673034859e-07
20170927,1.9876650718153807e-07,7.177601573493719e-07,1.6089962759959023e-06,1.880917779249228e-06,2.8557055094485934e-07
20170928,1.9969998076781313e-07,7.1439004545284e-07,1.5766978023252346e-06,1.8388713096675665e-06,2.868113613610578e-07
20170929,2.0355142521930197e-07,7.344102131542372e-07,1.5482535550869992e-06,1.7886000916451038e-06,2.8613876684234755e-07
20171009,2.0526846439334267e-07,7.523452182920426e-07,1.542249832183257e-06,1.7574387256464946e-06,2.8824734383725263e-07
20171010,2.0583580160365075e-07,7.656774415257287e-07,1.550938713653854e-06,1.7341895843246616e-06,2.918225055859767e-07
20171011,2.0567074051885352e-07,7.791541584539007e-07,1.5491294012085011e-06,1.7271615377578354e-06,2.962580814336393e-07
20171012,2.0093422198864733e-07,7.668611756527802e-07,1.5229565186405135e-06,1.716120851795961e-06,2.9851457277152187e-07
20171013,1.9521883115359332e-07,7.532900068054377e-07,1.4882903918272702e-06,1.6828409847483015e-06,2.979827367579903e-07
20171016,1.9066497434211905e-07,7.418207159307804e-07,1.4595518360060662e-06,1.6568561411232956e-06,2.9560643481591917e-07
20171017,1.8727032244709508e-07,7.315179620454164e-07,1.4289970416061342e-06,1.637329977806628e-06,2.955394738012582e-07
20171018,1.854950984514095e-07,7.241716577819557e-07,1.4022878512354122e-06,1.6306526993495412e-06,2.9589280156660234e-07
20171019,1.847280437786664e-07,7.198574050856883e-07,1.3809720522794104e-06,1.62436977356158e-06,2.9865091717286273e-07
20171020,1.8223074957190013e-07,7.041845151766744e-07,1.3693318338194196e-06,1.6101169272576436e-06,2.9405663764503174e-07
20171023,1.8076142041037465e-07,6.921213864178304e-07,1.3576770453412946e-06,1.6008602460504143e-06,2.892683539834122e-07
20171024,1.8014065770689727e-07,6.827756872475433e-07,1.3466997453652425e-06,1.5905393174302208e-06,2.8490160043176133e-07
20171025,1.7888029908566735e-07,6.713608190874609e-07,1.3385756383539403e-06,1.5786654400231446e-06,2.7885554506997163e-07
20171026,1.7930234516632234e-07,6.668706898685894e-07,1.3574352142209026e-06,1.575430458405492e-06,2.769393009124005e-07
20171027,1.8133746433359156e-07,6.669749746442622e-07,1.3725829812924487e-06,1.5727280871473369e-06,2.7284255310695426e-07
20171030,1.8347153357772387e-07,6.674631848865474e-07,1.3832596033286232e-06,1.5773863359015143e-06,2.701529110547914e-07
20171031,1.8548680214260257e-07,6.693002502864722e-07,1.390418304898147e-06,1.5746628319524522e-06,2.6670330990657334e-07
20171101,1.8841718668661102e-07,6.705676710371483e-07,1.3905988248048205e-06,1.5665250249553163e-06,2.630945305161378e-07
20171102,1.9168187056246676e-07,6.716378311973205e-07,1.3915476359166623e-06,1.5743858615717527e-06,2.6142085690882935e-07
20171103,1.9604958604571182e-07,6.756589840669381e-07,1.3762171098601147e-06,1.5844343040301916e-06,2.604551695843979e-07
20171106,2.020045561166925e-07,6.809028715350284e-07,1.3727057423466009e-06,1.589696733779189e-06,2.584350934098052e-07
20171107,2.1044420621756466e-07,6.917494661622499e-07,1.3763236677962822e-06,1.614176343145138e-06,2.5473797799497994e-07
20171108,2.1763428843345772e-07,7.010120041007783e-07,1.36932493596629e-06,1.6396207386405509e-06,2.5150332351992844e-07
20171109,2.2571968196081046e-07,7.18437429354166e-07,1.3643805999055742e-06,1.6443445251316674e-06,2.467193429170322e-07
20171110,2.355580416448272e-07,7.342677079130532e-07,1.3774212839374905e-06,1.652542079580308e-06,2.433965446388431e-07
20171113,2.424776422016113e-07,7.46344935260063e-07,1.3835496724017015e-06,1.6615371210422752e-06,2.4122686840039874e-07
20171114,2.496369695451538e-07,7.62926882029291e-07,1.3876428911251073e-06,1.6883415977813587e-06,2.3961463208221136e-07
20171115,2.5397532317632937e-07,7.744780323898815e-07,1.3898083511292669e-06,1.7160501573752457e-06,2.382910141953069e-07
20171116,2.583688631770655e-07,7.926105279461144e-07,1.411476794380897e-06,1.760028589178162e-06,2.3769540856111206e-07
20171117,2.7145370945556986e-07,8.395894824899062e-07,1.4644946217123875e-06,1.8144491324207506e-06,2.4265130291269047e-07
20171120,2.838364103190901e-07,8.874965365724356e-07,1.5104836648021413e-06,1.8810047290091642e-06,2.456227740047619e-07
20171121,2.9019903575464747e-07,9.216205409582319e-07,1.5720977385289323e-06,1.915121369337104e-06,2.474374668997464e-07
20171122,2.9541302546670106e-07,9.537322930513073e-07,1.6146021702630368e-06,1.9493450591339847e-06,2.492102078259438e-07
20171123,2.9818627094989834e-07,9.91351943954016e-07,1.6313930395339048e-06,1.9691717273775405e-06,2.51257575116095e-07
20171124,2.9992606922326724e-07,1.0333834693752339e-06,1.6432269525652765e-06,1.9801982424355446e-06,2.6193769375671713e-07
20171127,3.0171887051732776e-07,1.0652073083139244e-06,1.6506229347412003e-06,2.0106595459284537e-06,2.702745520435059e-07
20171128,3.0297421806151944e-07,1.086147140159286e-06,1.6828407805020059e-06,2.0240113548710204e-06,2.752770431359201e-07
20171129,3.050869112598069e-07,1.1285395183959003e-06,1.707484054293736e-06,2.0232186285345246e-06,2.798506776749988e-07
20171130,3.0730784243812115e-07,1.1544293805236446e-06,1.755414373028757e-06,2.020430299513708e-06,2.8391652483597494e-07
20171201,3.0433042275962293e-07,1.1602261823274183e-06,1.7883365778506651e-06,2.01806647928967e-06,2.8404552369791705e-07
20171204,3.07779134130007e-07,1.203003968302448e-06,1.8086810814258588e-06,2.0125079123478897e-06,2.966132639070664e-07
20171205,3.0991132177674136e-07,1.2437626328030375e-06,1.8117751109620955e-06,2.010305871001353e-06,3.065027103068938e-07
20171206,3.050700138000358e-07,1.2491893152727424e-06,1.812329209459377e-06,2.0016690033808948e-06,3.1230009403090017e-07
20171207,2.972319009427685e-07,1.2350797880780592e-06,1.7570746820597107e-06,1.919382082543948e-06,3.1083419686033715e-07
20171208,2.8866353364817396e-07,1.2204083609200176e-06,1.711391818738066e-06,1.8532632675010701e-06,3.0589707976099324e-07
20171211,2.816176272567875e-07,1.2116960370695504e-06,1.6766358294442428e-06,1.7994038841645569e-06,3.0143545342696115e-07
20171212,2.74000953896855e-07,1.2011125593441613e-06,1.6397421797804165e-06,1.7597940902869494e-06,2.9763463412911935e-07
20171213,2.683870990335904e-07,1.1896779108933402e-06,1.6186209639284643e-06,1.7309301421996671e-06,2.992668644854096e-07
20171214,2.6071049979845457e-07,1.1768424727062084e-06,1.5810694456743755e-06,1.6878798042438284e-06,2.997054359199475e-07
20171215,2.5440521922978467e-07,1.1791938115750343e-06,1.5578845644665494e-06,1.6548393464483123e-06,3.005316261587646e-07
20171218,2.4295126439519897e-07,1.1682251317608491e-06,1.5273995929922313e-06,1.6141854040548762e-06,2.930524213865928e-07
20171219,2.3168094617087644e-07,1.1445010934414347e-06,1.5000031045759164e-06,1.5731298193643367e-06,2.872916781368225e-07
20171220,2.2297604011022676e-07,1.1267674402102812e-06,1.5003753699604265e-06,1.5442195968896848e-06,2.8206939218284027e-07
20171221,2.1584006200010124e-07,1.1161906146207219e-06,1.4947161461683416e-06,1.518291200937979e-06,2.7781700501434596e-07
20171222,2.0901669819228e-07,1.099983759037881e-06,1.4999017792866167e-06,1.504789099714544e-06,2.7497513883621616e-07
20171225,2.0132779278809756e-07,1.0768747340881101e-06,1.50028157978474e-06,1.4809965693689009e-06,2.72486534857409e-07
20171226,1.958261178954047e-07,1.0651603600812321e-06,1.5035999068704352e-06,1.4500249450332378e-06,2.7075123946758686e-07
20171227,1.9119304894257622e-07,1.0544537588386952e-06,1.4954638346339457e-06,1.4225617288457887e-06,2.6673270656423933e-07
20171228,1.876707425577671e-07,1.0435187832882899e-06,1.495991495372934e-06,1.4084022131732424e-06,2.6121430376529235e-07
20171229,1.839062936371818e-07,1.022370092457806e-06,1.4961195456891782e-06,1.3940617208725024e-06,2.5663313287465757e-07
20180102,1.8149531941190266e-07,1.0055005981679414e-06,1.4892657668428518e-06,1.3718044706551716e-06,2.555648979297497e-07
20180103,1.7909028467211347e-07,9.93100387023149e-07,1.4809914856828515e-06,1.350610225852265e-06,2.5620978078963285e-07
20180104,1.7776366933273052e-07,9.880983114015273e-07,1.4472265593317017e-06,1.3165647796558166e-06,2.583189173440154e-07
20180105,1.7843039248179275e-07,9.833548201548486e-07,1.4818622533587736e-06,1.3370494337345206e-06,2.666725000987231e-07
20180108,1.8016304091463315e-07,9.925444537780576e-07,1.4992619152460862e-06,1.353095225551103e-06,2.7386721105081546e-07
20180109,1.812552813230387e-07,9.978805932604205e-07,1.5027784812514384e-06,1.3715376194853682e-06,2.8118913547846295e-07
20180110,1.8151447528592542e-07,9.95243029023258e-07,1.5028564288715418e-06,1.3930202360723402e-06,2.876004927895203e-07
20180111,1.8084172622006118e-07,9.916617579265107e-07,1.5099207374093427e-06,1.4100920970956797e-06,2.909577526225249e-07
20180112,1.81077564893026e-07,9.945826547245718e-07,1.5253900253109585e-06,1.424340819116827e-06,2.9371229491275017e-07
20180115,1.817333504586852e-07,1.002485325823848e-06,1.5380221290343561e-06,1.440975449461343e-06,2.961206140640889e-07
20180116,1.8161518657570568e-07,1.0031227099151322e-06,1.608522682174348e-06,1.5111267249301728e-06,3.063318652233426e-07
20180117,1.831606663030476e-07,1.0252894016907475e-06,1.6694618336140606e-06,1.570096375954772e-06,3.1407027488376055e-07
20180118,1.8278754905463425e-07,1.0311679504783112e-06,1.7197110297991348e-06,1.6245281821796212e-06,3.180323664778985e-07
20180119,1.819624790862397e-07,1.0274899213037442e-06,1.7277768792606546e-06,1.638875250453242e-06,3.1689361791075446e-07
20180122,1.8189465770871025e-07,1.0298332656569663e-06,1.7436002748356879e-06,1.6553004073343198e-06,3.1700368085126176e-07
20180123,1.9428447156726676e-07,1.102155118233133e-06,1.8330469071399797e-06,1.7451900046694288e-06,3.199803060368562e-07
20180124,2.054322495730799e-07,1.1746686769112396e-06,1.907536749638841e-06,1.826922838554371e-06,3.2134940157600776e-07
20180125,2.1511263380165278e-07,1.2279597122577923e-06,1.994493251794624e-06,1.9093874207626176e-06,3.239481791258762e-07
20180126,2.2361091378250357e-07,1.2752794647516167e-06,2.044177880413938e-06,1.9619739502858878e-06,3.249935906798948e-07
20180129,2.294995222962271e-07,1.3016771551505302e-06,2.0678855174779777e-06,1.9844595948564557e-06,3.283144924905042e-07
20180130,2.403469892173226e-07,1.370554888970065e-06,2.0621137691815213e-06,2.0000680487050273e-06,3.30716203705022e-07
20180131,2.541883255461179e-07,1.4496775038826876e-06,2.05189357843502e-06,2.0024786451994875e-06,3.333553992318385e-07
20180201,2.6579131060549784e-07,1.5107685263432677e-06,2.054762566472932e-06,2.080886181345909e-06,3.3895472689962193e-07
20180202,2.7626593082875284e-07,1.5552994772984007e-06,2.041306967083928e-06,2.1441139628607667e-06,3.4400744293026405e-07
20180205,2.8160592129751574e-07,1.569399657670569e-06,2.032079822119815e-06,2.1437579393413434e-06,3.522364168484752e-07
20180206,2.7938759208295673e-07,1.5432760568427936e-06,1.998731837037654e-06,2.1165061061616786e-06,3.5723952746881963e-07
20180207,2.771343890266738e-07,1.507209764609851e-06,1.9850413203828936e-06,2.1228689173879862e-06,3.6132043842151463e-07
20180208,2.7450057517545795e-07,1.4813295831070044e-06,1.967252331241039e-06,2.1095351350556195e-06,3.6420632685381336e-07
20180209,2.761009410373943e-07,1.4577737789647267e-06,1.968597602322627e-06,2.096722478684519e-06,3.6881451682047084e-07
20180212,2.7832212786217706e-07,1.4465687959717973e-06,1.9801348047151956e-06,2.101105621076849e-06,3.711181641333721e-07
20180213,2.747944385747379e-07,1.420260882106312e-06,2.04501989359934e-06,2.0947938585394446e-06,3.7251138471553043e-07
20180214,2.721504661741923e-07,1.3752470945535256e-06,2.1052348435944003e-06,2.1224746411624137e-06,3.7473492905907066e-07
20180222,2.6967116875128737e-07,1.3455582753168285e-06,2.160991912028388e-06,2.148225767771869e-06,3.7575450439478405e-07
20180223,2.6794160491889607e-07,1.3364885810812353e-06,2.2239806239482364e-06,2.1756277663413802e-06,3.786494484869887e-07
20180226,2.645634849297305e-07,1.3114463791350122e-06,2.2860400396613137e-06,2.1990371699015413e-06,3.7709899912970116e-07
20180227,2.626484655828913e-07,1.2965562095925223e-06,2.350003702784036e-06,2.2099667217567366e-06,3.893919216229869e-07
20180228,2.6106362778653924e-07,1.2858314939938045e-06,2.3769890280665453e-06,2.2006212059473067e-06,3.9969050640026244e-07
20180301,2.605556324658449e-07,1.2806766831978422e-06,2.4110389140115897e-06,2.2320678722519293e-06,4.106778015462958e-07
20180302,2.585933020712166e-07,1.270272310975363e-06,2.4397354555535234e-06,2.2600823747614716e-06,4.2377084489238424e-07
20180305,2.560274719034041e-07,1.2560452437368564e-06,2.4625241785294417e-06,2.251703804582621e-06,4.229000523274665e-07
20180306,2.5445559064199015e-07,1.2447243005446337e-06,2.4470260270950397e-06,2.247873742614625e-06,4.202625858488427e-07
20180307,2.5072570607855893e-07,1.2244370587051897e-06,2.4270452894514026e-06,2.2464567256192273e-06,4.208287824946352e-07
20180308,2.452260728374377e-07,1.2128627110676824e-06,2.40864031757792e-06,2.243252667915341e-06,4.1626727830054257e-07
20180309,2.3874957733345516e-07,1.2054983078228203e-06,2.45678438329106e-06,2.227679856519953e-06,4.093391157105166e-07
20180312,2.3349472300165197e-07,1.1965960664029103e-06,2.550384196874531e-06,2.2679753895953804e-06,4.1016618266488375e-07
20180313,2.2941351448178027e-07,1.1912138216830897e-06,2.6272074908854657e-06,2.305519224840682e-06,4.063123511913876e-07
20180314,2.2504742771264914e-07,1.181142373155847e-06,2.6195685406271666e-06,2.3441830206764377e-06,4.028034092060005e-07
20180315,2.209494474959712e-07,1.1695239032618024e-06,2.594838551602788e-06,2.355198214579531e-06,3.9753827597255226e-07
20180316,2.179033453702696e-07,1.1677572329603936e-06,2.558734444763616e-06,2.362416611070036e-06,3.9197243921575204e-07
20180319,2.163523910766954e-07,1.1692514761967665e-06,2.5221785519076826e-06,2.363797239335743e-06,3.830512704522431e-07
20180320,2.1418696302179308e-07,1.1644134901643852e-06,2.4840455183067356e-06,2.3553338894651496e-06,3.7733979736675946e-07
20180321,2.1357210917541555e-07,1.1591894966982752e-06,2.4573063451999e-06,2.360122264747735e-06,3.741592177213436e-07
20180322,2.1351957927742042e-07,1.1534248486102972e-06,2.4402261425144934e-06,2.3775870782668173e-06,3.700613776127991e-07
20180323,2.0461072036719987e-07,1.1091223669958282e-06,2.387295433914096e-06,2.3398782001702976e-06,3.6064927610939193e-07
20180326,1.991778454950022e-07,1.0944256273546346e-06,2.328555681241893e-06,2.3297095796998326e-06,3.4996881614336885e-07
20180327,1.957262119758658e-07,1.0780111553142996e-06,2.285327497333213e-06,2.318921715339653e-06,3.399701997339106e-07
20180328,1.933091144002496e-07,1.0651095748554336e-06,2.252136311645737e-06,2.3009906612682447e-06,3.314337385685127e-07
20180329,1.913165407718471e-07,1.0546640529413228e-06,2.2116913938442436e-06,2.2901926066908267e-06,3.2418793839473284e-07
20180330,1.882678698833511e-07,1.0397280748347912e-06,2.160237845761622e-06,2.2493983384269145e-06,3.1816743562601723e-07
20180402,1.8562403804038058e-07,1.0286805792006998e-06,2.1127123065156166e-06,2.2175253919686646e-06,3.153519393089502e-07
20180403,1.8348310808268624e-07,1.0190393945450842e-06,2.0773811291985694e-06,2.1970208593642596e-06,3.122655452394316e-07
20180404,1.8194607514798818e-07,1.0204395146651995e-06,2.051259828392934e-06,2.1601527890721835e-06,3.064583533560031e-07
20180409,1.7928941743169774e-07,1.02236115916562e-06,2.0423255736432646e-06,2.1170566696561696e-06,3.0321662048290847e-07
20180410,1.7634072938713437e-07,1.027058727691284e-06,2.031318994028173e-06,2.0837621755317783e-06,2.9952344387083353e-07
20180411,1.72193985008156e-07,1.0202856466325706e-06,2.0493103723360687e-06,2.0393881343792157e-06,2.9707697012386817e-07
20180412,1.6870837674240195e-07,1.014830732160447e-06,2.0566038571420663e-06,2.0052299381703445e-06,2.944472898363673e-07
20180413,1.6591459854675877e-07,1.0139421618108836e-06,2.1107375194777387e-06,1.9728566652394672e-06,2.9346277066490617e-07
20180416,1.6383632456852795e-07,1.0164352366131676e-06,2.1393740969303334e-06,1.9418533039016036e-06,2.9256610204712883e-07
20180417,1.6215860053373517e-07,1.0184030187591372e-06,2.149278776975511e-06,1.907843641637808e-06,2.902602951771526e-07
20180418,1.600895631808782e-07,1.0170788152190542e-06,2.13760069124763e-06,1.8599106761740608e-06,2.873618269753323e-07
20180419,1.5848102334945938e-07,1.0189296566427077e-06,2.122660046078224e-06,1.8177664102334947e-06,2.797042645452957e-07
20180420,1.5626649362969779e-07,1.0191432451577006e-06,2.074480569886663e-06,1.7732689942897249e-06,2.730803048585725e-07
20180423,1.5341188114505835e-07,1.0156301033014538e-06,2.0067438549607868e-06,1.7152937531110808e-06,2.6362584010223114e-07
20180424,1.6088910689902673e-07,1.0729892746815225e-06,1.9668725515978518e-06,1.6983070573573882e-06,2.61155594487021e-07
20180425,1.6745954006638527e-07,1.120782957334164e-06,1.9197348987027263e-06,1.6791231486484785e-06,2.58394635320112e-07
20180426,1.7316492248148265e-07,1.1642283378984896e-06,1.873225137397254e-06,1.6598282285209254e-06,2.5679130932144074e-07
20180427,1.7801023713160902e-07,1.1989819312509535e-06,1.822571814484012e-06,1.6658587771246507e-06,2.53949258306291e-07
20180502,1.824900578877235e-07,1.2353191561029e-06,1.7876161710020887e-06,1.6642518139420276e-06,2.5325277863560107e-07
20180503,1.8760870566940078e-07,1.2719194630146122e-06,1.7679243618233774e-06,1.6665388211792813e-06,2.509335782413519e-07
20180504,1.9109076798315043e-07,1.2946146491649007e-06,1.7580236664179398e-06,1.6581921534045936e-06,2.453799384486028e-07
20180507,1.9387381767125689e-07,1.3164627846615276e-06,1.7519896796220464e-06,1.6578424319539968e-06,2.4051145608817477e-07
20180508,1.9626287737349512e-07,1.3258377809656873e-06,1.747215300301647e-06,1.6511096967184724e-06,2.403635412621434e-07
20180509,1.9990928530984991e-07,1.3493575863691878e-06,1.7426562269540643e-06,1.647651891263792e-06,2.4030650308501313e-07
20180510,1.9951573650679177e-07,1.353440729235783e-06,1.7341126298146128e-06,1.6248907378976108e-06,2.3593957115859182e-07
20180511,2.003647859543632e-07,1.3710361582870613e-06,1.7373368163477585e-06,1.6216572971071976e-06,2.3318071034134118e-07
20180514,1.9718235144127238e-07,1.3740520418580106e-06,1.7483181268029188e-06,1.6267837187884596e-06,2.3032511998672051e-07
20180515,1.9455830059450836e-07,1.3811867611970651e-06,1.7500199832424142e-06,1.6150104283161348e-06,2.269353044181095e-07
20180516,1.9327524093344136e-07,1.4143356745136535e-06,1.7679723655859288e-06,1.6136291284157349e-06,2.26883141481015e-07
20180517,1.8894848739495203e-07,1.4277266823875844e-06,1.775341148029351e-06,1.5993207605693398e-06,2.2621879667291e-07
20180518,1.8530143463063404e-07,1.446977196971249e-06,1.7898937775932896e-06,1.5950340412882433e-06,2.2643552092571168e-07
20180521,1.8394547943305673e-07,1.4613355888776536e-06,1.80725809361533e-06,1.5869850869463712e-06,2.3625562135705279e-07
20180522,1.8377368702858172e-07,1.4746019034385785e-06,1.863364669111031e-06,1.595138879773757e-06,2.45026271020359e-07
20180523,1.847363424114636e-07,1.4775620135776612e-06,1.927249661740949e-06,1.636030538806866e-06,2.5839427934329307e-07
20180524,1.862743920757666e-07,1.476679428839817e-06,1.9795394690517717e-06,1.6777050844541355e-06,2.6978491051979494e-07
20180525,1.874302389719198e-07,1.4646866567166591e-06,2.01639945653305e-06,1.6995427337544142e-06,2.7959585680269013e-07
20180528,1.8869930900957814e-07,1.4516213107858151e-06,2.03061190671386e-06,1.7182035046271313e-06,2.8745611344446565e-07
20180529,1.8958103754735138e-07,1.4349551722216883e-06,2.0464377645574127e-06,1.7265685731572408e-06,2.932926579416076e-07
20180530,1.982929252411987e-07,1.4390255776685775e-06,2.1000225082147124e-06,1.794239086408306e-06,3.0210189459320044e-07
20180531,2.071902727465067e-07,1.4596242977442e-06,2.1220251003976474e-06,1.8397992242156826e-06,3.103064047586124e-07
20180601,2.1316277735474658e-07,1.4595083394578027e-06,2.1379216228393967e-06,1.8556395294566685e-06,3.1561573283766184e-07
20180604,2.1661164202727592e-07,1.4493219603047992e-06,2.1675424691625873e-06,1.854359876396738e-06,3.161617247105287e-07
20180605,2.1830280788820813e-07,1.4377893633705446e-06,2.1633127896677705e-06,1.8355732755491134e-06,3.157007352599589e-07
20180606,2.2174255575220962e-07,1.429797825792375e-06,2.1431994169456666e-06,1.8045385472224787e-06,3.140395508273905e-07
20180607,2.2555965744397125e-07,1.4312742326211944e-06,2.13441686270134e-06,1.7777060489260694e-06,3.110822480337002e-07
20180608,2.3117171241895188e-07,1.4431687967632793e-06,2.1270692145495053e-06,1.783270597618142e-06,3.146443503874513e-07
20180611,2.35443576466277e-07,1.4508118842396966e-06,2.1279291265543424e-06,1.784882039419109e-06,3.1978561781234336e-07
20180612,2.3749219168972556e-07,1.4558992030876347e-06,2.1231592652509583e-06,1.77289416692249e-06,3.234895981198794e-07
20180613,2.3339274357531923e-07,1.4264465862771854e-06,2.0847975885295214e-06,1.7285683840631994e-06,3.2199959123790995e-07
20180614,2.290495879879157e-07,1.3923710621263426e-06,2.0627595460823904e-06,1.6952796432061204e-06,3.2184860582513975e-07
20180615,2.2882073141469734e-07,1.3827906768756412e-06,2.0457661923565214e-06,1.66891364972729e-06,3.2200989813620603e-07
20180619,2.2125582629794552e-07,1.3434007439803578e-06,1.9968577268987495e-06,1.6250294859105956e-06,3.188151833898203e-07
20180620,2.1571345311826732e-07,1.3142168449158827e-06,1.9648482968833885e-06,1.6033473252508746e-06,3.1793310685448306e-07
20180621,2.106705964248622e-07,1.2909186479366533e-06,1.9742969155379487e-06,1.5947506189042004e-06,3.1537798167004387e-07
20180622,2.0601479326800032e-07,1.2734454072687566e-06,1.9751220778950134e-06,1.5868079956659473e-06,3.158077812193662e-07
20180625,2.0070392804532018e-07,1.2487529606878935e-06,1.97170524353443e-06,1.564431892023012e-06,3.1530896835740894e-07
20180626,1.9641488843492259e-07,1.232579517728001e-06,1.986309899495701e-06,1.5437354344349503e-06,3.139283876231384e-07
20180627,1.9394234025468025e-07,1.233690524259489e-06,2.010463392807385e-06,1.5404023488342222e-06,3.167986185601744e-07
20180628,1.917448057549587e-07,1.23702598163712e-06,2.040272804224748e-06,1.5386784097379075e-06,3.2393902432817167e-07
20180629,1.916903955979459e-07,1.2416471963947766e-06,2.0865666776616456e-06,1.542679234795636e-06,3.3316030670465814e-07
20180702,1.908863782751903e-07,1.237783572770865e-06,2.1202402955042e-06,1.5346863222610903e-06,3.39996706473065e-07
20180703,1.8898864981527344e-07,1.2313749529471177e-06,2.150576918032277e-06,1.5344836819433762e-06,3.420259961126018e-07
20180704,1.8754348349897205e-07,1.2351315064380691e-06,2.175379595155677e-06,1.5267525321093815e-06,3.441173816221475e-07
20180705,1.8539148863400497e-07,1.2300152166998322e-06,2.1704262014060575e-06,1.5108494242239578e-06,3.476956117284328e-07
20180706,1.8201460817570217e-07,1.2123210759019344e-06,2.160843246221999e-06,1.496225742380756e-06,3.5019994286568445e-07
20180709,1.792762929171538e-07,1.202168769538891e-06,2.1450451704492116e-06,1.4856341493840902e-06,3.5156700222822323e-07
20180710,1.7736969467142034e-07,1.1953816802257337e-06,2.1339458243516887e-06,1.4743891289449135e-06,3.5459138170709573e-07
20180711,1.752353047634625e-07,1.1845469117509882e-06,2.1478287200133043e-06,1.4674265255904795e-06,3.552639359464756e-07
20180712,1.731155522190174e-07,1.1748315766143445e-06,2.156911012600533e-06,1.4633022087000352e-06,3.5397701070889347e-07
20180713,1.7003048778056547e-07,1.1607944305700283e-06,2.155428283798744e-06,1.472998456036092e-06,3.5285276125268263e-07
20180716,1.665578328322224e-07,1.1549001118268499e-06,2.1555719298534084e-06,1.4885863138584268e-06,3.537702755365541e-07
20180717,1.7021452496212303e-07,1.1966282694453842e-06,2.2842308573801675e-06,1.5350669959979576e-06,3.913135094274237e-07
20180718,1.7337176307090485e-07,1.2374354080272077e-06,2.4114914107341604e-06,1.5838153850079837e-06,4.160800600188329e-07
20180719,1.767015142143792e-07,1.2798494216842474e-06,2.540559729729205e-06,1.6213466990163553e-06,4.363571802381493e-07
20180720,1.7984822019204462e-07,1.3153615832039459e-06,2.64022615599981e-06,1.6470138756162015e-06,4.63809368260013e-07
20180723,1.853087112714039e-07,1.3553186220090916e-06,2.729467996179803e-06,1.6776392116845725e-06,4.93860856983703e-07
20180724,1.9295845958989047e-07,1.4109869668589897e-06,2.820583560709089e-06,1.734303633936228e-06,5.168563170673941e-07
20180725,1.9932626463341942e-07,1.457917974606332e-06,2.855625520643056e-06,1.7663979462850803e-06,5.380385832929855e-07
20180726,2.074715546944e-07,1.4999767765031696e-06,2.8693678639760683e-06,1.7979448648217514e-06,5.625744584415889e-07
20180727,2.1253937621265562e-07,1.522537368069332e-06,2.899670531158167e-06,1.8176415393129297e-06,5.670535163201137e-07
20180730,2.2152942201519997e-07,1.5756531440253478e-06,3.0415343350705313e-06,1.927746104732949e-06,5.904049801641873e-07
20180731,2.264295705184032e-07,1.6043498809891146e-06,3.057285001760181e-06,1.9766740377749083e-06,5.962852918447933e-07
20180801,2.2728389472819218e-07,1.6043664919227002e-06,3.072084399149078e-06,2.0055937008570507e-06,5.920043479382966e-07
20180802,2.2612561569224636e-07,1.6105645188549808e-06,3.048424975577894e-06,2.061194147237627e-06,5.940626474332402e-07
20180803,2.2718262120586385e-07,1.6302354514795983e-06,3.0432226840682514e-06,2.1024899571681408e-06,5.960867914297297e-07
20180806,2.286473804635751e-07,1.650409353773602e-06,3.0062520823864147e-06,2.133490986018785e-06,5.909600112589922e-07
20180807,2.2848729107091158e-07,1.6621538486525119e-06,3.00143320390571e-06,2.1288027591949296e-06,5.916672030078691e-07
20180808,2.2796339191548166e-07,1.6622334210752724e-06,3.012614247372951e-06,2.1220714565018664e-06,5.921089295484444e-07
20180809,2.3161214598529161e-07,1.6754645013351222e-06,3.0080982083115873e-06,2.118371020176874e-06,5.929297864188089e-07
20180810,2.326370631398059e-07,1.6686550608203955e-06,2.977635984870161e-06,2.1180829727363e-06,5.931962237105177e-07
20180813,2.285419604001318e-07,1.6444617147766984e-06,2.9358453639125423e-06,2.117403873351751e-06,5.922036550552002e-07
20180814,2.2645945271732026e-07,1.6338436146784475e-06,2.9060738052830383e-06,2.107443506189397e-06,5.911759016373832e-07
20180815,2.2559028273735262e-07,1.625526915719478e-06,2.8849735767416046e-06,2.115569990519181e-06,5.908127996182334e-07
20180816,2.2477278619734959e-07,1.6173929246541715e-06,2.880969775392663e-06,2.1120515967794984e-06,5.876950154005695e-07
20180817,2.2211508473532734e-07,1.6181693784520974e-06,2.8677854534406883e-06,2.091345453961881e-06,5.859010917271475e-07
20180820,2.1930965171934273e-07,1.5760282495148994e-06,2.836124722605073e-06,2.0622034802514454e-06,5.839446882352288e-07
20180821,2.1647695999507154e-07,1.5371010237698533e-06,2.767153091909385e-06,2.0055053689709065e-06,5.798373814226507e-07
20180822,2.135431804726489e-07,1.5065426866370674e-06,2.7003075351998262e-06,1.9649572684046592e-06,5.76866620355022e-07
20180823,2.0844381921556397e-07,1.473331451863866e-06,2.6294222104561485e-06,1.8979124022116798e-06,5.743680664355304e-07
20180824,2.0740800501540832e-07,1.4729947335508357e-06,2.5504812412882707e-06,1.8473084088204828e-06,5.823020487649096e-07
20180827,2.0409976892794578e-07,1.4643714955945175e-06,2.4800214223229347e-06,1.8029994448176687e-06,5.896404767141322e-07
20180828,2.0191658483043157e-07,1.4657603026877463e-06,2.4220576926311246e-06,1.7695883031038748e-06,5.985444221728209e-07
20180829,2.0029481999864212e-07,1.4664030165847623e-06,2.372662603596079e-06,1.738864436365061e-06,6.143666854779916e-07
20180830,1.9869259318825577e-07,1.4671355446932085e-06,2.3186770921423984e-06,1.6897660443464947e-06,6.28088465013546e-07
20180831,1.975016557121934e-07,1.4658874113878094e-06,2.2723924532225296e-06,1.6496539911097983e-06,6.363518489083703e-07
20180903,1.9591205775014824e-07,1.464344264738646e-06,2.257001891040271e-06,1.6161876040884826e-06,6.613354654536655e-07
20180904,1.9430784816496623e-07,1.4604103544936937e-06,2.2441905209070194e-06,1.5875525203303318e-06,6.910045115255821e-07
20180905,1.9212978094264114e-07,1.4536257996127695e-06,2.2369223038681404e-06,1.557402801465779e-06,7.157758699008029e-07
20180906,1.9106479403280595e-07,1.45287589940134e-06,2.2252634997957328e-06,1.5342954080080247e-06,7.258099987592781e-07
20180907,1.8788117548726358e-07,1.440715869912109e-06,2.24455656237197e-06,1.4927949734938702e-06,7.288879768762172e-07
20180910,1.8983767081772998e-07,1.4432961026590412e-06,2.2614251149442815e-06,1.454569291773673e-06,7.376974949069788e-07
20180911,1.855519151199514e-07,1.4104137592417675e-06,2.274875202153015e-06,1.4133336356296786e-06,7.529872773684695e-07
20180912,1.8173182446342684e-07,1.3801780883738902e-06,2.2849006533786026e-06,1.3775271037896478e-06,7.558058141624259e-07
20180913,1.7884562903781636e-07,1.3581353935864872e-06,2.2941524477982332e-06,1.349944066782409e-06,7.60648993834888e-07
20180914,1.7838056510358048e-07,1.3392157208674808e-06,2.3082801787242025e-06,1.339204789349045e-06,7.673525379972686e-07
20180917,1.7916643043726022e-07,1.3624697237144414e-06,2.323892378857836e-06,1.3162383448250128e-06,7.591919814803226e-07
20180918,1.80082173952167e-07,1.3782152755092741e-06,2.3249342849345317e-06,1.2909745184323945e-06,7.625710130508405e-07
20180919,1.8126488884252527e-07,1.385919209289157e-06,2.3426814647024513e-06,1.2690452339543731e-06,7.715348697278349e-07
20180920,1.8272056470896707e-07,1.3913380087805082e-06,2.3863132388134755e-06,1.2592636481956566e-06,7.76367668268955e-07
20180921,1.840015407318806e-07,1.3986028073352749e-06,2.3956152651698985e-06,1.2489696372471726e-06,7.757080917993367e-07
20180925,1.844586221129708e-07,1.4024262954841792e-06,2.407197773390817e-06,1.2367797966513863e-06,7.906731083760447e-07
20180926,1.8427549638354089e-07,1.404317647337503e-06,2.415381736095904e-06,1.2390313870435446e-06,7.985883852831176e-07
20180927,1.849915391910892e-07,1.4144282695559546e-06,2.434026902876592e-06,1.2413260387469546e-06,8.048260208850547e-07
20180928,1.8620188226067067e-07,1.413245942274292e-06,2.4499266300543764e-06,1.261842458348312e-06,8.071976505749366e-07
20181008,1.8492966141742415e-07,1.4109445690633175e-06,2.4437426452314695e-06,1.2663742947400431e-06,8.066146764261139e-07
20181009,1.8264932781533e-07,1.396270298640763e-06,2.4393238955899797e-06,1.274647767302594e-06,8.046736445235529e-07
20181010,1.798465607738943e-07,1.382105482242488e-06,2.4152527785771797e-06,1.2694581943023309e-06,8.012259078285049e-07
20181011,1.7758237919612742e-07,1.371506167669212e-06,2.3769440941545764e-06,1.2589126024819498e-06,7.925913918054817e-07
20181012,1.7594564643975313e-07,1.3636272498478478e-06,2.3590915461653654e-06,1.2421068388284069e-06,8.19004030413507e-07
20181015,1.742477373881402e-07,1.3405802293433373e-06,2.3505781234506253e-06,1.2332452020119124e-06,8.425942778911884e-07
20181016,1.7307189948125626e-07,1.3114523777170375e-06,2.3756057063814595e-06,1.2300189859774496e-06,8.497269505371759e-07
20181017,1.8504751783040582e-07,1.390879361211517e-06,2.414484677272585e-06,1.2677330500605946e-06,8.446727337300842e-07
20181018,1.9163664425078723e-07,1.387706932141025e-06,2.437316224912222e-06,1.2811011871362218e-06,8.35436260684662e-07
20181019,1.963930630545088e-07,1.3841288806637422e-06,2.446784389986706e-06,1.27645042235774e-06,8.384667430294966e-07
20181022,1.9875156954509863e-07,1.3652178751762921e-06,2.4549571798893405e-06,1.2698470114176045e-06,8.434601304289024e-07
20181023,2.0102048678026219e-07,1.3455455438435523e-06,2.4479785407933126e-06,1.2566361524455449e-06,8.509307352641488e-07
20181024,2.0423736114181268e-07,1.3354415472990007e-06,2.4403545784373567e-06,1.2465738469851178e-06,8.462672506314433e-07
20181025,2.0660185698536793e-07,1.3215283072838141e-06,2.426015174056884e-06,1.2418654976290605e-06,8.425366753479719e-07
20181026,2.0794683359544246e-07,1.30039038585866e-06,2.4143962916719812e-06,1.235137967646848e-06,8.35567299826138e-07
20181029,2.0841126548093062e-07,1.2758501601283477e-06,2.3948692422259932e-06,1.231895047522024e-06,8.278420740367516e-07
20181030,2.0930047241576927e-07,1.2546011631126572e-06,2.3544343435849915e-06,1.2344181857823692e-06,8.24992578342531e-07
20181031,2.0676614804319732e-07,1.2167696349518587e-06,2.3010570399452528e-06,1.2222297995377875e-06,8.193984978677112e-07
20181101,2.055966983169553e-07,1.1686018487385842e-06,2.260223477298441e-06,1.2112252846719815e-06,8.102948041689667e-07
20181102,2.0592740999186993e-07,1.1201756903793388e-06,2.207386099058447e-06,1.202026057806804e-06,7.946832993072309e-07
20181105,2.0604471311135652e-07,1.0802187575609793e-06,2.243322911064923e-06,1.2070155619340337e-06,7.855429335952125e-07
20181106,2.0602875154767845e-07,1.0545812733920888e-06,2.267621568542153e-06,1.2207426983566001e-06,7.853515437357086e-07
20181107,2.0537436866578246e-07,1.0283748127603792e-06,2.314616737214225e-06,1.2392307662335604e-06,7.823867288961045e-07
20181108,2.0427183449491944e-07,1.002982079996895e-06,2.3461526234030643e-06,1.2508976337358526e-06,7.795633079032866e-07
20181109,2.0476667614287795e-07,9.874944710490132e-07,2.3565761862398804e-06,1.2838945420703971e-06,7.760531836926461e-07
20181112,2.0568118475656457e-07,9.75981545250206e-07,2.372482808961963e-06,1.3028424228624208e-06,7.751389381584646e-07
20181113,2.037677988558086e-07,9.55454501616971e-07,2.3780774009924697e-06,1.298389638577325e-06,7.698534930983203e-07
20181114,2.0450794978524874e-07,9.386048181569152e-07,2.4035603160679217e-06,1.303453775100649e-06,7.784413811591626e-07
20181115,2.0593747876369e-07,9.330298977740363e-07,2.409399861749312e-06,1.3428367094411627e-06,7.86378432866508e-07
20181116,2.060481713069625e-07,9.264152581537461e-07,2.4427806900329227e-06,1.3914742778387362e-06,7.932545831026336e-07
20181119,2.1046736037517536e-07,9.217981317529064e-07,2.3880068478871232e-06,1.3997310885347861e-06,8.016164817699384e-07
20181120,2.1263471959775744e-07,9.126695466623423e-07,2.3731958270223322e-06,1.3895171143577035e-06,8.020951604370061e-07
20181121,2.1621149400266002e-07,9.100227479760358e-07,2.3434590261046923e-06,1.3916991271214805e-06,8.150711499621819e-07
20181122,2.192390859189576e-07,9.121517055853483e-07,2.3455603677706534e-06,1.40385950370109e-06,8.243602686016875e-07
20181123,2.22074945327094e-07,9.136317819132159e-07,2.3404916596333826e-06,1.389299623189927e-06,8.156338825980114e-07
20181126,2.246810594085869e-07,9.213804777157108e-07,2.2860633258860687e-06,1.3721334393510507e-06,8.015211231147308e-07
20181127,2.2713738563070727e-07,9.263445587809136e-07,2.230579342124134e-06,1.365765039765491e-06,7.931520986284148e-07
20181128,2.2746148341963148e-07,9.354361875821694e-07,2.170028296433772e-06,1.3412793845162195e-06,7.754572462401545e-07
20181129,2.2687329197607788e-07,9.566627646910848e-07,2.1148296591866286e-06,1.3073134074988435e-06,7.663374602687699e-07
20181130,2.271593061813335e-07,1.0057924331609802e-06,2.0677547224444808e-06,1.2750208840811504e-06,7.606512108464931e-07
20181203,2.232846856393311e-07,1.034726417377211e-06,2.0099659604662976e-06,1.2375538193547769e-06,7.525652549896707e-07
20181204,2.218454566700886e-07,1.0579284166264366e-06,1.9584316782209254e-06,1.208408855387141e-06,7.449048131658289e-07
20181205,2.18159853456364e-07,1.0570353295276799e-06,1.9288623995327057e-06,1.1789148065383044e-06,7.310392236931105e-07
20181206,2.1623924363049455e-07,1.0593960647150655e-06,1.9061619070107148e-06,1.158715015533701e-06,7.269288919167051e-07
20181207,2.1438482386978535e-07,1.0705986623929877e-06,1.9036657023142778e-06,1.1201109807100867e-06,7.24240607751785e-07
20181210,2.1269084267452618e-07,1.0751181430562656e-06,1.9012826831014422e-06,1.0839615790365052e-06,7.233223166816048e-07
20181211,2.1113713223823243e-07,1.081065751261161e-06,1.9275842967301176e-06,1.0521640440392063e-06,7.24857127831025e-07
20181212,2.1066949573566263e-07,1.0833076381958535e-06,1.9776241511912583e-06,1.0270045092375542e-06,7.233538903033989e-07
20181213,2.076275828214315e-07,1.053666730722966e-06,2.0218689864043617e-06,1.0048473789501683e-06,7.174681876661813e-07
20181214,2.0537822292742965e-07,1.0256954727579063e-06,2.056144046238444e-06,9.85847724505668e-07,7.120933066886003e-07
20181217,2.0395662372934983e-07,1.0004940327337062e-06,2.0766151905897547e-06,9.681303912740896e-07,7.056523039852415e-07
20181218,2.0268797200116448e-07,9.767148023907884e-07,2.097078655986927e-06,9.605687024051368e-07,7.029516655120999e-07
20181219,2.0104437244551536e-07,9.595553468501112e-07,2.114175687696908e-06,9.540899401643746e-07,7.048114093427904e-07
20181220,1.9937408994441656e-07,9.470902801553086e-07,2.1344796949984675e-06,9.484359464057193e-07,7.050871942331586e-07
20181221,2.0039670120578418e-07,9.44543111998867e-07,2.1580308506291018e-06,9.503873640662046e-07,7.273350297899874e-07
20181224,2.016380353594363e-07,9.558575764919445e-07,2.224106950369118e-06,9.58332551083492e-07,7.842910617415866e-07
20181225,2.0204773655953075e-07,9.654462055483711e-07,2.2494523256150183e-06,9.619747812472031e-07,8.541480328364679e-07
20181226,2.01446602041212e-07,9.752913015711644e-07,2.2658329138516385e-06,9.602530607884544e-07,9.179706263936513e-07
20181227,1.9990936285943678e-07,9.833154522203267e-07,2.2631980767827995e-06,9.542909252798448e-07,9.680783566918486e-07
20181228,1.9998095900080503e-07,9.95062674367675e-07,2.2751277489789036e-06,9.483775699165247e-07,1.007869952417028e-06
20190102,2.018016257042601e-07,1.0150629498322094e-06,2.3790568721349388e-06,9.59776776724641e-07,1.0485334886573771e-06
20190103,2.0136747203461498e-07,1.0310119932590936e-06,2.465163794761784e-06,9.68899800598689e-07,1.0865889381884913e-06
20190104,2.044525875316492e-07,1.0599801726656676e-06,2.5476444933008406e-06,9.767854484092804e-07,1.0966599932439913e-06
20190107,2.1211983830406952e-07,1.0948722416358357e-06,2.6184774212731077e-06,9.883541699851275e-07,1.1236555167873035e-06
20190108,2.1567167771105543e-07,1.108398711795326e-06,2.7067517908955886e-06,1.0470092577347665e-06,1.133859656017058e-06
20190109,2.227198032204798e-07,1.121329609280669e-06,2.7662059663305374e-06,1.1117542173582131e-06,1.1203380646357468e-06
20190110,2.2677612854102713e-07,1.1319775819286973e-06,2.818790765434796e-06,1.163039301119747e-06,1.0973142147146912e-06
20190111,2.2743163216961897e-07,1.1269765810650032e-06,2.8225510172618517e-06,1.1943430985365414e-06,1.074863061134059e-06
20190114,2.3752821654160766e-07,1.240186898847708e-06,2.8851539061187237e-06,1.240845507734766e-06,1.0526267643957782e-06
20190115,2.4202403809281774e-07,1.3217878342297351e-06,2.941349003568705e-06,1.2769559505988177e-06,1.0341157550132045e-06
20190116,2.4399852539242683e-07,1.3788432860228573e-06,2.964983733238354e-06,1.2838135182601998e-06,1.015748916828004e-06
20190117,2.4526535739494803e-07,1.4180743918057197e-06,3.000527451719979e-06,1.279292052077353e-06,9.925925796542947e-07
20190118,2.430611189979403e-07,1.422307292784264e-06,3.039050421928251e-06,1.2738609721084275e-06,9.566502152383564e-07
20190121,2.403698197851343e-07,1.4077991750249788e-06,3.0455715853304443e-06,1.2538432626892174e-06,9.230890785093643e-07
20190122,2.3794865847127194e-07,1.3884830779381934e-06,3.0259621542001044e-06,1.2156187559852745e-06,8.868151867889777e-07
20190123,2.371303902979448e-07,1.3713917861961508e-06,3.0049106272825278e-06,1.1770558429907664e-06,8.630414932558577e-07
20190124,2.4184457185564194e-07,1.3802752490844897e-06,3.028646263633347e-06,1.205858188128595e-06,8.508754996678584e-07
20190125,2.4675712309615345e-07,1.393495615184763e-06,3.0282184996196117e-06,1.2348545458137691e-06,8.427505175229055e-07
20190128,2.4728625446933413e-07,1.3920951629601178e-06,2.994973876845101e-06,1.2456292605342474e-06,8.222787021494769e-07
20190129,2.465385944235359e-07,1.3836375151862795e-06,2.965055625777278e-06,1.256821315992202e-06,8.048491194975803e-07
20190130,2.468988292739399e-07,1.4150942986349072e-06,2.999340098750888e-06,1.2736856083134095e-06,7.751905541627868e-07
20190131,2.5450332963024356e-07,1.4798789951972523e-06,2.9031561575172675e-06,1.3191366911370396e-06,7.486599684504919e-07
20190201,2.627955303471036e-07,1.547366076584467e-06,2.8173880002824736e-06,1.3547273237527635e-06,7.178966441194359e-07
20190211,2.6710177597061096e-07,1.6209189393495373e-06,2.749628212306773e-06,1.3874798338917187e-06,7.300427933265925e-07
20190212,2.6933846450991875e-07,1.6734695567702145e-06,2.7069341287296723e-06,1.420670732699108e-06,7.317490833478958e-07
20190213,2.6414995158946704e-07,1.6688829479776805e-06,2.6749142958157896e-06,1.4397664760002487e-06,7.295678462547487e-07
20190214,2.5825046959768316e-07,1.6520989709580956e-06,2.6243916471235615e-06,1.4433360423256457e-06,7.277327599392859e-07
20190215,2.513591741342155e-07,1.6199729358075205e-06,2.6194879098892255e-06,1.461891516094336e-06,7.211969445041116e-07
20190218,2.464735317099436e-07,1.5797329205553466e-06,2.6229971831898474e-06,1.4917391745651178e-06,7.160555210792637e-07
20190219,2.443614520362929e-07,1.5592940696495811e-06,2.6174915370673616e-06,1.515347440115672e-06,7.113962126843795e-07
20190220,2.414269526755728e-07,1.5299118477197288e-06,2.556344687505973e-06,1.5235590942177573e-06,6.991844960600089e-07
20190221,2.3697838672186833e-07,1.4953874159008283e-06,2.4774309783071423e-06,1.5150780158597114e-06,6.839688356540515e-07
20190222,2.364480851173636e-07,1.4832184587770344e-06,2.413291940151786e-06,1.5250902880348016e-06,6.683715631152663e-07
20190225,2.346861577331776e-07,1.4613622591682706e-06,2.3666551645173378e-06,1.5437789582025608e-06,6.496851510819282e-07
20190226,2.3307776360810878e-07,1.4429601813782848e-06,2.3105781491511795e-06,1.5573019327458092e-06,6.358918942013002e-07
20190227,2.322980654667961e-07,1.425256912584144e-06,2.2631291156604365e-06,1.575001865299009e-06,6.220053507631006e-07
20190228,2.3272882303901565e-07,1.4187168737958615e-06,2.228660616227661e-06,1.5877393658853578e-06,6.108984434371404e-07
20190301,2.3338879584826262e-07,1.4164760669185038e-06,2.18331068168693e-06,1.5885530888920716e-06,6.03225478451734e-07
20190304,2.3278459133191714e-07,1.4113258768260337e-06,2.1355649088571975e-06,1.5689722001999685e-06,5.969493426660278e-07
20190305,2.30337559593334e-07,1.3954783556075102e-06,2.097270928774075e-06,1.5586410399676753e-06,5.925493536495025e-07
20190306,2.2783712666194096e-07,1.3719406894913795e-06,2.076220554088719e-06,1.5510392784527897e-06,5.977659955737569e-07
20190307,2.2519158162570632e-07,1.353092158986438e-06,2.249151376850798e-06,1.5661107652112815e-06,6.024613226372433e-07
20190308,2.214920642790065e-07,1.3301191757297699e-06,2.3957874130673984e-06,1.5887154982163452e-06,6.221808052158858e-07
20190311,2.2085009416682443e-07,1.3240989389703738e-06,2.534431491786399e-06,1.599359960193254e-06,6.63756680032893e-07
20190312,2.203217670548683e-07,1.3176462257343007e-06,2.703892715954425e-06,1.6088620940468414e-06,6.978111364613871e-07
20190313,2.227745585906635e-07,1.326492868520911e-06,2.827947420168055e-06,1.6194517088989288e-06,7.285904665463434e-07
20190314,2.2382004572351842e-07,1.3275176711876648e-06,2.900430761398642e-06,1.634235601763594e-06,7.383479313373534e-07
20190315,2.2782714051865542e-07,1.3435550503967491e-06,2.9580369669339465e-06,1.659648085631229e-06,7.460237439496819e-07
20190318,2.3223805541773336e-07,1.3843793233094238e-06,3.0147594127631535e-06,1.6931841949762434e-06,7.481150396038916e-07
20190319,2.3591428491383566e-07,1.4185195708258335e-06,3.04469137312817e-06,1.72038671454122e-06,7.465141070415464e-07
20190320,2.393905729009167e-07,1.447977569824249e-06,3.0765828013815406e-06,1.7524634211563285e-06,7.280876885836238e-07
20190321,2.4143603074697773e-07,1.4639735437233125e-06,3.1117139875817357e-06,1.7685719370250561e-06,7.140774715870766e-07
20190322,2.422634550952912e-07,1.4705699980798629e-06,3.137114381830322e-06,1.7774365866039284e-06,6.96119189750045e-07
20190325,2.4167047871411564e-07,1.4627904624771802e-06,3.1575661600802412e-06,1.7924599303959842e-06,6.399995682288242e-07
20190326,2.4195449049706705e-07,1.4650544422162148e-06,3.153014509200029e-06,1.8091356936241531e-06,5.921335998418145e-07
20190327,2.3990252166975076e-07,1.4544381695672898e-06,3.132472867108317e-06,1.8223503705511883e-06,5.53232132633875e-07
20190328,2.3898058509631145e-07,1.4556702929282407e-06,3.107866396393392e-06,1.829494408823403e-06,5.254541621757823e-07
20190329,2.404468087936151e-07,1.446387977996215e-06,3.1301506247890096e-06,1.8442387744981235e-06,5.041710685383127e-07
20190401,2.416906692343006e-07,1.430525840062185e-06,3.2089855240071054e-06,1.8797728449225721e-06,4.900278473648427e-07
20190402,2.4426535260386236e-07,1.4183675939098528e-06,3.30394310108472e-06,1.9166783019245265e-06,4.793317831470488e-07
20190403,2.4907695704143725e-07,1.4402854098539114e-06,3.3943086529930727e-06,1.9523213306785683e-06,4.6951022977521425e-07
20190404,2.565291858264703e-07,1.4764241232426892e-06,3.444648896570486e-06,1.980478178615548e-06,4.618270505681273e-07
20190408,2.5653958762627263e-07,1.5043422980009585e-06,3.7573935431078423e-06,2.0432233061500233e-06,4.5892540398005147e-07
20190409,2.577893499079198e-07,1.529344781537869e-06,3.952316104513069e-06,2.154920874379653e-06,4.5693813964924846e-07
20190410,2.614044963882182e-07,1.5704534286042147e-06,4.114368244775005e-06,2.2781650343632167e-06,4.558906247056368e-07
20190411,2.655475051918279e-07,1.628612325798524e-06,4.261646360706158e-06,2.3803866726870712e-06,4.579409419664782e-07
20190412,2.673678213669401e-07,1.6699543130345414e-06,4.389886528699878e-06,2.4825110361505903e-06,4.5928041395341635e-07
20190415,2.6845086256996784e-07,1.715826274131476e-06,4.471739485287922e-06,2.554485480242517e-06,4.553838959718497e-07
20190416,2.682082786116455e-07,1.7278589390789602e-06,4.509114703233883e-06,2.6129130393869954e-06,4.4928085740158e-07
20190417,2.679753505635431e-07,1.7427756950499147e-06,4.548692541235899e-06,2.6524089015166234e-06,4.4375424406704306e-07
20190418,2.636350816802476e-07,1.727454622726335e-06,4.558106788779775e-06,2.6566275964566446e-06,4.499467395308657e-07
20190419,2.5849166842272857e-07,1.715051537145136e-06,4.555219526455906e-06,2.6482208036710916e-06,4.514451680857142e-07
20190422,2.5351501875638284e-07,1.7005071721957496e-06,4.525855341302723e-06,2.6294536275973166e-06,4.504554312101123e-07
20190423,2.520199131883577e-07,1.7090252130920083e-06,4.527166088970832e-06,2.6080977061431363e-06,4.4695165329839883e-07
20190424,2.472782807062055e-07,1.697471814572078e-06,4.544759059269909e-06,2.5668536544494075e-06,4.4010306360993564e-07
20190425,2.424607079487839e-07,1.6750818970950601e-06,4.561932755288661e-06,2.5360535317121775e-06,4.318217675561062e-07
20190426,2.3994775378204654e-07,1.6623903727598931e-06,4.575278742768326e-06,2.499956433742193e-06,4.2157674498024967e-07
20190429,2.395849456838474e-07,1.6698380152171107e-06,4.601566553376024e-06,2.4794890554311414e-06,4.217284157782445e-07
20190430,2.4002557683777806e-07,1.6697182870881196e-06,4.672621161965858e-06,2.4666446745906173e-06,4.258343697827301e-07
20190506,2.408543167705291e-07,1.658799378626121e-06,4.770544601162619e-06,2.4674479213579108e-06,4.2997601656955956e-07
20190507,2.4166848463865424e-07,1.65852324537106e-06,4.874056617469777e-06,2.444775936454755e-06,4.3857135265665247e-07
20190508,2.4245869732585797e-07,1.658788490434549e-06,4.9366830891015055e-06,2.428732582269833e-06,4.437083602215129e-07
20190509,2.565525794335669e-07,1.6915498352431972e-06,4.990181994977688e-06,2.4298860553706296e-06,4.667098199218317e-07
20190510,2.651952500702916e-07,1.707225375662076e-06,5.245859667457855e-06,2.4413876204937376e-06,4.825334666798434e-07
20190513,2.714238777280281e-07,1.71515157021385e-06,5.53540873934423e-06,2.4511567461865827e-06,4.943250180263329e-07
20190514,2.782916242203945e-07,1.7210799223234282e-06,5.789690038429329e-06,2.433064790931824e-06,5.003904638643505e-07
20190515,2.8320316210288806e-07,1.7318871754175752e-06,5.8532150396305815e-06,2.404846301745116e-06,5.005233211174003e-07
20190516,2.824741698207466e-07,1.742361436966352e-06,5.909119426794444e-06,2.371375708092145e-06,4.875476821759348e-07
20190517,2.804926584117762e-07,1.752172793313491e-06,5.9106434189755375e-06,2.32819329406056e-06,4.7246291073397015e-07
20190520,2.747830195553884e-07,1.7618144297293768e-06,5.865064238203335e-06,2.2911257476015263e-06,4.6198988175006013e-07
20190521,2.664441199397513e-07,1.730479945758062e-06,5.8111272558958166e-06,2.215363811298702e-06,4.4915641607820555e-07
20190522,2.594757790984042e-07,1.6983954974802427e-06,5.7604298917785275e-06,2.163856729224808e-06,4.389505592304097e-07
20190523,2.4944184482787963e-07,1.6478845271047564e-06,5.677730041061847e-06,2.089732153530707e-06,4.199452113845964e-07
20190524,2.4081642164140114e-07,1.6037163848392482e-06,5.479286988493762e-06,2.0146398630457114e-06,4.0365325823387824e-07
20190527,2.3365600393219035e-07,1.5627953917583334e-06,5.231360949167536e-06,1.9238535905635784e-06,3.911297158361501e-07
20190528,2.2689625264938682e-07,1.528423119541613e-06,5.0201756580248895e-06,1.8496244756819814e-06,3.802231169654714e-07
20190529,2.2177065005059874e-07,1.5007972797397555e-06,4.859415942607944e-06,1.7898472398858266e-06,3.6995550089869745e-07
20190530,2.178320151750256e-07,1.4720868639696822e-06,4.716851199165077e-06,1.7372061444310683e-06,3.6241391745234576e-07
20190531,2.1511346137547343e-07,1.4564749047979287e-06,4.589734268521408e-06,1.683796134012057e-06,3.5194026551756796e-07
20190603,2.1569632116203658e-07,1.4544666380861694e-06,4.47616835814814e-06,1.6381737067149224e-06,3.4043754274172724e-07
20190604,2.1481424051321184e-07,1.4347977610751261e-06,4.392336807384945e-06,1.6062132098483928e-06,3.3437396751279e-07
20190605,2.1376853874140074e-07,1.4104008257515831e-06,4.2910417638497435e-06,1.5698625761652017e-06,3.3073600506847925e-07
20190606,2.122741249130972e-07,1.3867513565867801e-06,4.213712723702343e-06,1.5359990806018902e-06,3.271595907069433e-07
20190610,2.1139791168837163e-07,1.3659215645792668e-06,4.1414986549449335e-06,1.509218993905369e-06,3.281519488396952e-07
20190611,2.0850196246913364e-07,1.3516000298256965e-06,4.067969046733054e-06,1.4876459985030308e-06,3.2644760255395653e-07
20190612,2.0654690537198027e-07,1.3372928400073628e-06,3.970583159676639e-06,1.4625456178719918e-06,3.2653024311083387e-07
20190613,2.0503006043177622e-07,1.3248811656235767e-06,3.952610766724081e-06,1.4471707916829935e-06,3.2964461956886913e-07
20190614,2.0359562953465418e-07,1.3044121720615004e-06,3.928288499319719e-06,1.4241917926471625e-06,3.3017927851298823e-07
20190617,2.0211502019951072e-07,1.2848640533670707e-06,3.932834441645143e-06,1.4120881850387865e-06,3.342667278011784e-07
20190618,1.9916305277921795e-07,1.2576984155035326e-06,3.921588562559177e-06,1.3984744000228838e-06,3.388427912744078e-07
20190619,2.0630260943111812e-07,1.2927536496434842e-06,3.919141097825982e-06,1.4079202014073248e-06,3.401153875558096e-07
20190620,2.1050111432915854e-07,1.3004696679565957e-06,3.931118848557934e-06,1.413767554406499e-06,3.3967949982260813e-07
20190621,2.146241624917215e-07,1.3062856438932975e-06,3.917162438001485e-06,1.4188104698957096e-06,3.389802486381891e-07
20190624,2.1779407864449116e-07,1.2916499243739465e-06,3.951327713811972e-06,1.4378303182769924e-06,3.361239363022724e-07
20190625,2.1861556014372714e-07,1.2759693519397344e-06,4.019748142686146e-06,1.4505933407882875e-06,3.393606008960097e-07
20190626,2.183688761163104e-07,1.2593777732375912e-06,4.0483281377996564e-06,1.4526900471826676e-06,3.416363333344402e-07
20190627,2.1651074453627988e-07,1.229609843738271e-06,3.979808898133668e-06,1.4409782474462115e-06,3.4107171501556915e-07
20190628,2.163315365816867e-07,1.2138828978355178e-06,3.940946871238897e-06,1.4355065200143909e-06,3.411362568011002e-07
20190701,2.170746594564048e-07,1.2018186153127988e-06,3.8883086727888035e-06,1.4376632637724122e-06,3.4073511514663573e-07
20190702,2.1866608134258804e-07,1.191071627980511e-06,3.872263333310012e-06,1.4486426928562087e-06,3.465993540303666e-07
20190703,2.1678291753664702e-07,1.1651180850327538e-06,3.8422329479484995e-06,1.4422451295232045e-06,3.517929691360199e-07
20190704,2.1505667122126884e-07,1.144072034612142e-06,3.807257937154331e-06,1.435634931128684e-06,3.472281431718386e-07
20190705,2.1288640907604312e-07,1.1217667252446181e-06,3.796227372743082e-06,1.431055430108293e-06,3.398999931353572e-07
20190708,2.115938859125724e-07,1.1109425956932842e-06,3.828065260945464e-06,1.4233004904453033e-06,3.35140006775855e-07
20190709,2.161659948717736e-07,1.114177743906577e-06,3.878384776499611e-06,1.4407582959432898e-06,3.329343839082412e-07
20190710,2.2347881498297313e-07,1.1282824691709358e-06,4.1182268346265456e-06,1.5120473680537288e-06,3.3067801939575106e-07
20190711,2.2846936361901475e-07,1.1406996415427586e-06,4.253853174665341e-06,1.5843776412004657e-06,3.2917638143554115e-07
20190712,2.319446908130889e-07,1.1506065257119453e-06,4.424563668732505e-06,1.6624635337203697e-06,3.274463303720067e-07
20190715,2.3723254363197607e-07,1.1755061362886877e-06,4.547750939511471e-06,1.7311674380239648e-06,3.2835249220168864e-07
20190716,2.3979498795848077e-07,1.185868074015159e-06,4.60825980036268e-06,1.7760759875570146e-06,3.284621406156219e-07
20190717,2.406843721846668e-07,1.1973955196837658e-06,4.641853759530509e-06,1.8062275250124456e-06,3.276697875399914e-07
20190718,2.4145015903521564e-07,1.2225471917526126e-06,4.6702159294146585e-06,1.8292278442041072e-06,3.314528956316137e-07
20190719,2.433801202250252e-07,1.2595552879928985e-06,4.687906691987836e-06,1.8414760265254295e-06,3.4035059162991927e-07
20190722,2.4453922206466877e-07,1.317443758188963e-06,4.692053102528783e-06,1.8479483867393891e-06,3.478115512997889e-07
20190723,2.478761110714059e-07,1.3731348658052852e-06,4.676754299461609e-06,1.83868832103883e-06,3.5265088265630373e-07
20190724,2.4894818038723035e-07,1.4116396631991465e-06,4.62032021513634e-06,1.8115415338306053e-06,3.5764734241644467e-07
20190725,2.497242964588159e-07,1.4460974333589056e-06,4.559542666637976e-06,1.8139952569413264e-06,3.639690642901623e-07
20190726,2.518453309745483e-07,1.4981273852113962e-06,4.5152141378828e-06,1.8148414877598786e-06,3.74920998754279e-07
20190729,2.5413406106079264e-07,1.5419661562804019e-06,4.525843669268865e-06,1.8422843829500214e-06,3.898799901295032e-07
20190730,2.55924295134724e-07,1.596215290476928e-06,4.530235785474474e-06,1.8776956798095227e-06,4.054912689774487e-07
20190731,2.5607902330276616e-07,1.6292829670432537e-06,4.657939976010354e-06,1.9117009686255084e-06,4.1781900478633785e-07
20190801,2.552163141002852e-07,1.6526252814971452e-06,4.762601310887928e-06,1.992001005485954e-06,4.3515030881548503e-07
20190802,2.5450071000479245e-07,1.670613925344071e-06,4.865017576763738e-06,2.043419032066967e-06,4.577306985128772e-07
20190805,2.533750291084182e-07,1.6824367354080807e-06,4.909189114542383e-06,2.098942899213115e-06,4.7624528404545553e-07
20190806,2.5414392946852334e-07,1.7085095240787064e-06,4.96357320273217e-06,2.1431959327347225e-06,4.926345994824317e-07
20190807,2.544651096627007e-07,1.730064333372126e-06,5.042102787719452e-06,2.1958748273528873e-06,5.004943631998515e-07
20190808,2.561478152984156e-07,1.7519109699785714e-06,5.233472359294298e-06,2.2236756938622933e-06,5.054562941778617e-07
20190809,2.5501443259326234e-07,1.7658332142280728e-06,5.343782051381701e-06,2.207363403800184e-06,5.081636592205304e-07
20190812,2.52280640010873e-07,1.7622902911454644e-06,5.413984734751412e-06,2.167585683961518e-06,5.101998595887553e-07
20190813,2.482824025195787e-07,1.7579420341017134e-06,5.644832820679294e-06,2.1359893240443123e-06,5.121762706440503e-07
20190814,2.449719149101544e-07,1.7639254628364618e-06,5.753066270239301e-06,2.126072497105826e-06,5.121910371849202e-07
20190815,2.4399694845877423e-07,1.78206229687396e-06,5.869073569632453e-06,2.1039849485965464e-06,5.101668402730737e-07
20190816,2.4294851997101725e-07,1.8075130801149526e-06,6.14637523439479e-06,2.0826177539576128e-06,5.123296785371308e-07
20190819,2.433849494906599e-07,1.8350948999255487e-06,6.612635659926046e-06,2.0673307471914522e-06,5.153615642802415e-07
20190820,2.443893801262913e-07,1.8602649065695305e-06,6.963752163932402e-06,2.059043173981193e-06,5.181740547796376e-07
20190821,2.458222734398518e-07,1.8810003794487982e-06,7.27133199929922e-06,2.048993324397466e-06,5.221962777075977e-07
20190822,2.493356947402028e-07,1.913480738491093e-06,7.485869168329496e-06,2.0440602504401963e-06,5.238686056196991e-07
20190823,2.5081152125376156e-07,1.932636975751049e-06,7.70998609983304e-06,2.0547204124841703e-06,5.267543323279152e-07
20190826,2.520908250656237e-07,1.970134742824082e-06,7.74390893601858e-06,2.0398572811715437e-06,5.262293018960743e-07
20190827,2.52844143472528e-07,2.0063870589135625e-06,7.720585297106196e-06,2.029032188282817e-06,5.334276820241512e-07
20190828,2.528751746941843e-07,2.0428019023578266e-06,7.681607498568938e-06,2.0058097154425066e-06,5.37014688670652e-07
20190829,2.509507185792294e-07,2.0715787336201243e-06,7.705168744639052e-06,1.9975313508105427e-06,5.381261575086842e-07
20190830,2.463548503823886e-07,2.082745662807064e-06,7.743592367496674e-06,2.003043361324012e-06,5.213626081870641e-07
20190902,2.423007864046745e-07,2.0981399821914594e-06,7.709348357037525e-06,1.9889866154390136e-06,5.022076684304738e-07
20190903,2.395326387797792e-07,2.1177764987374895e-06,7.721629540758758e-06,1.980577701753345e-06,4.856454157772222e-07
20190904,2.3646692719067916e-07,2.1297419335392526e-06,7.743403828490887e-06,1.967350805477398e-06,4.762631933209158e-07
20190905,2.3350328348133115e-07,2.1313080910061656e-06,7.831929069827526e-06,1.944993289397399e-06,4.639183212245586e-07
20190906,2.347596749089347e-07,2.1422721291938056e-06,7.913380997894795e-06,1.9560545388893438e-06,4.5039016836100843e-07
20190909,2.3345267097530025e-07,2.1051604116197993e-06,7.943175509127622e-06,2.02360635987112e-06,4.3292285878823253e-07
20190910,2.3270270890978606e-07,2.076189372447158e-06,7.98840440330631e-06,2.073036327040259e-06,4.151948864257392e-07
20190911,2.3203321024039845e-07,2.053415872342657e-06,8.121793723109747e-06,2.1155590141979913e-06,3.9980798552507866e-07
20190912,2.3138456879696403e-07,2.0337878442783857e-06,8.242974346129957e-06,2.1252179695617004e-06,3.873955051679237e-07
20190916,2.3085635252701156e-07,2.0119152041131435e-06,8.395911799769822e-06,2.114423514387837e-06,3.7510100882001267e-07
20190917,2.2962409177539358e-07,1.9883177298601077e-06,8.567616572281064e-06,2.0963571552661658e-06,3.6197164452133235e-07
20190918,2.2860329194575185e-07,1.9694237660923043e-06,8.697524483122675e-06,2.0803297421057427e-06,3.517121810235996e-07
20190919,2.2691104276162572e-07,1.9498159664035367e-06,8.812323023331116e-06,2.0700958993907587e-06,3.4144915172079727e-07
20190920,2.2471962421738823e-07,1.935264251617125e-06,8.780963026256097e-06,2.065839233555613e-06,3.33873547043276e-07
20190923,2.2010948245066198e-07,1.9024293322930335e-06,8.74589004026446e-06,2.0304351990703503e-06,3.267427537902165e-07
20190924,2.1624120515553927e-07,1.8702454518133402e-06,8.417475865706405e-06,1.962259980606469e-06,3.2311676035837175e-07
20190925,2.1664138970975347e-07,1.8639152061811144e-06,8.121929357107332e-06,1.899851836830827e-06,3.1985599941165933e-07
20190926,2.169848526407897e-07,1.8497561708037454e-06,7.839144311690684e-06,1.8474122738042203e-06,3.177306260714815e-07
20190927,2.1745590274719204e-07,1.8415342535913073e-06,7.618889815943073e-06,1.8113829204128045e-06,3.161484105438294e-07
20190930,2.210402651465291e-07,1.8469667353947095e-06,7.29412763088004e-06,1.790807657442674e-06,3.2052281765964005e-07
20191008,2.2479200439635399e-07,1.868727229901784e-06,6.976617700025848e-06,1.7846429221425845e-06,3.267477756502614e-07
20191009,2.2574006831889143e-07,1.876641315478512e-06,6.728010200594705e-06,1.7902374705348727e-06,3.316536287759481e-07
20191010,2.2591046526453523e-07,1.8850756430707573e-06,6.514399634029469e-06,1.7991244214520054e-06,3.3346513140962127e-07
20191011,2.2596440434259696e-07,1.8946533170483e-06,6.330664972550413e-06,1.804058327742267e-06,3.333274511850627e-07
20191014,2.259506707989876e-07,1.9089829542891974e-06,6.176940983352531e-06,1.7995969769022715e-06,3.3488910970047057e-07
20191015,2.287398465477815e-07,1.9838085136958713e-06,6.040996818982782e-06,1.7901795632031597e-06,3.403714580066111e-07
20191016,2.282882242344899e-07,2.0019036385607486e-06,5.929084444715313e-06,1.784876788645034e-06,3.42390389408396e-07
20191017,2.2710796411552047e-07,2.001134424791023e-06,5.835380175240758e-06,1.7836040695888444e-06,3.4455711416321867e-07
20191018,2.2730648228135768e-07,2.0016667814158215e-06,5.7059956335380605e-06,1.7826929270230551e-06,3.4838325979091624e-07
20191021,2.2548158669017662e-07,1.978380583158182e-06,5.547408852964333e-06,1.7748823726006018e-06,3.479243800461929e-07
20191022,2.224615899905729e-07,1.943646225211132e-06,5.40030204232129e-06,1.7548632608197723e-06,3.441904003956811e-07
20191023,2.203837915117706e-07,1.9120034262468042e-06,5.252985270740059e-06,1.7229810953655718e-06,3.402539946494302e-07
20191024,2.2209411905575603e-07,1.910268631371608e-06,5.107598648656755e-06,1.6821560657601038e-06,3.4133725446198543e-07
20191025,2.2357613037284348e-07,1.9064762715436678e-06,4.997310980151203e-06,1.6531802292114762e-06,3.4336142667972203e-07
20191028,2.3826670797240539e-07,2.0285588761572744e-06,4.9035869140256385e-06,1.658833331481696e-06,3.451630703368775e-07
20191029,2.471449557990241e-07,2.094189859104504e-06,5.094694161420047e-06,1.7305469012152298e-06,3.51367949203447e-07
20191030,2.5407820366608887e-07,2.150480497870482e-06,5.233376520533054e-06,1.798072611843152e-06,3.566615628466022e-07
20191031,2.6339740321527024e-07,2.2315689151333102e-06,5.258697740927044e-06,1.8476462903105594e-06,3.6336983757010944e-07
20191101,2.6714281039104586e-07,2.274059131091516e-06,5.286678872686721e-06,1.8652144301810338e-06,3.662476586817696e-07
20191104,2.710661048661559e-07,2.3256786083512713e-06,5.3193754284240785e-06,1.8783959117478636e-06,3.710046394244125e-07
20191105,2.772143079790104e-07,2.365017397021452e-06,5.28856332503357e-06,1.8721857124253498e-06,3.746964197677066e-07
20191106,2.7984918511326373e-07,2.390904849034368e-06,5.235961694092013e-06,1.8816554161997892e-06,3.8192387005056086e-07
20191107,2.780201632282262e-07,2.3991905389383046e-06,5.152736032278754e-06,1.8836663022809568e-06,3.948548718994924e-07
20191108,2.7643378327401516e-07,2.4096984855386226e-06,5.046854996437933e-06,1.874508678289503e-06,4.0784840860524695e-07
20191111,2.740939320431292e-07,2.380708500266363e-06,4.989404424553512e-06,1.8704343751582772e-06,4.2503382126563565e-07
20191112,2.671117135639895e-07,2.3330287116522615e-06,4.881248416991556e-06,1.8315262769715713e-06,4.300152487647138e-07
20191113,2.6570498321444304e-07,2.326934671016362e-06,4.86372917722366e-06,1.8124674204707813e-06,4.5553440353056284e-07
20191114,2.6156313139705426e-07,2.2471818396990247e-06,4.927726277973087e-06,1.79147640996182e-06,4.7129792657438563e-07
20191115,2.596741851920135e-07,2.1831935878844128e-06,4.95066637386274e-06,1.7722385139084937e-06,4.820791212539734e-07
20191118,2.5818389595952416e-07,2.1293398153567303e-06,4.950252876354265e-06,1.7767965596367727e-06,4.88698110362911e-07
20191119,2.5078896855947124e-07,2.063363686615284e-06,4.813456698717321e-06,1.7584305995338867e-06,4.952806628252727e-07
20191120,2.459664450106618e-07,2.0139056289807235e-06,4.710419448716962e-06,1.7322561250556648e-06,4.934201219158349e-07
20191121,2.399212102983277e-07,1.969563512965729e-06,4.6406586486506105e-06,1.7132202642217107e-06,4.887014968430522e-07
20191122,2.360792966891327e-07,1.9356865485588896e-06,4.591243538046561e-06,1.703800695691391e-06,4.872067395976838e-07
20191125,2.3251998309365793e-07,1.9117473872016153e-06,4.519380781656083e-06,1.6648071173038127e-06,4.821910102996985e-07
20191126,2.265716831415196e-07,1.8855709031320554e-06,4.429097462808369e-06,1.6326878371004984e-06,4.769314632500408e-07
20191127,2.1995451422037542e-07,1.8502716760908166e-06,4.302547597394117e-06,1.6008032309173029e-06,4.6552969508156236e-07
20191128,2.139059640418164e-07,1.8241187297796071e-06,4.21730779853252e-06,1.5713491701846627e-06,4.589353917699866e-07
20191129,2.084878562985376e-07,1.7976088620607963e-06,4.151670977226807e-06,1.5483730874007884e-06,4.5522375671191747e-07
20191202,2.0375209151574634e-07,1.7773921490690015e-06,4.1336796167224315e-06,1.5175093367004239e-06,4.5598917914782047e-07
20191203,2.009358889885991e-07,1.760364137153388e-06,4.174492707208665e-06,1.4982064538383304e-06,4.566652616521447e-07
20191204,1.9874732576729384e-07,1.7552433823105983e-06,4.225448973348484e-06,1.4823063968716408e-06,4.6080835322202366e-07
20191205,1.977297485917625e-07,1.7574983993796727e-06,4.2867892470643345e-06,1.4668307553113057e-06,4.678680095883135e-07
20191206,1.9760408794293444e-07,1.76151806539641e-06,4.33924533598602e-06,1.452758842471929e-06,4.7669085931959284e-07
20191209,1.9894817606809408e-07,1.7835208681775623e-06,4.4150931430238996e-06,1.4672013171906727e-06,4.731741385135129e-07
20191210,2.0131549587163533e-07,1.8131989645817775e-06,4.443942751381478e-06,1.4792091218231368e-06,4.712869407263384e-07
20191211,2.0391313353593451e-07,1.8575833403298178e-06,4.490847727944331e-06,1.49628388054961e-06,4.7263375960481847e-07
20191212,2.0810819380969651e-07,1.9685818941149905e-06,4.486996377742824e-06,1.5180664795151322e-06,4.739454823370281e-07
20191213,2.111766359893433e-07,2.054418447703259e-06,4.497604868300159e-06,1.5351769673576778e-06,4.751174638818935e-07
20191216,2.1345027439170407e-07,2.114385780587221e-06,4.521597783548993e-06,1.5454707178730507e-06,4.7151823184234506e-07
20191217,2.1711066790633732e-07,2.158848440890411e-06,4.683611935657159e-06,1.5732103321045612e-06,4.6679565346632476e-07
20191218,2.21634093753711e-07,2.193201017295727e-06,4.793760685004627e-06,1.5920752399725419e-06,4.6355131131406635e-07
20191219,2.2810908054414743e-07,2.2284229045413013e-06,4.892415214949793e-06,1.6209929805073759e-06,4.6043822967301436e-07
20191220,2.345534517235701e-07,2.255704149962243e-06,4.9929249505612315e-06,1.6480169947423132e-06,4.552436053930247e-07
20191223,2.4075668868221627e-07,2.2887325239604457e-06,5.0703865049857074e-06,1.775613193714899e-06,4.522030514300451e-07
20191224,2.530918649484016e-07,2.3305700109444934e-06,5.342733004735966e-06,1.9335921920342913e-06,4.4876626096238465e-07
20191225,2.643976291992864e-07,2.363393706374427e-06,5.574167531322327e-06,2.0635907498422873e-06,4.511174573716025e-07
20191226,2.71614425104361e-07,2.3796276146939814e-06,5.758483187952171e-06,2.1441608481273484e-06,4.509655967653648e-07
20191227,2.765402379178275e-07,2.3911737879254406e-06,5.870370381738115e-06,2.2119555057323714e-06,4.492804582677295e-07
20191230,2.8044245483028006e-07,2.4220533481632917e-06,6.036572191545693e-06,2.275266805385339e-06,4.47619338435463e-07
20191231,2.8464271554613766e-07,2.468760067316278e-06,6.100868966085569e-06,2.2982313448439346e-06,4.479218340029144e-07
20200102,2.893334568058943e-07,2.510897607723677e-06,6.247030161155642e-06,2.345530077396816e-06,4.551617621579241e-07
20200103,2.9180754189001255e-07,2.5476354303866015e-06,6.3617114341658535e-06,2.3780555253288615e-06,4.681218982939627e-07
20200106,2.9626609766383944e-07,2.5927324354923445e-06,6.421940362992014e-06,2.4283584256995838e-06,4.782181758895541e-07
20200107,3.145649559364735e-07,2.672262409227823e-06,6.546766863366091e-06,2.564158546040108e-06,5.250222747262959e-07
20200108,3.300470110918444e-07,2.732176905041182e-06,6.663013691933068e-06,2.6723544945974224e-06,5.656372802235682e-07
20200109,3.447052909687851e-07,2.8086902336934163e-06,6.812538986269245e-06,2.7855425584199524e-06,5.931668479784587e-07
20200110,3.60777530626148e-07,2.9192575242292857e-06,6.979291447737786e-06,2.9095529118612818e-06,6.173381374130538e-07
20200113,3.791255370889052e-07,3.0485749567753093e-06,7.112326245710163e-06,3.0198509277451705e-06,6.37004907834094e-07
20200114,4.0388110969623524e-07,3.2036414724581874e-06,7.244907401973372e-06,3.1943450648419173e-06,6.651809028085899e-07
20200115,4.247928000511731e-07,3.3310379473370366e-06,7.36304142229049e-06,3.4222854901901376e-06,7.0235226407596e-07
20200116,4.462049056768921e-07,3.4428570534925616e-06,7.503940436452233e-06,3.6147457989967712e-06,7.300303588796439e-07
20200117,4.7151457173048807e-07,3.552279356489981e-06,7.663164993998808e-06,3.859715282815301e-06,7.679939690328202e-07
20200120,4.928894246730758e-07,3.652375784375722e-06,7.92332288786714e-06,4.102776634821643e-06,8.13872703662717e-07
20200121,5.122197174625925e-07,3.7596931680361496e-06,8.309395677997224e-06,4.295799109575287e-06,8.416207527986617e-07
20200122,5.317715681333311e-07,3.8615907700223276e-06,9.044024467588508e-06,4.4474918641157304e-06,8.655903147569897e-07
20200123,5.493346097886251e-07,3.9550204770542905e-06,9.659500766144887e-06,4.615318733647423e-06,8.729316850829555e-07
20200203,5.240154238379705e-07,3.7281209233557578e-06,9.536951932489201e-06,4.494834530214379e-06,1.0996680664570427e-06
20200204,5.049006586248501e-07,3.5568802918641553e-06,9.476762155066034e-06,4.421430728307788e-06,1.2846472766170033e-06
20200205,4.897932682595961e-07,3.413452383991139e-06,9.38451315294221e-06,4.3613487368554675e-06,1.4383463964034816e-06
20200206,4.782277024573599e-07,3.296425604461887e-06,9.342481072286002e-06,4.342250202738451e-06,1.5599619681541265e-06
20200207,4.7022689712749774e-07,3.212435644480164e-06,9.323258938811611e-06,4.32356617092394e-06,1.6666903409622478e-06
20200210,4.643789881583718e-07,3.1500067906239624e-06,9.31807866363641e-06,4.306778404242959e-06,1.7653442460971533e-06
20200211,4.5870495701667245e-07,3.101704787464021e-06,9.290739158529539e-06,4.2917059124494545e-06,1.810706271461718e-06
20200212,4.5404181186019373e-07,3.0666188003095478e-06,9.291106419614159e-06,4.306226001696319e-06,1.8419606548773973e-06
20200213,4.5105189393132383e-07,3.0487326771648546e-06,9.317307863401727e-06,4.331320556510788e-06,1.8753459754142189e-06
20200214,4.4877576228817994e-07,3.0412333639809563e-06,9.403031932136148e-06,4.36380872209161e-06,1.917502724820676e-06
20200217,4.4733639248215823e-07,3.0396147462169027e-06,9.472867527819611e-06,4.40169644850984e-06,1.9505103384027835e-06
20200218,4.485261453103446e-07,3.048478522127748e-06,9.54335048036894e-06,4.4800460640247e-06,1.9768143761072944e-06
20200219,4.50616697424419e-07,3.067933412529382e-06,9.620633110855995e-06,4.55707354920182e-06,2.0096121638290335e-06
20200220,4.526451489154134e-07,3.092891069168826e-06,9.682007887016798e-06,4.630449935047112e-06,2.022766968083198e-06
20200221,4.542432956170722e-07,3.116731993412343e-06,9.710505447715002e-06,4.685059913751971e-06,2.0311428329099635e-06
20200224,4.561309323061439e-07,3.137093199896034e-06,9.766715762114508e-06,4.73797404265151e-06,2.0358436649920205e-06
20200225,4.571251070438031e-07,3.1393194631627503e-06,9.82127021451343e-06,4.769032711268539e-06,2.0385837433424942e-06
20200226,4.5874839024397814e-07,3.151393539725162e-06,9.82940804774597e-06,4.822034239931751e-06,2.024590847209009e-06
20200227,4.586767359864024e-07,3.1495859493542678e-06,9.776469572404338e-06,4.8715694763287054e-06,2.0071182864183215e-06
20200228,4.5651042444382886e-07,3.1365770584470786e-06,9.725524079759786e-06,4.899488204356719e-06,1.993320834343547e-06
20200302,5.064463573285225e-07,3.65810252355228e-06,9.98529319844967e-06,5.2341571176896136e-06,2.006842494280651e-06
20200303,5.515604967958114e-07,4.1190424600068145e-06,1.0345456203469158e-05,5.560545166324466e-06,2.0297473206618783e-06
20200304,5.846819001457876e-07,4.475940984261432e-06,1.0636316789281328e-05,5.796441240004659e-06,2.050330629861313e-06
20200305,6.071676360434671e-07,4.746653734546929e-06,1.110531441350998e-05,5.9854680869611615e-06,2.0666561380552197e-06
20200306,6.231825668343532e-07,4.961435030337691e-06,1.1413085777089949e-05,6.130036911114656e-06,2.069135302285502e-06
20200309,6.332434535306707e-07,5.0957461322305575e-06,1.1640393699329338e-05,6.223709104822916e-06,2.061249768033651e-06
20200310,6.548935937423145e-07,5.314752723559981e-06,1.2280933415875586e-05,6.497572666554534e-06,2.0695733981957696e-06
20200311,6.683939748608714e-07,5.461190495309712e-06,1.2924476725163747e-05,6.758559125750374e-06,2.0804946377889203e-06
20200312,6.795468818846489e-07,5.573128639639799e-06,1.3426793169594696e-05,6.977596533390435e-06,2.089363965199936e-06
20200313,6.793191886469078e-07,5.607922075992473e-06,1.3705814097618724e-05,6.9419373986029146e-06,2.0823398625830445e-06
20200316,6.491347601182871e-07,5.364420387098861e-06,1.3666604321606834e-05,6.769611282340599e-06,1.8430832463950839e-06
20200317,6.184461946721526e-07,5.107207153190915e-06,1.3429948326633599e-05,6.555817966101182e-06,1.641598945440809e-06
20200318,5.913873783594823e-07,4.896567314774003e-06,1.330508229525154e-05,6.394858121960526e-06,1.4692797714484007e-06
20200319,5.74991414981622e-07,4.751457881942006e-06,1.300379449543879e-05,6.275413340350061e-06,1.3279273968614809e-06
20200320,5.621410157358141e-07,4.6028033614029344e-06,1.2843721692821783e-05,6.201370300011523e-06,1.2113290849393945e-06
20200323,5.507195644818273e-07,4.410740587234392e-06,1.2770094699758328e-05,6.156271529903845e-06,1.1124490860631682e-06
20200324,5.378453445205849e-07,4.182724082426606e-06,1.2468975656772002e-05,6.05111692073507e-06,1.025306984081688e-06
20200325,5.295081215966434e-07,3.977529081689522e-06,1.2199219116446517e-05,5.939964472146813e-06,9.554797584964994e-07
20200326,5.248191231169928e-07,3.825341374623361e-06,1.1953102432171915e-05,5.926905136545594e-06,8.995160872595886e-07
20200327,5.304093761443329e-07,3.7094617950633507e-06,1.1824225861129601e-05,5.94660137530481e-06,8.570272248261998e-07
20200330,5.388095868939511e-07,3.638755388764603e-06,1.219103135387318e-05,6.171644134879211e-06,8.432004486903705e-07
20200331,5.425217007355786e-07,3.570085696089765e-06,1.2488144843230833e-05,6.3471210934527806e-06,8.370724402753838e-07
20200401,5.509829239143891e-07,3.5115160686434723e-06,1.269790568164206e-05,6.371825063641563e-06,8.337202716883905e-07
20200402,5.499549735496614e-07,3.390515467807549e-06,1.2929860958983905e-05,6.172062893353696e-06,8.2134436424632e-07
20200403,5.494968169693647e-07,3.2786088864657547e-06,1.2766019997975905e-05,6.004974219500795e-06,8.140468889181163e-07
20200407,5.492851063512552e-07,3.188632339057386e-06,1.2562405300157022e-05,5.884091037256146e-06,8.099030407486191e-07
20200408,5.511914912101911e-07,3.1176624927154524e-06,1.2402739958879012e-05,5.780936918522398e-06,8.159458866723677e-07
20200409,5.486813296234189e-07,3.040963605902477e-06,1.223279722091109e-05,5.668465792380196e-06,8.170832980373015e-07
20200410,5.445926206110898e-07,2.9641926613715034e-06,1.2036987417697e-05,5.542813588635694e-06,8.150705023450061e-07
20200413,5.392508357527695e-07,2.8834214617377623e-06,1.1862544606502976e-05,5.4746503234341965e-06,8.125182668894883e-07
20200414,5.295033275316768e-07,2.784201237510364e-06,1.1611202528393302e-05,5.380350034545114e-06,8.063826027492019e-07
20200415,5.223024377573613e-07,2.6967193335759342e-06,1.1412933368884879e-05,5.3010097784631045e-06,7.992007886620239e-07
20200416,5.123293626327788e-07,2.608505624324599e-06,1.1295969564252621e-05,5.249863739089065e-06,7.88297205825641e-07
20200417,5.038458158976563e-07,2.5342102703965677e-06,1.1130123629904772e-05,5.208066452519022e-06,7.789908707883011e-07
20200420,5.008340992113661e-07,2.473559388090706e-06,1.1063214138240545e-05,5.164620634143829e-06,7.735522151344009e-07
20200421,5.091010575685534e-07,2.480510762238904e-06,1.1019094136622743e-05,5.1352960647641236e-06,7.894518558637101e-07
20200422,5.223369379804991e-07,2.535542270287652e-06,1.1114960538374245e-05,5.138553227336308e-06,7.975940475270418e-07
20200423,5.332331654090667e-07,2.5904415184863094e-06,1.122650901597327e-05,5.1490056980599245e-06,8.173608959630721e-07
20200424,5.426837982027401e-07,2.6467300033296365e-06,1.1287798611339785e-05,5.159666864775588e-06,8.314412089688831e-07
20200427,5.499491882894539e-07,2.688707827414638e-06,1.133829171464332e-05,5.137447728363392e-06,8.417264694079829e-07
20200428,5.69910114501844e-07,2.7801207507151054e-06,1.1183977178482846e-05,5.067221867598285e-06,8.498078862327219e-07
20200429,5.879112735049304e-07,2.8599716504317166e-06,1.1111007796842149e-05,5.0373215979839875e-06,8.528175603494246e-07
20200430,6.146703509325334e-07,2.993701641446044e-06,1.0942203388625914e-05,5.09448736994275e-06,8.753350564585693e-07
20200506,6.461155915043081e-07,3.2033800989003983e-06,1.0854777412021502e-05,5.2918375357117366e-06,9.145239023509735e-07
20200507,6.673944077182902e-07,3.40300647819717e-06,1.099843295957178e-05,5.542287434856115e-06,9.547242590658752e-07
20200508,6.71373717933685e-07,3.5049134526979384e-06,1.1101197391772003e-05,5.746520269328102e-06,9.709054341399827e-07
20200511,6.647972827309538e-07,3.527230817660247e-06,1.1071917975118427e-05,5.895080552695799e-06,9.898443721495503e-07
20200512,6.674739257407566e-07,3.5748162401094977e-06,1.0893628451250245e-05,6.030878091686596e-06,1.0060738832349775e-06
20200513,6.803700979651458e-07,3.632226472885692e-06,1.0811143031005228e-05,6.166139328378481e-06,1.020000459926445e-06
20200514,6.894883169822827e-07,3.673735768802668e-06,1.0736528665640572e-05,6.213673028139732e-06,1.0328475976870776e-06
20200515,6.869666806880023e-07,3.6848629333432226e-06,1.060905997609273e-05,6.1557324987374634e-06,1.0264876086258817e-06
20200518,6.790043528626952e-07,3.6518560805405265e-06,1.0408508172090717e-05,6.079858644186234e-06,1.0100035813562513e-06
20200519,6.668978260055278e-07,3.624076788722911e-06,1.0177469664407184e-05,5.968232401480913e-06,9.908854242004666e-07
20200520,6.529410080869923e-07,3.5727670518800553e-06,9.969484227562333e-06,5.8219595220649766e-06,9.652105104149785e-07
20200521,6.414619989405384e-07,3.5393496483352106e-06,9.592174344209792e-06,5.674701374245386e-06,9.426241634126066e-07
20200522,6.268593908007998e-07,3.4902150480455115e-06,9.324829989884752e-06,5.546661233356169e-06,9.426422101091305e-07
20200525,6.127377591906722e-07,3.432236452024967e-06,9.090484573438392e-06,5.386945498481521e-06,9.375349981368946e-07
20200526,6.014707252906301e-07,3.3979103771338985e-06,8.92418061982481e-06,5.242340669368528e-06,9.155715970646302e-07
20200527,5.839236627586496e-07,3.3444466723444485e-06,8.74487114943517e-06,5.096574268094018e-06,8.986393771868226e-07
20200528,5.716381827886907e-07,3.3241057669456268e-06,8.67158611585591e-06,4.990844411965426e-06,8.878652192637261e-07
20200529,5.628138118849879e-07,3.2717312829780267e-06,9.032110170106296e-06,5.094285439718071e-06,8.636955161261934e-07
20200601,5.538655653165656e-07,3.227426946657024e-06,9.31588770723967e-06,5.15363185009795e-06,8.438225411470425e-07
20200602,5.541588242641283e-07,3.2016962066119137e-06,9.667489745476385e-06,5.2167151817278735e-06,8.297243764750268e-07
20200603,5.539599287259973e-07,3.1559701279934766e-06,9.971052143008884e-06,5.286993227233784e-06,8.150424347964374e-07
20200604,5.533116124940833e-07,3.1196461394823733e-06,1.0206814806198534e-05,5.354975338112571e-06,7.934674851568562e-07
20200605,5.498419256116399e-07,3.0837014568684044e-06,1.0255167425761774e-05,5.346330593473918e-06,7.712676675215532e-07
20200608,5.433426269900158e-07,3.0470812732507223e-06,1.0300105585334629e-05,5.347374728358627e-06,7.466559547854728e-07
20200609,5.328167316893653e-07,2.9891930461544307e-06,1.0583925539194698e-05,5.325005454234466e-06,7.213507244944423e-07
20200610,5.236671126830919e-07,2.930444452199947e-06,1.076473932369288e-05,5.2918160699485884e-06,6.997009820257767e-07
20200611,5.144220600480324e-07,2.8746970078403537e-06,1.0789639175345006e-05,5.304354268582117e-06,6.789379612810302e-07
20200612,5.066932095108595e-07,2.8240204553900915e-06,1.0637271410217344e-05,5.251355183648382e-06,6.643361611268878e-07
20200615,5.051253931649951e-07,2.8061882840679267e-06,1.0471106100817416e-05,5.173704269662982e-06,6.557141421929894e-07
20200616,5.006123535178438e-07,2.7843005737271194e-06,1.0521726382385713e-05,5.069088254396043e-06,6.461367646832677e-07
20200617,4.962061670995262e-07,2.7427211526884206e-06,1.0507622958013638e-05,4.973185155471097e-06,6.399691630478024e-07
20200618,4.905676656981177e-07,2.662128310862564e-06,1.0454038155932083e-05,4.87685014685452e-06,6.30437236264737e-07
20200619,4.966768868718441e-07,2.621365841125808e-06,1.0498682370706181e-05,4.91611498241595e-06,6.19989605879582e-07
20200622,5.032896110160794e-07,2.590758628231143e-06,1.0513070544514023e-05,5.115620584384022e-06,6.119425451563627e-07
20200623,5.083419711340483e-07,2.567783166829971e-06,1.0457236921296373e-05,5.244349083865962e-06,6.08696073523518e-07
20200624,5.152183751708776e-07,2.5463059787193562e-06,1.0412252487463242e-05,5.359419131626289e-06,6.081245982386153e-07
20200629,5.165387881546461e-07,2.529083680658745e-06,1.0349362091499981e-05,5.195107100131828e-06,6.049437614467152e-07
20200630,5.343581918298357e-07,2.589870766083392e-06,1.0379660703595123e-05,5.083678749275943e-06,6.164213428364523e-07
20200701,5.419928810705484e-07,2.605484340756155e-06,1.0417233566995858e-05,4.957054172438575e-06,6.184772106786205e-07
20200702,5.574001162288211e-07,2.6072294038042915e-06,1.0316213819971197e-05,4.866730628193883e-06,6.140779931191534e-07
20200703,5.635354619277793e-07,2.625860148198875e-06,1.0179409376848864e-05,4.773077335781405e-06,6.112381956465163e-07
20200706,5.64928883508028e-07,2.642722189659679e-06,1.0050685209947686e-05,4.664642985244744e-06,6.074226383248713e-07
20200707,5.623678597551636e-07,2.648438279184371e-06,9.930378573148148e-06,4.527682487098506e-06,6.082858761750336e-07
20200708,5.575521027027788e-07,2.6493945043416e-06,1.0003578540315444e-05,4.35202124143322e-06,6.300498206004993e-07
20200709,5.553922671724259e-07,2.6640452976452254e-06,1.0054159829880009e-05,4.208231587073413e-06,6.44520021917593e-07
20200710,5.583932876306104e-07,2.6881903409738533e-06,1.0087409997593092e-05,4.104198251181392e-06,6.571466294890856e-07
20200713,5.623335345466211e-07,2.709479562231059e-06,1.0146810234824928e-05,4.0002354838783074e-06,6.593325102588102e-07
20200714,5.584729672037191e-07,2.712479672300769e-06,1.0221175545241757e-05,3.916528776114687e-06,6.560941734236395e-07
20200715,5.652132581294347e-07,2.7743535634457124e-06,1.0439779235742246e-05,3.869736820593898e-06,6.579078599819827e-07
20200716,5.649293243106348e-07,2.8111863052317017e-06,1.0783363315671352e-05,3.8113453352892135e-06,6.635610622243085e-07
20200717,5.69629409887166e-07,2.843780038975002e-06,1.1185093373161756e-05,3.74894565216239e-06,6.720056342875294e-07
20200720,5.743772816006914e-07,2.9120492436218105e-06,1.1656003255344672e-05,3.6968181030702915e-06,6.778010219417482e-07
20200721,5.821775501916202e-07,2.981709730664131e-06,1.1889388622673622e-05,3.6812628663051174e-06,6.836238549367075e-07
20200722,5.923905222726872e-07,3.0556579287987437e-06,1.2083860671083615e-05,3.6813321118697935e-06,6.84463755277481e-07
20200723,6.057805132658267e-07,3.1715733594895794e-06,1.2337866458778589e-05,3.6651985819783717e-06,6.831791743453289e-07
20200724,6.090772993879962e-07,3.185431420361429e-06,1.2551156285912806e-05,3.6509089194392377e-06,6.814983505103269e-07
20200727,6.269119456398123e-07,3.2352966847742732e-06,1.2898762636973656e-05,3.7738730303472524e-06,7.098512587040833e-07
20200728,6.382102913865244e-07,3.257616179817996e-06,1.322737338543185e-05,3.880831875595466e-06,7.317510269291332e-07
20200729,6.467809878059165e-07,3.2784116467889717e-06,1.34523083715757e-05,3.960791768343486e-06,7.555942883019324e-07
20200730,6.485948272621039e-07,3.2864252972794507e-06,1.3612824260424769e-05,4.018522061167525e-06,7.697365943197873e-07
20200731,6.536580752946444e-07,3.3100202313427158e-06,1.3707568562921236e-05,4.0705328849176675e-06,7.811578412652386e-07
20200803,6.57613303387886e-07,3.314692687347029e-06,1.372230718924115e-05,4.129337132479109e-06,7.988986566318633e-07
20200804,6.578022372099826e-07,3.312331132411827e-06,1.3757095434799536e-05,4.152177615648225e-06,8.260743756012392e-07
20200805,6.659178527700882e-07,3.342123783615298e-06,1.372313079467399e-05,4.203338785535555e-06,8.489837115094458e-07
20200806,6.746565193362999e-07,3.345925960274675e-06,1.3808400088428483e-05,4.234459798356445e-06,8.763448105630127e-07
20200807,6.867210373779692e-07,3.3640899753123462e-06,1.4136519128482135e-05,4.333897615215041e-06,8.943542527706886e-07
20200810,6.938414842225011e-07,3.379260182862376e-06,1.437928386457869e-05,4.398571400091697e-06,9.324498155709464e-07
20200811,6.995018958856583e-07,3.3820111070438523e-06,1.4575328097428944e-05,4.462343716540305e-06,9.64610194787336e-07
20200812,7.063199252551647e-07,3.40152367614022e-06,1.4638657801406081e-05,4.495650885707524e-06,9.902471271689067e-07
20200813,7.204929802665076e-07,3.4613564598667046e-06,1.473286589172495e-05,4.5544235469119974e-06,1.0158320084902666e-06
20200814,7.279906515494068e-07,3.4903088964309047e-06,1.4951820537563112e-05,4.669999100697805e-06,1.0381092039325361e-06
20200817,7.434521838059472e-07,3.5468466539981824e-06,1.5112960719569332e-05,4.765682672490158e-06,1.060183448303396e-06
20200818,7.750337594871138e-07,3.6317656207412033e-06,1.5787732077203254e-05,4.886810826245881e-06,1.0812939871123289e-06
20200819,7.885449511243554e-07,3.6591209717710733e-06,1.624748756100944e-05,4.970525713164512e-06,1.087404414835916e-06
20200820,8.017357660188554e-07,3.679878363734007e-06,1.630393676978925e-05,5.151721511904946e-06,1.0920171943351296e-06
20200821,8.320322208919177e-07,3.876222953999753e-06,1.6261876455638018e-05,5.31541044835533e-06,1.1102596298042124e-06
20200824,8.538496464486544e-07,4.024341130719165e-06,1.621519252989036e-05,5.419183367751558e-06,1.1224144764249846e-06
20200825,8.724659808173736e-07,4.127807778368811e-06,1.61315583218748e-05,5.492883770137681e-06,1.1194408449161084e-06
20200826,9.019291356996815e-07,4.234503600702841e-06,1.6060088892605803e-05,5.5591516003393805e-06,1.1319740251773717e-06
20200827,9.198923059973575e-07,4.340128129047453e-06,1.6122692442268003e-05,5.640491332887937e-06,1.1383715461442185e-06
20200828,9.325499642485084e-07,4.455839142961938e-06,1.6205509199243878e-05,5.698408630552348e-06,1.1482474897595807e-06
20200831,9.584538393981757e-07,4.710825812678678e-06,1.6324034269495826e-05,5.802856821952279e-06,1.1674647376337324e-06
20200901,9.666384109891983e-07,4.877449866664184e-06,1.6456194438154196e-05,5.853959362134504e-06,1.1796781068276354e-06
20200902,9.709478480319639e-07,5.0057387376057145e-06,1.6532385548821598e-05,5.917596977286882e-06,1.1948005545424557e-06
20200903,9.741113696335414e-07,5.055908368781788e-06,1.6585011287432958e-05,5.892790388408562e-06,1.219770238896124e-06
20200904,9.69801785463998e-07,4.989830033638239e-06,1.6595250941026056e-05,5.887882480123743e-06,1.2409655038848792e-06
20200907,9.631565095047305e-07,4.843738773975537e-06,1.659508867213909e-05,5.8787709356311646e-06,1.2506558123212806e-06
20200908,9.65656135969124e-07,4.742720094619391e-06,1.646664292414033e-05,5.94265495246356e-06,1.2609875693793998e-06
20200909,9.454210566114269e-07,4.481814538916281e-06,1.626892541914918e-05,5.973098503234371e-06,1.2457404825461995e-06
20200910,9.318307584578414e-07,4.256536234836498e-06,1.6079108665497197e-05,5.9793759497703745e-06,1.234269592585363e-06
20200911,9.211350732899148e-07,4.052342677580512e-06,1.5871165678861765e-05,5.948006774366403e-06,1.225864491403608e-06
20200914,9.084907336810703e-07,3.861512323566606e-06,1.5679146243062534e-05,5.882463397662333e-06,1.2067785860259913e-06
20200915,8.911572196419313e-07,3.726557868951943e-06,1.5359774329105253e-05,5.838483776216508e-06,1.2018707563376823e-06
20200916,8.859518265519248e-07,3.6177088377120903e-06,1.5302395714491035e-05,5.750621673592117e-06,1.1802518471284672e-06
20200917,8.787306726951611e-07,3.5301571303742444e-06,1.5658517964580313e-05,5.833709760340704e-06,1.1497952801788229e-06
20200918,8.703343593258488e-07,3.4599739375597915e-06,1.595901378269392e-05,5.854489079929869e-06,1.1138061694510057e-06
20200921,8.580215270798093e-07,3.402011942770291e-06,1.6301392066782603e-05,5.792552962052086e-06,1.076616428486634e-06
20200922,8.438092372789429e-07,3.346614623538577e-06,1.640550433058226e-05,5.687293647160896e-06,1.0464098965302703e-06
20200923,8.334670417833069e-07,3.2785882072111263e-06,1.6473616331896004e-05,5.585220537492055e-06,1.0299083307271964e-06
20200924,8.224815930549392e-07,3.2222664186961438e-06,1.623281275192168e-05,5.4531686173723994e-06,1.0159781512924853e-06
20200925,8.183023003613894e-07,3.187397558423633e-06,1.589339161219924e-05,5.374820332124914e-06,1.0092855502524462e-06
20200928,8.189777659491735e-07,3.1749902457206922e-06,1.5641843729442478e-05,5.3464914697873856e-06,1.0084734073497176e-06
20200929,8.149122272860289e-07,3.1478247634580342e-06,1.5570839958510188e-05,5.2442034984932445e-06,9.922105636731257e-07
20200930,7.987835842073866e-07,3.11359899754151e-06,1.5450929757000078e-05,5.1506920926961825e-06,9.694126622957938e-07
20201009,7.752524989850242e-07,3.076982961805568e-06,1.4608582617935423e-05,4.961800217438426e-06,9.517379109988943e-07
20201012,7.514624276162457e-07,3.058796546091817e-06,1.3942319412665847e-05,4.782891644052396e-06,9.386380772969513e-07
20201013,7.339035472331421e-07,3.0443536974946864e-06,1.3247485686774812e-05,4.634696423799418e-06,9.262740399890708e-07
20201014,7.162001130278322e-07,3.0544022677089545e-06,1.2810648130827758e-05,4.5155227204601715e-06,9.139007966735092e-07
20201015,7.071419374189523e-07,3.148279505003371e-06,1.2486512498557937e-05,4.4222869549292814e-06,9.051189076133927e-07
20201016,7.014116283864201e-07,3.220401212512744e-06,1.2231106684755965e-05,4.361229499660858e-06,8.911332407097869e-07
20201019,6.967032004893956e-07,3.289085964080041e-06,1.1993623773414901e-05,4.290613207642861e-06,8.767264332716456e-07
20201020,6.859923392552782e-07,3.3135796051584464e-06,1.180297104271189e-05,4.216368031972599e-06,8.653780878818691e-07
20201021,6.994316832375011e-07,3.3512617950173743e-06,1.1550646472559334e-05,4.154591712555655e-06,8.627316926673999e-07
20201022,7.127628557436617e-07,3.4275337026378686e-06,1.1338818346852582e-05,4.121637364054507e-06,8.766432540697773e-07
20201023,7.224870688491518e-07,3.4840289327458938e-06,1.1154808469437325e-05,4.060998223313248e-06,8.867301487792124e-07
20201026,7.269662902415022e-07,3.5360477691349883e-06,1.1035988728057713e-05,4.039222755830633e-06,9.003499317453663e-07
20201027,7.546944149076178e-07,3.6879969331024858e-06,1.096012909953222e-05,4.08581243292959e-06,9.341967310741598e-07
20201028,7.684301053346713e-07,3.8140226294873417e-06,1.0793749152070724e-05,4.085398284655295e-06,9.5654031256433e-07
20201029,7.692692354064218e-07,3.869326141353933e-06,1.0692528307711003e-05,4.137809051206499e-06,9.716486486390478e-07
20201030,7.693893466349905e-07,3.917949383325745e-06,1.0613841473585144e-05,4.17812194189892e-06,9.83864492304596e-07
20201102,7.768525985235645e-07,3.950273316222655e-06,1.0596199487838003e-05,4.2181092858547105e-06,9.899990330026756e-07
20201103,7.852620760829384e-07,3.9776121074948e-06,1.0496195028278469e-05,4.232018562678708e-06,9.930595783260878e-07
20201104,7.841725894651137e-07,3.96922618470889e-06,1.0348458986679847e-05,4.208491570225971e-06,9.88621593156757e-07
20201105,7.8165569970726e-07,3.952049411862997e-06,1.02015644116151e-05,4.1589047002128964e-06,1.0033221168788386e-06
20201106,8.182483919481044e-07,4.1619712995753856e-06,1.0587868791846745e-05,4.257387553066369e-06,1.036668844004272e-06
20201109,8.282459594379893e-07,4.247969778662591e-06,1.09966703797199e-05,4.302917449654389e-06,1.0382039350519604e-06
20201110,8.254659944707773e-07,4.234878064424799e-06,1.131593340442326e-05,4.229049495005102e-06,1.0342297572687517e-06
20201111,8.310370193370666e-07,4.276319837140703e-06,1.1106270130531279e-05,4.158051659049325e-06,1.0435330743131245e-06
20201112,8.361380686777744e-07,4.34900985353231e-06,1.0969129059371081e-05,4.068662461728916e-06,1.0553676874677272e-06
20201113,8.40832090863932e-07,4.423674534377129e-06,1.080646372855251e-05,4.000553651663453e-06,1.06661653964476e-06
20201116,8.462900452688313e-07,4.491394576168396e-06,1.0517132129495197e-05,3.941207353834683e-06,1.0802679546372657e-06
20201117,8.469116709720014e-07,4.544036656927054e-06,1.0247961377322665e-05,3.8849080058646165e-06,1.095004557865758e-06
20201118,8.492068479962271e-07,4.606616569360509e-06,9.982571241939602e-06,3.7867703104745684e-06,1.1028786165204846e-06
20201119,8.548722867765773e-07,4.669115036435759e-06,9.774307569437941e-06,3.6743840581618793e-06,1.0989671299580407e-06
20201120,8.57645046539759e-07,4.672413952837475e-06,9.368107316567058e-06,3.480551652808049e-06,1.1168543650691054e-06
20201123,8.442065857723706e-07,4.542081731726214e-06,8.877843396743359e-06,3.311126928651226e-06,1.1274478635864266e-06
20201124,8.309249903734868e-07,4.457372125525141e-06,8.444802599673909e-06,3.1571114239031966e-06,1.1373828510181988e-06
20201125,8.202817300506939e-07,4.379529480995444e-06,8.12763155093566e-06,3.0314522954373663e-06,1.1462353454212559e-06
20201126,8.150820064786209e-07,4.323173806809497e-06,7.847882639586178e-06,2.944492444313095e-06,1.1607778902852566e-06
20201127,8.129335953019978e-07,4.267768278275985e-06,7.611469424529476e-06,2.8679928180912376e-06,1.1808674799388783e-06
20201130,8.090832232834253e-07,4.234484907909451e-06,7.407788889272262e-06,2.839841874444221e-06,1.203129074827902e-06
20201201,8.078507722537534e-07,4.213549945525918e-06,7.210047875378047e-06,2.8338680722852315e-06,1.237462159832778e-06
20201202,8.08104637021389e-07,4.158022194075879e-06,7.0999541198780436e-06,2.8996564435324687e-06,1.2712482240696136e-06
20201203,8.168273317262668e-07,4.093685739675969e-06,6.999738299432967e-06,2.9621394005232908e-06,1.3062565118655815e-06
20201204,8.28840276603289e-07,4.048442802711313e-06,6.893581667002534e-06,3.069649464097434e-06,1.321009804551164e-06
20201207,8.42281890216574e-07,4.043747166382114e-06,6.815956365528992e-06,3.194666927126011e-06,1.356534585667087e-06
20201208,8.573487661205642e-07,4.088401779855374e-06,6.749839889427202e-06,3.363924974856353e-06,1.3737887305575468e-06
20201209,8.608869723006794e-07,4.082200676142164e-06,6.621365378032983e-06,3.5335933822581886e-06,1.3824371976654287e-06
20201210,8.662804601963093e-07,4.093838835452619e-06,6.465422624282896e-06,3.7064635512496435e-06,1.350901993084402e-06
20201211,8.652789202847692e-07,4.067530404251715e-06,6.252672340751176e-06,3.835833452244577e-06,1.3270543304544902e-06
20201214,8.575742977054344e-07,4.026787686239835e-06,6.12092963511156e-06,3.8746966317602744e-06,1.2902974858860749e-06
20201215,8.514890903606416e-07,3.994749419689809e-06,5.981958185929872e-06,3.911922415976541e-06,1.2625077612126066e-06
20201216,8.398718199051363e-07,3.967526337055069e-06,5.834874653877573e-06,3.921229369646348e-06,1.247757319168488e-06
20201217,8.315926152580546e-07,3.941918417532838e-06,5.73280942401016e-06,3.9500758687056985e-06,1.2477125288489388e-06
20201218,8.078030666646684e-07,3.822297007137556e-06,5.672739634613808e-06,3.970235089508735e-06,1.2497566659829876e-06
20201221,7.830527572942455e-07,3.7547642116868462e-06,5.627346433029291e-06,3.864834992461049e-06,1.2512140933894585e-06
20201222,7.502315806289021e-07,3.6264765934408667e-06,5.548698657314929e-06,3.6969545792719594e-06,1.2049855868833386e-06
20201223,7.183530897591634e-07,3.4608053920309955e-06,5.419011786240674e-06,3.561723749157064e-06,1.1630645259326016e-06
20201224,6.911724769544496e-07,3.302050328789641e-06,5.28756030842968e-06,3.4521770728408373e-06,1.1331101825598776e-06
20201225,6.691543780624047e-07,3.1452317498401384e-06,5.204164713987422e-06,3.3610098875327554e-06,1.1184241594770913e-06
20201228,6.458740777032341e-07,2.93628482534083e-06,5.09011744923086e-06,3.2812347684790127e-06,1.1108845988060555e-06
20201229,6.217091676108831e-07,2.743994586212415e-06,4.978647553158671e-06,3.219576865109044e-06,1.1042915199708677e-06
20201230,6.008012678972318e-07,2.5939828011257364e-06,4.9165431616663985e-06,3.1726023797037863e-06,1.1020785351018927e-06
20201231,5.822548394887296e-07,2.45754179278413e-06,4.853022773237199e-06,3.1453278618883876e-06,1.1024372369687528e-06
20210104,5.622035416086579e-07,2.340639679622281e-06,4.8064818268495685e-06,3.115770588592978e-06,1.1165623508116406e-06
20210105,5.447416744324359e-07,2.2228847150683184e-06,4.726057200394268e-06,3.0850871763837826e-06,1.1326303563224212e-06
20210106,5.304429374160965e-07,2.108936813681116e-06,4.619279653443305e-06,3.0727434380676462e-06,1.1444828117752617e-06
20210107,5.182646179530749e-07,2.0120166880295737e-06,4.631234454509609e-06,3.068550914335847e-06,1.165742906806902e-06
20210108,5.07487810831728e-07,1.9147420844687546e-06,4.648480553633293e-06,3.035975133360822e-06,1.193418317955791e-06
20210111,4.90879766564592e-07,1.7923865380067871e-06,4.793197463784049e-06,2.997632305029887e-06,1.2202804952119398e-06
20210112,4.77395372922603e-07,1.6871053509886313e-06,4.8856217082165175e-06,2.9644399097122795e-06,1.2446252153498653e-06
20210113,4.669041862206163e-07,1.6044111058004665e-06,4.8201274793729555e-06,2.91433621841927e-06,1.27186561079149e-06
20210114,4.5722247556274613e-07,1.5121411985475884e-06,4.700202811235662e-06,2.8642892351144653e-06,1.2920405425610384e-06
20210115,4.4127926617506713e-07,1.428226060228759e-06,4.587250816854498e-06,2.8114224022008866e-06,1.3098207264264804e-06
20210118,4.303870374637355e-07,1.3616488097768274e-06,4.515030094783456e-06,2.765579362900317e-06,1.3341829717450644e-06
20210119,4.214144830170349e-07,1.312387238716997e-06,4.495774297202234e-06,2.820948257260174e-06,1.4033732206428648e-06
20210120,4.179163551123272e-07,1.2719792708206185e-06,4.530913693630204e-06,2.8867545444341543e-06,1.5671598374921745e-06
20210121,4.1334253285120823e-07,1.2279858901722081e-06,4.478649399696777e-06,2.881858245937401e-06,1.7226322637957486e-06
20210122,4.0776008680179227e-07,1.1893800543731037e-06,4.431112198605572e-06,2.884223603140515e-06,1.8410004616324224e-06
20210125,4.049119224794529e-07,1.1575230141240194e-06,4.379343432471502e-06,2.9306593557807253e-06,1.9555584832287893e-06
20210126,4.0550974542425875e-07,1.1535321740363522e-06,4.337571725534844e-06,2.9466295562394214e-06,2.092079088102351e-06
20210127,4.0219111200239667e-07,1.144066769046826e-06,4.3259459979512445e-06,2.9309318743288313e-06,2.2049754798011925e-06
20210128,3.956816104460309e-07,1.1306648256381311e-06,4.321614261150141e-06,2.923481382925343e-06,2.247978465474241e-06
20210129,3.9734533861350196e-07,1.1317275380949272e-06,4.303010419270751e-06,2.910215291195524e-06,2.278498291660892e-06
20210201,3.946570781888485e-07,1.1170701425405925e-06,4.311249682851129e-06,2.9208918534060924e-06,2.3055529962985158e-06
20210202,3.885903858953542e-07,1.0890216980839643e-06,4.31682628590111e-06,2.926123605969202e-06,2.304339734313483e-06
20210203,3.8273135772571103e-07,1.0686360139832285e-06,4.295551198550093e-06,2.9074234753735077e-06,2.2772418151356825e-06
20210204,3.8072096401597953e-07,1.0740940305308925e-06,4.2645717452332425e-06,2.886782318213461e-06,2.2500049790794017e-06
20210205,3.813039327275076e-07,1.0819965346931003e-06,4.274322436065015e-06,2.8659388023404097e-06,2.226712085116141e-06
20210208,3.913316421445629e-07,1.137357008712459e-06,4.230770652515681e-06,2.8420351396212683e-06,2.2088062373975392e-06
20210209,4.008353854247451e-07,1.174311082993791e-06,4.216994993218637e-06,2.844338000612008e-06,2.1844519052212276e-06
20210210,4.106515202379596e-07,1.2066445751381896e-06,4.262062047107211e-06,2.864994723849331e-06,2.1693997447615545e-06
20210218,4.2290498834199945e-07,1.2480963537002243e-06,4.309759386013919e-06,2.853631996174342e-06,2.1655296249427427e-06
20210219,4.3006968769019253e-07,1.275313480405854e-06,4.449532100263155e-06,2.860869199097949e-06,2.158686387571821e-06
20210222,4.372291799556721e-07,1.2881558953276796e-06,4.492312240126817e-06,2.8394146625329903e-06,2.1477988739232854e-06
20210223,4.5094054105311303e-07,1.3299981136586473e-06,4.5557147924398495e-06,2.8436643223473237e-06,2.146082800330147e-06
20210224,4.6354187057363537e-07,1.3651638886591773e-06,4.613400102843569e-06,2.8541277565078083e-06,2.151665429854682e-06
20210225,4.729793775554663e-07,1.383409830123397e-06,4.637778787116004e-06,2.892902580943658e-06,2.138571674716824e-06
20210226,4.850892855405704e-07,1.4130067241886473e-06,4.661368572380514e-06,2.917196858000589e-06,2.135974994996269e-06
20210301,4.897806134593149e-07,1.4215816967731022e-06,4.668616069369116e-06,2.939206127907203e-06,2.1292860071213445e-06
20210302,4.943865309223891e-07,1.4373373214444021e-06,4.609680357493831e-06,2.963210738959551e-06,2.1411682861532777e-06
20210303,4.98038369544904e-07,1.454835159794112e-06,4.539667873586031e-06,2.9831163934411097e-06,2.1443902557462962e-06
20210304,5.151367996651599e-07,1.498877235641285e-06,4.4933054193756855e-06,3.003551426165265e-06,2.2078286226536224e-06
20210305,5.12350506330297e-07,1.5019562401661405e-06,4.465750671295717e-06,2.99784037122551e-06,2.2380638536686434e-06
20210308,5.131108442915996e-07,1.521505433434029e-06,4.4428891153531575e-06,2.994041545737877e-06,2.2661918533330796e-06
20210309,5.038135249068425e-07,1.5040534265814595e-06,4.4276983875729985e-06,2.9914174856412743e-06,2.2143843818304526e-06
20210310,4.947962473758403e-07,1.4841940777918093e-06,4.4131508042372635e-06,2.9873084905921436e-06,2.1697061413882446e-06
20210311,4.871834089931894e-07,1.4727166438847183e-06,4.431176335763782e-06,2.9842983570182805e-06,2.150098059302063e-06
20210312,4.788039724995589e-07,1.4593826304466399e-06,4.437875809277358e-06,2.9790082604504e-06,2.1303905915306672e-06
20210315,4.7281860192501893e-07,1.453697981695232e-06,4.4526518323466435e-06,2.9763765583419517e-06,2.121736296842803e-06
20210316,4.6791882274664714e-07,1.4392323875751104e-06,4.4444136880907366e-06,2.9618571934457757e-06,2.1178863607944565e-06
20210317,4.6263734182207825e-07,1.4242625416991302e-06,4.434611383907507e-06,2.9443369191573462e-06,2.1077151641989004e-06
20210318,4.5879119599377186e-07,1.4117226554537019e-06,4.442457199122496e-06,3.0170794505596784e-06,2.116873423259926e-06
20210319,4.5560470422224783e-07,1.3998613364070252e-06,4.436901003439273e-06,3.074013313011575e-06,2.1261483189254335e-06
20210322,4.517937502259896e-07,1.3987129995747937e-06,4.4613827191856475e-06,3.1305835060999078e-06,2.138391811867643e-06
20210323,4.4643156212384115e-07,1.396333755737504e-06,4.474123764216336e-06,3.1544042717287073e-06,2.1416462799717033e-06
20210324,4.423869671360022e-07,1.3920059891532835e-06,4.482201189516041e-06,3.173873981058764e-06,2.144473935022764e-06
20210325,4.366624641917381e-07,1.385779252838244e-06,4.477850269316273e-06,3.187911864323033e-06,2.131341744049107e-06
20210326,4.2962873547526143e-07,1.3737393719845941e-06,4.520260129972937e-06,3.220875017942157e-06,2.1269599188245385e-06
20210329,4.2233747092395443e-07,1.3517709192067823e-06,4.613215212179019e-06,3.2222875553407392e-06,2.118517428454809e-06
20210330,4.1174185901546346e-07,1.3262804632438463e-06,4.77199929190509e-06,3.242208288324175e-06,2.1106957202440633e-06
20210331,4.061752946137567e-07,1.313260409952596e-06,4.9164469338630545e-06,3.2456947856569216e-06,2.11570802695393e-06
20210401,3.9640973607800425e-07,1.281629690578132e-06,4.928332254872768e-06,3.1825933079929943e-06,2.0933536718174557e-06
20210402,3.9780509319269775e-07,1.2837770908334182e-06,4.904309947754102e-06,3.1878067755391584e-06,2.0813370944049893e-06
20210406,3.9890441958143565e-07,1.2715556118305828e-06,4.871809940501138e-06,3.168929190148955e-06,2.0685437346164047e-06
20210407,4.113892163353503e-07,1.30331216086422e-06,4.842289445544813e-06,3.165002255238534e-06,2.1464335970860883e-06
20210408,4.179433017716166e-07,1.3249663934465642e-06,4.8480508122970046e-06,3.166692761290264e-06,2.2015018024143672e-06
20210409,4.222980833344633e-07,1.3389582235817397e-06,4.8411505990066725e-06,3.1667987772348336e-06,2.283308288781389e-06
20210412,4.237882064199992e-07,1.337025385995702e-06,4.835224760546816e-06,3.210388630801481e-06,2.35868057506219e-06
20210413,4.243309000518017e-07,1.3299232586442537e-06,4.788632541399182e-06,3.2562734805886786e-06,2.4305601524861647e-06
20210414,4.2548584915736544e-07,1.3625767505649587e-06,4.718211625582867e-06,3.2946306007453477e-06,2.4973139583455088e-06
20210415,4.248137796144633e-07,1.370555288592678e-06,4.723155624533058e-06,3.366535539194662e-06,2.5537310483705157e-06
20210416,4.250438020566589e-07,1.376601344528251e-06,4.746308098455328e-06,3.4363501204172863e-06,2.5924964945714274e-06
20210419,4.2104706161188586e-07,1.3595853611108798e-06,4.7576257790045905e-06,3.505846915052894e-06,2.664170978169987e-06
20210420,4.172069245945238e-07,1.3387923674028202e-06,4.81947574689569e-06,3.821779753083536e-06,2.7746236484089288e-06
20210421,4.112904026691011e-07,1.3062267578396403e-06,4.8363328821318375e-06,4.0296386142562715e-06,2.826869936441162e-06
20210422,4.093895586761909e-07,1.2831015520471403e-06,4.828224767966294e-06,4.201399554041516e-06,2.8615082743814513e-06
20210423,4.0719228335155875e-07,1.2578068778564006e-06,4.80085974515159e-06,4.310603226754665e-06,2.8670471394822546e-06
20210426,4.110297654167526e-07,1.2249618039465667e-06,4.7626811743450955e-06,4.340981624208772e-06,2.8543242286364107e-06
20210427,4.138591488606944e-07,1.20518148830927e-06,4.851158144625094e-06,4.433212899311463e-06,2.8589250852697416e-06
20210428,4.123919423825069e-07,1.1704547488714595e-06,4.875392399114186e-06,4.504651734436169e-06,2.859394898817576e-06
20210429,4.0950353091861274e-07,1.1345294864514693e-06,4.833469049840096e-06,4.568714848100418e-06,2.9225195902947163e-06
20210430,4.0689615906917333e-07,1.1023611072253892e-06,4.918822576653938e-06,4.505191636375708e-06,2.9736562352257993e-06
20210506,4.0649781598393984e-07,1.071613510696508e-06,4.872022315624258e-06,4.324283719245847e-06,2.8919833858738214e-06
20210507,4.0613966103937734e-07,1.0480294406424025e-06,4.823646305999268e-06,4.152879299512326e-06,2.8215289739399397e-06
20210510,3.9896911711405945e-07,1.0246529698227823e-06,4.745766373959577e-06,4.0051468152505685e-06,2.715917128933467e-06
20210511,3.915201846088839e-07,1.0045299872302292e-06,4.690690360582847e-06,3.84558785091395e-06,2.6259018588495976e-06
20210512,3.8787567523619083e-07,9.919334302942933e-07,4.640723653328885e-06,3.715355438860752e-06,2.556166735422982e-06
20210513,3.7597184096141787e-07,9.672682213238284e-07,4.5022153671838724e-06,3.5584881804906784e-06,2.431500117872021e-06
20210514,3.622762391981479e-07,9.291412336054057e-07,4.327489798484473e-06,3.397658710059983e-06,2.3130116770863893e-06
20210517,3.5109127564005576e-07,8.925049118737425e-07,4.193052780118486e-06,3.2646733479610053e-06,2.2058437848488474e-06
20210518,3.40973043481267e-07,8.640221272567554e-07,4.076329159454861e-06,3.153852476745705e-06,2.1069791944677215e-06
20210519,3.259941323352268e-07,8.314977522221907e-07,3.978222578892094e-06,3.0771312201754132e-06,2.0029142438580114e-06
20210520,3.0879776412091247e-07,8.02807140679017e-07,3.833268026778374e-06,3.002453853958449e-06,1.916770528132945e-06
20210521,2.9499498595668316e-07,7.806141242424411e-07,3.686398024502665e-06,2.9413881361800242e-06,1.8516021202803622e-06
20210524,2.8372024264507566e-07,7.615954637578573e-07,3.5678810052408405e-06,2.8860885453553096e-06,1.7933915978614558e-06
20210525,2.7534645814329236e-07,7.471542678003355e-07,3.4603628457928365e-06,2.8453874916334523e-06,1.7431149346445868e-06
20210526,2.6829039015229484e-07,7.363743137459424e-07,3.3612947119737964e-06,2.807718191944303e-06,1.7052033571826087e-06
20210527,2.621423727766421e-07,7.28780836827434e-07,3.272278843560016e-06,2.7900390960001206e-06,1.6742906827230507e-06
20210528,2.5548353046256194e-07,7.177663350799146e-07,3.201523951077077e-06,2.7545420889836596e-06,1.6493278282237537e-06
20210531,2.505471102229545e-07,7.086684628145534e-07,3.1499522207253853e-06,2.7116393921014095e-06,1.6285447798297548e-06
20210601,2.473531819419848e-07,7.019933347830899e-07,3.1013647314320344e-06,2.6404513078096293e-06,1.6050987382227868e-06
20210602,2.460057634211338e-07,7.001861153860508e-07,2.97673993210089e-06,2.5576762202022285e-06,1.589403708984741e-06
20210603,2.4862519536608866e-07,7.062497067842953e-07,2.9224262577635363e-06,2.544087448880941e-06,1.6006657995694167e-06
20210604,2.494136566311572e-07,7.10494462093487e-07,2.8764436491538173e-06,2.4989962926561153e-06,1.603422409837082e-06
20210607,2.5770039358282064e-07,7.321769115827419e-07,2.8777376894022418e-06,2.491861600310359e-06,1.644561718486806e-06
20210608,2.652849067728433e-07,7.572024186795853e-07,2.8650507627416347e-06,2.4978359504788775e-06,1.678993461781114e-06
20210609,2.7096407950831036e-07,7.832761424027675e-07,2.882228005898756e-06,2.5076559460378905e-06,1.7108549710797414e-06
20210610,2.7700255008324803e-07,8.054556423913614e-07,2.9142567903573153e-06,2.5242087853613315e-06,1.7726532626165788e-06
20210611,2.852657630592887e-07,8.364924216344956e-07,2.9384988708823744e-06,2.551146632588213e-06,1.822696812331591e-06
20210615,2.934249711069181e-07,8.711490389515737e-07,2.9557243770181855e-06,2.5740072483402534e-06,1.8630524497483242e-06
20210616,3.0081231550921523e-07,9.04371566329443e-07,2.965710507749568e-06,2.59256529302373e-06,1.9088212848438256e-06
20210617,3.122300547251216e-07,9.456336364207943e-07,2.9843226323742347e-06,2.6095071429981703e-06,1.9502302565487834e-06
20210618,3.1681877659949223e-07,9.675214449623488e-07,2.978481316510522e-06,2.569548255592242e-06,1.963599002992894e-06
20210621,3.2160452862536997e-07,9.872456740499416e-07,3.0130089896612952e-06,2.5611705611952085e-06,1.9566855485897547e-06
20210622,3.2051822081460007e-07,9.89652514582023e-07,3.0007657022766567e-06,2.538842401719512e-06,1.934628760445459e-06
20210623,3.201913642023627e-07,9.873480311003947e-07,2.9882665928641826e-06,2.5089622914448813e-06,1.919306615907109e-06
20210624,3.2610294956351254e-07,1.0032724636414836e-06,2.9557175755159365e-06,2.481752331849307e-06,1.9321183907734043e-06
20210625,3.331422936102254e-07,1.0270147338734697e-06,2.899799186586512e-06,2.4513631872345696e-06,1.9398572232481957e-06
20210628,3.366745353780905e-07,1.0475773111706355e-06,2.828247553799528e-06,2.398712194549638e-06,1.9394472062668814e-06
20210629,3.409024398334147e-07,1.0601377857980846e-06,2.7710349340818874e-06,2.3605238160711466e-06,1.9444847587268027e-06
20210630,3.4793263539535834e-07,1.0779673325860763e-06,2.7876952839094156e-06,2.3403155291673968e-06,1.9665180630169776e-06
20210701,3.5121359757628247e-07,1.0884583102170893e-06,2.7906657086660067e-06,2.3115341453344826e-06,1.96713702387665e-06
20210702,3.560474068843904e-07,1.1106729285325932e-06,2.7542940737574876e-06,2.3035331704989823e-06,1.9631387853292373e-06
20210705,3.601895959246471e-07,1.133084276534745e-06,2.7195874380492674e-06,2.3310786847034674e-06,1.9540518790360164e-06
20210706,3.723541826676914e-07,1.1747955738603226e-06,2.7069604113196378e-06,2.3626707677444964e-06,1.964984724183942e-06
20210707,3.825669081162397e-07,1.2072684038841805e-06,2.7010149166640645e-06,2.3964896489889215e-06,1.982655231284505e-06
20210708,3.8714395572048126e-07,1.221388361451056e-06,2.668035222733928e-06,2.4080505151610917e-06,1.9684393517975414e-06
20210709,3.914858705433204e-07,1.2281910362649503e-06,2.635190964327261e-06,2.4081459405465345e-06,1.938905166818912e-06
20210712,3.9749185274166654e-07,1.242125957222256e-06,2.706475253089019e-06,2.4670943950803235e-06,1.952223150594971e-06
20210713,4.08599842894405e-07,1.2847306489280315e-06,2.744014757612364e-06,2.5041759766921964e-06,1.954025017339314e-06
20210714,4.284598973187132e-07,1.3602492759561029e-06,2.7436758571819178e-06,2.5134489407919873e-06,1.9400662017550583e-06
20210715,4.4271264732708134e-07,1.4147170881959174e-06,2.761026011944804e-06,2.5365751409254606e-06,1.939510364347976e-06
20210716,4.5223848669867374e-07,1.4460644168040658e-06,2.794610806766032e-06,2.5437892148788832e-06,1.9360719642646194e-06
20210719,4.853062062942277e-07,1.5479293650535335e-06,2.817216861979226e-06,2.544136164215141e-06,2.0214377996059253e-06
20210720,5.072460181776126e-07,1.623032490868883e-06,2.8267233840029554e-06,2.553117260316666e-06,2.076949705314592e-06
20210721,5.219145855403184e-07,1.6748985910024557e-06,2.839542795178644e-06,2.575407006780064e-06,2.0972487984042844e-06
20210722,5.35110505408647e-07,1.7087371106542766e-06,2.837479974287804e-06,2.5703261049132138e-06,2.0989349325824537e-06
20210723,5.516122372044703e-07,1.7535876087184199e-06,2.841113798658525e-06,2.5625214814003636e-06,2.1138930817475883e-06
20210726,5.582897098630555e-07,1.7640202208786258e-06,2.825779718339707e-06,2.556683123327648e-06,2.099128778397842e-06
20210727,5.551434418008816e-07,1.7333714281994664e-06,2.816002177035787e-06,2.582890219183418e-06,2.1045831408632443e-06
20210728,5.53694265127791e-07,1.6960358107621658e-06,2.8207829600735464e-06,2.6104390834360572e-06,2.103202716620553e-06
20210729,5.53430029868386e-07,1.6293858043930555e-06,2.8365814276576077e-06,2.646226166972569e-06,2.0995997675074124e-06
20210730,5.531789292337243e-07,1.5803405533986298e-06,2.837480519216022e-06,2.671611225344106e-06,2.0603558399687103e-06
20210802,5.172923270034639e-07,1.453681025370432e-06,2.826264313923182e-06,2.6730693926488342e-06,2.0269513673997056e-06
20210803,4.893991880747717e-07,1.3548872646494097e-06,2.8006863956152903e-06,2.6624900495764247e-06,1.9984120975313484e-06
20210804,4.674265201339513e-07,1.28265314374694e-06,2.7732894547300876e-06,2.633859934022971e-06,1.9652066309064688e-06
20210805,4.515984032610403e-07,1.2284692331086606e-06,2.890730065936459e-06,2.7368736457745473e-06,1.9441853419237047e-06
20210806,4.3444112843634694e-07,1.177498461236074e-06,3.010419158922935e-06,2.8210621301381045e-06,1.921123719038839e-06
20210809,4.2215812277977343e-07,1.1349860574921984e-06,3.06812766178558e-06,2.8650073305166886e-06,1.9099830077247458e-06
20210810,4.145783165301904e-07,1.105589629600629e-06,3.1291553827514404e-06,2.8962919348835446e-06,1.8989420168848632e-06
20210811,4.087338981387103e-07,1.0800264882803488e-06,3.200946252588419e-06,2.954559719090976e-06,1.8816172378777697e-06
20210812,4.057174707408877e-07,1.0704468982469783e-06,3.2179104387309273e-06,2.9834609734591208e-06,1.8793814464357442e-06
20210813,4.034263768058291e-07,1.0631300147227618e-06,3.2205028369779284e-06,3.0050009957493645e-06,1.8727546413944717e-06
20210816,3.986576955354301e-07,1.0566012660144973e-06,3.200607339431824e-06,3.0282675641678823e-06,1.8468596751677894e-06
20210817,3.923588138059359e-07,1.0438121642594334e-06,3.179515741387424e-06,3.0628707114377137e-06,1.832858078022262e-06
20210818,3.834370163189449e-07,1.0282487169902443e-06,3.140221970857375e-06,3.044391963114042e-06,1.8352925387683348e-06
20210819,3.7705422937225964e-07,1.0190765115155971e-06,3.05073773646629e-06,2.9989043765029063e-06,1.8128100702896238e-06
20210820,3.7144880810967824e-07,1.012958965801864e-06,2.957215593497871e-06,2.9553731171194866e-06,1.7817715614377817e-06
20210823,3.669065896261915e-07,1.0065478586573454e-06,2.832943329867032e-06,2.891897040642413e-06,1.7571204159623945e-06
20210824,3.628976748274709e-07,1.0042531629296163e-06,2.714459899498317e-06,2.844839914754129e-06,1.6876789114668632e-06
20210825,3.567114803238207e-07,9.966642583267634e-07,2.619133075843894e-06,2.8245674340813794e-06,1.6377081410981425e-06
20210826,3.5354434522969116e-07,1.0074776711753554e-06,2.5404161492027914e-06,2.7966082941462007e-06,1.5914900155366346e-06
20210827,3.5100592844450517e-07,1.0203752651143272e-06,2.4641927227988936e-06,2.764510081339457e-06,1.5805616177770074e-06
20210830,3.5787353413178363e-07,1.072437570566256e-06,2.4061775298509336e-06,2.743663855874706e-06,1.5715376246637333e-06
20210831,3.671532076812569e-07,1.130539209968187e-06,2.368130721828144e-06,2.733267942162247e-06,1.565484820474811e-06
20210901,3.8201245129571685e-07,1.2165388660570132e-06,2.3562616153069364e-06,2.7639102276651193e-06,1.5399426958254188e-06
20210902,3.932176852024112e-07,1.2940021331631682e-06,2.3405169009422515e-06,2.792108311179051e-06,1.5212872243602217e-06
20210903,4.009151810301508e-07,1.3358666336731936e-06,2.3197622805017118e-06,2.80689432443448e-06,1.5007023983470359e-06
20210906,4.080043135486667e-07,1.3710756394026743e-06,2.3041236314459234e-06,2.8269553992505687e-06,1.4728144233816652e-06
20210907,4.1361038860516114e-07,1.3962579770187853e-06,2.315942254591984e-06,2.8865651120009975e-06,1.4333723208149589e-06
20210908,4.1899334128793383e-07,1.418478457666391e-06,2.3154311714356303e-06,2.9215253411460258e-06,1.3944150356135527e-06
20210909,4.1935521903726446e-07,1.4287453273986679e-06,2.3593203800821963e-06,3.0377719302629326e-06,1.3593235987456665e-06
20210910,4.1984052440976307e-07,1.434707704844323e-06,2.3816603478493765e-06,3.119618618593704e-06,1.3031976245334725e-06
20210913,4.1861932902694414e-07,1.4278865621402804e-06,2.4080170791603034e-06,3.206530969541162e-06,1.2494864734630024e-06
20210914,4.114509461551019e-07,1.4099688396412492e-06,2.42921972732648e-06,3.280258257205759e-06,1.2018895824577148e-06
20210915,4.0692026406550333e-07,1.39604234717259e-06,2.4456727011675945e-06,3.348871253310912e-06,1.1654167299805327e-06
20210916,4.0538710341054494e-07,1.3843332990302454e-06,2.478495230464908e-06,3.443772524972329e-06,1.1355097729052458e-06
20210917,4.0450175141088166e-07,1.373377344931895e-06,2.506104777678158e-06,3.5440266262396367e-06,1.1118125008023262e-06
20210922,4.025617509842978e-07,1.367606700840396e-06,2.6760801230580363e-06,3.837443357337935e-06,1.0775361430004747e-06
20210923,3.979743492113699e-07,1.3587207946234745e-06,2.844244400155734e-06,4.11508468847397e-06,1.0733539839877256e-06
20210924,3.891696007366695e-07,1.346364410810604e-06,3.0189866371704615e-06,4.408393205994362e-06,1.0645229417347067e-06
20210927,3.814948043281466e-07,1.337903677732632e-06,3.1817780963891777e-06,4.6636976961714454e-06,1.0497788432318468e-06
20210928,3.7727715958121275e-07,1.339964506087053e-06,3.375645027790119e-06,4.960707329186729e-06,1.0468595253307222e-06
20210929,3.732417340405604e-07,1.3479973134008248e-06,3.548467100646228e-06,5.2279485414806245e-06,1.042821671973634e-06
20210930,3.713741453024469e-07,1.357060896899856e-06,3.7295447815720125e-06,5.5043518361049215e-06,1.0343054880777614e-06
20211008,3.6863847390436603e-07,1.361702847893928e-06,3.912754178654641e-06,5.7526592073126025e-06,1.0356111432035972e-06
20211011,3.6522934912930187e-07,1.362862484867415e-06,4.160014625443846e-06,6.093307539440287e-06,1.0295339510559458e-06
20211012,3.5758033187440856e-07,1.3762916748161138e-06,4.397177991375375e-06,6.417489801139092e-06,1.0252411091341786e-06
20211013,3.5141581048872134e-07,1.388743462102859e-06,4.587971343503767e-06,6.699701527339826e-06,1.036320754597762e-06
20211014,3.437654218609387e-07,1.3836766380029175e-06,4.752708593633518e-06,6.954337715096263e-06,1.0442183630679076e-06
20211015,3.3900445589133877e-07,1.3800100731654208e-06,4.934293691568395e-06,7.21127516458226e-06,1.0513704489998343e-06
20211018,3.408167081138942e-07,1.3734375238005805e-06,5.161111944169753e-06,7.531793462307054e-06,1.0586311071339837e-06
20211019,3.399211983067453e-07,1.3598148705756375e-06,5.47627168124686e-06,7.978872882054987e-06,1.0592220609456337e-06
20211020,3.3350289990496454e-07,1.3244818189040705e-06,5.760249800617557e-06,8.297596864474503e-06,1.0647519332707994e-06
20211021,3.235866098331657e-07,1.2699196206938946e-06,5.937342569278447e-06,8.459522375371019e-06,1.0515311562258469e-06
20211022,3.1496702192825347e-07,1.219127228041077e-06,6.056273174180053e-06,8.590909991177047e-06,1.0331462910393275e-06
20211025,3.086792598317773e-07,1.176276888085516e-06,6.173145990334438e-06,8.783831683685413e-06,1.0192441857929986e-06
20211026,3.012673465607275e-07,1.1307544399207045e-06,6.2685937750737685e-06,8.954176849683106e-06,1.0218212398895483e-06
20211027,2.9596272249611e-07,1.0942353464883773e-06,6.475149761094937e-06,9.151287721389404e-06,1.0226384181575286e-06
20211028,2.9087241658298645e-07,1.0682305090673309e-06,6.692963962844777e-06,9.330847349556924e-06,1.0129240552533831e-06
20211029,2.8729403940946834e-07,1.048717330575016e-06,6.90018653273761e-06,9.581665530663628e-06,1.0009073509887778e-06
20211101,2.835681516880613e-07,1.0326039362161429e-06,7.091390769487257e-06,9.770112419196497e-06,9.943779829841046e-07
20211102,2.800411666789088e-07,1.0194739926506567e-06,7.265614262060153e-06,9.999879484577144e-06,9.872956909709216e-07
20211103,2.7607700400526156e-07,9.986774760291541e-07,7.389083652668572e-06,1.021759001492923e-05,9.805037805314957e-07
20211104,2.7303350567644667e-07,9.81489517066421e-07,7.633429039410423e-06,1.0539257486830226e-05,9.807380567567312e-07
20211105,2.707071100777395e-07,9.757615740776359e-07,7.840170943549619e-06,1.0806257032822087e-05,9.93660808339296e-07
20211108,2.6914421767369447e-07,9.690261851004585e-07,8.107875481877117e-06,1.1076263718031859e-05,1.0107129451695275e-06
20211109,2.6925180586911726e-07,9.679101565961277e-07,8.427650437271788e-06,1.1380842142528207e-05,1.018749590101692e-06
20211110,2.660813211281982e-07,9.62634069074538e-07,8.676090829599656e-06,1.1624445056564914e-05,1.0218640002481105e-06
20211111,2.6144359227986254e-07,9.382698371732288e-07,8.944183770583089e-06,1.1923350056570444e-05,1.0174341869894314e-06
20211112,2.5752181937993877e-07,9.204830949209095e-07,9.327412601826493e-06,1.2355079184470766e-05,1.0153811788989776e-06
20211115,2.54204270426757e-07,9.0667188254603e-07,9.897274207068308e-06,1.3045771938188163e-05,1.0110109304090235e-06
20211116,2.522260172085355e-07,8.963507751896038e-07,1.0411482548014953e-05,1.3552709269181547e-05,1.0007010465831597e-06
20211117,2.5123535430085573e-07,8.884957517959655e-07,1.0867266903320288e-05,1.4145533190817125e-05,9.890211424277544e-07
20211118,2.577148465253285e-07,8.95981389578694e-07,1.1348597318188267e-05,1.4753274109370504e-05,9.941665964366644e-07
20211119,2.619959321695848e-07,8.909207178218926e-07,1.1742728100157658e-05,1.5254635666835465e-05,9.95331443033746e-07
20211122,2.650048295987751e-07,8.896285902496691e-07,1.2006759928056508e-05,1.576280833249888e-05,9.872220884720082e-07
20211123,2.6613128779094854e-07,8.798587105254001e-07,1.2260011764370243e-05,1.6177592211427627e-05,9.770932476965767e-07
20211124,2.686446116432117e-07,8.763405027059261e-07,1.2509489843554963e-05,1.7018141729588818e-05,9.616663058786778e-07
20211125,2.7052994696264325e-07,8.712029932062611e-07,1.282506607084284e-05,1.793696913425757e-05,9.509297140499425e-07
20211126,2.7254840305500824e-07,8.655925740666212e-07,1.3303265399109009e-05,1.9086457194692715e-05,9.513501952045273e-07
20211129,2.7470065110352264e-07,8.643891619052394e-07,1.374278418126692e-05,2.0008504435497806e-05,9.562181597323489e-07
20211130,2.8067946124166464e-07,8.771789074378021e-07,1.419758117122265e-05,2.092220900967841e-05,9.818966791353332e-07
20211201,2.858023347062137e-07,9.000964557159275e-07,1.490662025748399e-05,2.1988101011666544e-05,1.0108440300908692e-06
20211202,2.896893967488042e-07,9.184455811033384e-07,1.5502807987364696e-05,2.30737218877979e-05,1.0235714808910193e-06
20211203,2.935739989534646e-07,9.390448554199148e-07,1.594021613371268e-05,2.390831037255795e-05,1.0292407847395614e-06
20211206,2.962882366125203e-07,9.539723698562475e-07,1.631262779148701e-05,2.4511083298764814e-05,1.0349353297605587e-06
20211207,2.992297173920709e-07,9.731266375308167e-07,1.6655947165711106e-05,2.5077325500398964e-05,1.029339074213394e-06
20211208,2.9951258042629755e-07,9.845059770190534e-07,1.681909080476033e-05,2.539645868940113e-05,1.0309589225398624e-06
20211209,3.0349950354015194e-07,1.0234456495076835e-06,1.6926194179182062e-05,2.5765892378761358e-05,1.0373489153411701e-06
20211210,3.1180583676348344e-07,1.0663600451460154e-06,1.708376240916778e-05,2.616770465079518e-05,1.0394680152109867e-06
20211213,3.206193031372771e-07,1.1054150438170813e-06,1.7636470948395036e-05,2.758183575121789e-05,1.0389384900480814e-06
20211214,3.245294348566701e-07,1.131784114548974e-06,1.820072085690952e-05,2.8679129113855754e-05,1.0249219547759213e-06
20211215,3.267611765899558e-07,1.1494467614332695e-06,1.8461400004930104e-05,2.9459029195817253e-05,1.0053107703315313e-06
20211216,3.322979085004019e-07,1.178132000208334e-06,1.8722957374315236e-05,2.9935994135908347e-05,1.0040053364293446e-06
20211217,3.438206322873113e-07,1.2122021204433733e-06,1.8960187507551293e-05,3.0285015183811005e-05,1.0010996495258382e-06
20211220,3.523194063312144e-07,1.2472404770009257e-06,1.9149118990079402e-05,3.051268820987825e-05,9.97343695748567e-07
20211221,3.5791715386266167e-07,1.2705171965639864e-06,1.92580689305543e-05,3.059956967512284e-05,9.987195923650775e-07
20211222,3.8002742478556813e-07,1.3260591271841574e-06,2.0018795536228517e-05,3.099632608303338e-05,9.990916981313935e-07
20211223,3.951426715038922e-07,1.357673379298752e-06,2.0440317676674277e-05,3.092524750427492e-05,9.887040183635437e-07
20211224,4.1948722849722275e-07,1.3856531259830546e-06,2.1281790765721392e-05,3.1746640892007545e-05,9.93858797854363e-07
20211227,4.229191785052734e-07,1.3685501381027958e-06,2.1188379868500192e-05,3.071387954267046e-05,1.0091309963008805e-06
20211228,4.2532345789531885e-07,1.3547372762322082e-06,2.097504472285698e-05,2.9848158952144717e-05,1.023275293873427e-06
20211229,4.3514637311228745e-07,1.3544106773829872e-06,2.0776081745987484e-05,2.9252451247899267e-05,1.0404178182362456e-06
20211230,4.360119859179447e-07,1.3471702045126535e-06,2.0563195404233656e-05,2.8995209941574456e-05,1.0538751914189953e-06
20211231,4.321276953313731e-07,1.342018131573534e-06,2.0673294524806897e-05,2.9272377356418296e-05,1.056416852973394e-06
20220104,4.317988072067365e-07,1.344959512962874e-06,2.0984079034728094e-05,2.923428208605215e-05,1.0510788804683718e-06
20220105,4.351780506204362e-07,1.3617229731885415e-06,2.133522440167931e-05,2.945620127345037e-05,1.0723941445433444e-06
20220106,4.348498555814002e-07,1.3793106239739462e-06,2.1035197399412948e-05,2.898021585286359e-05,1.0781382389550984e-06
20220107,4.3795651976274646e-07,1.4119368821918455e-06,2.0703669124893034e-05,2.8572306068796755e-05,1.089009563237625e-06
20220110,4.3661491560199466e-07,1.436575416995426e-06,2.0421985844893997e-05,2.7468731971289392e-05,1.0790510158915058e-06
20220111,4.3904095107457373e-07,1.4740082677279941e-06,2.0305965119862893e-05,2.647563373894154e-05,1.0569324318472415e-06
20220112,4.4422546201727106e-07,1.503420715857287e-06,2.0007372609295452e-05,2.5448524318947574e-05,1.0494101597903836e-06
20220113,4.4360473669270424e-07,1.5073135622359252e-06,1.9757572334889365e-05,2.4217853997617738e-05,1.0332422627988873e-06
20220114,4.478694134318099e-07,1.534470039458799e-06,1.9727372345049954e-05,2.307261874053963e-05,1.0190749687407364e-06
20220117,4.4716821515324926e-07,1.5466362519461577e-06,1.9323680387426993e-05,2.1765987038294315e-05,1.00775286447492e-06
20220118,4.4905721418663527e-07,1.5613391393492132e-06,1.8846194445616962e-05,2.085802620669779e-05,1.0017655475775013e-06
20220119,4.4852809963638866e-07,1.5634399136483912e-06,1.8280809304058507e-05,2.0047693082851978e-05,9.998185609902877e-07
20220120,4.454626704121195e-07,1.5529526519811546e-06,1.784662067663686e-05,1.9380371519863225e-05,1.0038288079152011e-06
20220121,4.4136999095450296e-07,1.5347929399491862e-06,1.749149076534439e-05,1.8937616170572466e-05,1.0063239802150443e-06
20220124,4.383353283533819e-07,1.5246156044526619e-06,1.7182631862439286e-05,1.8666886787496784e-05,1.0165071058147707e-06
20220125,4.6709490794945103e-07,1.6131226482924356e-06,1.7185822728218725e-05,1.9199454248999496e-05,1.0424448816516665e-06
20220126,4.885612238390519e-07,1.6827909760704972e-06,1.7179548560372083e-05,1.971384546729486e-05,1.0653812404383939e-06
20220127,5.032677832726104e-07,1.7275076435954992e-06,1.7194441462240924e-05,2.01385863482477e-05,1.0921242611010535e-06
20220128,5.119471005024652e-07,1.750662920270223e-06,1.699183703493285e-05,2.030810640155611e-05,1.0803926209611892e-06
20220207,5.197734918310086e-07,1.7757963625100256e-06,1.68950935383962e-05,2.0527886822917393e-05,1.07207766004562e-06
20220208,5.315356767894362e-07,1.8103336784825371e-06,1.684942276606497e-05,2.0775361022322057e-05,1.065786856231136e-06
20220209,5.407463599843691e-07,1.8323677524249022e-06,1.6639974652849355e-05,2.1035096242222797e-05,1.044678091651056e-06
20220210,5.492244532119364e-07,1.8597927012074302e-06,1.6491385283547367e-05,2.129609372547936e-05,1.0318455544580564e-06
20220211,5.540363500375379e-07,1.8792480746909377e-06,1.636838099563353e-05,2.146968145748345e-05,1.0221558880652997e-06
20220214,5.55367207364116e-07,1.8862228076322428e-06,1.6188986492480272e-05,2.150510248777447e-05,1.0119877718302882e-06
20220215,5.506482045907254e-07,1.8755573566862057e-06,1.586940591740151e-05,2.1263929264620625e-05,9.774269560815493e-07
20220216,5.481746016468771e-07,1.8708251123247187e-06,1.5645705353471425e-05,2.1066262358208287e-05,9.518094511547692e-07
20220217,5.420627224220219e-07,1.8619776340497489e-06,1.5457899260584455e-05,2.0917215665672193e-05,9.306693494178619e-07
20220218,5.374732200780026e-07,1.8575797597875553e-06,1.532297391571521e-05,2.085801944236475e-05,9.118133633263683e-07
20220221,5.393440451836963e-07,1.88249489216234e-06,1.5400288742785522e-05,2.1414919218598562e-05,8.975959229775e-07
20220222,5.351558134651691e-07,1.8827012137961875e-06,1.5362202234084086e-05,2.1606577823556106e-05,8.884363050845499e-07
20220223,5.349251754338048e-07,1.8941572911418998e-06,1.5453047895827762e-05,2.171943081444229e-05,8.843655455586848e-07
20220224,5.292672699459135e-07,1.8886663941862908e-06,1.5509484369047645e-05,2.1776713423799403e-05,8.754097949766773e-07
20220225,5.23410775358492e-07,1.878409121357562e-06,1.5559894838017098e-05,2.1539288363466106e-05,8.717014630491245e-07
20220228,5.185104282527665e-07,1.8583059714455531e-06,1.5694373742843937e-05,2.1411652742900193e-05,8.676549813777907e-07
20220301,5.115996218846253e-07,1.8302558423088365e-06,1.5901673908209045e-05,2.1469809181495214e-05,8.656573662770726e-07
20220302,5.045303143393019e-07,1.8078921671192815e-06,1.6038353883691405e-05,2.1558575834104133e-05,8.635012879342246e-07
20220303,4.995951060787254e-07,1.7901795252511683e-06,1.6194821788345206e-05,2.1653784222544394e-05,8.598780716300118e-07
20220304,5.008966087767485e-07,1.786953500665692e-06,1.6315880303281772e-05,2.1891495729524742e-05,8.720111378959517e-07
20220307,4.955060057767316e-07,1.764039956171581e-06,1.609604893099302e-05,2.194527908414868e-05,8.788154581609369e-07
20220308,4.883570589436786e-07,1.7285632403792917e-06,1.584941444175455e-05,2.192198882564463e-05,8.844490916845699e-07
20220309,4.80521646162677e-07,1.6941921771798163e-06,1.5987504188718693e-05,2.215204640553466e-05,8.954130310738614e-07
20220310,4.770934960235596e-07,1.6719082064759541e-06,1.599511016508328e-05,2.2234587452858478e-05,9.097445549892738e-07
20220311,4.756315261552888e-07,1.6570534102884011e-06,1.5804783349317263e-05,2.212697448657884e-05,9.223979214507413e-07
20220314,4.716943738567041e-07,1.6399471574753219e-06,1.536805509036774e-05,2.1818749972195146e-05,9.338439716447336e-07
20220315,4.684176830567114e-07,1.6207325647297517e-06,1.4931478786235186e-05,2.1448935865792013e-05,9.667747616130488e-07
20220316,4.684939726598106e-07,1.6123469684887707e-06,1.4631522420970632e-05,2.1273389593126702e-05,9.980624719360016e-07
20220317,4.724082296320426e-07,1.618509025669455e-06,1.4278314032616639e-05,2.1113904356960262e-05,1.0355197963382384e-06
20220318,4.720471453386944e-07,1.6182591646556083e-06,1.4127411100667563e-05,2.1003379655452047e-05,1.0585522177417348e-06
20220321,4.7221024554429486e-07,1.6115820541759993e-06,1.3967167361469215e-05,2.0793279533948515e-05,1.0746181684530746e-06
20220322,4.725045341171633e-07,1.6109443974987973e-06,1.3746762555382432e-05,2.0538307213375198e-05,1.0991460954295e-06
20220323,4.731106059982498e-07,1.6058902939449154e-06,1.3443260844289947e-05,2.0265948069436708e-05,1.1204491237400312e-06
20220324,4.778394234596341e-07,1.6035014059557965e-06,1.325155567800862e-05,2.009118285161836e-05,1.1287461454131184e-06
20220325,4.865392735543256e-07,1.6103738608170106e-06,1.3322399400820495e-05,2.053707350417291e-05,1.148388399120913e-06
20220328,4.949889187171944e-07,1.6250939029040275e-06,1.332338392228616e-05,2.0894492317823153e-05,1.16761378251626e-06
20220329,5.053672989157948e-07,1.6488663111210549e-06,1.3459181531886895e-05,2.143226081347149e-05,1.1742361627825513e-06
20220330,5.101061294401764e-07,1.6552158898713682e-06,1.355589172460281e-05,2.1834827936614342e-05,1.1815235808988885e-06
20220331,5.104226089859904e-07,1.6552565701664774e-06,1.3700802636486733e-05,2.2328378588544507e-05,1.1894346177797234e-06
20220401,5.096735901779193e-07,1.6473156540106514e-06,1.3780770951149329e-05,2.26806004468522e-05,1.20540973336884e-06
20220406,5.188236680641832e-07,1.6685309093552481e-06,1.4260568363910382e-05,2.3743495807720048e-05,1.234048864782009e-06
20220407,5.309940104628003e-07,1.702589488544073e-06,1.471961170780235e-05,2.482719748799611e-05,1.258577422780845e-06
20220408,5.402806989325664e-07,1.7353844445959057e-06,1.4996319357357282e-05,2.5545188050620096e-05,1.290049764062304e-06
20220411,5.396140866055908e-07,1.7316326715623017e-06,1.5285523780632667e-05,2.6145480710914154e-05,1.3094850125933438e-06
20220412,5.367262223217668e-07,1.7266678338769144e-06,1.5645685198874843e-05,2.657700848169631e-05,1.3227424604728707e-06
20220413,5.48570558516977e-07,1.7517381238571256e-06,1.6706247628821486e-05,2.807540718260894e-05,1.3606947833106453e-06
20220414,5.537708869146899e-07,1.7675049748206382e-06,1.755048744819591e-05,2.935948733537228e-05,1.3860537003851738e-06
20220415,5.679353244557224e-07,1.8128446753123512e-06,1.851650853794494e-05,3.0546209995200965e-05,1.4286552743476943e-06
20220418,5.793633114582674e-07,1.8425145139428535e-06,1.9191794133701666e-05,3.131524592856004e-05,1.4555943768927916e-06
20220419,5.88511272626946e-07,1.8742758434901214e-06,2.0003700594469694e-05,3.1839705596483556e-05,1.4739255572372567e-06
20220420,5.897460127602441e-07,1.8864755443891975e-06,2.0346163533850972e-05,3.210218512172525e-05,1.4767707626447016e-06
20220421,5.868724203884939e-07,1.8858771376390842e-06,2.0815751160149228e-05,3.255910973902559e-05,1.4904616783763684e-06
20220422,5.837548513856183e-07,1.8768722188423247e-06,2.1135398231958077e-05,3.2628394287413144e-05,1.4949902721820915e-06
20220425,5.742447309267279e-07,1.84371275049846e-06,2.1216642120185926e-05,3.220807588694999e-05,1.4614411821223865e-06
20220426,5.695540235581158e-07,1.8312557245354405e-06,2.1518341119932648e-05,3.1987828961682396e-05,1.4430218827829013e-06
20220427,5.592954615629248e-07,1.8022434512645646e-06,2.1484213363401972e-05,3.145947472794353e-05,1.416171835782753e-06
20220428,5.490573645338224e-07,1.7771283013162408e-06,2.166045648751189e-05,3.127800468756577e-05,1.3975021015395478e-06
20220429,5.344196196835675e-07,1.7322937952252402e-06,2.1550571612763706e-05,3.0871788642100155e-05,1.3743324853081312e-06
20220505,5.233203808035565e-07,1.692897460018759e-06,2.1531408272897807e-05,3.068217255512901e-05,1.3543779129134251e-06
20220506,5.119591277871573e-07,1.647397853751609e-06,2.1446536545850814e-05,3.0346192729246157e-05,1.3370779850596512e-06
20220509,5.028786072892471e-07,1.6165123521476218e-06,2.140217193048774e-05,3.0104642399672165e-05,1.327272405711035e-06
20220510,4.965854981374332e-07,1.5904397675746725e-06,2.122591040126516e-05,2.9764721391226853e-05,1.3112412201378862e-06
20220511,4.887143632119764e-07,1.5654094173574058e-06,2.10450063827453e-05,2.9413333643630293e-05,1.2911526582803396e-06
20220512,4.849512742181682e-07,1.5629150682809186e-06,2.0863037087056225e-05,2.909169623182611e-05,1.286154975435333e-06
20220513,4.834849116810077e-07,1.5691985711671644e-06,2.0922649172400874e-05,2.933430223390752e-05,1.290275324018956e-06
20220516,4.815977860389582e-07,1.57687875033785e-06,2.0589237544798402e-05,2.9240578079880634e-05,1.2966059617286198e-06
20220517,4.838084629155332e-07,1.580169565985493e-06,2.021263627971683e-05,2.92897640794501e-05,1.3056135962283612e-06
20220518,4.870917308587952e-07,1.5940419428953682e-06,1.9925787734165237e-05,2.9393725677533707e-05,1.3104698704265446e-06
20220519,4.888612957963672e-07,1.60590815931334e-06,1.9678769209200235e-05,2.9326117188611263e-05,1.3156132831783461e-06
20220520,4.858143965978609e-07,1.602040068254048e-06,1.9502324422830255e-05,2.9152387370519126e-05,1.3181230463673687e-06
20220523,4.862912916134369e-07,1.6006216470046837e-06,1.9356008264187317e-05,2.8835714467444233e-05,1.3234319257695048e-06
20220524,4.854096550062032e-07,1.6029721086580415e-06,1.928371718761631e-05,2.8738130301535293e-05,1.3249894222954182e-06
20220525,4.832639904073131e-07,1.6022695118053398e-06,1.9195703625111103e-05,2.87569661827892e-05,1.3273404052330737e-06
20220526,4.855985912153052e-07,1.6207714638728295e-06,1.9102167081002538e-05,2.9073560506763556e-05,1.3710344995213568e-06
20220527,4.814903822532039e-07,1.614343169417907e-06,1.8640386257815186e-05,2.8659402834714927e-05,1.3904011730153416e-06
20220530,4.7525650826671e-07,1.5976401860850555e-06,1.8166381452988068e-05,2.8166610777400106e-05,1.4012338378313212e-06
20220531,4.6758274662758023e-07,1.575606620867034e-06,1.765467023530008e-05,2.7342135973761032e-05,1.4141841636765807e-06
20220601,4.6163933199032107e-07,1.5577355526138276e-06,1.7256573793996687e-05,2.675448571562253e-05,1.4262180898756926e-06
20220602,4.5749060461714743e-07,1.5475221701268868e-06,1.6869605101399245e-05,2.634847379760986e-05,1.4401155722361398e-06
20220606,4.6798464690321135e-07,1.6008184403381493e-06,1.652278481579483e-05,2.60230755422919e-05,1.471502520255407e-06
20220607,4.772457646954024e-07,1.657530660721586e-06,1.634142199201992e-05,2.5840362659060673e-05,1.5022904625413133e-06
20220608,4.855358533241744e-07,1.7057193083025532e-06,1.6212399315357147e-05,2.575793860240231e-05,1.5423212753074425e-06
20220609,4.900442533939197e-07,1.7443372625955603e-06,1.6054924824308456e-05,2.5459945002245267e-05,1.5904332768326707e-06
20220610,4.910286996250879e-07,1.7599649917874658e-06,1.6013377191866063e-05,2.5314023997060434e-05,1.6216260288389476e-06
20220613,4.899996132584376e-07,1.7636018282867029e-06,1.5920944552956355e-05,2.527652640177003e-05,1.651321065608102e-06
20220614,4.887233161947665e-07,1.7605427719598048e-06,1.600509604917233e-05,2.5344966463987683e-05,1.667591156367411e-06
20220615,4.884497663814008e-07,1.7637719636048306e-06,1.5867884978883387e-05,2.4914873331001242e-05,1.6621744448420287e-06
20220616,4.933952725374632e-07,1.7823368247242613e-06,1.5993377160467284e-05,2.4691006187519634e-05,1.6813620769939482e-06
20220617,4.91925945048978e-07,1.7721234923081426e-06,1.598874459941852e-05,2.4412945411754738e-05,1.68258911388585e-06
20220620,4.770257330613157e-07,1.7017930495403755e-06,1.5484065474357855e-05,2.336630003527757e-05,1.6220405589380065e-06
20220621,4.6160073134615236e-07,1.634592988533337e-06,1.5044924390069883e-05,2.2453279997817656e-05,1.5721825400015312e-06
20220622,4.5234855128719926e-07,1.589161376500245e-06,1.4701981714746834e-05,2.171455595769498e-05,1.52753425685627e-06
20220623,4.4236756898920285e-07,1.547464136972352e-06,1.4312340880186147e-05,2.0958096215457566e-05,1.4689522110001307e-06
20220624,4.332274149995737e-07,1.5138087336361214e-06,1.3875681236360496e-05,2.021462907230141e-05,1.4175000582357483e-06
20220627,4.2568149356139036e-07,1.4889973898416103e-06,1.3540632528807036e-05,1.9605118176290442e-05,1.371429270863033e-06
20220628,4.210735831316374e-07,1.4753778682304792e-06,1.3177764394660161e-05,1.9081228394211613e-05,1.3331459313611215e-06
20220629,4.176008093264867e-07,1.4707409019040412e-06,1.2907239207640072e-05,1.8667487927993432e-05,1.303157952302654e-06
20220630,4.1131508479881333e-07,1.4579051101645287e-06,1.2583700552967692e-05,1.82486590527957e-05,1.2704052038707288e-06
20220701,4.078383348493603e-07,1.4561451982754993e-06,1.2343874459713418e-05,1.7979044544413743e-05,1.24537143864858e-06
20220704,4.045899022944344e-07,1.453431097438515e-06,1.2186618257758997e-05,1.769594357243506e-05,1.222809798728455e-06
20220705,4.011528083314225e-07,1.4457386245296718e-06,1.1966295762016901e-05,1.738034083252327e-05,1.1997844904814624e-06
20220706,3.9564685949381276e-07,1.4313511530630215e-06,1.1757118591937383e-05,1.7045128665595282e-05,1.170497637945811e-06
20220707,3.900356719860189e-07,1.4174741718320502e-06,1.1574773951980556e-05,1.6801252965254593e-05,1.1406594514388811e-06
20220708,3.85130009484708e-07,1.4025080996789754e-06,1.1450910002550352e-05,1.666140361557382e-05,1.1120175285391203e-06
20220711,3.79698638587845e-07,1.3830059745038415e-06,1.1280849795985381e-05,1.6500990747265544e-05,1.081895763344585e-06
20220712,3.7499516307670925e-07,1.3697432962273584e-06,1.1108636154944407e-05,1.6329568272794438e-05,1.0581468055870327e-06
20220713,3.686645239965229e-07,1.350186640444024e-06,1.09925959067287e-05,1.6275600577105638e-05,1.0370577645514846e-06
20220714,3.6383552671828386e-07,1.3340600616524614e-06,1.083539733105245e-05,1.6167321070203464e-05,1.019759983911249e-06
20220715,3.552608276049626e-07,1.3104697819127885e-06,1.070793108119783e-05,1.5984412485724598e-05,1.0026757586419484e-06
20220718,3.4621313053197655e-07,1.2797738748607654e-06,1.0735909001833428e-05,1.6309001480372427e-05,1.0038887991333102e-06
20220719,3.388201645294019e-07,1.2561804309648458e-06,1.0757088491295308e-05,1.6695697677826934e-05,1.0086444916240233e-06
20220720,3.3180049791838155e-07,1.2348431830970747e-06,1.071414019247112e-05,1.6933748368879418e-05,1.0211353196112492e-06
20220721,3.2792709964207947e-07,1.2235993437854459e-06,1.0723846381609096e-05,1.7203927283847355e-05,1.0471755776172108e-06
20220722,3.253890788026315e-07,1.2148065806523578e-06,1.0756603241614149e-05,1.742065053721058e-05,1.0689918403747622e-06
20220725,3.219363022111794e-07,1.2069921969450276e-06,1.0905375790156002e-05,1.773286407527138e-05,1.0970161558582662e-06
20220726,3.1855507327941265e-07,1.1965766753141466e-06,1.1186675461750637e-05,1.804801128531752e-05,1.1300925564047023e-06
20220727,3.143819422069843e-07,1.1827691731018106e-06,1.1247131454737843e-05,1.8057145515801218e-05,1.1481078224076368e-06
20220728,3.1006338467550185e-07,1.1682591693890614e-06,1.1085709929626872e-05,1.7956591731631277e-05,1.163411998219344e-06
20220729,3.0612763251087415e-07,1.1531594276274826e-06,1.0960446137127089e-05,1.7836962540328058e-05,1.180764653870445e-06
20220801,3.0146557454266214e-07,1.1373215304279078e-06,1.0724643518713722e-05,1.7530212765256507e-05,1.1868372174092652e-06
20220802,2.9680497493088545e-07,1.1221263124394813e-06,1.0567562727770017e-05,1.7276657696299012e-05,1.200038856553379e-06
20220803,2.9145367335903124e-07,1.104869650444419e-06,1.0435318047531288e-05,1.7004997226281293e-05,1.2053228846672355e-06
20220804,2.8601458080357904e-07,1.0892925418544007e-06,1.0307033160896619e-05,1.6718545371838403e-05,1.2046758173538407e-06
20220805,2.8157004273243833e-07,1.0783624452049326e-06,1.0177689427983528e-05,1.6481805369755403e-05,1.2027119266683624e-06
20220808,2.796906529468332e-07,1.0781250460830964e-06,1.0024157086870576e-05,1.622312382199408e-05,1.1948200002781026e-06
20220809,2.7981493227998644e-07,1.0861703253817293e-06,9.838974716603396e-06,1.6057133679930958e-05,1.1889817408576467e-06
20220810,2.8022366878101003e-07,1.0941025261248735e-06,9.720972138702821e-06,1.5968679220375433e-05,1.1862079235792287e-06
20220811,2.823268692108295e-07,1.1130638599391046e-06,9.532507578028893e-06,1.5748680747110845e-05,1.1965360593833723e-06
20220812,3.006601984174357e-07,1.182075554900335e-06,9.518976376530884e-06,1.614492857817463e-05,1.228768409576082e-06
20220815,3.2860775405674907e-07,1.3076620211317625e-06,9.625338350432624e-06,1.676528634128591e-05,1.2507281980457817e-06
20220816,3.5007406335642784e-07,1.4073678407206951e-06,9.93257060457411e-06,1.761449519984208e-05,1.2763082288748075e-06
20220817,3.6052918604498637e-07,1.4660438879501707e-06,1.0337126091381156e-05,1.820125357142334e-05,1.284829852241045e-06
20220818,3.694019246237495e-07,1.5108844239249224e-06,1.0796872760633945e-05,1.8778527294769424e-05,1.291029531537632e-06
20220819,3.7536416295439623e-07,1.5499715609833842e-06,1.11757872844891e-05,1.9374299216813037e-05,1.301951528551231e-06
20220822,3.784378767932172e-07,1.580032007492854e-06,1.1536006880657329e-05,1.9951111807180108e-05,1.3201348705589091e-06
20220823,3.790746881358972e-07,1.5986253233979861e-06,1.1726088342678012e-05,2.0244511541571653e-05,1.3447849138930713e-06
20220824,3.815927708116222e-07,1.6253010532968537e-06,1.1871304938839396e-05,2.0448029235514113e-05,1.3593474918990377e-06
20220825,3.901480054873137e-07,1.6781031432265071e-06,1.2653555180944622e-05,2.1147239851155876e-05,1.3981052777043322e-06
20220826,3.963589207433569e-07,1.7158950895241574e-06,1.3120266087971633e-05,2.1487081933284606e-05,1.407127472995913e-06
20220829,4.005809793430509e-07,1.7324751329113962e-06,1.3282841086270299e-05,2.1511234544106303e-05,1.3984058356612506e-06
20220830,4.063966719230448e-07,1.754527919931794e-06,1.3390132406818302e-05,2.1448871615881682e-05,1.383342434922627e-06
20220831,4.104270416189781e-07,1.7730285082292078e-06,1.3448555095063279e-05,2.139210811355326e-05,1.3720455228480053e-06
20220901,4.1721600823447793e-07,1.7998415641605586e-06,1.356017356174399e-05,2.149575545184124e-05,1.3714246195796606e-06
20220902,4.2341210535587255e-07,1.8302106242203493e-06,1.3628458064566555e-05,2.146158397366181e-05,1.3849127004282617e-06
20220905,4.347903197743836e-07,1.876659640420682e-06,1.3873188572223765e-05,2.1805202200221046e-05,1.3802943164762742e-06
20220906,4.4363708603417734e-07,1.9207446820726976e-06,1.4075937736566852e-05,2.206386565237589e-05,1.3579322593781335e-06
20220907,4.5078856555043145e-07,1.9594211133012744e-06,1.4328255377648759e-05,2.2390423477152173e-05,1.3407742559570768e-06
20220908,4.528169617991477e-07,1.9720012916108036e-06,1.4364238250296526e-05,2.2379971848001316e-05,1.3029983559697656e-06
20220909,4.541807593441245e-07,1.9783848891078566e-06,1.4468915522769273e-05,2.2559019371085338e-05,1.2696473053171535e-06
20220913,4.5223631374263063e-07,1.9847621722256805e-06,1.4618451055531287e-05,2.2759053931840215e-05,1.252878593861454e-06
20220914,4.528247195010012e-07,1.9936585791741032e-06,1.4680546707235354e-05,2.3077620547432066e-05,1.2333585358190942e-06
20220915,4.6499078621216177e-07,2.058567630945025e-06,1.4749377727039e-05,2.382636430659653e-05,1.2293630888282538e-06
20220916,4.746916024828205e-07,2.0998467934882192e-06,1.4703635389521221e-05,2.4297356539988903e-05,1.2111365911047502e-06
20220919,4.893807467141717e-07,2.1572776210615345e-06,1.4643563667643135e-05,2.482395832176036e-05,1.1817520183218294e-06
20220920,5.040144857966825e-07,2.211000674718475e-06,1.466676345910091e-05,2.52258954130001e-05,1.1575856767450981e-06
20220921,5.15477605292654e-07,2.2531173686372817e-06,1.471917120096727e-05,2.5618147717148617e-05,1.1377448834871433e-06
20220922,5.189572211304841e-07,2.2624461604836426e-06,1.4690224562938992e-05,2.5832602969039684e-05,1.1262773761146872e-06
20220923,5.205825795732857e-07,2.2651290682796235e-06,1.4651321751979902e-05,2.6078113904059426e-05,1.112190172672269e-06
20220926,5.210784655729689e-07,2.2742559765169886e-06,1.4709596300314205e-05,2.6204574273497224e-05,1.1174897658101291e-06
20220927,5.307224913768804e-07,2.3126378835178293e-06,1.4978328999873734e-05,2.7165320823370347e-05,1.125515654173621e-06
20220928,5.53761371823022e-07,2.384233696652022e-06,1.5647648784909803e-05,2.8724779231507548e-05,1.1647860205340225e-06
20220929,5.642281009101186e-07,2.410777479233837e-06,1.592472821487126e-05,2.957360706141362e-05,1.180096922682045e-06
20220930,5.73545178915132e-07,2.447882564227072e-06,1.63756949646578e-05,3.0352498127619766e-05,1.1959900520870095e-06
20221010,5.781171528979844e-07,2.4660100939858386e-06,1.6607724983046905e-05,3.058200279078881e-05,1.2215550779385723e-06
20221011,5.723019875069271e-07,2.4106009187198035e-06,1.6479079827644396e-05,3.0091249550492074e-05,1.249245908110995e-06
20221012,5.644721148087742e-07,2.349557532019169e-06,1.6398084372191374e-05,2.9477828044709554e-05,1.264575860362213e-06
20221013,5.568466395889265e-07,2.2797715992582317e-06,1.6433014395425095e-05,2.928602948249258e-05,1.2739759133886024e-06
20221014,5.519190008712144e-07,2.2334882267370133e-06,1.6590999730655992e-05,2.9447102205830856e-05,1.3150680195142062e-06
20221017,5.4531327278745e-07,2.175155186171628e-06,1.624462092270828e-05,2.8546573440065232e-05,1.3417275921291386e-06
20221018,5.313481502580769e-07,2.1048054842311982e-06,1.594375305307152e-05,2.760824654560627e-05,1.3558696172712502e-06
20221019,5.153256921524513e-07,2.0361550177153543e-06,1.5526561269097232e-05,2.664494816453611e-05,1.3478840039419757e-06
20221020,5.02056495678604e-07,1.9684791546357493e-06,1.532886010993943e-05,2.5922973832417904e-05,1.3341033677708695e-06
20221021,4.908261110087298e-07,1.905799001898576e-06,1.5090452798703271e-05,2.530805266274847e-05,1.317844914936327e-06
20221024,4.819475575566241e-07,1.8486087107432132e-06,1.486879025563915e-05,2.480900232964789e-05,1.303850005918637e-06
20221025,4.735423083239596e-07,1.8014566459431968e-06,1.4597924671583083e-05,2.4398854613383417e-05,1.2837956198224597e-06
20221026,4.669307068085652e-07,1.7538424993858893e-06,1.4410114570364913e-05,2.414026936113181e-05,1.2745171130907267e-06
20221027,4.73258376022349e-07,1.7645231283573992e-06,1.4243414322367533e-05,2.3893875494051716e-05,1.2731830081594075e-06
20221028,4.7561510006170405e-07,1.7570359619196868e-06,1.4028814686265933e-05,2.358921958238295e-05,1.25716101855245e-06
20221031,4.704910773031907e-07,1.7453489375429564e-06,1.3809769484210494e-05,2.32449609690163e-05,1.2364764854991367e-06
20221101,4.672094639778445e-07,1.725619760218027e-06,1.3486433650852199e-05,2.2888426209461484e-05,1.2002213120146795e-06
20221102,4.6044037186303545e-07,1.6925429634483155e-06,1.3232724895123999e-05,2.2553413277874504e-05,1.1649990262628976e-06
20221103,4.548129914736845e-07,1.6632185993825832e-06,1.2975244154934748e-05,2.2183882681429384e-05,1.1415593242329733e-06
20221104,4.478339535527348e-07,1.63596466649001e-06,1.274570607325272e-05,2.1761326089120604e-05,1.1047112960023358e-06
20221107,4.4845080825041146e-07,1.6244755597057892e-06,1.2794197505420511e-05,2.168060111373733e-05,1.0779609116385558e-06
20221108,4.5339780689990237e-07,1.6320362824734712e-06,1.2869099970935838e-05,2.1720317222825487e-05,1.0552152000410692e-06
20221109,4.5804582219014263e-07,1.6425768703635172e-06,1.288658683093688e-05,2.1765760311635244e-05,1.0354473209448527e-06
20221110,4.5738335474955505e-07,1.6416215001852405e-06,1.2909918257972477e-05,2.1742647359246706e-05,1.0203832662781564e-06
20221111,4.54414791873692e-07,1.6353373735274465e-06,1.293134588990033e-05,2.1588286438750324e-05,9.98410143465048e-07
20221114,4.5714263420605045e-07,1.6507118321696576e-06,1.3206191835653132e-05,2.1936037160764884e-05,9.820759299899237e-07
20221115,4.574297394441299e-07,1.6555310020294216e-06,1.3432855799799156e-05,2.216457490270524e-05,9.680169885491208e-07
20221116,4.5916213851492733e-07,1.666487068888239e-06,1.3557092607060462e-05,2.2389364446312445e-05,9.55968445015065e-07
20221117,4.6311922327718986e-07,1.687249488775286e-06,1.3707484070566472e-05,2.2818537747815895e-05,9.523526759284962e-07
20221118,4.6450356824329887e-07,1.6969149905960028e-06,1.3899947745075972e-05,2.3204662882161105e-05,9.527223719550648e-07
20221121,4.591145289058521e-07,1.693962943381057e-06,1.3726962687425423e-05,2.3024026426501444e-05,9.397810340511766e-07
20221122,4.5068501659688654e-07,1.6772894576601866e-06,1.3754542773839338e-05,2.2758191682154732e-05,9.232287625323362e-07
20221123,4.436593791368595e-07,1.66860613305881e-06,1.3801542285974974e-05,2.252060777933003e-05,9.100082585620659e-07
20221124,4.363707924769496e-07,1.6545978357130697e-06,1.3848929946940409e-05,2.239608547988814e-05,8.982027096155246e-07
20221125,4.3599011259479803e-07,1.676782962384972e-06,1.3887170481200477e-05,2.2370548401970652e-05,9.013081486180577e-07
20221128,4.441014349698614e-07,1.722919274243094e-06,1.396504152168099e-05,2.2607874828761992e-05,9.094542447710295e-07
20221129,4.6750048882084316e-07,1.824435913015875e-06,1.4284785750232602e-05,2.305245188131967e-05,9.305027302847289e-07
20221130,4.847947194691001e-07,1.8982635971209394e-06,1.4549087338748027e-05,2.335036380639435e-05,9.469393541285002e-07
20221201,4.975237838456278e-07,1.949526457318849e-06,1.4673947721436676e-05,2.3377267131370335e-05,9.486220115356796e-07
20221202,5.111197385903348e-07,2.0219666369204258e-06,1.5105517813182773e-05,2.3851541934278085e-05,9.75032681019141e-07
20221205,5.246982115811347e-07,2.1041777915200767e-06,1.5485352418122362e-05,2.433159723426532e-05,9.969251173099079e-07
20221206,5.323990351185073e-07,2.1614544848455803e-06,1.563024042936379e-05,2.4717869676478897e-05,1.0130723929317463e-06
20221207,5.379084975952675e-07,2.211135337604454e-06,1.5736659556956407e-05,2.506991443972446e-05,1.0172298465898397e-06
20221208,5.540576496884823e-07,2.3293741470375693e-06,1.6056408638120822e-05,2.594464666122366e-05,1.0195732013557551e-06
20221209,5.701161094978169e-07,2.4660795810233234e-06,1.6768636203802062e-05,2.7617276625438983e-05,1.0388711394947322e-06
20221212,5.754166534602079e-07,2.5501030054394925e-06,1.7107943346609145e-05,2.8820963408730666e-05,1.0422799836088404e-06
20221213,5.737724570235588e-07,2.5720180623880294e-06,1.722135291194397e-05,2.975162184691423e-05,1.0369365713859836e-06
20221214,5.779914913153663e-07,2.6036564365768948e-06,1.7298763659966077e-05,3.066994169785455e-05,1.0346972357407e-06
20221215,5.787636505387541e-07,2.6250365343302446e-06,1.7357884932731504e-05,3.150916891684623e-05,1.032277285475063e-06
20221216,5.735334722540551e-07,2.5902690867605173e-06,1.7152522130885593e-05,3.175035767203967e-05,1.0177987600155856e-06
20221219,5.577539950350196e-07,2.49448615355095e-06,1.67302720705822e-05,3.1305166162017826e-05,1.0002998791621285e-06
20221220,5.424122202872471e-07,2.41060740310685e-06,1.6422812852159686e-05,3.0842806691936836e-05,9.922819743707582e-07
20221221,5.308395522404115e-07,2.3450486739561573e-06,1.6231486258202724e-05,3.043981452860088e-05,9.862187561702083e-07
20221222,5.176035454502404e-07,2.2759248842341264e-06,1.5877472890549e-05,2.9783430136103353e-05,9.770172493382867e-07
20221223,5.050281645894008e-07,2.2095539179059077e-06,1.546986991704474e-05,2.908996842885799e-05,9.709869930681843e-07
20221226,4.940358240265735e-07,2.14554409184976e-06,1.5163490194400249e-05,2.853712674818641e-05,9.674187454548823e-07
20221227,4.85090535028734e-07,2.097442695205959e-06,1.4924483882834112e-05,2.8112319107225745e-05,9.666619374672103e-07
20221228,4.7531843512792097e-07,2.0537234192875735e-06,1.4741435587014673e-05,2.7749794423421162e-05,9.586951338293088e-07
20221229,4.661902620027352e-07,2.019899623009671e-06,1.4703273982715914e-05,2.7515819120522133e-05,9.547151033922036e-07
20221230,4.6291570540383143e-07,2.0023440566639354e-06,1.4629735929200387e-05,2.739218594726191e-05,9.582195693041955e-07
20230103,4.5884564380409513e-07,1.9774657107513064e-06,1.4480680813781863e-05,2.72205941127884e-05,9.613565771430382e-07
20230104,4.563223560356214e-07,1.9609622215455824e-06,1.4264435491947094e-05,2.719423632754314e-05,9.547642081912746e-07
20230105,4.543828871931134e-07,1.9423818936964268e-06,1.4018552931509114e-05,2.7115513036412775e-05,9.547174803558998e-07
20230106,4.5516659940013986e-07,1.9256447568502864e-06,1.3855974850640257e-05,2.7200078134388506e-05,9.716960799360339e-07
20230109,4.5794991277325155e-07,1.918233135045651e-06,1.3692338841926867e-05,2.7161777970105176e-05,9.707413645833268e-07
20230110,4.627160933529039e-07,1.9173991526185275e-06,1.3663839499297202e-05,2.714128490272115e-05,9.766738890162376e-07
20230111,4.6290984152174113e-07,1.9136585484230235e-06,1.352630541463141e-05,2.695126839798259e-05,9.781181492377948e-07
20230112,4.63782190443702e-07,1.9089431156309805e-06,1.3491527420821923e-05,2.6738257421521152e-05,9.82509147874514e-07
20230113,4.71460520509041e-07,1.9287904674028018e-06,1.3345741929555172e-05,2.652186413449173e-05,9.950738499147163e-07
20230116,4.729674150083165e-07,1.930714057294392e-06,1.3189329832595208e-05,2.6213126591172943e-05,9.697488835420399e-07
20230117,4.915183626143371e-07,2.0164599717853167e-06,1.3421983597968765e-05,2.6776887189888045e-05,9.60665477948339e-07
20230118,5.110967733742305e-07,2.106380018075393e-06,1.3700221285264004e-05,2.7167998912663516e-05,9.576010422905885e-07
20230119,5.390429514460082e-07,2.2241044506085346e-06,1.4101219857750052e-05,2.786692985187198e-05,9.634701465750558e-07
20230120,5.683017904105011e-07,2.329750489693243e-06,1.468599052457759e-05,2.9150323044313092e-05,9.68243342120972e-07
20230130,5.888470603754128e-07,2.3965355897452226e-06,1.5041183244865544e-05,2.9907352243413118e-05,9.705735330506167e-07
20230131,6.043653610936859e-07,2.43328915521057e-06,1.551283455451199e-05,3.046300041316802e-05,9.708591675322034e-07
20230201,6.211236478933848e-07,2.464599753822997e-06,1.597318394886478e-05,3.054754444472871e-05,9.69497713353364e-07
20230202,6.31371545531532e-07,2.478161477404646e-06,1.6332146582840327e-05,3.074207659155534e-05,9.68640740346903e-07
20230203,6.338049676944244e-07,2.465121875042292e-06,1.661600506249803e-05,3.0796524438466213e-05,9.648669168084158e-07
20230206,6.401702687194228e-07,2.4668375005379726e-06,1.680749761009899e-05,3.066676760267634e-05,9.636050733246045e-07
20230207,6.423160810480102e-07,2.4562570333797757e-06,1.6850809219998728e-05,3.0264965890231543e-05,9.58520072189684e-07
20230208,6.461512736033017e-07,2.443788125035455e-06,1.728971472013904e-05,3.0141993214137313e-05,9.52622549776593e-07
20230209,6.425938283473348e-07,2.4063207484563365e-06,1.7450168249788143e-05,2.9578205363986583e-05,9.440163973854682e-07
20230210,6.495131956635561e-07,2.418345148490086e-06,1.7458446550124482e-05,2.887048416069803e-05,9.348754679112842e-07
20230213,6.470432578992508e-07,2.4222269435935226e-06,1.7519785162336694e-05,2.8453603408196354e-05,9.425344908737132e-07
20230214,6.476099774678066e-07,2.4272543878372483e-06,1.7420343988643636e-05,2.781668819583485e-05,9.570810096734204e-07
20230215,6.458169390353011e-07,2.4203516065694125e-06,1.7471205230383987e-05,2.8051707533828583e-05,9.693614974993803e-07
20230216,6.388114035298957e-07,2.407912074354758e-06,1.7417028174219925e-05,2.753175205121925e-05,9.845036886904575e-07
20230217,6.367225575419855e-07,2.3980457235385136e-06,1.749569443432752e-05,2.7103085052614363e-05,1.007715568592501e-06
20230220,6.424038230843094e-07,2.4145739547868147e-06,1.765685100471345e-05,2.6818308992270176e-05,1.0957945128261938e-06
20230221,6.4300118940205e-07,2.419322999360981e-06,1.766298205152658e-05,2.652771740986341e-05,1.1540716186895365e-06
20230222,6.433285986545946e-07,2.429982213846032e-06,1.760356230865969e-05,2.6158229259033506e-05,1.1999718430288065e-06
20230223,6.443820836898648e-07,2.440818342706114e-06,1.7304105104101508e-05,2.5764984992497413e-05,1.2360881789720048e-06
20230224,6.385269502499539e-07,2.4323243431861155e-06,1.7020876329231535e-05,2.523229263094906e-05,1.2612960398426977e-06
20230227,6.337779228155444e-07,2.4240824745559424e-06,1.6776415460156034e-05,2.4643895370868662e-05,1.2630108469129664e-06
20230228,6.325516427025169e-07,2.452963131340632e-06,1.6547914353855816e-05,2.4521656060837236e-05,1.2587580864701066e-06
20230301,6.354528102189844e-07,2.5183229426722868e-06,1.6532682844766632e-05,2.4305415278277666e-05,1.2550263088469885e-06
20230302,6.416450628697959e-07,2.6042932342681e-06,1.6411628010343496e-05,2.4276385651354563e-05,1.278303493549676e-06
20230303,6.4566215601286e-07,2.6775561530912497e-06,1.617862614668834e-05,2.4184950820959226e-05,1.290639001667983e-06
20230306,6.372071959373321e-07,2.6857004630247936e-06,1.5936032880011893e-05,2.4045384882865197e-05,1.2732773985095984e-06
20230307,6.319360960356909e-07,2.707196875816471e-06,1.572311999131737e-05,2.387363653659735e-05,1.2737829835908207e-06
20230308,6.212486575445237e-07,2.7083316426739246e-06,1.539711042026572e-05,2.3668770744551282e-05,1.2724709353350613e-06
20230309,6.074931584991333e-07,2.6872458151334574e-06,1.5128026815675077e-05,2.344838267697665e-05,1.2709530004644237e-06
20230310,5.939626588111848e-07,2.660643529806793e-06,1.4873322986917966e-05,2.3656307190199386e-05,1.256570621634044e-06
20230313,5.996763437642633e-07,2.6983982124568385e-06,1.4875951045713988e-05,2.437060365648151e-05,1.2641864107940103e-06
20230314,5.961325320152749e-07,2.7036798400047508e-06,1.46600837151881e-05,2.4222894882795646e-05,1.2681206842015287e-06
20230315,5.86402058435006e-07,2.6795836871232445e-06,1.4298335686510613e-05,2.3920453038461425e-05,1.277329448449239e-06
20230316,5.655251949156608e-07,2.5559034047590656e-06,1.4029244396388502e-05,2.3911097444607544e-05,1.2653168197124133e-06
20230317,5.486280640317549e-07,2.4512659691380217e-06,1.3872552163408651e-05,2.4240292949047824e-05,1.2532152181874207e-06
20230320,5.352598609361615e-07,2.366936263940163e-06,1.3748805039459575e-05,2.470572924034963e-05,1.2339927307383091e-06
20230321,5.287815624474025e-07,2.303987639478443e-06,1.3852392341483558e-05,2.5377593040749474e-05,1.2312235893272792e-06
20230322,5.206890501904365e-07,2.23845362252256e-06,1.3940543641445185e-05,2.573324918210152e-05,1.2295537974024792e-06
20230323,5.107980599715502e-07,2.17580828945281e-06,1.4340537246673432e-05,2.6474688427812567e-05,1.2226760609535382e-06
20230324,5.032461112783025e-07,2.124541890995976e-06,1.4735309242548857e-05,2.6889908228834164e-05,1.2190016415322984e-06
20230327,4.916077120866184e-07,2.070045105608165e-06,1.497220381915308e-05,2.6956316047815395e-05,1.220681288862613e-06
20230328,4.818797509431569e-07,2.019710659129638e-06,1.5225720143729835e-05,2.700080697049419e-05,1.2186212846247651e-06
20230329,4.732180506032835e-07,1.9782897465007846e-06,1.546230730579908e-05,2.7606250365980443e-05,1.2296243623140308e-06
20230330,4.6430836010377285e-07,1.928628105588259e-06,1.5487877868891613e-05,2.7706703728966822e-05,1.2362131629592625e-06
20230331,4.5835995997670707e-07,1.902631269192398e-06,1.5394477855394247e-05,2.725532715943887e-05,1.2378135676152284e-06
20230403,4.573220957934914e-07,1.8835592509656972e-06,1.514622348997e-05,2.648923927330589e-05,1.25782357429666e-06
20230404,4.5658178868113297e-07,1.8725326433716853e-06,1.484249378197356e-05,2.5896394923842253e-05,1.2712771711402186e-06
20230406,4.5836876886193615e-07,1.8672618006497493e-06,1.4674242214967562e-05,2.567405549485621e-05,1.280032338345958e-06
20230407,4.6497793389262703e-07,1.88296067726376e-06,1.4512662642765436e-05,2.538042208890629e-05,1.2890995579568822e-06
20230410,4.718662142660993e-07,1.8978044670134651e-06,1.4411484672892879e-05,2.530215324047745e-05,1.2995080302675836e-06
20230411,4.80333213460484e-07,1.9283085132356955e-06,1.4621229321635064e-05,2.564854029901182e-05,1.3021345550972424e-06
20230412,4.896207830300514e-07,1.963275853157364e-06,1.4760464708145822e-05,2.6319490549354423e-05,1.308778704713742e-06
20230413,4.954463023534073e-07,1.9874587644615385e-06,1.5041899541603559e-05,2.6954098678841025e-05,1.3036829934979022e-06
20230414,5.101436897463293e-07,2.0512640082260736e-06,1.539458855182443e-05,2.7536408550196463e-05,1.3073154286303177e-06
20230417,5.228864062944611e-07,2.1033879614566375e-06,1.56975609668103e-05,2.8081608038928287e-05,1.3124775823389158e-06
20230418,5.327886214073782e-07,2.1464138650656397e-06,1.5885390271963548e-05,2.839022410824802e-05,1.3376604804009034e-06
20230419,5.403824886125312e-07,2.1874232128980696e-06,1.6210479352025357e-05,2.8681264820957818e-05,1.3497507158493481e-06
20230420,5.474626661366844e-07,2.2304757908794007e-06,1.64181209685258e-05,2.8880772312968526e-05,1.3620070305749595e-06
20230421,5.521590340801152e-07,2.2569625390722658e-06,1.6584525497560664e-05,2.919566830769105e-05,1.3525426832226578e-06
20230424,5.559888264271053e-07,2.264307358819489e-06,1.685804809349839e-05,2.980133489139845e-05,1.3520521299265122e-06
20230425,5.572582217682242e-07,2.258438833286129e-06,1.694073917126101e-05,3.0288955548034096e-05,1.3486996466949286e-06
20230426,5.599264352045765e-07,2.2610242909229007e-06,1.6939739325254312e-05,3.0678515347999545e-05,1.345688409613389e-06
20230427,5.625679080505059e-07,2.2693666161132338e-06,1.6913592761801827e-05,3.096866032772422e-05,1.3460040813734157e-06
20230428,5.632910592289288e-07,2.2639463390864483e-06,1.677460396684447e-05,3.108665953417742e-05,1.3475587491669614e-06
20230504,5.656412800130506e-07,2.2662111756108687e-06,1.6665863719760217e-05,3.195114827654923e-05,1.3535810827484695e-06
20230505,5.717927547091383e-07,2.2781880999533968e-06,1.6612624646997927e-05,3.286534617116175e-05,1.3435385586850248e-06
20230508,5.597379567706302e-07,2.198426686533062e-06,1.603634822141034e-05,3.242192217328122e-05,1.3109363616161045e-06
20230509,5.524419338486642e-07,2.1377554420120995e-06,1.5389828075542674e-05,3.206192078251583e-05,1.2817825901831856e-06
20230510,5.453039895108493e-07,2.088688804578649e-06,1.4858557009643568e-05,3.1720883088424876e-05,1.2518828382920246e-06
20230511,5.390833457501549e-07,2.039148592680973e-06,1.443097467399703e-05,3.138283091797251e-05,1.2235732871932705e-06
20230512,5.372844837169587e-07,1.997571371655264e-06,1.4085871492549045e-05,3.1175337548599456e-05,1.214438147181758e-06
20230515,5.272682119250534e-07,1.9372776088059135e-06,1.3659689925193484e-05,3.06809048821539e-05,1.1834524395646636e-06
20230516,5.192027835173791e-07,1.8892637385413163e-06,1.3276786972879481e-05,3.0350743419273877e-05,1.1574219402812284e-06
20230517,5.091924306464133e-07,1.854830128003682e-06,1.2906408268737956e-05,2.9982201222084627e-05,1.1222915451676587e-06
20230518,5.022137506325783e-07,1.8266864321086184e-06,1.2584059673754607e-05,2.9570695386909076e-05,1.094026202530701e-06
20230519,4.885099093349186e-07,1.7798292334706623e-06,1.2131899703893282e-05,2.887413457807127e-05,1.0640298265613718e-06
20230522,4.7446755416824013e-07,1.7301072824332407e-06,1.1706862334570785e-05,2.809416062675862e-05,1.0363078559581727e-06
20230523,4.600134250002813e-07,1.6801621498118743e-06,1.1327224185822885e-05,2.7335336018167604e-05,1.0161071661975745e-06
20230524,4.472910583070312e-07,1.6362794575792948e-06,1.0956004332184408e-05,2.6784669331835457e-05,1.0135780474657614e-06
20230525,4.3710580969730597e-07,1.606556513300285e-06,1.0428821597383843e-05,2.607533458430028e-05,1.0022466862890458e-06
20230526,4.262346245319329e-07,1.572327336678688e-06,9.875116362061279e-06,2.5206012942606936e-05,9.760753829038616e-07
20230529,4.1595389421565597e-07,1.5365899230713672e-06,9.43977863441749e-06,2.4323201033848535e-05,9.515777907155806e-07
20230530,4.0886706857101534e-07,1.507969333907011e-06,9.010986354299874e-06,2.3434521797816648e-05,9.261865070495212e-07
20230531,4.02712826958222e-07,1.4789274765143706e-06,8.638972743951604e-06,2.2694545210091294e-05,9.064129379037459e-07
20230601,3.965267468815028e-07,1.454903367437743e-06,8.348937097067531e-06,2.2087704489279295e-05,8.890152243459242e-07
20230602,3.9108388678418537e-07,1.4332268635822903e-06,8.095032997281542e-06,2.1603840457887506e-05,8.720244671954655e-07
20230605,3.9232754751440667e-07,1.4439700616453948e-06,8.020119061484334e-06,2.1543084899104216e-05,8.650349033818469e-07
20230606,3.93593985633901e-07,1.4475889867456137e-06,7.93304665807481e-06,2.1398840698530557e-05,8.563441794587717e-07
20230607,3.9007892543285684e-07,1.434679206731669e-06,7.740929821341303e-06,2.1138692630559403e-05,8.38790009360827e-07
20230608,3.881612853864732e-07,1.43492461517472e-06,7.591089422714564e-06,2.0920220842349886e-05,8.359472591252607e-07
20230609,3.866810744802415e-07,1.435366576899853e-06,7.4354463209323845e-06,2.0680839304676935e-05,8.327799635760515e-07
20230612,3.887647108753536e-07,1.4517533840143156e-06,7.301535552859207e-06,2.0595235859902486e-05,8.335252601561738e-07
20230613,3.895364034204579e-07,1.4609669948795884e-06,7.058319667373792e-06,2.0338558652351037e-05,8.36534748450105e-07
20230614,3.9097499861114786e-07,1.4724956955844418e-06,6.882885301730676e-06,2.0276808340550593e-05,8.463344258171277e-07
20230615,3.8989789354278284e-07,1.4710266483736782e-06,6.5668288071469055e-06,2.0037544307985807e-05,8.477334946135793e-07
20230616,3.9183821138955603e-07,1.4808325660966133e-06,6.4188931374202025e-06,2.0000914855701542e-05,8.513918919089225e-07
20230619,3.9372167796584944e-07,1.4911242069209429e-06,6.289634149811234e-06,2.0073279216325885e-05,8.551008361917016e-07
20230620,3.928964189983005e-07,1.4933136080652618e-06,6.124817667864127e-06,1.9960567847158393e-05,8.579533413342869e-07
20230621,4.0662082129696084e-07,1.5328610435825164e-06,6.017095295271284e-06,1.9971675329288218e-05,8.747544575655007e-07
20230626,4.168261658602218e-07,1.5525631779892556e-06,5.947761737133468e-06,2.003141183044493e-05,8.771034865219441e-07
20230627,4.2917780012854275e-07,1.5855103065760104e-06,5.897263455015711e-06,2.006001557344571e-05,8.984888392203455e-07
20230628,4.3487666223732016e-07,1.5981772846332878e-06,5.8203985555695375e-06,2.0048037968591072e-05,9.060074081708498e-07
20230629,4.4245367499108623e-07,1.6145988414339408e-06,5.808148664524187e-06,2.017870854630519e-05,9.186297538725026e-07
20230630,4.4276203233357935e-07,1.6102837394911983e-06,5.755924581586199e-06,2.0244322070149238e-05,9.164490283907734e-07
20230703,4.494763440944514e-07,1.6309911616180805e-06,5.714215852832912e-06,2.0344860565525494e-05,9.396672835494805e-07
20230704,4.5429644999731816e-07,1.652382106687198e-06,5.623579448342495e-06,2.0316141073009425e-05,9.542851130940202e-07
20230705,4.557972740526186e-07,1.6623238508795034e-06,5.534183758609699e-06,2.0124089014003968e-05,9.641042802046678e-07
20230706,4.5614694301408446e-07,1.6730391672872147e-06,5.476213253147934e-06,2.000269602929497e-05,9.67947283893504e-07
20230707,4.453722735872965e-07,1.6519010446351915e-06,5.417409895981335e-06,1.97606787114028e-05,9.576489158738354e-07
20230710,4.3642583517088713e-07,1.6346818163986625e-06,5.332081116751586e-06,1.9349165582101416e-05,9.61994038766165e-07
20230711,4.311545818626811e-07,1.6336132877007924e-06,5.280740270064313e-06,1.90951783085706e-05,9.703289862695407e-07
20230712,4.3198630381705944e-07,1.6554980777227283e-06,5.268059973928366e-06,1.9041752410437228e-05,1.0039331927607954e-06
20230713,4.411227407321836e-07,1.7004262493273879e-06,5.276053906617918e-06,1.9174227317248944e-05,1.037266348908692e-06
20230714,4.5010543934604983e-07,1.738516616925363e-06,5.301310363601552e-06,1.9341592735005067e-05,1.0665215242568937e-06
20230717,4.480806941384761e-07,1.7379219660939076e-06,5.339955977405059e-06,1.9361267575766225e-05,1.0780176314285318e-06
20230718,4.471031397036966e-07,1.7381958050882099e-06,5.273361672001164e-06,1.936671962581282e-05,1.0945252324914785e-06
20230719,4.4644413058487e-07,1.7398585551094455e-06,5.246410832166523e-06,1.9472048303490804e-05,1.105018859000548e-06
20230720,4.469402660613246e-07,1.7473510953541326e-06,5.2392762651701305e-06,1.959863402832457e-05,1.1164627333484842e-06
20230721,4.5147900230803914e-07,1.7590705766869232e-06,5.233810362974145e-06,1.9691069554194766e-05,1.1301478879380902e-06
20230724,4.53726146316198e-07,1.767590302487097e-06,5.346157163301029e-06,2.0481021243995006e-05,1.1331201958961417e-06
20230725,4.555081452097037e-07,1.7584221878490407e-06,5.4577170680632665e-06,2.122098870420122e-05,1.1587672320911676e-06
20230726,4.528382888230109e-07,1.7407527982943044e-06,5.564000031566026e-06,2.179118807928091e-05,1.1749568650404912e-06
20230727,4.451532313752543e-07,1.7107134828914058e-06,5.593465257489537e-06,2.2001503733096507e-05,1.1837539854898271e-06
20230728,4.3913233403924223e-07,1.6892028091464793e-06,5.61153106289906e-06,2.211971066837243e-05,1.1944537846945353e-06
20230731,4.3466061783826877e-07,1.6676223877369861e-06,5.6026429450819206e-06,2.2252404843837632e-05,1.2030489773849562e-06
20230801,4.2881662499739006e-07,1.6382768491039898e-06,5.618399236581746e-06,2.2290897091573544e-05,1.212943436304156e-06
20230802,4.209904273044064e-07,1.602128073152634e-06,5.6228232694445655e-06,2.2255082417233038e-05,1.2278282695442435e-06
20230803,4.129068205684967e-07,1.565674307792686e-06,5.574325153274767e-06,2.172158059607947e-05,1.2443739464893526e-06
20230804,4.1029579106810044e-07,1.5577763070148837e-06,5.581961565796715e-06,2.1459246787881095e-05,1.2670003895294205e-06
20230807,4.067651680717884e-07,1.5421517108712706e-06,5.52270609583834e-06,2.0932252188526686e-05,1.3021488242536153e-06
20230808,4.011283511630405e-07,1.508637046278232e-06,5.465998169126208e-06,2.05474246444487e-05,1.3236565989213618e-06
20230809,3.986027297833944e-07,1.4857634867180992e-06,5.493724747120518e-06,2.0396421622488295e-05,1.3587748279137407e-06
20230810,3.979835894959918e-07,1.46627749294106e-06,5.523376301455271e-06,2.0384760716663107e-05,1.3935150867058656e-06
20230811,4.013785333925631e-07,1.4566274711480262e-06,5.565927559393519e-06,2.033663294464227e-05,1.4169412611264946e-06
20230814,4.127258733465909e-07,1.4721080151038094e-06,5.626875542831271e-06,2.0493674121644908e-05,1.4481876718556102e-06
20230815,4.29329730938384e-07,1.5015380434885692e-06,5.86032077971894e-06,2.0946263967446916e-05,1.4785461451518481e-06
20230816,4.4298000358835144e-07,1.5200045437706762e-06,6.0588809923677125e-06,2.1410434908191698e-05,1.5044830675211095e-06
20230817,4.5823369608636216e-07,1.5399022894815145e-06,6.245559961529745e-06,2.1780331112233336e-05,1.5086313563024995e-06
20230818,4.705657297843305e-07,1.5461552413394282e-06,6.399650585497023e-06,2.1926569524746333e-05,1.5035153097442254e-06
20230821,4.815642585162132e-07,1.5555260795820652e-06,6.559381200584135e-06,2.2037874587260604e-05,1.4927119789564865e-06
20230822,4.947767375683247e-07,1.6276610631345652e-06,6.6217134280078415e-06,2.1975217488919007e-05,1.4737410399226366e-06
20230823,5.007995337888781e-07,1.681186798701408e-06,6.676129248149176e-06,2.1939180303674044e-05,1.4510655825697049e-06
20230824,5.076018619829362e-07,1.7358633453350412e-06,6.771300937044454e-06,2.199982766346085e-05,1.4413167666265963e-06
20230825,5.086985262840525e-07,1.7814546818565257e-06,6.8279867896322685e-06,2.1987277375604325e-05,1.4342393502422277e-06
20230828,5.027942810253446e-07,1.785012227389255e-06,6.855008727762485e-06,2.184732123700177e-05,1.4150947132769213e-06
20230829,4.918339261201223e-07,1.7626490777375092e-06,6.8243431128125466e-06,2.1813804539325456e-05,1.3902012468820683e-06
20230830,4.934852670975133e-07,1.7606683299720403e-06,6.783848329958566e-06,2.179884593193078e-05,1.3739449767686127e-06
20230831,5.072466323234841e-07,1.7294821854117092e-06,6.930993551520032e-06,2.276828954670927e-05,1.3759033703768219e-06
20230901,5.212344646776581e-07,1.6889638740182731e-06,6.895365176943846e-06,2.340949077843479e-05,1.3747607944385232e-06
20230904,5.304125143663211e-07,1.6552360422763753e-06,6.838156839470964e-06,2.3898476668736736e-05,1.374773150302266e-06
20230905,5.389146742298706e-07,1.6192424527319948e-06,6.837874057198792e-06,2.4283815559483853e-05,1.3685411886727837e-06
20230906,5.484664616767225e-07,1.5831803193552992e-06,6.799764082106781e-06,2.453803898615293e-05,1.3603192003202347e-06
20230907,5.589693198854908e-07,1.5601502484074822e-06,6.715931748341611e-06,2.5049008703812417e-05,1.3407751805260717e-06
20230908,5.608306141434677e-07,1.5296908012868864e-06,6.578646929688952e-06,2.524534932573487e-05,1.3294546081860229e-06
20230911,5.69198042985041e-07,1.5097919682940854e-06,6.446447558283881e-06,2.5307136198531288e-05,1.3340390305981607e-06
20230912,5.823019375113955e-07,1.5021520083249974e-06,6.308828719564501e-06,2.515261382269588e-05,1.3437191828710604e-06
20230913,5.90045408083229e-07,1.4864371508242558e-06,6.215320025043403e-06,2.519392881475148e-05,1.3445052308202298e-06
20230914,5.933545661619399e-07,1.4707714704197514e-06,6.098004762878635e-06,2.503846935463257e-05,1.355524850912878e-06
20230915,5.989882670098221e-07,1.4630554647283033e-06,5.9750444269485985e-06,2.5004622572155568e-05,1.369093649389843e-06
20230918,6.088252403171303e-07,1.4618669268964662e-06,5.869610906693458e-06,2.52064034664342e-05,1.3732821600940536e-06
20230919,6.193917244606708e-07,1.4592756468707402e-06,5.749668873073326e-06,2.548002825436565e-05,1.4049569380830875e-06
20230920,6.284104028508665e-07,1.4524036996476294e-06,5.594837600284228e-06,2.5488553894916374e-05,1.433537166569879e-06
20230921,6.262415175817544e-07,1.430068814830173e-06,5.420490360998587e-06,2.5062681588628048e-05,1.4433869516799881e-06
20230922,6.258181456079082e-07,1.4155957139276557e-06,5.2345141066783105e-06,2.4771181556615364e-05,1.444147234887766e-06
20230925,6.225992785825374e-07,1.4057123230634634e-06,5.051441754899565e-06,2.4478262245782675e-05,1.4303881493827822e-06
20230926,6.157173705462644e-07,1.3888304365864297e-06,4.886693294155162e-06,2.3987343185206757e-05,1.4085220145700625e-06
20230927,6.112358421229339e-07,1.3786456257600594e-06,4.737450421769465e-06,2.3496603625968847e-05,1.4055013129000843e-06
20230928,6.098278066937407e-07,1.3978016609669282e-06,4.597566573566586e-06,2.2478007931455095e-05,1.401555962529804e-06
20231009,6.161724547009852e-07,1.4345654953109196e-06,4.543100270715161e-06,2.1803545168844422e-05,1.4005875987714851e-06
20231010,6.211718671362387e-07,1.463204603559054e-06,4.440359303229119e-06,2.092353803843981e-05,1.4017128827040682e-06
20231011,6.203560141605656e-07,1.4733677415260148e-06,4.341249183965293e-06,2.004830255363312e-05,1.38807530552916e-06
20231012,6.21716744138479e-07,1.4769034134399525e-06,4.260481921931042e-06,1.934496961343283e-05,1.3760175367697555e-06
20231013,6.201107445917625e-07,1.4640039971533933e-06,4.189211340474958e-06,1.872664356541438e-05,1.3752135920875825e-06
20231016,6.266065768941541e-07,1.4589305473700398e-06,4.178716948759551e-06,1.8243830755242286e-05,1.3686490778697607e-06
20231017,6.358292176440805e-07,1.4536383420707028e-06,4.238504593008724e-06,1.7971794741456955e-05,1.3762004839351907e-06
20231018,6.491164962795967e-07,1.459149150433611e-06,4.286636294654793e-06,1.7718954167046486e-05,1.3869637474909847e-06
20231019,6.486044492303247e-07,1.4616119198477447e-06,4.286697263871567e-06,1.7356390757755564e-05,1.3850548249637766e-06
20231020,6.43123871313905e-07,1.455749674688104e-06,4.31047324702489e-06,1.7085878779687392e-05,1.3580172807514188e-06
20231023,6.334200658832304e-07,1.4511155562521548e-06,4.3029014679073386e-06,1.6776483447718832e-05,1.34415711958848e-06
20231024,6.223769815704675e-07,1.4443274968797817e-06,4.337061441032908e-06,1.6555282542690036e-05,1.3263576694417812e-06
20231025,6.097088930699623e-07,1.441471183831319e-06,4.345645918529502e-06,1.637073816151808e-05,1.3151343167225433e-06
20231026,5.977822546760093e-07,1.4388289692490574e-06,4.373977195879895e-06,1.628264221708591e-05,1.3059876167142352e-06
20231027,5.975233355686579e-07,1.4716308001382588e-06,4.452630393165366e-06,1.6322113316498153e-05,1.3029834090504899e-06
20231030,5.925501110898456e-07,1.4873052679986653e-06,4.501886352985111e-06,1.6311124952737654e-05,1.3083241481426386e-06
20231031,5.940044218721725e-07,1.5091490241814131e-06,4.503218346902807e-06,1.614196180523455e-05,1.3222053384792304e-06
20231101,5.982554735221556e-07,1.5513570609273723e-06,4.512295291649051e-06,1.6077518360971743e-05,1.333211653153512e-06
20231102,6.012757682416558e-07,1.5774193505309965e-06,4.512788436780205e-06,1.602682630502337e-05,1.346392477887428e-06
20231103,6.022500511633112e-07,1.60171939773677e-06,4.5295135718011905e-06,1.6438195811962084e-05,1.3552697934894004e-06
20231106,6.104822429668603e-07,1.6547865905804715e-06,4.549915918653424e-06,1.675068161157411e-05,1.3799539953580552e-06
20231107,6.207037821529836e-07,1.7107140436362145e-06,4.795397586139687e-06,1.765539151362255e-05,1.403180948378928e-06
20231108,6.275395233739479e-07,1.7506552937927838e-06,5.042796371744799e-06,1.8464618230521005e-05,1.4229507923732582e-06
20231109,6.318248791429297e-07,1.7899215670121636e-06,5.227327898667656e-06,1.900872045371206e-05,1.4343847595988318e-06
20231110,6.321226195178481e-07,1.8171373192110218e-06,5.37677423167338e-06,1.9413647592912118e-05,1.44417959476265e-06
20231113,6.313835368816204e-07,1.842692096096354e-06,5.551954247951297e-06,2.017084245928722e-05,1.452561095076606e-06
20231114,6.247045412586724e-07,1.8488864049284676e-06,5.682644185304786e-06,2.075439837951496e-05,1.4415564099293631e-06
20231115,6.178449698125822e-07,1.849901709926949e-06,5.84843859872136e-06,2.1644554684332294e-05,1.4374686113541493e-06
20231116,6.136063777407771e-07,1.8573704767580615e-06,5.918149708869137e-06,2.2292406206041022e-05,1.4290547728269994e-06
20231117,6.117739945863435e-07,1.8738027444919345e-06,5.913786419454511e-06,2.259368350213797e-05,1.4991415259327732e-06
20231120,6.131356130873714e-07,1.8920007910536302e-06,5.977542929111514e-06,2.2844335062004994e-05,1.5502673741061925e-06
20231121,6.145180063546094e-07,1.900670088300977e-06,5.905790258420771e-06,2.264590351441754e-05,1.6674332647079856e-06
20231122,6.184255388977738e-07,1.926847333040748e-06,5.932748626672453e-06,2.314060636680808e-05,1.7728697845648055e-06
20231123,6.071889277342399e-07,1.9237651886692382e-06,5.917034362885703e-06,2.345416541628592e-05,1.8195958346169407e-06
20231124,6.015650999561507e-07,1.944363160787144e-06,5.899967892432516e-06,2.352767253381283e-05,1.879948080709572e-06
20231127,5.925253293456441e-07,1.9433059231267014e-06,5.825560308041992e-06,2.3299421039399924e-05,1.9147450749101745e-06
20231128,5.793588194670596e-07,1.933878232677e-06,5.7795267803956885e-06,2.3094010926680977e-05,1.9104432282693383e-06
20231129,5.651272864070635e-07,1.919642046916611e-06,5.6961948368025045e-06,2.2753777598181365e-05,1.9363183990766073e-06
20231130,5.540579228845268e-07,1.9003324426656845e-06,5.626821864123769e-06,2.2507622016957882e-05,1.962635409063769e-06
20231201,5.517237961417625e-07,1.8911283057961511e-06,5.6342346785162725e-06,2.2627629974752223e-05,1.973734277830214e-06
20231204,5.528266559239369e-07,1.8706793837785099e-06,5.522955444420793e-06,2.2373195538194483e-05,1.9937374686827022e-06
20231205,5.480622641709763e-07,1.839985106214592e-06,5.37679116717893e-06,2.198619881610071e-05,2.006533729963036e-06
20231206,5.516044953183945e-07,1.8235019618471755e-06,5.262321158464279e-06,2.1582184688507998e-05,2.0376318670806226e-06
20231207,5.566769623600288e-07,1.793148296205896e-06,5.19662162866659e-06,2.121058655476691e-05,2.0744691133401586e-06
20231208,5.610400175410098e-07,1.7599022144112883e-06,5.130716808824484e-06,2.0941567412493325e-05,2.1318073279658192e-06
20231211,5.636495471388759e-07,1.7340113658708982e-06,5.0697070367143415e-06,2.0666183211343427e-05,2.1767014820567173e-06
20231212,5.690121093384014e-07,1.7215421259816817e-06,5.022085489187402e-06,2.056688850682675e-05,2.2356348293542998e-06
20231213,5.658834101672534e-07,1.6892300952332564e-06,4.944754857652394e-06,2.05740212799967e-05,2.2682725234421198e-06
20231214,5.670531498090197e-07,1.6710728059778772e-06,4.941061254982238e-06,2.0835499329602632e-05,2.3005614233520404e-06
20231215,5.66267526686436e-07,1.6521387861512065e-06,4.910046932214209e-06,2.091046309753663e-05,2.3425718780914665e-06
20231218,5.709084137595584e-07,1.6431820178566212e-06,4.881457212561844e-06,2.0961703040646483e-05,2.395243798403405e-06
20231219,5.740307508113209e-07,1.6392658179151402e-06,4.8644712078739415e-06,2.11310107932353e-05,2.452698342767246e-06
20231220,5.733983186268951e-07,1.6347412159545042e-06,4.833791565733141e-06,2.1169124136578417e-05,2.5174274298402293e-06
20231221,5.796707376887876e-07,1.643796462653462e-06,4.821549817390315e-06,2.1224727499190754e-05,2.5790474171086647e-06
20231222,5.859121976820115e-07,1.6488032829077534e-06,4.833617389101022e-06,2.1496569326531417e-05,2.6203586871933366e-06
20231225,5.916563414485989e-07,1.6492291668247072e-06,4.900701417529148e-06,2.1871020555657045e-05,2.659799666777277e-06
20231226,6.054327666650301e-07,1.6579597520937182e-06,4.96717669007175e-06,2.226085497655987e-05,2.7825063525480585e-06
20231227,6.124995558283273e-07,1.653450547219068e-06,5.042942578114567e-06,2.2626920069129757e-05,2.8822058884058375e-06
20231228,6.152633329933021e-07,1.6362426603344644e-06,5.0789212711820184e-06,2.2854005395033018e-05,2.95905793656177e-06
20231229,6.160205628595484e-07,1.6157909224197293e-06,5.1039810396258795e-06,2.29842438134664e-05,3.0246382606862742e-06
20240102,6.259200208792804e-07,1.6128294088517378e-06,5.273179713962852e-06,2.365436810482949e-05,3.1078381347755008e-06
20240103,6.354735654819151e-07,1.6075897789985028e-06,5.393533779529269e-06,2.4161098333926933e-05,3.1803669831407212e-06
20240104,6.482550233782245e-07,1.605171261099154e-06,5.473381722188546e-06,2.4557215612801934e-05,3.2258094350606634e-06
20240105,6.58718928316211e-07,1.6278284924918906e-06,5.672411445984172e-06,2.5728314369566486e-05,3.2727712795040925e-06
20240108,6.681420834324422e-07,1.648837225282269e-06,5.8043001548748546e-06,2.6448844489520666e-05,3.3053711964671347e-06
20240109,6.759404801132227e-07,1.6703008487216554e-06,5.8638064375011445e-06,2.707684386459191e-05,3.3333424916860005e-06
20240110,6.813347114792112e-07,1.6916317191227895e-06,5.990832737628771e-06,2.782314017608732e-05,3.301310253306876e-06
20240111,7.269989239080457e-07,1.787889031778076e-06,6.29373771111378e-06,2.922860956432366e-05,3.3026628757541747e-06
20240112,7.623345118407713e-07,1.8732625301479143e-06,6.564370675570183e-06,3.0346836312501395e-05,3.2683230749854358e-06
20240115,7.811148215235653e-07,1.931261017431657e-06,6.787712038256067e-06,3.113034918016617e-05,3.235389602051347e-06
20240116,7.774696572156136e-07,1.9587624048044918e-06,6.847855620664108e-06,3.143184205952909e-05,3.1877767831699093e-06
20240117,7.743631787866993e-07,1.9792584428087717e-06,6.911645495376914e-06,3.172240428089651e-05,3.1391603226007566e-06
20240118,7.541191691040932e-07,1.9788949317530116e-06,6.917845264849021e-06,3.176886663759281e-05,3.0880542223199064e-06
20240119,7.350846049991521e-07,1.9725053420924315e-06,6.858120862383299e-06,3.136179008218446e-05,3.068497238718651e-06
20240122,7.161086779800518e-07,1.9652658923746393e-06,6.787672243074487e-06,3.141746121303903e-05,3.0496771377813847e-06
20240123,7.002549266486828e-07,1.9567872734402847e-06,6.718721265961259e-06,3.196723801265353e-05,3.0319780870899115e-06
20240124,6.867244382142928e-07,1.9419603022108193e-06,6.6070695839047634e-06,3.2199566073173526e-05,3.0098026261509264e-06
20240125,6.659343519424084e-07,1.906733605815898e-06,6.465995263725112e-06,3.171365312586825e-05,2.9722117048665594e-06
20240126,6.491157640232532e-07,1.8919526010861362e-06,6.365254245727053e-06,3.160818008802662e-05,2.9556113884319156e-06
20240129,6.353020665595849e-07,1.8838380256565078e-06,6.263816241703842e-06,3.1596965468586656e-05,2.9520690263442136e-06
20240130,6.297173687200085e-07,1.8924006413344448e-06,6.260512493859679e-06,3.206643716223152e-05,2.9812031324697982e-06
20240131,6.277020454978519e-07,1.91175578767767e-06,6.363200384596425e-06,3.274313752291762e-05,3.021033067360645e-06
20240201,6.234680040734532e-07,1.9132293432985537e-06,6.606430719150994e-06,3.398273603991708e-05,3.0290473346064545e-06
20240202,6.24233447136348e-07,1.9404171049948316e-06,6.819914909473821e-06,3.5561860298562146e-05,2.9976237363391728e-06
20240205,6.246331569593322e-07,1.9616644375582297e-06,7.115327334117144e-06,3.6800185617898175e-05,2.9633785212592965e-06
20240206,6.240799886645543e-07,1.9761175035264946e-06,7.336721900524804e-06,3.7481884379054495e-05,2.931262629438095e-06
20240207,6.290953558689591e-07,2.0132204359498146e-06,7.583470358832534e-06,3.832196018410747e-05,2.9405584295313905e-06
20240208,6.435454039049262e-07,2.085480958382166e-06,7.870944880991674e-06,3.88720583635973e-05,2.9697591556157363e-06
20240219,6.55816311794099e-07,2.126538979554412e-06,7.878627680741116e-06,3.82247524535654e-05,3.033641504536324e-06
20240220,6.632424802663706e-07,2.1308982227863802e-06,7.878232256158052e-06,3.7889393364896614e-05,3.0062066480714266e-06
20240221,6.57309684256487e-07,2.1096216498354813e-06,7.576928474864865e-06,3.65445443711424e-05,2.948193136688571e-06
20240222,6.555160119770437e-07,2.103535139104194e-06,7.288245133366925e-06,3.536535510576386e-05,2.884290620012178e-06
20240223,6.671328616652517e-07,2.1172130287645337e-06,7.022042936896852e-06,3.438741759690961e-05,2.864381687593172e-06
20240226,6.681327144441239e-07,2.107945072477935e-06,6.761778732095602e-06,3.342715231861716e-05,2.830875858432066e-06
20240227,6.532175187864468e-07,2.0575504365931397e-06,6.504853887399357e-06,3.245060878380749e-05,2.778880171547311e-06
20240228,6.446418074155739e-07,2.0323415222093714e-06,6.300133810290041e-06,3.164267346131608e-05,2.7530001420935167e-06
20240229,6.342108515825686e-07,2.0098641102928935e-06,6.1271995002521785e-06,3.092472966099664e-05,2.7123313568233635e-06
20240301,6.229133465570287e-07,1.9932065817926825e-06,5.9519290068710405e-06,3.025912574117996e-05,2.6797756426983635e-06
20240304,6.096110391213021e-07,1.973404209017062e-06,5.829635487678882e-06,2.9637360394342368e-05,2.6162820598238955e-06
20240305,6.009678472020111e-07,1.9656830254792494e-06,5.748738257263582e-06,2.9258155098590753e-05,2.5661674868149737e-06
20240306,5.994656743299135e-07,1.97503275507867e-06,5.709038845371845e-06,2.9070583268589705e-05,2.524736307636863e-06
20240307,5.962398044809233e-07,1.9741967524062456e-06,5.694237367016617e-06,2.9035985246219376e-05,2.4867794644196084e-06
20240308,5.894997818993148e-07,1.963735555126894e-06,5.645745634815249e-06,2.8874167391277466e-05,2.4456608833328893e-06
20240311,5.796549604488523e-07,1.949086468440834e-06,5.623897220055455e-06,2.8905498942932968e-05,2.389482572319683e-06
20240312,5.708276900200055e-07,1.9397882909410635e-06,5.615914108200746e-06,2.894479810283795e-05,2.3389734096361573e-06
20240313,5.613583236900133e-07,1.9303650025282763e-06,5.5987979138829124e-06,2.8880299537941042e-05,2.2910295422412176e-06
20240314,5.48027031739967e-07,1.9028573280592244e-06,5.577808308537057e-06,2.8827350033360512e-05,2.2465621685611845e-06
20240315,5.381394055307408e-07,1.8833402240779396e-06,5.598056774821828e-06,2.918007794166125e-05,2.2354732588563916e-06
20240318,5.287419278429649e-07,1.8624626872764476e-06,5.680657908807416e-06,3.0005213766658276e-05,2.2062527825746208e-06
20240319,5.187521952156076e-07,1.8411822476941354e-06,5.760887749132486e-06,3.0683646791297005e-05,2.1923813187302264e-06
20240320,5.072696935001545e-07,1.8117529230875199e-06,5.998218253053342e-06,3.238034561022142e-05,2.1657576470006826e-06
20240321,4.923137255700647e-07,1.7743912548247095e-06,6.200025739093515e-06,3.396383883604462e-05,2.1211055989941216e-06
20240322,4.802433834193101e-07,1.7457461478210994e-06,6.3366051494553865e-06,3.5307858857020204e-05,2.0827419897598107e-06
20240325,4.694445411214604e-07,1.7229698346466873e-06,6.529826640412174e-06,3.674316360957345e-05,2.042918747240104e-06
20240326,4.6782818807266406e-07,1.7352406569859288e-06,6.902038706629646e-06,4.011204701876953e-05,2.0326460666185473e-06
20240327,4.6755771780377097e-07,1.7492481258766815e-06,7.213004652285025e-06,4.3079375717381285e-05,2.0269572734732993e-06
20240328,4.6630688595084353e-07,1.7684320771562313e-06,7.455915316764209e-06,4.541788253852353e-05,2.0151560251426067e-06
20240329,4.712478519615057e-07,1.7823119221417036e-06,7.460941881040726e-06,4.630909546853303e-05,1.991909328908836e-06
20240401,4.6887355857909364e-07,1.7641220495977296e-06,7.315619916395412e-06,4.606954894441697e-05,1.9528363066675585e-06
20240402,4.6272884016612634e-07,1.734753704182352e-06,7.2570123910933954e-06,4.5829788327963615e-05,1.892458488142719e-06
20240403,4.583979928691468e-07,1.7103042787709393e-06,7.131029833187683e-06,4.532452121261258e-05,1.8411220706728953e-06
20240408,4.505507455544169e-07,1.6837920414552856e-06,7.011793518322764e-06,4.44479862818786e-05,1.7837547579156804e-06
20240409,4.4422855853639914e-07,1.6635443382954e-06,6.880859548013498e-06,4.3279719444361884e-05,1.7368381136525352e-06
20240410,4.415691837198486e-07,1.6617022321655932e-06,6.7942122593119154e-06,4.230627031509505e-05,1.716206178088962e-06
20240411,4.356153269993485e-07,1.6500274739985615e-06,6.649399157221504e-06,4.042148386247021e-05,1.6908033611092016e-06
20240412,4.3256678300253987e-07,1.6416783850507279e-06,6.581183098479887e-06,3.870292709180829e-05,1.6846305503104922e-06
20240415,4.3524947632610894e-07,1.6557887577961943e-06,6.542173466516329e-06,3.7453000861636414e-05,1.6828130429369905e-06
20240416,4.3581155445113314e-07,1.6569503792565412e-06,6.539394890210881e-06,3.6508632213547976e-05,1.6743288682018947e-06
20240417,4.365898396784327e-07,1.664806712392242e-06,6.552068932722958e-06,3.581165730428966e-05,1.6548116311137872e-06
20240418,4.370425167354979e-07,1.6798845833916044e-06,6.534234017737117e-06,3.512510205606795e-05,1.6392361018186416e-06
20240419,4.3708683325320536e-07,1.689856882821675e-06,6.499160393814812e-06,3.43621284741938e-05,1.6268099461176346e-06
20240422,4.392785244776336e-07,1.7044212068822888e-06,6.467490385880078e-06,3.371878214996674e-05,1.6198689635623688e-06
20240423,4.412448209264411e-07,1.7163077073166615e-06,6.435895266048567e-06,3.3231850236590145e-05,1.6102432887052667e-06
20240424,4.4019225090628214e-07,1.710460557090819e-06,6.340094080804945e-06,3.271069640686788e-05,1.5768531228531514e-06
20240425,4.4740383429985457e-07,1.722903544066299e-06,6.262973814019943e-06,3.273250916480135e-05,1.5668026089254105e-06
20240426,4.5118153100680357e-07,1.7273462313184578e-06,6.190982259139981e-06,3.2851777596033124e-05,1.5498258297230718e-06
20240429,4.500910832748966e-07,1.720510203872887e-06,6.082201589211734e-06,3.279371512707794e-05,1.534489952274197e-06
20240430,4.5921620103247094e-07,1.754725416384462e-06,6.194589437494591e-06,3.330671184128101e-05,1.520868079015266e-06
20240506,4.6964786621379415e-07,1.7993731951012701e-06,6.29823411980953e-06,3.406237267535321e-05,1.528309090956676e-06
20240507,4.749862845522512e-07,1.8222815145417315e-06,6.3944754246508e-06,3.446866208129593e-05,1.525067409645181e-06
20240508,4.837370850868398e-07,1.8398647821252803e-06,6.35103059569428e-06,3.429874018302854e-05,1.539375579513796e-06
20240509,5.063601791824473e-07,1.87955151123366e-06,6.295255901361905e-06,3.410512439128721e-05,1.5708780090874638e-06
20240510,5.275399893574004e-07,1.9240551955637497e-06,6.245552249617788e-06,3.39653118315349e-05,1.6115522930217973e-06
20240513,5.447421626007328e-07,1.966710928702848e-06,6.195951868375745e-06,3.367948288282787e-05,1.6528798376725195e-06
20240514,5.511524636642846e-07,1.9642579818179995e-06,6.094454521610306e-06,3.336036088747374e-05,1.66831760426612e-06
20240515,5.562288143013107e-07,1.9598183297352163e-06,6.016484823396175e-06,3.388171750867085e-05,1.6852600421374015e-06
20240516,5.541821030362423e-07,1.9312383366188943e-06,5.947098187106121e-06,3.4253701023649265e-05,1.7068789293957647e-06
20240517,5.403417633753961e-07,1.8833311609580574e-06,5.790632546606638e-06,3.4387291812952045e-05,1.735112436228729e-06
20240520,5.340867464363721e-07,1.8503979513614937e-06,5.6875613709721675e-06,3.484875976643029e-05,1.8063044770989887e-06
20240521,5.287858162744492e-07,1.819997184048102e-06,5.566394273333049e-06,3.518357963758219e-05,1.8745619666503336e-06
20240522,5.203298194450014e-07,1.7912919021974287e-06,5.419222656881559e-06,3.5014342071926104e-05,1.927504115164008e-06
20240523,5.048819521211553e-07,1.746585193966294e-06,5.264875528887405e-06,3.4688317887819865e-05,1.9430319641472293e-06
20240524,4.928424730365947e-07,1.7045212420492219e-06,5.1807470590093215e-06,3.454717754416773e-05,1.9554269371898943e-06
20240527,4.855031083057135e-07,1.6777365848214153e-06,5.127651346969488e-06,3.4723558623703575e-05,2.049329766144063e-06
20240528,4.784686861432355e-07,1.6526731248421288e-06,5.041615963451908e-06,3.4481079277600066e-05,2.1238774343120937e-06
20240529,4.7218414652864013e-07,1.6295155621448754e-06,4.939826583399413e-06,3.3779771732674784e-05,2.1777991276318193e-06
20240530,4.6666521823067444e-07,1.6150847075797861e-06,4.837604626651043e-06,3.307372788546263e-05,2.211408118079387e-06
20240531,4.639747413907715e-07,1.6102911992511946e-06,4.760770487522379e-06,3.2406805349070046e-05,2.224107693432649e-06
20240603,4.6875557893313085e-07,1.6409460136308845e-06,4.736460180741133e-06,3.192771770704258e-05,2.2380888158532256e-06
20240604,4.749989747381913e-07,1.6690095809615186e-06,4.735193707837561e-06,3.161048872859888e-05,2.2589154181625015e-06
20240605,4.857735031697197e-07,1.725767014438515e-06,4.818185592363068e-06,3.1858612806918713e-05,2.3022576703181074e-06
20240606,4.946014194961443e-07,1.7543353861747367e-06,4.8871468884252885e-06,3.2026750844406935e-05,2.3344809673803232e-06
20240607,4.99363182295645e-07,1.7715605307815574e-06,4.8897676121186295e-06,3.206989116779045e-05,2.3504146225993583e-06
20240611,5.014508208556949e-07,1.7718259860167966e-06,4.8801439476859785e-06,3.1942323834062444e-05,2.3424540628168053e-06
20240612,5.097307480373002e-07,1.7988575827976602e-06,4.974594516631987e-06,3.246145548066277e-05,2.3506027469036092e-06
20240613,5.157843135196451e-07,1.8242639205428753e-06,5.046301442808465e-06,3.280319111909974e-05,2.3558546375826594e-06
20240614,5.446007237153229e-07,1.911570136248711e-06,5.187192997586286e-06,3.3073729063729906e-05,2.3862909989948534e-06
20240617,5.699340523478669e-07,1.9868215296955634e-06,5.328827898300712e-06,3.32939894559753e-05,2.4355862267349343e-06
20240618,5.792893651962364e-07,2.013433987872305e-06,5.373442488810942e-06,3.305589869607024e-05,2.442531084921416e-06
20240619,5.861044694615585e-07,2.0300726543082145e-06,5.380897689364385e-06,3.272873569621305e-05,2.4516639605997894e-06
20240620,6.051391991139326e-07,2.052066629291515e-06,5.46616775850757e-06,3.2929018935343354e-05,2.4475868689298955e-06
20240621,6.235476805747647e-07,2.0799778716161465e-06,5.571249255529486e-06,3.317861574983991e-05,2.463050396284457e-06
20240624,6.458345590303538e-07,2.1177256556327917e-06,5.730674026229916e-06,3.358324765952089e-05,2.483621703853535e-06
20240625,6.598866593533556e-07,2.153575368416088e-06,5.938779590477993e-06,3.400787994738772e-05,2.4868221929918422e-06
20240626,6.575350963327038e-07,2.1412692850522124e-06,6.057863877751277e-06,3.367947850317635e-05,2.453471284357053e-06
20240627,6.605797831048402e-07,2.147370610569812e-06,6.2567182171043384e-06,3.3856949212747746e-05,2.434613200167013e-06
20240628,6.529120440701252e-07,2.1252146051020225e-06,6.450084107718463e-06,3.3896030408532926e-05,2.426859987565337e-06
20240701,6.470148334478651e-07,2.1171665592960445e-06,6.60235905294875e-06,3.4013852257149775e-05,2.4103936169697654e-06
20240702,6.452062969452054e-07,2.1215189062466925e-06,6.763148643590946e-06,3.4048764233217715e-05,2.4228224827662492e-06
20240703,6.342816379964113e-07,2.1025791349711194e-06,6.93373573207757e-06,3.422562450289417e-05,2.4280787504083286e-06
20240704,6.205330394930881e-07,2.0735417575310434e-06,7.049869270633908e-06,3.413939290658445e-05,2.4238870871130646e-06
20240705,6.074637923881145e-07,2.0785426127463754e-06,7.06622076976583e-06,3.372903453175534e-05,2.4180599501330223e-06
20240708,5.95864472632942e-07,2.070682087166321e-06,7.041535040463448e-06,3.3322871584018124e-05,2.4149620982255523e-06
20240709,5.918718083102289e-07,2.076284064107417e-06,7.006989050294791e-06,3.3112954929737116e-05,2.4800252932900835e-06
20240710,5.900491790973618e-07,2.088979144706998e-06,6.986158215343775e-06,3.305793892106093e-05,2.5119536707848956e-06
20240711,5.876494736571035e-07,2.0986298132989033e-06,6.937823424707865e-06,3.2867827279184226e-05,2.535108037797827e-06
20240712,5.871893693252412e-07,2.113099558944765e-06,6.956710712520218e-06,3.318102301003523e-05,2.539983770122387e-06
20240715,5.835975701670835e-07,2.1126313887759726e-06,6.991781613950163e-06,3.337018917754892e-05,2.566839336718626e-06
20240716,5.767916923173229e-07,2.099160685592508e-06,7.022475060056693e-06,3.352114330613894e-05,2.57360402533558e-06
20240717,5.683817440607358e-07,2.0682586315745904e-06,7.04215812422502e-06,3.360047403632182e-05,2.5715958919315915e-06
20240718,5.600655213514339e-07,2.039544086916288e-06,7.069317327885295e-06,3.376404347963749e-05,2.5658324538852565e-06
20240719,5.535141182327015e-07,2.005012635977561e-06,7.141305497369339e-06,3.414750955786343e-05,2.5609857023220226e-06
20240722,5.505769566883151e-07,1.9824848373555815e-06,7.228300044097507e-06,3.454590598978928e-05,2.5821837341285314e-06
20240723,5.410387592972539e-07,1.9461350780821726e-06,7.260854863181524e-06,3.474882691831245e-05,2.553901670593759e-06
20240724,5.353280649332639e-07,1.931850451479571e-06,7.344400075385855e-06,3.5324367190683976e-05,2.57166515963094e-06
20240725,5.293510515131121e-07,1.9130039430352706e-06,7.4584255240825945e-06,3.6002655146516226e-05,2.5936382427091797e-06
20240726,5.21416782448775e-07,1.884124781395544e-06,7.546283550779595e-06,3.6421974435668036e-05,2.6149170003222253e-06
20240729,5.137626790846791e-07,1.8631139583880125e-06,7.68519894273081e-06,3.737813213834774e-05,2.6381050147480376e-06
20240730,5.075483799751238e-07,1.8297024376603152e-06,7.83998125289251e-06,3.8384544671663326e-05,2.6672853966423096e-06
20240731,5.098439317394744e-07,1.8219720871991452e-06,8.030049366898049e-06,3.9727785577094973e-05,2.7301714649049526e-06
20240801,5.101810743474888e-07,1.8056074400969656e-06,8.182705210806821e-06,4.0785431530247953e-05,2.76421208401805e-06
20240802,5.118325896884502e-07,1.7862900467433943e-06,8.502469158772173e-06,4.2307226008629434e-05,2.7849562702330586e-06
20240805,5.137212032998691e-07,1.7702687425593616e-06,8.726220571256471e-06,4.347697110744803e-05,2.8022692765876547e-06
20240806,5.166197003299004e-07,1.7616832460128984e-06,8.984591485976926e-06,4.4720746567478545e-05,2.818157994065658e-06
20240807,5.162289098940047e-07,1.7454355114177173e-06,9.182291415020774e-06,4.5222558269084256e-05,2.8243734836982724e-06
20240808,5.18607580457993e-07,1.7312640898161217e-06,9.47301853574137e-06,4.571879707480481e-05,2.8399616279014575e-06
20240809,5.199099866470522e-07,1.7155635417209819e-06,9.67522642488604e-06,4.608162568596418e-05,2.8343836423480184e-06
20240812,5.251521170210536e-07,1.7112752798563732e-06,9.874824916668449e-06,4.735249504696165e-05,2.823005478851315e-06
20240813,5.327911756070737e-07,1.7160042136330622e-06,1.0092558915218971e-05,4.8851215510018174e-05,2.809366924332989e-06
20240814,5.344711896820365e-07,1.6955785635865404e-06,1.0328599656964726e-05,5.050087699807795e-05,2.7732738367417118e-06
20240815,5.349836250796331e-07,1.6830718302572934e-06,1.0419189520661386e-05,5.0808971516203645e-05,2.7544655392086573e-06
20240816,5.320089342997796e-07,1.661053059455324e-06,1.037400789179237e-05,5.060076174302693e-05,2.7185422022600182e-06
20240819,5.157191890579492e-07,1.621550933107324e-06,1.0404421843795024e-05,5.028456488652477e-05,2.6512395673141342e-06
20240820,5.030186210888689e-07,1.5807752553107352e-06,1.0474872285538417e-05,5.014009299543234e-05,2.609939277582683e-06
20240821,4.885319584888852e-07,1.5082022577853135e-06,1.0220063931491496e-05,4.868745256243509e-05,2.5097020735140517e-06
20240822,4.785030038570368e-07,1.4505843020974e-06,9.97174082375869e-06,4.771499977253442e-05,2.419466979891086e-06
20240823,4.733746888319001e-07,1.4124197258077532e-06,9.800175473997802e-06,4.721026697770504e-05,2.3606551897152775e-06
20240826,4.617026754095338e-07,1.3569368792178437e-06,9.482804243916853e-06,4.5620393781215e-05,2.2808535856209646e-06
20240827,4.5491120165609066e-07,1.3181922415429708e-06,9.228011440402056e-06,4.4559436364876766e-05,2.2312416021156203e-06
20240828,4.4733727823231473e-07,1.276152844655083e-06,9.006781770211024e-06,4.3420474332940196e-05,2.1765288493453885e-06
20240829,4.4206436694243944e-07,1.2451091468327097e-06,8.854019584712607e-06,4.247729730458394e-05,2.1385582164051865e-06
20240830,4.4052113969829685e-07,1.2186082617693427e-06,8.703268998179264e-06,4.145709900528019e-05,2.1089938129292e-06
20240902,4.408958200185236e-07,1.1935828239809588e-06,8.492390564688492e-06,4.036601187428044e-05,2.068506016108669e-06
20240903,4.408358771219731e-07,1.1654594485194393e-06,8.2972432626562e-06,3.9210969436568584e-05,2.01741043751758e-06
20240904,4.4153536008948006e-07,1.1429004960823267e-06,8.073717057885275e-06,3.8190630028026235e-05,1.982047880243304e-06
20240905,4.407626477978663e-07,1.121085669265563e-06,7.912903733138614e-06,3.727240716358916e-05,1.9515284004213366e-06
20240906,4.3977370121683906e-07,1.0999398297357589e-06,7.778278600039933e-06,3.64661315065668e-05,1.9089772006466357e-06
20240909,4.395347597844434e-07,1.0743710860032301e-06,7.668609403887045e-06,3.5942187438880866e-05,1.8707032844111576e-06
20240910,4.371906548219776e-07,1.0444213826752068e-06,7.526421790778749e-06,3.5278316273073184e-05,1.803370627168523e-06
20240911,4.369370776342358e-07,1.0247499724909754e-06,7.356809562940376e-06,3.457584568228689e-05,1.7417867308337935e-06
20240912,4.3505003164491535e-07,1.0061829481786956e-06,7.19589010035745e-06,3.4034128058124204e-05,1.6780687414145804e-06
20240913,4.3334100741790603e-07,9.939433006740238e-07,7.074011746166279e-06,3.3821747712617225e-05,1.6231545942364728e-06
20240918,4.372442605779205e-07,9.86856554550444e-07,6.983136071826604e-06,3.367505284065628e-05,1.5894479245060558e-06
20240919,4.3551536928749797e-07,9.771334810594195e-07,6.868374919113144e-06,3.340784050133423e-05,1.551426130565537e-06
20240920,4.382077965746426e-07,9.876853193028078e-07,6.874822369668675e-06,3.38728845417977e-05,1.54257645792442e-06
20240923,4.3719362943992826e-07,9.90167405921745e-07,6.81710101654445e-06,3.4134797518630903e-05,1.5252223217668587e-06
20240924,4.256650930772989e-07,9.710000312351498e-07,6.632114547107749e-06,3.3791405468011314e-05,1.4753993657799566e-06
20240925,4.201069452335361e-07,9.63532505276304e-07,6.475365080490201e-06,3.370993160517939e-05,1.4497234708080572e-06
20240926,4.11804197447932e-07,9.523679267084171e-07,6.317691049519035e-06,3.358681979106853e-05,1.4312588837416879e-06
20240927,4.0171127426409765e-07,9.33251594379891e-07,6.124769909351813e-06,3.3319263529552385e-05,1.407179268959673e-06
20240930,3.8455247453085134e-07,9.018610590365931e-07,5.774213940401018e-06,3.208097236576469e-05,1.3518199152813406e-06
20241008,3.689777268953612e-07,8.712569938507713e-07,5.4933394885509675e-06,3.081007688326615e-05,1.3061514729813694e-06
20241009,3.5540017535464604e-07,8.494448785198705e-07,5.291069024640423e-06,2.9801447624990125e-05,1.2724219799269733e-06
20241010,3.458583341731101e-07,8.332847382598624e-07,5.119892456855314e-06,2.901487967258814e-05,1.2492496867149833e-06
20241011,3.3617644018553763e-07,8.16694144068271e-07,5.007142629684178e-06,2.823037333454836e-05,1.2238359625137505e-06
20241014,3.262113222259116e-07,8.024019948557191e-07,4.903886915037815e-06,2.747977916128669e-05,1.2033639154985836e-06
20241015,3.176186484444941e-07,7.905280729249548e-07,4.798214273910808e-06,2.678465427557694e-05,1.1827783184541692e-06
20241016,3.0579968374763894e-07,7.711636087451595e-07,4.686144573912831e-06,2.6047407060874255e-05,1.1565093728263283e-06
20241017,2.9239063451802006e-07,7.496591396446076e-07,4.556738432783359e-06,2.5270052398786418e-05,1.1321334772667092e-06
20241018,2.814314174582912e-07,7.352900361583306e-07,4.464641098804405e-06,2.4747267016045283e-05,1.1177516936368679e-06
20241021,2.731294819392669e-07,7.235399392708816e-07,4.401488935811564e-06,2.4367987265630585e-05,1.1091869362731111e-06
20241022,2.6388406620656337e-07,7.160123061432718e-07,4.353049563842774e-06,2.4100043449412982e-05,1.1046867037049969e-06
20241023,2.53438659562289e-07,7.082194965281981e-07,4.286012730008607e-06,2.3736836353772246e-05,1.097252873750123e-06
20241024,2.421958681104181e-07,6.953016272567894e-07,4.228723350781181e-06,2.3466780634876177e-05,1.0889546081996757e-06
20241025,2.3332099981805153e-07,6.873789548155835e-07,4.1568318589127025e-06,2.317067841946749e-05,1.0865182429695135e-06
20241028,2.280926421720189e-07,6.860816439626869e-07,4.1258394004995726e-06,2.308682554741276e-05,1.094147868787265e-06
20241029,2.2682350723558827e-07,6.969957877203741e-07,4.152206624184536e-06,2.3346821538058858e-05,1.1187764425348804e-06
20241030,2.2566855305848035e-07,7.057800201599055e-07,4.1876917946150554e-06,2.359456035293719e-05,1.1441739426979152e-06
20241031,2.256831879711287e-07,7.134646005598162e-07,4.2376129993279366e-06,2.387555254745854e-05,1.1652660064446654e-06
20241101,2.2555216208989366e-07,7.226497451550196e-07,4.29334779094986e-06,2.41025741869625e-05,1.1843300100693026e-06
20241104,2.420102703167369e-07,7.849830635083228e-07,4.652705223106397e-06,2.5915168653088946e-05,1.3119594538651136e-06
20241105,2.5799305786133094e-07,8.405558717319329e-07,5.005937717112725e-06,2.8098938618284663e-05,1.4683185588131825e-06
20241106,2.6966825881783655e-07,8.825658888821604e-07,5.29432584805989e-06,2.9729402125479646e-05,1.5826413533143194e-06
20241107,2.780819253689952e-07,9.148611545366324e-07,5.525731702697644e-06,3.095324411681061e-05,1.6705684752629333e-06
20241108,2.834132272529069e-07,9.41279327394708e-07,5.780267444547839e-06,3.197481428759887e-05,1.7351046272771715e-06
20241111,2.86612767557492e-07,9.615827403334429e-07,5.968677851991347e-06,3.27098620223567e-05,1.7849836871136937e-06
20241112,2.862781781103412e-07,9.672335006486345e-07,6.088996213843194e-06,3.2898452236085625e-05,1.8103841309465831e-06
20241113,2.8629535001339306e-07,9.719019516822835e-07,6.195533401280592e-06,3.303660078782635e-05,1.8338267208870007e-06
20241114,3.0314801257170775e-07,1.041925776202143e-06,6.568152530374453e-06,3.469611593895806e-05,1.921584563470248e-06
20241115,3.127578734930679e-07,1.1130963515239572e-06,6.8485502993461885e-06,3.589153422876031e-05,1.9934197002551553e-06
20241118,3.10137326545004e-07,1.129455518437639e-06,6.941547687031884e-06,3.609587849123806e-05,2.0012785243745116e-06
20241119,3.0682113834522447e-07,1.1447702064697238e-06,6.989893378404059e-06,3.5847641497560534e-05,1.994585489948884e-06
20241120,3.045013260004401e-07,1.1563714203842293e-06,7.036013840739338e-06,3.580468448850496e-05,2.0029616179419753e-06
20241121,3.028390436766652e-07,1.1677333414744848e-06,7.034816019152487e-06,3.5634555702942874e-05,2.0174123004534867e-06
20241122,3.044269886506996e-07,1.1945074642511117e-06,6.9942961314319425e-06,3.530963316115345e-05,2.0395532765804016e-06
20241125,3.115829563338825e-07,1.2507490305909276e-06,7.170065679487384e-06,3.575343407034512e-05,2.0689492362435144e-06
20241126,3.169236775328767e-07,1.302515901109233e-06,7.3667312168383e-06,3.612598069877786e-05,2.0904829065857506e-06
20241127,3.216150937730019e-07,1.3459059230340758e-06,7.502749857582418e-06,3.6278845806426356e-05,2.115372087015013e-06
20241128,3.210008617926342e-07,1.3553160027778657e-06,7.535384796964655e-06,3.603938322424909e-05,2.1224279582319187e-06
20241129,3.203110063340962e-07,1.3550994003150195e-06,7.5798301663468644e-06,3.586584501508274e-05,2.1355591141412496e-06
20241202,3.210452260133206e-07,1.362519518066933e-06,7.727858297539043e-06,3.639689703968654e-05,2.1522998817514267e-06
20241203,3.2413582817647793e-07,1.37387533186652e-06,7.820244774091722e-06,3.6799398297918184e-05,2.182158253472606e-06
20241204,3.2922438950382607e-07,1.3979215234318481e-06,7.966130760615317e-06,3.814485693274336e-05,2.2000128302716886e-06
20241205,3.407404229676547e-07,1.4368282720087247e-06,8.196301230155006e-06,3.9929272548709076e-05,2.238522035395086e-06
20241206,3.554528990415023e-07,1.4762175930486709e-06,8.338097374396185e-06,4.1030136583685786e-05,2.305266602826331e-06
20241209,3.657595740353181e-07,1.4995929125268036e-06,8.387937939850705e-06,4.226371311826939e-05,2.3981877617758887e-06
20241210,3.678767903496257e-07,1.4884639419690304e-06,8.330704044757172e-06,4.1740356139005036e-05,2.477741489283832e-06
20241211,3.695475879965727e-07,1.4787056429599014e-06,8.25578916292264e-06,4.134503503574658e-05,2.5373762881064856e-06
20241212,3.7219749320508856e-07,1.4768016982566703e-06,8.183047955245744e-06,4.100119193235038e-05,2.6108629600481375e-06
20241213,3.810099870835382e-07,1.4798203195873268e-06,8.05431088792136e-06,4.0323187321159825e-05,2.7154244909871326e-06
20241216,3.904427534928848e-07,1.4947210437036515e-06,7.993845367133134e-06,3.975561173097372e-05,2.9000756679115835e-06
20241217,4.0152107600518797e-07,1.5092902110664623e-06,8.024408259103092e-06,3.978267853284119e-05,3.068415077489878e-06
20241218,4.0970223660667716e-07,1.519677342261709e-06,7.981523245469209e-06,3.976089736164593e-05,3.1457514562614788e-06
20241219,4.1503846858092467e-07,1.5230540815837805e-06,8.11322694030961e-06,4.003566658702965e-05,3.177437727629265e-06
20241220,4.2252907900852693e-07,1.5361039031213538e-06,8.169900300991423e-06,4.092478273047312e-05,3.197424130871357e-06
20241223,4.282779904958202e-07,1.5424926769323613e-06,8.174496727639708e-06,4.134567297346849e-05,3.2191619683937976e-06
20241224,4.3387877655677617e-07,1.552011028917755e-06,8.118547043546344e-06,4.1628669288930716e-05,3.235170544929375e-06
20241225,4.4030598850968684e-07,1.5638510979178016e-06,8.038606032700569e-06,4.1871953979949615e-05,3.2649266532509266e-06
20241226,4.436751129537203e-07,1.5612862797758615e-06,7.934227368510618e-06,4.228288062757048e-05,3.2806824694401e-06
20241227,4.4344557704303384e-07,1.5516017146524898e-06,7.838563922744618e-06,4.2756979765670994e-05,3.2575312559682075e-06
20241230,4.4038442016446317e-07,1.5415603161942152e-06,7.664662944799925e-06,4.2973399227461626e-05,3.1984593080125193e-06
20241231,4.368598301083021e-07,1.5396138577507948e-06,7.45666341279009e-06,4.2927023782702035e-05,3.1379736173300173e-06
20250102,4.3409237360788815e-07,1.5374571101510888e-06,7.295081946764109e-06,4.28149687939005e-05,3.0896521659945592e-06
20250103,4.391083333591783e-07,1.5618273564816176e-06,7.109114037790967e-06,4.207594467673881e-05,3.0465431973941887e-06
20250106,4.40719261369789e-07,1.5699217746506166e-06,6.88638050850169e-06,4.123719233276792e-05,2.9964689954852176e-06
20250107,4.4315833467896345e-07,1.58077885683813e-06,6.696903187926056e-06,4.0728838895701874e-05,2.9562076686246072e-06
20250108,4.651794656215037e-07,1.6607348050416867e-06,6.570346994676513e-06,4.191623385701123e-05,2.9507479641183812e-06
20250109,4.848486016611955e-07,1.7392656641563044e-06,6.529428010728411e-06,4.363039634042749e-05,2.9265505658589704e-06
20250110,5.035636783596201e-07,1.8045536875295329e-06,6.513887676046368e-06,4.49501048322553e-05,2.9181181631426276e-06
20250113,5.252571939054428e-07,1.8801553488464754e-06,6.399236121259919e-06,4.609982279123004e-05,2.8937299162108236e-06
20250114,5.403149990119057e-07,1.896976120179753e-06,6.297489433579103e-06,4.695093208604751e-05,2.8538041567345507e-06
20250115,5.490276938833883e-07,1.8940577480337588e-06,6.20298834187169e-06,4.767300544942731e-05,2.8019391108160523e-06
20250116,5.616793111389553e-07,1.8952658128370214e-06,6.054952546045865e-06,4.733897438938855e-05,2.795776330231113e-06
20250117,5.616619253368372e-07,1.8676001435719072e-06,5.938510321807438e-06,4.691050703240818e-05,2.771917329860728e-06
20250120,5.585071144147394e-07,1.8379165721108537e-06,5.807801374866763e-06,4.641583005772992e-05,2.7639567108113144e-06
20250121,5.536490845250203e-07,1.8110922657039355e-06,5.667458320157839e-06,4.603792351239806e-05,2.7368274624455407e-06
20250122,5.478668492728828e-07,1.7794923691410594e-06,5.553286977099991e-06,4.5495352035621435e-05,2.6952092295868426e-06
20250123,5.439724169978223e-07,1.7500884767891155e-06,5.3938803559652094e-06,4.458197518995878e-05,2.6673578996743847e-06
20250124,5.41002883534015e-07,1.7320749068163699e-06,5.235679965342138e-06,4.379857251488859e-05,2.624679970423221e-06
20250127,5.386589541820688e-07,1.7140175565912548e-06,5.016572124607874e-06,4.268255195972738e-05,2.620611046056907e-06
20250205,5.413705040384094e-07,1.692054658952696e-06,4.787970764554511e-06,4.1250965966792076e-05,2.6419220939800777e-06
20250206,5.458837930079643e-07,1.6844717588119776e-06,4.571833189828868e-06,3.9831360744355386e-05,2.6481153487794853e-06
20250207,5.434572101235955e-07,1.6613486393291333e-06,4.345278126818574e-06,3.8301794842986214e-05,2.620752027899879e-06
20250210,5.438434728637213e-07,1.6569286784744132e-06,4.150666577704826e-06,3.758427097910614e-05,2.6852344811225976e-06
20250211,5.405001612016625e-07,1.647194187926122e-06,3.9867293863547585e-06,3.6955833561110816e-05,2.7277922855070837e-06
20250212,5.390508425501051e-07,1.6479142475316022e-06,3.875739811564974e-06,3.649240899715635e-05,2.753263300976657e-06
20250213,5.385869786267391e-07,1.6542538372399533e-06,3.810679510636245e-06,3.641248248138615e-05,2.7253448783296868e-06
20250214,5.361351760782513e-07,1.6594064079066471e-06,3.767086742272679e-06,3.6378276928694504e-05,2.6865385781589576e-06
20250217,5.359425359691567e-07,1.6701964336996733e-06,3.7216508404252748e-06,3.633021261081175e-05,2.6543545662026053e-06
20250218,5.38801444072985e-07,1.6873285423852938e-06,3.744679868624813e-06,3.6513231100237756e-05,2.630813294835264e-06
20250219,5.384277249272366e-07,1.710240145129592e-06,3.7555633248128624e-06,3.651731465929014e-05,2.60970539181533e-06
20250220,5.37547929253762e-07,1.72363560353472e-06,3.734646146230019e-06,3.633791340374795e-05,2.5852809361352635e-06
20250221,5.403790003872955e-07,1.7407369981023085e-06,3.7597786010256255e-06,3.6597226592609444e-05,2.579720162677949e-06
20250224,5.464208424059037e-07,1.7466965287195952e-06,3.7585950219823832e-06,3.623566707407906e-05,2.5499127393138046e-06
20250225,5.447256839330847e-07,1.7367306170605944e-06,3.800053134309085e-06,3.625384889150493e-05,2.4917978768882258e-06
20250226,5.353782313390372e-07,1.705982791566706e-06,3.810042780690507e-06,3.6180418154348884e-05,2.443348180705683e-06
20250227,5.249021395990476e-07,1.6742404758526257e-06,3.7891752311826424e-06,3.57915465367188e-05,2.4052184879159866e-06
20250228,5.161764210157752e-07,1.646510513145443e-06,3.771654532882256e-06,3.5400733214893185e-05,2.3673242900206803e-06
20250303,5.110273992215338e-07,1.6286744660502808e-06,3.73273836158616e-06,3.4937696478313134e-05,2.325646905294351e-06
20250304,5.030140268590434e-07,1.6025783641506126e-06,3.6709960608804202e-06,3.4465666498045444e-05,2.2723467155425305e-06
20250305,4.997762788658162e-07,1.597173922011418e-06,3.6465295718310176e-06,3.507761012664893e-05,2.217263192964819e-06
20250306,5.002607807643135e-07,1.6045892786761147e-06,3.6729906856063737e-06,3.5958645352708715e-05,2.198414554807002e-06
20250307,4.971747920918412e-07,1.6010083312687289e-06,3.7081612595123165e-06,3.6988605692466464e-05,2.1574218348402983e-06
20250310,4.913335808449579e-07,1.5864463759338703e-06,3.72892878154738e-06,3.8064517093525056e-05,2.1293436106151057e-06
20250311,4.917632964417879e-07,1.588815394677537e-06,3.728093883892674e-06,3.847884815359147e-05,2.1157927290781e-06
20250312,4.942674845181633e-07,1.6020920842311512e-06,3.7075589594932186e-06,3.848895930626918e-05,2.137335886933081e-06
20250313,4.957121780650576e-07,1.600675747660411e-06,3.7065798244752823e-06,3.845774364859263e-05,2.1835963335186818e-06
20250314,4.961492348461787e-07,1.600466192230494e-06,3.706165307834503e-06,3.850542467592728e-05,2.2143970236170303e-06
20250317,4.953804234019999e-07,1.5890583581210214e-06,3.695661237670547e-06,3.855491372340318e-05,2.2323576769560505e-06
20250318,4.977015152182332e-07,1.582351766849112e-06,3.694258975353943e-06,3.854504164575616e-05,2.2582560300895284e-06
20250319,4.923989139136394e-07,1.55429858298037e-06,3.6187548385835856e-06,3.788557846590416e-05,2.2644357876790085e-06
20250320,4.885149994908313e-07,1.5272478308526878e-06,3.5955947651323983e-06,3.7755723663564294e-05,2.2791789421903014e-06
20250321,4.876791765626859e-07,1.5067934455168033e-06,3.5668098483955547e-06,3.7769610004433823e-05,2.303081387803125e-06
20250324,4.826216885268588e-07,1.4893228393869412e-06,3.5301886741215093e-06,3.6940959507841956e-05,2.265953248073207e-06
20250325,4.81875972713718e-07,1.481410905100088e-06,3.485990423804625e-06,3.621509904823863e-05,2.2441092733688328e-06
20250326,4.960629245937927e-07,1.4899401590200558e-06,3.4404753956285757e-06,3.5588577362615825e-05,2.2002854431741955e-06
20250327,5.028993797785708e-07,1.4812234839962734e-06,3.3704676589696956e-06,3.4944516595217975e-05,2.146004495806005e-06
20250328,5.097392028839427e-07,1.4729438289737754e-06,3.3122362370135274e-06,3.444886363103793e-05,2.108177633634881e-06
20250331,5.16075470762567e-07,1.4600837851944315e-06,3.253630221986371e-06,3.407584920414126e-05,2.120087122773535e-06
20250401,5.183079715986958e-07,1.4476479777247711e-06,3.187860626173295e-06,3.3202214896145216e-05,2.121583695719519e-06
20250402,5.228302102328841e-07,1.4491368267900143e-06,3.158893804650573e-06,3.2677489901336816e-05,2.127978377007238e-06
20250403,5.272581965039409e-07,1.4412467533743847e-06,3.1070342098886963e-06,3.205880316942193e-05,2.121624883885206e-06
20250407,5.252302050097657e-07,1.3977793037979334e-06,3.0837816144725284e-06,3.164003018996495e-05,2.0999930248016103e-06
20250408,5.235313058014852e-07,1.3517155691748792e-06,3.0076212133602664e-06,3.104830037404951e-05,2.0552116274942134e-06
20250409,5.161845362812194e-07,1.2995437437930172e-06,2.9302332419358923e-06,3.041241362841552e-05,2.004688298289608e-06
20250410,5.038792665038288e-07,1.2460710960350348e-06,2.8814826020809506e-06,3.0025670535588237e-05,1.9569640361177317e-06
20250411,4.971720331661821e-07,1.215689152138689e-06,2.8953899989454156e-06,3.0027415515355937e-05,1.9171149611888665e-06
20250414,4.934278343835472e-07,1.1962095079438155e-06,2.900095917262345e-06,3.0203187077761497e-05,1.8916324441325058e-06
20250415,4.910695076839275e-07,1.1894387652137861e-06,2.924942496050258e-06,3.0597042283556124e-05,1.8691293419092046e-06
20250416,4.923348420240025e-07,1.190299041614547e-06,2.948728977669748e-06,3.0950746873886095e-05,1.8551396998135838e-06
20250417,4.920060562474361e-07,1.1887654401816597e-06,2.961749238670923e-06,3.134446239711725e-05,1.845690523903483e-06
20250418,4.930806037396998e-07,1.186094639992744e-06,2.96671114545719e-06,3.1638811314550756e-05,1.8411300677589366e-06
20250421,4.921214960775505e-07,1.1769353264566826e-06,2.9590385389918114e-06,3.193670058578904e-05,1.8385317537738848e-06
20250422,4.999498620271658e-07,1.1919999510924222e-06,2.9836943277375224e-06,3.258933777549422e-05,1.8638384148628672e-06
20250423,4.995347375720692e-07,1.1874231514706018e-06,2.9382371665113737e-06,3.271345640347116e-05,1.8732551863456574e-06
20250424,5.000668859470093e-07,1.1855952557445635e-06,2.894307559229578e-06,3.2900227182442367e-05,1.883549422425888e-06
20250425,4.984068149305732e-07,1.1719368731501527e-06,2.851181127239345e-06,3.3025567624543e-05,1.8872801591392118e-06
20250428,4.944291075086207e-07,1.149563521627874e-06,2.819160934889367e-06,3.309099013692521e-05,1.8746631773258171e-06
20250429,4.898840735731207e-07,1.1262718541381423e-06,2.8043660296185544e-06,3.3188726687759834e-05,1.8547807741597313e-06
20250430,4.844533623402874e-07,1.105898949943722e-06,2.805080562577309e-06,3.41620668336509e-05,1.8663390805031356e-06
20250506,4.791611919233832e-07,1.0852678880626692e-06,2.8068732309232276e-06,3.471982724121437e-05,1.8549324278486127e-06
20250507,4.7366604737326867e-07,1.0676508303214485e-06,2.8071564097663113e-06,3.515456631613069e-05,1.8436835797586875e-06
20250508,4.796912570225959e-07,1.0955564509420433e-06,2.8000331891474454e-06,3.5466269814834756e-05,1.8616637849761936e-06
20250509,4.857686356087422e-07,1.1320588724963378e-06,2.8997509028831154e-06,3.635193748117878e-05,1.9172781507415625e-06
20250512,4.84611575385079e-07,1.1454306372646708e-06,2.9524795630895883e-06,3.700299873508136e-05,1.9310383503274407e-06
20250513,4.886051727568226e-07,1.172169101165122e-06,2.99974786555758e-06,3.774454867879159e-05,1.967434322532353e-06
20250514,4.90304146067105e-07,1.188280601144757e-06,2.985947344863526e-06,3.807867966984474e-05,1.9592637901834286e-06
20250515,4.91621730967724e-07,1.200852132116566e-06,2.9639254835325113e-06,3.845661008655343e-05,1.9467309620958822e-06
20250516,4.893602564167644e-07,1.2053887492199811e-06,2.9012067402696514e-06,3.8756576033427995e-05,1.921918762436234e-06
20250519,4.894611649125313e-07,1.2099759200556746e-06,2.8451054422284525e-06,3.875475270900641e-05,1.8719419982680138e-06
20250520,4.894120466276329e-07,1.2104830888845518e-06,2.7997428065796904e-06,3.885862726552205e-05,1.8354025528664537e-06
20250521,4.872219534627211e-07,1.2101561845950402e-06,2.763817099421345e-06,3.889489273585585e-05,1.8070692514575776e-06
20250522,4.77846457368489e-07,1.1948464717022804e-06,2.716277175471902e-06,3.898942628089639e-05,1.7712586188864796e-06
20250523,4.701710535599129e-07,1.184473507793842e-06,2.64062305645557e-06,3.89859237778188e-05,1.7244411595630743e-06
20250526,4.7477104481532955e-07,1.1990335750974158e-06,2.6635243778255075e-06,4.143159360748271e-05,1.7096052734458515e-06
20250527,4.763263502824674e-07,1.207781227000681e-06,2.670702915909953e-06,4.3104559995596714e-05,1.6878271116343622e-06
20250528,4.788594907022892e-07,1.216262890946899e-06,2.6354145871681702e-06,4.419088439072856e-05,1.6782854670845324e-06
20250529,4.838724519465508e-07,1.2353571064364355e-06,2.6079435636960207e-06,4.464394535861301e-05,1.6709383187183539e-06
20250530,4.914504977027275e-07,1.2570991529447387e-06,2.5396853676114036e-06,4.473431395104745e-05,1.6580846330332777e-06
20250603,4.944628339604295e-07,1.2668734963758674e-06,2.467010295067337e-06,4.46436336406114e-05,1.649210520751057e-06
20250604,4.935015999363031e-07,1.2623953039899522e-06,2.2839833286450077e-06,4.2369970272672375e-05,1.6460609949002755e-06
20250605,4.940725339461811e-07,1.2651104415628765e-06,2.1356994783320498e-06,4.0592798053123524e-05,1.639382651668078e-06
20250606,4.935564534724551e-07,1.2603713623543835e-06,2.002169784908749e-06,3.903316913779951e-05,1.6347949076747152e-06
20250609,4.900071183830944e-07,1.2491831156698805e-06,1.8745524325943444e-06,3.759295834839743e-05,1.6301831085766575e-06
20250610,4.955583206954508e-07,1.2634920552584676e-06,1.753429579796571e-06,3.621728684902243e-05,1.6711042526442502e-06
20250611,4.957089039963041e-07,1.2650796495518652e-06,1.6521550377922035e-06,3.515649844010638e-05,1.6994768663877534e-06
20250612,5.126661666716181e-07,1.3148688026983617e-06,1.584028694901612e-06,3.46942620101489e-05,1.8184230902892784e-06
20250613,5.23865431867808e-07,1.3484173252192379e-06,1.521726880603769e-06,3.418001549244342e-05,1.915615708156858e-06
20250616,5.326647610464877e-07,1.3703352404075005e-06,1.4631264372705342e-06,3.371744873744836e-05,2.0047983782452983e-06
20250617,5.415765212767615e-07,1.394688287394434e-06,1.415780105457118e-06,3.325365058987461e-05,2.0781619256057087e-06
20250618,5.457344738545594e-07,1.4118593324610583e-06,1.3546452349543377e-06,3.261254320446318e-05,2.146503968248715e-06
20250619,5.467143439025893e-07,1.4222163867557692e-06,1.3022119062763589e-06,3.208598926216168e-05,2.20562389095774e-06
20250620,5.420128189128774e-07,1.422242650435283e-06,1.2524169873318912e-06,3.1475390843368404e-05,2.2271998739520785e-06
20250623,5.344814178900279e-07,1.4131984034616398e-06,1.208146946401975e-06,3.072388428450182e-05,2.2632530055164725e-06
20250624,5.322236580713855e-07,1.4231739733682615e-06,1.1654502625090752e-06,2.9944760777607785e-05,2.302400810978731e-06
20250625,5.340313695642321e-07,1.4418441699800668e-06,1.120975893124204e-06,2.906114940434462e-05,2.3537002253705658e-06
20250626,5.308977328851445e-07,1.4418006493146743e-06,1.0821453217759476e-06,2.833731358288952e-05,2.3608107543286367e-06
20250627,5.286650166309617e-07,1.4417379380694741e-06,1.0502287171685577e-06,2.7794615097814732e-05,2.372331100154093e-06
20250630,5.219480662217819e-07,1.4454948135629892e-06,1.02222652465038e-06,2.727444649484529e-05,2.3727293485764067e-06
20250701,5.258141045941782e-07,1.4604189393483798e-06,9.960637778750366e-07,2.678232033535217e-05,2.3748519179071315e-06
20250702,5.224061659497426e-07,1.4698894372965945e-06,1.0066695474863794e-06,2.70783523061664e-05,2.364182143121044e-06
20250703,5.236575287109646e-07,1.4906923987869704e-06,1.0204640404947253e-06,2.749275830663653e-05,2.3475959350865832e-06
20250704,5.257594699670662e-07,1.508758545927634e-06,1.0230537466613514e-06,2.775678342191137e-05,2.336848312126874e-06
20250707,5.244938640708972e-07,1.50867634168654e-06,1.0061115208540981e-06,2.7874076282549933e-05,2.3155737314846197e-06
20250708,5.173983600407601e-07,1.4891119643139981e-06,9.949092510365806e-07,2.7907670053874807e-05,2.292582283867933e-06
20250709,5.084765087288208e-07,1.4644891308659344e-06,9.851266076387481e-07,2.7936327618464257e-05,2.285378342903299e-06
20250710,4.94071079165782e-07,1.41295837595209e-06,9.73910962005506e-07,2.806104703443658e-05,2.2029178399466086e-06
20250711,4.820670646763446e-07,1.3728524471594614e-06,9.566226485293684e-07,2.8305387247477643e-05,2.1242642168584903e-06
20250714,4.7102460524712284e-07,1.3271404801826341e-06,9.331553238190858e-07,2.8383552573851024e-05,2.0582724523761642e-06
20250715,4.573376875375797e-07,1.2845637719832989e-06,9.113165971626748e-07,2.8426510614304083e-05,2.0002122952981384e-06
20250716,4.407041399580341e-07,1.2355454723475546e-06,8.795180210921473e-07,2.8094544997848346e-05,1.9560290324928155e-06
20250717,4.2784463500861737e-07,1.1935169161410793e-06,8.554006644968769e-07,2.783001521380485e-05,1.9239701952770383e-06
20250718,4.1673489010062244e-07,1.1581256289583176e-06,8.321915890534434e-07,2.7540870755268824e-05,1.8820799031697579e-06
20250721,4.0150322102542907e-07,1.1104307632451367e-06,7.934025503615605e-07,2.6778824590935383e-05,1.8279367193631086e-06
20250722,3.8685609737781723e-07,1.0665922020164421e-06,7.70338848674139e-07,2.6047372023340034e-05,1.7914701436076688e-06
20250723,3.7170575810294325e-07,1.0203919569840986e-06,7.415859505353461e-07,2.5462469702556795e-05,1.7391231825345017e-06
20250724,3.5773575540531123e-07,9.75760780381981e-07,7.129533702325013e-07,2.4784959008258502e-05,1.6870944387377372e-06
20250725,3.4771175506612203e-07,9.445901511839374e-07,6.902702178335009e-07,2.4202989692377377e-05,1.6439253140171443e-06
20250728,3.29542414470082e-07,8.926849289641979e-07,6.425690461219718e-07,2.2730268326679666e-05,1.6012950608379385e-06
20250729,3.1440955808984707e-07,8.482125285608145e-07,6.054682305234365e-07,2.1577658363127392e-05,1.5803291483799576e-06
20250730,3.028836700872033e-07,8.116784435685391e-07,5.764898900690991e-07,2.0732257975135852e-05,1.5682078416511812e-06
20250731,2.9185678267820916e-07,7.792502295759506e-07,5.510563225498311e-07,2.0017149938380852e-05,1.5652105503986946e-06
20250801,2.824571749784042e-07,7.517976269858848e-07,5.303322112195534e-07,1.942509273467268e-05,1.5641162238008596e-06
20250804,2.745902997467365e-07,7.310042028916419e-07,5.131849355343279e-07,1.905719807328643e-05,1.5719267784890305e-06
20250805,2.6865025214628204e-07,7.165807505691813e-07,4.972292926604739e-07,1.86729116658619e-05,1.5923565982761644e-06
20250806,2.63800758427126e-07,7.055423559358282e-07,4.81950578472683e-07,1.8284630300834898e-05,1.6149151729326493e-06
20250807,2.609905286692833e-07,7.014695387666942e-07,4.672783378903655e-07,1.80145758419717e-05,1.6866259708057795e-06
20250808,2.586309963033009e-07,6.969314978187306e-07,4.517711211531914e-07,1.773710237990353e-05,1.734144015209561e-06
20250811,2.591176687831597e-07,6.993419098660478e-07,4.375862143005287e-07,1.755578929186473e-05,1.7893199158503676e-06
20250812,2.602118904203285e-07,7.035809838786284e-07,4.267344878853956e-07,1.7459663910190885e-05,1.8381431257734189e-06
20250813,2.6049257884782906e-07,7.055877314501056e-07,4.143043036042269e-07,1.7216540043563175e-05,1.8706898247211508e-06
20250814,2.624852855406481e-07,7.084082298719539e-07,4.02934829604446e-07,1.707341644863051e-05,1.8917367134285757e-06
20250815,2.6398329834307165e-07,7.113875023577112e-07,3.92405918228175e-07,1.696423377622982e-05,1.910767324806358e-06
20250818,2.695271846533952e-07,7.241026577889421e-07,3.879373110481969e-07,1.7083938088435466e-05,1.9819651837487113e-06
20250819,2.8148708928630316e-07,7.471270416254385e-07,3.8408136259755157e-07,1.7541429619040067e-05,2.0647028052549957e-06
20250820,2.9215479654371983e-07,7.70752555868045e-07,3.8380022541041717e-07,1.7849079400873786e-05,2.138289629531405e-06
20250821,2.9893907975864193e-07,7.847230391802035e-07,3.8439621940069446e-07,1.800492539921587e-05,2.167287096933179e-06
20250822,3.0781761371904016e-07,8.035581000102584e-07,3.87282992534423e-07,1.8136344661297506e-05,2.204321253979426e-06
20250825,3.2541083741283917e-07,8.527741662071997e-07,4.105643565058194e-07,1.948776691441464e-05,2.259878828743989e-06
20250826,3.6301182303251073e-07,9.62634672911226e-07,4.2944161384305675e-07,2.0627347251078228e-05,2.337600727504244e-06
20250827,3.9361543760806623e-07,1.0611867067140597e-06,4.432514091914396e-07,2.1675017311384502e-05,2.405656682900421e-06
20250828,4.6475364003125234e-07,1.2250267914750828e-06,4.658253991997954e-07,2.2944206331120344e-05,2.464174068518836e-06
20250829,5.217115330709957e-07,1.3575669913412833e-06,4.890815767828816e-07,2.4143974225956356e-05,2.5186755996917064e-06
20250901,5.602563645713408e-07,1.4481237447765373e-06,5.044781919504783e-07,2.4887619147736286e-05,2.5150632139770272e-06
20250902,5.943398324727411e-07,1.5458049341468374e-06,5.171739602044572e-07,2.5278613410233582e-05,2.5157638277381798e-06
20250903,6.226229897749854e-07,1.6154343185995803e-06,5.263394031213229e-07,2.56334484603072e-05,2.512948905412615e-06
20250904,6.434240115757088e-07,1.6665870133134071e-06,5.31907072181611e-07,2.6004101686754598e-05,2.5097550394386154e-06
20250905,6.530636509137002e-07,1.691764553600933e-06,5.266990449220974e-07,2.5981824697324585e-05,2.501870773897589e-06
20250908,6.684533273962322e-07,1.7202176735481907e-06,5.186071564440786e-07,2.5773172185722754e-05,2.5077468615954343e-06
20250909,6.753151637252704e-07,1.7263911609108522e-06,5.19627938602055e-07,2.6032171756253003e-05,2.5039584518803487e-06
20250910,6.864503453262994e-07,1.7458808646071184e-06,5.274103234379747e-07,2.6586662246420533e-05,2.4920294130572127e-06
20250911,6.914675155775062e-07,1.7452703889352199e-06,5.256895189078824e-07,2.6861190258204986e-05,2.5197804048956468e-06
20250912,6.865335009224747e-07,1.7327502441419702e-06,5.218119320883861e-07,2.7150148490507185e-05,2.5408799823913933e-06
20250915,6.87456119222752e-07,1.7234227742829805e-06,5.187123651519766e-07,2.701653007717417e-05,2.5467065163331063e-06
20250916,6.84425345787687e-07,1.6966664519607077e-06,5.136748853032257e-07,2.68299902751785e-05,2.5336776088815153e-06
20250917,6.824734932008961e-07,1.6791438679155047e-06,5.102277010349411e-07,2.6697557097814872e-05,2.515202398694221e-06
20250918,6.81911047851359e-07,1.6663957961492606e-06,5.099267370348122e-07,2.6603860885136076e-05,2.4990038807869387e-06
20250919,6.778859052357569e-07,1.6579452364393736e-06,5.132269375735211e-07,2.657507836688276e-05,2.4911406104153416e-06
20250922,6.711620593331621e-07,1.647679925491176e-06,5.220701065136412e-07,2.6766020975515596e-05,2.481010987271823e-06
20250923,6.685312696011006e-07,1.6297705415058904e-06,5.339635647430865e-07,2.702316243113237e-05,2.4705117784196752e-06
20250924,6.604031521469777e-07,1.6074224069108529e-06,5.404168283546117e-07,2.697567533391766e-05,2.4451023731321055e-06
20250925,6.500674620945504e-07,1.5944387340464628e-06,5.470282794907798e-07,2.688909077715541e-05,2.420234656246354e-06
20250926,6.469530136472732e-07,1.5808076758693522e-06,5.57139172273768e-07,2.6673367681748556e-05,2.3934594188327486e-06
20250929,6.51535411988476e-07,1.5891281973464454e-06,5.685565726127786e-07,2.6692584035934745e-05,2.46300868316945e-06
20250930,6.519050470093791e-07,1.5948155554032054e-06,5.822472615542042e-07,2.6804005707993153e-05,2.5312077719318645e-06
20251009,6.554176961123581e-07,1.6005524719580907e-06,6.016883981738058e-07,2.700014811838561e-05,2.5992032684514957e-06
20251010,6.579776170198064e-07,1.5974086804775795e-06,6.169009394902613e-07,2.72049014183751e-05,2.7158289329636053e-06
20251013,6.665416734182465e-07,1.6040906860485345e-06,6.487399868224291e-07,2.792726019379469e-05,2.8015109510493378e-06
20251014,6.724674965444845e-07,1.6059002668418646e-06,6.712237214641364e-07,2.8428746361111938e-05,2.7529103390420872e-06
20251015,6.726853907522413e-07,1.5973204027476104e-06,6.852701544094056e-07,2.8640821507779643e-05,2.7213810616716617e-06
20251016,6.746635380140809e-07,1.5773917053283928e-06,6.990924860636158e-07,2.8886400387688872e-05,2.6977052158532493e-06
20251017,6.745857562734431e-07,1.551385222704545e-06,7.109042729095374e-07,2.918855468135494e-05,2.657762957410207e-06
20251020,6.720531052384385e-07,1.5351243255622255e-06,7.188017955528249e-07,2.930758775548981e-05,2.627550475445829e-06
20251021,6.623321491386964e-07,1.506308584538759e-06,7.301238002897783e-07,2.984269237975779e-05,2.5650532698624125e-06
20251022,6.644485763433146e-07,1.499122806875087e-06,7.573774257602801e-07,3.0861098514160196e-05,2.520803093851122e-06
20251023,6.643173959431834e-07,1.4944115798897005e-06,7.761703979210877e-07,3.157909268254707e-05,2.476935620828674e-06
20251024,6.671202646179713e-07,1.4983087359579887e-06,7.954967734925982e-07,3.223960645257547e-05,2.4249251068003844e-06
20251027,6.572611294468564e-07,1.4815746758363382e-06,8.086198892082994e-07,3.265729392388426e-05,2.375916353749102e-06
20251028,6.499979490976221e-07,1.4650478113306648e-06,8.209369972856818e-07,3.3062017545861604e-05,2.3358596383858653e-06
20251029,6.44395879351329e-07,1.4632511397710606e-06,8.233241211635487e-07,3.32274667819014e-05,2.2927629703713825e-06
20251030,6.393528043960892e-07,1.4645217039706248e-06,8.251532074253369e-07,3.341155864656292e-05,2.261129420355622e-06
20251031,6.327768416902627e-07,1.466601064756755e-06,8.221913764551851e-07,3.3503158055493946e-05,2.2233921480157024e-06
20251103,6.379724080079202e-07,1.4836772404853394e-06,8.265981683372898e-07,3.434837765051425e-05,2.2029950983003733e-06
20251104,6.446287948083065e-07,1.51055077986799e-06,8.35175859091523e-07,3.516532253663298e-05,2.195146125991211e-06
20251105,6.51701643175416e-07,1.5424444711412388e-06,8.447749626660422e-07,3.592685609599278e-05,2.1788477892617982e-06
20251106,6.634045485569473e-07,1.5823528066813815e-06,8.624094674412301e-07,3.689521843919944e-05,2.1800961837100685e-06
20251107,6.715597363452119e-07,1.6067641322878185e-06,8.730739239678848e-07,3.761022552676657e-05,2.170545145786881e-06
20251110,6.765140276927371e-07,1.6279462179736783e-06,8.791531281725888e-07,3.8189230141145686e-05,2.1690521383886957e-06
20251111,6.857380206080969e-07,1.6565633329766389e-06,8.762427068488571e-07,3.8199795500762625e-05,2.234671576071768e-06
20251112,6.950881632971219e-07,1.6895908215496119e-06,8.76261295836642e-07,3.830603083539596e-05,2.276911557839268e-06
20251113,7.043204588305457e-07,1.707181070327046e-06,8.822237053741887e-07,3.8497778859465354e-05,2.314214263537764e-06
20251114,7.141991245781428e-07,1.7292200927075793e-06,8.887323727791223e-07,3.855512402098286e-05,2.338456710131936e-06
20251117,7.105194357131034e-07,1.7165256156767984e-06,8.976263927970507e-07,3.843647444725617e-05,2.3251067434105463e-06
20251118,7.055769936774587e-07,1.700608593093954e-06,9.021315107042911e-07,3.81730664139931e-05,2.3072468841334974e-06
20251119,7.003023204450935e-07,1.6849410492860037e-06,9.09602853527977e-07,3.8094876277542374e-05,2.2832295465047904e-06
20251120,6.91271428555422e-07,1.6537087942951455e-06,9.214364167264134e-07,3.8454098072670266e-05,2.241386524861326e-06
20251121,6.873107868027311e-07,1.6305636629497783e-06,9.343369993457204e-07,3.881109007122477e-05,2.2054738429221047e-06
20251124,6.981392565689507e-07,1.6454685333140754e-06,9.462908187372854e-07,3.9048557987048706e-05,2.1971180090625903e-06
20251125,7.054406328532263e-07,1.6534655069504173e-06,9.602248311922194e-07,3.934160232488046e-05,2.1749655954059216e-06
20251126,7.198928585645719e-07,1.6857056053652545e-06,1.022718835028816e-06,4.054530539116255e-05,2.175733709934175e-06
20251127,7.354213285309214e-07,1.7348389740044336e-06,1.0723810319816223e-06,4.138199420397278e-05,2.179317684530921e-06
20251128,7.48563695015905e-07,1.7736765325960247e-06,1.1140970384533897e-06,4.2207337941749465e-05,2.1877298692771217e-06
20251201,7.710724396097432e-07,1.8133586883423336e-06,1.1309073520939887e-06,4.212201358561492e-05,2.2646812676988242e-06
20251202,8.083534903811711e-07,1.8838918548286633e-06,1.1390979290065567e-06,4.2005984394995506e-05,2.3405659025882795e-06
20251203,8.394179700070876e-07,1.928078419984801e-06,1.1552293443463834e-06,4.168329895947543e-05,2.389135869831501e-06
20251204,8.67067185750491e-07,1.964275307320759e-06,1.1631612162827596e-06,4.110650809313678e-05,2.4168890322340264e-06
20251205,8.836419724490473e-07,2.0034335106288533e-06,1.169551317965197e-06,4.0447655178979863e-05,2.562479863573078e-06
20251208,8.78705682454569e-07,1.9868928041158526e-06,1.168546414660699e-06,3.9789727207962184e-05,2.6416878874176803e-06
20251209,8.670309094766846e-07,1.950188487464668e-06,1.1807214045668835e-06,3.960356753858522e-05,2.6983867953862978e-06
20251210,8.460496148679618e-07,1.8974319715920503e-06,1.1838270072088527e-06,3.90867864620651e-05,2.7376814613711784e-06
20251211,8.192723326840842e-07,1.828495115070701e-06,1.184955951588457e-06,3.878854650477153e-05,2.746417043266037e-06
20251212,7.995435719749537e-07,1.76894372220198e-06,1.1906348223323547e-06,3.8646975692221396e-05,2.7568402732686474e-06
20251215,7.91650373405216e-07,1.7530663860786538e-06,1.172319648304983e-06,3.893564778350856e-05,2.81772861730784e-06
20251216,7.781617066715825e-07,1.723650424761417e-06,1.160718370451505e-06,3.9528544193391865e-05,2.852057562328941e-06
20251217,7.659038502800501e-07,1.6934971622125346e-06,1.1492898597958475e-06,3.988831878082321e-05,2.888418912832276e-06
20251218,7.535158626212505e-07,1.6660793112208452e-06,1.1070949201034898e-06,3.944395746640321e-05,2.9142187706670385e-06
20251219,7.443865292287637e-07,1.6426479556255056e-06,1.0702577854091745e-06,3.897305241871865e-05,2.9149224390517004e-06
20251222,7.422471501787227e-07,1.634770827253051e-06,1.0396262419536144e-06,3.857708979465021e-05,2.9131853254926135e-06
20251223,7.362606942960888e-07,1.6265698390001683e-06,1.005955538357405e-06,3.7938150731798206e-05,2.9160816362859865e-06
20251224,7.292424812472737e-07,1.6115143804951564e-06,9.770967567439709e-07,3.747434555272422e-05,2.8953562570030157e-06
20251225,7.254408797294872e-07,1.606052314509112e-06,9.54124488180366e-07,3.714385414826134e-05,2.879413910757832e-06
20251226,7.234767648433086e-07,1.6030282930197966e-06,9.298955315242022e-07,3.69808195005605e-05,2.885657684827911e-06
20251229,7.189750505526955e-07,1.590131077866331e-06,9.106779062173925e-07,3.709841489553584e-05,2.839539831764418e-06
20251230,7.144913368751889e-07,1.5692371910083137e-06,8.837474997096178e-07,3.683725767174927e-05,2.7957632104212893e-06
20251231,7.091828601410893e-07,1.5518555170081262e-06,8.58504627320101e-07,3.665610113431953e-05,2.760551984996217e-06
20260105,7.060392886765229e-07,1.5426609575088739e-06,8.394569006703977e-07,3.686461428851628e-05,2.7445597187143276e-06
20260106,7.040333323691315e-07,1.5378788468705735e-06,8.289118041843111e-07,3.751793315261982e-05,2.752744263937938e-06
20260107,6.83408022212562e-07,1.4860306674535019e-06,8.190110201392906e-07,3.670797391914042e-05,2.6978082470097694e-06
20260108,6.727868019553593e-07,1.4556596564220694e-06,8.08708536332415e-07,3.6043337462813445e-05,2.626719589389639e-06
20260109,6.692902100771769e-07,1.44046912320905e-06,8.019695962148675e-07,3.543122924435285e-05,2.5735987958703926e-06
20260112,6.834692670713132e-07,1.4603429269765285e-06,7.997837305624588e-07,3.513371952894379e-05,2.571535633246313e-06
20260113,6.909257982922091e-07,1.4732669439368443e-06,7.953257501933197e-07,3.4787490722884885e-05,2.5553941284711083e-06
20260114,6.893116430279871e-07,1.463242262380536e-06,7.899410751182336e-07,3.432028153704147e-05,2.545238321098096e-06
20260115,6.87584943152015e-07,1.4549757185404556e-06,7.842830823418308e-07,3.387974962537743e-05,2.541612177062338e-06
20260116,6.867558063027171e-07,1.4500839896694971e-06,7.685187554690901e-07,3.355301568876317e-05,2.537123609786342e-06
20260119,6.964637966380145e-07,1.459682696733619e-06,7.666427357987981e-07,3.383840860392783e-05,2.51978920435922e-06
20260120,6.998800847734554e-07,1.4612620339496598e-06,7.533690946238236e-07,3.362463871992175e-05,2.478156996844993e-06
20260121,6.980966889184442e-07,1.4547284378393833e-06,7.351043802861854e-07,3.321064534532481e-05,2.4288949779485478e-06
20260122,6.904286267865669e-07,1.4315428353346513e-06,7.182422543666675e-07,3.262955266800336e-05,2.3891830898504155e-06
20260123,6.831117210861747e-07,1.4126236351471037e-06,7.042797594258127e-07,3.2165100618089166e-05,2.353291651404665e-06
20260126,6.685435847381882e-07,1.3791505627392921e-06,6.872974508048669e-07,3.146264969583494e-05,2.312551937727865e-06
20260127,6.595815969342366e-07,1.3586780738817594e-06,6.740856569426316e-07,3.0936016656641605e-05,2.2809946635242957e-06
20260128,6.512309441192506e-07,1.349769346362513e-06,6.636562634364468e-07,3.05573875036924e-05,2.2743543595842845e-06
20260129,6.446373939780476e-07,1.3423348948757495e-06,6.618829393820198e-07,3.0353692945505605e-05,2.257767597137651e-06
20260130,6.403045957512025e-07,1.3422064397188822e-06,6.603010545528808e-07,3.0150937955703653e-05,2.2349093653363233e-06
20260202,6.32217097876249e-07,1.3377597453554096e-06,6.569510835690518e-07,2.959690170041096e-05,2.213973668749268e-06
20260203,6.240939681099652e-07,1.3321791330116767e-06,6.546624460278927e-07,2.9267374163548763e-05,2.1981827527582115e-06
20260204,6.636803797472269e-07,1.4375941074968853e-06,6.708149018224155e-07,3.0964687375711055e-05,2.299720162829649e-06
20260205,7.02295699515714e-07,1.5370819373644062e-06,6.851017217483953e-07,3.248908102825134e-05,2.4078560484425744e-06
20260206,7.417494404303185e-07,1.6460118804128495e-06,6.988428943321166e-07,3.3902832385913534e-05,2.5174995446134967e-06
20260209,7.828711327466967e-07,1.7569676320346388e-06,7.197140275478481e-07,3.5136044904513434e-05,2.6296960255309942e-06
20260210,8.211770592659258e-07,1.8576159328556227e-06,7.506676029023865e-07,3.636545880994275e-05,2.707032418008088e-06
20260211,8.502718584053207e-07,1.9448107293930244e-06,7.716586696682048e-07,3.7000900904088314e-05,2.7540635366462217e-06
20260212,8.752883933667202e-07,2.0286509084314226e-06,7.821740366905598e-07,3.723134355114577e-05,2.7812197264948256e-06
20260213,8.918388189137827e-07,2.0940616038996508e-06,7.9087336452858e-07,3.749547988425799e-05,2.8140014440448506e-06
20260224,9.060626599211121e-07,2.134708493705803e-06,7.921373565507084e-07,3.734192902034392e-05,2.8790560806256304e-06
20260225,9.007743038751893e-07,2.119406621169993e-06,8.076627331934596e-07,3.760029648383609e-05,2.905473716098981e-06
20260226,8.899512743791326e-07,2.0988159673541997e-06,8.104245008883397e-07,3.755125768467546e-05,2.905204161062196e-06
20260227,8.79517477943234e-07,2.0791409934948304e-06,8.110947601527804e-07,3.7604865614221124e-05,2.890797511970688e-06
20260302,8.691777833311673e-07,2.064033671662589e-06,8.160270772223069e-07,3.7853660895461125e-05,2.9015879874928716e-06
20260303,8.559766943656338e-07,2.0367516631283562e-06,8.127921272786429e-07,3.784706407421221e-05,2.9085839334375015e-06
20260304,8.458018480751951e-07,2.0185804233644214e-06,8.146660206877248e-07,3.8190626681231124e-05,2.9187751491292283e-06
20260305,8.370211223442417e-07,2.003943529752115e-06,8.192780024934656e-07,3.851503037734086e-05,2.9202868950874615e-06
20260306,8.469972204013635e-07,2.02592442857793e-06,8.308309821664087e-07,3.91538000754027e-05,2.953276563729984e-06
20260309,8.561605991225616e-07,2.010063873712722e-06,8.310693570741532e-07,3.9256700722519924e-05,2.9669135834187648e-06
20260310,8.714013138214518e-07,2.011599157467566e-06,8.299597368040563e-07,3.94195168910852e-05,2.9614918856436485e-06
20260311,8.790238569183435e-07,2.0079727674752512e-06,8.273885943564619e-07,3.9572661994232455e-05,2.9670362152985786e-06
20260312,8.854576619745574e-07,2.0025954970927494e-06,8.353692639019846e-07,4.0211337484860775e-05,2.968855392704063e-06
20260313,8.906884369395482e-07,2.0053542234992158e-06,8.501104996962615e-07,4.092954019961092e-05,2.9885321632899747e-06
20260316,8.961134485612443e-07,1.9982393085675155e-06,8.655055886833824e-07,4.1665640739766374e-05,3.0028099417567255e-06
20260317,9.088798448383529e-07,2.0096104405532976e-06,8.79172809113504e-07,4.238711620677275e-05,3.0058786370928134e-06
20260318,9.156426840603182e-07,2.0219127505672215e-06,8.866042393576234e-07,4.294708252624306e-05,3.0040853557333896e-06
20260319,9.208780920871456e-07,2.026439203892151e-06,8.870224232597665e-07,4.314874032807367e-05,2.991511361241535e-06
20260320,9.164925721444663e-07,2.0178669479878495e-06,8.813302584857259e-07,4.307653129992362e-05,2.9629086356120437e-06
20260323,9.059850688726648e-07,1.9990992816535167e-06,8.383836980016912e-07,4.177057219144753e-05,3.034563316478161e-06
20260324,9.062523446333557e-07,2.002932472634865e-06,8.02749305111136e-07,4.072641477033763e-05,3.1243129655605505e-06
20260325,9.526983650388095e-07,2.057287779585674e-06,7.711387942252304e-07,3.9813757245585694e-05,3.1170765466359257e-06
20260326,9.93528464615769e-07,2.1212333042970797e-06,7.471584112497581e-07,3.900653335016148e-05,3.1363345652703914e-06
20260327,1.0229096102425626e-06,2.1658849835647445e-06,7.239073770039575e-07,3.8151674575722905e-05,3.1250368673729725e-06
20260330,1.0391957841988241e-06,2.1965326058600434e-06,6.9959363177177e-07,3.7085139417340345e-05,3.0908470945086234e-06
20260331,1.0489694831280828e-06,2.2177532239430217e-06,6.823990388469153e-07,3.642415012175151e-05,3.0716275453903965e-06
20260401,1.0487201144518715e-06,2.221340060631909e-06,6.690971117226635e-07,3.568474329597995e-05,3.0755096790963272e-06
20260402,1.0537385910067122e-06,2.2185723423461287e-06,6.60785754446939e-07,3.523052079059176e-05,3.0835494889203277e-06
20260403,1.0696592769128063e-06,2.221475941820474e-06,6.577813753243206e-07,3.506319574082168e-05,3.1374061794321497e-06
