trade_date,ZN.SHF,PB.SHF,NI.SHF,SN.SHF,AO.SHF,AD.SHF
20100104,0.0,,,,,
20100105,0.0,,,,,
20100106,0.0,,,,,
20100107,0.0,,,,,
20100108,0.0,,,,,
20100111,0.0,,,,,
20100112,0.0,,,,,
20100113,0.0,,,,,
20100114,0.0,,,,,
20100115,0.0,,,,,
20100118,0.0,,,,,
20100119,0.0,,,,,
20100120,0.0,,,,,
20100121,0.0,,,,,
20100122,0.0,,,,,
20100125,0.0,,,,,
20100126,0.0,,,,,
20100127,0.0,,,,,
20100128,0.0,,,,,
20100129,0.0,,,,,
20100201,0.0,,,,,
20100202,0.0,,,,,
20100203,0.0,,,,,
20100204,0.0,,,,,
20100205,0.0,,,,,
20100208,0.0,,,,,
20100209,0.0,,,,,
20100210,0.0,,,,,
20100211,0.0,,,,,
20100212,0.0,,,,,
20100222,0.0,,,,,
20100223,0.0,,,,,
20100224,0.0,,,,,
20100225,0.0,,,,,
20100226,0.0,,,,,
20100301,0.0,,,,,
20100302,0.0,,,,,
20100303,0.0,,,,,
20100304,0.0,,,,,
20100305,0.0,,,,,
20100308,0.0,,,,,
20100309,0.0,,,,,
20100310,0.0,,,,,
20100311,0.0,,,,,
20100312,0.0,,,,,
20100315,0.0,,,,,
20100316,0.0,,,,,
20100317,0.0,,,,,
20100318,0.0,,,,,
20100319,0.0,,,,,
20100322,0.0,,,,,
20100323,0.0,,,,,
20100324,0.0,,,,,
20100325,0.0,,,,,
20100326,0.0,,,,,
20100329,0.0,,,,,
20100330,0.0,,,,,
20100331,0.0,,,,,
20100401,0.0,,,,,
20100402,0.0,,,,,
20100406,0.0,,,,,
20100407,0.0,,,,,
20100408,0.0,,,,,
20100409,0.0,,,,,
20100412,0.0,,,,,
20100413,0.0,,,,,
20100414,0.0,,,,,
20100415,0.0,,,,,
20100416,0.0,,,,,
20100419,0.0,,,,,
20100420,0.0,,,,,
20100421,0.0,,,,,
20100422,0.0,,,,,
20100423,0.0,,,,,
20100426,0.0,,,,,
20100427,0.0,,,,,
20100428,0.0,,,,,
20100429,0.0,,,,,
20100430,0.0,,,,,
20100504,0.0,,,,,
20100505,0.0,,,,,
20100506,0.0,,,,,
20100507,0.0,,,,,
20100510,0.0,,,,,
20100511,0.0,,,,,
20100512,0.0,,,,,
20100513,0.0,,,,,
20100514,0.0,,,,,
20100517,0.0,,,,,
20100518,0.0,,,,,
20100519,0.0,,,,,
20100520,0.0,,,,,
20100521,0.0,,,,,
20100524,0.0,,,,,
20100525,0.0,,,,,
20100526,0.0,,,,,
20100527,0.0,,,,,
20100528,0.0,,,,,
20100531,0.0,,,,,
20100601,0.0,,,,,
20100602,0.0,,,,,
20100603,0.0,,,,,
20100604,0.0,,,,,
20100607,0.0,,,,,
20100608,0.0,,,,,
20100609,0.0,,,,,
20100610,0.0,,,,,
20100611,0.0,,,,,
20100617,0.0,,,,,
20100618,0.0,,,,,
20100621,0.0,,,,,
20100622,0.0,,,,,
20100623,0.0,,,,,
20100624,0.0,,,,,
20100625,0.0,,,,,
20100628,0.0,,,,,
20100629,0.0,,,,,
20100630,0.0,,,,,
20100701,0.0,,,,,
20100702,0.0,,,,,
20100705,0.0,,,,,
20100706,0.0,,,,,
20100707,0.0,,,,,
20100708,0.0,,,,,
20100709,0.0,,,,,
20100712,0.0,,,,,
20100713,0.0,,,,,
20100714,0.0,,,,,
20100715,0.0,,,,,
20100716,0.0,,,,,
20100719,0.0,,,,,
20100720,0.0,,,,,
20100721,0.0,,,,,
20100722,0.0,,,,,
20100723,0.0,,,,,
20100726,0.0,,,,,
20100727,0.0,,,,,
20100728,0.0,,,,,
20100729,0.0,,,,,
20100730,0.0,,,,,
20100802,0.0,,,,,
20100803,0.0,,,,,
20100804,0.0,,,,,
20100805,0.0,,,,,
20100806,0.0,,,,,
20100809,0.0,,,,,
20100810,0.0,,,,,
20100811,0.0,,,,,
20100812,0.0,,,,,
20100813,0.0,,,,,
20100816,0.0,,,,,
20100817,0.0,,,,,
20100818,0.0,,,,,
20100819,0.0,,,,,
20100820,0.0,,,,,
20100823,0.0,,,,,
20100824,0.0,,,,,
20100825,0.0,,,,,
20100826,0.0,,,,,
20100827,0.0,,,,,
20100830,0.0,,,,,
20100831,0.0,,,,,
20100901,0.0,,,,,
20100902,0.0,,,,,
20100903,0.0,,,,,
20100906,0.0,,,,,
20100907,0.0,,,,,
20100908,0.0,,,,,
20100909,0.0,,,,,
20100910,0.0,,,,,
20100913,0.0,,,,,
20100914,0.0,,,,,
20100915,0.0,,,,,
20100916,0.0,,,,,
20100917,0.0,,,,,
20100920,0.0,,,,,
20100921,0.0,,,,,
20100927,0.0,,,,,
20100928,0.0,,,,,
20100929,0.0,,,,,
20100930,0.0,,,,,
20101008,0.0,,,,,
20101011,0.0,,,,,
20101012,0.0,,,,,
20101013,0.0,,,,,
20101014,0.0,,,,,
20101015,0.0,,,,,
20101018,0.0,,,,,
20101019,0.0,,,,,
20101020,0.0,,,,,
20101021,0.0,,,,,
20101022,0.0,,,,,
20101025,0.0,,,,,
20101026,0.0,,,,,
20101027,0.0,,,,,
20101028,0.0,,,,,
20101029,0.0,,,,,
20101101,0.0,,,,,
20101102,0.0,,,,,
20101103,0.0,,,,,
20101104,0.0,,,,,
20101105,0.0,,,,,
20101108,0.0,,,,,
20101109,0.0,,,,,
20101110,0.0,,,,,
20101111,0.0,,,,,
20101112,0.0,,,,,
20101115,0.0,,,,,
20101116,0.0,,,,,
20101117,0.0,,,,,
20101118,0.0,,,,,
20101119,0.0,,,,,
20101122,0.0,,,,,
20101123,0.0,,,,,
20101124,0.0,,,,,
20101125,0.0,,,,,
20101126,0.0,,,,,
20101129,0.0,,,,,
20101130,0.0,,,,,
20101201,0.0,,,,,
20101202,0.0,,,,,
20101203,0.0,,,,,
20101206,0.0,,,,,
20101207,0.0,,,,,
20101208,0.0,,,,,
20101209,0.0,,,,,
20101210,0.0,,,,,
20101213,0.0,,,,,
20101214,0.0,,,,,
20101215,0.0,,,,,
20101216,0.0,,,,,
20101217,0.0,,,,,
20101220,0.0,,,,,
20101221,0.0,,,,,
20101222,0.0,,,,,
20101223,0.0,,,,,
20101224,0.0,,,,,
20101227,0.0,,,,,
20101228,-3.858008757306226,,,,,
20101229,-7.794443020272642,,,,,
20101230,-11.657479665821992,,,,,
20101231,-14.755803983901105,,,,,
20110104,-17.290984415518768,,,,,
20110105,-19.20041402575272,,,,,
20110106,-21.06862600433364,,,,,
20110107,-21.882580981572108,,,,,
20110110,-22.557784943039696,,,,,
20110111,-23.44806029556619,,,,,
20110112,-24.170191779889198,,,,,
20110113,-25.456297981206873,,,,,
20110114,-26.483321869406762,,,,,
20110117,-27.454213081907525,,,,,
20110118,-28.24987411236576,,,,,
20110119,-28.90399099374491,,,,,
20110120,-29.094597797563388,,,,,
20110121,-29.193104402698513,,,,,
20110124,-29.27339159901974,,,,,
20110125,-28.608330211280617,,,,,
20110126,-28.293138040689307,,,,,
20110127,-28.200859418703562,,,,,
20110128,-28.243098828747137,,,,,
20110131,-28.011817938154635,,,,,
20110201,-27.082433263519142,,,,,
20110209,-26.34677209020875,,,,,
20110210,-25.853240529582894,,,,,
20110211,-25.893460713822716,,,,,
20110214,-25.76742487176446,,,,,
20110215,-25.66665008932069,,,,,
20110216,-25.477502513454414,,,,,
20110217,-25.291076110092103,,,,,
20110218,-25.117468910424396,,,,,
20110221,-24.802251778752176,,,,,
20110222,-24.17946180703497,,,,,
20110223,-23.60727539253409,,,,,
20110224,-23.24998734778975,,,,,
20110225,-22.993554705499644,,,,,
20110228,-22.75911483135693,,,,,
20110301,-23.071302031350466,,,,,
20110302,-23.308299358698598,,,,,
20110303,-23.47897328631657,,,,,
20110304,-23.61079736950975,,,,,
20110307,-23.64430995415465,,,,,
20110308,-23.772864069734695,,,,,
20110309,-23.79497529683226,,,,,
20110310,-23.588761580512354,,,,,
20110311,-23.44355254989165,,,,,
20110314,-23.357695947334,,,,,
20110315,-23.28383056101865,,,,,
20110316,-23.33076199071884,,,,,
20110317,-23.143970817021323,,,,,
20110318,-22.724254511755703,,,,,
20110321,-22.58079009380702,,,,,
20110322,-22.6288609845323,,,,,
20110323,-22.543224760436733,,,,,
20110324,-22.49100622019053,0.0,,,,
20110325,-22.463049945868182,0.0,,,,
20110328,-22.442067356893137,0.0,,,,
20110329,-22.42856223201355,0.0,,,,
20110330,-22.398058415691146,0.0,,,,
20110331,-22.369801257839253,0.0,,,,
20110401,-22.38259262932991,0.0,,,,
20110406,-22.317589792346887,0.0,,,,
20110407,-22.88089166704473,0.0,,,,
20110408,-23.336394379321682,0.0,,,,
20110411,-24.308543134656635,0.0,,,,
20110412,-24.98900814846868,0.0,,,,
20110413,-25.69223160471739,0.0,,,,
20110414,-26.167450972434136,0.0,,,,
20110415,-26.581755380523695,0.0,,,,
20110418,-27.734117972018304,0.0,,,,
20110419,-28.167174591420682,0.0,,,,
20110420,-28.50155648231849,0.0,,,,
20110421,-28.855341720945763,0.0,,,,
20110422,-29.61483797498743,0.0,,,,
20110425,-30.005227825821386,0.0,,,,
20110426,-30.343815778682426,0.0,,,,
20110427,-30.750901872811987,0.0,,,,
20110428,-30.840973610310332,0.0,,,,
20110429,-30.93622896302235,0.0,,,,
20110503,-31.02851743841036,0.0,,,,
20110504,-31.103767623346812,0.0,,,,
20110505,-31.269900331704562,0.0,,,,
20110506,-31.168437329331447,0.0,,,,
20110509,-30.711808300677973,-7.542004066371687,,,,
20110510,-30.260824661902074,-13.034498529278569,,,,
20110511,-29.9127264711357,-15.217199198664604,,,,
20110512,-29.34905406261925,-14.574393178370173,,,,
20110513,-28.173463295202662,-14.599475848386895,,,,
20110516,-27.2027018535064,-16.32004804453925,,,,
20110517,-26.394221050942708,-15.620097871666093,,,,
20110518,-26.188007500874562,-12.630216950807744,,,,
20110519,-26.139974585668977,-8.741648304942785,,,,
20110520,-26.098399815737167,-12.195995724814738,,,,
20110523,-25.98653910661164,-11.854935367812903,,,,
20110524,-25.954491659261425,-13.345682483235285,,,,
20110525,-25.754945938257105,-13.71550684013734,,,,
20110526,-25.44210866084564,-12.782657018355824,,,,
20110527,-25.238338165294874,-10.79641525669914,,,,
20110530,-25.062916124173533,-9.814056125640434,,,,
20110531,-24.918922640035486,-5.826836128612194,,,,
20110601,-24.789577108141476,-7.092173855851996,,,,
20110602,-25.063481052401404,-10.461866365312304,,,,
20110603,-25.55831589763377,-7.699472019562186,,,,
20110607,-26.247617846353997,-1.5025222606556106,,,,
20110608,-26.779566402270184,1.2778299392420431,,,,
20110609,-27.24320244145493,-4.252450667353489,,,,
20110610,-28.40040526251321,-5.628743510819295,,,,
20110613,-30.81118951714161,-8.490214639021511,,,,
20110614,-33.056235749712,-14.784844844525766,,,,
20110615,-34.890010809588865,-18.053047326633664,,,,
20110616,-35.73956425347317,-18.04969195974737,,,,
20110617,-36.42628816580188,-23.145332065753955,,,,
20110620,-36.82509838410198,-25.51037814554773,,,,
20110621,-37.50070212524774,-19.50300433122413,,,,
20110622,-38.13011492152325,-21.665414866608486,,,,
20110623,-39.22256130324518,-16.67090391606958,,,,
20110624,-40.90897245832078,-7.592251941193942,,,,
20110627,-41.81744788933662,-8.286451907337852,,,,
20110628,-42.5413503193041,-15.663715200629433,,,,
20110629,-43.06437536977971,-19.14601979799307,,,,
20110630,-43.025612614602515,-16.383428450037723,,,,
20110701,-43.004503317659825,-18.262147496888137,,,,
20110704,-42.8992636748649,-16.40966592803273,,,,
20110705,-42.80324365502618,-18.85353694438284,,,,
20110706,-42.863746133484746,-22.982064867949294,,,,
20110707,-42.88477090127542,-26.583953074044754,,,,
20110708,-43.065543335489046,-31.280409137472198,,,,
20110711,-43.040435050590396,-30.76650527797116,,,,
20110712,-42.96733543883875,-34.76873854056162,,,,
20110713,-42.02980034009968,-23.600277797128683,,,,
20110714,-41.8810078084655,-23.533316656846335,,,,
20110715,-41.60177973463356,-26.883939393170486,,,,
20110718,-41.75821103345775,-29.468666605933695,,,,
20110719,-41.54971041677326,-25.13172034578363,,,,
20110720,-41.31822833847078,-23.387072153378373,,,,
20110721,-40.93438775024411,-22.099847495432837,,,,
20110722,-40.53254351465427,-27.18141702784389,,,,
20110725,-40.28199878906347,-28.185399672223618,,,,
20110726,-39.730396573374634,-25.560933668294325,,,,
20110727,-39.241817603674356,-16.979844413106495,,,,
20110728,-38.8492391095648,-14.522558142913413,,,,
20110729,-38.341465452068164,-10.00489529659277,,,,
20110801,-38.12171454213708,-14.836007030389686,,,,
20110802,-37.17766407561475,-15.197836443285988,,,,
20110803,-36.413290826873734,-20.072697401498754,,,,
20110804,-35.72929135582941,-26.425887273382966,,,,
20110805,-33.351136028129524,-22.556742897490164,,,,
20110808,-31.298034059587522,-19.391553698292167,,,,
20110809,-29.53479120500993,-16.790824037799855,,,,
20110810,-28.168560104206907,-14.67291751757542,,,,
20110811,-27.031610605077624,-12.937778819728534,,,,
20110812,-26.087692908279024,-11.505751494647834,,,,
20110815,-25.267021935634396,-10.335182106974646,,,,
20110816,-24.552227908465923,-9.384229592152316,,,,
20110817,-23.77145646080716,-8.577347044459355,,,,
20110818,-23.119769646791188,-7.928217173807381,,,,
20110819,-22.65359182917792,-7.409405064663192,,,,
20110822,-22.288871870572077,-6.990176177132886,,,,
20110823,-22.101213408442316,-6.670410036628669,,,,
20110824,-22.005919542887394,-6.419949931226552,,,,
20110825,-21.861729607100678,-6.205761639089335,,,,
20110826,-21.74123473500729,-6.035421989206285,,,,
20110829,-21.685992929785087,-5.891396617360149,,,,
20110830,-21.687153015217774,-5.836230554403012,,,,
20110831,-21.678676586846837,-5.792692379937377,,,,
20110901,-21.668644405812813,-5.756840205601985,,,,
20110902,-23.09860032329555,-6.054701756938663,,,,
20110905,-24.676897399733704,-6.3114618162707785,,,,
20110906,-26.40357601124819,-6.586413421534248,,,,
20110907,-27.880632486449127,-7.168574800094517,,,,
20110908,-29.07208440575006,-7.639563869808285,,,,
20110909,-30.05128433891446,-8.081155401336618,,,,
20110913,-30.90524115700763,-8.371041787342639,,,,
20110914,-33.04772933399128,-8.847568158201486,,,,
20110915,-36.1925613589431,-9.454580047347825,,,,
20110916,-38.68098133988442,-9.907454348542712,,,,
20110919,-38.12556919404504,-9.513014962610015,,,,
20110920,-37.65838457301545,-18.61000438595544,,,,
20110921,-37.36719789170599,-26.12179631369396,,,,
20110922,-36.014758936420066,-29.048835152838514,,,,
20110923,-33.91230961237584,-29.956690487437786,,,,
20110926,-31.682537687131784,-29.664306625590722,,,,
20110927,-29.284216076137778,-28.44707708669962,,,,
20110928,-27.365481253724543,-27.423652790107973,,,,
20110929,-25.782018587324497,-26.608007736381214,,,,
20110930,-24.04082808522662,-25.636362554264775,,,,
20111010,-22.597091971474864,-24.840980570679765,,,,
20111011,-21.409635881316035,-24.181048165801975,,,,
20111012,-20.426797235322915,-23.612411854739964,,,,
20111013,-19.68230839439042,-23.19044296434803,,,,
20111014,-19.047914269823437,-22.804437976112858,,,,
20111017,-18.53668282729913,-22.490794941564168,,,,
20111018,-17.930706340191254,-22.079182826327738,,,,
20111019,-17.424619665321476,-21.732552015704503,,,,
20111020,-16.85995254654663,-21.303253602633955,,,,
20111021,-16.285511830782234,-20.8379494738294,,,,
20111024,-15.667947916510439,-20.209642871145274,,,,
20111025,-15.16606274992306,-19.691803672273775,,,,
20111026,-14.759610707869678,-19.269859082257977,,,,
20111027,-14.47898906857783,-19.086496437551716,,,,
20111028,-14.402724897391403,-19.175734524169943,,,,
20111031,-14.550899480856968,-19.77923265371074,,,,
20111101,-14.855573822770177,-20.781640718761647,,,,
20111102,-15.1048966772204,-21.602165330235735,,,,
20111103,-15.324258946751344,-22.266233570041503,,,,
20111104,-15.659509131303759,-22.979216429075986,,,,
20111107,-15.960732714586214,-23.585854818773182,,,,
20111108,-16.408935811431057,-24.06964210133036,,,,
20111109,-16.556281465098337,-25.81123201843686,,,,
20111110,-11.891230301422956,-19.786635755453904,,,,
20111111,-12.055026996414638,-20.288258413223176,,,,
20111114,-10.941929987237605,-20.238387357029794,,,,
20111115,-12.710332994051992,-20.34508015198698,,,,
20111116,-13.657830035440044,-20.424153651470835,,,,
20111117,-14.814067131014724,-20.9114049992921,,,,
20111118,-15.837606055150395,-21.379314732110714,,,,
20111121,-17.15948583699497,-22.635443547383804,,,,
20111122,-18.241196731708595,-23.667492916297565,,,,
20111123,-19.12311477873427,-24.50053850726792,,,,
20111124,-19.884307267957645,-25.186559060629143,,,,
20111125,-20.56397570334013,-25.957356576946168,,,,
20111128,-20.990448153380104,-26.457788993050563,,,,
20111129,-21.334100999639716,-26.869855790301983,,,,
20111130,-21.60019645901789,-27.186472728467674,,,,
20111201,-21.500395140310335,-27.200229162945618,,,,
20111202,-21.61106657217571,-27.397871906447357,,,,
20111205,-21.73670354403128,-27.56537428177318,,,,
20111206,-21.83721983629378,-27.709107933401846,,,,
20111207,-21.917006033467125,-27.780171085549558,,,,
20111208,-23.269581509662622,-29.427176110545492,,,,
20111209,-24.40052103133512,-30.864983708378258,,,,
20111212,-26.564499139614355,-34.29992145647783,,,,
20111213,-28.211940200792498,-37.30514347710005,,,,
20111214,-29.19843643374905,-39.39711363186781,,,,
20111215,-29.8816670840983,-40.78090056085997,,,,
20111216,-30.366122998398538,-41.60350810221488,,,,
20111219,-30.73625379421632,-42.111890113582966,,,,
20111220,-31.041593351298527,-42.527839031975034,,,,
20111221,-31.26457658661169,-42.89888191303726,,,,
20111222,-31.44784595706849,-43.21847612655216,,,,
20111223,-31.652633753548194,-43.32867723145782,,,,
20111226,-31.805346636369208,-43.53496831955997,,,,
20111227,-31.931680039613028,-43.65597714264165,,,,
20111228,-32.05621061680153,-43.94961188996598,,,,
20111229,-34.53730160913227,-45.85612007294044,,,,
20111230,-36.01263546087858,-44.50776523248306,,,,
20120104,-37.22121723713643,-38.704604147841025,,,,
20120105,-38.096392258156015,-41.13431351546872,,,,
20120106,-38.97792510603242,-33.276902599846316,,,,
20120109,-39.67553544940229,-26.85013095236619,,,,
20120110,-39.964431597197375,-21.596447187472474,,,,
20120111,-40.00599935088808,-17.30009415262545,,,,
20120112,-40.180221292537105,-13.780115813590871,,,,
20120113,-41.207123727798134,-10.884002189447221,,,,
20120116,-42.69888724310622,-8.46960924536571,,,,
20120117,-44.03976576737006,-6.480757030246869,,,,
20120118,-45.54138628712212,-4.814794193879868,,,,
20120119,-46.63753566949434,-3.4892654326469206,,,,
20120120,-47.368812065332776,-2.408123241844808,,,,
20120130,-48.029048338350506,-1.5242264365134843,,,,
20120131,-48.60209648199559,-0.7893946068814947,,,,
20120201,-49.918757648434955,-0.14575880424358711,,,,
20120202,-50.83630427122741,0.3746897908995015,,,,
20120203,-51.557361693442495,0.8001720589979586,,,,
20120206,-52.699501319350134,1.171444060989845,,,,
20120207,-53.16239207445418,1.4393333437073845,,,,
20120208,-53.19083915059438,1.6402197761976118,,,,
20120209,-52.83235186486464,1.7752975736051548,,,,
20120210,-52.94773738543503,1.8974290632018245,,,,
20120213,-52.64635662346413,2.0065243518703295,,,,
20120214,-52.11504758440958,2.0618566321710565,,,,
20120215,-51.83503900528869,2.1077800472410533,,,,
20120216,-50.58483192391812,2.0957849196766185,,,,
20120217,-49.62044982980779,2.089181865684454,,,,
20120220,-48.85802744517318,2.0839700391831655,,,,
20120221,-48.35905691063049,2.091956644239587,,,,
20120222,-47.94841993660384,2.1052331776309505,,,,
20120223,-47.777215472813175,2.1495106221702724,,,,
20120224,-47.934670402819386,2.1900599060667543,,,,
20120227,-47.93818928310804,2.210065833030054,,,,
20120228,-47.81713671014333,2.20963534805362,,,,
20120229,-48.497377082060595,2.226559118920823,,,,
20120301,-48.72234730080533,2.210667259866473,,,,
20120302,-48.59514363997508,2.18585628889613,,,,
20120305,-49.01979292637573,2.167495642802584,,,,
20120306,-49.069792948271484,2.1460364564146928,,,,
20120307,-49.45348335836363,2.120337433680665,,,,
20120308,-49.60673452176009,2.0897734537601536,,,,
20120309,-49.41140348789192,2.0542913570053054,,,,
20120312,-49.360987347110445,2.0256800926339467,,,,
20120313,-49.33646176950131,2.011599833219513,,,,
20120314,-49.1430568845133,1.9934117559901632,,,,
20120315,-50.16413555498981,2.0132890979255147,,,,
20120316,-50.917171289482155,2.0196761229120734,,,,
20120319,-51.37514093904472,2.0157847741984414,,,,
20120320,-52.11598768072821,2.0196762613524153,,,,
20120321,-52.69976729609627,2.0159326030154143,,,,
20120322,-52.68574696547224,2.0115013973687748,,,,
20120323,-52.6488042751893,2.012274261137679,,,,
20120326,-52.69792792968035,2.0242145336576676,,,,
20120327,-52.827705242075396,2.0511698123817093,,,,
20120328,-52.69566144780415,2.0672904226877966,,,,
20120329,-53.016712463706426,2.105470501245764,,,,
20120330,-53.635790898795584,2.128898494430777,,,,
20120405,-54.14364327055808,2.1493410684755463,,,,
20120406,-54.58102673424117,2.1737595638142246,,,,
20120409,-55.8133147990714,2.235888440947008,,,,
20120410,-57.075336023316815,2.3175863965865706,,,,
20120411,-57.98207876291454,2.4007270566357675,,,,
20120412,-58.07680684019737,2.42052834024733,,,,
20120413,-58.619795873283245,2.44630648978174,,,,
20120416,-58.656274454715124,2.4635544436952554,,,,
20120417,-58.63767991819467,2.4787022411906996,,,,
20120418,-58.30803613268607,2.498884146947331,,,,
20120419,-58.102915459816316,2.5290223671591874,,,,
20120420,-57.87306363021453,2.546498529144283,,,,
20120423,-57.70639799958745,2.5765094666975688,,,,
20120424,-58.216467061126686,2.6159741405514207,,,,
20120425,-58.68100177448737,2.6482040062774037,,,,
20120426,-59.31736174704689,2.6731218857300503,,,,
20120427,-60.30553255691285,2.695532216983946,,,,
20120502,-61.76918379316292,2.7302943744068675,,,,
20120503,-62.77685785006192,2.7520531155094847,,,,
20120504,-63.86297315339819,2.8063550964914277,,,,
20120507,-64.23855216517842,2.840308025386308,,,,
20120508,-65.66843956917323,2.9006178233261406,,,,
20120509,-66.50234506097557,2.964893771470365,,,,
20120510,-67.1937032711539,3.0174392069527234,,,,
20120511,-67.93275578459148,3.0956390599561554,,,,
20120514,-69.24997323821749,3.262025252249745,,,,
20120515,-70.14053386598127,3.4122802160211134,,,,
20120516,-71.4272040194818,3.411399312949761,,,,
20120517,-71.84508362491874,3.4071303902364956,,,,
20120518,-73.25641409665704,3.3796747502351834,,,,
20120521,-73.37064228055023,3.2945266880822963,,,,
20120522,-73.66412025575977,3.238800285068815,,,,
20120523,-73.11031712920374,3.1809066621722817,,,,
20120524,-72.70169587069593,3.1235799699538944,,,,
20120525,-72.27811031448644,3.073968179296952,,,,
20120528,-70.76151421226578,3.006880138072639,,,,
20120529,-69.4903037097783,2.9518084149272923,,,,
20120530,-68.57183667705631,2.9287406366820306,,,,
20120531,-67.95793659618273,2.9134718241486826,,,,
20120601,-67.50004513736984,2.894663735347282,,,,
20120604,-66.65358964424074,2.85330859017859,,,,
20120605,-65.38016471747403,2.7817047105449175,,,,
20120606,-63.99798199296986,2.7226411803080905,,,,
20120607,-62.79279889035468,2.6743310767557054,,,,
20120608,-62.27126496973722,2.6350759163438955,,,,
20120611,-61.503459517389345,2.5909061861854505,,,,
20120612,-60.722733834193356,2.5527306456482837,,,,
20120613,-60.410935713879894,2.5730962756435503,,,,
20120614,-60.39460912818555,2.5927842979083264,,,,
20120615,-60.23218263368447,2.6378954847032996,,,,
20120618,-60.350882544714416,2.716690158182542,,,,
20120619,-60.22590787490903,2.754390871710735,,,,
20120620,-60.75523813035902,2.803394048962122,,,,
20120621,-59.63431367023432,2.8084956332304247,,,,
20120625,-58.68616418136208,2.805339090108026,,,,
20120626,-57.9222937945659,2.754172118352552,,,,
20120627,-57.32458530135206,2.71237880756864,,,,
20120628,-56.666549496498014,2.658550625459161,,,,
20120629,-55.38641535034386,2.601245182786243,,,,
20120702,-54.22957881663332,2.54092758337429,,,,
20120703,-53.5355035305399,2.484330031205587,,,,
20120704,-53.138799057889415,2.4551750343386756,,,,
20120705,-53.00600124153851,2.4299559986025505,,,,
20120706,-52.85916467506706,2.406469203209277,,,,
20120709,-52.71478964845998,2.3826629672411594,,,,
20120710,-53.012814605748794,2.3703572968618536,,,,
20120711,-53.44763214587373,2.3637369675205626,,,,
20120712,-53.87083827842336,2.3583500613077995,,,,
20120713,-53.94051194451883,2.349052742253651,,,,
20120716,-54.28920763081904,2.351689230274429,,,,
20120717,-54.664280409796135,2.3547707590712226,,,,
20120718,-55.17264718519444,2.373401224530369,,,,
20120719,-55.639392291930456,2.388626801849645,,,,
20120720,-57.507496765552766,2.430234019445076,,,,
20120723,-57.81911716537335,2.4387172133474344,,,,
20120724,-59.302057019081495,2.5650350804597277,,,,
20120725,-59.819194118602,2.615596253474626,,,,
20120726,-60.30796426698845,2.671051485874851,,,,
20120727,-61.39786550767622,2.6820368462789865,,,,
20120730,-62.533176556171505,2.7053331163903316,,,,
20120731,-64.12859070961221,2.7762917544895607,,,,
20120801,-65.12326420245057,2.8285459271408007,,,,
20120802,-65.9536949212645,2.8574355215108325,,,,
20120803,-66.9236348281575,2.8841670456856474,,,,
20120806,-67.55742361825286,2.8941125755358867,,,,
20120807,-68.13411261725437,2.9010549907694485,,,,
20120808,-68.55700357904516,2.906867419245597,,,,
20120809,-68.54407668353572,2.8944793589158397,,,,
20120810,-68.4221134169249,2.884934054246648,,,,
20120813,-68.29124449994264,2.8747320827697775,,,,
20120814,-68.10486871743826,12.652754292020637,,,,
20120815,-67.93477043041665,15.809695142349494,,,,
20120816,-66.87717510871201,13.733211590198623,,,,
20120817,-65.79289890827457,-0.7668107911746959,,,,
20120820,-66.04623032994094,3.0077707069855104,,,,
20120821,-66.16499234001631,15.534578942760687,,,,
20120822,-67.26890846002853,12.490653171997035,,,,
20120823,-67.7877160415684,3.8161045178256487,,,,
20120824,-69.07116200401552,-1.036667269144803,,,,
20120827,-69.53057735213646,-10.126293317579735,,,,
20120828,-69.98677320799686,-9.699226048109267,,,,
20120829,-70.78130978478289,9.033119386994203,,,,
20120830,-71.5005335477781,3.5773097493497694,,,,
20120831,-71.6459298857502,-10.784099507824887,,,,
20120903,-71.2265132737283,-26.717010299183283,,,,
20120904,-70.88997106651993,-11.693021377537194,,,,
20120905,-70.53102954752087,-22.220672347268223,,,,
20120906,-69.79438702057874,-7.737744406504514,,,,
20120907,-69.83750520107449,-3.9024731718280363,,,,
20120910,-67.93922557212983,-5.537134758850979,,,,
20120911,-66.34511389976402,6.43970288452315,,,,
20120912,-65.0569806361215,3.509871413727632,,,,
20120913,-64.35376176739668,-11.954059531056714,,,,
20120914,-61.03876906392725,-10.561269948975596,,,,
20120917,-58.282576570416644,-10.02869623322119,,,,
20120918,-55.86813247166971,-15.465727557106215,,,,
20120919,-53.77915479405562,-16.96201884942129,,,,
20120920,-51.44312033753308,-25.462657599210946,,,,
20120921,-49.5233267449546,-27.566609407093946,,,,
20120924,-47.72447838102619,-25.054409516517055,,,,
20120925,-46.30368945519221,-29.383276725000876,,,,
20120926,-45.140932790854414,-24.55032213581421,,,,
20120927,-44.191028703842996,-13.683475199956131,,,,
20120928,-43.50859745575594,-19.148414092198276,,,,
20121008,-42.58587583387042,-24.668707779023784,,,,
20121009,-41.831420519127576,-27.293969751131378,,,,
20121010,-41.07987537331973,-24.637047528056907,,,,
20121011,-40.52066431095291,-10.175090990921118,,,,
20121012,-40.076855123253715,1.677312714577867,,,,
20121015,-40.257052755559016,14.201532625185298,,,,
20121016,-40.39855528906347,24.418836562245108,,,,
20121017,-40.59214528561928,32.73206336954358,,,,
20121018,-40.87486838230999,39.27828112573952,,,,
20121019,-44.109276041277965,48.81234409536789,,,,
20121022,-46.81378261985876,56.85752034101147,,,,
20121023,-48.74350942506136,62.01561340708213,,,,
20121024,-50.96302228395232,67.48782333595601,,,,
20121025,-53.913546444707116,72.56027767493462,,,,
20121026,-56.30204531405882,77.45474915169645,,,,
20121029,-58.52139241644922,81.15424797725728,,,,
20121030,-60.440488287062735,84.7767487837054,,,,
20121031,-61.38422232957197,86.71732096351464,,,,
20121101,-62.167537219841236,88.1236269389881,,,,
20121102,-63.49233501280887,89.96186816113362,,,,
20121105,-65.84489243498194,91.41100898199561,,,,
20121106,-67.36774905052144,91.08556775579197,,,,
20121107,-68.42440611224637,90.90037030605033,,,,
20121108,-69.3724519229953,90.86795377636507,,,,
20121109,-69.98998675049114,90.73025962510098,,,,
20121112,-70.39615749016984,90.30311132696066,,,,
20121113,-70.17386297616282,89.72135922490554,,,,
20121114,-69.82785849190834,88.88069727630558,,,,
20121115,-69.77313820026669,88.8439814681402,,,,
20121116,-70.17861028023285,89.59321749463449,,,,
20121119,-70.83550138673316,90.40813103410419,,,,
20121120,-72.62731098199356,93.9503434178349,,,,
20121121,-74.32778470204505,96.7004610542745,,,,
20121122,-75.66528064666758,98.98812260609115,,,,
20121123,-79.89275771063183,103.35189535022513,,,,
20121126,-82.94274198697234,106.92496278923804,,,,
20121127,-85.49037864320994,109.79688898676947,,,,
20121128,-88.2847091829451,113.29686335195976,,,,
20121129,-90.31502367284943,116.36554880629876,,,,
20121130,-87.99229571572937,118.23180271020134,,,,
20121203,-86.71985650025697,121.60726135444544,,,,
20121204,-84.75139052855498,124.12229898921855,,,,
20121205,-83.47854104586959,124.35196657746825,,,,
20121206,-82.44700073963251,124.30303091998455,,,,
20121207,-81.51559451910651,124.04442488381623,,,,
20121210,-81.0989428605856,126.51255533519537,,,,
20121211,-80.99350576883177,128.94975305501654,,,,
20121212,-81.15049730517336,132.17993233644967,,,,
20121213,-80.80774600459766,134.77579524944045,,,,
20121214,-80.58304496480207,137.28002911610366,,,,
20121217,-80.33111771653317,139.21501708689775,,,,
20121218,-79.90101495030174,140.74624859733143,,,,
20121219,-79.32590027236105,142.55310990100577,,,,
20121220,-78.50368657448897,143.99656967441962,,,,
20121221,-77.8755008190536,145.17844765809113,,,,
20121224,-77.31503611104901,146.56165708882295,,,,
20121225,-76.84281207421617,147.712611153091,,,,
20121226,-76.57025082216919,148.5458569124681,,,,
20121227,-76.2437187920549,149.149531676793,,,,
20121228,-79.81297052653345,150.78045433365278,,,,
20121231,-82.71738573756795,152.1497149428943,,,,
20130104,-86.90947189052348,160.23972356305305,,,,
20130107,-88.46183546242324,172.19812843072725,,,,
20130108,-89.73641541709287,184.2621440309843,,,,
20130109,-91.28212494676656,197.48332600414025,,,,
20130110,-93.05379841116952,204.20149716202928,,,,
20130111,-94.27432558604828,211.68657289771505,,,,
20130114,-95.29438772245186,214.0497736077879,,,,
20130115,-92.44774979091325,207.40019945081283,,,,
20130116,-90.19644806009524,201.37320142220204,,,,
20130117,-88.6810602706407,195.51942262209994,,,,
20130118,-86.41317742439446,187.73966530251244,,,,
20130121,-84.68456605331237,181.13313233351604,,,,
20130122,-82.95634508847095,174.4070786415842,,,,
20130123,-81.43381023620273,168.41269909001875,,,,
20130124,-80.385361822404,163.44759288315973,,,,
20130125,-78.69252229105041,156.71414022416536,,,,
20130128,-77.22354342633474,150.272362088849,,,,
20130129,-76.1970704866872,144.82295845802946,,,,
20130130,-74.4301596730813,139.7455357932761,,,,
20130131,-72.1519807128115,134.92492926870597,,,,
20130201,-70.02722747557685,130.84984914772332,,,,
20130204,-68.73104316626187,128.13397166240625,,,,
20130205,-67.06342824235364,125.41931683894796,,,,
20130206,-65.66403059774294,122.9411782660749,,,,
20130207,-64.37222577999438,121.26878415070934,,,,
20130208,-63.424545570597935,119.6540084848607,,,,
20130218,-62.382072945387726,118.6155490379289,,,,
20130219,-63.23095004927372,119.91909318546888,,,,
20130220,-63.451173468699494,121.16572469401669,,,,
20130221,-61.68642677793066,117.34902265027131,,,,
20130222,-60.48446051258956,114.422124254732,,,,
20130225,-59.242411572257915,111.84327019675236,,,,
20130226,-58.404434177178686,107.80281244126401,,,,
20130227,-57.56744921417984,104.38545724648151,,,,
20130228,-56.95686181089846,101.57008928283415,,,,
20130301,-56.369295507802775,99.71369024414047,,,,
20130304,-55.6498145466048,98.13517270409024,,,,
20130305,-54.97427148895784,96.96035246368166,,,,
20130306,-54.90806079601565,96.59378542189963,,,,
20130307,-55.78012788503951,96.91083905138906,,,,
20130308,-56.36510048890732,96.54968119524024,,,,
20130311,-57.25766098107534,96.53550987609664,,,,
20130312,-58.303119668743975,96.62216452823105,,,,
20130313,-58.602714948586076,96.37422129373253,,,,
20130314,-58.95358135921306,96.16886615834565,,,,
20130315,-59.140187038743726,96.31142698786498,,,,
20130318,-57.030590092909925,94.17006873506966,,,,
20130319,-55.35858806959633,92.19602344033298,,,,
20130320,-54.3508892365498,90.35454253999735,,,,
20130321,-54.23760116616276,90.32789953668723,,,,
20130322,-54.267123862107574,90.7523794321662,,,,
20130325,-54.26962977151695,90.75090086308758,,,,
20130326,-54.26618763924768,92.5953977748759,,,,
20130327,-54.486666788149314,94.08513862910526,,,,
20130328,-54.68430261034106,95.2905028483285,,,,
20130329,-55.16400672761369,96.80593288927552,,,,
20130401,-55.6035289965834,98.36429160218862,,,,
20130402,-56.02874133515612,98.87311652139955,,,,
20130403,-56.193790105993855,98.77400769951483,,,,
20130408,-55.700923308267846,98.35815285205466,,,,
20130409,-54.97157378115036,98.0039888573228,,,,
20130410,-54.45492218818451,97.81617779045914,,,,
20130411,-53.99818724852346,97.67625280105345,,,,
20130412,-53.906694890591446,97.73055500314857,,,,
20130415,-52.84101421158659,92.35096689414597,,,,
20130416,-51.802860991965844,87.92359455794497,,,,
20130417,-53.399851420813,85.40660688110961,,,,
20130418,-53.57950463532681,81.06597449244107,,,,
20130419,-52.65049316093186,76.12991532126289,,,,
20130422,-51.91233536769995,71.97983147744971,,,,
20130423,-51.27556575908226,68.58864346347735,,,,
20130424,-50.716165170024574,65.6685007798973,,,,
20130425,-50.178872088411836,63.16655203157063,,,,
20130426,-49.84455885146969,61.175337512391444,,,,
20130502,-48.556731122147475,59.071370389801935,,,,
20130503,-47.45739642343605,57.19270206900839,,,,
20130506,-46.40156525441499,55.445499001923544,,,,
20130507,-45.499359593353596,54.07766151433026,,,,
20130508,-44.8356242887094,53.00534494351168,,,,
20130509,-44.45239115889592,52.20116172018904,,,,
20130510,-44.307824324684724,51.568613226302716,,,,
20130513,-44.18024233225697,51.05994984159889,,,,
20130514,-44.036891029541046,50.64411927031069,,,,
20130515,-43.883695186681656,50.302801983318936,,,,
20130516,-44.57592462178139,51.580154440508906,,,,
20130517,-45.24017188335463,52.62032170004911,,,,
20130520,-45.739053312695184,53.548242025749815,,,,
20130521,-46.949482797258,56.97400683260079,,,,
20130522,-49.11274235881713,19.375182883868835,,,,
20130523,-50.745574932549445,-8.859860720095458,,,,
20130524,-51.82507935858216,-22.37855727667112,,,,
20130527,-52.86531136762513,-34.3336616160964,,,,
20130528,-53.849395951118446,-44.38103551804526,,,,
20130529,-54.728045157345505,-52.564022788612505,,,,
20130530,-57.93167858570874,-66.91181758243724,,,,
20130531,-60.5389740092672,-78.90520057086604,,,,
20130603,-63.524075380452274,-90.58882325699392,,,,
20130604,-66.20984413278026,-100.29570445773028,,,,
20130605,-68.37832407986653,-106.31350366432024,,,,
20130606,-70.41166346522749,-110.2668259165722,,,,
20130607,-72.13555952124642,-113.47422057011184,,,,
20130613,-71.12906441569476,-111.46305357575449,,,,
20130614,-70.61536454217527,-109.76918748067081,,,,
20130617,-70.39474592986032,-108.4421411447807,,,,
20130618,-70.06050899363329,-107.3137168941433,,,,
20130619,-69.95854247787652,-106.28633846407368,,,,
20130620,-69.307672875702,-102.46424375323227,,,,
20130621,-68.85404516858512,-99.4303632088206,,,,
20130624,-68.11333806182647,-97.05489176398655,,,,
20130625,-67.56200759279237,-95.74983689268284,,,,
20130626,-67.49376420388008,-94.76282625777546,,,,
20130627,-67.08473965716034,-93.51397396737347,,,,
20130628,-66.75008320984419,-92.42787922180561,,,,
20130701,-66.12561039858969,-91.43995681044215,,,,
20130702,-66.07989632215639,-86.13120649382145,,,,
20130703,-66.18234709398612,-80.12376978103703,,,,
20130704,-66.53746326201464,-75.35919656096132,,,,
20130705,-66.89336277266779,-71.43888009343297,,,,
20130708,-67.78219872143434,-68.45606309817326,,,,
20130709,-68.07881832249183,-66.03140253092987,,,,
20130710,-68.26397228877721,-64.04081563780102,,,,
20130711,-68.9822917767085,-62.62830743439438,,,,
20130712,-69.10454610444495,-61.45134606364023,,,,
20130715,-69.26135874807194,-60.48829563460727,,,,
20130716,-69.53312580462193,-59.697558230537155,,,,
20130717,-69.46835398532174,-59.10236106321909,,,,
20130718,-69.82878001626773,-59.24006774131965,,,,
20130719,-70.20405094850919,-59.35038731576596,,,,
20130722,-71.09472475877418,-59.45455340084376,,,,
20130723,-72.10551869503381,-59.53975457491436,,,,
20130724,-73.20093211390426,-59.62356859906066,,,,
20130725,-74.41733847543355,-59.79828281496456,,,,
20130726,-75.01272520427706,-59.96586139499459,,,,
20130729,-75.7464432992089,-60.03771177939134,,,,
20130730,-76.71357865748816,-64.89416183567398,,,,
20130731,-77.4744945028868,-82.3300808478394,,,,
20130801,-78.37307691388202,7.047315743622773,,,,
20130802,-79.36541044586781,65.63808172967332,,,,
20130805,-80.0015283795135,31.067251690655347,,,,
20130806,-81.01924075780418,54.674815494181914,,,,
20130807,-81.77800790295606,51.41736376617336,,,,
20130808,-85.41002538096134,112.65032764295519,,,,
20130809,-89.12404523040532,92.45252968056903,,,,
20130812,-89.09237463259132,248.29117593974598,,,,
20130813,-89.00245058833373,232.39979104346187,,,,
20130814,-89.30130492867752,170.0624857950989,,,,
20130815,-90.57715333327626,173.57387223140066,,,,
20130816,-88.93038911677044,139.06348572931614,,,,
20130819,-88.04391057605518,111.92718476754801,,,,
20130820,-85.35345685528628,98.73694244028971,,,,
20130821,-83.07091993822131,83.96512080295417,,,,
20130822,-81.17194623078379,74.15569530311409,,,,
20130823,-79.79312078869454,47.95252124156153,,,,
20130826,-78.9047868505919,28.46414498321182,,,,
20130827,-78.05451356215966,12.921017496439775,,,,
20130828,-76.92955135787074,9.718026753335593,,,,
20130829,-75.69577871597313,2.0576162931377038,,,,
20130830,-74.1372453907207,22.261341961196248,,,,
20130902,-72.8280158327237,43.90865197868787,,,,
20130903,-71.60845253616394,41.46562116314931,,,,
20130904,-70.5268037899982,65.86188524896919,,,,
20130905,-69.56059006332961,88.84601873846331,,,,
20130906,-68.87499649937595,87.39979710314876,,,,
20130909,-69.1599990690424,96.99953355038255,,,,
20130910,-69.0987765259523,88.10478110431704,,,,
20130911,-69.11002161973992,115.11796511224455,,,,
20130912,-69.14114899367861,110.57874214463286,,,,
20130913,-70.80595502278548,167.09122745824794,,,,
20130916,-71.76563026431266,178.55967646577983,,,,
20130917,-73.80344913137468,299.1238425928398,,,,
20130918,-75.82908787831101,278.6038020771264,,,,
20130923,-77.70736240440796,323.501509751005,,,,
20130924,-79.2723856079583,290.65791235742347,,,,
20130925,-81.43321526257272,264.4709669079943,,,,
20130926,-83.2187970845862,222.03166859220315,,,,
20130927,-84.98961349581445,179.42966180227205,,,,
20130930,-86.1506521534319,136.0412165534836,,,,
20131008,-87.38348920556255,101.96388586127773,,,,
20131009,-89.22521955051856,71.4753921397513,,,,
20131010,-90.70792144801327,53.32105204479605,,,,
20131011,-91.56755283601106,57.828385788633526,,,,
20131014,-93.30054692862936,48.258386047013666,,,,
20131015,-94.7146698566356,32.65895873876489,,,,
20131016,-96.92923019500373,34.27494129867856,,,,
20131017,-99.9723329147488,31.690596795966453,,,,
20131018,-102.12344688881974,35.4799869235976,,,,
20131021,-102.5568873822147,37.72703094479963,,,,
20131022,-104.04843895133193,49.21333098386035,,,,
20131023,-107.80138217937316,44.20828022428123,,,,
20131024,-110.6072354579294,25.344408445458836,,,,
20131025,-111.96097473993433,10.459100895731796,,,,
20131028,-111.71329257524616,18.367279960866142,,,,
20131029,-111.16696933125789,25.661739610068555,,,,
20131030,-110.70075390635733,8.801104237458285,,,,
20131031,-106.97601060862297,13.555040564244532,,,,
20131101,-103.63317948921252,-3.052127680146116,,,,
20131104,-100.90384541711737,-5.355938972691622,,,,
20131105,-99.40864248727402,-6.882384002839932,,,,
20131106,-98.17813209959104,-15.56862076372205,,,,
20131107,-97.34809749041128,-29.245390040769205,,,,
20131108,-97.30832029828352,-42.436082746047354,,,,
20131111,-97.31354331436647,-53.49046005531562,,,,
20131112,-97.00136084943496,-57.315322872707846,,,,
20131113,-96.35153898998661,-59.69923286189078,,,,
20131114,-95.5781316336133,-61.74265521853449,,,,
20131115,-95.20799774346091,-64.80486772343042,,,,
20131118,-97.04060707280017,-68.01653519528973,,,,
20131119,-98.11467151493193,-69.79863830927866,,,,
20131120,-92.24200546994985,-69.79700653355246,,,,
20131121,-87.5034522576686,-69.69162806184836,,,,
20131122,-91.7815178170253,-69.5551326945862,,,,
20131125,-94.77015712092003,-70.97019634548177,,,,
20131126,-98.39089690164298,-72.24395524930719,,,,
20131127,-100.48998906766568,-73.26615657727888,,,,
20131128,-88.40835584932802,-74.46246141752158,,,,
20131129,-79.67494798835422,-76.06425708457745,,,,
20131202,-92.76750106007437,-77.22001387140955,,,,
20131203,-100.3722412638073,-77.76783132717854,,,,
20131204,-113.44019508623212,-77.73970138159322,,,,
20131205,-111.04218148801695,-77.52241766215863,,,,
20131206,-120.55103436360541,-77.31136558133225,,,,
20131209,-124.29465613990162,-77.1280086039224,,,,
20131210,-87.95172962955472,-77.3180899602722,,,,
20131211,-54.19993071631145,-78.56084800503398,,,,
20131212,-38.727409062055656,-79.25243232719215,,,,
20131213,-18.343120431295453,-79.70663176522028,,,,
20131216,-14.99196797902572,-79.51526280942893,,,,
20131217,-12.248665257959033,-77.57104988209493,,,,
20131218,-10.003329168204566,-76.28860997871504,,,,
20131219,-8.165382625048192,-75.35659700898526,,,,
20131220,-6.661928044443606,-74.08225542442497,,,,
20131223,-5.431972359572457,-73.28545237745008,,,,
20131224,-4.4268207525508885,-72.65879285389036,,,,
20131225,-3.60598219200212,-72.08716257182346,,,,
20131226,-2.938070923456245,-71.21944868276391,,,,
20131227,-2.3915354063852474,-70.54417994929145,,,,
20131230,-1.9444018168600599,-69.98444025830722,,,,
20131231,-1.578829215124085,-69.56205960835958,,,,
20140102,-1.2800714119021186,-69.10243205798179,,,,
20140103,-1.0373439499121027,-67.37299051041394,,,,
20140106,-0.839288135337898,-65.50809773217185,,,,
20140107,-0.6772889855862642,-63.92740160200046,,,,
20140108,-0.5444207755649866,-62.71676808941377,,,,
20140109,-0.43585420196703123,-60.87354079255497,,,,
20140110,-0.34693447275593725,-59.5121029473324,,,,
20140113,-0.27401599341481736,-58.41944301619475,,,,
20140114,-0.21460576155408473,-57.67547612098305,,,,
20140115,-0.16606541731727795,-59.34571705757094,,,,
20140116,-0.1265748687972491,-60.73791193923664,,,,
20140117,-0.09426770880676925,-61.981182576071845,,,,
20140120,-0.06779781332223073,-63.581352406701605,,,,
20140121,-0.0461257634670407,-64.0685020705189,,,,
20140122,-0.028392285931873453,-64.12704809382073,,,,
20140123,-0.013313969204510322,-64.2577695179548,,,,
20140124,0.00012347429031827297,-64.53498180963449,,,,
20140127,0.010647044057522877,-64.84031487767464,,,,
20140128,0.019252153435941492,-65.2224731565258,,,,
20140129,0.026423226235024005,-65.56148705418205,,,,
20140130,0.032844081199112286,-66.33595648666918,,,,
20140207,0.03974036210457527,-68.29413392597687,,,,
20140210,0.045678216182037976,-70.65592063573257,,,,
20140211,0.04984758647984403,-72.58791922916755,,,,
20140212,0.053217198385510506,-74.1511776405224,,,,
20140213,0.05638913440136278,-78.67368260870163,,,,
20140214,0.0591180229477464,-82.5094859567687,,,,
20140217,0.060644933638855106,-85.94468849623593,,,,
20140218,0.0626660955855267,-89.02172259378254,,,,
20140219,0.06369310611482451,-88.97534566613164,,,,
20140220,0.064427050203241,-88.11824241011976,,,,
20140221,0.06500104449064878,-87.42011012823043,,,,
20140224,0.0642250856820507,-86.17759801032093,,,,
20140225,0.06358592698663786,-86.76298632191099,,,,
20140226,0.06323840630526022,-88.27759318292316,,,,
20140227,0.06307035743745083,-90.23679668775316,,,,
20140228,0.06309449300296707,-92.11171836754663,,,,
20140303,0.0637293928976311,-92.73802957620002,,,,
20140304,0.06402623210814702,-92.9717972709365,,,,
20140305,0.0632055983728057,-92.13503662651098,,,,
20140306,0.06225666177412772,-89.22100020361242,,,,
20140307,0.06144793255507109,-86.58335175515461,,,,
20140310,0.05763383937051179,-82.14664626819129,,,,
20140311,0.05426622375472591,-77.30052901235048,,,,
20140312,0.05152944984233216,-73.0222171190261,,,,
20140313,0.049219417531363045,-69.28517766610582,,,,
20140314,0.04733699900579374,-66.16972351550132,,,,
20140317,0.04592831058547226,-63.6971303260675,,,,
20140318,0.04470871770719773,-61.452410166668145,,,,
20140319,0.04393852160010791,-60.06517628580596,,,,
20140320,0.04336046924522883,-59.08413969070919,,,,
20140321,0.04289715613614722,-58.270323611849456,,,,
20140324,0.042803654217679704,-57.93596970223206,,,,
20140325,0.042694481818866814,-57.59469063853938,,,,
20140326,0.04261575554524133,-57.282861133605174,,,,
20140327,0.04250672185690743,-57.01643035143605,,,,
20140328,0.042352469661062556,-56.53369520234993,,,,
20140331,0.04222504883125181,-56.22791401704675,,,,
20140401,0.04219764646077949,-56.01197968367952,,,,
20140402,0.04264119373385674,-56.19911390979173,,,,
20140403,0.043071743368856164,-57.22953057996006,,,,
20140404,0.04340309492194197,-58.15412155559143,,,,
20140408,0.0499687863436691,-61.75429845624094,,,,
20140409,0.05828538913557644,-68.07646352393091,,,,
20140410,0.06528286858797278,-75.44668489869366,,,,
20140411,0.07221797085561812,-83.36255608618603,,,,
20140414,0.07805539736496304,-89.65384457021364,,,,
20140415,0.08786387259430178,-94.69179561894882,,,,
20140416,0.09646038451003443,-100.27474832321855,,,,
20140417,0.10296306294087065,-103.98954851623841,,,,
20140418,0.10796647352314818,-106.96958897316456,,,,
20140421,0.11185729455525902,-109.27815652077601,,,,
20140422,0.11536907772187226,-110.50002757923883,,,,
20140423,0.11437274939063423,-110.25690769340298,,,,
20140424,0.11446496095941969,-109.99859354397492,,,,
20140425,0.11746291907105931,-110.44454609841257,,,,
20140428,0.11697863550753296,-112.06938369050056,,,,
20140429,0.11595422129010965,-114.47234175369641,,,,
20140430,0.1151128395740173,-117.02772158022145,,,,
20140505,0.11381944658499184,-119.3377581425284,,,,
20140506,0.11276084745657002,-121.21295648972851,,,,
20140507,0.11185537037836794,-122.73821622779607,,,,
20140508,0.10938997449752626,-122.10774807354676,,,,
20140509,0.10728094102645788,-121.30381965363435,,,,
20140512,0.10425267991426965,-119.32256990642078,,,,
20140513,0.10198998442797409,-118.51781057649066,,,,
20140514,0.10022372376346951,-117.05848825403207,,,,
20140515,0.09882082529139445,-115.83385845060532,,,,
20140516,0.09651595461030199,-113.87864186337241,,,,
20140519,0.09419514439126873,-111.42577429669778,,,,
20140520,0.09236381786779836,-109.11230856295039,,,,
20140521,0.09050460624264264,-106.68677741231093,,,,
20140522,0.08893017596970171,-105.19766491853902,,,,
20140523,0.08943540845949281,-104.42108053505711,,,,
20140526,0.08979730677538254,-103.78597433902154,,,,
20140527,0.09000229008632062,-103.00253817859236,,,,
20140528,0.091237053268097,-102.01970553317345,,,,
20140529,0.09014352293869292,-101.3561834804599,,,,
20140530,0.08918237045833148,-100.5264560045102,,,,
20140603,0.08870004887305391,-99.78969564753757,,,,
20140604,0.0882913942764432,-99.07810113627757,,,,
20140605,0.0879872025324585,-98.49588744524667,,,,
20140606,0.08889410969319733,-98.75076775941093,,,,
20140609,0.0875224837335719,-99.18668760194578,,,,
20140610,0.08698659817108119,-101.04174911124836,,,,
20140611,0.08273379106543373,-102.78679708324297,,,,
20140612,0.07834553318548958,-102.57443909623852,,,,
20140613,0.07401649265993479,-101.36740234223662,,,,
20140616,0.07072914378689722,-99.96882407148281,,,,
20140617,0.06799055049874199,-100.24368504410117,,,,
20140618,0.06569541408416293,-100.44694483678967,,,,
20140619,0.06395310774466029,-101.10526752825736,,,,
20140620,0.06167551862512073,-98.01836183119818,,,,
20140623,0.05979585734415479,-95.89520169453367,,,,
20140624,0.05792343011734635,-94.15632803817995,,,,
20140625,0.05643911962876252,-92.7852491787204,,,,
20140626,0.055149498514203796,-91.97075569148934,,,,
20140627,0.054742974935116366,-91.4125103529287,,,,
20140630,0.05389285008441981,-90.83375356853432,,,,
20140701,0.0531268536998068,-90.3989909523548,,,,
20140702,0.05097908648323112,-89.09838050915144,,,,
20140703,0.047711661642615505,-85.33091153807699,,,,
20140704,0.04504570460461703,-81.56282606715197,,,,
20140707,0.04259406284247915,-78.12632741511972,,,,
20140708,0.04010239683858852,-74.86620838379172,,,,
20140709,0.03824707125363185,-72.21016308891464,,,,
20140710,0.036826500330310936,-70.33228534861856,,,,
20140711,0.03577608047495144,-69.22090595683183,,,,
20140714,0.034864441377324265,-68.42919489769363,,,,
20140715,0.03401398634770156,-67.84079568148694,,,,
20140716,0.03329979343622049,-81.95905880229206,,,,
20140717,0.032707359554572095,-94.42600350975026,,,,
20140718,0.0323000659323241,-100.2651019079787,,,,
20140721,0.031942171182996665,-113.76515518239188,,,,
20140722,0.03161102138660498,-112.14110514972062,,,,
20140723,0.03130609497444282,-114.14201593137469,,,,
20140724,0.030968773224431156,-115.79019145678137,,,,
20140725,0.030575655522333454,-105.63385484122009,,,,
20140728,0.030288274182950162,-95.07528871943872,,,,
20140729,0.030033207439629388,-86.43265539309594,,,,
20140730,0.029035101070120767,-78.20009239381949,,,,
20140731,0.0287474000483691,-71.54718957322041,,,,
20140801,0.028493180554428094,-66.11533880159688,,,,
20140804,0.02847754763969395,-61.729362127788434,,,,
20140805,0.028798084477137255,-58.170506696762565,,,,
20140806,0.028896048196631986,-55.002348955392165,,,,
20140807,0.028998444065462932,-52.439992740850165,,,,
20140808,0.028670669840497955,-50.341971345189286,,,,
20140811,0.028482758690479094,-48.61244861434561,,,,
20140812,0.028433010052895443,-47.194403749995516,,,,
20140813,0.028271972352735448,-45.94388873725765,,,,
20140814,0.028077927615306246,-44.79580464236094,,,,
20140815,0.027920188559646536,-43.86068140949084,,,,
20140818,0.027863179103105144,-43.0904947562139,,,,
20140819,0.028012537996039862,-42.46699811343351,,,,
20140820,0.028080671525228914,-41.95429465371057,,,,
20140821,0.028109153955474805,-41.530754735770344,,,,
20140822,0.028454560504448882,-42.86456499270519,,,,
20140825,0.028695736303276542,-47.547177947318595,,,,
20140826,0.028720487881917493,-51.00272255638042,,,,
20140827,0.03036966585397618,-59.135071758117085,,,,
20140828,0.031742396383800685,-65.60168852492706,,,,
20140829,0.03278940083077249,-71.1569418495148,,,,
20140901,0.03365042532854749,-75.86129743225182,,,,
20140902,0.03400017448993809,-79.39535246653242,,,,
20140903,0.03445775967402135,-84.40866043261529,,,,
20140904,0.034528004663425246,-98.76814752340601,,,,
20140905,0.035558969960744966,-110.97372577675493,,,,
20140909,0.03464742046473457,-115.93277305654384,,,,
20140910,0.03358287623399847,-116.31696347819877,,,,
20140911,0.03275023683085339,-116.49302043777757,,,,
20140912,0.032028331600729855,-116.56648476040853,,,,
20140915,0.03140927645875839,-117.08835534062419,,,,
20140916,0.030884963348959515,-117.46913272166951,,,,
20140917,0.03037603285824462,-118.02630906988531,,,,
20140918,0.030029743283271702,-118.72208599225115,,,,
20140919,0.029775166923757822,-119.7268760340135,,,,
20140922,0.029195981266895172,-119.7980163383864,,,,
20140923,0.028615219298381823,-120.03433534954111,,,,
20140924,0.02806630662251268,-120.99517311702526,,,,
20140925,0.02762978825973507,-121.82686366452923,,,,
20140926,0.02725519504141384,-122.51668312849539,,,,
20140929,0.026970140131105845,-123.06305137418985,,,,
20140930,0.026362283531118486,-121.47724578955659,,,,
20141008,0.026082125236708362,-120.7064429033481,,,,
20141009,0.025828796153197348,-120.0384884568524,,,,
20141010,0.02559316468151866,-119.13766821958089,,,,
20141013,0.025333289203644905,-118.36743956163596,,,,
20141014,0.025769703615654425,-119.7257420963255,,,,
20141015,0.02647735832088248,-126.34020619179297,,,,
20141016,0.026474462785725225,-128.45380051197716,,,,
20141017,0.026511497344687492,-132.35376198236756,,,,
20141020,0.02652693981695423,-133.22809188230278,,,,
20141021,0.026515041038789263,-133.83652073004205,,,,
20141022,0.026458774736754828,-134.20773554898506,,,,
20141023,0.026314538608645865,-134.51428868449062,,,,
20141024,0.026198772193014867,-134.8246803601454,,,,
20141027,0.02658379717214477,-137.51886449354052,,,,
20141028,0.026961843783088805,-139.95742087052466,,,,
20141029,0.02744135872422065,-141.3513189371945,,,,
20141030,0.02783635673132357,-142.52025083028084,,,,
20141031,0.027860798286054294,-143.4100050867518,,,,
20141103,0.027825258537480118,-142.25907520483125,,,,
20141104,0.02824938348933114,-143.59345979990212,,,,
20141105,0.027578129609069243,-142.24397318604738,,,,
20141106,0.027073271603281462,-141.02036295813332,,,,
20141107,0.02674790124766742,-140.7583451447058,,,,
20141110,0.02643520310170639,-140.21933325488936,,,,
20141111,0.02616981148054219,-139.77850531379895,,,,
20141112,0.02597948864067598,-140.1502491112375,,,,
20141113,0.02642981069231187,-144.56638432780585,,,,
20141114,0.02675763927599452,-147.69180452957994,,,,
20141117,0.02701472548165768,-152.96745880276217,,,,
20141118,0.027304001089868017,-157.5151528010976,,,,
20141119,0.02759862924190443,-161.45078678599435,,,,
20141120,0.028127195056889705,-164.6698553246486,,,,
20141121,0.02843992837909857,-167.17463261515462,,,,
20141124,0.02874379996416499,-168.90430168605914,,,,
20141125,0.028964355437198424,-170.24275102899608,,,,
20141126,0.028982381462385055,-172.21682151942082,,,,
20141127,0.02899220143971535,-173.76111135221086,,,,
20141128,0.029316939408815905,-174.89867994016,,,,
20141201,0.029080702123888025,-176.29859633679908,,,,
20141202,0.02887489369498174,-177.42279493405505,,,,
20141203,0.030378412331780884,-185.198971452546,,,,
20141204,0.031381085663290544,-192.11888547704746,,,,
20141205,0.032403118979996676,-196.4904407657923,,,,
20141208,0.03357214530469106,-201.02661972647962,,,,
20141209,0.03453336943179513,-204.75013678835572,,,,
20141210,0.03531131261509861,-205.10149875923307,,,,
20141211,0.03562262711051492,-204.77955034098454,,,,
20141212,0.036009950526893056,-199.6176492939303,,,,
20141215,0.03635735514123143,-196.33336899055166,,,,
20141216,0.03646708094521356,-190.39466070208871,,,,
20141217,0.0365143812693865,-173.8078862895509,,,,
20141218,0.03579538150228638,-157.3760562361904,,,,
20141219,0.034831978594629574,-141.77185978935245,,,,
20141222,0.03389694744587094,-129.1804435242307,,,,
20141223,0.03320819600008904,-118.98311804825592,,,,
20141224,0.03274993391206808,-109.9747770014755,,,,
20141225,0.03239982704114663,-102.59106715304814,,,,
20141226,0.032157410998983886,-96.52298641158656,,,,
20141229,0.03269989726142293,-91.46038103448849,,,,
20141230,0.033362127744549434,-87.5726441413178,,,,
20141231,0.032951152123004854,-83.60211449449508,,,,
20150105,0.03274259611633225,-80.39765608510874,,,,
20150106,0.03257113032693534,-77.73954333537814,,,,
20150107,0.032399289347357384,-75.60348276917964,,,,
20150108,0.032132301768784004,-73.8206054256576,,,,
20150109,0.03192025380114143,-72.34027727114942,,,,
20150112,0.031949097979732825,-71.1266906890911,,,,
20150113,-4.4877113065726055,-70.10101542109555,,,,
20150114,20.512540115849497,-68.07523991906318,,,,
20150115,34.28421699897639,-65.09627386397914,,,,
20150116,30.661910044800962,-63.59974056964909,,,,
20150119,27.5901476324371,-62.55429022795311,,,,
20150120,19.29248862567782,-62.32853070259933,,,,
20150121,13.484970321897816,-62.081229417665234,,,,
20150122,15.535898977804068,-61.889396961655684,,,,
20150123,14.907030792609115,-61.79805771098693,,,,
20150126,14.376329275318819,-61.90134306184787,,,,
20150127,13.882580421162574,-62.13877750470622,,,,
20150128,13.481943005338007,-62.30761488492699,,,,
20150129,13.089174373434403,-62.549007506102015,,,,
20150130,12.968039789423775,-62.978633391966,,,,
20150202,12.807875626055107,-63.12939509088129,,,,
20150203,12.665391788763513,-63.25023914904382,,,,
20150204,12.554473616712908,-63.344864920591064,,,,
20150205,12.492020905248154,-63.42093686418971,,,,
20150206,12.42037640018932,-63.448245216124604,,,,
20150209,12.362824291491034,-63.48000047765406,,,,
20150210,12.350538058371365,-63.88307480514763,,,,
20150211,13.238237421432812,-67.11614319746114,,,,
20150212,14.178301454475216,-73.15859791421641,,,,
20150213,14.945982173987035,-76.02733129622267,,,,
20150216,15.873217922985912,-82.28019094796008,,,,
20150217,16.582497248205865,-87.74551202245674,,,,
20150225,16.907213777211595,-90.2174939962824,,,,
20150226,17.40637737162509,-92.76899847687518,,,,
20150227,17.886961226213963,-95.36130315459094,,,,
20150302,18.312738978236318,-97.46225338920098,,,,
20150303,18.753176979268304,-99.21575456382497,,,,
20150304,19.1231158036129,-100.63283395502089,,,,
20150305,19.818710400441667,-101.8422002936583,,,,
20150306,20.360559210854884,-103.16458468030824,,,,
20150309,21.211176858830946,-105.53746032563697,,,,
20150310,22.02784063284463,-107.42305733564902,,,,
20150311,22.76636707635814,-108.87243631883474,,,,
20150312,23.343267687334297,-108.64502763237805,,,,
20150313,24.118421926434284,-108.75830519515638,,,,
20150316,24.546776923812185,-108.78437152451629,,,,
20150317,24.774422317200624,-108.2687091626017,,,,
20150318,25.14176546994619,-107.86442541314686,,,,
20150319,25.48054165282108,-107.88997233864728,,,,
20150320,26.05876982007863,-113.3030857477389,,,,
20150323,25.791182117175982,-111.84167907154686,,,,
20150324,25.515595183259496,-109.65548261142096,,,,
20150325,25.9841950557677,-110.39264535367099,,,,
20150326,26.32249189053832,-111.10983288177852,,,,
20150327,26.607880657408657,-111.33535987703596,0.0,0.0,,
20150330,27.01193310676361,-111.68950106524638,0.0,0.0,,
20150331,28.0783754182442,-111.91912476462186,0.0,0.0,,
20150401,29.18150514866308,-112.07697443829422,0.0,0.0,,
20150402,30.227429966203356,-112.09454617049595,0.0,0.0,,
20150403,30.799598794011672,-111.06860940029566,0.0,0.0,,
20150407,31.242342652167842,-110.26485809167788,0.0,0.0,,
20150408,31.54278497872194,-109.56479636428804,0.0,0.0,,
20150409,31.90398202390045,-108.80780175800203,0.0,0.0,,
20150410,31.527286198853087,-103.39022805423704,0.0,0.0,,
20150413,31.17324112884334,-99.04950409874644,0.0,0.0,,
20150414,30.532387087253976,-93.05652759195294,0.0,0.0,,
20150415,30.40890693298574,-87.9670948712882,0.0,0.0,,
20150416,30.446758568417696,-83.9987552032894,0.0,0.0,,
20150417,30.51067929563781,-80.42360983350278,0.0,0.0,,
20150420,29.911020210235296,-77.73976438725856,0.0,0.0,,
20150421,29.819450972498252,-75.80047182886281,0.0,0.0,,
20150422,29.58006134864512,-73.94846466261481,0.0,0.0,,
20150423,29.384197110947106,-71.69992712807714,0.0,0.0,,
20150424,29.22262371861969,-69.8522016292173,0.0,0.0,,
20150427,28.6644577251176,-68.17919700797627,0.0,0.0,,
20150428,27.926805399369723,-66.80533651782156,0.0,0.0,,
20150429,26.952614736683355,-65.7436228190773,0.0,0.0,,
20150430,26.113437929867974,-64.87561216382055,0.0,0.0,,
20150504,25.26001929202268,-64.16358055180693,0.0,0.0,,
20150505,24.413437127933044,-63.5083131526361,0.0,0.0,,
20150506,23.39476590691304,-62.9709375702304,0.0,0.0,,
20150507,22.355229956792744,-61.17410120289104,0.0,0.0,,
20150508,21.464249521014853,-59.748049513577016,0.0,0.0,,
20150511,20.828751820692784,-59.88352490309531,15.820455764776797,4.261400566426357,,
20150512,20.09217032882771,-59.76152629168346,29.938592933815073,10.165798995929007,,
20150513,19.381038164639595,-60.41686621845889,37.112062836963396,8.169147662680066,,
20150514,18.725783644824613,-61.40464672832464,41.190522791594894,25.48652570256419,,
20150515,18.205805206548757,-61.921703371099056,39.89335538655338,20.216821090481268,,
20150518,17.770706841707092,-62.97365644482977,36.65733718534016,16.275285701305876,,
20150519,17.489810784795527,-63.79815956060764,31.819812422765406,8.842800819759326,,
20150520,17.100582170810068,-64.31511707256301,24.571252768682008,19.732242177622705,,
20150521,16.82772316332657,-65.41623017944815,21.578576919420644,33.84878532596999,,
20150522,16.604346006226194,-66.71941846047326,23.44109138216291,33.86242611050642,,
20150525,16.397174358695914,-67.66113683421364,22.227567061450127,34.210667682519684,,
20150526,16.373939443519298,-69.57581875057272,20.031043810685368,29.673203908033507,,
20150527,16.465592092450873,-71.02537429754696,18.243664737941316,24.971272064159358,,
20150528,16.450879611843284,-72.14297205963162,16.787603148781304,19.07448657519591,,
20150529,16.505427615437167,-73.05317735600428,15.880077521539597,9.656191270179884,,
20150601,16.56714312594681,-73.81651661478284,15.187254873113647,-1.3968777427224093,,
20150602,16.65046722459194,-74.47551517748677,14.407057195412293,-10.733484337130916,,
20150603,17.08005554718147,-75.15957793003483,14.26097204769041,-21.962107943957527,,
20150604,17.462451003753337,-78.36033208672971,14.142973556184586,-31.310214929072146,,
20150605,17.662924084399993,-80.91641278415415,14.04580895913423,-40.8968656456217,,
20150608,17.776737364591952,-83.0449364689408,13.88013412806332,-48.23769232503451,,
20150609,17.990953862328407,-85.50548681672268,13.788006485745427,-55.006365302340534,,
20150610,18.603713468254156,-91.4193148801336,13.70448371172819,-61.69487491008464,,
20150611,19.103795434207242,-96.30370701130674,13.70972792528764,-67.6810440368705,,
20150612,19.41941851296086,-97.01640397259669,13.533136113466282,-69.19882299203972,,
20150615,19.67982017380428,-97.76714485932925,13.41024922277357,-72.74181346124027,,
20150616,19.88540489203585,-98.46222630800379,13.314939388442117,-75.54976683512741,,
20150617,20.126422031904568,-99.69104244143033,13.54814013709793,-79.21329498902512,,
20150618,20.325635129787265,-97.89957538393942,13.728679641113253,-89.76169032210036,,
20150619,20.33889241053681,-96.79453301460326,13.82129110295165,-95.24678051551382,,
20150623,20.342730089121893,-95.26883259278712,13.89404738382705,-101.2140653998004,,
20150624,20.01228810868702,-93.49815431546509,13.904509583335914,-105.30145440369527,,
20150625,19.774670013490216,-91.95955283258839,13.870481251768242,-107.35122324356121,,
20150626,19.949121857466757,-90.74533648276086,13.890614839176527,-107.52520741614578,,
20150629,19.953406459417064,-88.47595334754607,13.696344503423752,-108.83520863197806,,
20150630,20.019529282462713,-86.81295063622585,13.383494389319207,-103.76395176250358,,
20150701,20.03388106876535,-85.4623168276875,13.408247050609713,-99.39112656699571,,
20150702,19.339523241196282,-82.6606818583521,13.364990654969278,-94.87922256628005,,
20150703,18.804623971923153,-80.3872781297063,13.328238404392083,-91.14924828140944,,
20150706,18.08521867834737,-78.01844067942736,13.06119088487447,-86.7477080232662,,
20150707,17.490437269249327,-76.0897062841242,12.991600186116747,-83.24804119011145,,
20150708,16.379235582304055,-73.0422930624677,12.880865693223742,-79.17774051501107,,
20150709,15.016037064025102,-67.85760933456551,24.367269709604678,-73.64018661858684,,
20150710,13.890965637516514,-63.584348356782236,22.483908212075626,-69.10573825771174,,
20150713,12.97665754264591,-60.449796959764,25.03427683684624,-65.50224735551788,,
20150714,12.189356416447504,-57.3616475522261,27.022897858951374,-62.373304868538064,,
20150715,11.51312867266522,-54.81079886607901,28.33338616604802,-59.81210508640756,,
20150716,10.973097098361748,-52.74092215401754,30.27208986508939,-57.71582617208273,,
20150717,10.527355914859308,-51.23778097659364,25.983836750344818,-55.94361093746255,,
20150720,10.173403636837794,-50.02873983070082,22.113465137506687,-54.527582314007226,,
20150721,9.888277378706407,-49.11139146008675,19.344831234126445,-53.37951440438525,,
20150722,9.610320376290119,-48.18221653167328,18.858846750736536,-52.22574492156949,,
20150723,9.389660604024291,-47.39736878820803,17.753640963298018,-51.403700910549006,,
20150724,9.179943022521972,-46.639442414481636,16.553048810608953,-50.74526435006933,,
20150727,9.004582736953955,-46.257645188906196,14.631536173103836,-50.23356341299254,,
20150728,8.866656226379433,-45.9492318221818,12.408472348761578,-50.644336840894475,,
20150729,8.703915415489023,-45.23039975415257,9.407636513671507,-50.739306315675115,,
20150730,8.605064320348612,-44.92814037339325,7.53232416302821,-50.73853260702357,,
20150731,8.522475893713432,-44.720312497773584,4.7123303956002065,-50.73921311363128,,
20150803,8.473204114946554,-44.678861098792865,2.7658423346502796,-51.35022449425908,,
20150804,8.421611207944698,-44.65212503923926,-0.08843722328820883,-51.850802988815914,,
20150805,8.637358146713963,-45.478358647234366,-4.533209606681733,-53.50551987610908,,
20150806,9.298604369742847,-49.3388772160581,-8.21355672813536,-58.56516355543527,,
20150807,9.808704677625496,-52.43159061534766,-10.636707025555735,-62.703963145061515,,
20150810,10.185684735340274,-54.381156723397176,-13.108311888958156,-66.0691542340165,,
20150811,10.540095485299643,-57.5171692141787,-12.057434933238747,-69.22260933906965,,
20150812,10.893978189405846,-60.18343604919735,-11.391507726758178,-66.55289091783237,,
20150813,11.12276097656851,-62.03792121448753,-10.895246296746011,-60.4588659420786,,
20150814,11.305814741839018,-63.02660872033145,-10.461488228165635,-63.63607600414999,,
20150817,11.45813159171101,-63.62293582239956,-10.090573404227898,-63.473487567348045,,
20150818,11.537444138895486,-63.75894763461402,-9.959183127739895,-66.84947341678442,,
20150819,11.78529041471743,-64.78680564705488,-10.023225618645803,-69.04492487692471,,
20150820,11.98767354232112,-65.70257300268909,-10.040913550306854,-72.61472353820267,,
20150821,12.275771259023356,-66.65795808043555,-10.089154756738266,-72.5905819116772,,
20150824,12.337260890242943,-67.0491556867235,-9.722516524995154,-63.39463458391117,,
20150825,12.402309501556298,-67.31880660091983,-9.242307398417973,-61.62215442439256,,
20150826,12.671713840053876,-70.06180815374057,-8.89469712998143,-64.16205022622927,,
20150827,13.0133051539645,-71.91969750500807,-8.533289932969076,-67.5157794848121,,
20150828,13.138457919723995,-73.67803239866942,-8.125812243483455,-60.185734909537445,,
20150831,13.47719301376697,-62.585391912511156,-7.777580322565116,-59.18169484236874,,
20150901,13.822478729519728,-58.09948176751171,-7.497271970767155,-66.77519321460973,,
20150902,14.053899044852507,-54.27961987342232,-7.257140514999009,-71.9276904893015,,
20150907,14.282554860680973,-51.0738562768483,-7.054385406344092,-76.62826749015754,,
20150908,14.57421926626849,-48.260084356933845,-6.88449186247071,-80.84304981390022,,
20150909,14.62596619016002,-46.2372538531723,-6.737427372437326,-84.38320674099998,,
20150910,14.72239886592409,-44.83182122426206,-6.603627665884733,-83.36361659123232,,
20150911,14.842108226225946,-43.67455249044747,-6.48806332868954,-82.1909814836268,,
20150914,14.853271827651453,-42.76973383592192,-6.384554893784939,-81.12922545964624,,
20150915,14.639949710793534,-42.53698016944173,-6.296001616206107,-80.24010172776634,,
20150916,14.456946376544183,-42.50566827757175,-6.178993467999859,-79.19058567553685,,
20150917,14.405596295201281,-42.939282136989405,-6.105201423844432,-78.3356146875468,,
20150918,14.31552311235397,-43.39192613101058,-6.0489943931654455,-77.69496324089204,,
20150921,13.635300553155579,-43.3710933523117,-6.012278954989795,-77.11816273286797,,
20150922,13.06449078835963,-43.7631092986361,-5.974148958140739,-76.61932239700386,,
20150923,12.701570954138031,-44.53483562383743,-6.085895370289938,-81.20719348940155,,
20150924,12.341528357791878,-45.13630128182054,-6.393021431278228,-85.96438117868551,,
20150925,12.051671976363368,-45.685794866789934,-6.653865065190773,-89.86070680930814,,
20150928,11.796523323565971,-45.99373272493235,-11.632878784148136,-91.11586232996225,,
20150929,11.683427582206976,-46.322143361236044,-11.871720035703902,-93.2604698435412,,
20150930,11.362358027508536,-44.231065057233614,-15.013977633191738,-96.71807560504688,,
20151008,11.079313345087241,-42.15291366032942,-21.72902749402424,-98.09997678472307,,
20151009,10.502059011240087,-40.29611133837402,-20.109323144218514,-98.09545004463595,,
20151012,9.957180001268002,-38.77948451607099,-17.062931545483657,-98.31224710620438,,
20151013,9.51290813833352,-37.744476062068244,-17.052488378431313,-98.4682909903711,,
20151014,9.177222244697125,-37.080916374168815,-16.620378556521125,-98.09423226829401,,
20151015,8.899431801528825,-36.53771449169231,-13.276208080193799,-94.87933059037336,,
20151016,8.666563606782871,-36.022055082341275,-11.516268821211263,-92.0956772905974,,
20151019,8.489532939902308,-35.740374029440716,-12.368839169450844,-89.99771930055297,,
20151020,8.3866335455069,-35.5026092647656,-13.197888671383827,-88.32085246187745,,
20151021,8.304301678038428,-34.963924760871926,-16.074650818099194,-87.25553397817117,,
20151022,8.218422611574276,-34.518296930617275,-18.721831368282725,-86.36398829096929,,
20151023,8.140882031281548,-34.135251502216875,-18.76125843508628,-85.70125730622505,,
20151026,8.318871383043417,-34.014975022925505,-18.607228787057082,-84.92353457030913,,
20151027,8.494701814576535,-33.87108868342236,-20.83607108285692,-85.27744849358959,,
20151028,8.622363898577598,-33.732544320579485,-22.01142470205729,-83.56054346163803,,
20151029,8.75163860766372,-33.625850747084556,-22.201589557001444,-82.11088547833516,,
20151030,8.766055436148875,-33.40257538149018,-19.4714985507631,-8.756022517877788,,
20151102,8.8023721297686,-33.22828274021113,-19.30749632616216,13.433172737776719,,
20151103,8.826958420728928,-33.08566528216236,-20.12120509649564,7.918682999697892,,
20151104,8.96763673869468,-34.68323417598715,-17.581462267932512,6.637484989704781,,
20151105,9.059899038630702,-36.186456598883964,-14.050287609064751,12.40111416329087,,
20151106,9.860269224563906,-38.45737361988158,-11.732258131282492,32.11872079535159,,
20151109,11.180708810486436,-40.68648942211381,-8.595357971368642,35.11318631220692,,
20151110,11.992990461606782,-42.13541087042969,-5.326295149762392,37.511650498940206,,
20151111,12.22470341889046,-43.22723508690498,-1.4277879552676331,39.39054217247137,,
20151112,12.231290076854155,-44.07467159250117,-0.8197472917189754,36.511229971861404,,
20151113,12.243057592136882,-44.80793434927813,4.440973302047912,39.31862952914793,,
20151116,12.261379540501956,-45.6199627553161,1.0220428377135062,28.146204903620472,,
20151117,12.17993770131585,-45.65585055845814,5.2661491478200375,31.276284251798106,,
20151118,12.107965878755579,-46.31669535515584,4.210639622127614,39.1421452811748,,
20151119,11.868890555167974,-46.55056389534125,3.818379531894618,58.544846477853376,,
20151120,11.326643592624915,-44.733723961305245,7.397057180708483,88.56851725392143,,
20151123,10.878206486252779,-42.69560654666211,8.615458421452066,94.08436202857848,,
20151124,10.303884984682295,-39.62223995618436,14.788988819760181,106.32653740428687,,
20151125,9.833955497501123,-37.038662260509135,18.05057855919909,104.18839472351928,,
20151126,9.35763750753277,-34.732222345880366,26.813947712869897,103.63605464583378,,
20151127,8.999409712559705,-32.78733756225759,30.982610004373957,108.1453251574062,,
20151130,8.701242173370332,-31.218172192825705,30.352287506428507,93.99360323560205,,
20151201,8.457482862107561,-29.91545864470092,28.85538916867236,74.87092630968961,,
20151202,8.25500273959398,-28.903325980590335,23.780931411596256,56.20442623635057,,
20151203,8.104925414804518,-28.143857943244523,21.836679333750755,43.84490080477302,,
20151204,7.9690227307736645,-27.359702233421135,19.606746223821983,27.897054287355445,,
20151207,7.821273492113557,-26.613666898332013,15.187580203467562,16.47107446490535,,
20151208,7.699125877714496,-26.050275072926496,11.278612684833675,6.728387333657961,,
20151209,7.66780231456898,-25.610400031297715,8.5042608408592,-1.4984958541559512,,
20151210,7.670140817487022,-25.1814684414789,6.091245041517441,-8.897536091381742,,
20151211,7.610954218465247,-24.778993904303572,3.631551608138053,-14.446394562806937,,
20151214,7.5642153749654355,-24.50890137222151,1.6171356751391355,-12.704133268339792,,
20151215,7.552067766903565,-24.41466483958987,-0.06453331134536718,-13.576582543531213,,
20151216,7.553059403988404,-24.362184510239793,-1.4351081549410447,-17.887745435624318,,
20151217,7.665746295764336,-24.441961746553968,-2.5698398218078142,-18.357133104131997,,
20151218,7.950210268116231,-24.778000010262794,-3.5058475753790836,-15.180421716863426,,
20151221,8.180241718545775,-25.407190806658466,-4.5267644172694945,-12.616703412607915,,
20151222,8.625912358245577,-27.052031102638097,-5.357389048006974,-10.513576763943439,,
20151223,8.980732683268192,-28.426644050774794,-6.325022042068028,-8.777882528190364,,
20151224,9.511491422802575,-29.954285255869163,-7.380148210166742,-7.3564519439784775,,
20151225,9.956871200579846,-31.764430152815176,-8.332521791657399,-6.192724030930065,,
20151228,10.284901513992786,-32.794911529242675,-9.059463463458988,-5.231272353752222,,
20151229,10.490414184519002,-33.66422256281958,-9.562496053631493,-4.444197944407727,,
20151230,10.667400637379705,-34.36144280363199,-10.016028268393343,-3.7988957587941092,,
20151231,10.848582066046678,-34.93416340824086,-10.591211215098676,-3.277628202720848,,
20160104,10.851694692841102,-35.89732267800831,-10.927949145048592,-2.8447144110715348,,
20160105,10.899654306289428,-36.99714176152363,-11.374129123223044,-2.4946623421592347,,
20160106,10.97525447164233,-37.95958801480475,-12.16342298741144,-2.2134237053136108,,
20160107,10.981530435629583,-37.53258052050352,-12.643259208896364,-1.979904314416934,,
20160108,11.003462906261882,-37.276344251349975,-13.047035334415702,-1.788315336797477,,
20160111,11.233147527691266,-37.16941865464075,-13.59987058066656,-1.6360934265413511,,
20160112,11.066598114071343,-36.845493145579155,-13.961896581476392,-1.5196708826803906,,
20160113,10.938260428632523,-36.37541664785347,-14.238695622285885,-1.424446869315538,,
20160114,10.818868307507227,-35.91157110419021,-14.339502609086301,-1.346525421121866,,
20160115,10.718801071598861,-35.176720572846705,-14.349434936862137,-1.2919962772411233,,
20160118,10.614650059735059,-34.051187385015425,-14.28293000733375,-1.2578761093056987,,
20160119,10.568367266911745,-33.39875433961768,-14.206352479366965,-1.2668870729703843,,
20160120,10.517743798042662,-32.80744311670317,-14.120893828302227,-1.2746403270242157,,
20160121,10.478665556187828,-32.330109475726864,-14.071723655379346,-1.302130513629138,,
20160122,10.418112211383704,-31.93974906712282,-14.018712496163092,-1.3221740126028345,,
20160125,10.40455921795943,-31.681718366446876,-13.933220043214428,-1.3281893285497373,,
20160126,10.443671884714503,-31.56180549646805,-12.628077116415357,-1.362867040030786,,
20160127,10.409356937832602,-31.051908084953766,-10.527891301239164,-1.3612535605936442,,
20160128,10.460387551182524,-30.618492704791095,-11.15019005122067,-1.3640659741638288,,
20160129,10.48939871384371,-29.911493694571814,-11.073182819778868,-1.3468210962685445,,
20160201,10.60829583777604,-29.265986534587597,-10.417176414448807,-1.3519605049950407,,
20160202,10.713622994562742,-28.795779200838005,-13.223650497888046,2.6010272585392733,,
20160203,10.894578694970079,-28.433964815861437,-14.446523224743178,3.5604425046724435,,
20160204,10.851506484023512,-28.59062176824332,-16.736088443835282,1.7548778089610186,,
20160205,10.78746709667708,-28.42602581954864,-20.120617432257696,-3.9476049639196154,,
20160215,10.74085293896301,-28.548733978353418,-23.291241555891883,-13.79522453771687,,
20160216,11.152307341649045,-28.69324354578393,-22.701270383549648,-15.932850550847814,,
20160217,11.436193738622904,-28.79543046670555,-22.905944530707337,-19.819787831707018,,
20160218,11.686398725609202,-28.889179717278804,-24.82591234575082,-21.76556406752948,,
20160219,11.819599750573037,-29.37329797777377,-24.342081575518648,-21.321008750765817,,
20160222,11.8484002112458,-30.07056112752579,-20.81342503689545,-11.22264208532916,,
20160223,11.843681511067418,-30.13554033203613,-20.580177726929136,15.950682276811905,,
20160224,11.794634741950798,-30.30432531652047,-21.634248267560395,37.86372643665221,,
20160225,11.800880123743166,-30.51775432687448,-19.77253159967416,47.00348234911415,,
20160226,11.765269363609143,-30.685523877237777,-17.77184566962925,54.966229983736106,,
20160229,11.746467251164939,-30.82811676597232,-13.356430717598066,61.86749486321225,,
20160301,11.731924009332651,-30.96361478852474,-11.504892632745078,55.040735845088435,,
20160302,11.799901326687179,-31.506066961660725,-8.355867848687044,49.93536150995758,,
20160303,11.923010005947095,-32.007644650710205,-7.5631387861182855,64.67054563545406,,
20160304,12.026590381930315,-33.184314090042626,2.4929948350699016,76.71672674563645,,
20160307,12.081811562759851,-34.38053591731754,14.669680681807058,85.51485323882778,,
20160308,12.08877896502404,-35.19680286503566,27.870160291906817,102.5891054032282,,
20160309,12.023807735257632,-35.61580960744884,28.15523109432239,95.56112321754073,,
20160310,12.426145774713643,-36.741556839555194,28.88311122546804,93.54932995956568,,
20160311,12.776753464159382,-37.89689080555576,24.163973216393423,84.186626927217,,
20160314,13.06747104905268,-38.81256509694861,19.268274223633114,71.49722440526439,,
20160315,13.342824356574765,-39.91831068426949,15.375949058487285,60.18144716658181,,
20160316,13.58173637237671,-40.796793580960994,10.393529470312902,48.78332007004855,,
20160317,13.684871042734953,-41.187805148762905,7.306033410929087,37.50210865971258,,
20160318,13.88634726932739,-41.852248008370616,11.010231766056751,34.64800207665512,,
20160321,14.389197516449784,-43.15705451617183,9.772214271930022,30.617371808746658,,
20160322,14.834518491016286,-45.98238662100699,8.380760587137482,24.16166175227103,,
20160323,15.386341956179178,-48.30576674243642,5.190264689396201,19.51576138751453,,
20160324,15.694289334380915,-50.16170640479154,2.680190676061259,20.65980646140935,,
20160325,16.032434194070262,-51.96117445296433,-2.515270822999021,18.327754332961693,,
20160328,16.34499094667336,-53.44784174293681,-7.117745577787516,13.028262912578866,,
20160329,16.580225950864484,-54.65468213928303,-11.283823041000172,8.667748805866022,,
20160330,17.094605388494088,-54.15446545396809,-11.34234931113269,9.268837986017342,,
20160331,17.54437293158014,-54.077653337842456,-12.715446266097517,9.827565308293076,,
20160401,17.359748560086334,-53.54432148665932,-15.398351410294525,6.905559579164477,,
20160405,17.222269153998873,-52.83262672199118,-22.086490894698468,-1.1548416247482889,,
20160406,16.981342036122346,-52.373492361296364,-24.60829355451416,-6.1229194513479275,,
20160407,16.94227544593268,-52.42314611880478,-27.81913658307282,-11.297433797027416,,
20160408,16.69308138127707,-51.759328988960476,-30.391300060474684,-14.32956363561186,,
20160411,16.48451682025288,-51.35658987274416,-32.34262165708099,-16.39557902572926,,
20160412,16.299799444275063,-50.97243392366053,-33.71452347199919,-19.65168473655708,,
20160413,15.293709492493951,-48.889235773261106,-34.65466488956577,-20.707928551691836,,
20160414,14.488873389360522,-47.20820454221376,-35.41096427080531,-20.543911440893876,,
20160415,13.865423851073086,-46.0715221302057,-35.996150806280184,-23.31790147781302,,
20160418,13.412933057215795,-45.15176940220311,-36.87207665470798,-25.483218515334016,,
20160419,13.02646781883079,-44.369856471748356,-38.85827308262794,-27.98725408676485,,
20160420,12.707727205140786,-43.28049635870815,-40.25538575199148,-29.680183439651607,,
20160421,12.429058869017434,-42.39639307134976,-40.339680210695406,-29.96827690624322,,
20160422,12.150400494225321,-41.642614125682286,-39.36193767635834,-29.93411566633819,,
20160425,11.92168143672137,-40.99927182206515,-38.568716443135855,-30.56364310355259,,
20160426,11.603499975770383,-39.53900002209651,-37.84171287890568,-33.50190291147973,,
20160427,11.345485498530877,-38.31863686801336,-37.214948934372934,-37.07279462815804,,
20160428,11.136806633169979,-37.706933666262884,-37.36176274386432,-41.12949581802639,,
20160429,10.865975209976032,-37.00996821015484,-37.45040506780208,-44.754819081013814,,
20160503,10.7039330441435,-36.430695089259565,-36.66128610794767,-47.186305774971544,,
20160504,10.417906644578636,-35.507411311310676,-35.67712523937839,-49.14035287173032,,
20160505,10.22852892559877,-34.76902505530201,-34.74613806004568,-50.63338105654925,,
20160506,10.07628209548889,-34.048325835311346,-33.19063123873639,-51.446733106136094,,
20160509,9.99299645701743,-33.66393784405365,-31.719457352888604,-52.10999851811778,,
20160510,9.925231917908814,-33.476910639598415,-30.555401579142895,-52.92963901871298,,
20160511,9.85096805553613,-33.23546022233993,-29.641877748173172,-53.591268087933955,,
20160512,10.204928026209926,-33.797930221797614,-28.975979469898057,-54.4721873896962,,
20160513,10.461688971135695,-34.0179460836392,-28.208356971530023,-54.53753749383506,,
20160516,10.66725752642046,-34.234878132325726,-27.557147603596825,-54.56289330917782,,
20160517,10.83187902872423,-34.29721960136299,-27.026783550813,-54.67077202036059,,
20160518,10.951688528096119,-34.28426799336653,-26.56163030718086,-54.78207522425368,,
20160519,11.046269238790615,-34.64698201056007,-26.246520526577648,-54.861512587437424,,
20160520,11.175282417634659,-34.93127692085038,-25.64905159598794,-55.93002736492517,,
20160523,11.334912014831463,-35.130916582723714,-22.41344144127613,-57.45217853293803,,
20160524,11.314430211487313,-35.36689769129761,-22.868978142692878,-59.06117167664828,,
20160525,11.413110020826723,-36.68000977261507,-22.3969352662076,-60.530396583125324,,
20160526,11.296735548878448,-37.705502930999856,-21.463178902737937,-61.124651030484,,
20160527,11.194327223408866,-38.38793637802292,-18.945314041350226,-61.40386564529949,,
20160530,11.310940578189104,-39.39396735744264,-20.199907571902646,-61.87918325342944,,
20160531,11.400678964852373,-40.616743571814304,-20.478919647386977,-63.48755293355495,,
20160601,11.730646931518722,-43.131113525765805,-22.5191387714897,-63.947582798947785,,
20160602,11.495696686561384,-44.068494610835174,-24.20307537881087,-63.984845509041065,,
20160603,11.307897753916361,-45.22483212878044,-26.964911596538542,-64.47812451703437,,
20160606,11.169693512833046,-46.20324424108073,-26.247977902746214,-64.38644168053226,,
20160607,11.061396252794628,-46.96501399791177,-28.768840961316783,-64.76983201939632,,
20160608,10.966644536515526,-48.31405770899794,-31.4076257465416,-65.12944513538599,,
20160613,10.912811867129045,-48.7077269005162,-34.08731073589806,-64.90028636443641,,
20160614,10.873459499272698,-49.703413734635504,-36.64623009158877,-66.67981237535524,,
20160615,10.844078162272723,-50.328530889442895,-34.08784731633549,-68.1158318699447,,
20160616,10.799444161716885,-51.19877403613356,-33.360531031004655,-59.08830224768683,,
20160617,10.810802996654953,-52.22377523260427,-32.51214182140808,-55.29212375335143,,
20160620,10.821575114611367,-52.86108327160979,-28.187622285405286,-52.8309156914317,,
20160621,10.83058517337245,-53.50631519817158,-27.110249806252064,-47.83301486697969,,
20160622,10.892529002285952,-54.43339730695508,-26.686443935343238,-46.469992267860114,,
20160623,11.206769514264678,-55.27151450934108,-27.266763282234734,-44.93961100147132,,
20160624,11.282059926944813,-55.458483070820726,-20.4401313943009,-35.53855469892259,,
20160627,11.523637063762283,-55.29562099129654,-18.14870073737059,-30.912353648773642,,
20160628,11.677301385804805,-55.33111122117741,-15.987005468123415,-29.075884609552993,,
20160629,11.709642489788212,-55.38417298730444,-9.357040505914282,-19.216072294976914,,
20160630,11.709933974440158,-54.19973977898195,-3.4982107890908725,-16.67191054112963,,
20160701,11.77516930074621,-53.61141849495039,4.589275142939753,1.903519828903255,,
20160704,12.484206367202715,-53.27614671948207,12.63440094376337,30.238376593675028,,
20160705,12.768612830565425,-51.0992142435816,33.63870927726219,50.29055170200345,,
20160706,13.02699372127822,-49.03683055874707,48.88588423805809,55.14770188001882,,
20160707,13.23288188794388,-47.350846917998204,53.606835827566364,52.45381224387885,,
20160708,13.464780051739101,-45.98826571294618,52.38709492408506,45.11617455057221,,
20160711,13.555700691472513,-44.94419109029663,48.793142384338026,41.35111988103767,,
20160712,13.709685177329344,-44.3206100799871,44.29160351712777,38.02964820040994,,
20160713,13.825549897540306,-43.83384506595712,46.44019789592064,42.09946148053442,,
20160714,14.0128897846393,-43.460758411030604,41.36975147538027,35.55810978014379,,
20160715,14.16678409513884,-42.974335947628546,35.68198778364104,31.20997725634045,,
20160718,14.253648524921879,-42.12013882980849,33.00580965650502,26.866171222092607,,
20160719,14.173686508133361,-41.30540025267518,35.221137813000134,21.90553603032784,,
20160720,14.064715570369343,-40.62779395900323,30.978517190285256,18.07296262180586,,
20160721,13.965142569059903,-40.07676755122728,26.617295458064593,14.018910301574302,,
20160722,14.147317161650173,-39.816105902889475,25.2532970372151,11.37873060626995,,
20160725,14.324112786531124,-39.28035789290255,20.98548867512254,5.343217690317898,,
20160726,14.284403815189355,-38.69254128930491,15.944850798758107,1.5552873256522208,,
20160727,14.328398396677576,-38.14224440606359,10.853113070779346,6.42217060423168,,
20160728,14.380907992500717,-37.848173791146834,6.783392641125699,4.261572859327055,,
20160729,14.433822835243744,-37.46366113554217,3.4927197964813144,0.24062215378742427,,
20160801,14.133745290103862,-36.89007389266019,0.5188679435962033,-4.469925825715479,,
20160802,14.08743984837861,-37.267554786468395,-1.928249386833396,-10.033113152903129,,
20160803,14.012156000605856,-37.74640127200333,-4.142134815479663,-15.174391320102878,,
20160804,13.954079007259345,-38.2305957339655,-5.844607893697881,-17.952323871885415,,
20160805,13.89712423338686,-38.58501993968733,-7.238701759026319,-20.082077584812286,,
20160808,14.035141893346022,-38.879950975664,-8.558339672612094,-21.930278100218988,,
20160809,14.044298493172546,-38.719196333529595,-9.770989011889714,-26.616035698009245,,
20160810,13.775289097309193,-38.598329349615746,-10.796071328368303,-25.60334596711894,,
20160811,13.521740962713727,-38.42625244685693,-11.68480226608911,-23.98943879820115,,
20160812,13.275000441525716,-38.33640934829536,-12.429101863183455,-27.363177257368243,,
20160815,12.92587602667811,-37.70971221049241,-12.790880363099255,-30.50783563384365,,
20160816,12.721212074037151,-37.28885585905038,-13.121947993262793,-33.61027259218776,,
20160817,12.553801372022395,-37.987545379107864,-13.393016430463302,-37.257711947648694,,
20160818,12.354490031259957,-37.29572598532723,-13.639061963097108,-36.62989872706601,,
20160819,12.199312977231983,-36.64486892434925,-13.883884784306117,-38.98785678095912,,
20160822,12.076830370276753,-36.35035806522561,-14.064629256001696,-39.7765957648829,,
20160823,12.019777946196031,-36.29660862694245,-14.262938881634474,-43.229294686517285,,
20160824,12.006870999232474,-36.26979663242446,-14.427598628179178,-42.130422719697414,,
20160825,12.01230710116337,-36.45145505909911,-14.441752190608577,-41.507811927353636,,
20160826,11.860995532601319,-36.79689286594427,-14.489614782804907,-45.428361362172765,,
20160829,11.985613873710708,-37.77933361249831,-14.832551878200329,-49.636045501706114,,
20160830,12.068578365274117,-38.72573284172459,-15.28106271649557,-52.99447499784797,,
20160831,12.155647646193215,-39.59867515672946,-15.715059355397711,-55.780759418011314,,
20160901,12.095543394513468,-37.985434623123815,-16.1824356514717,-58.45652610172297,,
20160902,12.039385211692899,-36.6860195414139,-16.527570669217848,-60.43991029557258,,
20160905,11.969354935122272,-35.647202760703145,-17.03575237228679,-62.55335228757679,,
20160906,11.956705877987183,-34.90926601869368,-17.36821839777732,-64.15773409808621,,
20160907,12.179412804398448,-34.121208651815735,-17.66994682528108,-66.31652520456554,,
20160908,12.335085506000784,-33.45745241211084,-17.965709620547678,-68.19902536525254,,
20160909,12.50553435672175,-32.95334888036169,-19.7589908985999,-69.82122804928318,,
20160912,12.59423359028043,-32.63845093160787,-16.426066386439906,-68.52144549215699,,
20160913,12.724065522431559,-32.24276345987474,-18.59243600003838,-67.65355671812884,,
20160914,12.775970018161345,-31.92026524769179,-18.45708147367653,-67.03600007438497,,
20160919,12.950429137363614,-31.951258183565344,-23.55817763100466,-66.60215273594135,,
20160920,12.88444427666622,-31.86974316724902,-20.560370209902246,-66.26475308084387,,
20160921,12.859036178898766,-31.80678321123463,-21.269379322503255,-65.98936201774535,,
20160922,12.869069945790283,-31.711525824431238,-15.7888244425739,-65.38195891635468,,
20160923,12.876892160264383,-31.61826738584955,-15.874173851988328,-65.5146150929678,,
20160926,12.780131721272738,-31.502320749915032,-13.467618377781966,-65.99493782268334,,
20160927,12.780103269784485,-31.121773041743783,-6.857098309361318,-66.38741808184503,,
20160928,12.780294690099526,-30.77754415511018,-0.9067625518400423,-66.74558904397475,,
20160929,12.775780412523654,-30.274357643595806,2.7788422661903973,-67.14438843089543,,
20160930,12.780558648526158,-29.527871453778975,1.7196667549448397,-67.69347464898883,,
20161010,12.983939282622842,-29.631503086225464,-5.452642920535193,-68.37958285659164,,
20161011,13.128893798120831,-29.71193259124134,-3.730954082447765,-70.57806658783919,,
20161012,13.076226168619506,-29.49014944629146,-3.5295922115352245,-72.16995850589237,,
20161013,13.042353379912617,-29.138091443117325,-0.5319515372360235,-73.39241332986657,,
20161014,13.002439583932453,-29.007846468842093,-1.4313597844500372,-74.1463936599207,,
20161017,12.968958710061502,-28.990688800654716,2.2740920190810314,-74.52500427628881,,
20161018,12.895247755227336,-28.986257388258213,-0.3980354257042832,-74.8042513606155,,
20161019,13.119186342072505,-29.357567212096402,3.259748028911032,-86.05006881774214,,
20161020,13.289468817220804,-29.738587057545026,1.9467350127109173,-70.5201902235883,,
20161021,13.506498870628748,-29.810258237448476,0.9886790932313638,-23.989214531922077,,
20161024,13.689564401291326,-29.860330950213125,-1.34080068660449,-16.30242683061983,,
20161025,13.222910755227193,-29.259065219671406,0.7765034308902898,-0.04394453926659803,,
20161026,12.81781046884526,-28.66388749873901,1.0729109203735396,7.93396927539988,,
20161027,12.488039725248926,-28.22172958146346,0.24749885008711583,5.581835015257286,,
20161028,12.19802303485548,-27.876500505674173,3.0875689500314163,9.043105490331843,,
20161031,12.051237152796974,-27.651911598611086,5.258787698704633,8.482658432703516,,
20161101,11.910064682567999,-27.591500115403736,5.72048520245888,19.17169752633936,,
20161102,11.657173435708637,-27.405250140645816,8.953987038492764,19.616103723975396,,
20161103,11.432502203149351,-27.366938107954244,2.280432424951064,12.031540518711171,,
20161104,11.247672594335626,-27.714788366011838,1.924438219220596,31.303721998926157,,
20161107,11.068350546335305,-28.086343055647532,10.807038671306039,38.50408577871657,,
20161108,10.933700648359556,-28.07691319108936,17.940115785019742,58.30765889563686,,
20161109,10.983488669398033,-28.31205824986371,23.45385192181141,71.04715555341947,,
20161110,10.644550789237494,-27.918330840183856,25.324252550481702,87.170012368081,,
20161111,10.365699719249164,-27.58995878258747,27.25472707178223,80.78212691549112,,
20161114,10.12524888181683,-27.311882710871153,32.00855752844553,83.77323440886165,,
20161115,9.895617289630092,-27.08438791512371,28.313273245534937,75.89732050763345,,
20161116,9.72352127967133,-26.828141904103322,23.190658732475335,61.11080200076435,,
20161117,9.39643675008751,-26.07809750539394,17.888601881550823,48.82158417377188,,
20161118,9.132449011955735,-25.546074832391568,12.567162584301014,40.02886765401812,,
20161121,8.902275167799665,-25.04678948993975,9.843335425854583,33.47353336471066,,
20161122,8.862238876535585,-24.448710521179954,7.64440292002009,27.707645147315628,,
20161123,8.817426543033562,-24.038241761199252,2.957622366030716,20.139935922868965,,
20161124,8.633795713078825,-23.500517149006576,-0.8743371031947927,19.908409291966016,,
20161125,8.471232444303912,-23.056238823141395,-4.031787323354501,14.21360052686273,,
20161128,8.159886902266898,-22.00642046089705,-6.574514671420743,10.19012033274176,,
20161129,7.836387167751417,-21.152440739345153,-8.292372362039814,7.657854787063534,,
20161130,7.451084828813988,-20.003070816576386,-9.581657901260517,5.195566633877158,,
20161201,7.134838483748676,-19.05486247737588,-10.62362665388012,3.0114837757048636,,
20161202,6.837315849482246,-18.072449173165456,-11.473084227083692,-0.9477309975701841,,
20161205,6.593625170334723,-17.258308690765723,-12.404974718333124,-4.2896195744087775,,
20161206,6.404284292194253,-16.649823539754053,-13.216636661082173,-7.531747736115233,,
20161207,6.249054809680946,-16.11930012167975,-13.867213660833555,-9.598874362673193,,
20161208,6.167630727785485,-15.743927390209443,-14.739104652053273,-11.243385944412987,,
20161209,6.092475655618858,-15.394494227310219,-15.45967552470054,-13.777444944902633,,
20161212,6.030469199305411,-15.102869084150996,-16.481274606984307,-17.06643017888306,,
20161213,5.982353623380601,-14.86378984784367,-17.30456692698425,-16.940842220941942,,
20161214,5.940574312585493,-14.699218748414559,-18.065762933054742,-17.545972412717013,,
20161215,5.951851831935551,-14.672546058079565,-18.75154613761964,-18.30728602366963,,
20161216,5.9507236465677655,-14.445648587333077,-19.296871822199932,-20.83744623813158,,
20161219,5.871879492637398,-14.071356403387007,-19.63613908427602,-21.622555990567424,,
20161220,5.799773497774839,-13.809300871732118,-20.02203169712847,-23.203944659107353,,
20161221,5.7342222892550305,-13.571900210660173,-20.338445720589718,-26.37175624556047,,
20161222,5.744915770134461,-13.45465288908542,-20.51997006047393,-27.761473710382422,,
20161223,5.754441024114011,-13.368245373624315,-20.687238178098877,-28.095882035000145,,
20161226,5.785997286716163,-13.650942423603173,-20.274430648960937,-24.473110541435016,,
20161227,5.781893148574083,-13.861058963567375,-20.150174968581037,-26.099597839235333,,
20161228,5.840325082612488,-14.25244424795725,-20.23447991625216,-27.364167185582488,,
20161229,5.8757315150364615,-14.644699756799506,-20.394336312451358,-29.30819582928274,,
20161230,5.927415942431529,-15.110630602278524,-20.518774266280282,-30.992773179645692,,
20170103,5.987283802385776,-15.483163661370124,-20.9800564548331,-32.016405219212345,,
20170104,6.038680051096881,-15.732395091187449,-21.354018379235754,-32.86372221211214,,
20170105,6.096976903302423,-16.151267742919263,-21.798472543526476,-33.16795285797595,,
20170106,6.15755549598172,-16.47878243542022,-21.12473419385254,-33.36858203566094,,
20170109,6.167113467543839,-16.727800019159908,-20.438241564148992,-33.55617699326307,,
20170110,6.120250094099079,-16.68279764878416,-18.004865633458166,-33.72650762704982,,
20170111,6.085629869924205,-16.65313703278167,-16.891845968986182,-34.35918185816083,,
20170112,6.058144087014492,-16.628624867431025,-13.736590594198136,-34.49687058341657,,
20170113,6.053367868353512,-16.647670856159177,-9.281184829988945,-34.761060558519354,,
20170116,6.045478792050139,-16.843001568568493,-7.152336042234709,-35.05274206302682,,
20170117,6.0981308523030595,-17.347145286418133,-6.269576455069809,-35.57329491416568,,
20170118,6.174722308795645,-18.072609202173584,-7.362406392220265,-35.981617443010514,,
20170119,6.243831198655189,-18.74318309886686,-9.88421645716032,-36.31254757075888,,
20170120,6.334130696767925,-19.250724942080215,-4.5461324639575444,-36.10810001123666,,
20170123,6.382630617470346,-19.277153631104095,-4.709155611460153,-35.93717121459584,,
20170124,6.955891996138673,-19.948768568138256,-6.040479325971719,-36.1446123792417,,
20170125,7.4741659208587565,-20.53931273179973,-7.727322287125839,-36.79749941091949,,
20170126,7.897475359119972,-21.000502565396626,-8.389860992622488,-37.40022224424126,,
20170203,8.146172501765395,-21.103903908522767,-10.196086951243991,-37.578144457412996,,
20170206,8.326681149283727,-21.19347390230089,-7.720424849306227,-37.744179336844965,,
20170207,8.467058051935204,-21.355861412328135,-10.399977284353819,-38.37762377561955,,
20170208,8.573368770102219,-21.439867912166843,-11.361512279514756,-38.91430833760424,,
20170209,8.662200853675541,-21.518323132639832,-13.916972899823442,-40.147340947629125,,
20170210,8.721714616675337,-21.571919562052553,-13.201348810776684,-41.27331996519937,,
20170213,8.799535556645385,-21.501386130143565,-8.494503076547653,-41.14232454408424,,
20170214,9.033806907306753,-21.754198218665675,-7.767598015825571,-41.136630649801305,,
20170215,9.200560777095546,-21.729680003747443,-2.701384620417139,-41.03773751321802,,
20170216,9.294891203903063,-21.624205630992602,2.3981997207028316,-41.47009658857581,,
20170217,9.370057213161713,-21.478897488877557,4.9301710249063815,-36.055924595762306,,
20170220,9.442952078478978,-21.421789633479182,4.645224478320529,-30.835609927755858,,
20170221,9.679569075664771,-21.62807956277722,1.9642969876526037,-27.40228538220346,,
20170222,9.869990956405363,-21.724103699384568,2.5888485525362848,-27.439139722909587,,
20170223,10.011691913048596,-21.81620271590461,1.2517183433610997,-23.608112496649735,,
20170224,10.141153072511706,-22.070766333674765,1.1962865200615005,-19.78631688840594,,
20170227,10.490896161831213,-22.92974398209007,3.9048594793847275,-17.214267718222324,,
20170228,10.774603053961863,-23.64965304889929,1.7729519792885342,-17.214367071750253,,
20170301,10.899124607401411,-24.235026907431994,1.6341420008088459,-18.007891987886815,,
20170302,11.082384008012792,-24.756457833701948,-1.0430253930728597,-14.507869245640094,,
20170303,11.344383734994562,-25.524746204543494,-2.3945995371264135,-11.564220664333908,,
20170306,11.352816156039504,-25.808531593845778,-0.026269826076468356,-9.424857839366345,,
20170307,11.404221687055282,-26.092573051373204,-3.978981652938879,-8.446846775341406,,
20170308,11.479325594415494,-26.751030605272216,2.6176129919938838,-5.883371565255078,,
20170309,11.474940136479338,-27.11091221745124,8.134904049975743,1.5884535788175231,,
20170310,11.5125593976787,-27.35715815623412,5.283168889697758,8.09537798940452,,
20170313,11.443475869233827,-27.80618771195531,9.384112760807229,14.712067315010696,,
20170314,11.384912084342329,-28.169613330811135,8.063928623370662,7.954216160017213,,
20170315,11.313856565424683,-28.79664773080723,5.5984993091902036,10.717065620395278,,
20170316,11.119899328925356,-29.040027222050476,3.017511491449959,5.349931318178582,,
20170317,10.96284800797568,-29.394793560213888,0.3372915603307507,1.3395454444831252,,
20170320,10.809221285652885,-29.684425826293673,-2.8101126459078594,-4.426652454296013,,
20170321,10.70476071230217,-30.15185240865068,-5.247353649635678,-6.4271900335787295,,
20170322,10.634216139340499,-30.41282364745864,-6.460311012488752,-4.716874514235766,,
20170323,10.584250931634491,-29.906346438219185,-9.354473866377585,-7.53424326062727,,
20170324,10.539081875637574,-29.30187943196059,-13.39442757470414,-9.332741687740215,,
20170327,10.357965202034443,-28.55415011824674,-11.087362210394469,-5.4908544470371,,
20170328,10.209848945017756,-27.72476174641302,-13.321820963182722,-3.8385955125666498,,
20170329,9.944163688435593,-26.98716222901257,-14.214787606394085,-6.840948854190241,,
20170330,9.726658503178125,-26.4272957860679,-16.16510794339036,-10.406808649892845,,
20170331,9.591048303625879,-25.958015729498044,-17.674272758669034,-12.207997100205018,,
20170405,9.578508299429364,-25.771213248378274,-18.79701573947152,-17.70514431980326,,
20170406,9.570058145218024,-25.61562661797618,-19.693265920587777,-14.111085349625599,,
20170407,9.340868742994003,-24.237081423916425,-20.53784154509581,-7.560813637742499,,
20170410,9.190433844439369,-23.12183193919662,-22.198465489570186,-11.9978786271579,,
20170411,8.977682230944106,-22.25058449506158,-23.572478518865616,-8.587301574625153,,
20170412,8.902323162002368,-21.634543370854622,-23.715731114306685,-2.943041176746944,,
20170413,8.776468691497243,-21.0604219175757,-23.817329491712925,0.06475792618284006,,
20170414,8.674113985676431,-20.564159618432907,-23.928566257293173,-4.671013687384903,,
20170417,8.624234478972456,-20.208114698329688,-24.057343873753066,-0.9270083477389621,,
20170418,8.550128599493926,-19.890997150794483,-24.195209704578648,-7.293282759997048,,
20170419,8.532260846872168,-19.635011226549754,-24.275816553031884,-6.845638539272413,,
20170420,8.394794194931771,-19.338000868866224,-24.298878991904598,-4.401489280178504,,
20170421,8.269763715614875,-19.13103525002329,-24.48246099227758,-5.475367290863356,,
20170424,8.164188475583924,-19.22439368995807,-24.660903352766887,1.4801548199212304,,
20170425,8.075385137160982,-19.333634947090335,-24.770033740540736,7.136625973559507,,
20170426,8.05630759280985,-19.470093544066447,-25.135877438514765,12.472390282350032,,
20170427,8.036658041983134,-19.676468784192558,-25.4959082143783,16.269417174030018,,
20170428,8.184470773162484,-19.875102875753512,-25.85270640925297,19.32284832107691,,
20170502,8.265522067734032,-20.04141289761557,-26.05794568214156,21.581058365725738,,
20170503,8.312610214689204,-20.165890896507648,-26.295324729804676,23.303899349130404,,
20170504,8.31002863050779,-20.276322073393505,-26.018696984080357,24.664090359830308,,
20170505,8.30873657678782,-20.370158012267964,-25.781613260031396,26.40953626168292,,
20170508,8.491872311799957,-22.924139921150722,-25.670738849989352,27.81288530965131,,
20170509,8.57679883108028,-25.15201870859133,-25.62620202717013,28.610583769532884,,
20170510,8.828467448709745,-26.92328236231055,-25.608774759342197,29.911296070999015,,
20170511,9.017838683187698,-28.295584899530063,-26.425135502190567,30.947118330800485,,
20170512,9.198403148720129,-29.281363667677994,-27.12958228467782,31.96860365578607,,
20170515,9.389441835087498,-30.450208732542848,-27.803465057777593,32.928299689693674,,
20170516,9.597009683399701,-31.516311343036794,-28.312891178754167,34.01926715819135,,
20170517,9.854207376130136,-32.77659660093655,-23.319230236363204,34.51590749947832,,
20170518,10.134640918590632,-33.81084615954883,-20.88799231968454,35.12953318197857,,
20170519,10.681971343221715,-35.20467730182056,-18.190635177697985,35.63726169404236,,
20170522,10.728563164440311,-35.389636746961216,-10.544812696345,36.1500169969126,,
20170523,10.838732626659436,-35.563051766897374,-10.87078584621803,37.342126390223086,,
20170524,10.928285565538843,-35.68383483560635,-9.689584697817631,38.20367109002823,,
20170525,10.982394270215062,-35.950260135374926,-9.80148935241894,38.76156431055793,,
20170526,11.028783292126198,-36.184550469396605,-8.536361137630314,39.724575530049414,,
20170531,10.960713809108105,-36.512371841462034,-9.048101324697186,40.36391446247096,,
20170601,10.960289937432993,-36.454922367471625,-10.493252359324744,41.53987062425125,,
20170602,11.021480622981864,-36.64308205726436,-10.029624594502133,42.80268707412557,,
20170605,11.170196836098382,-36.5972836607993,-9.605672664770553,44.174581025170774,,
20170606,11.242233103022715,-36.52638631627224,-13.026874091889184,45.384496745272926,,
20170607,11.294833618298512,-36.36542131817246,-11.55162569686264,46.10806756792124,,
20170608,11.26636852873118,-36.10599139585128,-8.070102671405296,47.765435000572396,,
20170609,11.243756779092339,-35.85330001978425,-10.961513946535254,35.51212218155357,,
20170612,11.195800262183969,-35.56367175806763,-9.4040163682517,26.61543272941105,,
20170613,10.97650126711341,-35.56922391904845,-8.796567653287882,38.6820182910056,,
20170614,10.748278537418395,-35.56636168154132,-6.872588928110923,43.263878235489436,,
20170615,10.594803015929259,-36.055569332884176,-6.925524197449811,39.327756131611714,,
20170616,10.486215302653182,-36.42146021772376,-8.23270436497494,29.96924775719765,,
20170619,10.411036250022054,-37.77571483691695,-8.714609967331153,29.723082796789438,,
20170620,10.343763728503836,-38.86387511730537,-4.506382414382999,19.609173895859758,,
20170621,10.613436771254126,-40.178681126807234,-4.178931256711471,16.39330274055837,,
20170622,10.66484111564142,-41.25773608127228,-6.061561713722705,15.723883720960616,,
20170623,10.672633280046048,-41.61253352559399,-2.294327377289965,8.986656593591803,,
20170626,10.677221469185,-41.4164700953317,-5.773067878583052,2.8048436891557826,,
20170627,10.632786456920241,-41.12968673299342,-7.148186477962532,-1.0158747589957513,,
20170628,10.714082476300877,-41.01984375446544,-7.015257663196571,-1.652755066162799,,
20170629,10.79105838236244,-41.088816083992754,-4.726944684190981,-4.885705450117219,,
20170630,10.859999943288967,-41.13887326444588,-7.123113648351678,-3.686993065950185,,
20170703,11.003279386871554,-41.318661590065325,-7.602043366838663,-10.799610711857307,,
20170704,11.186712949462105,-40.527734776899706,-3.947090534960527,-9.246402760302246,,
20170705,11.380800398214562,-39.51251829040421,-7.984335657843934,-14.255331117499669,,
20170706,11.7027236252354,-38.75437800038856,-10.76955385181434,-14.666770963320966,,
20170707,11.97239441131191,-38.08535042288822,-11.324161641768447,-18.887547228572675,,
20170710,12.134672783147444,-37.369568148392304,-9.097532231934673,-15.316176301368769,,
20170711,13.063033753319745,-36.68007600889615,-8.935241602070073,-17.056373985485614,,
20170712,13.835591801401073,-36.08732004437005,-3.913440285348529,-15.634264466788467,,
20170713,14.435370334344732,-35.599116250513276,-4.19554386643085,-18.926973177524978,,
20170714,14.533477487311504,-34.94335037268703,-0.8530261095959077,-11.34722695309076,,
20170717,14.511116316826651,-34.30338196029897,8.811796646557296,-9.31610050617812,,
20170718,14.301533618809994,-33.82298027466142,10.195713619761957,-12.776889031496165,,
20170719,14.131684098585808,-33.41572219277654,10.185647852239493,17.296464224187503,,
20170720,14.173143769845828,-33.067970358327855,9.609224816594653,11.792689857467577,,
20170721,14.272040787343645,-32.8280942500037,9.30609081358946,9.016227047989576,,
20170724,14.397183288872755,-32.764867519801115,10.006815639392704,7.854948325658207,,
20170725,14.545411176733554,-32.76734859537273,14.480848856465617,2.3672780632026407,,
20170726,14.674261919455814,-32.8150224980307,18.801727669698742,12.833605948512764,,
20170727,14.779025957449036,-32.64992043779742,16.34473617798331,40.940124458842945,,
20170728,14.76339216325733,-32.40432324015169,17.404893669891838,52.648051634895694,,
20170731,14.781509204998493,-32.092494808200065,15.623846056459588,45.60562846422217,,
20170801,14.624408500136207,-32.030722008830814,12.249307657539909,36.69232477443238,,
20170802,14.488101691610714,-32.17110298470661,9.48764264988523,28.24724558458691,,
20170803,14.28326237685475,-32.28441447712607,7.2257962626108085,16.2724917023682,,
20170804,14.104668024145935,-32.354371684174794,5.36485046204886,10.383861601036186,,
20170807,14.05429639806994,-32.57632794071571,3.8018288902493,2.951887374553074,,
20170808,13.99245568206302,-33.215997536015315,2.5410032094222847,0.39699865948602947,,
20170809,13.529728822589734,-32.78549502982666,1.61624911309234,5.576490028930219,,
20170810,13.03207050044684,-32.1884058676864,0.8632786985878762,3.551721878387855,,
20170811,12.661786384223825,-31.535011051413427,0.27002351599094965,2.1656047802228997,,
20170814,12.42296979980743,-31.060655951991226,-0.25572669186476954,-4.912300534311196,,
20170815,12.307623582505572,-30.824250308896886,-0.6781443219367345,-12.432085972363517,,
20170816,12.128236883864854,-30.684373426260997,-1.0265190145294054,-15.508544093707071,,
20170817,11.60312784835488,-29.726354455859774,-1.283904138617976,-10.606542235347195,,
20170818,11.17940284232032,-28.499306363306694,-1.4975794827360183,-16.52131030958959,,
20170821,10.832596481896056,-27.40091993205326,-1.6361022196045625,-19.654618759773406,,
20170822,10.537447130488799,-26.399374326242587,-1.7653964560824096,-23.188846463106657,,
20170823,10.24458266055734,-25.609402191570883,-1.8709960179699645,-20.71828250418766,,
20170824,9.998882846273263,-24.96181396733041,-1.9505395920728,-25.767847518907047,,
20170825,9.839275517843841,-24.492087809024863,-2.015228221105276,-29.701615645133714,,
20170828,9.65530876014167,-23.982798689245463,-2.0602384484093132,-32.51675945444417,,
20170829,9.562991364442103,-23.618712352656555,-2.111524960866087,-35.678749005578915,,
20170830,9.486915351897187,-23.302618712785094,-2.147002600032215,-38.24978334387907,,
20170831,9.400256510821382,-23.010836559623613,-2.175394601665181,-40.01124330368967,,
20170901,9.317069875779236,-22.784276921481055,-2.1994747112733215,-41.69427929680946,,
20170904,9.254802730648679,-22.63578618295598,-2.216104426335735,-43.080877769499,,
20170905,9.223137918455901,-22.5168987531,-2.2387591379716856,-44.28228240925347,,
20170906,9.113048010906919,-22.607813758151714,-2.309213850177627,-45.226926844569604,,
20170907,9.063598486868596,-22.73355202405821,-2.368636334408161,-45.98664803288015,,
20170908,9.030669986811267,-22.995798963296505,-2.378497399158851,-47.12109478684049,,
20170911,8.985952351137806,-23.199699626476153,-2.3713193332612743,-48.37422644356338,,
20170912,8.946088205219324,-23.29052972513478,-2.37103461248512,-49.425550325246995,,
20170913,8.93415531790713,-23.232947390898854,2.3327319657900665,-50.65000830714605,,
20170914,9.473624084322486,-24.047585417711648,10.265264782489194,-53.28495225780618,,
20170915,9.944395221030598,-25.143764742544757,10.694009941474844,-54.96091661051891,,
20170918,10.182431613390085,-25.306658180579856,15.247286473757892,-55.46730469734072,,
20170919,10.336675122166135,-25.58184098961455,14.06384891485727,-55.53416822977735,,
20170920,10.483108300594493,-25.29957326718082,15.348491300997114,-56.74280106317106,,
20170921,10.539863273909019,-25.12601425179525,15.462460100071736,-57.67739060019293,,
20170922,10.53492966504924,-24.746383992895005,16.045939623970813,-58.37109874563961,,
20170925,10.45556290844757,-24.679336542918648,10.525019136845959,-58.49428404660892,,
20170926,10.333939794146103,-24.615748321780714,4.316315788029423,-57.632156451724775,,
20170927,10.225920938426112,-24.561121692265104,-0.7810539039211256,-57.201166161118344,,
20170928,10.14431937760148,-24.568887488271493,-3.5370065596610525,-57.42923122993052,,
20170929,10.074478448219038,-24.400064468944937,-7.374905748742039,-57.53581777117441,,
20171009,9.914274304803932,-24.244065297635576,-11.670061295289525,-57.052213509756456,,
20171010,9.726761550900397,-23.844336393445584,-13.119534712138107,-56.28846653910188,,
20171011,9.866602618954788,-23.842483870921555,-14.56291876460132,-55.73156924066962,,
20171012,9.999539238515062,-23.89510840878971,-14.361736246500008,-55.3052928431755,,
20171013,10.160999046124678,-23.911661832985214,-15.766294531782927,-54.92093124584851,,
20171016,10.314549052471694,-23.958330675270645,-15.568624709139486,-54.46613521304472,,
20171017,10.2435230762388,-23.85199312153901,-13.89825550696058,-47.90911255451267,,
20171018,10.19899193465682,-23.58567002131762,-14.22780942625877,-37.85588092998297,,
20171019,10.172514736286193,-23.327801911235017,-11.943344098349767,-34.540395501556205,,
20171020,10.132467906081372,-23.122159843644916,-11.698588384402166,-29.32677417106577,,
20171023,10.181429040870206,-23.48516176051031,-10.011723030968277,-21.14055749602845,,
20171024,10.212214913456473,-23.776155848874886,-11.332118867234456,-22.955636583021988,,
20171025,10.238632518792565,-24.761932849686513,-12.472125862096863,-30.784795245670704,,
20171026,10.28982467037904,-25.533652626974263,-14.872874930258702,-35.67507974968626,,
20171027,10.37637218061573,-26.0539401744786,-14.122150458642833,-32.51728449415301,,
20171030,10.517235391673035,-26.68777977821037,-15.84825333667557,-37.4549039425798,,
20171031,10.671168121349442,-26.97849791142023,-16.138395874974602,-35.29122860677029,,
20171101,10.823650035514842,-27.14711804664126,-18.125035485034033,12.327300399091204,,
20171102,10.961291610810322,-27.277443276368334,-13.576140639829337,9.851072356413818,,
20171103,11.137035139829583,-28.223357048889156,-11.068951350432616,-6.7386689407061615,,
20171106,11.537578143223891,-28.75152276536552,-9.66853380969937,-15.966138801443181,,
20171107,11.976023640598157,-29.46599905103251,-10.716293598911067,-9.022095384593165,,
20171108,12.313961458387116,-30.05715846021827,-9.541524863832642,-9.967573042625675,,
20171109,12.57719386532022,-30.390572986321796,-7.845361244490126,-12.700071618644728,,
20171110,12.818816243160729,-30.10920530197019,-6.4582105063811435,-2.3841032709167447,,
20171113,12.9731948920858,-29.878119878068663,-5.323429403025594,-8.639250884964378,,
20171114,13.619131974285612,-29.803384604208453,-4.394565512278477,-10.338519091803185,,
20171115,13.633485338083986,-29.909189839141337,-3.6296175091928693,-2.220114406174131,,
20171116,13.652831885819142,-30.184929238172007,-3.003720616688149,-10.459649534067632,,
20171117,13.746318349587172,-30.43269228931132,-2.4938293187526104,-16.922563955833244,,
20171120,13.82394479177506,-30.440298835685976,-2.077834556967834,-26.56757381241013,,
20171121,13.988005402983122,-30.474247436650092,-1.7381146444606184,-28.197304480750805,,
20171122,13.892075762443525,-30.55019630790553,-1.4601527791646582,-33.573112156764275,,
20171123,13.921985004433957,-29.87037219769001,-1.2326033649435342,-21.338971054614397,,
20171124,14.116881766029742,-29.545054170903157,-1.0471276740263775,-16.178182148670622,,
20171127,14.05881638328061,-29.447191477242,-0.8933095571080811,-12.386007431158935,,
20171128,14.10536365034293,-29.62359404067637,-0.7683226832247033,-10.629568446200011,,
20171129,14.148593257522496,-29.775437658434345,-0.6718824267577365,-15.938563817164555,,
20171130,14.153890327454022,-29.857735430094653,-0.5954686488564163,-10.539732743314842,,
20171201,14.109972787900139,-29.64385374962641,-0.5329589005811068,-0.6366473070452324,,
20171204,13.953906115394732,-29.470120813932546,-0.48059085712359556,-3.5985918894759013,,
20171205,13.777089400958934,-29.326274201100695,-0.4370222804217629,-11.94306725921627,,
20171206,13.481270204572732,-29.19184868010886,-0.40037631048966277,-11.026468892828591,,
20171207,13.25188209379018,-29.150376022649876,-0.37097054732893137,-18.435539730322994,,
20171208,13.039073064480846,-29.53525425355605,-0.34495534457290145,-21.882255516965362,,
20171211,12.903260088067144,-29.84870462895714,-0.32399528891716406,-16.385275943348546,,
20171212,12.712884315837218,-29.219845145358335,-0.304997732527023,17.106431054629606,,
20171213,12.857261548883752,-28.947052211622623,-0.29644686878652055,33.48030109712397,,
20171214,12.968196038322953,-28.73363791466235,-0.2894314453614231,56.90746789449227,,
20171215,13.020472651793543,-28.565519253088535,-0.28369418008614444,45.16049967638581,,
20171218,13.023368783737503,-28.359847283339644,-0.27359405422803595,45.15443341489288,,
20171219,12.947029203047173,-28.176822965514674,-0.26511896319076844,32.975395465333285,,
20171220,13.032664078955392,-28.130140327088778,-0.25828527390866324,21.847795279511377,,
20171221,13.111976011708213,-29.073215797274077,-0.25283000518741905,11.822607503870579,,
20171222,13.169628369336053,-29.947562008307468,-1.4103540354184563,3.299352826390941,,
20171225,13.433557785412088,-30.818817584091406,-1.3140684601767059,-3.5592438887459035,,
20171226,13.642948481726366,-31.45158428582181,-4.095452271292503,-8.772650999964526,,
20171227,13.7905814554689,-32.05458516628675,-5.313818431050521,-13.049247959207937,,
20171228,13.843004616808203,-32.476963792448245,-3.357751756575847,-16.405169329925442,,
20171229,13.918379488256768,-33.21692735473627,-2.7935434558251115,-19.20957916757874,,
20180102,14.087529918397003,-33.85759545524943,-7.624612754030895,-21.498058378242376,,
20180103,14.414835372387461,-34.110995092440874,-8.76433598226322,-23.464300573004902,,
20180104,15.381966032373482,-34.47733407719828,-8.319806496208503,-25.07894644741761,,
20180105,16.18997835136108,-34.79630709665336,-8.645413135282107,-26.517128642054193,,
20180108,16.865626975751333,-35.123224971954414,-9.295778966891799,-27.620860193495552,,
20180109,17.367636864934084,-35.34262376746802,-11.356031669875627,-28.82977051589118,,
20180110,17.630173557046977,-37.57651151910788,-8.786739225396111,-29.826053369182162,,
20180111,17.858253490682316,-39.48613395817387,-10.510719859924594,-32.59607620904813,,
20180112,18.082750366894615,-41.32254066834003,-8.392648151173654,-34.85796653042389,,
20180115,18.3408919495009,-42.83364075066426,-7.493409306216166,-36.59667568175736,,
20180116,18.434407372616217,-43.97430291736803,-5.250081295666253,-40.75232259942907,,
20180117,18.812928398808598,-44.001480372265775,-4.568821741365421,-44.17491604882096,,
20180118,19.222900849024118,-43.96783304610964,-6.854543325907009,-46.565956816009994,,
20180119,19.56771546186978,-43.79121981835476,-4.5364766980534705,-47.01429214944954,,
20180122,19.848845582086124,-43.59822224711722,-3.3068703792594816,-47.45140664259271,,
20180123,20.37694186903034,-43.05099946098397,-0.45891298532847813,-47.88595514603472,,
20180124,20.502379095424985,-42.41705969729734,0.9341363281320896,-49.15670549254037,,
20180125,20.324099896303817,-41.88913297441443,8.941927659236946,-50.29556773101142,,
20180126,20.35688354908395,-41.45315657812795,8.994484924826706,-52.05061851786237,,
20180129,19.344421196314514,-40.72689692473952,11.92287696259437,-49.952219687774026,,
20180130,18.44751840580252,-39.95061614320036,12.279189849217211,-48.14348770260071,,
20180131,17.71999465817315,-39.53220065381749,14.567347091316318,-46.85612247909174,,
20180201,17.134915585213566,-39.113845782577634,12.847400874343686,-45.62106886681521,,
20180202,16.644314236726565,-38.7631966967471,14.082378054153647,-44.53068571327587,,
20180205,16.24309700812432,-38.43663179076936,20.023034931921213,-24.721497727008305,,
20180206,15.91125181099059,-38.33899748327495,23.581530620963385,-15.54085642271537,,
20180207,15.732048720984917,-38.148685230227535,23.036636071437318,8.399264265799838,,
20180208,15.582215848821459,-37.94905851818318,24.31238232812559,23.726774514258206,,
20180209,15.453874390524534,-37.8447181673341,22.977098430278254,30.0869142787636,,
20180212,15.32264451363048,-37.771285332492674,15.727512927042984,26.69446135143978,,
20180213,15.210706302647003,-38.326589571972654,8.171379230467611,15.4524979903025,,
20180214,14.982643316160482,-38.839662623082134,2.1726281025854015,12.171894905123223,,
20180222,14.713627263271949,-39.3516637786128,-5.000002918842932,-0.3401009886726135,,
20180223,14.468048293260207,-40.079304968072364,-7.665661351275296,-3.0162066556348495,,
20180226,14.267346328973682,-40.69671339567097,-9.775164684233916,-6.332665440923113,,
20180227,14.102569262854821,-41.91440829332647,-11.411868712032128,-5.769108638420227,,
20180228,14.007043577055608,-42.63875005162021,-12.958991287808066,-9.424918972315393,,
20180301,14.056699666877668,-43.22052403024907,-15.423122130094441,-12.407168450868873,,
20180302,14.081693856940388,-43.67298767291347,-15.728169873975704,-17.81486353280307,,
20180305,14.62614008630202,-45.121068306939456,-18.215948625627238,-22.916221857363013,,
20180306,15.052707420701912,-46.73497874461388,-19.50822954607183,-20.143219542774425,,
20180307,15.401799151629525,-48.01031133629844,-21.71862401876829,-21.06919659286984,,
20180308,15.664203053696895,-49.495836999162286,-23.036314470401603,-24.044153454543586,,
20180309,15.752988609936613,-50.9558618878562,-23.457028267071273,-13.702353157509636,,
20180312,15.565229802418544,-52.20529106726955,-21.941494186389566,-15.009247784145915,,
20180313,15.388256044189164,-52.64237463968781,-24.153317369998806,-19.344440636939353,,
20180314,15.227079689120028,-52.2671325903286,-26.275802417525977,-12.02070750757926,,
20180315,15.04130802134,-51.91660725108076,-28.030412352637033,-0.3778570066436427,,
20180316,14.883380529754675,-51.49960314130624,-29.748776631680574,3.121848164620516,,
20180319,14.76437745608833,-50.8462970397295,-30.294299542835216,-2.7772723864800617,,
20180320,14.782559258236939,-50.31300152704323,-31.23760277793133,-5.504611034394233,,
20180321,14.988247373145517,-51.10416686212761,-32.244492148485094,-5.288561450811158,,
20180322,14.878834667172585,-49.256516793221365,-31.18252377628085,-9.015586161532843,,
20180323,14.870655205207067,-47.071602229652335,-26.424870001078624,12.018238188337087,,
20180326,14.901754084618664,-45.32321889004115,-25.16855439371426,12.437693922437592,,
20180327,14.76939845526277,-43.758105807350454,-26.379054269656933,5.607199343258011,,
20180328,14.682300582669656,-42.69587898046375,-27.361755619238593,3.147583132410815,,
20180329,14.574015253187017,-41.82301726541381,-27.713863051233247,-0.48394818180223415,,
20180330,14.490523444201058,-41.20773060634604,-28.224092998114756,2.5289380203743925,,
20180402,14.726935790325246,-40.79192246860677,-28.629719834362227,7.371217660232833,,
20180403,14.944190937172658,-40.33479279910168,-29.020660312705356,3.7352348752839952,,
20180404,15.099723766818682,-39.961757363103025,-29.33679156588432,-0.7161353614428616,,
20180409,15.23267236094083,-39.708200572046714,-29.668904156169653,-5.601594800067956,,
20180410,15.619122518750187,-39.53489329566959,-29.8281793033344,-9.329067684157938,,
20180411,16.202398984024676,-39.398813026149654,-30.743388510278145,-12.259634968408584,,
20180412,15.65491757497208,-39.66456151852432,-31.462874764405775,-10.885935452788681,,
20180413,15.220824567013626,-40.21021159446254,-31.8883314776334,-10.888425429481893,,
20180416,14.8692998831703,-40.695320734927,-32.297655101863754,-12.083018919569689,,
20180417,14.587962883052038,-41.127739424351184,-32.60592336598992,-13.023789193531977,,
20180418,14.309448021672702,-41.77172196474666,-33.01805105464721,-13.771343378181799,,
20180419,13.79607213907316,-42.08910484235148,-32.63729106304895,-14.449110596117084,,
20180420,13.435380968746271,-42.34053995695688,-31.650624967417034,-15.018606763530501,,
20180423,13.251936519767932,-44.97358403427504,-30.832872216990193,-15.582233661852694,,
20180424,13.116757247905854,-51.251304558780774,-30.599169303186237,-16.604060591012672,,
20180425,12.965434298276406,-55.49273284220364,-30.787270644164675,-17.476992121912712,,
20180426,12.793362670157126,-60.03323588069046,-31.014130930282963,-18.18071085656945,,
20180427,12.599010716834398,-63.0802644123206,-31.27097610807116,-18.89654218589537,,
20180502,12.460044966936191,-64.25570231017345,-31.78947700591757,-19.54569542547224,,
20180503,12.339045070914368,-65.2462666349328,-32.22681635943666,-21.36863308898545,,
20180504,12.167428676590003,-66.15192316149964,-32.509484347511126,-23.34903054751035,,
20180507,11.79445111579853,-65.53482369523172,-32.72538842895393,-25.076018197412562,,
20180508,11.496317378199418,-65.11130954894014,-32.92840258422438,-26.084251664530854,,
20180509,11.257760336210001,-65.0255862004074,-32.99633421602883,-26.827331729686076,,
20180510,11.071573329746302,-65.12556452753903,-33.15180120171234,-27.134492617478166,,
20180511,10.923737421056591,-64.55756259097251,-33.31096841994602,-27.263900732599854,,
20180514,11.225072835516572,-63.652596203643995,-33.021298595421456,-27.56359365800047,,
20180515,11.45025346176236,-63.45524969250068,-31.115413855102123,-27.80589856440185,,
20180516,11.652156953421287,-63.02435158916683,-28.447573504849203,-28.144547038118034,,
20180517,11.784628233711736,-62.596282266730846,-29.89545002852771,-28.622053193961076,,
20180518,11.903766772588808,-61.76039791660019,-26.83536904272497,-29.0160318263251,,
20180521,12.29955076664744,-61.17831355198773,-26.767276573791644,-28.90075401237582,,
20180522,12.52435303118862,-59.74681743976219,-29.834661325047033,-28.807495843800123,,
20180523,12.722300081481862,-58.57373272450199,-31.197020707704205,-28.304816922988337,,
20180524,12.869353216437746,-57.77956130458939,-34.06948687696321,-28.377119628760788,,
20180525,12.963661474808065,-57.97662179470254,-26.37707819764714,-27.90987256973962,,
20180528,13.212287930500127,-57.50798100167211,-28.004777240723016,-26.191843920184166,,
20180529,13.442583533080958,-57.067941040830334,-25.248210151811794,-24.195152293824936,,
20180530,13.607440804210736,-55.75784225289864,-25.371504354356574,-22.493194936626868,,
20180531,13.60003232503178,-54.9968666313653,-20.636332711960954,25.013351708711976,,
20180601,13.789450395577514,-54.037131475111785,-7.1800393493796255,50.607448315351256,,
20180604,14.518683287833174,-53.85202325363789,3.8297694102844533,66.06032418181533,,
20180605,15.068277677473935,-51.12827151130439,12.77169933399466,70.68066019535277,,
20180606,15.388035449192744,-48.95218073136481,20.299501661156896,66.77897542360702,,
20180607,15.573630728575969,-47.15629032518606,26.371483062416683,73.20430926564711,,
20180608,15.733411592792116,-45.271259009076566,29.88224774747952,62.03325886965284,,
20180611,15.891055969990909,-43.789788471127316,33.212893935463924,47.5066765518516,,
20180612,16.067446590205385,-42.5707876028333,35.82657987540999,36.66101053726486,,
20180613,16.05953208935416,-41.584177022717974,37.89633123042403,39.878227432829206,,
20180614,16.149755923920313,-40.43849451590186,39.59863026457842,33.37934664157485,,
20180615,16.15672300583709,-39.596430736492806,41.47824466067286,25.409354410422676,,
20180619,15.83750469745932,-38.84965226858758,42.42521557174603,15.496304398932491,,
20180620,15.729762111360156,-38.63035246917301,43.26131401174844,5.577442581646747,,
20180621,15.595937748638681,-38.39739649185055,43.84759995444274,-1.6601003207544784,,
20180622,15.456875994337446,-38.40840274923679,44.200285011704715,-8.083065677169797,,
20180625,15.139054976814187,-38.40901051712378,44.5958553564962,-11.510642421460956,,
20180626,14.920531027670284,-38.0460706604779,44.39591960723144,-16.242614114028182,,
20180627,14.699844809063134,-37.635780775512714,44.63289278584642,-24.268901948527375,,
20180628,14.476501740623572,-37.09059699180749,44.82182871749279,-25.39061799017103,,
20180629,14.476435938760332,-36.55166383535629,45.70978109943555,-30.921074621851783,,
20180702,14.445189138372463,-35.72211972889092,46.00788205870741,-30.86121816004778,,
20180703,14.396101843775497,-35.04364893704957,46.245713542530886,-38.14577809178119,,
20180704,13.920314370194589,-35.96424475124295,45.56850771494578,-41.92093161687856,,
20180705,13.478243011401757,-36.41498990666709,45.483578047330575,-40.16271813434704,,
20180706,12.997553538982194,-36.73590804217058,45.39565256667098,-37.90102018620553,,
20180709,12.58496183235208,-37.21918326135868,45.90379985222957,-42.91235221256285,,
20180710,12.248825304457029,-37.657875292471225,46.41767318608978,-49.19571481467396,,
20180711,11.652724669640572,-37.44638017476259,46.29428027222466,-46.76682387720785,,
20180712,11.062417137592831,-37.25365521828566,44.651426776009,-49.79589329618325,,
20180713,10.57397947388521,-37.208211628673226,43.22321167960869,-49.51515457840859,,
20180716,10.172077196448246,-37.12341393494489,41.892987332012105,-50.86060027276639,,
20180717,9.871959484589931,-36.919407716868044,34.17451997933811,-51.88207523545079,,
20180718,9.522379999521045,-36.70533316531223,28.708197279987544,-55.58567556883866,,
20180719,9.181092841191136,-36.50607954794923,25.493914805203264,-57.98416561707464,,
20180720,8.89729136218681,-36.34481811532993,21.120768098389018,-48.039872567582215,,
20180723,8.68740140395894,-36.181729069786634,15.712513507561113,-45.494792265294585,,
20180724,8.516912615130064,-36.51418767491264,10.466828856548286,-45.60245214687752,,
20180725,8.390205168635672,-36.817755025468806,7.635982443677592,-40.85209840393511,,
20180726,8.299368457609335,-38.18237916377477,2.986931419247931,-40.40444379236113,,
20180727,8.23932179326914,-39.30249677762535,0.10012138621299184,-29.87426973698569,,
20180730,8.174544799184972,-40.06856347359376,-3.6659445665887773,-17.898350531289772,,
20180731,8.067621394904894,-40.66379113881155,-7.678657451224495,-20.298837062281862,,
20180801,8.086474907550427,-41.165403591206,-11.241243670726508,-25.410722196394257,,
20180802,8.189346382745093,-41.957053578131905,-12.79140118072609,-27.742986312943984,,
20180803,8.307732793634854,-42.301892661559954,-13.997216843241702,-26.760378743149406,,
20180806,8.409747834119365,-42.570089476586034,-14.930414227664228,-33.03070786568898,,
20180807,8.53003680515385,-42.12152585465321,-15.570932194415635,-35.87503926227843,,
20180808,9.246119359728667,-41.776480312320665,-16.267734966573713,-40.880611022943725,,
20180809,9.974716103207497,-41.49980986533209,-17.8055671103369,-47.80426394157514,,
20180810,10.633576474653784,-41.12809814322472,-19.132393322896014,-40.19216048514326,,
20180813,11.275963827589797,-40.852705916979495,-20.58293456857278,-48.02321178415943,,
20180814,11.587721016376902,-40.70199031529518,-21.436522342997893,-54.732868665865944,,
20180815,11.980384039580336,-40.38455249298673,-21.86370802977957,-58.7326510366974,,
20180816,12.085796180061493,-39.59021721510731,-22.16759618932814,-61.957429438330294,,
20180817,12.185031738086748,-38.90178896669116,-22.40476057615713,-64.89436332396446,,
20180820,12.1163758822507,-38.190795887826084,-22.3962975215916,-67.16170113993918,,
20180821,11.87824260179947,-37.6645019610672,-22.41281414677558,-69.0611015612392,,
20180822,11.676582423475667,-37.56008612178603,-22.34453250311028,-71.15511281723597,,
20180823,11.463114466343187,-37.03883256660551,-22.175788726110646,-72.84373101982769,,
20180824,11.176516236368538,-35.75916981765342,-22.05025675054807,-74.61985271483906,,
20180827,10.991305581270602,-35.047606952788556,-21.88956072770343,-76.75701840169084,,
20180828,10.926957549443118,-34.46903982843603,-21.82470021385136,-78.31434534831659,,
20180829,10.796256411327086,-34.04636265400758,-21.76062618024814,-79.82823380809475,,
20180830,10.667501396632682,-33.34773356987312,-22.033906064359954,-81.09508495196944,,
20180831,10.535538445570259,-33.05104283548703,-22.027267535500318,-83.5042372180578,,
20180903,10.369678431372936,-32.89213714321423,-21.8946420155188,-85.42427382635807,,
20180904,10.237718986376183,-32.87835727737951,-21.93151241550172,-86.4087587187929,,
20180905,10.078509220575652,-33.06075368794927,-22.155427202865155,-85.23352156401187,,
20180906,9.878770992748384,-33.184795256859644,-22.323850113107042,-84.06996011339002,,
20180907,9.74337032983843,-33.48521179017532,-22.402086009397838,-83.90074434254645,,
20180910,9.625453721398014,-33.367631829010286,-22.49135986201201,-82.63912251529732,,
20180911,9.570437001466859,-32.9451582979973,-22.638314389030896,-81.52032312166381,,
20180912,9.565728831831679,-32.74040596042785,-22.892942086672694,-81.34184943578518,,
20180913,9.716631423718944,-33.1852002537357,-22.77902596843931,-81.21397491546861,,
20180914,9.856109473682595,-33.745256583927606,-22.215240925855834,-81.18932225738058,,
20180917,9.981790780453046,-33.64698504566859,-17.08956211164792,-81.23356942911636,,
20180918,10.019160303356712,-33.570907611583884,-14.841893246325885,-81.26746233994348,,
20180919,9.989533837871774,-33.48065689574627,-11.17171546962253,-81.38398332373582,,
20180920,9.978339411663363,-33.558369153112814,-10.634591778440722,-80.70715826847051,,
20180921,10.023795605257702,-34.36986874990932,-7.482795338811784,-79.75875929695077,,
20180925,10.072784638376865,-35.06141540846712,-13.884975800514162,-78.86201119952413,,
20180926,10.104326365194243,-35.2267843305949,-13.904396951375988,-71.5822386967232,,
20180927,10.228401692070529,-35.30323852270782,-14.637533899176214,-49.91422806347803,,
20180928,10.29955966069647,-35.724679583556494,-15.776449154962046,-40.27757597634962,,
20181008,10.379612176785313,-36.14665039779894,-22.294612317033135,-45.78651941312819,,
20181009,10.358160082960541,-36.30092192803078,-22.205431093709816,-42.98133290424095,,
20181010,10.33632921985026,-36.41179629153565,-22.366763968253736,-37.47015584922024,,
20181011,10.37887336658033,-36.57402834214203,-22.013885112896713,-32.394535211518914,,
20181012,10.462063037618774,-36.16435500812753,-21.4901541103583,-18.56094398657517,,
20181015,10.464050388077512,-35.71598181646032,-21.117969251380863,-20.794272914280068,,
20181016,10.395903655030228,-35.834630028022836,-20.67427396244706,-18.148438439202682,,
20181017,10.39143198187594,-36.42374818009063,-20.302018765579003,-16.47978155614622,,
20181018,10.405140235786678,-36.857227133189376,-19.855342213693454,-18.488168853322264,,
20181019,10.485674994126494,-36.9835813449054,-19.43543546078104,-8.156760071904015,,
20181022,10.557624080754222,-37.13842419297394,-19.072784570977152,-13.891637259049297,,
20181023,10.677348650171679,-37.781162017970004,-18.801831817120313,-0.5904229242003193,,
20181024,10.773938134903894,-38.316387073411256,-18.573775439173772,-0.43332632234610197,,
20181025,10.881543272798542,-38.548416929330514,-18.39529114856054,4.932119043327994,,
20181026,10.944320702204806,-38.69750760474419,-18.03725595775629,7.785375378308613,,
20181029,11.017578201738099,-39.02514580739126,-17.863045525710557,3.718300755167451,,
20181030,11.044949608626338,-39.13208742244079,-17.73416335361822,-1.5348540228652283,,
20181031,11.085104594704305,-39.82033316078167,-17.640203784242804,-3.6165623720876847,,
20181101,11.083934374184821,-40.220880228731666,-17.59089219009961,-9.365731544191895,,
20181102,11.069643255253714,-40.91213147256356,-17.392995989716493,-13.933181751795495,,
20181105,10.910788555097056,-41.32228573815841,-17.225206499815116,-11.286244222529865,,
20181106,10.995705249654371,-41.51183423744583,-17.214740919703424,-14.756956338317424,,
20181107,11.034091973320287,-41.71911048533696,-17.213518737050368,-11.127919768801613,,
20181108,11.099087810094074,-41.89167153626454,-17.419222429268387,7.479364194072512,,
20181109,11.173704445720807,-43.14715547045991,-17.900275025834144,36.020398975523165,,
20181112,11.270328017072131,-44.610710814334325,-18.242163115001215,74.29861809496369,,
20181113,11.39391703989051,-45.67369007871643,-18.56673109496658,90.49156624166746,,
20181114,11.479714986702023,-46.59703304479769,-18.85931190727957,98.15266623371622,,
20181115,11.318799367488273,-47.40390080150635,-19.05801744520282,128.23702059167695,,
20181116,11.172492614443192,-48.58135693047667,-19.6067194638095,129.1563007783535,,
20181119,11.055778098982358,-49.732954184012414,-20.160166720674297,123.64116673269913,,
20181120,10.966555552596022,-50.93437675030159,-20.649187689302167,116.74575346845062,,
20181121,11.08967265999527,-51.89372489600121,-13.818450809476285,117.1734211453279,,
20181122,11.259374315601276,-53.750829897063475,-10.934760562048249,100.37760624230881,,
20181123,11.406213771652448,-55.13095871253467,-4.534133644627805,99.80128312673673,,
20181126,11.48247515710634,-54.302685656590846,0.14477851104848463,94.08325881264496,,
20181127,11.393588294298581,-53.539542747118034,-1.5829973901696248,83.84154570527811,,
20181128,11.2876790894838,-52.49477453342781,-3.8706494844894093,73.84829433840899,,
20181129,11.210654896087085,-52.6960709400336,-8.390077563193653,54.597764098030275,,
20181130,11.119489743417697,-52.72415141106526,-9.23866280453451,39.87686007031987,,
20181203,11.033416742933296,-52.08058873865548,-6.991389174611145,32.71877105003492,,
20181204,10.998841111710743,-52.000945742988904,-12.964727495314557,15.690868657664975,,
20181205,11.107083170920307,-51.96100578037258,-17.89898926518211,1.7060726318308534,,
20181206,11.190657106193317,-51.8520311839869,-21.94463088952219,-9.852682283315685,,
20181207,11.117145708071211,-51.68921693738754,-25.259834731406755,-20.15092734557927,,
20181210,10.905187046974026,-51.496715087110964,-28.292516712078275,-29.977966938808237,,
20181211,10.731763194609304,-51.27007079013403,-30.8995277211848,-38.01290012903847,,
20181212,10.62308826941979,-50.82525494200169,-33.203566167110424,-44.81900929974664,,
20181213,10.707647281148704,-50.63951044951552,-35.513143482519524,-51.42566050366711,,
20181214,10.742042296163195,-50.49139686344806,-37.60496619417962,-56.82238281207613,,
20181217,10.639667688740897,-50.396789208710814,-38.365628795654594,-61.31528103253407,,
20181218,10.553345880529012,-50.13573250252443,-38.990772455409555,-65.27947724923126,,
20181219,10.538789258573427,-49.69910731514852,-39.5983223012074,-69.45578114420962,,
20181220,10.535151966369178,-49.35417729498958,-40.41363808897596,-73.73475140862699,,
20181221,10.53703697592242,-49.25494577826308,-42.10557814871608,-81.40857019688329,,
20181224,10.46830421646479,-50.66790852082815,-43.608310269718935,-89.47361665285568,,
20181225,10.607073986562094,-52.12897191579933,-44.268300130946045,-94.94141130003824,,
20181226,10.731141300548584,-54.130187212510016,-44.76628863025963,-98.44296412371696,,
20181227,10.8322932024867,-55.559152995652376,-45.22535458702861,-101.36722635855743,,
20181228,11.003164472298531,-56.632455515980574,-46.410875851475005,-102.71315614523614,,
20190102,11.150514344682346,-59.52214740510667,-46.62437149196142,-105.22737455606307,,
20190103,11.272238784926476,-60.721440857307094,-45.44927706505848,-107.84437424321402,,
20190104,11.350829999468091,-61.869428115594616,-44.13283340098176,-110.01408294963761,,
20190107,11.412212874822805,-62.81318834922491,-42.982044468620124,-112.15925467371423,,
20190108,11.702986402221358,-62.888261184394715,-42.144320346382,-114.49676794072708,,
20190109,12.143170603664402,-62.12724054655717,-41.451452180644836,-113.10493171961278,,
20190110,12.470886373624955,-61.58843542384982,-40.94438759447718,-111.68129816841787,,
20190111,12.739015359800229,-61.955719184741795,-40.5309762355174,-109.86010977022272,,
20190114,12.94564228086051,-62.25432662911362,-40.223787269433075,-108.71268078452533,,
20190115,13.157265839429073,-62.307857430770945,-40.013365901360864,-106.75523946772826,,
20190116,13.48763911366239,-62.275663923967045,-40.22326131044629,-105.16004380247671,,
20190117,13.779541137263514,-62.52095749244816,-40.378235866346515,-103.64984525927355,,
20190118,13.621989435968805,-63.22990106418784,-32.837134369177505,-78.79561067379356,,
20190121,13.486407496429505,-63.81043825551376,-22.5075521501011,-54.31415692134734,,
20190122,13.36666825251126,-64.18303212254403,-18.842282198350272,-17.271516977638452,,
20190123,13.487661026113935,-64.47216645519399,-18.767604100956657,-18.756385840676074,,
20190124,13.55274645949705,-64.90936687087655,-17.734845468056562,-14.925471059344495,,
20190125,13.606218204795399,-65.17741268683447,-15.79286772140378,-8.255673761967783,,
20190128,13.597623412933146,-65.64864990048159,-15.593842521419491,-5.084109803917848,,
20190129,13.572524034481459,-66.43632893556659,-14.521083093554331,-9.410865914705257,,
20190130,13.985352976472628,-66.61420166891622,-4.33694842592539,-10.212723294253841,,
20190131,14.1848427936138,-68.02004150695333,-4.567961925174089,-15.217556354860918,,
20190201,14.339964857358042,-69.16896977552751,-6.966780715848802,-25.8611692658966,,
20190211,13.784500341042424,-64.48629803145492,-13.792436824030235,-28.696052319159847,,
20190212,13.329597297250634,-61.04421491414622,-12.73150949875899,-34.50958782312106,,
20190213,12.94620495846496,-58.53013927288988,-6.089349344444971,-28.54990487709402,,
20190214,12.670329291909496,-56.169009477784144,-4.857609483640936,-31.279297997125457,,
20190215,12.434215010538974,-54.26424152755759,-1.0088119756668383,-35.86330837761526,,
20190218,12.251439971004032,-52.58143569501684,2.2125643324079713,-32.09696314485313,,
20190219,12.121594963422291,-51.19246342644269,2.1866001253682406,-25.188842460779505,,
20190220,12.067433227312625,-50.09264087163635,4.55358916434258,-18.557858664661193,,
20190221,11.988342071857852,-49.269612335590665,5.892383930273457,-20.954021614996115,,
20190222,12.16576408475417,-47.86155778905561,7.119350508951992,-14.902110663499585,,
20190225,12.294466626363787,-46.63915718254225,7.60530514421848,12.834952366170585,,
20190226,12.388173026524584,-45.618999757651906,10.374923408906211,17.70108227434997,,
20190227,12.526332126280872,-44.6888346440962,9.751488025252295,14.498823952466433,,
20190228,12.646819099243968,-43.6181030337008,10.991032048408437,5.654179328087952,,
20190301,12.518298542030191,-41.95283259764228,13.227357732310463,-2.061091963934493,,
20190304,12.4275919382428,-40.57592102581447,16.831831003329928,-4.242298100076204,,
20190305,12.329158725188147,-39.39107646467201,21.87422278112239,0.9493915655317382,,
20190306,12.24829582359605,-38.49188280012855,24.088946504698082,-0.3080631501377927,,
20190307,12.347416920588222,-37.784376136073476,26.286272257355684,-6.057446050245965,,
20190308,12.375163183900355,-37.16825186799994,26.940223790133775,-1.4364585837683643,,
20190311,12.896678477017895,-39.10256479951472,21.917066907095933,-4.028235190181633,,
20190312,13.322517556811704,-40.61333248306019,22.170986911355776,-6.326606835237799,,
20190313,13.655430411132738,-42.020876687541595,19.44684902324107,-10.332392274190923,,
20190314,13.927793231400132,-43.12483638835564,16.266874812346394,-15.589318074066064,,
20190315,14.035033463946938,-43.81806887314987,19.7788971622967,-11.917737322338509,,
20190318,14.144045745919433,-43.676626818078226,15.493149074299868,-9.421441477828889,,
20190319,14.23217469543093,-43.693029298354375,12.5939358155275,-4.433788208880924,,
20190320,14.302955191547978,-43.71544528967165,9.7090819748968,-3.5970016562438194,,
20190321,14.426994644938999,-43.6492862938705,7.073047407505335,-1.7339489038633653,,
20190322,14.578562600105764,-44.300566535134784,6.132679410916824,-9.139542786818946,,
20190325,14.592762480532874,-44.753370975112034,5.116279645154886,-9.083840472677073,,
20190326,14.353832717113526,-45.19874800364296,0.5312007404511537,-19.801085880779286,,
20190327,14.161743558084517,-45.73661614030323,0.32279611154151683,-23.36470630416108,,
20190328,13.934588289257793,-46.84511534565091,1.1316639530282189,-4.264807240040571,,
20190329,14.010170668208112,-52.87580994549925,-1.0038391159993325,9.732456671472496,,
20190401,14.000423825792824,-55.250012080543804,-3.6707947463880686,-0.9869646129747213,,
20190402,13.927847905343944,-57.24082550422291,-8.632786905484915,-13.949658637322145,,
20190403,13.868530674882166,-58.549710912010056,-9.808917276208685,-25.920700885356197,,
20190404,13.81757848282923,-59.70424727672927,-13.41623399585603,-40.61874656708307,,
20190408,13.880003879425951,-60.77061867261762,-22.06660042441923,-59.77463669214393,,
20190409,13.995862577446932,-61.58962013043921,-29.132439185838386,-74.95890917476771,,
20190410,14.038240391273574,-61.41817068551707,-34.92340898831916,-87.16484416460467,,
20190411,14.142390512629307,-60.571140947392074,-40.10234150172708,-95.75326018976203,,
20190412,14.215869219743755,-59.92124981330098,-43.639541839850594,-103.20547620498259,,
20190415,14.399821342925465,-59.152106535934514,-46.70100943714079,-108.79777195351821,,
20190416,14.311599982181797,-59.51314158593908,-49.02775761823472,-113.3580478443609,,
20190417,14.120218986495955,-59.73276911814583,-51.608333394705866,-117.3917995755756,,
20190418,13.933418095897094,-59.91612778385848,-52.909737872650474,-122.77156493742496,,
20190419,13.771088766072163,-59.90521955976033,-53.931913436519515,-126.57143532364245,,
20190422,13.647430292772817,-59.69846378816745,-55.20820015103785,-128.24834783139625,,
20190423,13.638843831581347,-59.71759638950863,-56.59276459721583,-130.12534137408,,
20190424,13.785688952542293,-59.34456690690827,-57.66032499291976,-131.5854125339164,,
20190425,13.815698123215467,-58.20847414382311,-58.935489800127,-132.05210024296184,,
20190426,13.945961567751981,-57.295419889432274,-60.06558323622258,-132.09877172778403,,
20190429,14.0972716679257,-56.329546271135776,-60.89316934236888,-131.9904698662206,,
20190430,14.46615896509004,-56.31831250946779,-63.86507808781756,-131.61367283485436,,
20190506,14.727100683802929,-55.200719633464935,-64.99092668347612,-129.94310018843004,,
20190507,14.922118102516398,-54.410653059426885,-66.51765511240527,-128.65223691359657,,
20190508,14.98168406486995,-53.795653276019664,-67.86709420384496,-127.94374948750465,,
20190509,15.062139044756544,-53.007262828088756,-68.74602948873155,-126.92061362669287,,
20190510,15.124108515984327,-52.39852268229057,-68.36955124742515,-125.98246088805018,,
20190513,15.17923171967608,-51.92546898549241,-68.08689429866325,-125.03587928570077,,
20190514,15.252268885474223,-52.12590950845094,-67.83235530539136,-124.83140676812715,,
20190515,15.130016363273553,-51.79627811145669,-67.30994303318592,-124.12445012055386,,
20190516,15.049228829129659,-51.03814621617373,-66.7711101514975,-123.48909308442335,,
20190517,15.107889272082312,-50.33060772880484,-66.80212892572595,-122.35297228526956,,
20190520,15.18542552097638,-49.787776099437046,-67.11675850139953,-121.29682743700054,,
20190521,15.306629753612839,-49.30367652294866,-68.52507632896584,-120.43373657931704,,
20190522,15.38279279426673,-49.154551744165296,-69.63352904879763,-120.07799861892288,,
20190523,15.418941200368403,-49.09712358781364,-70.42737474929939,-120.56298408259542,,
20190524,15.375067001957753,-48.79381315405903,-68.02219784750072,-86.45256003746914,,
20190527,15.565171076532971,-48.17484477773098,-66.180965618843,-58.111324853833736,,
20190528,15.62853750205902,-48.185122688749175,-64.63330007606156,-48.40502068430837,,
20190529,15.788307320720799,-48.2556857516422,-62.85040924761709,-44.11590460143242,,
20190530,15.848011279802124,-47.77534195569608,-61.417472140081244,-16.669283138139914,,
20190531,15.912262535213342,-46.92422120715765,-60.318047791111134,-4.3817981755712125,,
20190603,16.13834313028371,-46.896492928313506,-60.03882324987997,0.106807828064484,,
20190604,16.34344413362587,-46.82056907519791,-59.933588282352375,-0.19212856653238006,,
20190605,16.85574237232429,-46.41682547193009,-59.83117292189676,-9.942464538699719,,
20190606,16.845370631543478,-46.30958919584908,-59.964126260293284,-15.145347555851426,,
20190610,16.836515629273272,-46.05625918577972,-60.61243174921951,-16.778895469726994,,
20190611,16.74624371665168,-46.29140940204308,-60.86285981739507,-7.668498312651378,,
20190612,16.628691705896074,-46.31069108774215,-61.211736733362805,-9.22738594778329,,
20190613,16.69738668308846,-46.6703069082472,-60.70612381806684,-15.943931040346932,,
20190614,16.73275421837312,-47.50793430472895,-60.34465620729114,-12.522619386609612,,
20190617,16.765888383717392,-48.553419752666755,-59.97842198764418,-20.78839056329961,,
20190618,16.916994342169552,-49.43901517963221,-59.64942759297617,-25.14085739263935,,
20190619,17.05085744608854,-49.980063267432044,-59.35019215978633,-20.340064983926432,,
20190620,17.258642564774615,-49.97561634226892,-59.100037358434186,-29.291988357699033,,
20190621,17.081659433092646,-49.78376576409455,-58.57506198311089,-31.757312443854868,,
20190624,16.955006451539152,-49.38097139787676,-60.91526971283109,-29.47532799172048,,
20190625,16.595764977955128,-49.79164133120402,-62.654939597724564,-30.468970396492335,,
20190626,16.42568427815065,-50.16073041159806,-64.03964199886431,-30.241806194899663,,
20190627,16.260550830001538,-50.12886025742323,-65.73953190378133,-30.370910882146507,,
20190628,16.13828822084133,-50.95583137236646,-67.2948283604422,-31.9561217639271,,
20190701,16.06271286618091,-51.65696193510663,-67.33460305482404,-9.371328659275582,,
20190702,15.906830606350258,-51.99415626299577,-66.53913674006,36.51158056639174,,
20190703,15.817113751939086,-51.998889032219346,-65.89953864135666,136.70148468030393,,
20190704,15.743104091579228,-52.1224493894862,-65.35019108140872,143.14786870351898,,
20190705,15.937997700658263,-51.97048633327153,-65.12310283484645,123.56259260808412,,
20190708,16.06806012029294,-52.11614145003209,-63.97633620253534,111.7481451047074,,
20190709,16.306864972765414,-51.123500123633036,-63.142193636329964,92.94096767666828,,
20190710,16.40741557004839,-49.236074481811585,-61.8831628958511,74.76728171326079,,
20190711,16.49515384504798,-47.60525643313785,-61.53401236507237,68.41614231194507,,
20190712,16.60786132577602,-46.3058545614557,-61.25106994783017,57.1127180750279,,
20190715,16.6467270875426,-45.23055961345567,-60.60997130831839,44.64674001035513,,
20190716,16.67823432858721,-43.983936571208005,-59.11999072059829,38.26981109624246,,
20190717,16.665887886508063,-43.057922845333565,-57.79406416707539,26.507300113049773,,
20190718,16.51281364462531,-42.32629760171591,-54.89099104135268,20.655004937617186,,
20190719,16.826672379046236,-41.763578602633416,-52.94995795577363,12.57461048557106,,
20190722,16.80463745963226,-41.05151768414101,-49.8948124117806,7.263785317759796,,
20190723,17.16681545936312,-40.490426608646914,-47.344895907040474,0.5020942001261713,,
20190724,17.541460687012698,-39.90351594655859,-45.19949950916301,9.760410507893333,,
20190725,17.891236403818198,-39.59827465944115,-43.21197448162935,9.100991223969405,,
20190726,18.25093098716033,-39.362177614193136,-41.572427283523886,2.9410406469807553,,
20190729,18.321234773620102,-39.40777089694587,-40.261058662284135,-0.43953115510457663,,
20190730,18.451946989450523,-39.44497395577606,-39.28734872019258,-8.188956310656128,,
20190731,18.263181083802095,-38.951931334640236,-38.48839253784417,-13.465894811645805,,
20190801,18.075436252844412,-38.51946485851543,-37.82858793408824,-14.80722107853066,,
20190802,18.05308318431327,-38.2992081471915,-37.25307762854334,-19.30590970566552,,
20190805,18.100939146506306,-38.115865275476985,-36.697616714607356,-21.3063217136528,,
20190806,18.16733349088784,-38.36021317388138,-36.29220414379449,-27.379783426040994,,
20190807,17.82633296970367,-39.109926996319864,-35.782800646738636,-34.15665957390918,,
20190808,17.55545217971354,-39.20530251297036,-34.30846212804201,-42.05575552466806,,
20190809,17.309870664321597,-39.28548836615824,-33.11049997539913,-48.882559240200365,,
20190812,17.14791115270631,-39.364729382505445,-31.70885424297466,-54.49176783444243,,
20190813,17.008909899145262,-39.163697316709914,-30.589720911024962,-60.62577480599575,,
20190814,16.933741150181355,-38.975661408594725,-29.67787048086098,-65.26853284953673,,
20190815,17.082645104076047,-38.95310090415615,-29.29697184586383,-68.54007916791473,,
20190816,17.20502498553287,-39.06128817330061,-28.952117984571732,-70.88978713874955,,
20190819,17.598170097331014,-39.59983530137405,-29.132017129706586,-70.60029466224069,,
20190820,17.90358360824156,-39.80985503404486,-29.14886069251184,-70.21481716845415,,
20190821,18.14467239564659,-40.07143662808056,-29.189577970697197,-69.98974858995942,,
20190822,18.210025933002594,-40.232297406209014,-29.345653577082196,-70.27240231675684,,
20190823,18.24797165726515,-40.34318108195558,-26.289760788671455,-70.04104877917496,,
20190826,18.27516697898247,-40.2060446392849,-22.722845615488897,-69.82511473720047,,
20190827,17.921965929688138,-39.9172856041672,-21.5427864733448,-69.60327532590355,,
20190828,17.7525031396879,-40.217286882464386,-21.186558731764634,-68.95058883750957,,
20190829,17.63998569357566,-40.511376103547335,-20.891516541480065,-68.57497232317861,,
20190830,17.545670545347992,-40.65248865432715,-20.602159309073752,-68.16133523706141,,
20190902,17.48783248431248,-40.8225213448324,-20.181979275694715,-63.105306213904605,,
20190903,17.441254174735214,-41.38441369633437,-19.38401700160612,-59.04711621766179,,
20190904,17.921745179790676,-41.96534228123084,-18.80468965073448,-54.67084816035978,,
20190905,18.09363283204865,-43.24461613155931,-18.640265271490733,-50.89518430663938,,
20190906,18.30582289992953,-44.230700753234295,-18.342251400525356,-47.593236723345285,,
20190909,18.512800220241765,-45.01837248216795,-18.39285188541257,-44.91556784546808,,
20190910,18.650137418479346,-46.92687674147442,-18.481295328440464,-42.684616666437854,,
20190911,18.588428219645692,-48.4156608619113,-18.555513808001077,-40.83417484923615,,
20190912,18.55775268127277,-49.87630502524894,-18.638616985303223,-39.32199285200809,,
20190916,18.546316013470395,-51.15081633035847,-18.290943102070766,-37.56490071581601,,
20190917,18.462176789228142,-49.10822220611319,-17.95740451599421,-36.33428232385392,,
20190918,18.39882241502723,-47.67050362702616,-17.748332317262857,-35.3320785472672,,
20190919,18.30959330593066,-46.659302035393445,-17.57346329231631,-34.51087022982291,,
20190920,18.285627413712614,-45.859836616566504,-17.441352661952006,-31.409711515331125,,
20190923,18.252917096907083,-45.277593593858334,-17.33277477605267,-25.876169170194075,,
20190924,18.665045416043807,-44.952013865858675,-17.239748563274226,-26.22739499174323,,
20190925,19.724580000559722,-45.024230848516254,-17.108385729015698,-27.878908724020604,,
20190926,20.70658296446952,-45.85348024097919,-17.00190317057873,-27.697595753122474,,
20190927,21.353042957256186,-46.356428041658,-16.916829144248165,-27.92466219765586,,
20190930,21.890565986372298,-46.798347631826104,-16.90214372765711,-26.732352469914417,,
20191008,22.426691738718745,-46.40844791992006,-17.16572113559445,-31.331345071211775,,
20191009,22.862485403724552,-45.50183208998194,-18.658723635766567,-30.839626714357813,,
20191010,23.01446239999762,-44.76752641440435,-19.8692917843599,-33.311873438384,,
20191011,23.625293423630357,-44.22478734528994,-21.115326520242203,-36.55675350233822,,
20191014,24.115200146030194,-43.89270399055306,-22.537860039688365,-36.21818150600537,,
20191015,24.361730785950286,-43.58078787429304,-23.607148347497954,-39.453585447333566,,
20191016,24.406322874226454,-43.24682775135046,-24.738808560567325,-38.15047051503346,,
20191017,24.790475632408768,-42.65811814102213,-25.34731693666709,-35.863335221115676,,
20191018,24.88987452029922,-42.17178505177411,-25.853905584670144,-30.639586257293182,,
20191021,24.933748013665475,-41.67718030115771,-27.575029495687644,-30.63950442565885,,
20191022,25.197068153269687,-43.786257297300665,-29.186955067513733,-40.771064585672505,,
20191023,25.280122363047425,-45.140551438880514,-29.43623993444859,-46.82809913384642,,
20191024,25.540654351110184,-46.237504853954675,-29.23415411653499,-50.326423670829264,,
20191025,25.38944799932951,-46.93664984156448,-29.203808220878678,-52.926438260960595,,
20191028,24.201378668007045,-47.48866942470807,-29.16227482771185,-51.29608887174017,,
20191029,23.244861388974208,-48.19903146153656,-29.104202319218306,-51.0128135532364,,
20191030,22.563653863726795,-49.05425489221748,-29.12775609324315,-56.18248112434267,,
20191031,21.954848219124035,-49.547873988921395,-29.154539227985243,-55.533437502374746,,
20191101,21.498780883039206,-50.21747316496533,-29.230490201693605,-49.89164852642113,,
20191104,21.091305101944414,-50.670170348837814,-29.288424839992448,-46.98195789528543,,
20191105,20.62804573757808,-52.79973945579991,-29.118139365203554,-44.56286262541566,,
20191106,20.14149717441021,-55.0483680944695,-28.965708673562336,-48.89682715781585,,
20191107,19.855749855100797,-56.99987311431304,-28.785104896258595,-51.4383164335413,,
20191108,19.67555414738837,-58.53778829527831,-28.616496838742812,-54.26020605040305,,
20191111,19.528035708230387,-59.6060175665579,-28.453515163332078,-48.787640314663605,,
20191112,19.276247015299553,-60.33479081685556,-28.521395689831074,-45.66120505099428,,
20191113,18.93206243006453,-60.98817508360453,-28.58070971191985,-27.405950246796415,,
20191114,18.678503287817563,-63.68207947306328,-29.035561943070277,-25.162468254825765,,
20191115,18.536485967887437,-65.08132332621717,-29.06256034251864,-31.57260768977919,,
20191118,18.427855041903822,-65.96052329179484,-29.332152264645703,-23.804151844441233,,
20191119,18.332102076277412,-65.5775624464699,-29.37906539562578,-11.635879745992225,,
20191120,18.2743204977306,-65.54144807858673,-30.460833238119346,-23.493847649937827,,
20191121,18.06631232296932,-65.40733798807614,-32.366885319351475,-8.632994163891917,,
20191122,17.968149718181326,-66.24880408255022,-34.03808340109279,9.054784970447875,,
20191125,18.90973619825548,-66.6019005375423,-35.12109724525683,0.9805973398172466,,
20191126,19.702689229146415,-66.19429386334338,-36.09272229864096,-5.030823308817503,,
20191127,20.194721738467464,-66.3271570839538,-37.39642407195665,-16.316746617337827,,
20191128,20.617316108128822,-64.76401527457438,-38.081946977531686,-18.900931524742706,,
20191129,20.94856416060349,-63.501127159410046,-38.69699425417093,-21.33892414568352,,
20191202,21.162212625816736,-62.35763222576829,-39.21505002685056,-22.726332216943025,,
20191203,21.352094365938804,-60.66381839557358,-39.752409525239216,-23.75715374182015,,
20191204,21.563695745494137,-59.78514742076025,-38.914133916057736,-24.581665233201036,,
20191205,21.56634299584946,-58.92172202345724,-38.549344624389406,-25.25954377509733,,
20191206,21.547997206934557,-58.05133607259011,-37.305671350309446,-25.81452652692652,,
20191209,21.505081395989446,-57.42115413834901,-36.26770347984669,-26.108213421059776,,
20191210,21.902036668425477,-57.075427442548346,-35.417452584770274,-26.54835597914206,,
20191211,22.68470135309486,-56.80985573497568,-34.02797080437015,-27.679756060809524,,
20191212,22.971022544809713,-56.30434182789778,-32.642828011078684,-28.35502151411179,,
20191213,23.201063290058926,-56.086954079923494,-31.66910324579877,-28.448909703705176,,
20191216,23.377806583899236,-55.67363171600186,-30.882989366300187,-28.46413225590425,,
20191217,23.568005892887697,-56.211641314122396,-30.35112440807891,-28.573405365765442,,
20191218,23.694537002248083,-56.661045427619584,-29.79855375866398,-28.62363871456773,,
20191219,24.481566276048273,-56.69898555201499,-29.15558553577949,-30.016385888782803,,
20191220,25.258553574876238,-56.63507996748702,-28.61377129750853,-31.394416326730543,,
20191223,25.735893305821126,-56.109157907167386,-28.064206395801122,-32.531640894610135,,
20191224,26.07468607208047,-54.50454375679832,-27.5874959824672,-32.96737175596279,,
20191225,26.470721975480362,-53.00279773173099,-27.181551984549284,-33.23859482189978,,
20191226,26.662938177047277,-52.26300715133516,-30.85116311919371,-33.43711579514931,,
20191227,26.64080271568461,-51.668719883301144,-33.804567039860856,-33.476021428484295,,
20191230,27.415696717870063,-51.405556993207405,-36.17518020584007,-33.203800830583845,,
20191231,27.571319018684147,-51.96893899356361,-38.112153063211714,-32.85038903126135,,
20200102,27.60900284649915,-52.05376855857647,-41.34427224918185,-32.64065970265901,,
20200103,27.606537195425513,-50.77664816618939,-42.736885032559655,-32.46803610741812,,
20200106,26.316479093001885,-49.438137159207386,-44.278263311975714,-32.32494279121823,,
20200107,25.251388940140846,-48.290852233114855,-45.71347615414698,-32.511058422959415,,
20200108,24.238203493055654,-47.13651115967519,-46.87919181811836,-32.8057531432725,,
20200109,23.448646526887266,-46.23716680193621,-48.119400499193034,-32.06475928112087,,
20200110,22.978958877546493,-45.58016611111744,-49.58534361995536,-31.530689103886274,,
20200113,22.552972349066575,-45.04882798644817,-50.689023068823026,-31.370449416108492,,
20200114,22.20504458873869,-44.87127967561867,-50.10323388377433,-31.573162416386523,,
20200115,21.91248908480523,-44.204758757679464,-49.64451314499139,-31.37751987734596,,
20200116,21.713074675698717,-43.48079942075244,-49.407816140292084,-31.33871926078123,,
20200117,21.58642158244561,-42.912894167717745,-49.009516327014715,-31.17649794909045,,
20200120,21.47577833724702,-42.13300597615934,-48.746773211654244,-30.99748758473166,,
20200121,21.186366016570098,-40.80288154548335,-48.85038297454457,-30.73308316375153,,
20200122,20.955605967811263,-40.19371330415447,-48.867785489325975,-30.604249179313666,,
20200123,20.63269869285071,-39.2867248058415,-48.530852489411835,-29.608412053724003,,
20200203,18.97100390937341,-37.158715142511944,-47.67141201390687,-26.965166372413652,,
20200204,17.62777765312876,-35.36825065959499,-46.77137279818339,-24.76714350256437,,
20200205,16.55949962248375,-37.02037367871212,-46.18484037030793,-23.000705425920245,,
20200206,15.692022305705752,-38.68108081700137,-45.728633578716526,-21.499997884750787,,
20200207,14.983952791222732,-38.967783893489276,-45.35501354549466,-20.267070797614544,,
20200210,14.3948529206622,-38.98632719932246,-45.63890857587107,-19.258674834482978,,
20200211,14.140723897524056,-42.07621248350463,-45.652423282512515,-18.420434720854775,,
20200212,13.95187470444216,-44.54909730447184,-45.71858425279275,-17.731120377604856,,
20200213,13.872189519735041,-46.71778092753341,-45.74305078524709,-17.16686655812459,,
20200214,13.76599617308058,-48.25135869495171,-46.149710574292065,-16.815337074068424,,
20200217,13.670508920263758,-49.512991563628624,-46.45975520112518,-16.502418691454245,,
20200218,13.592726367892395,-50.54929025482235,-46.892647770685336,-16.255516166262186,,
20200219,13.528264923666693,-51.323809720275655,-48.47714749922843,-16.05235336461469,,
20200220,13.484878984202586,-52.34504598200948,-49.768803270918184,-23.52165879818223,,
20200221,13.455650088656208,-53.29128434732711,-51.243560290109315,-27.95270996746248,,
20200224,13.264531866377155,-54.00840942704962,-53.12748202378301,-29.80143198345085,,
20200225,13.132332900652937,-55.05505952940857,-54.662575607034086,-30.124906010709605,,
20200226,13.042178101886604,-56.79317986079714,-55.47466002773653,-31.046532892472126,,
20200227,13.011123539774916,-58.302370012640345,-56.32769355500605,-29.832593434006277,,
20200228,12.667999524166518,-59.99646354452136,-56.90755638409378,-24.085337531437382,,
20200302,12.843030251707194,-66.2987429147727,-56.520063591730114,-17.27737214642531,,
20200303,12.98884304423118,-71.50553172190283,-56.86032851581439,-14.337520857935415,,
20200304,13.06795764576282,-76.90856605428048,-57.23340468614603,-9.926072961648087,,
20200305,13.135241650341786,-81.39440713711372,-57.46706866307433,-9.216869238917678,,
20200306,13.190554790871204,-85.62187486018608,-57.661078521043244,-10.339056254414055,,
20200309,12.965942342792431,-89.28959057245596,-56.62832309605425,0.8303494617876499,,
20200310,12.472634692839396,-92.31195269517436,-54.207680841271475,3.1626764103896976,,
20200311,12.067855195433493,-93.5921327226919,-52.10739628047592,2.635645562007306,,
20200312,11.732986215817904,-94.52054348533846,-50.277102995490964,7.711938516658999,,
20200313,11.481262245869921,-96.02748939516233,-48.749521576168405,20.958075028728484,,
20200316,11.254524177520109,-97.27737514389133,-47.52873044741457,31.16505470645585,,
20200317,11.03495609828245,-93.43419076725837,-46.52088011905309,37.0901368436127,,
20200318,10.558214589899695,-86.71776584948138,-44.9103685252025,42.777468286336926,,
20200319,10.116302564342996,-81.22174937811646,-43.59540795419189,30.930503196275655,,
20200320,9.5310959194357,-75.63975326090481,-42.54319397805676,41.30088961351145,,
20200323,9.044977399056597,-71.0903056864618,-41.214973654367284,46.51965320964098,,
20200324,8.612558008258947,-66.99388214788033,-40.13372559031161,49.968907234493486,,
20200325,8.256901594931271,-63.56486945032978,-39.299557833739684,47.72588651695785,,
20200326,7.9673395949933,-60.75910643732284,-38.62742755374687,46.75492771363581,,
20200327,7.707980979407413,-57.99465590984799,-38.03890813788514,43.21428114605493,,
20200330,7.504501416687962,-56.12942276088064,-38.23272000763997,37.10585112123947,,
20200331,7.334252725543277,-54.47601656865215,-38.380101043113164,32.80226802492276,,
20200401,7.2003571571611715,-53.036858576157165,-38.41761769422162,29.610623269689416,,
20200402,7.068700995721109,-51.780476409871916,-38.475085313796804,28.961073335688464,,
20200403,6.9558366831641045,-50.76066036581699,-38.520657971135854,25.684626160990796,,
20200407,6.891373543872477,-49.90042501018392,-38.891482881330724,21.03732730886009,,
20200408,6.884629290830033,-49.170640087938814,-40.365941281455065,16.871652678386848,,
20200409,6.877393191013362,-48.650820326625194,-41.72771640397465,12.948086150280304,,
20200410,6.8748729790735625,-48.135387667285336,-42.443696497582124,11.087223994768381,,
20200413,6.871546980687832,-47.68367842498946,-43.076965285752635,9.020792376744987,,
20200414,6.883217036132273,-47.26755852106055,-43.54325737555781,8.310465041159695,,
20200415,6.892191466663086,-47.70950225907845,-38.38182992052321,6.147419907550142,,
20200416,7.128160841654334,-51.60337015006907,-38.7229570711868,3.809188781815121,,
20200417,7.483608219627949,-55.26529699851233,-37.05258326491805,2.612979616577387,,
20200420,8.066497878038867,-59.84228300363189,-32.99597837668928,2.3556586097803085,,
20200421,8.504463230192579,-63.88963551048792,-31.35786924952754,3.334640696171456,,
20200422,8.885262340914752,-68.30290388258057,-30.497439722316905,0.5327651654257906,,
20200423,9.185490523343896,-71.41293050250367,-31.36698545483723,1.563521609155169,,
20200424,9.44010714056483,-73.90851910563822,-32.760732880919356,1.4083566579344995,,
20200427,9.89443310967652,-78.23388501990537,-33.088966045009315,1.2843928155149564,,
20200428,10.471005258662476,-81.06419941334892,-35.09777922005439,1.1797402817527314,,
20200429,10.891775018510156,-83.88297752965292,-36.96966464093235,1.0953113962210477,,
20200430,11.251937752577648,-87.63444743831448,-38.491961788258116,1.0252133187613766,,
20200506,11.63999948054316,-89.99902336568591,-39.65879765141513,0.9702422179047351,,
20200507,11.91609552549814,-91.89401073037216,-40.65855749366312,0.9251298745638719,,
20200508,12.158560611199333,-93.49682552600034,-41.45075735944998,0.8878210856831836,,
20200511,12.403859904891487,-96.04372436813334,-42.33957519951153,0.8572832620286354,,
20200512,12.644488970277976,-96.18142215948573,-43.03827510732086,0.8308279486867088,,
20200513,12.726767498242104,-94.25331975378896,-44.07909147432363,0.8187012372061518,,
20200514,12.711193645258476,-92.86249922593933,-45.06244385507965,0.8080212839892474,,
20200515,12.726489529580912,-91.87542206312791,-45.51627765046941,0.7996645875560549,,
20200518,12.756187344853183,-91.66990651142129,-45.876874367665046,0.7916333513676275,,
20200519,12.78732909186595,-91.38735682161798,-46.0861231116362,0.7859367022801191,,
20200520,12.835517317983019,-90.81526011690448,-47.32881869741502,0.7715655882103871,,
20200521,12.755621875801413,-90.9019814972287,-48.81670782484354,0.7596157927853586,,
20200522,13.218112107514546,-90.33511679284044,-47.52537802192317,0.7490267089517637,,
20200525,13.67985275406251,-88.28411257155663,-47.02488265832562,0.7458472830655482,,
20200526,14.068766255506445,-86.93199881015872,-46.77230973482047,0.7773145854800183,,
20200527,14.235490361861482,-85.8311258370788,-46.477113483402476,0.8036102602027928,,
20200528,14.535761371235981,-85.33810881339096,-46.45594172949471,0.8484941366051882,,
20200529,14.659503680380723,-85.54622561353372,-46.494034618754625,0.8963257775807846,,
20200601,14.880149889071054,-84.08019025704162,-45.77904458692001,0.9357686403099006,,
20200602,15.037796505454123,-83.01900182116313,-45.20039369014068,0.9684892697066055,,
20200603,15.169313249320467,-82.40981563041672,-44.84004073280383,0.9903715553740944,,
20200604,15.427134945596288,-81.1791887917386,-44.43948017480769,0.9858849535720432,,
20200605,16.032749987887843,-80.0854414402654,-43.9617306852609,0.9832204149545735,,
20200608,16.50646147751571,-79.10908913423397,-43.572883703737794,0.9756410298805023,,
20200609,16.892938827168905,-79.26995233554017,-43.25099695670715,0.9710887220010166,,
20200610,17.355440312968195,-81.19337430374759,-42.82439956261684,0.967461835509793,,
20200611,17.918724981555396,-81.04277851310155,-42.35988388545253,0.9630634866049956,,
20200612,18.36416714471178,-80.97669763332217,-42.184654578209305,0.9599329955333136,,
20200615,18.68228113952394,-80.80475995389763,-41.90968263072991,0.9490813810914457,,
20200616,12.536413927724901,-80.26714197665066,-41.34303830027087,0.9304116175491023,,
20200617,7.672674312178734,-79.96395228344589,-40.88641643940227,0.938273422996878,,
20200618,3.456108708454783,-79.58515242332717,-40.86099161036315,0.9449370684554207,,
20200619,0.2561324377580268,-79.50050367003435,-43.22654535064933,0.9695705324186622,,
20200622,-2.33116342916193,-81.15688232092502,-44.50821840954227,0.9929886981430688,,
20200623,-4.452872272097064,-82.24582838978937,-45.54546590480595,1.0104489501767224,,
20200624,-6.37666560623439,-83.23710367963704,-46.528988054804366,1.0245907324480021,,
20200629,-7.892207660954068,-83.23283525367097,-47.299733164050735,1.034263179616009,,
20200630,-9.15445323965661,-83.44177885444218,-48.000177191366646,1.0397174709565897,,
20200701,-10.120830352110797,-86.17268203070684,-49.88129356209456,1.0445864687492519,,
20200702,-10.920828538419064,-88.58460889182456,-51.27092003786711,1.049994012854553,,
20200703,-11.575452959029683,-89.85276149483727,-51.553731506505166,1.0599509492204278,,
20200706,-12.118950804996052,-92.2446328413253,-51.89986535080376,1.0844421486974405,,
20200707,-12.537275504970324,-94.48318793675735,-52.45505819831931,1.0982944421059693,,
20200708,-12.576069246934866,-95.75023462357349,-52.901430371368875,1.1220938503525197,,
20200709,-12.317636027072973,-95.59335555211624,-53.35366331617632,1.1447886348563079,,
20200710,-12.136053502054562,-95.45554992214873,-53.4134881559415,1.150270030953385,,
20200713,-11.80005723252835,-95.22054113180087,-52.821256096851414,1.1116601141607927,,
20200714,-11.509869678219744,-94.53269659442338,-52.35141344748998,1.0774670507258577,,
20200715,-11.324051341821692,-94.25847318827567,-52.27250584598223,1.0590508347046115,,
20200716,-11.141965776385812,-90.01872292466224,-52.69246046758746,1.0501280799111297,,
20200717,-11.005023959331115,-86.60444352343607,-53.04533530678608,1.0407432019484484,,
20200720,-10.831470495936562,-83.63618387841733,-53.26257437737624,1.03120444477713,,
20200721,-10.751791879628673,-80.50117077247143,-53.533980751192495,1.0243809540741098,,
20200722,-10.702552049711585,-77.80737828104127,-54.675978410552304,1.0177431104505785,,
20200723,-10.673860049529429,-75.54574497687848,-55.54732798969191,1.0090051538033775,,
20200724,-10.612552129455361,-73.6035616352945,-55.97370159713379,1.0016839974080625,,
20200727,-10.581129184703787,-72.13535480858123,-55.7160912382324,0.9740302374279054,,
20200728,-10.52810674671194,-70.45601997494755,-55.16291479523292,0.9516340965694071,,
20200729,-10.208945204677399,-69.0357790583172,-54.88731499206075,0.9325195052041736,,
20200730,-9.945676366373208,-67.79699076781473,-54.463342096792545,0.916628870656572,,
20200731,-9.716435191122844,-67.06281554068225,-54.57712342931212,0.9037526209331855,,
20200803,-9.442799766274565,-66.31453251418617,-54.52883233200543,0.8990861268326589,,
20200804,-9.24802497529571,-65.29039606005284,-54.171085303875564,0.897136639023035,,
20200805,-9.13652122565286,-64.4794438956865,-53.5244978763097,0.8954065084276253,,
20200806,-9.036804468256666,-62.581776330042516,-52.86537166194436,0.8942692799761445,,
20200807,-8.958375422157244,-60.89821381187911,-53.05822569389377,0.8999463017691338,,
20200810,-8.952909242291192,-59.91541235260964,-53.61783125637622,0.9413465768092661,,
20200811,-8.955289875091037,-59.15250022657088,-53.898587561700005,0.9693211873979387,,
20200812,-8.972221114787112,-58.39175898176344,-54.1839082087868,0.9921682247203758,,
20200813,-9.033979951681113,-59.39723193056455,-55.49473233353516,1.0142702122703493,,
20200814,-9.093007442035251,-60.22011313669019,-51.20510837589863,1.0360128599975267,,
20200817,-9.174638617865991,-61.223596507055944,-49.87268735495626,1.0539563430866588,,
20200818,-9.247670769840331,-62.53942887752126,-50.51129051391098,1.0716462181868527,,
20200819,-9.295409358115677,-63.85686898842455,-50.71588264562223,1.0902072650636812,,
20200820,-9.319142432054164,-64.87564992223572,-51.161241786285075,1.1109299898338865,,
20200821,-9.37730107196823,-65.74349886436413,-52.68930763491646,1.1178588419266131,,
20200824,-9.390258791204918,-66.44955325331858,-54.23091160300009,1.1827313513145419,,
20200825,-9.441169897153546,-67.6636424197681,-56.11387321293903,1.2514231811735825,,
20200826,-9.984497991366956,-68.57345688225452,-57.11217867589232,1.3063905335736414,,
20200827,-10.428436321135207,-69.33368496700781,-58.23472852200301,1.3187564989942648,,
20200828,-10.896861042165,-69.69562361048527,-59.48796033258196,1.3273962934120205,,
20200831,-11.442312623616411,-70.13652781402298,-61.41563771618813,1.3312154058466519,,
20200901,-11.52043665471064,-69.52312254899736,-63.103603332662985,1.3337908324626035,,
20200902,-11.544877715867699,-69.10486891371045,-64.74997386462317,1.3339467646480312,,
20200903,-11.848276975551027,-73.42212508502551,-65.04812446363177,1.332145279056869,,
20200904,-11.90117713197285,-76.26419722005724,-65.1152854128887,1.326409893870971,,
20200907,-12.02278003129623,-78.22640661604007,-66.21398888848037,1.3311920361336615,,
20200908,-12.121927136392308,-79.82455506541781,-67.65753753108284,1.3449198603846657,,
20200909,-11.8526766741742,-79.33756259548021,-65.76297555741988,1.3273253900135522,,
20200910,-11.588414485344828,-78.39505912731387,-64.20549220463467,1.3206558263191972,,
20200911,-11.248192764443244,-77.7640419483056,-63.22329605003374,1.3089436341052343,,
20200914,-10.969657674062788,-77.3352357268657,-61.95097258782964,1.2795784477295584,,
20200915,-10.710822846637917,-76.79414999266298,-60.9069555757507,1.2525162353452737,,
20200916,-10.549596403188023,-76.18389196298648,-59.83470536724399,1.2308502738147544,,
20200917,-10.37136682910946,-75.7774578115395,-58.52216004013383,1.2038530349032215,,
20200918,-10.056079750647665,-73.82982436735273,-57.355874804894114,1.1816596195074789,,
20200921,-9.791560297083361,-72.25254855462471,-56.1011888935611,1.1776003298035216,,
20200922,-9.533560242120942,-70.95783164903688,-55.03042364263228,1.170333445467638,,
20200923,-9.288921194541862,-69.94841263877079,-54.78986823249932,1.1627695873977384,,
20200924,-9.064332926993075,-69.18087071121286,-54.57219681206913,1.1401680164677443,,
20200925,-8.899348136175945,-67.73300179696824,-54.182398990816964,1.1227107864389465,,
20200928,-8.770265904582061,-65.86780070668668,-54.01727582991454,1.1098275739479568,,
20200929,-8.767420110321018,-64.92432544870887,-54.36726630717627,1.0943636061716902,,
20200930,-8.767982083346457,-64.14565587169828,-54.31600010237746,1.0740364980221149,,
20201009,-8.774110124330072,-62.93159323579942,-52.569670349752656,1.0534373744362517,,
20201012,-8.797980954444663,-62.12025809062704,-51.05662532047597,1.0374464129490317,,
20201013,-8.79404012131955,-61.56714214705933,-49.818150078742946,1.0246553429221026,,
20201014,-8.784622180168697,-60.670448487566524,-48.82930084250047,1.0178311259315282,,
20201015,-8.925046922917744,-60.561650820677244,-48.962911171398986,1.024833089496205,,
20201016,-9.03820173150668,-60.80713689078647,-48.90244881568487,1.0336222281344036,,
20201019,-9.178515424294645,-61.026086005091365,-48.853315693145525,1.0451194956402183,,
20201020,-9.386408783098792,-61.2873242468726,-49.374070641321616,1.0724045965059934,,
20201021,-9.460299005033493,-61.520153961857076,-49.618286365622374,1.0985410882729416,,
20201022,-9.520322161123802,-61.91209579253536,-49.64850957696529,1.1130331169480887,,
20201023,-9.630868048669674,-62.20133134086851,-50.10326953941344,1.13978738334099,,
20201026,-9.927866193296605,-63.19604848954667,-50.16954590349714,1.1473059606000204,,
20201027,-10.197909065785328,-62.98101374317971,-50.8272308801477,1.15602478154571,,
20201028,-10.30451618134432,-62.75174658019092,-49.33691372156013,1.166584522858192,,
20201029,-10.333177637312273,-62.544877616079795,-47.43529031316887,1.1775448978669072,,
20201030,-10.42621478127268,-62.39759127171235,-45.10420103146035,1.234002219499324,,
20201102,-10.485802445018894,-63.54263779755118,-43.16800191191957,1.2725362313611497,,
20201103,-10.516738203845094,-65.68835797460147,-41.584752556234065,1.2927981036247689,,
20201104,-10.582959884397601,-68.15856011934353,-40.29119005552558,1.3169512378045007,,
20201105,-10.64816270260323,-69.48512638492119,-39.40786389807575,1.3569018732745814,,
20201106,-10.696459823403249,-72.13618872291403,-39.365618595659654,1.4082121197311803,,
20201109,-10.584194889711751,-72.89622893722043,-39.22178953964861,1.4556706011937053,,
20201110,-10.433028491445123,-73.60811761836594,-39.104090009997385,1.4927768494417928,,
20201111,-10.33349018043135,-75.65480399470363,-39.00728809157225,1.5228938098670517,,
20201112,-10.239032904266548,-77.20199477669698,-38.92667421976095,1.5477374037552585,,
20201113,-10.222197624316928,-78.47502237030574,-38.95689304956616,1.5614374563499471,,
20201116,-10.222985334626733,-79.29170424140294,-38.868979081765836,1.5426077348964824,,
20201117,-10.22341003938156,-80.01001245822145,-38.25864745042583,1.5265120570374806,,
20201118,-10.233133483683337,-80.63022754931528,-37.850999279398145,1.480160876456064,,
20201119,-10.240941564128802,-81.23635994993464,-37.59702020315302,1.3988217159337824,,
20201120,-10.166836653250765,-77.34306936850896,-37.377896894678884,1.3324104346211185,,
20201123,-10.151286702256957,-74.68194123112796,-37.03609239903384,1.2969624047787975,,
20201124,-10.116511001412054,-72.74734329542135,-36.766129764958364,1.2684795358484864,,
20201125,-10.170906983590283,-70.82156635252962,-37.89213653737387,1.2412825476169391,,
20201126,-10.318389445145472,-69.2493175313113,-39.36123981758577,1.217202634514701,,
20201127,-10.470066196511736,-68.0748379119684,-42.108942375242755,1.1946286358201126,,
20201130,-10.4639260302961,-66.92143546454184,-44.57333278531749,1.1778310378870829,,
20201201,-10.402393003817583,-65.29731552720065,-45.718609977915136,1.1440879462907285,,
20201202,-10.350306078436082,-63.65749102570889,-46.64728069379789,1.1167917967876677,,
20201203,-10.27630915593149,-62.22859146769102,-46.96287529807696,1.0954835547343467,,
20201204,-10.2195651410708,-61.195710123392566,-47.24106641281633,1.0722345446074681,,
20201207,-10.345657988844463,-60.36574236006698,-47.009415733731664,1.0524954755285352,,
20201208,-10.582421146678634,-59.25782249314303,-46.81513447446208,1.0366444106972599,,
20201209,-10.764708159654612,-58.36715478822108,-46.656208460032374,1.0242330203880237,,
20201210,-10.94692813345366,-57.52363285372731,-46.37917510864111,1.010987095066907,,
20201211,-11.102913089264332,-56.686290325331974,-44.90771549207809,0.9977936463401179,,
20201214,-11.212738727658154,-55.97116692217699,-43.713793876162974,0.9939312132628445,,
20201215,-11.300723275357322,-54.690643706636735,-40.0926396319812,0.990264748867408,,
20201216,-11.526892233052822,-53.59199328583592,-34.07404526605375,0.9960211298482428,,
20201217,-11.637102174164607,-52.66294425079612,-33.13994327923265,1.0508889569087294,,
20201218,-11.904032385149327,-53.91584165665201,-30.737320018409594,1.0969022033827507,,
20201221,-12.13825935544075,-53.95922067801782,-29.89861620714492,1.1108963926924045,,
20201222,-11.831526790719147,-53.50123826270437,-28.106152881870898,1.11767978358541,,
20201223,-11.599136316265719,-52.34421608188045,-26.632535819230153,1.1275424860584784,,
20201224,-11.488093762939055,-51.37446105723502,-25.42683945040077,1.136669278981013,,
20201225,-11.349717210704686,-50.54223669049594,-24.428698765901142,1.1455942931326621,,
20201228,-11.401795836750843,-49.9691471171815,-23.631668683398786,1.15434404055581,,
20201229,-11.277046710394364,-49.63279171349777,-23.09982831745318,1.2163339022771946,,
20201230,-11.184831419866702,-49.550837066355164,-22.611962912983724,1.2511714382005776,,
20201231,-11.077377802902154,-49.54620874141482,-22.255270481225487,1.278778282764853,,
20210104,-10.943929872277442,-48.92891345822069,-21.71106946221495,1.2830541025933833,,
20210105,-10.789840412162897,-48.5892947191103,-21.371078962903947,1.2445519856529736,,
20210106,-10.665707855988149,-48.647977876547834,-21.089138455471097,1.211853707609379,,
20210107,-10.546058633120484,-48.572481989175245,-20.7284432769452,1.1848440789849182,,
20210108,-10.44854244472682,-48.30905965920188,-20.439240820895645,1.1660536303943665,,
20210111,-10.174817776106506,-47.50451960581327,-20.289031048172657,1.1195862136419863,,
20210112,-9.955640692651738,-46.92627919396305,-20.125241284073486,1.0813642954793423,,
20210113,-9.779757402930343,-46.69992737795074,-19.975621359829866,1.0507644880390379,,
20210114,-9.614696856822926,-46.51598850556984,-19.899726817741215,1.0298128739388355,,
20210115,-9.546630890473638,-46.404977196512796,-19.848715737041406,1.0141535533956907,,
20210118,-9.471565094358066,-46.40086535798309,-19.75088359723908,0.9911650540521207,,
20210119,-9.467532071908087,-46.99362020276526,-19.657159656837297,0.9800574679617426,,
20210120,-9.669885459788084,-48.13498398722966,-20.46708136284232,0.9741812153389376,,
20210121,-9.813709527358224,-49.81140537293333,-21.22707327372514,0.9582446386323427,,
20210122,-9.772344346781425,-51.08807156187278,-21.686375115339114,0.9451936352684112,,
20210125,-9.637302790716827,-51.169610673656024,-22.0610084477138,0.9091428145331344,,
20210126,-9.465127081245779,-51.24008589485233,-22.26309228840911,0.8798961207014399,,
20210127,-9.38948238618522,-51.434601611525125,-22.459140186423546,0.8564597590145843,,
20210128,-9.30457581583136,-51.573053992307884,-22.545019706874278,0.8404460696181786,,
20210129,-9.250596338598196,-51.37886681409604,-22.680519844884355,0.8290543725200393,,
20210201,-9.208391012332262,-52.04799079536587,-23.203234371645657,0.8169934455308471,,
20210202,-9.227274919385588,-52.46945016388569,-23.57844108163587,0.8126917011634337,,
20210203,-9.264061026229635,-52.72482730002179,-23.83348756539601,0.8034765289388787,,
20210204,-9.27249662434558,-52.779190524998704,-24.44998154034967,0.7958305555568531,,
20210205,-9.250374152544799,-52.89030991987566,-24.79196223087092,0.7894142125602652,,
20210208,-9.401817066137875,-54.40318316470179,-26.081994236858378,0.8009671392448677,,
20210209,-9.505676123525578,-55.640105904484024,-27.298729303513753,0.8032268467997389,,
20210210,-9.517286941305041,-56.70200702991047,-28.325994074410747,0.8052370581086576,,
20210218,-9.280614960436072,-57.55767661169803,-28.974754901263704,0.7668529104566432,,
20210219,-9.06871534106935,-58.26474818099398,-28.60821049959716,0.7282101142843007,,
20210222,-8.870664512838987,-58.582111703512474,-28.365978982224345,0.6845119870599429,,
20210223,-8.707730727787766,-59.30318865999016,-28.203788431010373,0.6470904312438737,,
20210224,-8.463053930234137,-59.91764338721806,-27.81875173963031,0.6152700972814894,,
20210225,-8.237029961808291,-60.25704629346969,-27.431450182817716,0.5897969164421205,,
20210226,-8.149771474251661,-60.36764921047914,-26.79486080210788,0.5620353209887942,,
20210301,-8.119091453835578,-61.70237379507569,-26.29971858090942,0.5426890891377827,,
20210302,-8.18802893770844,-62.911957539548084,-25.979152603785707,0.5240549884305705,,
20210303,-8.29171767702533,-63.90197966440675,-25.722859585507013,0.5088082858824994,,
20210304,-8.181112268082888,-64.17770784569478,-24.66261247611617,0.4942814394662866,,
20210305,-8.09231713715215,-65.04802036411114,-23.08016922121478,0.4824929386873476,,
20210308,-8.023778490332548,-65.1644310871437,-21.82698370091994,0.47269483358684466,,
20210309,-7.982329181505446,-65.44153355625275,-20.75515867231606,0.46540073119151,,
20210310,-7.9404944856422786,-65.30771730189558,-19.874159847603803,0.45970292821524944,,
20210311,-7.851064866689254,-65.13809938053187,-19.088438859218176,0.45271670827344057,,
20210312,-7.779249089045348,-65.67502400848973,-18.487385432701604,0.4471002513203568,,
20210315,-7.723470116041551,-66.23542917118816,-17.98736362977647,0.4411362826601475,,
20210316,-7.6436840335762755,-66.73398496612009,-17.606680102916542,0.43684072139538044,,
20210317,-7.596050092032483,-67.9011410483536,-17.31300861261147,0.43329718661285127,,
20210318,-7.734365792465997,-68.9475757292545,-17.128980095677164,0.44225546119299497,,
20210319,-7.893680893593788,-69.38885543285645,-17.276446616064657,0.45690133605942806,,
20210322,-7.892588916586122,-68.96264826749825,-17.377685329286148,0.4940984568138459,,
20210323,-7.8774717109058665,-68.47169924923404,-17.371738508377366,0.5249056310391496,,
20210324,-7.95369841710363,-68.69235810816137,-17.30482119308896,0.5486293705882279,,
20210325,-8.054155235604725,-68.33249276620899,-17.35720781574933,0.5728665401511248,,
20210326,-8.133863797811811,-67.96862708740716,-17.296495468575756,0.6004781725815496,,
20210329,-8.199575321487831,-68.05574679361747,-17.238309481628768,0.623663046265298,,
20210330,-8.269295538029267,-67.3616882744552,-17.189307483663324,0.6524821692122265,,
20210331,-8.296135042317632,-66.77918285421688,-17.11804964691624,0.6747467430171651,,
20210401,-8.581250090465188,-66.6424656923446,-17.4519568517705,0.6998185860816591,,
20210402,-8.857742203414105,-66.12749456063555,-18.943212788245017,0.7039985553993349,,
20210406,-9.032320241498732,-66.28133170410221,-20.099061577736702,0.7120926077776805,,
20210407,-9.171751163623581,-66.41209496685242,-21.434870779826742,0.7189416045252014,,
20210408,-9.286515312963987,-67.18802148285006,-22.52537627752182,0.7258993386780439,,
20210409,-9.590273055842319,-68.71968626964674,-23.659937828778574,0.7486398661327706,,
20210412,-9.733833637867974,-69.65437456963748,-24.114462349708734,0.7606605215319198,,
20210413,-9.830773555795728,-70.39391676920675,-24.509113868043915,0.7801762307704714,,
20210414,-9.96117020294897,-70.89431295786704,-24.915857675399046,0.7984134258311474,,
20210415,-9.99197422580117,-71.31734735803842,-25.251039454711005,0.8111902446331261,,
20210416,-10.047203566507836,-71.80392393193829,-25.386525491471634,0.8150017716590479,,
20210419,-10.091875000240572,-72.41144300146891,-25.349177770203966,0.8197660972800387,,
20210420,-10.552444255101518,-74.13304824821095,-25.45672881481489,0.8280742330423346,,
20210421,-10.876397928504556,-75.55012106059803,-21.520798107883042,0.8348153670181713,,
20210422,-11.193901895537568,-76.64925533213649,-18.80575980975687,0.849675988703305,,
20210423,-11.51656868185793,-80.25465486799692,-15.551188158952819,0.8674783589404649,,
20210426,-11.524264382836337,-83.55264119462542,-12.292370548816272,0.8853201063790389,,
20210427,-11.450667679409346,-86.29599771409296,-9.720467605744686,0.89911922460593,,
20210428,-11.379630687056709,-91.02942248417519,-9.20095499201325,0.9083310646996904,,
20210429,-11.411612298315898,-94.77444698203836,-7.243114286761181,0.8943210444375194,,
20210430,-11.257307707479612,-97.48590457708434,-5.570868579930232,0.8846891803435137,,
20210506,-11.103284367840237,-97.52068410346834,-10.886642476722278,0.8936226860562551,,
20210507,-10.935784072280285,-95.75911360701888,-9.054347459327476,0.9016717064435341,,
20210510,-10.727083345267358,-94.27323669582694,-5.441805717130183,0.9018441978406193,,
20210511,-10.506308211721851,-93.1665385270304,-3.54407197536291,0.9043415826443579,,
20210512,-10.3354011271379,-92.05868642743687,-3.972472238570368,0.9091640713782431,,
20210513,-10.12661385125843,-89.5523152044127,-3.063586222768902,0.9077351573080383,,
20210514,-9.980385560337595,-86.53418019159409,-4.176560786571878,0.9072275355898324,,
20210517,-9.813496459045624,-83.89143492068796,-5.464065422659361,0.8996106231176396,,
20210518,-9.481553411573412,-80.95428889793176,-6.3952757146389985,0.8946508436052787,,
20210519,-9.143005051638996,-78.73288977620548,-7.138768480953943,0.8954832915677622,,
20210520,-8.842044646984082,-76.75675806611756,-7.57967800914168,0.8869306223509069,,
20210521,-8.607482808170042,-75.2459803009972,-7.789933687971501,0.8789554457201705,,
20210524,-8.424854920734406,-73.47841399148001,-7.960460414176141,0.8629848988922496,,
20210525,-8.277688459830232,-71.84280519191373,-8.104892409398563,0.8455815755316574,,
20210526,-8.15396406870648,-70.27601017065871,-8.223215498328349,0.8313326415106729,,
20210527,-8.10094050688072,-69.00570365655128,-8.379159634223564,0.8215942130684704,,
20210528,-8.039804134203832,-67.8133698523195,-8.350948373569496,0.7930491571018914,,
20210531,-7.985997073875587,-66.9407443363639,-8.328817274060432,0.7710583390135644,,
20210601,-7.939494198341588,-66.03861529175887,-8.32691262161627,0.760868515822776,,
20210602,-7.989214553274741,-65.47580033450383,-8.321595784721804,0.7528278433329656,,
20210603,-8.009043982877758,-66.02022264477183,-8.318279357284498,0.7468322401282902,,
20210604,-8.022755781156091,-66.99178260215064,-8.309151032319923,0.7414894855321749,,
20210607,-8.083544426195118,-67.75767935925077,-8.285440829910454,0.7393854786164279,,
20210608,-8.157941000391201,-68.17094283870856,-8.274174342068731,0.738228750048842,,
20210609,-8.207640838112532,-66.89559595548229,-8.23025445864121,0.7356779009246869,,
20210610,-8.331474569418669,-66.68751079642512,-8.278626813310627,0.7428368182880184,,
20210611,-8.392804109678753,-67.1642478804479,-8.22494062973773,0.7426484286012619,,
20210615,-8.454786487684466,-67.4158014293513,-8.150862246478981,0.7334824815749716,,
20210616,-8.92497825490273,-68.48487058682733,-8.075115993463994,0.7256548896923488,,
20210617,-9.343669548126652,-68.84679286149324,-8.020669259653488,0.7190542144790472,,
20210618,-9.39574549279637,-68.61839285591152,-8.07260896583768,0.7119819079693387,,
20210621,-9.358773679743084,-67.13264507165273,-8.235193062619514,0.706014680030308,,
20210622,-9.342894197718618,-66.30723697984385,-8.283294102098838,0.7057366993254558,,
20210623,-9.311439141796003,-65.69691900747571,-8.327127629708768,0.7024997351353026,,
20210624,-9.298287426791312,-65.40764766757077,-8.360905725975492,0.6998521139402516,,
20210625,-9.336720004723398,-64.91603216591533,-8.359707654227018,0.6976622746163039,,
20210628,-9.516157497629077,-64.13191409950979,-8.607555938014835,0.7237172054229285,,
20210629,-9.63570169774541,-63.38009540012484,-8.765835992590596,0.7444375569108199,,
20210630,-9.757801256622818,-61.2131646807685,-8.880262013159946,0.7605844029851244,,
20210701,-9.818700840802602,-59.03585057571761,-8.868921365496115,0.7699484740065664,,
20210702,-9.885004247775868,-57.269341751723104,-8.861351112287654,0.780597893899368,,
20210705,-9.98519903092438,-56.166232313689925,-8.83240742553524,0.7847835170164984,,
20210706,-10.066650871011964,-55.333851267446164,-8.839901834320093,0.7860684709130213,,
20210707,-10.13775108698497,-54.66972484612081,-8.791558115797503,0.7826915893017097,,
20210708,-10.207247868007284,-54.6382695695496,-8.783282137980482,0.7826207239811235,,
20210709,-10.293375650798025,-54.62086058244486,-8.76520638108812,0.7817813975888181,,
20210712,-10.442214456433238,-54.49897952451796,-8.8577968747521,0.7866064120676359,,
20210713,-10.594693321737617,-54.22573029799164,-9.009540719217622,0.8063692121154523,,
20210714,-10.735014070383672,-54.101244141339656,-9.381085916890369,0.8236990736154893,,
20210715,-10.9476997607367,-53.95582165915386,-9.67516399808053,0.8374476561925837,,
20210716,-11.697045864173527,-54.457272547628676,-9.883417213968588,0.8565680485397414,,
20210719,-12.941527619112701,-55.631576255153945,-10.052849875591681,0.8739294827376662,,
20210720,-13.993367291603832,-56.361232856219665,-10.157285168476111,0.870617678466224,,
20210721,-14.38618260749887,-56.912953085947336,-10.19255651895153,0.8721179196189291,,
20210722,-14.752684498452274,-57.31371897885595,-10.189474668260964,0.8734169146446893,,
20210723,-15.056391696821152,-57.246010149679854,-10.08802911052071,0.8502393504602681,,
20210726,-15.25511108570143,-57.304743253007025,-9.968494573246808,0.8289586905124926,,
20210727,-15.464184423993288,-57.39645224777202,-9.909553242731144,0.8115555133527521,,
20210728,-15.576455043644797,-59.778356380496625,-9.885011338113724,0.7990648220776031,,
20210729,-15.75179560221525,-62.88000486130859,-10.082602986059086,0.7934827351728678,,
20210730,-15.946869503652529,-65.24329399284876,-10.232442306869086,0.7893694524189423,,
20210802,-16.177353452317423,-66.66067917412778,-10.412356175423009,0.7891503140317055,,
20210803,-7.359945468330371,-66.90647581266975,-10.366781156782867,0.78230119926921,,
20210804,-8.121432338979487,-67.04187563009,-10.410107238718185,0.7806535421116538,,
20210805,-9.487091162852796,-67.16758138260604,-10.444598481034854,0.7787876121882142,,
20210806,-5.294680273798597,-67.24142513621837,-10.492498506108934,0.778276213572721,,
20210809,-6.457226747583403,-66.75211985716304,-10.305972599526463,0.7803274285883509,,
20210810,-8.963703976205787,-66.84074525538658,-10.167988107633423,0.7723166274398923,,
20210811,-12.260755625387405,-66.85927968182197,-10.057425978847236,0.7661603502443288,,
20210812,-10.343267337979121,-67.35108228418783,-9.732912913766476,0.7598031123447234,,
20210813,-7.660592046802296,-67.70300264380181,-9.487222843543586,0.7561210083230301,,
20210816,-7.624827425195984,-67.99362922422974,-9.28543012541803,0.7576103437757564,,
20210817,-6.246851524267665,-68.56049928327641,-9.203459396492086,0.7601273180854456,,
20210818,-7.628944767016179,-69.49580906478677,-9.085224522715478,0.7644682174662734,,
20210819,-8.69243586493108,-70.1917235241365,-9.002132150778996,0.766880634299341,,
20210820,-9.562683468644904,-71.31965115846876,-9.060316149895304,0.7715866914733962,,
20210823,-10.259747587153818,-71.26641764304327,-9.139807018144705,0.7768531611721006,,
20210824,-10.817899917288614,-71.17899073219134,-9.203155768450628,0.7778884047358112,,
20210825,-11.228551326658813,-71.40193814868839,-9.246402250517624,0.7760266219545987,,
20210826,-11.567300102186202,-71.4504670708272,-9.257107369015747,0.7750582694063937,,
20210827,-11.8459307750787,-71.4230845724388,-9.264867569813383,0.7713888729406327,,
20210830,-12.015826991232558,-72.0866774144182,-9.088538939931714,0.7656207105455689,,
20210831,-12.286386576172225,-73.17115752497563,-9.030250968108257,0.7695019442221649,,
20210901,-12.471663135338213,-74.28920611825548,-8.98269175715473,0.7713334254573027,,
20210902,-12.613955740916582,-75.32050031846374,-8.937372193667299,0.772310017544984,,
20210903,-13.022546307150174,-75.9336929985591,-8.923467128579935,0.7657801149555605,,
20210906,-13.366666680368416,-77.72579523339482,-9.101279462987511,0.7610712076714726,,
20210907,-13.63744819794711,-78.70629770254041,-9.234303243362788,0.7714902381051579,,
20210908,-13.848252500976624,-79.56664221486079,-9.286979513769642,0.7803471346572467,,
20210909,-13.974525987902531,-80.5232909207152,-9.658192827777148,0.7795499169611979,,
20210910,-14.4238619699003,-80.94376439143451,-9.9195463368769,0.7817855684307271,,
20210913,-14.778015360643153,-81.30181291152414,-9.970367198615232,0.7845380063129247,,
20210914,-15.187904444235956,-81.21263884599783,-9.957698204429413,0.7923408286972166,,
20210915,-15.571360721745492,-80.49406134502931,-10.073616675905752,0.7995973114619007,,
20210916,-16.001396540096287,-80.30939855878266,-10.144318853829231,0.8061511799960608,,
20210917,-16.19945566546645,-81.9763385036156,-10.192324497421358,0.8657062402047386,,
20210922,-16.48538972281714,-82.2925884027418,-10.250978199461517,0.8386689925060343,,
20210923,-16.68321462880598,-82.05598282060093,-10.283336841408733,0.8167092732893897,,
20210924,-16.771031258236754,-81.78755185698768,-10.348106922770121,0.7964229507415178,,
20210927,-16.867779434115924,-81.28320777815182,-10.316855127797613,0.7554591347636848,,
20210928,-16.767386675409924,-81.08838318913878,-10.254003299626488,0.7224043132798206,,
20210929,-16.807283005513924,-80.82739646213825,-10.567089846726738,0.6959057064183474,,
20210930,-16.793626717412135,-80.93431544618689,-10.864790603146075,0.6722269322216052,,
20211008,-16.325312810713328,-79.79012466944027,-10.824895693219503,0.6479171592831383,,
20211011,-15.870141652302436,-78.48434010089825,-10.664518120736071,0.6279653518325286,,
20211012,-15.315042745538454,-77.4123315069096,-10.536002401115795,0.6104818993690875,,
20211013,-14.8368278715604,-76.53681421566735,-10.42712905205618,0.5956075902596322,,
20211014,-13.520509847738841,-73.42367437591173,-10.33755555623583,0.5838069948274285,,
20211015,-12.440005516676585,-70.8791313496309,-10.291296694846523,0.5744617056273457,,
20211018,-11.229234648514032,-67.90829422060395,-10.202156269099369,0.5613588246024518,,
20211019,-10.21464684492928,-65.52277751614288,-10.167109660266414,0.5502656376511356,,
20211020,-9.205793580154705,-63.473213282663274,-10.258612651818035,0.5351277444696173,,
20211021,-8.387723093260421,-61.87812650079721,-10.106432129815301,0.5233484399033221,,
20211022,-7.692999633097382,-61.052845161902745,-9.843775299231249,0.5129054783728264,,
20211025,-7.12567163724391,-60.35164417536981,-9.641216722064993,0.5040391424470244,,
20211026,-6.65591193597105,-59.79551414386297,-9.464449854815594,0.49664510406377504,,
20211027,-6.2577126767242754,-61.13006406579943,-9.222854474093165,0.506449662995905,,
20211028,-5.932919776153882,-61.81523139058229,-9.012305406021378,0.49440746712890854,,
20211029,-5.662899561391726,-62.29813061974158,-8.824583149669824,0.48365705463690356,,
20211101,-5.431281779095886,-62.69569984681911,-8.734422770268608,0.47817711901094656,,
20211102,-5.237768003447011,-63.10040341082315,-8.689033158881726,0.4735732344076587,,
20211103,-5.0792411537405275,-63.93057455104293,-8.630566748421282,0.46894632805108505,,
20211104,-4.955486031142841,-64.22604438905978,-8.536526758348225,0.46573114756950373,,
20211105,-4.8281785174601755,-64.88405349269443,-8.543952486627573,0.4673715916269683,,
20211108,-4.726800450982268,-64.82523433555703,-8.63385241303547,0.4695385364958253,,
20211109,-4.649826713185102,-64.78973308368194,-8.688595156927262,0.47309062351229175,,
20211110,-4.588723730711472,-64.83364799495025,-8.718271576349274,0.47611229471545735,,
20211111,-4.663428553801577,-68.07223680838956,-8.69351910334311,0.4716513891487888,,
20211112,-4.722553176770156,-70.3841725075462,-8.704900209814497,0.4681055343835455,,
20211115,-5.103814813246199,-74.25292051931949,-8.794857886348506,0.47154582561928093,,
20211116,-5.41223651007347,-77.53635938610289,-8.858814038404574,0.47425901464860026,,
20211117,-6.030143160487756,-79.70397724641924,-8.919313634724105,0.48089852964384294,,
20211118,-6.475179354997774,-83.12242288216935,-9.334866965071262,0.4862952332577256,,
20211119,-6.805619512064569,-86.51961208239413,-9.35450172912923,0.4905847015020456,,
20211122,-7.069876973557432,-89.10649881402156,-9.370930723921179,0.4940406288143288,,
20211123,-7.144813973287465,-90.84979279206453,-9.324765824172186,0.49612412805499945,,
20211124,-7.2530667662632755,-89.57972312975858,-9.406262667437435,0.4970171050903005,,
20211125,-7.341712556018636,-88.79276091496789,-9.498325271397817,0.5407777820702442,,
20211126,-7.421877862972939,-88.04306166420324,-9.431434955435295,0.5781855718991531,,
20211129,-7.5139142070889875,-87.27155584572544,-9.383174956196827,0.6192429243908486,,
20211130,-9.137446281160392,-86.72278341636844,-9.325226300180404,0.654168879530197,,
20211201,-7.033501836757042,-86.6444448520233,-9.302215326039224,0.6883259712759499,,
20211202,-5.831194095786046,-86.86640706404155,-9.341983771960384,0.7154361281686558,,
20211203,-3.982552482246984,-87.06725871112475,-9.371110237622938,0.7404945917308585,,
20211206,-4.043664577650863,-84.98697879725094,-9.313283046897137,0.736148907700607,,
20211207,-7.9441283484594925,-83.13538505483135,-9.284150897789267,0.7253187680421255,,
20211208,-9.964757458347139,-80.85440102554782,-9.278423745009965,0.7164065602354206,,
20211209,-9.849653984365018,-77.94308903221058,-9.301419534384888,0.7374340233804375,,
20211210,-12.805482694903684,-75.73643289484325,-9.31523330701748,0.754094910035198,,
20211213,-12.216475953743632,-74.2235235595658,-9.331676571288835,0.7774744984112981,,
20211214,-12.71487255089784,-73.04027527896889,-9.317218047097205,0.7952858396932931,,
20211215,-12.561929059588595,-71.08272405474638,-9.291759154329325,0.7975593259662292,,
20211216,-12.7067156535286,-69.55373963046947,-9.28032130883576,0.8005794316415833,,
20211217,-12.714995763247444,-68.02994279798389,-9.596794436546457,0.8027412540283819,,
20211220,-12.550572195562397,-66.41890949574237,-9.765119988735561,0.8041310986236688,,
20211221,-12.65607160667406,-65.09967480494404,-10.066260916362198,0.8064082249590946,,
20211222,-12.650247718803016,-64.5716990622391,-10.269965021086902,0.8136403076507043,,
20211223,-12.577210269018932,-63.93014149812394,-10.349789630352918,0.8238122919723309,,
20211224,-12.555411402098711,-63.04353982599087,-10.650387791325647,0.8306344987261102,,
20211227,-12.604003698561462,-62.277061825146376,-10.892029784082865,0.8357900652278095,,
20211228,-12.646242242708954,-61.67408132014273,-11.094735105541313,0.8392304192979156,,
20211229,-12.683160132905572,-61.155337967916445,-11.283213939151631,0.8423502347395853,,
20211230,-12.729169174817303,-60.53890358962508,-11.470637308152842,0.8420524832335129,,
20211231,-12.810458743473342,-60.03139759200693,-11.619802123656049,0.8415212238290627,,
20220104,-13.053139072616203,-61.16401061665748,-11.954164051329649,0.8661214551386133,,
20220105,-13.209378266944166,-61.843917256694866,-12.231884553530056,0.8980445538275972,,
20220106,-13.367667730784557,-62.6515945860874,-13.406202372334874,0.9250988941667104,,
20220107,-13.540460547784322,-63.22874890621731,-12.624462183446706,0.9457260284002798,,
20220110,-13.647362767083813,-63.32298068689388,-12.072077639477346,0.9632392236904589,,
20220111,-13.784710417976395,-64.13543502465181,-5.635895028483882,0.9798779746146147,,
20220112,-13.74421246471808,-64.60062460888844,-2.2008432519885726,0.9623025934371097,,
20220113,-13.892844162520671,-66.50843192226567,4.243570403037355,0.9658904887233188,,
20220114,-14.063408087941001,-67.22263070964021,8.562285830015746,0.9692127432528383,,
20220117,-14.404274617939146,-68.47734903879565,12.176013189382035,0.9714623341238512,,
20220118,-15.131674474278238,-70.03613660275683,11.601790763822565,0.9618243617486674,,
20220119,-15.711373062523188,-71.19962171047524,11.423918077919458,0.9538265926616323,,
20220120,-16.29398047794389,-71.30933799289967,14.220424127289053,0.9180953406964569,,
20220121,-17.010004451909392,-71.54984828155072,16.55370539397962,0.8888917964166141,,
20220124,-17.445505959057687,-72.38842308725025,18.315716473732664,0.8661626759232557,,
20220125,-18.00312522754318,-72.44987250280909,18.9432058764283,0.8282814764452986,,
20220126,-18.430582865076836,-72.50243033354893,19.45405020777511,0.7970639333924651,,
20220127,-18.739212940995827,-72.64896106552621,19.846056975278998,0.7703505273390441,,
20220128,-18.748510753221392,-72.72152594879665,20.162012232870275,0.7490753427099779,,
20220207,-18.683444134910165,-71.31938309005902,20.250704755987062,0.7316745525305202,,
20220208,-18.507594591930733,-70.26103384690336,20.322916280573182,0.7256297593806988,,
20220209,-18.37104603364424,-69.35271821160673,20.34379217124135,0.7196250442415091,,
20220210,-18.06540114836875,-68.28715155240877,20.39313575700742,0.712642693287308,,
20220211,-17.755939273500598,-68.63613559953446,20.40325081126046,0.7039538898700246,,
20220214,-17.55104938171815,-69.21028354053918,20.37628273234098,0.6945326128655056,,
20220215,-17.28987403073993,-69.66773504700464,20.316343606515957,0.6869461445553634,,
20220216,-17.42539636128695,-70.16914145376154,20.3007350676258,0.6902991091963703,,
20220217,-17.521961635128513,-70.28826951019606,20.28648236376469,0.6942227735755682,,
20220218,-17.494103951149768,-71.45014630833089,20.29730174463557,0.6944760489445084,,
20220221,-17.47105771094758,-72.34491118640739,20.446031939648538,0.6945989218238943,,
20220222,-17.454323767287935,-72.8828033813481,20.56665981946242,0.7027904013962939,,
20220223,-17.422564053703418,-73.48226971758936,20.59402577680083,0.70841785879378,,
20220224,-17.416440876825185,-75.18058087812568,21.504650139019013,0.7414825570021822,,
20220225,-17.41223150437446,-76.73810430988755,22.06818933497788,0.766181173117874,,
20220228,-17.41026681017363,-77.9672273732987,22.522626278635396,0.7860258986217226,,
20220301,-17.411681613699024,-80.09946916653934,23.94681146112914,0.8485064641698097,,
20220302,-17.21211921471852,-81.85120923740112,24.972758952624133,0.8995127955356254,,
20220303,-16.999219981106066,-83.16317971189625,25.39450579455346,0.9555455710444368,,
20220304,-16.905525373328967,-85.11466620312073,25.712023423302455,1.0028443457759186,,
20220307,-16.610007205949223,-90.69235710488485,24.132114580964778,0.9754375960962995,,
20220308,-15.60788390126092,-94.361621988188,22.523375585776062,0.8884027075054663,,
20220309,-14.250123055367654,-90.37710779880769,20.488227537707257,0.7939923942577305,,
20220310,-13.132081305513875,-87.10836410424312,18.811073448743418,0.7123232825506184,,
20220311,-12.221880218722612,-84.33603765795804,16.951076144093822,0.645333627946762,,
20220314,-11.473599469283734,-82.3207297935456,15.407427766273559,0.5891075088822303,,
20220315,-10.870067246242156,-80.44397947412851,14.154680924043227,0.5420942345609598,,
20220316,-10.37437834015424,-78.8835409530289,13.087190008301794,0.5023779216981704,,
20220317,-9.968380040963147,-77.75449941851333,12.161167286328547,0.46952993669334786,,
20220318,-9.644357836886574,-76.83074835224471,11.403755116912917,0.44171709346604804,,
20220321,-9.400858130162021,-76.087252436182,10.743277922568998,0.4188933624462661,,
20220322,-9.200977204926309,-75.58698780615512,10.203350009289851,0.40021842304687544,,
20220323,-9.03748291136811,-75.20745322266032,9.766532610651355,0.3849473021040426,,
20220324,-8.91027692142676,-74.68210642436414,9.283220568965824,0.37176551834731997,,
20220325,-8.80534327322689,-74.26952893514151,8.88560948182695,0.36085733104342727,,
20220328,-8.724116845993828,-73.9490667657341,8.439117055930137,0.35182570242131844,,
20220329,-8.654798265218101,-73.55594747716891,8.074639750761401,0.34439485956871113,,
20220330,-8.62145898988105,-73.09360973272719,7.775822070147435,0.33832350130837163,,
20220331,-8.605292980324979,-72.70557944078216,7.517217737358272,0.3333408567207908,,
20220401,-8.601032066639316,-72.31519215491146,7.306260243094926,0.329118276517373,,
20220406,-8.621464714399261,-72.96672432096192,7.189232703756587,0.32782588793996476,,
20220407,-9.016487704175061,-73.99420148680798,7.112612792376747,0.340624052952523,,
20220408,-11.42874830495423,-80.89829176356578,7.2122807422485,-2.5805345233429877,,
20220411,-14.44337938304463,-88.97151532839966,7.289942337918735,-7.647828338293841,,
20220412,-16.207938073854308,-96.0138622951754,7.579359175832764,-12.465759968185887,,
20220413,-17.647488354535387,-101.35866564002207,7.817090147899214,-13.964811210860534,,
20220414,-18.162809394725457,-105.37029020905217,8.01136169198913,-16.48106395915518,,
20220415,-18.464528331726736,-108.06546885605138,8.243122300598902,-20.771024882969556,,
20220418,-18.837057013868446,-109.96822283575545,8.49302576755681,-23.77026910872739,,
20220419,-19.150521173680783,-111.42929803626568,8.687989472907612,-24.559863400819946,,
20220420,-19.431738824961485,-111.5372467755219,8.90151291081164,-26.933506801344148,,
20220421,-19.506389075706657,-109.73651188764836,9.076350227074977,-29.84010104423056,,
20220422,-19.571478093539728,-108.26655935843948,9.223376476155071,-32.46529682622677,,
20220425,-19.036544641336096,-107.15128408663631,9.697341143573812,-26.267449361256524,,
20220426,-18.60684727593511,-106.12019658923018,10.260256159418415,-21.222324563822074,,
20220427,-18.26518181752361,-105.09820067984423,11.631328613662292,-17.099329144345685,,
20220428,-17.977348130996724,-104.58671071945903,12.756642299558598,-13.732075981789674,,
20220429,-17.7548344602652,-102.54697276113461,13.716112870495634,-10.989802261393109,,
20220505,-17.39045628696515,-101.11176945819805,14.633010636202098,-8.747679259135262,,
20220506,-16.903167860975895,-100.05358008277999,15.218277612716168,-6.912301259494793,,
20220509,-16.450018807753885,-98.05613067217358,15.712432877452278,-5.436076143556081,,
20220510,-16.017045612473222,-95.66453987721603,16.19573216963711,-4.234711079957008,,
20220511,-15.663979155281101,-93.81824679412438,16.610508076329253,-3.270750610986725,,
20220512,-15.384877495652477,-92.0686134574357,16.989220931386754,-2.499626489500058,,
20220513,-15.414007036234974,-90.61686619399153,17.28360162030678,-1.876266984543176,,
20220516,-15.697147359723981,-89.76284350188534,17.702661483784585,-1.3654740183162661,,
20220517,-15.937647551327778,-89.4510175149878,18.04912843792954,-0.9434195671158404,,
20220518,-16.40248885956657,-89.46444645419096,18.37310025304141,-0.6021231468691776,,
20220519,-16.799831567203203,-89.7520623314281,18.494961177728655,-0.3463312047024884,,
20220520,-17.075095035855252,-89.59428181291753,18.58649667237262,-0.1361713021267666,,
20220523,-17.37486835730153,-89.72928506652612,18.667380511090833,0.035740357151843906,,
20220524,-17.630056491952708,-91.33341468471586,18.754069389538838,0.175268133819462,,
20220525,-17.625396031863506,-92.77243752603499,18.84954453427624,0.2889416880685208,,
20220526,-17.99200907760623,-92.3028638390408,19.549811245570666,0.3711622450478691,,
20220527,-17.94099229250516,-90.3037533841338,19.91303487549745,0.43692127271088227,,
20220530,-17.837954199927175,-88.66710901194385,20.016193182169282,0.4719693939035259,,
20220531,-17.827481127257784,-86.97218877493697,20.099089124703315,0.5011422129019164,,
20220601,-17.83199232920377,-86.89381399196161,20.19899800692559,0.5270905390542113,,
20220602,-17.92925699547969,-86.90004632374131,20.433016698234436,0.5478401803600612,,
20220606,-18.192031296638024,-86.94227019507986,20.888334689015075,0.5622167340745845,,
20220607,-18.538215592480217,-86.81272428221472,21.38357648063176,0.5769177027203197,,
20220608,-19.09025897467303,-87.02010582198885,21.949089864461573,0.5856151868414571,,
20220609,-19.519045758743797,-87.86867511786868,22.100668300999633,0.5966620754332491,,
20220610,-19.690609021046257,-88.49451051967289,22.377843321589204,0.6121553886469022,,
20220613,-19.721232383231158,-88.95973200693504,22.131417659318373,0.6232264850479453,,
20220614,-19.69611280146151,-89.37085016468401,21.929738862402605,0.626780358295494,,
20220615,-19.64896613711256,-89.81179058399736,21.695526504067153,0.6294204859786725,,
20220616,-19.652048973995427,-90.5192499785413,21.606655945509743,0.6274840423202991,,
20220617,-19.54751861500274,-90.44240142517906,21.65645679062068,0.6275056082847482,,
20220620,-19.23899953842089,-90.19117132595866,21.9081359585523,0.6260092610729832,,
20220621,-19.01577341565272,-88.72699277883912,22.132074339779646,0.6248435459048515,,
20220622,-18.850872662191552,-87.63918080871804,22.139958529884748,0.6223235890491728,,
20220623,-18.851483262031,-86.64524310674288,22.092209488829525,0.6204719130673838,,
20220624,-17.924710228977773,-86.68698028424231,21.407699465699757,0.6024341664492306,,
20220627,-17.30626116783773,-86.47295954730062,20.793481356316846,0.5843563291447315,,
20220628,-16.613058686372923,-86.25234059798613,20.573760606135796,0.5747160595178741,,
20220629,-16.060837218044824,-86.31537733040828,20.319993558036046,0.557480026599424,,
20220630,-15.599193649797854,-86.27965833688552,19.97869137031732,0.5425973717249042,,
20220701,-15.035849298968358,-85.68479121085248,19.499111604583284,0.5287987905383723,,
20220704,-14.65910549106064,-85.34790460217907,19.120396683895823,0.5160458172122439,,
20220705,-14.28653042104157,-85.34617832905397,18.78560686912544,0.5053143150208894,,
20220706,-14.004276695501662,-85.94193493812925,18.63993397093522,0.49898018223947704,,
20220707,-13.706413391010031,-85.67604173865408,18.54261402681557,0.49325026433829533,,
20220708,-13.432902377400778,-84.75422554916098,18.460446930294502,0.48822113338366513,,
20220711,-13.203800850588063,-84.05299919246758,18.295857015064815,0.47855966306884107,,
20220712,-13.05336068548371,-82.54507969033718,18.160565729500373,0.4717838192872922,,
20220713,-12.78467567898224,-80.82695551535225,18.02354022999351,0.46580529449185565,,
20220714,-12.530341483648373,-78.87361092959652,17.68575398130063,0.46391800543323414,,
20220715,-12.318205165930163,-77.85481645859502,17.04936290291425,0.46151055897179033,,
20220718,-11.845701674143362,-75.15722839668892,16.29317410166449,0.45226010662696414,,
20220719,-11.458222832940113,-73.50449954199873,15.685102667269353,0.443819147186134,,
20220720,-11.066464753529262,-72.15212211568742,15.032267746291714,0.43701039112209644,,
20220721,-10.74526785831894,-70.92855141330831,14.505025697124378,0.4309124351055147,,
20220722,-10.678039645920736,-70.31266806967838,14.256202743351839,0.43664056991370553,,
20220725,-10.626727130850941,-70.51797262677515,14.104077036802705,0.44470342727059176,,
20220726,-10.619760864575753,-70.68609527785942,13.873242658296366,0.44997970570527196,,
20220727,-10.616476956904368,-70.79323579460875,13.677206257948264,0.4644653417469297,,
20220728,-10.443485326431057,-70.85609499777199,13.541115999434616,0.47599865501059374,,
20220729,-10.442301924012785,-71.41118281228223,13.576566193899728,0.49110836551156556,,
20220801,-10.451793195614707,-71.52528743332967,13.527755804858678,0.5027388535683863,,
20220802,-10.468311257299252,-71.84261593172377,13.472634976863091,0.5120252725006404,,
20220803,-10.485626481780473,-72.08037901367241,13.409937647170691,0.5206945602314935,,
20220804,-10.523962888601075,-72.71802815696688,13.391900987857262,0.5278032707786203,,
20220805,-10.393191501860665,-74.2515218430897,13.385432236324087,0.5353912939808442,,
20220808,-10.26797273601967,-75.54553908827619,13.350164750422229,0.5490486177444278,,
20220809,-10.167178221320354,-77.54141476010815,13.319452663993461,0.559981237936106,,
20220810,-10.199733849760328,-79.90037766907037,13.293279592496546,0.5702440293297375,,
20220811,-10.390956649887025,-83.68716214287049,13.319711147259646,0.5777302281432019,,
20220812,-10.599954359460646,-86.94280060360963,13.884527474460484,0.5955175786436955,,
20220815,-10.853878186267025,-91.59084914949699,14.396576346736904,0.6290614593315355,,
20220816,-11.096714155073789,-95.39280500153454,14.806370011579448,0.6695072116384999,,
20220817,-11.342411008900541,-98.38690607711963,15.460785458605104,0.7034928498160363,,
20220818,-11.310678371723522,-101.15420666044811,15.9590024257835,0.7331899262924186,,
20220819,-11.27950496233522,-103.45512069783894,16.36097215066685,0.7577038920089344,,
20220822,-11.251324946318645,-104.81716679136214,16.587410745729258,0.7788530722914287,,
20220823,-11.248282344076946,-106.13528315235892,17.067035723732236,0.8176230164966398,,
20220824,-11.274021781503118,-107.49877513582636,17.586207207409345,0.8629431874398562,,
20220825,-11.516625811608886,-109.01883486453478,17.943683855440145,0.9041315701085353,,
20220826,-11.742768989878954,-109.5219545421295,18.238868798696263,0.9350491321727706,,
20220829,-11.824370464723984,-110.8395630919579,18.488304696955684,0.972213127537829,,
20220830,-11.885982135560296,-112.25513258503808,18.712080459106602,1.0203950207181605,,
20220831,-11.96598732644524,-113.48595020843207,18.791824665585036,1.0574522814818352,,
20220901,-11.858534145680977,-113.9409077251986,18.76548001377381,1.029539178293066,,
20220902,-11.96300666101992,-114.29317972936818,18.805355495530662,1.007190043478132,,
20220905,-11.992418568348967,-114.77836531580088,18.753246418975465,0.9760019213835661,,
20220906,-12.010044486126743,-114.08338141393217,18.644588374708025,0.9482893490981906,,
20220907,-12.045429982325242,-113.77531624508316,18.556224556175998,0.9216569684635191,,
20220908,-12.080939372328949,-113.22480159112337,18.899778026644498,0.9082564680696775,,
20220909,-12.00129422259837,-111.97899308092148,18.62580868504255,0.900225390341253,,
20220913,-12.039821796562514,-113.73355720583999,18.552349439193648,0.8961728261525546,,
20220914,-12.159020612091211,-114.04421830306882,18.462564109899894,0.8821486970636715,,
20220915,-12.29542071886447,-114.32699466334785,18.397092383784717,0.8665481922182023,,
20220916,-12.65144010527771,-114.75284734659432,18.364789303676115,0.8537720099013006,,
20220919,-12.972513328554916,-114.98100697146018,18.334225473130463,0.8438351463401718,,
20220920,-13.275458705931538,-115.93016484014443,18.370929634606725,0.8369805416249987,,
20220921,-13.528608914910071,-116.53438488681562,18.340226273101745,0.8240570247724064,,
20220922,-13.736789294852437,-116.91739620556021,18.285093101090187,0.8123836823066766,,
20220923,-13.920308415760152,-116.96214716700932,18.212527814986856,0.8030966055647731,,
20220926,-13.97353438417521,-117.64948031842975,18.0877828398569,0.7942533482652417,,
20220927,-14.090600989189417,-118.11665348905706,18.288978650717223,0.7817502731351781,,
20220928,-13.96026654884752,-118.5506475414753,18.232950957605627,0.7710250688725362,,
20220929,-13.71967112361498,-118.08097346124126,18.248268903491205,0.7620598707439261,,
20220930,-13.707784780087234,-118.52600318399027,18.366997831918297,0.7792538960739643,,
20221010,-13.665439083906026,-117.1420553403772,18.419492191528818,0.8083855569127184,,
20221011,-13.68010624411689,-116.02201077245246,18.62176873107373,0.843314504392407,,
20221012,-13.699117829237377,-115.83740411364353,18.791115524651538,0.8737321949257816,,
20221013,-13.881241440547619,-115.74009535113511,18.957906546190728,0.9060131647547601,,
20221014,-14.003783644526784,-115.63589262676938,18.993138240334357,0.9301311059894394,,
20221017,-14.185867931833192,-117.19814362151503,19.83287789507489,0.9456442394831726,,
20221018,-14.333670970709678,-121.19508683483215,20.561466196239376,0.9598968768992429,,
20221019,-14.362524454740123,-127.10387987754753,21.07356911615839,1.0011081751402666,,
20221020,-14.388690937466755,-132.05561831084472,21.413576304198145,1.042293900587601,,
20221021,-14.351133996458262,-137.95889201182337,21.498062645774517,1.0579180952743275,,
20221024,-14.325152891420267,-141.66262385334886,21.4459967220335,1.0701977332737884,,
20221025,-14.296280183730326,-144.41188581359185,21.508104030177662,1.0799193566237448,,
20221026,-14.25150628326372,-144.69302043193522,21.790724360917878,1.1071076502910118,,
20221027,-14.215056288302945,-144.4739149382276,22.120602724815065,1.133439267062682,,
20221028,-14.010263201836667,-145.7598938692513,22.44702471031428,1.1274489563071715,,
20221031,-13.635336048512183,-146.18981995558988,22.787278853571856,1.1282678183035817,,
20221101,-13.33411321286214,-147.12342556630168,22.506808080567016,1.1564503374441502,,
20221102,-13.23804457972754,-147.83936490137162,22.603032221346524,1.1807944325679898,,
20221103,-13.288325212034326,-150.0061156811451,22.70372048031558,1.2036193556045633,,
20221104,-13.155025042534344,-151.4277756582339,22.856696783736293,1.212024327808978,,
20221107,-13.191555296448664,-158.11145107823165,23.150500244079755,1.181187111650021,,
20221108,-13.264963140311295,-163.29109802653403,23.480913903140895,1.1559279107039164,,
20221109,-13.316651896821257,-164.79148292053725,23.927565643484186,1.1304616125512559,,
20221110,-13.321050577370759,-159.7337289979141,24.028290871271995,1.1122096335212188,,
20221111,-13.335881675636355,-154.72703966452087,24.209967699650345,1.055079803928518,,
20221114,-13.387945762270968,-150.14837025510477,24.247739986829455,1.007053891038959,,
20221115,-13.331312799362433,-142.66372486677372,24.22916238944016,0.9617036611098598,,
20221116,-13.359408137006396,-136.55307280628486,24.25552547758815,0.923668343858656,,
20221117,-13.392298449380398,-129.62114194668146,24.200133051582256,0.8915152291971916,,
20221118,-13.515108691972577,-124.20425406511144,24.47760370083289,0.8716934501851702,,
20221121,-13.597539713518502,-120.16114939481986,24.792294577828695,0.8442356964627583,,
20221122,-13.547594440017795,-116.91494647083307,25.061204549290164,0.8217719724547109,,
20221123,-13.532263323318636,-114.24340294169545,25.28339785446397,0.8022664370943222,,
20221124,-13.503507150604767,-112.08645838643926,25.49951749251596,0.7867318482313156,,
20221125,-13.682836122618331,-110.09067066209826,25.752222959170258,0.7856720225127888,,
20221128,-14.576303265451921,-108.49323339331312,25.63150963237471,0.7831176224685371,,
20221129,-15.167808379192008,-107.16771920049136,26.25814341375163,0.7803403681500064,,
20221130,-15.629092088337467,-106.06511148181714,26.626580074368142,0.7776252788924931,,
20221201,-15.750043941625274,-105.16249466063131,26.919948607874435,0.779411435269326,,
20221202,-16.116694938769083,-104.43517421916138,27.15461133015826,0.7810168374478018,,
20221205,-16.400856649128972,-103.00261776603791,27.245890423739507,0.7838653589350649,,
20221206,-16.632971071765436,-101.53373778822741,27.29679610090927,0.7859917934639493,,
20221207,-16.82484199865685,-99.59853477396882,27.338474594493306,0.787121502265047,,
20221208,-17.14281360544613,-99.3039186227591,27.05370904905589,0.7895832362836837,,
20221209,-17.529757684138502,-99.46767819691611,26.942456628126134,0.8302084860735959,,
20221212,-17.693624245455375,-97.93931710699484,27.034579389467318,0.846942553327021,,
20221213,-18.080620096781068,-99.1767111224804,27.127681279942344,0.870220369435274,,
20221214,-18.411621641132296,-100.1274180281761,27.035300924086275,0.8929820527021465,,
20221215,-18.573695714563325,-102.28044611258485,27.04975568593697,0.9125326941890494,,
20221216,-18.428256597211004,-103.59841383635417,27.087270344558494,0.9254991255501404,,
20221219,-18.25188077848188,-104.6423195372194,27.185707792144427,0.9556096028149597,,
20221220,-18.261899322339143,-105.53361427142606,27.26464050009432,0.9751106603990128,,
20221221,-18.263237011622024,-106.77816034377233,27.319544235705163,0.9925905192029089,,
20221222,-18.299178551510874,-105.5789224375846,27.33505575988277,1.0069964266286964,,
20221223,-18.322632907915025,-104.58625173633936,27.301368597947583,1.0186324915413032,,
20221226,-18.19295514218819,-103.59166279383457,27.986889520596325,1.03389743857135,,
20221227,-18.18662574010929,-102.47464756362778,28.214355667417365,1.034110673838676,,
20221228,-18.178643199904876,-101.57772043349105,28.524513757126936,1.03219398732947,,
20221229,-18.794832023087103,-98.9313842341758,28.777329710651262,1.0288633633724908,,
20221230,-19.386461247312614,-96.76698649907571,28.99332319079098,1.023593341541583,,
20230103,-19.75093297076,-96.43483636289048,29.167395208473003,1.0311708216850615,,
20230104,-19.92693348876875,-95.9848879955127,29.353435294064084,1.0357184343130743,,
20230105,-20.046813324771612,-96.10655128505778,28.83582897722976,1.0408972423603624,,
20230106,-20.255838914929264,-96.18440263798924,28.565746073530992,1.0464055787291349,,
20230109,-20.26806378233041,-96.44738315966232,28.368971536838995,1.050924310877874,,
20230110,-20.24218798871215,-98.76001493405805,28.051147084642153,1.092701481644171,,
20230111,-20.236084773604034,-99.67380491641084,27.953830765795495,1.0924690145157936,,
20230112,-20.2155703508122,-100.5003255928113,27.762815916791606,1.092027399548202,,
20230113,-20.029809247848696,-100.98575339703679,27.43245854529952,1.0851821584867647,,
20230116,-20.19323085565069,-101.52278102326264,27.044722564715844,1.0861634717087363,,
20230117,-20.43853767473591,-101.93304168809246,26.729375665780804,1.096314403768601,,
20230118,-20.851308344205044,-102.31516027316324,26.48507440590458,1.107312008812852,,
20230119,-21.17753411107254,-102.49908184911892,25.826040297347706,1.1174424070086828,,
20230120,-21.253116980500817,-106.07932125301022,25.08170590161211,1.10403623064296,,
20230130,-20.75562979859699,-109.69012796229947,24.482422711252873,1.0882588705171605,,
20230131,-20.484535524151326,-114.11475001938823,23.9793570051815,1.0696867247559514,,
20230201,-20.34463655372849,-119.44349267175531,23.81177570853707,1.0649811828128983,,
20230202,-20.104902613860585,-123.63468608628797,23.49260010538178,1.04955381577414,,
20230203,-19.949647690903934,-133.49002010234074,23.182595025260987,1.0373286571192082,,
20230206,-19.42658428859732,-141.22679367579252,22.782841751864712,1.01077836330214,,
20230207,-19.069969339517467,-147.29045397243118,22.44225304433473,0.9891502868193258,,
20230208,-18.912998245499008,-152.97130904888877,22.138107470341062,0.9668367110421062,,
20230209,-18.7394003599627,-157.9766211467967,22.089686332586922,0.9447287565929526,,
20230210,-18.599054747487656,-158.78557698415864,22.183094048936383,0.9264903338335586,,
20230213,-18.506213267857504,-157.60235477240045,21.922737341563575,0.9118726405798989,,
20230214,-18.427088380565134,-156.8943347158089,21.82478880922556,0.9003546438576309,,
20230215,-18.267742494305587,-160.0084205737467,21.764618872732314,0.9056454110270428,,
20230216,-18.160097509247798,-161.84939848323154,21.85043106692566,0.9088597800679534,,
20230217,-18.286402939343805,-165.2106772357471,21.99727534317417,0.9215017480207831,,
20230220,-18.062605341937616,-168.9399265621338,22.223538102724092,0.9368746393505217,,
20230221,-17.837703827381944,-167.1064829058642,22.2906397212415,0.9387272889456562,,
20230222,-17.730678897565124,-165.56150433496055,22.295711748226132,0.9419803636850738,,
20230223,-17.643121528702867,-163.7650911500468,22.726179056225718,0.9444418255570085,,
20230224,-17.812895271062747,-163.55173566989487,23.503433954336177,0.9778935012567715,,
20230227,-17.866061911742037,-163.52325271388233,24.0299306082596,0.9992315956450605,,
20230228,-17.813873809161088,-163.5890312217155,24.423044399219943,1.0127323502530043,,
20230301,-17.61875803558832,-164.06105935470484,24.82608868925124,1.027219879615945,,
20230302,-17.527224284253528,-164.75308778479794,25.074560410532797,1.0410068661527838,,
20230303,-17.4505826506076,-165.90335725702386,25.442239084994718,1.0458145028357448,,
20230306,-17.71245036132084,-167.04150389276666,25.968231234360484,1.0699417075678548,,
20230307,-17.901334320574467,-168.90446572269505,26.44421118171236,1.091248086181149,,
20230308,-18.007632448324244,-169.14178956126278,26.92421108575641,1.1359660134832337,,
20230309,-18.13230964171345,-169.41223116234747,27.31703373045354,1.1704069922054854,,
20230310,-18.11606698279819,-173.16176703470475,28.12126128041527,1.182757573950283,,
20230313,-18.177203343066026,-180.52894841626187,29.626506517961236,1.185948707750128,,
20230314,-18.2749520088725,-184.12574305191646,30.8529143357942,1.181305738250376,,
20230315,-18.476400126629084,-187.34192165304324,31.86499254334143,1.1758694550451543,,
20230316,-18.156267116001256,-191.53789688015402,32.676443379425045,1.156473068139613,,
20230317,-17.699537605386396,-189.51151638562825,33.109583567668444,1.1211269504345138,,
20230320,-17.55684797233181,-186.7056206965742,33.58294056851637,1.0915208342430198,,
20230321,-17.496462787817865,-188.75057528281604,35.05283615259363,1.0811838150571342,,
20230322,-17.45018739104275,-190.4558382610893,35.499121950126,1.0628085916839147,,
20230323,-17.38402975264009,-194.3754965739484,35.65897982581968,1.047900592006829,,
20230324,-16.895713451756535,-197.54609040628822,34.35671024602735,0.99806408840094,,
20230327,-16.752947944225525,-199.5986730194875,33.37968791912387,0.9595745275874504,,
20230328,-16.71154739050015,-201.0856276474882,32.38753897253081,0.9272316063706466,,
20230329,-16.801557387641402,-196.63929823330628,31.58583313237375,0.9004056774398362,,
20230330,-16.853369979444626,-193.1946652847524,31.316128323050137,0.8819869362211021,,
20230331,-16.893301292855273,-190.2982391198773,31.047959233335614,0.8720407197438926,,
20230403,-16.89434049425716,-186.03097066158213,30.44043751408597,0.8613864726453171,,
20230404,-16.952354587223173,-182.38400341287394,29.872441970148827,0.8524560378158101,,
20230406,-16.94980698557205,-180.57751780765224,29.335359226155504,0.8334268869926179,,
20230407,-16.945749525470184,-178.0904526572066,28.560825077313375,0.8201236136237146,,
20230410,-17.02188814836348,-176.2223971232301,28.275773284328153,0.8103849058675066,,
20230411,-17.10778588148175,-174.43290245167432,28.052178932884008,0.8028096697190099,,
20230412,-17.165908217464047,-174.03465994112605,27.842308714877614,0.801222896892952,,
20230413,-17.214476016361505,-173.54679510179236,27.666978323702136,0.8004182737539863,,
20230414,-17.565692034806276,-173.1480095270565,27.526801712711592,0.8116541387008033,,
20230417,-18.151812955205862,-176.15156462850922,27.31477062081581,0.7761762793408333,,
20230418,-18.658509600377204,-180.24843657845577,27.143739147403192,0.7471077622206558,,
20230419,-19.080539093241214,-185.59688045813195,26.79515062231386,0.7213685438552287,,
20230420,-19.294432410848707,-190.14914884445906,26.549468444760958,0.7007865891027079,,
20230421,-19.52670498986119,-190.41272594800287,26.29657557321667,0.6803207052294106,,
20230424,-20.440064040911764,-190.66375499339884,26.46938421265215,0.6735201176281447,,
20230425,-21.204509206169597,-191.5596473198123,26.752004896391515,0.6681253633901006,,
20230426,-21.851935802172708,-192.18625442918517,27.00626719059798,0.6625389212216534,,
20230427,-22.54301920920685,-199.79934958579108,27.212739137942023,0.6577476142584131,,
20230428,-23.006365198059523,-206.72017718220692,27.437253255432488,0.6510566246356438,,
20230504,-23.34355937929587,-207.89198558623065,27.549871416187685,0.645492675913952,,
20230505,-23.506366040674024,-213.42015587829727,27.710211546451294,0.6415255383216736,,
20230508,-23.35852256984957,-215.8552883045554,27.966027075308997,0.6384218528720134,,
20230509,-23.443889576697483,-217.63951785828,27.99088247884471,0.643104582894607,,
20230510,-23.516341510841208,-221.69936155158524,28.376059923741067,0.6469485503140441,,
20230511,-23.16686442492493,-224.8361430540142,27.76240590026221,0.6537128025543152,,
20230512,-22.7274185939019,-225.66284907997849,27.27968726866966,0.6504782419995832,,
20230515,-22.20930258765217,-226.0598363800817,26.89935186391524,0.6475185032294786,,
20230516,-21.710145019600315,-227.11356787236934,26.404277424766253,0.644896428791495,,
20230517,-21.506747622136658,-227.53284967836376,26.139182809900227,0.645303736118796,,
20230518,-21.282559373866828,-227.49617032340453,26.12723289341395,0.7346245623680534,,
20230519,-21.07442468350971,-225.58056503148276,26.064686072458056,0.8182252002898022,,
20230522,-20.580800114775933,-224.399251172541,26.588706177820107,0.8870726433534899,,
20230523,-20.01810709818535,-222.65514651731397,26.90333377684444,0.9383906794037001,,
20230524,-19.535377041105907,-226.43826886093672,27.12823154811036,0.981142321685268,,
20230525,-19.122243227853577,-229.45526570180303,27.205880249669196,1.0120707147000665,,
20230526,-18.626326628404545,-231.92367035683384,27.29195953404497,1.0340974482199459,,
20230529,-18.159671046420797,-233.87336113667902,27.438215949038174,1.0386587031762458,,
20230530,-17.779957274943705,-235.88866307942973,27.50105402097212,1.0439223712992467,,
20230531,-17.541346918976014,-237.5361656372915,27.167943210469442,1.0626878393668793,,
20230601,-17.326105495132488,-245.8260316221319,26.953182815784974,1.0748637613255547,,
20230602,-17.22701722295063,-248.70659703168215,26.675756802784342,1.0861426812772543,,
20230605,-17.26548217357507,-252.96237025068467,26.360041777000447,1.0907100837984705,,
20230606,-17.009999837297563,-256.05623004316584,26.221180927808643,1.0952585031484512,,
20230607,-16.735188216204282,-255.08485592015177,26.09530284887473,1.0989531867441216,,
20230608,-16.555937739704866,-254.58546663597917,26.846113563243954,1.100502304339947,,
20230609,-16.416665235674614,-256.8527539361461,27.24025616279163,1.1178867109983883,,
20230612,-16.34064453456461,-254.68388192651818,27.603293146811776,1.1166488227155125,,
20230613,-16.314154589338568,-251.89881051089213,28.220980948337072,1.1172260156259965,,
20230614,-16.28678315441266,-249.49248731897796,27.815320346976538,1.1178671349322709,,
20230615,-16.206788909418425,-249.17950941999,27.481019313996544,1.1173095364945056,,
20230616,-16.121573060798454,-249.27093833636602,27.179538774539143,1.1073602030017828,,
20230619,-16.340044152758153,-249.136338388304,26.739568331690652,1.0948843492946736,0.0,
20230620,-16.871369791982804,-249.89683359861505,26.591858077886883,1.0968891760531982,0.0,
20230621,-17.328604180002365,-249.99201289534886,26.493421832974217,1.1027031308452409,0.0,
20230626,-18.15738288236494,-248.85129877015345,26.28423813649212,1.0934636682902024,0.0,
20230627,-18.89158553734702,-245.8800764763499,26.09886078361812,1.0864695088092962,0.0,
20230628,-19.473589820133824,-243.7045790355931,25.925751551774727,1.0972071700210115,0.0,
20230629,-20.03117896267424,-242.1900616216712,25.749366549960996,1.106071511227348,0.0,
20230630,-20.52424164736471,-240.95929593314588,26.147713799683,1.104970179716964,0.0,
20230703,-20.917210017447523,-233.82371982020152,26.609780478544277,1.1019648225524485,0.0,
20230704,-21.202785382835092,-227.858877977344,27.1328542625964,1.0996289148655052,0.0,
20230705,-21.781610532184498,-222.37687515549663,27.926896762026598,1.104538662886942,0.0,
20230706,-22.732565158241037,-217.48034381277145,27.821354742772254,1.08914451992591,0.0,
20230707,-23.461366212496362,-213.366203937005,27.6501232592446,1.0755386364998778,0.0,
20230710,-24.20439168075812,-210.03347907790263,27.431866215108226,1.0635732135218448,0.0,
20230711,-24.637744035519848,-207.08073108556354,27.300669344958038,1.0742007910912328,0.0,
20230712,-25.046195707946953,-205.48421544137545,27.19033735870716,1.101842291993007,0.0,
20230713,-24.496072314082564,-201.53465105866027,27.148914045497175,1.124116672652343,0.0,
20230714,-24.143141658225428,-197.78072400056598,28.152449890399335,1.138404803031973,0.0,
20230717,-23.819410601114498,-195.08323806553574,28.979101441009714,1.148460142675798,0.0,
20230718,-23.685037877791604,-192.77589196092723,29.802676559004194,1.1716402536991302,0.0,
20230719,-23.616049547692977,-190.69855572828695,30.921293855173488,1.209302829333843,0.0,
20230720,-23.577628976605013,-188.83666531308302,31.288786160628923,1.239099878752404,0.0,
20230721,-23.67112754038577,-186.34008971610066,31.60790756617302,1.2607543249589082,0.0,
20230724,-23.701455120320283,-184.77569655850502,32.23559682979669,1.2994593268536703,0.0,
20230725,-23.21824903599881,-182.20861781580442,32.77179342693521,1.330377266409111,0.0,
20230726,-22.801387085971943,-177.39758021833504,33.21371391953919,1.3533305542069223,0.0,
20230727,-22.459516049995436,-173.02513342791664,33.49885016762717,1.3719560550539551,0.0,
20230728,-22.14112594667708,-169.6809353765847,33.76136463355848,1.4042282968959838,0.0,
20230731,-21.79892734633418,-169.98272016622352,33.97991235476037,1.4421391944228488,0.0,
20230801,-21.441505557546044,-170.9395751935214,34.09803110329346,1.442987472810019,1.0773055106221183,
20230802,-21.098416446903176,-172.13046326794964,34.28874119778668,1.4437700335562549,-5.760894881656518,
20230803,-20.655979682533058,-173.25225970066413,35.30475870128765,1.5364147896403502,-9.882078224687861,
20230804,-20.32490461141345,-175.10354459202713,36.23692469446089,1.6095838790530006,-16.929007263873867,
20230807,-20.028503153350783,-176.17431385729742,36.68128083834899,1.6820238850613516,-22.693680241744897,
20230808,-19.884178585433016,-177.1979125045062,37.29261784430569,1.7417960517136413,-30.976016188611773,
20230809,-19.871906372570706,-178.70496043075144,37.81289022547502,1.7911501084322832,-35.99286351621758,
20230810,-20.445002415154008,-182.78499641261445,38.09126027352762,1.827983388122598,-34.582370246419515,
20230811,-20.66367365935594,-186.73192213424693,38.27884089700083,1.8607851236690678,-28.798780563551396,
20230814,-20.737671417951177,-188.27912076422382,38.46552488293557,1.8319251502572453,-25.058060432620344,
20230815,-20.74541513214405,-189.21974063020664,38.622453789925295,1.8182237707665787,-31.14440132739965,
20230816,-20.077457301005513,-190.00133721660376,38.523701615701576,1.7972946626067938,-37.75881241806766,
20230817,-19.512306460746647,-191.2508231749527,39.10573512139883,1.795907977662913,-38.50740217957261,
20230818,-19.059462843440194,-194.1145195009037,39.380183717061826,1.7919772584917568,-36.85203768580053,
20230821,-18.608736255571753,-195.5871297145798,39.68364046661016,1.7644427110178225,-37.617778417946525,
20230822,-18.51907567638301,-197.60949644734856,39.80970241508693,1.7289773067492316,-36.746039390414076,
20230823,-18.49806975236465,-200.974122310014,40.25878951375203,1.6985738320576214,-13.784963236146979,
20230824,-18.440402812037373,-205.15293553210122,41.081985687153,1.6820888661845046,-6.908739867782702,
20230825,-18.317051991084767,-208.53901058430134,41.84603977893723,1.6699405424570297,-2.749947092998394,
20230828,-18.30319285997695,-207.1752414433905,42.38095925275089,1.657548731474472,-5.630214624470104,
20230829,-18.397303602590632,-198.36669586285225,42.67673748273585,1.6721149797060304,-14.294577563598088,
20230830,-18.404667404133516,-187.96494954289975,42.90649616465405,1.6732137559222406,-15.330953509797304,
20230831,-18.5264240055638,-179.5073973856406,43.96570040153735,1.670090612614104,-8.50796769716068,
20230901,-18.532601638287474,-159.65227603704912,44.48303995310832,1.666954017814786,20.17089449588378,
20230904,-18.554269055288007,-141.6401187951065,45.51229771196166,1.6633068687046175,98.47061319554295,
20230905,-18.571090480132074,-126.82735945570325,46.330846017209986,1.6351264499386466,143.58454121500148,
20230906,-18.54185433704193,-114.48817395265948,47.00205157355404,1.6109944440749557,148.73275979085295,
20230907,-18.529351132813353,-104.00774662735788,46.90448591426402,1.597221944338419,139.17563523543754,
20230908,-18.664068681396408,-95.42095998891922,46.76809914317351,1.5810880353268453,121.55584161707144,
20230911,-19.004593174071992,-88.48928807396112,46.68182382789923,1.615605608687609,95.7090421517297,
20230912,-19.216110925876208,-82.67124838136057,45.77127743066815,1.6380359098064456,76.48690751621662,
20230913,-20.88771499144085,-77.87641044101966,45.30644837324002,1.675606223754502,62.9662951202604,
20230914,-21.894476199760902,-73.9015832492805,45.24867541960168,1.6811048352678666,52.10246636176332,
20230915,-22.854343899938947,-70.48994085642823,45.463088456526506,1.6854383666011976,58.44434535122203,
20230918,-23.723900977422137,-67.67079572085223,45.643871088650535,1.6899808509554364,45.30320428537041,
20230919,-24.23911468852325,-65.39980446765026,46.23357068569318,1.6930136510490346,39.563639806818216,
20230920,-24.554745953480097,-63.57796814468578,46.43798079165153,1.6902160510007316,28.00055518494693,
20230921,-24.848038710945954,-61.36364112455149,45.03269260297968,1.689544941553798,26.875381997363203,
20230922,-24.639155967137935,-59.53282619350751,44.02259469336908,1.6810208529984356,20.371616158594332,
20230925,-24.353526475639523,-58.08052213886115,43.26343821306392,1.669383859032628,14.764883370088107,
20230926,-24.111392137314375,-57.12325050480063,42.640540744882934,1.6553475642297113,10.193870227850773,
20230927,-23.646844697079313,-56.34006864338176,41.48135692885555,1.639046670846968,6.4482215870809645,
20230928,-23.274895715350272,-55.61104703713017,40.33412527364804,1.6313305672519225,3.3988472556578384,
20231009,-22.98770357540401,-58.18850018818852,39.83943643123601,1.6157595929419035,0.9064481524243013,
20231010,-21.952822170432583,-61.81002144804837,39.70247519408366,1.5865600422529906,-1.2435811126445282,
20231011,-21.104053822886552,-64.79073349303843,39.73281019351395,1.5806769741285749,-2.919008703706119,
20231012,-20.456300810143563,-68.0281355373741,39.53892016021002,1.572938569924036,-4.287359462032408,
20231013,-19.910173337356543,-72.50386748922513,39.71649160880242,1.5680537310819516,-5.417269680780067,
20231016,-19.47565080049392,-76.11344168405587,39.7297533353343,1.5483647305364963,-6.084487047948625,
20231017,-18.930300785733134,-78.5263221100267,39.63161461965896,1.5326861518282284,-6.5838798279389925,
20231018,-18.468380176041226,-80.36738431942443,39.978590713786815,1.5242461784774308,-6.995400388109949,
20231019,-18.104514403471683,-81.64128927122279,40.26268071262574,1.5202071669055135,-7.34580519532103,
20231020,-17.9840154148,-82.71148401391844,40.34387774279798,1.5312863215418901,-7.668573799375198,
20231023,-17.885063179468688,-84.81544041614127,39.96931904980879,1.5406024270868284,-8.0178584669445,
20231024,-17.697207438403968,-87.20673631000447,39.677506648486094,1.5653191675087468,-8.28041858845125,
20231025,-17.507479090916043,-89.23130834789629,39.40679087999825,1.601821922483564,-8.499141477819823,
20231026,-17.356651867722185,-90.97019744708624,39.40027675040614,1.6452769213126395,-8.676628269925317,
20231027,-17.233069908067666,-96.2156621820906,40.82056982908602,1.6794615820960634,-8.84638449079793,
20231030,-17.340431428711344,-101.15952252290562,41.848909357368875,1.7012621888096862,-9.032511826652849,
20231031,-17.43222340302285,-105.1883346743671,42.400201220957996,1.7198765750702654,-9.20787734361258,
20231101,-17.493882296897954,-108.5380784970729,42.611315145322465,1.6841750399323234,-9.351308728398475,
20231102,-17.186515889067003,-110.14540708136161,44.1118157931057,1.6518773764138621,-9.470794516429358,
20231103,-16.92958078189833,-111.23650386423071,45.25118402412912,1.6190571528210143,-9.585872436539129,
20231106,-16.806929203034915,-113.18605046231826,46.190423473322944,1.5983229361766167,-9.688367347357847,
20231107,-17.28370469196791,-117.57621148201406,46.97019932051664,1.598093368662927,-9.819446213989009,
20231108,-17.60996459872432,-121.32920426349276,47.62111504868821,1.5970386550647877,-10.084015437008448,
20231109,-17.869960899522738,-124.38888643685831,48.31852884690358,1.5999514713155703,-10.233136814880067,
20231110,-18.104291930580917,-129.14065401478481,48.697693526571626,1.6013466494139583,-10.353318391028631,
20231113,-18.28950471596777,-133.72868085746774,49.26872497961257,1.5804549286770955,-10.888916474181592,
20231114,-18.955780124353957,-135.09046522190937,50.03827691519466,1.5577687440558166,-11.329769115433052,
20231115,-19.58324575753529,-136.27523480433734,50.41327897543144,1.5381679745907997,-11.631593208517591,
20231116,-19.979800516795073,-133.83601389975135,50.721287896832926,1.5220837540480112,-11.769034050049466,
20231117,-20.216710418471077,-129.7927803646926,51.07018839988413,1.5122031281746684,-11.996732716011293,
20231120,-20.425702131652834,-126.47491712024231,52.571400923259944,1.4861400928372952,-12.13974904318598,
20231121,-20.599904398012544,-121.97970564848484,53.31945283010574,1.4635880473844267,-12.21997272788351,
20231122,-20.66608147126802,-118.18676383256566,53.15365557229938,1.4463687859863221,-12.29764905284692,
20231123,-20.722174819917853,-114.52113149309274,52.990062432257446,1.4208761161250303,-12.353015590946324,
20231124,-20.719663640668657,-111.53150603823998,52.25876778241824,1.399040931831778,-12.339843591842513,
20231127,-20.80114111029001,-106.87691750553712,49.97783793351231,1.3888353245632972,-12.324885332728636,
20231128,-20.913484552723812,-103.07466065559026,46.21037802873938,1.38512264329044,-12.320112040295932,
20231129,-20.9817202715404,-99.78834409269078,43.09281852279176,1.4202918265192137,-12.325579570176746,
20231130,-22.460530564362777,-97.19354330805942,40.54389415863258,1.454942897949766,-12.319687435901074,
20231201,-23.60602815859611,-95.74834497885081,38.54251096774927,1.477792403220972,-12.159643695783878,
20231204,-24.363767180147615,-94.36236996033954,36.9118189568215,1.493002790580509,-12.044408318287738,
20231205,-24.596090878901574,-93.29906062151576,35.427749913269174,1.5085781811208123,-11.942985134616547,
20231206,-24.614564960771066,-92.43175542969584,33.55365515323192,1.4690711159110068,-11.842235266939007,
20231207,-24.62472610657013,-91.81919437521502,32.045815463322185,1.4323184767023753,-11.818288131291556,
20231208,-24.604380426478652,-91.32863751357814,30.661486995864497,1.4015786602150606,-11.77726616582105,
20231211,-24.583438041589293,-90.60061265391708,29.503938561957273,1.4067752752957376,-12.096459677772367,
20231212,-24.31535075933434,-90.29825223842072,28.569838226202993,1.4149905239010958,-12.403929804401686,
20231213,-24.238273392975508,-90.39404599587895,27.81196071856952,1.423106742270249,-12.70995947928967,
20231214,-24.12192052275901,-92.83489269420238,27.139872479698152,1.4231494010228969,-12.950745361709933,
20231215,-24.073018376849564,-98.04124135240899,26.64800654816414,1.4222032728545637,-13.12719209211402,
20231218,-24.007793349152692,-101.30749607582506,26.239759195710107,1.4413113444760783,-13.342378937618435,
20231219,-24.084820510970566,-105.00061385980514,25.910973629368026,1.4581640982925945,-13.738509149628987,
20231220,-23.992611586429618,-107.91297834564998,25.797780019777527,1.4685294837993574,-13.902747772024252,
20231221,-23.89355691011813,-110.94879190390401,25.70951894301879,1.5036402676946117,-13.887897227554635,
20231222,-23.85789721030973,-113.34210200789941,25.657119356179965,1.541418937188137,-12.83745626117966,
20231225,-23.845169183269135,-120.69824896222553,26.311985085514248,1.5732455190370778,-11.971571377496167,
20231226,-23.800375609389448,-126.51361119546692,27.965800125730546,1.6210203654407518,-11.261606706604724,
20231227,-24.048814855240764,-131.0549261929615,29.47050914373605,1.6315329952725768,-10.675956644246403,
20231228,-24.407923083125933,-139.82338773751394,30.70274987433337,1.6370423192681525,-10.14203974711561,
20231229,-24.875969753340122,-146.99901831366958,31.171407640605025,1.643216131908481,-9.809938017318789,
20240102,-25.2935963718847,-156.41494546577658,31.38166397255046,1.6432863156432729,-9.12610231154063,
20240103,-26.799389531595498,-164.76850291714192,20.899091637817182,1.645870815457777,-8.499649615284271,
20240104,-27.34975011362199,-171.92580228468825,13.185622678320993,1.7696051086490607,-7.882574061221574,
20240105,-27.753991389739976,-177.8712761703119,6.092582382501549,1.8296456210604295,-7.375593607057491,
20240108,-28.06955129390057,-190.19972224401306,-0.65580259682528,1.8715314898658273,-6.946315925482468,
20240109,-28.407666496310462,-206.57295757952568,-5.239311578398246,1.9037611962362684,-6.531793429324064,
20240110,-28.825018578535346,-208.77597177671828,-10.682354951679944,1.930780982859748,-6.1928624553396014,
20240111,-29.588506171238468,-211.43881344337632,-11.17134876447152,1.9272397462888633,-5.893317649791363,
20240112,-30.297401889354333,-205.30269180025235,-14.120663081577838,1.937825267686975,-5.638980366964187,
20240115,-30.840922326637187,-197.21504031189096,-15.868909251627692,1.9338445643723687,-5.404785470283773,
20240116,-31.2457345285582,-191.28019101962607,-18.412662798886434,1.9310520227410926,-5.206710862501687,
20240117,-31.507945251940384,-186.1610254310227,-19.896583137910326,1.9172043080072776,-5.045144787287731,
20240118,-31.895660730778932,-182.05492665969481,-19.960129541100347,1.9157079120947464,-4.9156389397918065,
20240119,-32.17800348457319,-177.42724625486193,-21.11385769005447,1.9154344574081925,-4.810541040401178,
20240122,-32.48240594740756,-173.56416757383352,-21.971542770205655,1.9135036948755402,-4.80572105826337,
20240123,-32.36871096476756,-164.38399270291086,-22.2181372192244,1.8796941211252463,-4.800017145845307,
20240124,-31.459205089068284,-156.66595863301487,-22.50358125861075,1.8537398965197607,-4.780575812367737,
20240125,-30.639770916373518,-145.4563665232259,-22.74065636093315,1.8722803787672007,-4.7641101368031356,
20240126,-29.98955990581922,-108.61451764596488,-22.92410011346091,1.890069820517154,-4.7642281852912545,
20240129,-29.459028779071446,-87.74787458661255,-23.638384936272907,1.90804434414895,-4.769385225091822,
20240130,-29.016479476407046,-74.96051183841956,-24.23586239582595,1.9113285604041217,-5.049490901952038,
20240131,-28.651353121776715,-67.04579196804285,-24.73797916013316,1.9123378176337624,-5.326850153612614,
20240201,-28.084180134764406,-55.50743227195718,-25.43129089346755,1.9038552992843556,-5.702895290242609,
20240202,-27.541457887702073,-49.57984703221314,-26.193284080098586,1.9251198895049917,-6.03757949645221,
20240205,-27.007497351233937,-45.598261403124134,-26.71177167506788,1.9235461724063707,-6.314498864680077,
20240206,-26.55693869699416,-40.181920049037785,-27.224945146750425,1.917162901855003,-6.755873387125734,
20240207,-26.231725879579745,-39.696129703974435,-27.63723131812239,1.9083561151635813,-14.251384640926387,
20240208,-26.069405607430255,-38.254534972931346,-28.743395335455116,1.8440285661114426,-21.601254279412434,
20240219,-25.759649166199402,-34.368038845703964,-29.67277590487015,1.792331436415387,-31.04866492811255,
20240220,-25.608320137334964,-31.21868548767527,-30.746178187369402,1.7549922042929058,-38.04358486165586,
20240221,-25.21887898414827,-28.647611747036713,-31.39043455282001,1.7230177059043028,-42.131804976412404,
20240222,-24.90489611464577,-26.54024876084362,-31.324741023517017,1.7035876490641524,-45.47809076757112,
20240223,-24.973534182340572,-24.828115883666158,-30.581015310945045,1.6855428296857538,-47.11372834296356,
20240226,-24.965417179635633,-23.538799783889708,-29.6580093238612,1.6698121568779143,-48.33977949350411,
20240227,-24.877622914488253,-22.45491723918211,-29.07578665166402,1.657515364703201,-49.62180513945791,
20240228,-24.91940989623887,-22.31782075998953,-29.130001332863703,1.6776221329038168,-50.41943891885204,
20240229,-25.629201943438392,-22.17759947205076,-28.783962540482328,1.6833764193791478,-52.30707252929111,
20240301,-26.35709817440208,-23.274125495674056,-28.47158748290777,1.6899420453423075,-54.02971553820067,
20240304,-26.93388527659923,-24.23262134289371,-28.19934292575435,1.6959619372249972,-55.81395898859017,
20240305,-27.375482847708035,-25.0296929467753,-28.046163774286622,1.7008286342572752,-57.25605698432267,
20240306,-27.65272845524529,-25.651114659989354,-28.080656796056875,1.712693346053791,-58.470807128058205,
20240307,-27.439661752872034,-26.237821329423454,-28.117863265694524,1.7204672611503726,-59.721434159567224,
20240308,-27.91490679964883,-26.19493994562184,-28.090928343440865,1.7322579701379583,-59.328936511735,
20240311,-28.487038598329736,-26.148604233110444,-27.998467275208057,1.7396052666915922,-59.13063240077511,
20240312,-29.272622628850822,-26.125190921643362,-27.99271316754561,1.7744342857420219,-58.95634322358083,
20240313,-29.91513245656927,-26.057539018281417,-27.97827010268564,1.8151137261639385,-58.82894167902215,
20240314,-30.45625736221201,-25.953580440380126,-27.85242624012762,1.8263909611801343,-58.734645397215424,
20240315,-30.97890806894792,-25.91834067995355,-27.823508586715487,1.9854124686064112,-58.557662682865114,
20240318,-31.95164171930521,-29.586987600381967,-27.608118065648803,2.095293816537737,-57.876535453974256,
20240319,-32.204916745020704,-32.89927540085479,-27.14871280189762,2.1870015360418464,-56.96840143576513,
20240320,-32.75505700084388,-35.65300206789829,-26.770240138173538,2.211835118796094,-57.13381491466779,
20240321,-32.547501066889886,-37.757336529705476,-26.678393834415765,2.19207955942257,-56.71280342463813,
20240322,-31.648070350703154,-39.46999627175026,-26.850677305099683,2.162431063392392,-56.97019752946777,
20240325,-30.889413854881035,-40.86245723367712,-27.24011126162665,2.14154249139938,-56.96027150603571,
20240326,-30.23340648969406,-41.43299831363612,-27.51212044996525,2.0890223925401696,-56.939669105935955,
20240327,-29.510960598663225,-41.90656841447778,-27.5513249667831,2.043499302548203,-57.31842483591202,
20240328,-28.927940446317884,-39.7162422598989,-28.116236172234363,2.016658595871587,-57.56559415228486,
20240329,-28.45417224882472,-36.594683570674974,-28.55600353303525,1.9676610038356297,-57.78370407420231,
20240401,-27.748748487324274,-33.24347896212537,-28.869951403275554,1.922714387182794,-57.56403677130303,
20240402,-26.412116550288772,-20.33943386569122,-29.053729006357244,1.8850046018237876,-57.211475251416175,
20240403,-21.25351357938147,-16.832950620838144,-26.25513430936755,1.8543722171796593,-56.91560001389538,
20240408,-10.332268558682717,-6.26113488548979,-26.4588996918253,1.7907423976359245,-56.61385974940171,
20240409,-1.17411320841196,-4.832010084096474,-25.40590771069535,1.7341827545572217,-57.51576378513992,
20240410,4.503076178088236,-4.974265787711843,-22.31977118552345,1.6162785721259556,-59.12164812083696,
20240411,9.11644591649506,3.635810053605237,-19.380797341002754,1.5131759771312472,-60.157059970141596,
20240412,12.877773010186624,8.450792592269218,-17.05885191212482,1.424520983227519,-60.98552046275034,
20240415,15.757918912040441,23.57437183254713,-15.172959391095329,1.3523960009984246,-59.690312135757175,
20240416,17.591958641052003,28.68953492611586,-13.49171729935458,1.2841430093090624,-58.380097254172014,
20240417,19.06836386937699,41.89607462242512,-12.111011388356168,1.2286921969834554,-57.38506083824531,
20240418,20.35529897925414,38.147897913661915,-10.979461740692445,1.1758077766005461,-56.865846843200586,
20240419,21.361743073232365,40.487362883176765,-10.017656264870023,1.1330781757124146,-56.21734464044706,
20240422,22.198332022729332,49.01665498897719,-9.220000208836392,1.099088709951618,-55.694397908624445,
20240423,22.925120023989482,42.53790344521483,-8.598039111959629,1.023255622440409,-55.631892636256325,
20240424,23.481079460279116,38.82253748084742,-8.09443551866933,0.9615101257995663,-55.87180124419352,
20240425,23.972738461759658,28.597606807461222,-7.714273608772957,0.9135825483496874,-53.73799386929658,
20240426,24.554599161941358,21.42211794033548,-7.466808231779211,0.8743011554328964,-51.56265934296259,
20240429,25.03108393251648,16.714529480163016,-7.167801352539435,0.8402648108489642,-49.63180201596949,
20240430,25.21856627367831,8.881482218442198,-6.922675106311864,0.8131661092707296,-48.053297306604776,
20240506,25.229973993965604,-0.024541115558250243,-6.712870880951467,0.7918377905621222,-46.544479411729135,
20240507,25.215392551114927,-2.3714743004688783,-6.528791918422859,0.7737058892152325,-44.99677659319453,
20240508,25.12942296470604,3.3384423524504796,-6.315486659300236,0.7575231977988852,-43.5371726945705,
20240509,25.26444218248882,7.973929397379073,-6.189449716679099,0.7466552508981716,-42.20165879518145,
20240510,25.12346835469312,11.769913066820914,-6.048240720470511,0.7347253045654764,-41.13383546129944,
20240513,25.715614769058455,14.94747468648211,-5.950495458167177,0.7375778574739332,-40.09051308702869,
20240514,26.224396869123414,17.737612787376587,-5.868200359859875,0.7359530450491643,-39.01775333198183,
20240515,26.61526764089689,19.5524897862919,-5.81515360986836,0.736070807868142,-38.10371399025777,
20240516,26.87225411432968,20.862554312774478,-5.755431225639314,0.7356888605961142,-37.63272083076567,
20240517,27.74820127952624,21.964009215791645,-5.673698049808138,0.7379383274140846,-37.362332072369384,
20240520,28.40076408888501,22.942875947149307,-5.575612622449939,0.7396797311663446,-36.929794638773195,
20240521,28.592928174395453,23.55958290871961,-5.503435971786618,0.7459275402473875,-35.88104095275352,
20240522,28.830631822413263,24.164423391019298,-5.453998493456315,0.7557718351670786,-35.102380032697226,
20240523,28.49524444084794,24.90644049251212,-5.289564457168263,0.760411970797523,-33.945793339691534,
20240524,28.338665017986838,25.632259816001817,-5.182354556369865,0.8374019226788969,-32.89893433110419,
20240527,28.23115928215663,26.29264172387459,-5.101271940864878,0.9003976578971178,-31.99228794724149,
20240528,28.166562010183664,26.663876715640694,-5.028896164392906,0.9499844496899282,-31.63452897736762,
20240529,27.85880928555304,27.00303237087596,-4.977151179735693,0.9882409218131405,-31.526111816363645,
20240530,27.058463054041656,27.031150430279055,-4.892076686667769,1.0116887798061287,-31.328436292651258,
20240531,26.586304207254027,27.058526904476967,-4.822422741646032,1.0306255425074489,-31.15630075852125,
20240603,25.777219371136102,27.44461481812561,-4.724309536557182,1.0309116239824196,-30.76507676544818,
20240604,25.101244931347505,27.678405908031866,-4.644193885855605,1.0316868005405886,-30.54783733532711,
20240605,24.465728572669857,27.475709569585067,-4.5516480350185535,1.0182396915856702,-30.43296731108701,
20240606,23.946069113746788,27.322183247267496,-4.474867972462759,1.0047406480767025,-30.38898896404347,
20240607,23.735137507268337,27.18494242846021,-4.433303873301774,1.003201528253678,-30.332980091115154,
20240611,23.383752622161786,27.00794659804172,-4.380810280322139,1.0038359841909488,-30.296938342845145,
20240612,23.101334866170877,26.8780617498938,-4.340572121422565,1.0074736239769242,-30.27833843038445,
20240613,22.894395479989413,27.473549103195317,-4.305384333957025,1.013711437890257,-30.27856412277883,
20240614,22.781666650553714,28.046432387476173,-4.289059815882959,1.0200216962266775,-30.331959105343834,
20240617,22.64212539350513,28.52577164907156,-4.442391888870512,1.0208578853683667,-29.98389495684503,
20240618,22.61432027549276,28.76926810667951,-4.680750060221012,1.0211984407598975,-29.97200174899731,
20240619,22.68791546014831,28.095135040047087,-4.869680290403928,1.0202794246493638,-30.84357790075916,
20240620,22.766638690874817,26.691264323654057,-5.001607449095799,1.015972509884834,-31.480699998463933,
20240621,23.082198958329364,25.717231660401474,-5.229539374644493,1.0203986138139791,-32.71726961982856,
20240624,23.52171082396615,24.910431154023662,-5.4481283819688215,1.0249029949020507,-34.36600369644638,
20240625,23.877929588877404,24.25175036857621,-5.5939098369587,1.0288253593322438,-35.64084045247964,
20240626,23.90450527853648,23.676775401235975,-5.76119000024704,1.0299255412553383,-36.65039260259882,
20240627,24.300668735781684,23.243119350237063,-5.908450171410465,1.036426714877301,-37.48806669481857,
20240628,24.62885271198471,22.966538262211184,-6.102117660725403,1.0371563429227395,-38.170293234548545,
20240701,24.85146711087915,22.698498369571272,-6.213124067840515,1.0377468511466543,-38.66819466272595,
20240702,25.71142456405412,22.497866246119518,-6.391641981723677,1.0529384386300662,-40.206620883813414,
20240703,26.47178958600812,22.278743715273137,-6.537574129128407,1.0654501099588576,-41.458343903799104,
20240704,27.34376068504866,22.279721800255686,-6.913821325671215,1.1061785808921376,-42.41000388939549,
20240705,28.05352318036468,22.315266700774828,-7.23829818792105,1.1456403562210984,-43.54720554989702,
20240708,28.461017180946335,22.325340201509725,-7.490655710806963,1.1855200671463166,-44.55060806933464,
20240709,29.42934319928849,22.405640676739363,-7.882072238253678,1.2164248645674878,-45.56679937240121,
20240710,30.051004334942366,22.4062344595224,-7.926224441842399,1.276795887797962,-45.66634452411298,
20240711,30.33153557014903,22.409979008726914,-7.974298059341087,1.3100115327492226,-45.43804043201151,
20240712,30.338284933899526,22.387248515932246,-8.009847220716669,1.3046562008287783,-45.26088018234195,
20240715,30.666584967040347,22.354939777015915,-8.091292285279089,1.3187474460674418,-46.43226440412817,
20240716,30.99886542584668,22.377558873538042,-8.193561079710133,1.3298796538632156,-47.31522965889062,
20240717,30.933340211703886,23.034375560019132,-8.197630515344919,1.3437795474217265,-48.2342493380389,
20240718,30.879999080875997,26.090507508986416,-8.21252519752967,1.3450595908939516,-49.27338889356794,
20240719,30.702780938665057,28.415665318712623,-8.285939591017147,1.3234221781151394,-49.78978195853083,
20240722,30.58099461793381,29.485396217076016,-8.313372998251811,1.3050053574111646,-50.22328387972343,
20240723,30.294904885043778,30.308614621119933,-8.392255961124862,1.2768397849657518,-50.675896894589634,
20240724,30.600220235430548,31.715444296376816,-8.455246557721495,1.2487638728434887,-50.691142369022955,
20240725,30.48678931567655,31.661635515215913,-8.30341513631132,1.1987218575028293,-50.76808535896002,
20240726,31.329045966774707,31.839685205373474,-8.110299531359518,1.1588704751764214,-51.179770762427886,
20240729,31.86341703533393,32.20111100992326,-7.991509803185787,1.126249306775469,-51.255560766809886,
20240730,32.24356417758153,32.5553338797459,-7.930048199426915,1.0992651859155307,-51.78409916294308,
20240731,32.12067357605341,33.0582392592059,-7.522955174194434,1.0699267608638727,-51.06272112564083,
20240801,32.11298846586714,33.416354884317,-3.8122079257335635,1.0455263355596576,-50.453416745015375,
20240802,31.995401323981163,32.71503597785254,-3.080802576314623,1.0260860542581893,-49.360983389541616,
20240805,31.087937337728093,31.289914694315588,-1.958395188684299,1.0076725418898183,-48.36713822603174,
20240806,30.38074642571413,29.95336590052412,-3.651135556112874,0.9985119936900932,-47.4375532899252,
20240807,29.83119083744245,28.807350054451486,-6.082158776679737,0.9839590126920574,-47.62230806764524,
20240808,29.755676345803913,27.902438279306576,-8.216433002154112,0.9792878260410107,-48.2787030263997,
20240809,28.602213945946637,26.431878078369227,-7.206766695581025,0.9552702305550824,-47.51792456369269,
20240812,27.35037533921509,25.057418776073845,-7.630661601818631,0.9353162937167881,-46.75620461607001,
20240813,26.326336986171604,23.734907978906723,-8.396009653225594,0.9181902672381704,-46.05272202324508,
20240814,25.556619253214592,22.587570971729264,-8.481385854409675,0.9037767949703039,-45.496643486884686,
20240815,24.82322241082189,21.569374212341476,-6.353084741016497,0.8933139140383558,-45.017253269446336,
20240816,24.131887951072613,20.636149022042787,-6.448126965829249,0.8923692240052263,-44.70011191314912,
20240819,23.56378623258746,19.90739364218439,-6.7520183356442285,0.8937765241366791,-44.0314746327142,
20240820,23.180878909904543,19.309413037878663,-8.161253684421323,0.9051026631333514,-43.05542178033342,
20240821,22.827499882649857,18.837144053609233,-8.962245610960101,0.9179946039938466,-42.19423149817962,
20240822,22.74415002429931,18.5384911863656,-9.720811272559233,0.9704769233323539,-41.51997461591831,
20240823,22.623177338490812,18.29648357139748,-10.355234707329615,1.0243164250607846,-40.91932080852353,
20240826,22.52452954933776,17.93875137712763,-10.875553020791788,1.0659996083152725,-40.73148614091765,
20240827,22.50015987858285,17.648694240611224,-11.308467312547853,1.1077409728545793,-40.738719606228045,
20240828,22.54759585963987,17.403594685804606,-12.09381165170607,1.14874726817795,-40.88783880274654,
20240829,22.599921344412852,17.196428877829728,-12.730703477208795,1.1790120552351726,-41.008828086627275,
20240830,22.636527963175983,17.173732935170452,-13.283293915544833,1.203662776356637,-41.323092786497256,
20240902,23.19876071533931,17.400021545512757,-13.575587265939538,1.2118307779691597,-41.1274960224347,
20240903,23.67763462391217,17.733553155954727,-13.793678388958522,1.2259519090705533,-41.11589965912694,
20240904,24.120915934495546,17.986079414295347,-13.805910307584519,1.22434641371746,-40.9752635417803,
20240905,23.82519357805148,18.148763214219723,-13.810848197955782,1.2222183856411175,-40.86657511038103,
20240906,24.22250352241119,18.788826873071013,-14.090196109593004,1.2654753657167157,-41.55969627637759,
20240909,25.000581731093448,19.337315158585984,-14.410114627841645,1.2991412138058456,-42.43019190750015,
20240910,25.653423045659213,20.22304141531022,-14.65503267601718,1.3320432896401737,-43.23032782271842,
20240911,26.52334124861113,21.236462395516348,-14.80076371910409,1.3535653929271245,-43.73655837814566,
20240912,26.722667010239864,22.16738633547097,-15.000145968399803,1.3818231718696559,-44.24806253394257,
20240913,27.040873995061688,23.251732470994956,-15.201939676728495,1.404936222852057,-44.6171881263595,
20240918,27.29249251089991,23.949256766484506,-15.55022852364749,1.421538623837678,-46.252949875556496,
20240919,27.389044082792445,24.440851033463876,-15.758795784212197,1.4177490565329844,-47.96870296128604,
20240920,27.535939357205113,24.82192366191531,-16.100247330940718,1.4125585988705776,-49.63768558638298,
20240923,27.254456061829178,25.13760061033653,-16.59640592215771,1.4037928667605977,-50.52599569588667,
20240924,26.816970445940168,25.105187339528563,-17.00426614404327,1.3896738222908693,-50.655896974434604,
20240925,26.29734409938719,25.70277903934868,-17.317422226044343,1.3701664607087052,-50.80764327699096,
20240926,25.887001935767167,25.937425142768117,-17.541952984945045,1.35450175030989,-51.11813909831295,
20240927,25.505998632581203,26.03174826488178,-17.729880900254585,1.3415300270490462,-51.41348221804303,
20240930,25.190687185498184,26.0610465183825,-17.514195008558573,1.311395932876262,-51.6252688259936,
20241008,24.936627270250526,26.02834945635634,-17.340039718435925,1.2866433038101828,-51.553638334162805,
20241009,24.87902854198386,26.078220539299956,-17.55989288605021,1.2867818675699012,-52.99600506805904,
20241010,24.765579565348933,26.06590802595296,-17.492409997487982,1.2890409261829918,-54.182421821729186,
20241011,24.527184315102353,25.919277292886317,-17.77013387390183,1.3177154444686,-53.83193351246216,
20241014,25.215397330497275,25.8714797039299,-18.28899302262405,1.340159716396408,-52.33347772496033,
20241015,25.433338073887548,25.800682774730703,-18.468120726132188,1.3874869641670695,-50.14209715961353,
20241016,25.578815371475773,18.690204345704995,-18.711558651516665,1.430725230189242,-47.923416404916026,
20241017,25.025380709577423,10.815261383432722,-18.36926531796554,1.422171884579132,-46.01025536580625,
20241018,24.462910287664513,3.2266912448023355,-18.12725125517783,1.419209669320688,-44.347341378558816,
20241021,24.243052444408672,-2.250697062047469,-17.882023001833,1.4156130909429059,-42.85704527965428,
20241022,24.02071780047629,-6.320958277445453,-17.364812924021248,1.4058589570155422,-41.613168450413106,
20241023,23.837614363443482,-9.958421282385578,-16.90158576451466,1.3994492188077634,-40.57954516895933,
20241024,23.29456347243825,-12.924212134914118,-16.565441139115492,1.4068120672027833,-39.49135385543739,
20241025,22.457908956601766,-15.296216254101358,-16.290953416806087,1.4142149076522723,-38.50462602403222,
20241028,21.94226023689969,-17.376378560556,-16.071501837149114,1.4218464810688587,-37.86167492255706,
20241029,21.64716564119213,-19.240190818724408,-15.847424497750247,1.428101705249864,-37.197858660880804,
20241030,21.510389887927644,-20.83800603038339,-15.661223443059544,1.4449790767380413,-36.31655633116309,
20241031,21.399924200013498,-22.296228694295138,-15.531669764371447,1.4590621350342956,-35.51244241444508,
20241101,21.24829677669166,-23.437391225306172,-15.434213974027335,1.4705553320076545,-34.802233601604975,
20241104,21.095682277008567,-24.473734702437547,-15.666441698919893,1.4824925828855529,-34.18470458096205,
20241105,20.98402264071985,-25.432839180249356,-15.862980540940278,1.4924268130501235,-33.59419812732511,
20241106,20.91856958308082,-26.300548537569952,-16.19634082582634,1.5005337374929113,-33.18577431462583,
20241107,20.877428016991566,-27.07947547477441,-16.297636869474754,1.507181272171293,-32.83331821820154,
20241108,21.015724414604275,-27.974205278690974,-16.34389476899893,1.5208923821088278,-32.68671130336349,
20241111,21.12796767515137,-28.799690126854326,-16.3478116807419,1.5331336260008657,-32.98973147015647,
20241112,21.302231898038045,-29.622690123857605,-16.386306865400726,1.5220398391483547,-33.23540553639057,
20241113,21.49376692182524,-30.760428339793034,-16.410148626633788,1.4835995588961768,-34.012968755632905,
20241114,22.092758450680126,-31.391123802124728,-16.811374277457745,1.4682082844469053,-34.4992972628,
20241115,22.833546342489278,-31.964457280147357,-17.062454124526564,1.453125645878664,-34.83785791613756,
20241118,23.47814633798671,-32.4371348720041,-17.33104542634853,1.440258079430174,-35.29827852764551,
20241119,24.020761510628482,-32.83993394962538,-17.987643436049677,1.4323351390385204,-35.68098991529174,
20241120,24.332728876101513,-32.953618579121056,-18.489676736766523,1.4289121485404266,-35.82394310280394,
20241121,25.830075228969235,-33.111792732958,-18.85621112790108,1.4296484900688848,-36.23260241926466,
20241122,29.481248881937784,-33.344073661313274,-18.84497999231594,1.4285959240057324,-36.586282325098395,
20241125,32.420162258573264,-33.18607316290035,-18.708784667609585,1.4343974574414562,-37.35591567698543,
20241126,34.44197272901079,-33.40015404358653,-18.864385070350206,1.445904597458299,-38.03105329092866,
20241127,34.64959568395968,-33.66393969032065,-18.958387806205344,1.4392803405176111,-38.87877790193998,
20241128,34.27515661491407,-34.06542818101456,-19.071495806900902,1.4332894904187978,-39.24902003998025,
20241129,34.35800287175043,-34.79024590987723,-19.111388115000018,1.4010186968316376,-37.64813794025961,
20241202,34.43590821670908,-34.93603939189733,-19.153639202579765,1.3998575681147556,-36.587533039312646,
20241203,34.41940245950391,-34.828978605708556,-19.188044431670782,1.3933843084299988,-36.587314696962395,
20241204,34.41759486350885,-34.726122988133376,-19.091489820335582,1.3877854436498784,-36.45482857979331,
20241205,34.49178161465678,-34.9302993408562,-19.013645432007397,1.3835401829973621,-35.276148886504565,
20241206,34.623656820116906,-34.97993697089777,-19.1143625094789,1.379476414084367,-33.54888170942131,
20241209,34.75316173627795,-34.97679493203259,-19.25553094482007,1.3762544569742357,-32.96763352750499,
20241210,34.91508152299867,-34.87749649064012,-19.442367284075534,1.3777032495407242,-33.36984202695855,
20241211,35.422739150066306,-35.01772838685972,-19.561033613642568,1.4326930949352756,-31.71668532606624,
20241212,36.000857855291336,-35.51460559478471,-19.121460170257663,1.490705085879877,-32.03686084759673,
20241213,36.35913998687543,-36.18143662032566,-18.872077420624194,1.528646668417135,-33.58553018959764,
20241216,36.56867284026578,-36.61595975133706,-18.493262921232493,1.5510312796815708,-34.96861894798437,
20241217,36.60702156227937,-36.970949468973046,-18.054470434441523,1.5731578847985368,-36.59439763876841,
20241218,36.26284093579392,-36.68245868782648,-17.755155858286116,1.5902903312583097,-38.23858331308137,
20241219,35.977502366400856,-36.48686310420007,-17.540779643686363,1.582563041715763,-39.67862482000674,
20241220,35.75073410523769,-36.2701645389516,-17.5448860711784,1.5792464176652607,-40.760154271009704,
20241223,35.590565871596574,-36.23825237701061,-17.42995445451728,1.5720931781084329,-41.625292207292695,
20241224,35.55724532163858,-35.897807724730285,-17.339791571574732,1.5637658022767327,-42.18752830127386,
20241225,37.0389958232676,-35.61681034280472,-17.285946336630477,1.595111446561388,-42.70963387320678,
20241226,39.74106617702591,-35.369917510471346,-17.20762752975299,1.6308066109254078,-43.46682890259201,
20241227,41.73198760263268,-33.840641282455,-17.093523597857526,1.711237653035273,-44.231569009176475,
20241230,43.72256117753911,-32.934416929045646,-17.001974507213465,1.7580726017097983,-44.79759119013092,
20241231,45.50431176046959,-32.289610539449036,-16.930837091477056,1.7953721837403225,-45.3867912494891,
20250102,46.821744920926626,-31.91864269860256,-16.96931290431979,1.8257629276631253,-45.97325391959681,
20250103,45.78324517196414,-31.565183564034875,-17.188092264257246,1.8503087068978334,-43.983434670598534,
20250106,44.84570664272845,-31.48799638563382,-17.43974142481114,1.8616378725386948,-42.28360215611837,
20250107,44.148517844387676,-31.41036869337495,-17.657905488723895,1.867845281887573,-40.81188078061055,
20250108,43.778108865943054,-31.3297286524841,-17.58329120727512,1.8785664952759882,-39.20852498588925,
20250109,43.59662191935006,-31.06554505763578,-17.562093431161355,1.8872405638701206,-37.938118649006356,
20250110,43.529695185214315,-30.855540809445777,-18.278198442046293,1.9088658589598808,-37.116592294345516,
20250113,43.23301094696477,-30.688923738026578,-18.57639180468857,1.9407174592639325,-36.421624584924565,
20250114,42.837338278979814,-30.745192316467595,-19.1622907221718,1.9762507282872877,-35.63004891714536,
20250115,41.94051582290459,-30.825543123374544,-20.05456181838065,1.9637852991087987,-34.87593704331009,
20250116,41.28224478673678,-30.999866876114652,-20.774585562237203,1.9356856610488047,-34.44965924309602,
20250117,39.89030269005236,-31.20136884837276,-21.42497542645481,1.9495871379349445,-33.24652805444073,
20250120,38.758353092247724,-31.239469143578678,-21.739461112201457,1.9598295552749905,-32.37227162480103,
20250121,37.85626336541508,-31.585290160374743,-22.368442964486707,1.9572795105884522,-31.660521689446078,
20250122,37.27509727044037,-31.87391938405932,-22.617066923322618,1.9418512641819923,-31.04436609625976,
20250123,36.64186061075192,-32.13586839767031,-22.37360566876833,1.9283600019973535,-30.525679885826836,
20250124,35.970121268806,-32.333101367112405,-22.262614370622476,1.9177994073424838,-30.135790761262616,
20250127,35.410839188012915,-29.274767759785757,-22.31626640882328,1.9139878713271674,-29.772898588002466,
20250205,34.8326771308979,-19.681976072172255,-22.311024201277604,1.8852659678415729,-29.55137903446542,
20250206,33.89837489086862,-18.905701151614686,-21.480147220070855,1.8621395275148895,-29.21889517434516,
20250207,32.86397472557476,-22.26742737828769,-20.835872544000644,1.8439052823966915,-28.939318751001526,
20250210,32.46129335670581,-22.585051518973124,-20.37613439352175,1.8294691778362224,-29.40544727783625,
20250211,32.16815639976362,-23.555787584250485,-19.711951005824925,1.8176098442099802,-29.973950843735803,
20250212,31.92240409204197,-27.694578949473392,-19.169309327375014,1.8078469270811184,-30.52394108915386,
20250213,31.76598570510272,-33.73891156951994,-18.921105907520655,1.8095677148445206,-31.32096644889799,
20250214,31.40490654976181,-32.07963636366284,-18.71450624669182,1.7888987480684588,-31.996350137858034,
20250217,30.97915368246024,-30.75511159760097,-18.525648792093428,1.7662783776819022,-32.17362489787998,
20250218,30.670614667026246,-29.66103433450185,-18.572391913518764,1.7481677888845222,-32.28394731260951,
20250219,30.51266483229437,-28.472067584324517,-18.609239411594405,1.7436711456742064,-32.80507572915435,
20250220,30.74183810428728,-27.336000514604912,-18.427924245662677,1.7791480931568562,-33.384039538203844,
20250221,30.986736670177418,-26.395397457435273,-18.209135561057774,1.8193838206041706,-34.148531807914765,
20250224,31.7733995932321,-25.62501991644628,-17.943685234186898,1.8547005950446067,-36.490705578113705,
20250225,32.02021645773231,-25.0207042640905,-17.72398203588345,1.890664331065051,-38.51656499696786,
20250226,32.222767273241125,-24.6168521524096,-17.627944100336908,1.9305258373670096,-40.10569803868499,
20250227,32.395521755327195,-24.32289880832393,-17.53886597739939,1.888693521006194,-41.174340833219446,
20250228,32.92731738156617,-24.14674099703657,-17.649274623017856,1.8537685258775882,-42.501547761451334,
20250303,33.152964648547155,-23.98714065869684,-17.748272162795153,1.8251652417443582,-43.60936113116109,
20250304,33.47051202609766,-23.874959710114954,-17.832466890407495,1.8018663132851716,-44.67902934629234,
20250305,34.303183399006905,-25.79227332158432,-17.874821017608983,1.8260325593679962,-47.948008505818116,
20250306,32.271296430521204,-27.47153884090531,-18.699380862457637,1.8585509355203964,-51.201827595787584,
20250307,27.591730146762092,-29.26093681694281,-19.30411822249026,1.8548810222836523,-53.86187414765237,
20250310,23.348486459465278,-30.652584032102098,-19.363500629787985,1.852058226574333,-40.38058273660588,
20250311,18.91380516836252,-31.55388309184307,-19.977656226527237,1.852543469817314,-34.718438618964356,
20250312,15.285165502717774,-32.08818834590429,-20.502788893090006,1.854218941759947,-24.923955742334222,
20250313,12.32170235445681,-32.482674905789615,-20.924573381744096,1.8553607853875245,-19.820160332540173,
20250314,9.88234415213189,-32.48122202519933,-21.26907665569977,1.6795466183554961,-13.57459978901831,
20250317,7.872348438808163,-32.32222434952302,-21.668625464498522,1.533696242737844,-10.773870447885797,
20250318,6.257761455631535,-32.10018330369476,-20.979085634473215,1.4122038691764423,-13.840250397121615,
20250319,4.938425263552862,-32.587646325453335,-20.314396088675736,1.3127600552269094,-7.331967378857982,
20250320,3.8527274579014374,-33.33927460411881,-19.751835628591458,1.2310643584874237,11.591979173643235,
20250321,2.963445243703042,-32.896931525772,-19.447030027666855,1.1619055305409947,27.01647302541591,
20250324,2.256775151131459,-31.867747164721337,-19.251771358820044,1.105330072715125,39.694424334863754,
20250325,1.660358483855127,-30.87256064151061,-19.18506364556257,1.0585464990435096,47.263763208640896,
20250326,1.1718792623033336,-30.048036538508374,-19.138925200963662,1.0205580554524305,46.802059297357644,
20250327,0.7728509719363839,-29.37122386931702,-19.160674072868684,1.0000798297194475,44.110289096311554,
20250328,0.4585174752189881,-28.514607105051137,-19.139789106482826,0.9833816963572407,37.87499753432376,
20250331,0.2024142779352429,-27.84287369727771,-11.256899158220902,0.9698224522488891,39.99026969223885,
20250401,-0.004459893639851586,-27.29770966799792,-9.248173849478473,0.9572151799930454,37.4335662016545,
20250402,-0.16864249755487606,-27.042177784493514,-9.929256089860049,0.9400226088182355,39.087374747276925,
20250403,-0.31339479177821034,-26.31842039940601,-10.414685772359809,0.9144384195018369,34.774933000773025,
20250407,-0.4099657735006829,-24.860727650813853,-7.170171745869943,0.8683870204621488,32.694499609402556,
20250408,-0.4862236706703536,-23.690233103042363,-4.683405042641715,0.8305399693717411,35.192414210084685,
20250409,-0.5420941194018163,-22.71129949254575,-2.943485856852706,0.7925398508011678,45.17966616820439,
20250410,-0.5540487098466977,-21.40057099393339,-1.5754665503013845,0.7609298216423902,49.93819668285054,
20250411,-0.5659461608723184,-20.34177165756383,-4.06046800030489,0.7351423171624867,46.200177013281504,
20250414,-0.5757561720650509,-19.550444089446458,-5.887473459240417,0.7496384288379111,43.08084815179963,
20250415,-0.5837377811786878,-18.904573648929624,-8.49281772002423,0.7619709924318406,40.51977474540213,
20250416,-0.5901857007350821,-18.33819901407174,-9.922749695151882,0.7717348202923524,38.353328363791135,
20250417,-0.5959827399030089,-17.89308955123367,-11.104624090588922,0.7790916748432487,36.70146347347678,
20250418,-0.6001637017751518,-17.47905789267594,-12.11073600253916,0.7851006099409517,35.14658362605197,
20250421,-0.5984142192835384,-17.108567909072168,-12.93245981889971,0.7848912932261177,33.881130992473246,
20250422,-0.6037695991892884,-16.95540551193247,-13.615961904613133,0.7829658052686338,33.09193597186564,
20250423,-0.6061342776312737,-16.843994776948897,-14.168642631255683,0.7809988048764236,32.150919062789235,
20250424,-0.6071541266395813,-16.761711648886447,-14.623640060864364,0.7803911765495815,31.505557687804856,
20250425,-0.6065887329711084,-16.69348109608394,-14.999374176873468,0.7797103505290242,31.037821470281333,
20250428,-0.6072960338963778,-16.66519136075543,-15.342718912403127,0.779240841126418,30.605152109631813,
20250429,-0.6099338887936078,-16.622720715547874,-15.68405678602527,0.7786189335805052,30.220775917187837,
20250430,-0.6130867482416645,-16.58590109686788,-15.993739582607827,0.7812049795990226,29.909696289850903,
20250506,-0.6167790305978588,-16.52391024986205,-16.229670755514224,0.7948030262886898,29.6705189596588,
20250507,-0.6205387303134045,-16.61690843136987,-16.481747384772273,0.8120516158802029,29.38968207221429,
20250508,-0.6334854187247637,-17.41943985958784,-20.393480122121062,0.8926901349346127,28.925258229156537,
20250509,-0.6471729178539968,-18.176733907024822,-23.598067513745978,0.9582033884741914,28.534712503521497,
20250512,-0.6630402165469299,-18.77043522230156,-25.4302636584612,1.0856948761425314,28.45721457300719,
20250513,-0.7257921501359753,-20.574724145199315,-26.965332913810695,1.1951257007322131,28.404512117851997,
20250514,-0.7600007909809654,-22.02931895630735,-28.068806246381456,1.274948314404365,27.783857229553266,
20250515,-0.7872939321833926,-23.208618911539354,-28.97071291232984,1.3550169738987594,27.23385022418211,
20250516,-0.8127564624305629,-24.023835672556604,-29.84225021163018,1.4296040123447447,26.479051627163127,
20250519,-0.8572785905312613,-25.151460131036433,-30.55152630054438,1.5114052907918094,24.72416645891991,
20250520,-0.8936399749311902,-26.23083475366338,-31.554421704139074,1.584556341020221,23.287928176323124,
20250521,-0.9192515868508544,-27.28170070179697,-32.34303387176969,1.6417521222686848,22.106535086555454,
20250522,-0.953555267797373,-28.08062180544794,-33.00513731220473,1.7444065512366616,21.111015073834444,
20250523,-0.9839357859080349,-28.245482274537462,-33.48347368567578,1.9068409680777456,20.283551157174468,
20250526,-1.0146929873379655,-28.34562653586743,-33.94985374045412,2.0422920843021526,19.465805122676937,
20250527,-1.038867288458079,-28.427346310586564,-34.31077771280085,2.1529653998162006,18.770368547924633,
20250528,-1.0619944105003387,-28.326359042769166,-34.01740930325668,2.1315211364385958,18.20653104149343,
20250529,-1.0737464676279669,-28.26861140666512,-33.78330757634825,2.1190800997378014,14.230779869302026,
20250530,-1.0703111996690469,-28.160372220708464,-33.5278576883381,2.0443490839729948,8.95943004829112,
20250603,-1.069052281104459,-28.075979733518132,-33.32011966882595,1.9836748422862285,3.7282378655279773,
20250604,-1.0605817833789766,-28.078566812382387,-33.02871201427406,1.879376719701626,0.7290741522292735,
20250605,-1.0561919857612216,-28.07113190453985,-32.70866749584017,1.7934825158799172,-1.1674057817047028,
20250606,-1.0529693560214135,-28.043058218705593,-32.43996008713288,1.7121484038324686,-2.6651161878039753,
20250609,-1.021907869048958,-28.030799252898394,-32.18963024583951,1.6476810017234953,-5.165317537318317,
20250610,-1.0064912499057075,-28.369248437873065,-32.7487555610337,1.6010875494249914,-8.314235281562189,0.0
20250611,-0.9860851631266347,-28.63842513611095,-33.83311616337512,1.5617136223369201,-11.058794872257932,0.0
20250612,-0.9871783025050916,-28.833253154085828,-34.67746921221415,1.5362032831411137,-13.475595739351329,0.0
20250613,-0.981242236370856,-28.968802939482593,-35.740934321480076,1.5144170038903217,-13.12463108211781,0.0
20250616,-0.9765768886834344,-29.246388553304833,-36.70874297790195,1.4963046005369554,-15.653036541387166,0.0
20250617,-0.9719536618015628,-29.236974317034576,-37.32421964168066,1.481203817647144,-21.032977062163297,0.0
20250618,-0.9648355584540619,-29.19875202088955,-37.93437641865875,1.4679799158765177,-22.517505108693292,0.0
20250619,-0.9623491136712781,-29.006283121993842,-38.429296630625934,1.4607354483661523,-27.278652796182797,0.0
20250620,-0.9628640934839884,-29.37965009662208,-38.82640274335443,1.4552673331434174,-30.1889640053716,0.0
20250623,-0.9615441277041704,-30.165674250881263,-39.14176348605571,1.4495747958422762,-32.310789597920284,0.0
20250624,-0.9579488569487896,-30.90814160235186,-39.44212857601179,1.4429205018034195,-36.26313808095649,0.0
20250625,-0.9556034331778964,-30.611971574361483,-39.37161789876021,1.4374630870261014,-39.840142155339315,0.0
20250626,-0.9513717228456547,-30.698287746798727,-39.30572947884156,1.4633044566107245,-41.07573098309271,0.0
20250627,-0.9538696852956999,-30.53701727187796,-39.2771862376202,1.4837539909413473,-40.994412684556174,0.0
20250630,-0.9664931561927639,-30.776387225874036,-39.308624278031616,1.5707300184119177,-42.706831818335075,0.0
20250701,-0.9680455443481066,-30.793106370618208,-39.33879510471146,1.6443860896955098,-42.77754258252682,0.0
20250702,-0.9764497468271277,-30.871299860226518,-39.72347625238845,1.8306055703547088,-39.59391525684313,0.0
20250703,-0.9833483270729153,-30.899666489177626,-40.18451428190277,1.9823998028434473,-37.98626806559759,0.0
20250704,-0.9883982450317411,-30.981007614411695,-40.60371212861145,2.1835013077348195,-38.16840512858165,0.0
20250707,-1.014412664306773,-30.874140990697928,-40.38613330918485,2.283140162908898,-35.29602468089528,0.0
20250708,-1.0364978087951933,-30.88445170680643,-40.53366402151099,2.3519773716811287,-29.174809573154327,0.0
20250709,-1.0725022902816177,-30.93594419680895,-40.41642192716282,2.4009635636421964,-26.14519572107499,0.0
20250710,-1.0887177970661035,-30.966705056488575,-40.06518170330745,2.3978477328554026,-18.045334578903123,0.0
20250711,-1.1258702147041197,-30.594029092496125,-39.77521879491656,2.3815839270496353,-10.447722563705577,0.0
20250714,-1.148283402493417,-30.302438250765455,-39.53075821626094,2.353619470971254,-9.779499147552803,0.0
20250715,-1.1574073650828303,-29.929456148305103,-39.0341490043445,2.308867171705659,-8.193191627532492,0.0
20250716,-1.1689177319360236,-29.64308249434337,-38.42756556539233,2.2742565454356196,-7.290350517605446,0.0
20250717,-1.1829052534685014,-29.57307686448371,-37.84823470323993,2.2437845821162283,-6.213822212213471,0.0
20250718,-1.1889165999372338,-29.70794777472281,-37.404172729588,2.2214032880056953,-5.83241434708209,0.0
20250721,-1.1390776008045946,-29.61853093726401,-36.674277398869165,2.1937440790755494,7.971300654768808,-2.1077522283866594
20250722,-1.098984525167943,-29.5065485062573,-36.01694657756934,2.173906672825376,17.698919197375087,-11.174178314146166
20250723,-1.0667780067645372,-30.425724231493497,-35.51168433226998,2.1585704122669824,22.856630680526525,-17.71882809093785
20250724,-1.0430627373650452,-31.161993278340315,-35.56827583347099,2.1289283638313976,24.148721197497533,-29.553148491283366
20250725,-1.0229739370332713,-31.786593728955868,-35.653549442761175,2.1001284429178546,26.768218889955595,-43.1603823248963
20250728,-1.0002886731848515,-32.47486153869202,-34.77211937199317,2.05471738702786,28.808781207405268,-41.604227360332395
20250729,-0.9886249129221981,-33.24458528298822,-34.051637563538655,2.019809555676751,23.57274426000697,-54.09596173188724
20250730,-0.9793340810602762,-34.116737390494464,-33.481833028529564,1.9910183556913739,20.488670648131944,-64.98407280350378
20250731,-0.9608967517888901,-34.522093080580696,-32.73708816655224,1.9604505803773402,15.516961297188637,-67.39969399855256
20250801,-0.9464388592695006,-35.00888410538477,-32.15725107413831,1.9365780500268124,10.159876661139936,-68.65895608242305
20250804,-0.9450029395084844,-35.452372301250016,-31.85234873818972,1.9309203172768143,5.457329211984789,-75.37762116168888
20250805,-0.9427513756348507,-35.76632655819111,-31.59951245182183,1.9297019230628139,1.531667200894489,-85.46943134851283
20250806,-0.9412149397114495,-35.7651899647679,-31.559086400721796,1.9383211138145287,-2.5328612907930963,-83.02685502502037
20250807,-0.9434696820508763,-35.87125642322752,-31.90963899103356,1.9659132132148025,-4.533294843936922,-82.09850125798987
20250808,-0.9446822068772243,-36.568562477630714,-32.14643541705587,2.003458518986318,-7.389341611389343,-90.6269392451716
20250811,-0.9477107701470158,-37.0552939868612,-32.247820995522304,2.0477119325975965,-9.933046770383045,-100.30987073190556
20250812,-0.9547655229753292,-38.33284610576023,-32.74514037564941,2.1090917886673277,-11.856804194145413,-108.0039851243358
20250813,-0.9607240431908515,-39.42578563324352,-33.32168274364058,2.1585118912895305,-13.38890884850438,-95.5000092077504
20250814,-0.9635139673639868,-39.3408741786429,-33.6753132659096,2.19517033693609,-14.63358887733294,-92.91107401821523
20250815,-0.9692182931612604,-39.052223147802984,-33.96003539233449,2.2388349701563137,-15.653574423825695,-93.87001277620593
20250818,-1.072375915710911,-39.424189076636495,-35.01921450150051,2.296831501525787,-17.434731753928506,-78.93444539281028
20250819,-1.1508068998244017,-39.69923416519296,-36.17686281188302,2.3462055408803377,-19.27634778164531,-88.33912336304827
20250820,-1.2126200096514221,-39.783304760312205,-37.119316051124486,2.3864681214924186,-21.183195016427437,-89.96787140609676
20250821,-1.2658250442357255,-39.910490251234464,-38.2378039836561,2.554419834260629,-22.971229258263257,-99.9745686764747
20250822,-1.311041032398125,-40.157770381299116,-39.16781743783896,2.7102196824482276,-24.411412945636332,-101.63659328839174
20250825,-1.3609806123092858,-40.0733183174214,-42.107802654431865,2.8481587671322415,-26.625730733787925,-78.61884102476733
20250826,-1.3958788865410183,-39.85415773435804,-44.539490514637215,2.9745031511202242,-28.115069327739484,-80.45971535995764
20250827,-1.423214743812839,-39.620244991723126,-45.51960692387566,3.060070846341894,-29.38654431237569,7.348363571924351
20250828,-1.496977168390046,-40.518789659106375,-47.91597803539805,3.196820096630804,-30.79565009690897,-4.824550428909344
20250829,-1.5571663641805293,-41.18034115555169,-49.62155432514417,3.1317797646316685,-32.084362658917,-28.590999409168493
20250901,-1.6077530835540015,-41.67434602887208,-49.9104577658806,2.9835305630540563,-33.505682826131526,-26.61399280516353
20250902,-1.6430403491533028,-33.13745203875413,-49.73233924601432,2.8629122946941647,-34.627058652348204,-28.65445235770031
20250903,-1.6708905785399426,-39.287017399586084,-49.3580005634616,2.76291364848355,-35.57794285518843,3.2777600345071596
20250904,-1.7139779068265002,-49.34828456296425,-48.970914589530565,2.678418672867039,-36.37289540831773,-0.6498936183301481
20250905,-1.7479764889660518,-46.76307540653363,-48.71559798543264,2.609492897649671,-36.96206278711439,-21.274835858130665
20250908,-1.767177032400136,-34.57535023649611,-48.58540461661012,2.5457607965614155,-37.38862460024708,-42.20734518548583
20250909,-1.7729010795887605,-37.54076389712959,-47.885337839892024,2.4976515854892196,-39.9528956871675,-62.04175501677349
20250910,-1.7676504048614017,-21.39447341074814,-47.296069462348754,2.457210123778782,-42.63847837564183,-54.75496004533615
20250911,-1.7693968415434673,-11.408560217555564,-47.170400380654705,2.4367876633514487,-44.739228612778405,-18.03207037132504
20250912,-1.769035222274522,21.929595972222423,-46.604817129384266,2.409061276499703,-46.46443156065576,14.451327729896256
20250915,-1.7908726610618662,42.22833337881996,-46.11283873455417,2.3861772985889145,-47.7047615871437,25.24069811270116
20250916,-1.8303028979710902,52.37889243483968,-45.71255981143033,2.364072051459926,-48.448231389620815,33.64241990074797
20250917,-1.8661120550342598,50.394649857585996,-45.22431511965271,2.3461047217867566,-49.06314734026248,40.37499942947682
20250918,-1.8443584098110373,48.744750365318055,-44.61848287678832,2.311353322117145,-49.591931714550036,44.81345331547619
20250919,-1.8281307257680661,47.404323682794924,-44.073393511888426,2.2833886618825074,-49.9324454516176,48.49095657831206
20250922,-1.8258085733689176,46.47313733721225,-43.710269958307244,2.2619668788981055,-50.794301726658,52.64107937113627
20250923,-1.7941434517256232,45.49630235639891,-43.29842041622631,2.232180094288369,-35.402446424824475,56.072494235377576
20250924,-1.7698047907323176,44.760031396668,-43.39353207785405,2.2087262333271656,-30.509652642169513,59.34954531107329
20250925,-1.7346880166589473,44.151818126122485,-43.052444509164175,2.18430419360876,-25.27530343841671,61.844868586441734
20250926,-1.7043893370007945,43.71591540544068,-42.30080103533365,2.23857463463806,-23.335288307305323,63.67732549813606
20250929,-1.6664972195199705,41.51459029959807,-42.43127381696455,2.3658100643750997,-17.756576497978106,65.3267717982212
20250930,-1.6494453061855763,39.586414637715094,-42.710800260615834,2.443103750835722,-19.32196808188566,66.5329341802256
20251009,-1.5519779389498247,37.5747752834861,-40.796031297502125,2.2934741156406417,-23.107189938872107,62.790234040317934
20251010,-1.477508174025733,35.931058658922474,-38.793647307654176,2.1719856816719787,-19.53829656810905,59.71784408077869
20251013,-1.4166579671247757,34.55543735523321,-37.116013566060936,2.05780047692002,-17.79752589269421,56.96539337541443
20251014,-1.3693700884227156,33.3950340873132,-35.781722270949636,1.9647599455981535,-19.275970315697762,54.69846787089027
20251015,-1.3263324559487517,32.4199241776462,-34.86015089731213,1.8900388493491458,-19.825729942022207,52.834804276810324
20251016,-1.2922815827605636,31.921544212564367,-34.10734832959505,1.828392105371095,-22.40631657636409,51.25567848132964
20251017,-1.262127016840181,31.636941123582087,-33.496343147893455,1.7772578154768142,-19.596591683626166,50.03986842939791
20251020,-1.2383062638273843,31.734078319444,-33.17293784389773,1.7369953180715123,-20.101076708746152,49.519992712699846
20251021,-1.2148971950299794,31.902280065305664,-32.91840842883464,1.7033055291879662,-20.730615111212508,48.98588003836686
20251022,-1.195617388726202,32.279919468656566,-32.71071808185452,1.677363356595087,-19.113364366450487,48.55906787182885
20251023,-1.1594723238489646,30.746229631769758,-32.60280790095717,1.6559508896408293,-21.079420359596305,48.077544868127895
20251024,-1.1391256173282762,29.49511802482407,-32.53664432418399,1.646835908524627,-20.49777133470638,47.99350860126897
20251027,-1.1225405239770998,28.405338901759606,-32.51579657199134,1.6386150325956408,-17.854221340848245,47.92788762196126
20251028,-1.1084577219483074,27.3048953468244,-32.15912427034586,1.626930766954267,-13.129635128055353,47.35363975993328
20251029,-1.1075128844055344,26.45959255361147,-31.811881314017583,1.619530551655414,-7.915158512725257,46.783958858847406
20251030,-1.1052144337847165,25.77351078918483,-31.525698906618768,1.6055926788320332,1.3874099441240002,46.288647025985924
20251031,-1.1085999308268102,25.2088426624691,-31.538208866449626,1.5956571360450298,0.5537456384494732,45.814052140351926
20251103,-1.1061127334811556,24.745688879247176,-31.783953017942668,1.586703140494329,-2.178993271874776,44.89172269232698
20251104,-1.112479439168462,25.006352274474597,-31.825404405934872,1.5785168873976148,-8.9766449072718,44.030511264336965
20251105,-1.116962332962509,25.24540207577726,-31.84445228276179,1.5723509239641984,-12.649921202214239,43.16648665821402
20251106,-1.1907154414642749,25.665476462132254,-34.45621505276135,1.7504012232666766,-16.031949166770072,43.544929294203826
20251107,-1.2527886979188032,26.0026524586765,-38.44438862070172,1.8966983824878547,-20.366507296481572,43.83190268083988
20251110,-1.3017954390335824,26.27336364344453,-41.88275246491043,2.0414924743572125,-1.8181971832334884,44.3605182860845
20251111,-1.3433104981401556,26.4617526091633,-44.82755905020755,2.166902076792745,-5.467313208253866,44.71381463488545
20251112,-1.4087502997589572,26.241538880442857,-47.15119167341404,2.2308185734746395,-4.834106753204426,44.60719118524578
20251113,-1.4708369617851262,26.0675561853322,-49.00362381066045,2.23410082321381,-2.08399170021347,44.50552267093104
20251114,-1.4707756934486638,25.653746733495822,-49.046137279824165,2.1701337170485098,2.784005869434959,43.780873996207156
20251117,-1.4707379507508336,25.12419916013614,-49.100945831193705,2.1191871201967154,17.644730545993358,43.0620826049211
20251118,-1.4613780835044017,24.628783098919733,-48.30166817121297,2.074833172899065,13.579293071186065,41.89967762372568
20251119,-1.4508972984464361,24.223461123179277,-47.28152336229576,2.023098143191255,12.545155322368192,40.922804451302504
20251120,-1.5002015274143923,25.58346596590604,-46.463326200011124,1.9779934241852808,9.305376882963676,40.18921810074218
20251121,-1.5405867319095827,26.716892768753375,-45.85611942766271,1.943436767875379,3.7237994191672334,39.3958071662917
20251124,-1.5736896149646264,27.69509693076213,-44.57140195819077,1.9163382368680946,1.389125700810269,38.732725793741935
20251125,-1.602334805046862,28.81683855436256,-43.8159168391143,1.908104621292095,-5.982599584021292,38.370704615922584
20251126,-1.6370026001623974,29.71182029405799,-43.10649292738168,1.911597150502226,-11.398824552289108,38.20278200754565
20251127,-1.6655661214411264,30.262534729832463,-42.545661759055804,1.898278743994831,-14.384127913692257,38.05860200987666
20251128,-1.6890078632495833,30.335208372172396,-42.06260435387692,1.8848726208518911,-19.61332034873041,37.76821634782129
20251201,-1.7226687314239595,30.430151935118452,-41.53170348755389,1.8744280797984958,-18.646039128077806,37.64326163470709
20251202,-1.7392861495700398,30.16305775571424,-41.34128303982517,1.874990007065233,-23.569142802977765,37.626612004208866
20251203,-1.753304625348969,30.01481952807369,-41.22704130375262,1.8699635784916655,-24.76281097839389,37.75616428341462
20251204,-1.7567572415451336,29.878060368167723,-41.140111087503406,1.8618367907306297,-27.550591363422317,38.44954210014779
20251205,-1.676755552283537,29.7262160497799,-41.07548708698717,1.857168099987272,-22.412531984711215,38.94837224402401
20251208,-1.6125043852045184,29.675286757175154,-41.02209144270438,1.8555847071028642,-18.42102641679127,39.41074116338039
20251209,-1.5445558377433892,29.335780251424776,-40.90772864900704,1.8091681583395507,-18.980081760932464,38.93977284364067
20251210,-1.4889609520004732,29.920369211248616,-40.88306064714123,1.7396196005012259,-13.90839721370613,38.78640510080678
20251211,-1.441722770223707,30.325999407707336,-40.61173655219955,1.6873514251029254,-12.308160967212448,38.74308255815186
20251212,-1.3653889934036745,31.063842705261106,-41.11551060114381,1.6312975047852416,-8.44674058691458,38.94690514326937
20251215,-1.2963022676470533,31.845203358856157,-41.35487189128934,1.5718256346537138,12.144345480819883,39.132270657398664
20251216,-1.2235806268268308,32.0859231243606,-41.039294576044156,1.507366450291827,10.84904560368355,39.979314713540774
20251217,-1.1636499616538185,32.17744841033843,-40.38423141362349,1.4482949959265699,9.788972828942748,40.65389034086333
20251218,-1.1151600458289113,32.154984075527935,-39.86429406737539,1.3996257088526194,8.92149852837911,41.19808361371254
20251219,-1.0755620421416354,31.917308662521975,-38.1409692297678,1.3558024428776514,8.168854759081448,42.08540030146176
20251222,-1.0432842508992821,31.678469661394203,-35.68711129928062,1.3150867372448076,7.5774379367147535,42.80448904468774
20251223,-1.0169484648836864,31.480860282955874,-33.590266999237386,1.2817004063625896,7.0680743859458905,43.37983661801461
20251224,-0.9946792560341247,30.609148622070165,-31.27986395111947,1.2502431873609685,6.602183904574866,43.43641868593197
20251225,-0.9727981140101093,29.999764187626717,-29.16966978881789,1.2189304680051498,6.219446773552365,43.241208015707045
20251226,-0.9545320688814554,29.145892181054414,-27.427320024572268,1.1934704373372322,5.67128193880454,43.357826231013185
20251229,-0.9409514567584535,28.3931968728924,-25.953991757972513,1.168350110240046,5.218561329122862,43.53209963709021
20251230,-0.9305041663213901,27.910611823833253,-24.127855910042307,1.136642247275173,4.848297051085755,43.27693056921041
20251231,-0.9204251941363336,27.28986886948214,-22.64369913420721,1.1115208871590445,4.548108558194148,42.01495284187523
20260105,-0.8941364254069812,26.779571276068836,-21.43820475602867,1.079327275746186,4.3051855455898025,39.43128307227873
20260106,-0.8718417067646582,26.264824239037374,-20.242777143526627,1.0386633845556048,4.123333147804191,36.94381569660181
20260107,-0.8538756380602524,25.313929361929105,-18.97804568577777,1.0009586335104403,3.915319477031465,34.95370429367063
20260108,-0.834598434293086,23.798448618884596,-17.388718878518002,0.9680902546499258,3.7281933660735067,33.13175711302716
20260109,-0.8188253196971803,22.570386944169385,-16.08805602256572,0.9469798049830205,3.604671960507786,31.472987507170796
20260112,-0.8062782337941405,21.555517148717758,-15.009276176864049,0.9062140467181365,3.505889156479923,30.030298571738808
20260113,-0.8179351451838862,20.686195995600634,-14.015639141798921,0.8778685115668275,3.38509789661379,28.726659632406086
20260114,-0.829528265709274,20.021452057829016,-13.213884386501345,0.8316042607322252,3.3037497892189402,27.71662763317485
20260115,-0.8356951202795183,19.55705437141882,-12.569894196450843,0.7938273311760424,3.2357576638811096,26.776165798339203
20260116,-0.830346193750619,19.203634581175994,-11.94290732763559,0.7475856982982002,3.1727914264526946,25.671815296243302
20260119,-0.8179935038452721,18.643282523633893,-11.432985371145772,0.7057210152563493,3.119695161373499,24.763983081241573
20260120,-0.8073023098675516,18.198673940211368,-11.01710367881199,0.6715718360289487,3.0732997500195935,23.975566323910087
20260121,-0.7977827920718698,17.799860106266557,-10.704522277722361,0.6414138335257408,3.0359493520074965,23.328464421711107
20260122,-0.7904047762834507,17.483744752799225,-10.445330787600666,0.6150662676754552,2.99987640885866,22.79578508845198
20260123,-0.7839999075680477,17.35746170510206,-10.227492973325237,0.5919403007303383,2.976593668177992,22.38044590952768
20260126,-0.7818023643962578,17.280627911073516,-10.054534847683321,0.5736063753858127,2.9611991348821407,22.09167167697943
20260127,-0.7790695807782232,17.41485594998073,-9.912880468863788,0.5554654385897727,3.0845551419795223,21.85509324514488
20260128,-0.7637852045674998,17.527935109434335,-9.792921791100591,0.5402563098214728,3.152795800115343,21.301859808010207
20260129,-0.7496492339076674,17.48116230204333,-9.779016531583302,0.5299546905470228,3.208702494429064,20.921798433685897
20260130,-0.7381092591883082,17.24402215670482,-9.64473941482436,0.5107893733698322,3.2423117376328228,19.922448879156654
20260202,-0.6938973462647068,17.001771856292375,-9.364090192874942,0.49321766133076483,3.2701645578892333,18.90768324502879
20260203,-0.6582586344660837,16.867805841128973,-9.13097690223911,0.4791409794679979,3.2993207641787303,18.11619125266218
20260204,-0.6289413796390961,17.137148658695725,-9.022015554822303,0.4678747038392383,3.454041687803726,17.44908480672337
20260205,-0.6034120643784845,18.16678325961514,-9.119158681976943,0.45483683533737024,3.628730959720638,16.89808630840009
20260206,-0.582525559803924,19.040472657414252,-9.20055347435218,0.44370964723130984,8.458740133957047,16.522416026397245
20260209,-0.5656675705475099,19.756976967872937,-9.312768374576171,0.43383840060659923,11.141384455737747,16.27124546980395
20260210,-0.5519072418663291,20.269554458816273,-9.47287623472975,0.4257368679701894,1.450761061746458,16.071450112635247
20260211,-0.5409114841037286,20.645263197908502,-9.517206276271066,0.4248958436855432,-4.8265318993986766,15.930630969620255
20260212,-0.5377205805948116,21.23745552712583,-9.63948750440478,0.4268310423219151,-13.052860655542863,15.822645806891808
20260213,-0.5341315875639062,21.716565955823707,-9.7627192928665,0.42834835954114014,-18.290799835872356,15.783029773627623
20260224,-0.5294757849271688,22.71419364580633,-9.837739484654366,0.42791761967118336,-24.29671290544734,15.71849101419043
20260225,-0.5257063967809368,23.481135627517098,-9.874099146253927,0.42212429191981515,-29.38502957551512,15.614311325535553
20260226,-0.5223531871059212,24.119703976741597,-9.906762041062734,0.4192242765366437,-28.629305499918452,15.53538624860478
20260227,-0.5193911884968723,24.617620285344664,-9.933159744569984,0.4112594057033099,-25.096446334583852,15.47080749490838
20260302,-0.5171761975322366,24.98283236894466,-10.041697673579414,0.4056366738330311,-25.719245652027382,15.340290017333535
20260303,-0.5124535527179286,25.26230727500417,-10.072184298168729,0.3937161380114816,-24.005092188306957,15.166233074779884
20260304,-0.5091704039127846,25.528820971164624,-10.084171312665754,0.38596011323827795,-23.8299128618914,14.879229962360291
20260305,-0.5136586899963504,25.71300394464643,-10.096098998507475,0.3794980153394182,-21.368945242175975,14.828749327277492
20260306,-0.5195384930170914,26.413011249480505,-10.126266507142743,0.37421666712163565,-21.201405383907453,14.787560417839229
20260309,-0.5233262716751172,29.337152867528914,-10.290420449843996,0.37344859701968613,0.8858890427752877,15.213149396035794
20260310,-0.574211135067756,33.231499587115096,-10.944854746060917,0.37347492790986186,1.599905517597461,16.54372257746862
20260311,-0.6306832112743161,36.466514206108776,-11.752264224014759,0.37393547011535627,-3.454721843431144,17.72531192170747
20260312,-0.6767952606053236,38.97525175687359,-12.48341913808848,0.37461717520858356,-2.6979305968839378,18.714192234331687
20260313,-0.7325117607066627,40.848322678663386,-13.176474956265608,0.37688273972882375,0.5749866258733011,19.814528411511755
20260316,-0.7735332096009764,39.944535581188745,-13.843612566240793,0.3791949563549915,4.5990418482159905,20.71918181247622
20260317,-0.8052861634193003,37.987802235852435,-14.475340359509307,0.385767172615277,16.84111127051457,21.407930706265827
20260318,-0.8205502405340591,36.46424403468953,-15.003097903494828,0.39100992217877606,19.94876104449385,21.889060194712272
20260319,-0.8128504691343034,34.62526538977274,-15.918847181118254,0.39303470055422035,21.77052070890977,21.792920649300953
20260320,-0.801293321411691,33.01063267965214,-16.588168892656523,0.3946866537603087,18.883609010597638,21.654662796734414
20260323,-0.7974286188465403,31.532515325720567,-17.475951347960137,0.3981647134245536,17.21953051070355,21.48559167508341
20260324,-0.8062696182026438,30.309193771598533,-11.110499579786643,0.39980948739881006,12.560332679908003,21.41886281480698
20260325,-0.8143559955531163,29.29074491251942,-5.5231977881754,0.40865041745333636,9.5386286881906,21.428759205795185
20260326,-0.8175715275349648,28.50814909493886,-3.1076966074247068,0.41588050322588854,2.8401926761515828,21.42056312760584
20260327,-0.8129919313382877,27.783739523427787,-4.7860909802972476,0.43331229719734077,-2.333820294634587,21.37024910327642
20260330,-0.8085182388193611,27.22421957255579,-5.5794170642318335,0.44604197784720256,-6.182977259535295,21.079619810845198
20260331,-0.8158635669221612,26.77133370586342,-8.81574144751176,0.4828231773809034,-7.80023330639282,21.06129269361973
20260401,-0.8226159435222594,26.15233309967119,-14.09711670024952,0.5123688873979421,-10.092715905788296,21.54284031338503
20260402,-0.8279798396444225,25.65231152069189,-18.212878124845492,0.5337491726773606,-13.315083815659873,21.915793006175246
20260403,-0.8358411789722299,25.176500355996208,-23.400760699323875,0.5505243100660779,-15.873745592372762,22.237137062024757
