trade_date,M.DCE,Y.DCE,P.DCE,OI.ZCE,RM.ZCE
20100104,0.0,0.0,0.0,,
20100105,0.0,0.0,0.0,,
20100106,-0.0,-0.0,-0.0,,
20100107,-0.0,-0.0,-0.0,,
20100108,-0.0,-0.0,-0.0,,
20100111,-0.0,-0.0,-0.0,,
20100112,-0.0,-0.0,-0.0,,
20100113,-0.0,-0.0,-0.0,,
20100114,-0.0,-0.0,-0.0,,
20100115,-0.0,-0.0,-0.0,,
20100118,-0.0,-0.0,-0.0,,
20100119,-0.0,-0.0,-0.0,,
20100120,-0.0,-0.0,-0.0,,
20100121,-0.0,-0.0,-0.0,,
20100122,-0.0,-0.0,-0.0,,
20100125,-0.0,-0.0,-0.0,,
20100126,-0.0,-0.0,-0.0,,
20100127,-0.0,-0.0,-0.0,,
20100128,-0.0,-0.0,-0.0,,
20100129,-0.0,-0.0,-0.0,,
20100201,-0.0,-0.0,-0.0,,
20100202,-0.0,-0.0,-0.0,,
20100203,-0.0,-0.0,-0.0,,
20100204,-0.0,-0.0,-0.0,,
20100205,-0.0,-0.0,-0.0,,
20100208,-0.0,-0.0,-0.0,,
20100209,-0.0,-0.0,-0.0,,
20100210,-0.0,-0.0,-0.0,,
20100211,-0.0,-0.0,-0.0,,
20100212,-0.0,-0.0,-0.0,,
20100222,-0.0,-0.0,-0.0,,
20100223,-0.0,-0.0,-0.0,,
20100224,-0.0,-0.0,-0.0,,
20100225,-0.0,-0.0,-0.0,,
20100226,-0.0,-0.0,-0.0,,
20100301,-0.0,-0.0,-0.0,,
20100302,-0.0,-0.0,-0.0,,
20100303,-0.0,-0.0,-0.0,,
20100304,-0.0,-0.0,-0.0,,
20100305,-0.0,-0.0,-0.0,,
20100308,1.3674103138996014,1.3857693328069556,0.6050601459284994,,
20100309,2.5311026131556913,2.4350532057294982,1.050763119813842,,
20100310,3.7590398675263947,3.5676006656260757,1.6473181489782243,,
20100311,4.41181812385734,3.9458745502906645,1.7847847647650903,,
20100312,4.95070867636776,4.036013174122047,1.7796859218810241,,
20100315,5.562141030036078,4.402492286473657,2.1203390874261148,,
20100316,5.539784033695621,4.414436308958216,2.20807990061434,,
20100317,4.981105735354964,3.6048354106739238,1.565747354095676,,
20100318,4.674011062389182,3.320661896812712,1.3774597885565043,,
20100319,4.1526824758807495,2.7862485964393966,1.0294045249721553,,
20100322,3.885299751498882,2.1100226281743915,0.6014784804063016,,
20100323,3.778885099280577,1.6099468564200328,0.3378279898370361,,
20100324,3.5095139687154995,0.6011794324714739,-0.3232881509870947,,
20100325,3.3216795858354744,0.12246418537655036,-0.5044723121926469,,
20100326,3.137462718608151,-0.04512575424157998,-0.5819915608458295,,
20100329,2.866993221623132,-0.40531732857075453,-0.7023612204717283,,
20100330,2.3374163983667926,-1.409129195358432,-1.2162015753241984,,
20100331,1.9373274990950482,-1.9304092773155188,-1.3504234472233418,,
20100401,1.4840888007192796,-2.893679867938601,-1.6546021239243278,,
20100402,0.8266493729783388,-4.248386387615306,-2.508503370791963,,
20100406,-0.3046624703585076,-5.935584570454681,-3.622953727689986,,
20100407,-1.6077239094321172,-7.447012399870436,-4.8075866799788685,,
20100408,-2.097118891841933,-7.840208704080767,-5.055979713067319,,
20100409,-2.759723248171858,-8.668780208116385,-5.934053910614118,,
20100412,-3.438503205034003,-9.465873423117465,-6.6802486579468665,,
20100413,-3.837555418582374,-9.473972540449367,-6.594613451808838,,
20100414,-4.401437718598329,-9.301202620195157,-6.540139464847066,,
20100415,-5.045964874858772,-9.259357693080613,-6.570262114708468,,
20100416,-5.330760997218299,-9.07136569607855,-6.3740685544500275,,
20100419,-5.404498947154031,-8.31999288242976,-5.725909122585703,,
20100420,-5.309347865751107,-7.356261331483401,-4.542680057335219,,
20100421,-4.532520292150172,-6.302651567889484,-3.289116214918635,,
20100422,-4.099310968598875,-5.694708530187712,-2.4578560832476133,,
20100423,-4.2931407082543815,-5.63658331156838,-2.296801991811071,,
20100426,-4.80142554302083,-5.7224644080928515,-2.4945246520449693,,
20100427,-4.651259984736321,-5.609362303354758,-2.507721268416273,,
20100428,-4.598679149341341,-5.222693473576074,-2.219103509635822,,
20100429,-4.489887306724968,-4.499904894198364,-1.4781530162456766,,
20100430,-5.297703500177266,-4.3596016806725695,-1.327707514970115,,
20100504,-5.660702309472988,-3.8426066333599977,-0.5475779471210461,,
20100505,-5.9102085343422,-3.4564691563009573,0.0824105090573058,,
20100506,-5.546420418741175,-2.639571047073904,1.1483185802391778,,
20100507,-4.932567301093516,-1.5069521104720491,2.157589526299047,,
20100510,-4.763299064620686,-1.0989578452043647,2.3329101114297477,,
20100511,-4.772252938996898,-0.7474213152860734,2.4962764805798985,,
20100512,-4.9814394095178365,-0.6672619316281331,2.3742521806982704,,
20100513,-4.835181691226068,-0.5138067005806175,2.3735330468641154,,
20100514,-4.425168963594617,-0.1603733364649178,2.710092272086962,,
20100517,-3.805496600129225,0.3823247592740119,3.2097054992346017,,
20100518,-3.118138860070617,0.7345249281280981,3.440548897789253,,
20100519,-2.450417755779274,1.1556129333091982,3.7364896540783956,,
20100520,-1.9395204169028697,1.3874386121804583,3.7955113154023814,,
20100521,-1.67029776753408,1.4880610905288185,3.673284813041268,,
20100524,-1.4159689761456609,1.610575328112037,3.596222968443797,,
20100525,-1.0700814355282475,1.801755285056244,3.653550502284113,,
20100526,-0.7375810338731634,1.8613066161260692,3.65278524659622,,
20100527,-0.407113412114286,2.051800782850182,3.635741531254809,,
20100528,-0.029147356342118347,2.2330109297219285,3.5195141488803303,,
20100531,0.2897946726126829,2.5484543432864015,3.61486793916898,,
20100601,0.670489548524069,2.8841831052846474,3.7893844594354444,,
20100602,0.8929580055522096,3.025397741674559,3.7577743197740743,,
20100603,1.1738390003038761,3.42883841335702,4.01825873693396,,
20100604,1.2031028785429287,3.7007049235511844,4.298467327649197,,
20100607,1.6560456569290245,4.423768947464826,4.928310360763373,,
20100608,2.117672689201976,4.997279147724265,5.493686562786522,,
20100609,2.7553739739316163,5.410436563220844,5.9917922115479065,,
20100610,3.3599291062488783,5.76496104279807,6.495493752408582,,
20100611,4.003462363973633,6.12605133481947,6.927396704523924,,
20100617,4.542338627234417,6.311963422064803,7.337985513304519,,
20100618,4.5647354390449655,6.092431847901336,7.437647020705276,,
20100621,4.19601980121835,5.628766319526805,7.236158152326072,,
20100622,3.894109982235351,5.370068742895125,7.231968911392206,,
20100623,3.687021144248626,5.206640562287669,7.205436170712527,,
20100624,3.7943942647822326,5.300403693110222,7.321463198273329,,
20100625,4.073369833268468,5.483176470425908,7.600887691695464,,
20100628,4.229604150299377,5.735122068134727,7.9916608270123595,,
20100629,4.174213155407188,5.894580596398849,8.237579070391405,,
20100630,4.3042433799918625,6.032753230597544,8.440647807560568,,
20100701,4.631402391599526,6.439035387179532,8.891723471502445,,
20100702,4.535402402289118,6.586235660024497,9.121254785433203,,
20100705,4.65890012208812,6.970266616355837,9.529209878010414,,
20100706,4.340480980101023,7.003903243879443,9.794711720138537,,
20100707,3.734316099774611,6.640917706686126,9.571489496522513,,
20100708,3.3616609557362636,6.691537219852346,9.93117578250056,,
20100709,2.586058754754098,6.327008666742286,9.668767565887343,,
20100712,2.332022255305108,6.24801335005052,9.676800666877726,,
20100713,2.1771169206015997,6.078129071971242,9.453675739534573,,
20100714,1.7160674793474202,5.572593502165876,8.697916630289876,,
20100715,0.8205152099564971,4.550918586909535,7.54640930502794,,
20100716,-0.12318952646572898,3.5967064882462205,6.344209763032473,,
20100719,-1.2760872764285718,2.730540687165915,5.30958646962207,,
20100720,-1.9586761344698396,2.2679973990639697,4.706762039382221,,
20100721,-2.3960617375241937,2.0587255946057152,4.437916477614619,,
20100722,-2.6601368928692293,1.7348533087755522,3.9322030421397005,,
20100723,-3.2658317824546605,0.9827956891580507,3.1381232340903558,,
20100726,-3.8143425782633775,0.49512064710504633,2.476246720766457,,
20100727,-3.5395865655310144,0.5374421653243809,2.3402858802392346,,
20100728,-3.616172228267417,0.3552966118944631,2.0491647700248574,,
20100729,-4.158293628947256,-0.42566279789708106,1.2382873084879986,,
20100730,-4.87183578432598,-1.1706434269563681,0.4831105218206628,,
20100802,-5.712888835944138,-2.009794533218958,-0.4092533728079599,,
20100803,-6.138029102211697,-2.718905563019115,-1.189407696167096,,
20100804,-6.45420533013373,-3.279670740224243,-1.8919372820711844,,
20100805,-6.679680387291605,-4.189840664478719,-2.72812290021883,,
20100806,-7.071653961004296,-5.1858123433946774,-3.7477765792661137,,
20100809,-7.662992178275572,-6.311708499562033,-4.983358492736858,,
20100810,-7.853942635120146,-7.004494735814796,-5.747758966901441,,
20100811,-8.03966133180066,-7.434082838900727,-6.289501528272497,,
20100812,-8.053885220436301,-7.445769355650721,-6.6513177483447485,,
20100813,-8.256805063009496,-7.7192351185507775,-7.25092272311842,,
20100816,-8.0422354094493,-7.630636751959295,-7.6584634563086205,,
20100817,-7.847998327682891,-7.50416173166637,-7.995173605295657,,
20100818,-7.607147629413661,-7.154453905772111,-7.996825531761395,,
20100819,-7.403695787893739,-6.93023858821311,-8.019819235769363,,
20100820,-6.911438208457418,-6.217846726039025,-7.4095435531450775,,
20100823,-6.611567090116882,-5.717240464978714,-6.988247569597758,,
20100824,-6.313890524623921,-5.38740023228122,-6.802574973512407,,
20100825,-6.095114095077278,-5.147339086125648,-6.651592517090336,,
20100826,-6.045181130510748,-5.223885810277056,-6.773030062897835,,
20100827,-6.055133173500576,-5.3806306422089865,-6.969002739588191,,
20100830,-6.478941518460237,-5.801046945123517,-7.480428007279325,,
20100831,-6.345330194664606,-5.762532563475913,-7.5901812228334045,,
20100901,-6.286386045025514,-5.771456500800486,-7.681073973557111,,
20100902,-6.056726988347494,-5.752507692281239,-7.749899525404878,,
20100903,-5.912936370980593,-5.876030378418203,-7.989308314504351,,
20100906,-6.08914970747879,-6.188854992154835,-8.366316895923205,,
20100907,-6.498112785625864,-6.55548359016702,-8.8244964331502,,
20100908,-6.624200618102115,-6.736854470341647,-8.95753522818478,,
20100909,-6.46325126348723,-6.567109318087579,-8.813522299261718,,
20100910,-6.07773990327985,-6.418606080775321,-8.615122187460681,,
20100913,-5.826099734116955,-6.376226174478039,-8.58395905003725,,
20100914,-5.7358333277755404,-6.272883619490745,-8.364150227578072,,
20100915,-5.944104186274963,-6.241523314540325,-8.260609975572647,,
20100916,-6.225271376074394,-6.143465077236522,-7.91570077569931,,
20100917,-6.627696681981787,-6.294552414257522,-7.8678955115861555,,
20100920,-7.06220495266441,-6.637428368741357,-7.964896664324645,,
20100921,-7.876898528139594,-7.0406206785481755,-8.306062754134162,,
20100927,-8.624969577901668,-7.580040764473017,-8.747677226690396,,
20100928,-9.19373480988161,-8.051718400012497,-8.960388050821447,,
20100929,-8.856004570645688,-7.990847146448675,-8.70126951380818,,
20100930,-8.341226031277992,-7.699627907177876,-8.260943610670344,,
20101008,-7.644955681639054,-7.4144473135899895,-8.034052387205898,,
20101011,-7.431881183745265,-7.4770152373369125,-8.094330786633355,,
20101012,-7.627123177337544,-7.615406850352036,-8.24393787458489,,
20101013,-7.722573945301736,-7.470078278889051,-8.103256743911063,,
20101014,-7.650773788441296,-7.189766512417697,-7.903342890033634,,
20101015,-7.762415557741585,-7.179265729867544,-7.924692507550463,,
20101018,-7.64274033671014,-6.873240771809892,-7.635346013926077,,
20101019,-7.544144322564516,-6.846096338719239,-7.512949979259395,,
20101020,-7.217568416731576,-6.481645471486268,-7.0566213528914155,,
20101021,-7.010568495256828,-6.471245205843377,-6.801204354405182,,
20101022,-6.789757969601483,-6.611174634834022,-6.701094325272901,,
20101025,-6.845296369053547,-7.179114755000581,-7.022628107541862,,
20101026,-6.657481640861759,-7.535958109398813,-7.139490176332109,,
20101027,-6.449456915211353,-7.714668490846356,-7.339159192274629,,
20101028,-6.531884134651675,-8.127362167049553,-7.78504812256196,,
20101029,-6.491761874900273,-8.127873536662333,-7.906497670635097,,
20101101,-6.716470566252843,-8.418088807375907,-8.285023211917355,,
20101102,-6.672400252297853,-8.530907685012062,-8.509942625623061,,
20101103,-6.488354659488706,-8.587862820465238,-8.59413223028736,,
20101104,-6.3867444069024915,-8.796669859575868,-8.799137478522983,,
20101105,-6.837047208314332,-9.476828656861702,-9.48641988033885,,
20101108,-7.579687331759429,-10.335762587612917,-10.738934611970405,,
20101109,-8.323426639477699,-11.142633410321622,-11.816108350776132,,
20101110,-8.752878043941394,-11.608396910458554,-12.484283123236901,,
20101111,-8.895347146038658,-11.968749809588784,-13.01618305041022,,
20101112,-8.172715118290904,-11.467550135562524,-12.381277886385343,,
20101115,-7.697678207092518,-10.911736947118019,-11.84584822444084,,
20101116,-7.295739711768875,-10.44975375339333,-11.432454053660532,,
20101117,-6.451171337098651,-9.642817779816424,-10.435134119629891,,
20101118,-5.784466578396595,-8.977887204020906,-9.637013556452295,,
20101119,-5.287105083175568,-8.609152226870064,-9.26146230720426,,
20101122,-4.56161920266415,-8.031747759100703,-8.63359730755945,,
20101123,-3.9532731472946363,-7.462092080127465,-8.03341996953546,,
20101124,-3.5972379684674083,-7.225775318689373,-7.734276432145559,,
20101125,-2.8371021464419868,-6.765922917160611,-7.204805264450157,,
20101126,-2.003173224725374,-6.351557406909532,-6.7286459120642315,,
20101129,-1.1777270675907887,-5.887499024881635,-6.257054222049421,,
20101130,-0.38636184836438425,-5.442305147499878,-5.897068535434002,,
20101201,-0.09975548059559623,-5.363263888488369,-5.906741850986893,,
20101202,0.10939375978607874,-5.4353348176695215,-5.99143557062517,,
20101203,-0.05237348036992723,-5.699141130429411,-6.170931372148339,,
20101206,0.39066829441707807,-5.517419017415839,-5.929672841938072,,
20101207,0.9677663579854874,-5.460765802658898,-5.892505339361092,,
20101208,1.69814182658203,-5.097358112544589,-5.452826808814365,,
20101209,2.174621693610257,-4.81111880722149,-5.12375719178513,,
20101210,2.7765210252268253,-4.543666208223144,-4.913402654274415,,
20101213,2.8322538539484947,-4.84133838089379,-5.225835544661709,,
20101214,2.6027802321375986,-5.076858307008613,-5.453591644979348,,
20101215,2.677032347179918,-5.271792499949817,-5.772300898530191,,
20101216,2.7153769790582283,-5.127275438279842,-5.784779879883991,,
20101217,2.5435873091344825,-5.012527952191515,-5.8387095651801015,,
20101220,2.7143049673348916,-4.591880599428444,-5.5726179945234575,,
20101221,2.3642577742360134,-4.579770022468083,-5.728032810205093,,
20101222,1.7694249803195932,-5.172060014695423,-6.165363363201277,,
20101223,1.5445992896407608,-5.617751181379436,-6.493485823980986,,
20101224,0.8494674920322182,-6.481645725271117,-7.115414347749082,,
20101227,0.8190877057290408,-6.976019736329454,-7.589297186860998,,
20101228,0.32029903688729167,-7.602328450986799,-8.087554710584293,,
20101229,-0.038019551000300446,-7.514322642051426,-8.269247449504679,,
20101230,-0.27661771486072056,-7.101700068638538,-8.033585535304203,,
20101231,0.03721519338745829,-6.357146400828539,-7.336331297341045,,
20110104,0.3872704016346759,-5.8252349956327185,-6.68751992043082,,
20110105,0.9991680307073305,-4.986722970712193,-5.789082847169096,,
20110106,1.3553614070270696,-4.776594347740597,-5.566145933601639,,
20110107,1.8597721485104224,-4.203707793591154,-4.943879272592718,,
20110110,1.4435657188396465,-4.207117682737169,-5.008848594494096,,
20110111,1.0277184981752476,-4.605135837231281,-5.428241763034481,,
20110112,0.4940781955853222,-4.918377615354147,-5.5891290041460975,,
20110113,-1.0561379144170069,-5.775342561946389,-6.494610567601725,,
20110114,-2.4666792708462952,-6.5396959505918595,-7.192693348930298,,
20110117,-3.725460860422197,-6.837425513448286,-7.324567309672354,,
20110118,-5.111436069179096,-7.424484225901149,-7.848517291531891,,
20110119,-6.09788094520851,-8.259166901910735,-8.695392274045739,,
20110120,-6.353723533892645,-8.448890344283862,-8.967773145898255,,
20110121,-6.616625790630597,-8.741231832990863,-9.29071189421084,,
20110124,-7.310661772414125,-9.387136841935147,-9.857358174357076,,
20110125,-7.470317927034252,-9.326029764505773,-9.591609884221615,,
20110126,-7.319494292460198,-8.749504209758914,-8.900266873308249,,
20110127,-7.257005300015008,-8.302609134146701,-8.258185287736683,,
20110128,-6.998072457234188,-7.796102100289368,-7.632096921849405,,
20110131,-6.892879793217164,-7.570841561128276,-7.295982028434048,,
20110201,-6.869344601222033,-7.272367808652187,-6.89739559101071,,
20110209,-7.112364032538213,-7.131019660062375,-6.660428182831318,,
20110210,-7.513188198870157,-7.639261690327218,-7.1358538107413345,,
20110211,-7.888109939651585,-7.9936308764037625,-7.3765095909265215,,
20110214,-8.219300165526132,-8.34520077739953,-7.643088144283546,,
20110215,-7.822377399815037,-8.014062077718677,-7.213617378974036,,
20110216,-7.017710892454333,-7.231798750334816,-6.484176740002485,,
20110217,-6.509637162776767,-6.524483781406471,-5.806427643591908,,
20110218,-6.082579807253143,-5.8893618055197265,-5.199831312785372,,
20110221,-5.647041930769712,-5.2891563402450466,-4.6178761089348095,,
20110222,-5.3293892095850826,-4.939205459211552,-4.359777545849283,,
20110223,-4.2704585515694005,-3.8789613411352772,-3.3850359781441304,,
20110224,-3.3180307078414706,-2.84109436424597,-2.452836803621922,,
20110225,-2.6656733869543325,-1.8800212181888463,-1.645933269918146,,
20110228,-2.2114780501587745,-1.2975488020653936,-1.118424071952532,,
20110301,-1.8950540908897953,-0.7387849312447567,-0.5557089652097196,,
20110302,-1.628589006549899,-0.3489781413056522,-0.17584177785406968,,
20110303,-1.507536382033414,-0.19527809807195684,0.05127375143850176,,
20110304,-1.3080152611190952,-0.09230139260215844,0.20350159457965877,,
20110307,-1.0276742036641113,0.04184381557906476,0.33378290874889915,,
20110308,-0.594932544894871,0.44039132817573107,0.7819533109948142,,
20110309,-0.4334949432857362,0.7556036092590758,1.1552130699040202,,
20110310,0.08398193547219847,1.4905406362893565,1.9979676421969492,,
20110311,0.20323167778164827,1.9066083224996084,2.493922188922309,,
20110314,0.5907545248323489,2.3494825323154345,3.0649829991566686,,
20110315,0.8681793916672822,2.710284503445996,3.5193221163505837,,
20110316,1.3694289109775142,3.0257996482951315,3.848560965306439,,
20110317,1.9459008161680085,3.302396635687516,4.1016993794047725,,
20110318,2.497364286163764,3.411747029910988,4.137396645531995,,
20110321,2.9583160581061234,3.3131684216375317,3.9589386052126456,,
20110322,3.3730438311230153,3.239128046280173,3.9025981006867907,,
20110323,3.5706132062334697,3.304891225303775,4.075320796660266,,
20110324,3.692892214815546,3.5815997385570024,4.464775739198185,,
20110325,3.569022563591,3.616293491841188,4.64320150556687,,
20110328,3.7334835093735963,3.9812174699350127,4.989696676180249,,
20110329,3.5190480284540864,4.057674821832463,5.061520906572029,,
20110330,3.0377764165941072,3.6839812009888875,4.718199000060637,,
20110331,2.8302443205478487,3.4823929462667755,4.565613022011552,,
20110401,2.543439928565528,3.158908816907225,4.347151762809088,,
20110406,2.492504702163144,3.0145304673577384,4.247534612443607,,
20110407,2.705828064812418,3.0576413413865313,4.352064227445805,,
20110408,3.1956866597427735,3.282074545126096,4.578666636815149,,
20110411,3.398585981683655,3.5009306193425664,4.765182874924353,,
20110412,3.7873307250891797,3.9014712172407613,5.073978699550485,,
20110413,4.188704465416983,4.414645302119702,5.535025272389228,,
20110414,4.371879416949579,4.78663476052229,5.866816730038416,,
20110415,4.5750709117625705,4.893150759700855,5.994182089401221,,
20110418,4.508595978345778,4.673805068747463,5.85736841626597,,
20110419,4.622890931781125,4.569877641697198,5.852837050366477,,
20110420,4.408354976751854,4.134770148510913,5.498808045315534,,
20110421,4.386397225109658,4.006208255199356,5.360557075391195,,
20110422,3.2986480133604283,3.011889573362329,4.447373265350883,,
20110425,2.1553089353377928,1.8506540541344658,3.5397269539419516,,
20110426,1.8947476740046056,1.5732532790909806,3.325931929729587,,
20110427,2.0783704388012896,1.6931653089521403,3.4114154568827253,,
20110428,1.9524906259671753,1.547084337358528,3.1541579827564776,,
20110429,2.478441543805408,2.067567578716106,3.469978776762293,,
20110503,2.63798313764359,2.19573350220519,3.439929268184927,,
20110504,2.9980274310989325,2.6130547006860647,3.727486323745372,,
20110505,3.213065652345373,2.9971986261220223,4.0102257642054555,,
20110506,3.3351982815454426,3.351265694582569,4.297674139029209,,
20110509,3.3233382741925124,3.4470767107417206,4.304557928395804,,
20110510,2.9449638116300494,3.2259920379718787,3.986051624608572,,
20110511,2.765176415319572,3.020256791033922,3.665473257590836,,
20110512,2.485764411967058,2.7852691177707483,3.290480147502657,,
20110513,2.137149645439557,2.4658508675553166,2.869057697292642,,
20110516,1.4990967138271003,2.138816795347081,2.493894196976715,,
20110517,1.3206099100377415,2.0226202242377957,2.313402897282447,,
20110518,1.260819388032469,1.9988009674988712,2.296412317898729,,
20110519,1.206662958528093,2.0086293403978184,2.3435675071162163,,
20110520,0.9043418913961017,1.8213017627778716,2.0080882059938876,,
20110523,1.025911835794917,1.9045124248391552,1.9418262402571842,,
20110524,0.9230381638891878,1.5441161666626138,1.3089389392689947,,
20110525,1.139991583119511,1.517270320849236,1.0871407495570362,,
20110526,1.1095381779369575,1.2671857040391519,0.7839918320294589,,
20110527,1.1788108968977622,0.9964967404801286,0.44417135624336257,,
20110530,1.2916241159341266,0.81497771377457,0.2558366948876822,,
20110531,1.535622258338021,0.7437131044037664,0.15697046630531267,,
20110601,1.8469897906089934,0.9144984767164687,0.28350244381559153,,
20110602,1.8489177968959052,1.173049900920464,0.5148981436339748,,
20110603,1.7095582014975803,0.9939533269974503,0.2242823922686789,,
20110607,1.7668748399304572,1.1903996941023185,0.46115396499074907,,
20110608,2.0296284583975965,1.6499892347014018,0.9333817154796784,,
20110609,1.8196926274385115,1.6021728204179873,0.9351733353511265,,
20110610,1.6333207758229704,1.584478601633199,0.979704735893737,,
20110613,1.0744605295814684,1.2225692904271648,0.8104890729342077,,
20110614,0.5504281196514154,0.711874402653653,0.44863596257223143,,
20110615,0.28026244001771483,0.3220353248241615,0.17597228630330503,,
20110616,0.1907942482115877,0.19016639808842595,0.04582063169268253,,
20110617,0.726300475751268,0.6466062262182188,0.4773224905594957,,
20110620,1.2081726367874606,0.9819851083136577,0.8647869480074554,,
20110621,1.7841146500439184,1.3122171640538032,1.316538633345776,,
20110622,2.2124479680475115,1.6889875255697222,1.721879508902875,,
20110623,2.335773363817364,1.6359326344777207,1.8494108840317285,,
20110624,2.3066309307218176,1.6479899945345853,2.108627654082012,,
20110627,2.934106029029576,2.394468149003934,3.0125424933629104,,
20110628,2.670292684551694,2.384001558357281,3.2512393850137182,,
20110629,2.4302708363511654,2.486335019984171,3.4490849462460864,,
20110630,1.9702161113064882,2.2057094893372295,3.243528334131146,,
20110701,1.8433428517231225,2.1421636262502073,3.275458781167869,,
20110704,1.1574510464826915,1.2772962583107232,2.5837441474552616,,
20110705,0.8192155384714382,0.7903949940064916,2.27714533767465,,
20110706,0.7121489617151082,0.5712885208650629,2.2560999407576694,,
20110707,0.3292591696236248,0.19380136557020744,2.19279296581022,,
20110708,-0.35030751902249607,-0.5266212230908021,1.6499457540693239,,
20110711,-0.6573385129260413,-0.7948429742941103,1.5628440033238817,,
20110712,-0.9141840696339562,-1.1139039942122588,1.4864702009278872,,
20110713,-1.8780184573024854,-1.7183417518058837,1.1496145901082917,,
20110714,-2.797860169477159,-2.239559754420484,0.9405937555431476,,
20110715,-3.442873350726899,-2.448884773655207,0.9527564569944059,,
20110718,-3.520649951180801,-2.273373592937161,1.3405741140921237,,
20110719,-3.795385729571982,-2.3047568961078513,1.4731363761693763,,
20110720,-3.9731144645109513,-2.2110601051641914,1.650161072995199,,
20110721,-4.316615374226026,-2.2310748521839368,1.5673093043201376,,
20110722,-4.353369966213288,-2.007294295569055,1.7333124893980643,,
20110725,-4.0675352839612025,-1.3993027863150902,2.3076852963740646,,
20110726,-4.0475806447402665,-0.9980847925537898,2.6820266033250184,,
20110727,-4.4267234101726185,-0.8030972322348836,2.7963629634832388,,
20110728,-4.461725127483214,-0.5560969827302944,3.0306959752562745,,
20110729,-4.052697949909844,-0.12037837318292142,3.4817199276870934,,
20110801,-3.7161487046241235,0.29695074562204476,3.786257754860326,,
20110802,-3.517149213668251,0.4527194763412185,3.757999917213693,,
20110803,-3.374951936132458,0.35103625269545774,3.6186104743396945,,
20110804,-3.016540597268581,0.44353696327065956,3.6510174134985465,,
20110805,-2.276694973659564,0.8388422340050906,3.848206932504189,,
20110808,-1.5208201543283826,1.1780029317638518,4.048676271734776,,
20110809,-0.7564801166873223,1.7937507104161379,4.544177663642927,,
20110810,-0.35626236835492564,2.2692673909228502,4.851135147275418,,
20110811,-0.2516931779080315,2.290644444818613,4.831678451932796,,
20110812,-0.39886222092510054,2.2199200490528774,4.707037169014863,,
20110815,-0.7077466830767533,1.9864105071458595,4.420371766620234,,
20110816,-0.7808030021311705,2.0347127165382575,4.371714357841003,,
20110817,-0.9549284348087231,1.880841152602785,4.193115167665337,,
20110818,-1.1380217909173402,1.6786673591954315,3.9546777078989237,,
20110819,-1.1883371136188732,1.5138040357741913,3.6849362109578,,
20110822,-1.6710614279494216,0.9008288745645271,3.122716269782138,,
20110823,-2.2555042095192803,0.18785960084487938,2.4621399875847376,,
20110824,-2.499789850450849,-0.24938844587497178,2.1364379335052015,,
20110825,-2.611071248744128,-0.39599694412983144,2.0545571893145618,,
20110826,-2.76702384819457,-0.6897253207149724,1.9495464372705287,,
20110829,-3.1874697222978234,-1.0824478365504893,1.7188707806462622,,
20110830,-3.554105785238784,-1.5316576698048452,1.4682712802092808,,
20110831,-3.9246431457778854,-2.0217379508595843,1.0815386774961773,,
20110901,-4.079520405822504,-2.2555327453388316,0.8103629131947839,,
20110902,-4.227766227964911,-2.4639376857801705,0.7910745886511825,,
20110905,-4.190192175252753,-2.4888461826595196,0.8628372584477881,,
20110906,-4.097811287718184,-2.602535350050176,0.8850137688569324,,
20110907,-3.6728143273562215,-2.5861321131961703,0.9301371503405329,,
20110908,-2.9484933369514725,-2.3798662068406142,1.088542366078838,,
20110909,-2.412403639323932,-2.320716243999996,1.0485833794501183,,
20110913,-1.6441178788809756,-2.015497900633017,1.273213385093004,,
20110914,-0.6901252507078622,-1.455535912939966,1.737905653365799,,
20110915,0.07826299750750211,-0.9108996009067628,2.259547478533551,,
20110916,0.8546338810978641,-0.39123814277788055,2.8217780933016305,,
20110919,1.7080866813971487,0.30563584838038405,3.5159313692705703,,
20110920,2.108936470928834,0.39596348692559374,3.642651343324129,,
20110921,2.6938382707342363,0.6870341659702365,3.970522051007968,,
20110922,3.625390474864713,1.3207049992997273,4.578483462192514,,
20110923,4.502645299545011,2.0831134793652435,5.151005122916441,,
20110926,5.326752250662946,2.948133741031909,5.744284450306297,,
20110927,5.768806196307559,3.463071335253849,6.054647032297169,,
20110928,6.215068564774603,4.030051347370072,6.437876769843566,,
20110929,6.816183759493696,4.742156118748602,6.977456634280762,,
20110930,6.895155602114731,4.8502741706339005,6.906855792056002,,
20111010,6.9135867636524475,4.933992680527735,6.8279504672122,,
20111011,6.996127491499994,5.029033775107669,6.7117514663336975,,
20111012,6.504899600608871,4.6642186144531665,6.1859604899489256,,
20111013,6.167374044861408,4.419073985072115,5.831584939811017,,
20111014,5.851613206522154,4.221835376301739,5.543419900482303,,
20111017,5.636516701044515,4.031777910171604,5.267421882711778,,
20111018,5.741332754979195,4.137414439022707,5.305560920676515,,
20111019,5.688857301998994,4.134082298170761,5.252702534705568,,
20111020,5.864566604693762,4.363908063644804,5.428107624974143,,
20111021,5.801693577477631,4.409990841092892,5.414609134657462,,
20111024,5.68094760230272,4.301901467988918,5.235529783486518,,
20111025,5.667643294741072,4.20875535997585,5.086644137316762,,
20111026,5.795704341984697,4.279771834262808,5.100057548923516,,
20111027,5.805759754031309,4.216095695108412,4.967410472914076,,
20111028,5.95335089387303,4.26565225354434,4.9017407767251315,,
20111031,6.239062928577275,4.5385576480905145,4.997289966333107,,
20111101,6.849898947720168,5.117835443705469,5.351196551982091,,
20111102,7.268420686340957,5.529320503848821,5.5508242095203215,,
20111103,7.832321121584633,6.132801692679954,5.990929731147303,,
20111104,8.141915425213027,6.535732306761074,6.2074849169323105,,
20111107,8.698924120057482,7.2430181545255525,6.703797358318754,,
20111108,9.220760292816575,7.7928071389689455,7.053166586561217,,
20111109,10.00286353923897,8.355092231245033,7.246005608263241,,
20111110,10.87646168452779,9.101805440229999,7.65824551161515,,
20111111,11.537311229486342,9.55249534770246,7.59869006585035,,
20111114,11.918266572086429,9.734639572995277,7.438238445065449,,
20111115,12.116979585824344,9.773176400058974,7.167126810641331,,
20111116,12.214693505233152,9.716692372124516,6.904685050949698,,
20111117,12.472801228216955,9.71990313347327,6.610791370946579,,
20111118,13.048807427511656,9.88042067016232,6.478201509701715,,
20111121,13.393656107928631,9.909238083200114,6.229115354928566,,
20111122,13.878940632868076,10.214458161414804,6.313878132392556,,
20111123,14.276950404552208,10.549376517186321,6.486891438962828,,
20111124,14.532499036252771,10.808261775864958,6.6049805587330095,,
20111125,14.219000494833828,10.603076571256548,6.329798608308991,,
20111128,13.336196931098964,9.727292952298534,5.3672032628868065,,
20111129,12.926414613474597,9.367780090057664,4.878565064552263,,
20111130,12.54449476944194,9.084407046123026,4.473329320022338,,
20111201,11.24258547846231,7.966272661517479,3.4453649698914024,,
20111202,10.587009276521718,7.4731266617860825,3.0184935094250496,,
20111205,9.572997286299287,6.577564276899308,2.0686662624828824,,
20111206,8.741989661356701,5.859859683460809,1.3708711089046732,,
20111207,8.423240410517078,5.551428495659816,1.0235456688812343,,
20111208,8.493648930508762,5.472105207584713,0.8521609094720037,,
20111209,8.671722567983156,5.526555210684683,0.8097340559285383,,
20111212,9.022755360676138,5.838992410965239,1.0937695592195085,,
20111213,8.913917117987085,5.761347723218537,1.0367130029846774,,
20111214,8.899373723183178,5.718873982516286,1.125594049651103,,
20111215,8.53922022928783,5.432313308058193,0.809783983325107,,
20111216,8.467072191129116,5.279440624020295,0.7075614205224798,,
20111219,8.199373896816933,5.204436194161579,0.9315487837621692,,
20111220,8.127497184014107,5.293935901618652,1.240997722604686,,
20111221,8.089570570583417,5.314280193074119,1.345789333148634,,
20111222,8.178785278662685,5.6080171557384855,1.6226593969547145,,
20111223,7.954519208282326,5.6091334886193795,1.627220704893917,,
20111226,7.514460870215672,5.343783785885376,1.394826739391562,,
20111227,7.177619113101224,5.166185046250741,1.2684442881327689,,
20111228,6.4694128654528695,5.016611984385956,1.1011241023417706,,
20111229,5.8076649962177616,4.891459397139579,0.6634458617326614,,
20111230,5.4607641712985195,5.114471721477481,0.7174936832136642,,
20120104,4.805476268669842,4.679400737341039,0.22829660440543775,,
20120105,4.2104810522123275,4.155344796112465,-0.2328310702404969,,
20120106,3.81825159897488,3.857965069177661,-0.30180518342970764,,
20120109,3.0542304107314133,3.264979437123722,-0.6948173744774799,,
20120110,2.0823675575994596,2.837835343873027,-0.48370576532579396,,
20120111,1.536844655906808,2.8800488285532753,0.08321829946887768,,
20120112,1.2840408871856643,3.0725661554056285,0.7389981240717397,,
20120113,1.1728010073070705,3.3326370794437543,1.2525607422385496,,
20120116,1.3683280440370866,3.987882547436644,2.3285884781529482,,
20120117,1.089162064381511,3.9934016016781992,2.76333749622399,,
20120118,0.8795135156218767,4.031290045720851,3.0945854092115823,,
20120119,0.20437741044750338,3.477354924666688,2.7825643217896885,,
20120120,-0.6226093031765435,2.4680386851840934,2.087119735365417,,
20120130,-1.633142373032176,1.036803393923459,1.107164145892621,,
20120131,-2.370381573373828,-0.2151384108318717,0.3592703592138035,,
20120201,-2.97112890717392,-1.1229873127088381,-0.18185520792111992,,
20120202,-3.3938373271251985,-1.9592231796015214,-0.7058175613365479,,
20120203,-4.071300727471621,-3.117675173433211,-1.4761327685730918,,
20120206,-4.451410832810893,-3.525991054471616,-1.6813416167410469,,
20120207,-4.747090228885527,-3.804649134309867,-1.7804017613154142,,
20120208,-5.11874451658406,-4.226280552319894,-1.991055013441333,,
20120209,-5.443457372937105,-4.65464126478876,-2.322859227774983,,
20120210,-5.327588694981404,-4.704063654626002,-2.2461275883780765,,
20120213,-5.54763793148769,-5.189701001995108,-2.538591255955489,,
20120214,-5.832472971107301,-5.534773319931118,-2.7853411970468005,,
20120215,-6.2902662741641695,-6.141280444065105,-3.3179693512391917,,
20120216,-6.6722581742263305,-6.4368160923169615,-3.7307020364011767,,
20120217,-7.247557673588379,-6.912259919726858,-4.426385246201429,,
20120220,-7.895484110310664,-7.6770774011299645,-5.4055063125390745,,
20120221,-8.460271398265277,-8.17401061896489,-6.150756789709963,,
20120222,-8.489638993348258,-8.396779963998142,-6.928089159437987,,
20120223,-8.64700375071377,-8.776518088579172,-7.743133762282707,,
20120224,-8.923692074268727,-8.936270252224936,-8.215876189358713,,
20120227,-9.174114921802317,-9.061108693108082,-8.540781688879308,,
20120228,-9.496947994288057,-9.203659744221605,-8.862639494621892,,
20120229,-9.884103865021082,-9.255196204257377,-9.017435979418694,,
20120301,-9.94672950050748,-8.951575436562674,-8.727466176734133,,
20120302,-9.717743223026236,-8.52251265167473,-8.272074808196754,,
20120305,-10.002035485476503,-8.320818131756141,-8.07112553074053,,
20120306,-10.200926691114796,-7.909753861038397,-7.630705553559605,,
20120307,-9.940862304117978,-7.223716246498268,-6.750312196641674,,
20120308,-9.645137597779492,-6.733353744806062,-6.247332226929646,,
20120309,-9.999268624337354,-6.801990484806153,-6.312942694684718,,
20120312,-10.168924587607663,-6.855704869170287,-6.261915556556963,,
20120313,-10.035091909865514,-6.893556042127283,-6.312224950938247,,
20120314,-10.149062046972686,-6.94495730184686,-6.2611372310990765,,
20120315,-10.561086187213034,-7.219231090439898,-6.42670000748804,,
20120316,-11.346992217727784,-7.75266387580659,-6.8878767059223085,,
20120319,-12.488263600019007,-8.660546540156467,-7.7351398338821475,,
20120320,-12.360058379720256,-8.688764562137901,-7.775828779633474,,
20120321,-12.41652246474694,-8.851651331286101,-7.960388141629403,,
20120322,-12.386393969113724,-8.75498354363566,-7.869460110462003,,
20120323,-12.263658264411124,-8.664795237483862,-7.881313863793569,,
20120326,-12.278075279572313,-8.796991280840714,-8.164799460841877,,
20120327,-12.57694663379824,-9.017152703825806,-8.462756266820717,,
20120328,-12.585254219615512,-9.045643140616145,-8.56042189575586,,
20120329,-12.503324374198744,-8.822611496811342,-8.379829456397555,,
20120330,-12.348775443863179,-8.361511144311358,-7.992905914763363,,
20120405,-11.83643414675072,-8.070739960877965,-7.821227592266646,,
20120406,-11.595660305050949,-8.097588378910338,-7.918412871685282,,
20120409,-11.257258729886567,-7.891834884300733,-7.808438835538298,,
20120410,-11.17646083033759,-7.880196941112581,-7.818431268099665,,
20120411,-10.993366480769566,-7.745641303944476,-7.810190080993294,,
20120412,-10.700389193599067,-7.496377264016721,-7.692406637064392,,
20120413,-10.522658806327929,-7.423567815536269,-7.717889044001461,,
20120416,-10.178740944124119,-7.090449002497476,-7.434574676865555,,
20120417,-10.05615934509112,-6.951616815006427,-7.304469688963585,,
20120418,-9.546113074216946,-6.634937315030412,-7.043899100389977,,
20120419,-9.126587907712961,-6.342448477072673,-6.712527842378491,,
20120420,-8.834682271272392,-6.073783422503359,-6.372574786157097,,
20120423,-8.833967821845121,-6.024672795243717,-6.2041981733225,,
20120424,-8.631278368081565,-5.8317686705699625,-5.871682773695573,,
20120425,-8.594234177592822,-5.84110718422557,-5.60554647762654,,
20120426,-8.25531352848073,-5.761423871873809,-5.373974957188982,,
20120427,-7.940363533776664,-5.615742515491155,-5.088219439194342,,
20120502,-7.721331617497049,-5.374382316364192,-4.81723743508032,,
20120503,-7.481588173297928,-5.1775677071356245,-4.619690092967247,,
20120504,-7.245118951353239,-4.9575817810798775,-4.396836428592134,,
20120507,-7.040729800884931,-4.7579807531045715,-4.147945529925041,,
20120508,-6.790897565447585,-4.916443739405945,-4.22978789768583,,
20120509,-6.32762865063664,-5.1210085432611026,-4.439254075413427,,
20120510,-6.196064954820607,-5.3159647826934915,-4.600274455444666,,
20120511,-5.523797035214281,-4.322855252895435,-3.4304774638889795,,
20120514,-4.431155187752381,-3.2090855454483953,-2.2186679970730636,,
20120515,-3.557559677843519,-2.071284617780172,-0.9151781199916196,,
20120516,-2.498928205087029,-0.7750672718356996,0.3957137363800617,,
20120517,-1.9344203337563444,0.10861084219070648,1.4277654907278878,,
20120518,-1.411716096579293,1.0861020109702344,2.593948138262556,,
20120521,-1.0505887790199198,1.69035937048794,3.297964303207038,,
20120522,-0.8841797641297872,1.926490798650683,3.6162840751047973,,
20120523,-0.4909999449044278,2.4655298641256325,4.176302195296938,,
20120524,-0.2938977456968076,2.8203728415653138,4.551828799341975,,
20120525,0.16787024684691104,3.38552800859221,5.054622633243787,,
20120528,0.49136733374203795,3.7893654160506336,5.481054714970135,,
20120529,0.6730272426269556,4.048588714155058,5.724306887447874,,
20120530,0.8895246070888256,4.332617645767575,6.001493429441603,,
20120531,1.0703830587667327,4.588583402843058,6.284209980134351,,
20120601,1.2884895906577052,4.813916372529358,6.5502879117368495,,
20120604,2.14872451930619,5.802020760068401,7.452933903996169,,
20120605,2.6056040783129273,6.615068789740993,8.133515788675407,,
20120606,2.804574109163458,7.103139648115681,8.587608151941856,,
20120607,2.879835837015045,7.524008578250341,9.028147350557136,,
20120608,2.7017161074613205,7.668165349912287,9.388143997076291,,
20120611,2.269980388176089,7.535194848422887,9.317482685755706,,
20120612,2.0596402167622574,7.567671269061985,9.421371959815408,,
20120613,1.8688783791473513,7.523973516514025,9.429091584064976,,
20120614,2.0900191686629173,7.741610622633345,9.625518415600137,,
20120615,1.9283609240572608,7.900391455959713,9.822197162545566,,
20120618,1.8060722650319265,7.865577441762338,9.850979810960101,,
20120619,1.3227931976222034,7.642481538754866,9.702164768461802,,
20120620,0.8324931615443872,7.28304984755736,9.300286725613804,,
20120621,0.31230538284651427,6.984990694995009,8.938157210879444,,
20120625,-0.363857600213683,6.63403263239704,8.504231699694104,,
20120626,-1.0846179196358148,6.406830907045142,8.202431762046976,,
20120627,-1.495145242614379,6.244199728685811,7.952429969998593,,
20120628,-1.6428737693084325,6.03506716515409,7.7686626737948785,,
20120629,-2.0266325550177613,5.561388061852237,7.297286969615998,,
20120702,-2.1445661889694385,5.063635495170798,6.915916150189595,,
20120703,-2.6038278856336263,4.358613624497769,6.436038097517351,,
20120704,-3.350887430753301,3.861133643627792,6.100389458663858,,
20120705,-4.54800183328451,3.290352849751629,5.734850405446269,,
20120706,-5.324638551924323,2.9859449536087515,5.603833535244414,,
20120709,-6.460745806004972,2.1151251109016918,4.934925663205512,,
20120710,-7.979795465970413,1.2022761626404115,4.312132129816729,,
20120711,-8.98746007027178,0.5049338944607368,3.8273692771018757,,
20120712,-9.788264582851586,0.027948885226758563,3.4615079040127363,,
20120713,-10.533281280031686,-0.3816466433496728,3.208531293585015,,
20120716,-11.521070509763636,-1.3869750495473585,2.180292900493298,0.0,
20120717,-11.960967507483524,-1.8860403515317885,1.7399774753092947,0.0,
20120718,-12.715798301103726,-2.107442217842723,1.618651782487682,0.0,
20120719,-13.847617083908784,-2.8887307474953605,1.1382031916637054,0.0,
20120720,-14.798329100808669,-3.526035742647428,0.7124176528367036,0.0,
20120723,-15.46612167979824,-3.595194504810008,0.7998779558592801,0.0,
20120724,-14.69953535480047,-3.037044397098197,1.3017726165716406,0.0,
20120725,-13.761900646782468,-2.4358937107998524,1.8541533143148634,0.0,
20120726,-13.210084170168926,-2.065306869645645,2.1128773451670337,0.0,
20120727,-12.881249986239965,-1.9595546090033138,2.0727021742713405,0.0,
20120730,-13.015574280654434,-2.217657927213005,1.6976398654915978,0.0,
20120731,-13.426444590665685,-2.750703013858582,0.9419717285528092,0.0,
20120801,-13.438101518166047,-3.122820278754293,0.4921031753124268,0.0,
20120802,-13.276707838326871,-3.202756387371748,0.35483790024276984,0.0,
20120803,-12.951326139023502,-3.1443788452842836,0.3488616451403332,0.0,
20120806,-12.583579138801666,-3.1388288803603213,0.22896905294946673,0.0,
20120807,-12.116611339380137,-2.986623842887603,0.37659314902200197,0.0,
20120808,-11.48291999643467,-2.8081432399240076,0.502541710627149,0.0,
20120809,-11.168804607417291,-3.0022859426278945,0.3544686111750517,0.0,
20120810,-11.329400425133372,-3.409069485319235,0.0655835927702923,0.0,
20120813,-11.240903123172867,-3.942182447999166,-0.12471782757042803,0.0,
20120814,-11.186668357346726,-4.106037933941609,0.014509355447209962,0.0,
20120815,-10.963771918339015,-4.066299119860647,0.25406494654759815,0.0,
20120816,-10.469323925343373,-3.6169476938570813,0.8287220885560549,0.0,
20120817,-10.129675865208167,-3.450125420913968,0.965428960442701,0.0,
20120820,-9.737307279062348,-3.2518033759027714,1.2899375237718032,0.0,
20120821,-10.003395415795175,-3.5136170819494876,1.546790233872356,0.0,
20120822,-10.503633795507714,-4.1156296539776,1.165153125766368,0.0,
20120823,-11.039336512247587,-4.677590118589817,0.6197337667279408,0.0,
20120824,-11.53747249261994,-5.17081486422595,0.1020499739480702,0.0,
20120827,-12.414256238405759,-5.59119339212881,-0.359631838374345,0.0,
20120828,-12.934607184284806,-5.209065471521834,-0.2898739088376873,0.0,
20120829,-13.301654228402253,-4.827885837158682,-0.12891464255846516,0.0,
20120830,-13.266985506034779,-4.6441797480595195,-0.04710610919507334,0.0,
20120831,-13.19563236054215,-4.256499197199725,0.2685475082310768,0.0,
20120903,-12.953484615986733,-4.135269803133517,0.3689308354133781,0.0,
20120904,-12.87395359338915,-4.258759275273912,0.22041361272184318,0.0,
20120905,-12.839591940987827,-4.304237645937701,0.04955813210626278,0.0,
20120906,-12.585028010178826,-4.471080180407485,-0.10659221925851678,0.0,
20120907,-11.870749901490594,-4.370857361938054,0.04087514433423874,0.0,
20120910,-11.009494807483721,-3.901757021413809,0.4909446920053112,0.0,
20120911,-10.157298076470003,-3.49031593885092,0.8501881073586101,0.0,
20120912,-9.385776000550772,-3.3547790925639367,0.8889415831876399,0.0,
20120913,-8.643426868287229,-3.18327215689106,0.9280538277652355,0.0,
20120914,-7.946211619848,-3.2874366799590384,0.8266266481866882,0.0,
20120917,-6.849769618125938,-3.238805155409693,0.6292329091186478,0.0,
20120918,-6.282496140171753,-3.303828386129427,0.4487790241651884,0.0,
20120919,-6.108072255599341,-3.5763735659614087,0.07584577287810847,0.0,
20120920,-5.805663305122632,-3.7361356787523796,-0.06621386692152567,0.0,
20120921,-5.409365058224748,-3.5981620849290343,0.25589214574953706,0.0,
20120924,-4.5296105057412115,-2.9053475269484763,1.0846599932854837,0.0,
20120925,-3.6966537972600593,-2.3710424694245114,1.925846052689653,0.0,
20120926,-3.0082399889515314,-1.6173508952081277,2.6676929355884287,0.0,
20120927,-2.5202886291758997,-0.9060045636395228,3.288668843754332,0.0,
20120928,-2.252529120908054,-0.4237628656744016,3.7152513292363794,0.0,
20121008,-1.8744963790152653,0.4138241459807516,4.568166488774973,0.0,
20121009,-1.4815835440308036,0.9678130052559499,4.968551310128175,0.0,
20121010,-1.2122047178433846,1.284984180636371,5.181549515824609,0.0,
20121011,-0.9138575142850149,1.7798222660787575,5.52573861714195,1.7383913949947163,
20121012,-0.26948692126261087,2.26027092563078,5.814507979145263,1.7383913949947163,
20121015,0.3997634240967352,2.8653947295797915,6.144217603160913,2.576977543012101,
20121016,0.848660258271947,2.955014973993533,6.1717702788311675,2.340333755875022,
20121017,1.4121673556887497,3.0644935143845515,6.29325003678713,2.242907367309881,
20121018,1.5389534119379766,3.0265724462903436,6.305977034972872,2.08956919248103,
20121019,1.6316753429880517,3.064813532465479,6.441854100708081,1.9842632907816142,
20121022,1.80457337417586,3.081628509805962,6.4899432065997065,1.9087951890033608,
20121023,2.672729027977084,3.375034487679081,6.62800732049957,1.8622624053581929,
20121024,3.2889777921528953,3.7578137712065653,6.849895200404881,2.0019530371497556,
20121025,3.845322123596512,4.149658185747529,7.200608118477044,2.054857302183392,
20121026,4.453430398261645,4.817281802535431,7.848021536238432,2.289626599781114,
20121029,5.275637759972695,5.764519557139361,8.775227608125796,2.54771089231676,
20121030,5.86478301308386,6.310702722121336,9.48371954001841,2.7521862859910065,
20121031,6.427731278403833,6.695282691318856,9.944163953211579,2.915201172796079,
20121101,6.5416891789467675,7.160171404772014,10.355722997217535,3.174804810969381,
20121102,6.673057616761561,7.5443412074271325,10.651665868068342,3.5466762419695006,
20121105,7.326899151206991,8.527148424874978,11.931677118250242,3.888392535023433,
20121106,7.852774340580657,9.343254607040691,13.206511065269268,4.273015042691103,
20121107,8.328265805061353,9.89243326611761,14.127773354727962,4.431443430942439,
20121108,8.491361095876245,10.217360967619634,14.770256158114202,4.616955543999028,
20121109,8.71307972435891,10.58140208550543,15.334249522994298,4.957795408602522,
20121112,9.225773721360895,11.020294008381878,15.903885070348077,5.483081143702101,
20121113,9.611519761642699,11.40895779186632,15.982318452269494,6.214597221680856,
20121114,9.841826968678964,11.641052850762334,15.73578088765068,6.4134839456312935,
20121115,10.30647928353694,11.99148695172068,15.61672480386675,6.310329290620507,
20121116,10.807229814731262,12.564933722788684,15.796514448940407,6.479769755855844,
20121119,10.640388482241207,12.568392142638038,15.421265102320685,6.407840217237842,
20121120,10.447596024022284,12.262559834802426,14.891779489946357,6.349075326818405,
20121121,10.222765386844694,12.033479777736488,14.59029949781508,6.517366084192548,
20121122,10.039676161335555,11.813805515705754,14.327263365796448,6.82568117886531,
20121123,9.603221478701277,11.492604552468288,13.940983251647468,6.889989986761435,
20121126,9.198053025895854,10.788139521625206,13.025574170487282,7.049224985438386,
20121127,8.931268423425797,10.297561238095195,12.143593748739077,7.1707619439030985,
20121128,8.494634988768292,9.64559438724841,11.485681331733238,8.018972227046174,
20121129,8.24519022508494,8.916785497179314,10.808208566543573,8.738906609679892,
20121130,8.173975772480949,8.5406696216648,10.33618590757543,9.368527882590495,
20121203,7.5358905424865394,7.753814391373177,9.167768093606295,9.666399912549588,
20121204,7.114895985586431,7.407225427778753,8.670857458763985,10.094027464943162,
20121205,6.481854168526556,7.065814297205359,8.177182570285984,8.806411623801784,
20121206,5.773244167480258,6.7365398718444975,7.808445068059364,7.768259213917516,
20121207,4.831282173145801,6.2647224345722,7.210043631430356,6.908928068764988,
20121210,3.776045552312368,6.403834897755478,6.663792113100609,6.088718443577262,
20121211,2.847595404300913,7.350234777380973,6.732921334570023,5.65531239280256,
20121212,2.1934898989607334,8.034181722275102,6.975609352777182,5.406999873119974,
20121213,1.921507433097631,8.877710443962242,7.306116641826603,5.304535221298603,
20121214,1.4263071742909188,9.006058420512419,7.315634648311037,5.157606290341377,
20121217,1.0108819054349494,9.137641272151471,7.40689890034957,4.956232742479051,
20121218,0.436064325274373,8.954780120573888,7.484028885687981,4.993243252186004,
20121219,0.5263114126622638,9.131632301953534,7.9530014582613235,4.85082990697824,
20121220,0.7943183966808323,9.247636606624623,8.163612758084298,4.806835480357814,
20121221,1.1033048746315672,8.853039482041456,7.494658313960011,4.5326059594752435,
20121224,1.1037766055877005,8.35020531235176,6.805934579768332,4.295132511148281,
20121225,1.2734285655061806,7.997122942688521,6.013743473345957,4.043115878721096,
20121226,1.4447593124082878,7.940337642096622,5.4782932709108705,3.8895043979113018,
20121227,1.73691650749059,7.815169479439152,4.642306107025283,3.189634597476182,
20121228,1.9590927098826554,7.059878446106087,3.7927808879376217,2.8604326298569673,0.0
20121231,2.251843006947222,6.024107268659413,2.7069022106078338,2.7567554060008446,0.0
20130104,2.705886940725187,4.913364412712408,1.6952331871655237,1.851746801074686,-0.0
20130107,2.7415768728345666,4.210075816715466,1.0995020574859657,1.5648799003932077,-0.0
20130108,2.6869234477978794,3.670305908648958,0.7597249129513202,1.4000873117535095,-0.0
20130109,2.5750933208437994,3.0384272683111266,0.3799722987093711,1.047827201923439,-0.0
20130110,1.8666225470931865,1.9288159496070207,-0.12203453851511387,0.26152468654881744,-0.0
20130111,1.06985587325091,1.354968420533972,-0.07529819607803565,-0.7154346980714605,-0.0
20130114,0.20370767015690477,0.8920790711793096,0.06383223238568905,-1.4604267949053629,-0.0
20130115,-0.8936680102020861,0.26878606629497476,0.11231075388027155,-1.834559657511873,-0.0
20130116,-2.05870399650585,-0.5404702309441469,-0.18456611156055105,-2.5059876601122406,-0.0
20130117,-2.7075739088806423,-0.9477032528705817,0.00174343163046425,-2.7985863716708663,-0.0
20130118,-3.3955355082797904,-1.27972438938187,0.026775914117457573,-3.131998461752702,-0.0
20130121,-3.7872853227507646,-1.5399892837869402,0.09820280154782952,-3.3404962123075626,-0.0
20130122,-4.377924790654393,-1.847050814991375,-0.04017816464865042,-3.661398326576486,-0.0
20130123,-4.635865444995491,-2.0594735698435693,-0.2065475830572398,-3.6634844566205294,-0.0
20130124,-4.49709526311414,-1.5656854029754805,0.07532156983023126,-3.4372479087283914,-0.0
20130125,-4.450929274492893,-1.3830552035454724,0.27654648546812227,-3.3094917165419933,-0.0
20130128,-4.44589972619579,-1.239121550170889,0.26763053530211717,-3.2057022148230394,-0.0
20130129,-4.425050768480392,-0.9169202078882578,0.34443843893431625,-3.1362099251020474,-0.0
20130130,-4.788842441984445,-0.7868800023553355,0.28181326821898595,-3.3089777169107557,-0.0
20130131,-5.015702855619367,-0.6550740549214931,0.2416356608387548,-3.258913859386803,-0.0
20130201,-5.353144498300123,-0.6659425394680094,-0.005791527863533616,-3.2932935652303073,-0.0
20130204,-5.374803686197895,-0.7071954234778326,-0.059497235208087126,-3.1960025773370933,-0.0
20130205,-5.184366795895593,-0.4386514240143275,-0.08779335682219722,-2.719937795484791,-0.0
20130206,-4.903839745476137,-0.07198099095213302,0.04874142444869125,-2.2743333862136854,-0.0
20130207,-4.723666997269691,0.29732216695540686,0.3147035930411937,-1.879200556797004,-0.0
20130208,-4.551814321260491,0.7239003667378299,0.38073559846993477,-1.3990544301020453,-0.0
20130218,-4.064969225203393,0.9123238697278968,0.11322597084173325,-1.2615413299661027,-0.0
20130219,-3.763068821511503,0.8379875344433794,-0.2536856884461663,-1.320816588587225,-0.0
20130220,-3.3924849221433813,1.0138171144995296,-0.21998360734348038,-0.7686626986772565,-0.0
20130221,-2.929004934570055,1.6232298233333238,0.3258563312457425,-0.06276413200079847,-0.0
20130222,-3.107293749418898,1.9176942823832157,0.55297898359555,0.07444259072772225,-0.0
20130225,-2.9905488875306747,2.4293339515364445,1.1744198184638335,0.7329304594114618,-0.0
20130226,-2.9554902337930247,2.778531040340288,1.7940695662359079,1.414361154079371,-0.0
20130227,-3.047838332754618,3.1257582238200294,2.4925260681617334,1.8406115039764719,-0.0
20130228,-3.215075993535669,3.5113748643698366,3.2658257110787217,2.285366738897254,-0.0
20130301,-3.6453716290632405,3.8862199892873823,3.9887091172685554,2.8289692806708584,-0.0
20130304,-3.8401233792692273,3.9507491658052243,4.493411788968551,3.242367602188987,-0.0
20130305,-4.037488903889833,4.139059437381717,5.294881554501804,3.891061341034193,-0.0
20130306,-4.308382179904645,4.268257076595745,5.855635792398883,3.958948212906674,-1.3665439434529891
20130307,-4.8259295161469495,4.522816152711214,6.400473270917785,3.9103174780788366,-2.8916510226870327
20130308,-5.466970564273817,4.88065307615331,6.927936245402703,3.765811406759991,-3.9217363560273926
20130311,-5.728296222820412,5.253697454300778,7.3231781245853576,3.3072382780496135,-3.7684399392419334
20130312,-5.6157905327597835,5.60433865687657,7.530187120949317,2.9562137683353007,-3.294756156647646
20130313,-5.611107618892369,5.976217458097454,7.853733722423203,2.813661140972276,-3.0520960761533935
20130314,-5.283702013561582,6.277538454302322,8.117995122821329,3.2157300478757502,-3.0195763337851718
20130315,-5.126894284303612,6.036565011055293,7.852458198111802,3.216414186633219,-2.7529599340241493
20130318,-4.236162434364469,6.0673670712535985,7.9023590561220916,3.568468550189169,-2.2048671103158974
20130319,-3.5129862429602543,6.097969131174259,7.883959602090437,3.7514605874106035,-1.570249505782982
20130320,-2.95149934282687,6.238258700520352,7.93376605831936,3.9094975069055846,-0.9276349607113813
20130321,-2.6577640892242127,6.252044998222556,7.693402812268841,4.02914575801976,-0.6590536750077903
20130322,-2.4569193616550957,6.504400230537563,7.630036180194847,4.2673931782072,-0.20649920981578054
20130325,-2.221212485005858,7.1208924149728015,7.877141280265028,4.461711420484501,0.3031625687683271
20130326,-1.9306627892459582,7.780628425907244,8.386841691620035,4.593571185391626,0.7533053766744774
20130327,-1.74722641591716,8.121345516081133,8.650891129258007,4.588275704797893,0.9865128834909331
20130328,-1.9480821995467261,8.216725245166238,8.883708686021844,4.29658955160032,0.8064585460654786
20130329,-1.6805951441685454,8.575123110311107,9.187021612288207,4.340132974599322,0.9489846966637289
20130401,-1.0595797968692628,9.148353539276869,9.640166018832948,4.564430806149508,1.4840904172716833
20130402,-0.6377083705470687,9.263826606148424,9.574185985709734,4.826173074800152,1.7962710755688145
20130403,0.3565168791684881,9.515312893163566,9.655786629284446,5.265598292062525,2.2345691947767055
20130408,1.3646710744930084,9.736975441404143,9.68882606648479,5.691783874215203,2.4544240784382354
20130409,2.2619999044635626,10.008590904275176,9.684377357397985,6.2088965501246,2.5377892966526474
20130410,2.7746840937223713,10.302954751446464,9.485104571450323,6.6439857387338535,2.797510787715614
20130411,3.3676495914009372,10.555305324366271,9.430958395488704,6.943226582425934,3.2666359439427017
20130412,3.674064816202851,10.85583342057389,9.45358550455758,7.2213577075832145,3.1941549829395286
20130415,4.0487307175463,11.132762014288309,9.615436557375906,7.735214362868827,2.972001930247182
20130416,4.488588436179277,11.534251252611844,9.827911265395208,8.343663994031262,2.8286867124848842
20130417,4.364152943920694,11.807634036282257,10.063982950170335,8.236153325149488,2.8438288094879405
20130418,4.196982674525983,12.376876883313765,10.468848643580614,8.482929745024261,3.3740048472142186
20130419,4.365709895449713,12.794569085505358,10.72096698049243,8.327163902441688,3.9241938379317434
20130422,4.763085198009293,13.014608942803699,10.94141863847524,8.15024983485066,4.665292919815742
20130423,5.5329212347985495,13.32906303529641,11.007412041102219,7.164905973911178,5.393432271944815
20130424,5.891956816750334,13.267102736259854,10.721753032884687,5.788484059262473,5.67170237544966
20130425,5.696238065141678,13.004084067648984,10.237670709467157,4.165642724265375,5.9107068823697615
20130426,5.507611244031605,12.91207352098803,9.991060772409408,2.97798453245769,6.210929612124616
20130502,5.176857114060393,12.986837272960187,9.828602246637995,2.2825757614647886,6.273685854144218
20130503,5.231251319936824,12.673904658628217,9.533499894962139,1.496983435083744,6.645107862518463
20130506,5.11562873739434,12.262118040984403,9.260840816191715,0.6114449898904518,6.873982650681739
20130507,5.336445858621976,12.001478528442071,9.139717853574226,0.16764904084218965,7.277655274286351
20130508,5.2462608135686795,11.694006255414566,8.818286783396719,-0.35918336101688714,7.272518676636471
20130509,5.191550123928467,11.419337933700234,8.551393838368341,-0.7958935526607795,7.340264609044704
20130510,5.1572956166134265,10.782820819266533,7.98888502251989,-0.8517888555516774,7.328103477106036
20130513,5.142420438482184,10.15678862533508,7.472956491535465,-0.8573272436118249,6.994397753131709
20130514,4.627424457489194,9.577210091595928,6.963036796430738,-0.9955459662516819,6.300507661580767
20130515,4.304904146657454,9.130316445170717,6.481784853231667,-1.0165912107957324,5.785440900834041
20130516,3.6606540968235834,8.602706369420263,5.77607821009846,-1.3970941472768947,5.498307067747563
20130517,3.0289186091517637,8.216395800143584,5.31821876908984,-1.6243272771421242,5.169214263139556
20130520,1.888136297562496,7.769818850497027,4.837963096773965,-1.968919309645346,4.6217980237118415
20130521,0.901910484481108,7.5785967826769465,4.555227171863037,-2.195674229568636,4.08510591292544
20130522,0.3393327540271152,7.210181884039782,4.226573580374009,-2.451503585310354,3.6484465807027617
20130523,-0.12625214957877598,7.263823897711645,4.283402685294416,-2.584917554311026,3.655640676479722
20130524,-0.5185289701950179,7.0410523081524605,4.112296402195483,-2.996991612843833,3.4496628847152353
20130527,-0.8594316726231548,6.967808744134722,4.031850926546763,-3.0392220737343982,3.05124124554848
20130528,-1.0912174993229193,6.895996847327508,3.7650681829990944,-3.059864860624882,2.865290024665745
20130529,-1.5365692305511982,6.862519168881251,3.592823284216623,-3.002293849606649,2.0353550725514435
20130530,-2.058204865251762,6.830573875315146,3.3280683745221236,-2.9990450934816697,0.8129643697738249
20130531,-3.0766312389818964,6.6229308811470435,3.0012808095417793,-3.1446158963458863,-0.7324211283955588
20130603,-4.455035828075011,6.11164841321517,2.2611383461440187,-2.4984465229300206,-2.7667827797324844
20130604,-4.989082434487459,6.045957074191988,2.1718193847647917,-1.42658474640996,-4.142601408297019
20130605,-6.138199198575221,5.977513040534023,2.1093735618455636,-0.1487365566860667,-5.593318695251366
20130606,-6.8366503605361935,6.056906226030654,2.022220683525161,0.9166846240216631,-6.078168108132078
20130607,-7.439835428777575,6.06034710542657,1.5777024740687116,1.8959334472203087,-6.29340639529107
20130613,-7.779457444340304,6.326899372180776,1.5655457601483171,2.778389948446403,-5.94139566605824
20130614,-8.42424013657487,6.29412218164362,1.4501783791888612,3.445544821154916,-5.900366125708488
20130617,-8.48740153714599,6.325687636273107,1.3690896149488099,3.965290491119519,-5.7288402128177225
20130618,-8.737989894231402,5.776866802097656,0.8319465584122876,4.240862973355089,-5.465621916983703
20130619,-8.860052461159556,5.340088970088281,0.43224820242137457,4.363996626465617,-5.057854070460583
20130620,-8.823272625782623,4.884228548448234,0.1157606161006451,4.61405399632193,-4.821718616036059
20130621,-7.97619307250192,4.701065954974664,0.29511579115591496,4.909280035331863,-4.1743445515529904
20130624,-7.190477343492407,4.9476366261693565,0.6953520835714935,5.435702461661272,-3.5351996458767987
20130625,-6.989964114832659,4.398788227428047,0.6481002656437003,5.756189618491572,-3.2327647086278137
20130626,-6.702360312828059,4.228534671849296,0.864214733140888,6.4204783111161605,-3.0984353775239533
20130627,-6.858384245891209,3.9050633904070384,0.9638585847891121,7.276292894018646,-3.391716926525851
20130628,-6.625512853272865,3.6571158215374626,1.1112270924820542,8.330711314867205,-3.48549449751742
20130701,-6.142383378422476,3.1739906080441553,1.0027672733677921,9.174404692227522,-3.414029956300984
20130702,-5.661295060734376,2.500188540923993,0.6666060390657735,9.228122042725245,-3.561481906193838
20130703,-5.520327265748993,2.2930532076523042,0.5358691123458243,9.364948072184502,-3.866135475032897
20130704,-5.445439759018803,2.345313195691225,0.48584614521846453,9.647368789467755,-3.972276987736832
20130705,-5.635601273955295,2.465304042483992,0.43170604200328905,10.012219435208324,-4.09364153729045
20130708,-5.202566396990574,2.8970762217363255,0.6795135748616993,10.953649056445931,-3.929067501811647
20130709,-5.210361375974458,3.026700260209582,0.7892151467449772,11.69617797625487,-4.148985317681657
20130710,-5.166014019894108,3.598299438019032,1.3896147229897409,12.361566338367954,-4.32435248594897
20130711,-5.4274286046878775,3.718027406306503,1.7106493523097979,12.769876339205826,-4.709058378094
20130712,-5.411598333585014,4.027535511863596,2.2491792633222176,13.237744308541417,-4.979843413412096
20130715,-5.357112433120642,4.118718318058031,2.663265263080423,13.659944028692315,-5.000370962979094
20130716,-5.478708540703953,4.3111824087978095,3.235917129345605,14.211653220648898,-5.189953759339957
20130717,-5.435051330535441,4.562096169766353,3.8424557033962294,14.761220012231627,-5.217027461934239
20130718,-5.407832660917643,4.6548494323332035,4.1764190109922925,15.097168074868089,-5.295598624768573
20130719,-5.208723647262339,4.882255187030221,4.7943953228107485,15.523621623785226,-5.32896009447786
20130722,-4.968244647502865,5.286270658481958,5.422195565358287,16.015093758289126,-5.2617044748803155
20130723,-5.054127774317734,5.231711892380981,5.713018201721634,16.25615480957637,-5.631551173084343
20130724,-4.937655789375545,5.65902113880381,6.32522164515848,16.596740704092536,-5.975170202139929
20130725,-4.763913844572686,6.174142903054997,7.014876910962663,17.72598397453397,-5.931176433498783
20130726,-4.030711117182953,6.744170096382944,7.836541448876444,18.125609762842316,-5.20868032189238
20130729,-3.192944880999171,7.421092084382381,8.745533558765784,18.413483133717268,-4.320980047573672
20130730,-2.468040709193537,7.870580667744031,9.367939249395548,19.127413347911933,-3.535347311649837
20130731,-1.7536370767952814,8.028811810558409,9.524750572341599,19.537731754527325,-2.788515833862817
20130801,-0.920119881612448,8.327376421070472,9.852095091931178,19.617278086059834,-1.966289031238558
20130802,-0.3662587845538592,8.227778735445524,9.524673709823592,19.104684897704896,-1.458741217832019
20130805,0.25430799080482874,8.271204337718505,9.365269541327548,18.17769096078855,-0.762649000422028
20130806,0.6101898709943441,8.287843689049062,9.47431078736888,17.405164898610916,-0.35006061946324546
20130807,1.0456393501843224,8.721500073946356,10.129122780578138,16.82493393186406,0.14985614231645333
20130808,1.1647471078474543,8.928015087107745,10.560508658597964,16.169928036455623,0.11516565077983058
20130809,1.235294062351814,9.017077485091065,10.770480549804963,15.332791231822837,0.2921013918188203
20130812,1.0496643170552276,9.080881805634236,11.157250828233023,14.407979463702322,0.4318296142690541
20130813,0.5799015672569281,8.552597349200179,10.755589552993255,13.233495110298056,0.13532644946922276
20130814,0.2227690516582417,8.236154178293555,10.470372679310348,12.411370105836498,-0.16822576673320844
20130815,-0.26035412925539164,7.889797148984327,10.078010698166256,11.585745976879727,-0.7578675176318335
20130816,-1.1839660437988082,7.120166924701272,9.155205576688646,10.76214475705405,-1.6346576520460878
20130819,-2.2219445753862685,6.156749560006537,8.164830058838163,9.859582455679934,-2.6671349134743574
20130820,-3.007337611685539,5.7165007522156115,7.556202288362035,9.291327071828702,-3.2913575501472656
20130821,-3.7361006510160912,5.151777293002338,6.983363471763415,8.773210386707317,-3.8743874212240232
20130822,-4.351783574636324,4.711263528938087,6.440853460438717,8.140460467420935,-4.416122265754191
20130823,-5.4335666918202055,4.450456492812557,6.071280209043751,7.718579360531829,-5.520942749167468
20130826,-6.733195853005932,3.680300786474794,5.315599596791216,6.6770157851599,-6.847584241790373
20130827,-7.944990497539118,2.913145510982189,4.509146666391044,6.146721455380262,-7.836028631607072
20130828,-8.605587433088441,2.3642431112922875,4.038553467208529,5.791523528708701,-7.985300868945127
20130829,-8.993909382911845,2.1594078787542292,3.962693133793142,5.615638747766637,-7.911633475392286
20130830,-8.870115599977023,2.030826773596235,3.9233490220433156,5.466136857390827,-7.63088657575457
20130902,-9.275517804954202,1.570959982894672,3.613240740308511,5.2095353559565245,-7.840011639816398
20130903,-9.142734251995993,1.2564837101948074,3.454278522671026,4.985785687323946,-7.622658890241051
20130904,-8.836137901947845,1.2079089144843165,3.444111943155557,4.970615338546856,-7.272111974770285
20130905,-8.414367004060354,1.2899555299409637,3.5604216644870115,5.051966732742138,-6.7103200864817
20130906,-8.288265530336382,1.005498417837384,3.2546076154149937,4.920796883757848,-6.425283608385211
20130909,-8.205867566390864,0.5722394846697998,2.6628607762486305,4.758845789781733,-6.015467567207918
20130910,-7.793156931896329,0.4942288781142066,2.4843908060596207,4.754805259221532,-5.377569282445352
20130911,-7.619692028629183,0.41185670345503095,2.2333421847956587,4.6424718065358075,-5.022682068979198
20130912,-7.379603362729885,0.4711554319061344,2.1403653074160984,4.6654533584735685,-4.682426838734993
20130913,-7.58736030717567,0.4309970900463637,2.0325072576400607,4.506783938468143,-4.580904683659625
20130916,-7.423659866813666,0.7041560710946779,2.153718586803798,4.534780471009762,-4.220057082710684
20130917,-7.018309315562713,0.9641019083435325,2.259092917703279,4.57718207771158,-3.77682275482813
20130918,-6.791904113997181,1.109518214674436,2.2466855739393474,4.537148271600558,-3.4766963338615255
20130923,-6.547769060940496,1.1021418455101895,2.1848264789510106,4.379522737311351,-3.347637020062385
20130924,-6.854764499198528,0.7155229776002734,1.6899159919641076,3.619877475424057,-3.823718011173235
20130925,-7.358560544992206,0.40248686952312046,1.2529051206365278,3.4646397804676803,-4.451152913049531
20130926,-8.034582218503573,0.15281565898790497,0.8576375424049532,3.482466779918998,-5.059528902707222
20130927,-8.762327257558347,0.2534162146781406,0.8489336361472059,3.91572061262959,-5.871634682903038
20130930,-9.350148096259133,0.3534386448249261,0.7944124885463878,4.125404979086462,-6.513511120645964
20131008,-10.240981850814002,0.3838227422170199,0.6685300188945977,4.442792392664973,-7.185617901037095
20131009,-11.289107736751504,0.12747652095135165,0.2714157802950313,4.5191259891303055,-7.805204681913816
20131010,-11.819509684921643,-0.15556535278798697,-0.37819081096401574,4.378107586046486,-8.015503663397858
20131011,-12.08216017925659,-0.6980160670905527,-1.2697364762243655,3.6214742830780895,-8.270370827761461
20131014,-12.040864712432342,-1.0710607145567157,-2.1652083658540207,3.1115590326319333,-8.338647916262378
20131015,-11.940301596739255,-1.4733751473592256,-2.8329015843053433,2.808485174604124,-7.93833015663665
20131016,-11.751367749947297,-1.711385371770876,-3.1421928803589765,2.748523780982281,-7.498968978499801
20131017,-11.117030109698844,-1.597019617849663,-3.2433880149501597,3.051364833815727,-6.8053053269492505
20131018,-10.8728311330037,-1.7707707205179903,-3.6886087418312195,2.923805993185886,-6.227683113983977
20131021,-10.330816827149201,-2.027989969267685,-4.281509213689181,2.8749148299657774,-5.5241465641711125
20131022,-9.783603096468736,-1.731764793467212,-4.35564484866865,3.246633160738841,-4.776776681024014
20131023,-9.452903932016719,-1.4807178299926138,-4.624142214580201,3.6057223736956567,-4.157194310041262
20131024,-9.221349184794207,-1.6062784093415472,-5.083168376504357,3.61860217686671,-3.517876315533788
20131025,-8.811882715676166,-1.4733000077823926,-5.325250425640675,3.6603532419742266,-2.606202425365715
20131028,-8.124506217632604,-1.4596409403077972,-5.553934555611953,3.5988838737474413,-1.7374715956902338
20131029,-7.696195657238284,-1.2305317822675887,-5.757291434419687,3.6698906417476564,-1.1836242686705782
20131030,-6.290100798466222,-0.6724399902540169,-5.661349816508786,4.0400306223459586,-0.08514158145168246
20131031,-4.346208724906116,-0.07183909088698041,-5.253667443355882,4.218906746958359,0.9838634264830638
20131101,-2.815983288197525,-0.06747219187609589,-5.439378676761189,3.7852133951188804,1.5766799806724816
20131104,-1.6938253252235516,-0.46082893989527535,-5.779785116998593,3.0122673452533557,1.433307372298951
20131105,-1.2361470590971808,-0.7531713038979325,-6.144643961496317,2.4615560700187165,1.1447027375254455
20131106,-0.03095821119139268,-0.47728469378636296,-6.0876212187672,2.4209924381925094,1.1404467155918117
20131107,0.9518765390558597,-0.23939129957051697,-6.108871958485249,2.462157742285975,1.401603283904826
20131108,1.5283215203472729,-0.20821610712112038,-6.144284949478196,2.3513330102460444,1.566957418350931
20131111,1.2273726824587028,-0.0973836755021629,-6.0896162635013615,2.269760751324496,1.4249934435833795
20131112,1.4245629211586939,0.16588291537529717,-5.915811613030866,2.017647255342581,1.448395973836064
20131113,1.3103751655264875,0.29298078211336,-6.019219541499271,1.7569834036918042,1.1865871476353052
20131114,0.9363745001568512,-0.10860689514361004,-6.625485200499979,1.0896113023110077,0.9332474417971661
20131115,1.052195669705696,-0.23662412617431827,-6.857853955455469,0.699764962338314,0.9738736982707007
20131118,1.4490424730281433,-0.22329474352322046,-7.1295755245411705,0.5993000438031607,1.1797414346363848
20131119,2.637440475882177,-0.15989557960023715,-7.383221858240954,0.5386482808981012,1.4205053822461253
20131120,2.842518437096537,-0.6005697657642972,-8.014041855557515,0.07399372550136658,1.1748815865746245
20131121,3.028956578069457,-1.0752441834134734,-8.679454835116582,-0.30891271557089206,1.0649233065403347
20131122,2.9082811181742567,-1.669846883047561,-9.49038756186646,-0.6587544131131421,0.9034767501761122
20131125,2.3114071382200696,-2.293270360469477,-10.288185652159353,-1.07895654050385,0.7632302076975095
20131126,2.1667127880147135,-2.439897046549655,-10.114855367801256,-1.1550312196822663,1.0249620350279764
20131127,1.7432259199627316,-2.8930293019165743,-10.613623077728489,-1.7527766402788434,1.120577773201827
20131128,1.5130256896639716,-3.254123287877596,-11.04589360489013,-2.3172017972839996,1.2058194246534184
20131129,1.458880742848981,-4.08921298306982,-11.748692299396259,-3.3560788395286925,1.53893710720003
20131202,1.228098438749893,-4.811799272301928,-12.07127507266668,-4.246265945788189,1.7693679333320345
20131203,1.5401883727171806,-5.05648571945379,-11.55057875565783,-4.808175845815164,2.584801543271249
20131204,1.6475564646296585,-5.0709904409431354,-11.100918534498373,-5.132886533714783,2.8897940215170452
20131205,1.4385205970953385,-4.6746200687516275,-10.091170312441154,-5.055208649600446,2.822807402005465
20131206,1.0349844223813838,-4.589104733629033,-9.299239932233515,-5.08454426024642,2.2972873475629347
20131209,0.2211518659752382,-4.512698663972198,-8.627632414563166,-5.052661894581739,1.6721387270636963
20131210,-0.5040215789630097,-4.387193584511362,-8.102038526888865,-5.0027004506737685,0.5278625404177748
20131211,-1.045566641846419,-4.261845054408252,-7.823516769910389,-4.962232672030823,-0.38204762220184096
20131212,-1.4391109101208501,-3.606490529513218,-7.131019820436457,-4.472608440338298,-0.99041599023776
20131213,-1.4011174524021206,-2.5496716663124928,-5.992031222138328,-3.4183534664804496,-1.3661434165285407
20131216,-1.6446834857868207,-1.2549378973676926,-4.64303416407657,-2.1700066887176965,-1.8393498300109365
20131217,-2.353998010962858,-0.5146809600176518,-3.7685389535929836,-1.5403899586239604,-2.696137177073648
20131218,-2.8165524600131167,0.27429091016007545,-2.9234444307062692,-0.9344071481182092,-2.9174740183090675
20131219,-2.866374657427476,1.1297274224917266,-2.1260735451483854,-0.22794247227864323,-3.311435019322616
20131220,-3.1263802634713573,1.5780334652171277,-1.6275492730221501,0.24853240804636148,-4.265540494119981
20131223,-3.468138077807314,1.8369212616783246,-1.280894585215723,0.4839613511734791,-4.896309178589707
20131224,-3.437823801853867,1.9471521836601298,-0.7263247662770341,0.5910746962282217,-4.883270828478819
20131225,-3.896572674674467,2.847899864371674,0.703954546612984,1.58679926359865,-5.392346619014958
20131226,-4.2569597932738645,3.606111956345729,1.6950973814256385,2.471414256630835,-5.769048547659705
20131227,-4.766616501122506,4.43961241639511,2.3153254994174928,3.496301117844654,-6.324463065552701
20131230,-4.972110856626351,5.2653268418088475,2.629482107529621,4.624837157394298,-6.084662827186674
20131231,-5.283394056426153,5.940628129090407,2.9118450858820695,5.636358395644698,-6.090747724739617
20140102,-5.41203615854982,5.8756195117142305,2.7197525360185715,6.047951782817858,-6.14189952278218
20140103,-5.389555105925529,6.092311094223327,2.7627641735852726,6.546797336377345,-6.4496275413205355
20140106,-5.44074191670661,6.44337564022509,2.9412899597154567,7.22441082613097,-6.832687554454048
20140107,-4.597300805698624,6.866496704176517,3.10109405479639,7.890682586470839,-6.723704335936345
20140108,-3.8965574735268973,7.398023885673879,3.6404200252876238,8.678693389398772,-6.539722690179226
20140109,-3.390378677264585,7.835496168104603,4.2139176110833665,9.253658748761822,-6.318621695896811
20140110,-3.0965738227532196,8.308304793836953,4.615553092142008,9.939576932989084,-6.450334201758576
20140113,-2.591927420626022,8.96186920550325,4.989807926717134,10.964961108446456,-6.5012039290623775
20140114,-2.8065412672423355,9.115035562420331,5.141341792127884,11.13476258463364,-7.032507241015924
20140115,-3.2958991789415335,9.325523447216337,5.378124675725177,11.265309838072394,-7.586410689437514
20140116,-3.722286872411495,9.525897783441234,5.520885560740122,11.604320305627645,-8.220058103011148
20140117,-3.9603300872309988,10.045152113524884,5.929863850562392,11.963233027509062,-8.658516615555936
20140120,-4.093445418815961,10.03094560304054,6.0964710081589315,11.032766509479554,-8.975875792615991
20140121,-3.957416545576221,10.17363243890862,6.333058154630106,10.268867637920355,-9.013203865811697
20140122,-3.4234938712287883,10.104685909094652,6.238180211496847,9.58538977196615,-8.510688682577378
20140123,-2.6724988597520825,10.18138184270665,6.294011534548864,9.161728813772461,-8.09318063741771
20140124,-2.0131322655205426,10.323597981179732,6.3621526531817425,8.819509000466125,-7.702346813401088
20140127,-1.52038340433158,10.883794184446112,6.799040261458364,8.77030272708681,-7.553105147219306
20140128,-0.7998555094554443,11.464918999769141,7.217397198798325,8.935965897816866,-7.259848153828146
20140129,-0.33338020080918207,11.763104147146782,7.338328543725584,8.919534051763769,-7.195728513321339
20140130,0.12670884098498786,12.339991792637749,7.664315258320407,9.03340459881235,-6.982691902987447
20140207,-0.03053125346737711,11.389939185429593,7.176780798376659,8.293670429670058,-7.06159519558711
20140210,-0.3586842273730247,10.581077246314448,6.6471186539234015,7.58021001937895,-7.040550369442342
20140211,-0.30501706927697647,10.058515332173304,6.457404717899074,7.193537476293928,-6.880925997454596
20140212,-0.5344153911524475,9.579486060752066,6.298466151286033,6.862892366329334,-6.678625323074219
20140213,-0.6612072719883145,9.162051499716602,6.0779277008173045,6.631378151313967,-6.665281631453057
20140214,-1.0945613516131736,8.524590396152355,5.488936374916204,6.181080948139623,-6.694688030899435
20140217,-1.3613293586522632,7.71019613450733,4.6265563160427545,5.418947546083604,-6.67210765497602
20140218,-1.5286896720271586,7.014398494374344,3.887300614001052,4.725778417638891,-6.444570269587987
20140219,-1.5258418646223824,6.248814407886135,3.174809366149527,3.99685595633683,-6.173510312876533
20140220,-1.4335434638559603,5.564162006207937,2.5629538875993285,3.4297257642775723,-6.208182652312435
20140221,-1.2313063327689457,4.963426207529106,1.9637142252871407,2.9164974696846446,-6.033697716093045
20140224,-1.2166340566003158,4.394270010181562,1.2612286314362657,2.4501530885511578,-5.991124518221818
20140225,-1.2187043654112912,4.075435037757865,0.8702050433421464,2.171012997262741,-5.944860695143109
20140226,-1.5450610530405577,3.7235431275207964,0.32108438826689345,1.8129811811292948,-6.246120566511691
20140227,-1.4854743969086683,3.2020702501756624,-0.4651249821620473,1.2224086414674544,-5.976563908572974
20140228,-1.2384705739847368,2.892042092441632,-0.8856601876559114,0.7660015577530435,-5.618901539406682
20140303,-1.1110044639598418,2.511658015536945,-1.1642878143182829,0.31074532619583456,-4.977370790478457
20140304,-1.1108458976440307,2.1714785741993796,-1.217766859737144,-0.13271038517431508,-4.689278930109057
20140305,-1.0997857487411955,1.3574484785102203,-1.713847782376739,-1.067860457738444,-4.472279452368517
20140306,-1.1794382785371047,0.8218494344666583,-1.7278042638340514,-1.8437198073525356,-4.155294001602558
20140307,-1.7022225013581238,-0.2757130286395876,-2.3086217943519114,-3.2883238053232873,-4.635275251552083
20140310,-1.9161551775004102,-1.4483906390631294,-3.0170516983053486,-4.670371438843811,-4.8919919238755
20140311,-2.643463344098787,-2.9450393240128596,-4.056046254488967,-6.599064335448982,-5.568168821327885
20140312,-2.985026990790816,-3.915175773870257,-5.056492845844594,-7.808003525769619,-5.8791035252810815
20140313,-2.853514803300278,-4.613698538089919,-5.682544352887897,-8.855602746455686,-5.846103557844331
20140314,-2.529681099352541,-4.7424661041455725,-5.565337083647959,-8.981927306220477,-5.22564508417028
20140317,-2.37022246065602,-4.764705731145422,-5.376246655843117,-8.684717999643095,-4.6891615037289744
20140318,-1.916386973113098,-4.573697562696609,-5.11366963971682,-7.892977588882818,-3.905840743325393
20140319,-1.8225531823079482,-4.689462556524291,-5.300863097720074,-7.2728908510199295,-3.3828558349305005
20140320,-1.9951773616021569,-4.302615010215667,-4.8860103618468935,-6.384313442936559,-2.884767926288977
20140321,-2.221688245289205,-3.9365557493242807,-4.564871032864245,-5.661995551344127,-2.412266402403562
20140324,-2.1829931503181053,-3.5026362892540543,-4.110054231087947,-4.645209060872281,-1.999175858328641
20140325,-2.607479566813732,-3.229762880771439,-3.744202158519031,-3.858008114566717,-2.0917403253438507
20140326,-3.2530275461863125,-3.1543429842627733,-3.676264638695566,-3.3959254799900345,-2.728893786092845
20140327,-3.772067205631251,-3.1716789773679603,-3.747225592858656,-2.999599040030704,-3.292033107375012
20140328,-4.423472740802045,-3.2798749408592043,-3.71108994072239,-2.7111532941497782,-3.8333614711157953
20140331,-4.833287405668262,-3.5880570773579654,-3.8724452361013753,-2.638396178414329,-3.9548207442594876
20140401,-5.547709737058689,-4.156625606753025,-4.422723839314554,-2.9212089186267067,-4.506387367348236
20140402,-6.239209768468043,-5.070766472662235,-5.171227291691922,-3.4288721903799906,-5.030337990369792
20140403,-6.570211642416009,-5.729676327873492,-5.386529648821226,-3.827187492214927,-5.381062173999273
20140404,-6.540107961312048,-5.822010157697958,-5.39302648335576,-3.7614421787758787,-5.228590513137595
20140408,-6.298126269279171,-5.63134652990781,-5.110353597064691,-3.428348422600421,-5.209960385768774
20140409,-6.26848430863659,-5.68050409625331,-4.880878644372752,-3.5066223412088244,-5.461098487152188
20140410,-5.9888616346543015,-5.655517743790476,-4.469552898323098,-3.515909376329703,-5.766516717423958
20140411,-5.762245560604281,-5.389373638417603,-3.8111967076419644,-3.385053708113721,-5.881018216506573
20140414,-5.434191354655072,-5.002849126545907,-3.1166796033821,-3.139331021852258,-6.3160267937917185
20140415,-5.356712029249937,-4.538511789571324,-2.494065923442404,-2.792249786821866,-7.126648739631115
20140416,-5.48738524436709,-4.506853773252263,-2.362356711956488,-2.8982853660395325,-7.989954646185627
20140417,-5.8103321217772645,-4.321618900402219,-2.1116269031946646,-2.7181149065314636,-8.999120797580835
20140418,-6.279101698414792,-4.096857979030597,-1.710052021704634,-2.529453562213867,-9.843479713220638
20140421,-6.626499692604272,-3.7571193993348233,-1.2706921616930225,-2.3084698213999437,-10.81149951871136
20140422,-6.9229343055673205,-3.5093475895052983,-0.8382655770737997,-2.189552765956965,-11.53507250503309
20140423,-7.084192783648002,-3.274719639221946,-0.5144720951356121,-2.1026696576965054,-11.607347951606915
20140424,-7.2162421452374605,-3.0330835046033355,-0.12694628820694723,-2.1012358732002494,-11.744621009021945
20140425,-7.500424481175796,-2.7892817345095984,0.21344973410359647,-2.0869304081316757,-11.966879572449466
20140428,-8.180835225971377,-2.932733976111022,0.23408434616177573,-2.546788538218286,-12.369202556265224
20140429,-8.45304715620697,-2.6383009163887152,0.5658412934620027,-2.924818354225509,-12.688810238956414
20140430,-9.395303206262954,-2.3665184705552753,0.7971984394735838,-3.2537663375621,-13.473575432688719
20140505,-9.571626677024543,-1.2118302068155953,1.690557980721877,-2.8836699214829697,-13.415396924443657
20140506,-9.67063971477554,-0.11526484090537883,2.5055765232088953,-2.452391412272435,-13.420196352680271
20140507,-9.52198876604591,1.1471463719062722,3.462831337977681,-1.8089784263610604,-13.094824704188335
20140508,-9.594425976387273,2.201374700025584,4.274771810988994,-1.415911378443818,-13.164459141348633
20140509,-9.607898636680552,3.0517772462595634,5.1809262166464745,-0.8246129378874808,-12.934303623192703
20140512,-9.96548368670221,3.599900417513972,5.7724763126165834,-0.22237116017521202,-13.043227930716045
20140513,-10.360413175789697,3.797365940227426,5.927329823761752,0.37742083505485213,-13.56443655881633
20140514,-11.091006310957994,3.6167781252756934,5.674659399054811,0.42980792438311216,-14.583539705623128
20140515,-11.95015063651789,3.3194236894735702,5.201227017855954,0.025676626918325524,-15.685030788194302
20140516,-12.556455238218149,3.1327923043737242,5.037934099235845,-0.7956995239200715,-16.62496555649963
20140519,-12.716485570126787,3.329680008379315,5.3614810524073135,-1.558716100439529,-16.93542611536927
20140520,-12.67712584128464,3.088023015953239,5.3423495284654265,-2.5156730147234927,-17.25779924593969
20140521,-12.72303196563643,2.9146123748709187,5.420728009081717,-2.862708659817209,-17.624977316678823
20140522,-13.073736913139768,2.623706065943858,5.417154984709015,-3.294730961295803,-18.040126762369372
20140523,-13.17834465493784,2.263040328720818,5.145246518940651,-3.805929642669059,-18.450173111564173
20140526,-13.41982680863222,2.2889791472847443,5.386335335281442,-3.9025658812711916,-18.860487226361283
20140527,-12.98831300189149,2.4518470025637207,5.7355042773035265,-3.99455090115985,-18.131678254964026
20140528,-12.835924583550261,2.3917803400428843,5.52775479752906,-4.205689906029628,-17.985864921422422
20140529,-12.943085814993184,2.402998796386662,5.48102866027044,-4.366294113215514,-18.154411767045474
20140530,-12.411025792277075,2.563387121427159,5.643964986572509,-4.28380409093044,-17.820093909902788
20140603,-11.916077648984906,3.619518869255773,6.583400185793963,-3.2862550418078706,-17.693314708056885
20140604,-11.551142462203746,4.104282124490021,6.941816752512779,-2.37611863666812,-17.364000447229387
20140605,-10.7163520890065,4.645793770956984,7.389348187917617,-1.296416035902318,-16.048235144686743
20140606,-10.021241196983455,5.090915794561005,7.690216291683823,-0.3871255092661901,-14.70869223412874
20140609,-9.547155038566421,5.403502161129026,7.628002049710571,0.4050296289047251,-13.750038895972827
20140610,-9.150145147639419,5.825522718475548,7.551357865255307,1.069655727609519,-12.901492491082431
20140611,-8.930328311999125,6.204461065177637,7.542512569808535,1.530981489524285,-12.26682543339206
20140612,-9.014966413206926,6.627398100975175,7.770413440077803,2.0789254529736154,-11.981972247004977
20140613,-8.9300902295761,6.417384863373086,7.515694919417442,2.398250093974408,-11.602930551077455
20140616,-8.785525275029288,6.648898996611922,7.894700596284994,2.99159018087753,-11.35160652181879
20140617,-8.19384130924962,7.188931073793297,8.39526918524792,3.758807862003291,-10.646857801649558
20140618,-7.6553619471405945,7.505922247259806,8.561453098658214,4.086667844390355,-9.97068039973037
20140619,-7.459033699509597,7.269721034621023,8.429481345155443,4.2528211747825955,-9.456507321354351
20140620,-7.487324625935399,7.1886010146573005,8.443737607220239,4.400398866482864,-8.988428561229599
20140623,-7.864253090573436,6.137976189062888,7.711818485056401,3.7678668880959494,-8.991905140818758
20140624,-7.946772346352219,5.132782739113289,7.141258030362396,3.242268610654641,-8.657361968440325
20140625,-8.079073561775656,4.477901531442255,6.625827527994348,2.9561883077114204,-8.445823580878384
20140626,-7.5404430104055775,4.104726989858531,6.405354228116573,3.115879967201795,-7.78942970630726
20140627,-7.400178141035136,3.868837061024773,6.381653054991335,3.780215323483316,-7.3641380509342955
20140630,-6.80869021777552,3.8650530292304537,6.412850653178199,4.50711107179899,-7.034362759283315
20140701,-5.6418398809479555,3.817430238724897,6.306073587188426,5.192894729675331,-6.329273219890245
20140702,-4.6589927326404466,3.6499978075728126,6.026095201615903,5.729152490202732,-5.859054988969522
20140703,-3.8958492377551797,3.559554253118848,5.958619059093369,6.258603317265292,-5.521568556721501
20140704,-3.2204671580024904,3.468742239976004,5.775049706950669,6.727089822078601,-4.799739896549387
20140707,-2.3827232302075334,3.6919410615350543,5.654824156554478,7.282785770876357,-4.1488024236935255
20140708,-1.6275295787454909,3.8914096317802374,5.456821058992495,7.550624358156173,-3.5591098728486035
20140709,-0.8053828920596956,4.467037264674825,5.625285000760038,8.023047406814403,-2.584324315486311
20140710,0.12597213560324813,4.923192099964032,5.437369598965516,8.460868248732542,-1.622651535591319
20140711,1.0430403189636468,5.433044330496971,5.567002901155027,8.978528013430497,-0.8145673880968941
20140714,1.8607660150350835,5.891063401939006,5.741052754284738,9.524213618054693,-0.12615164476743732
20140715,2.549769477022587,6.220723100385674,5.817249533184366,9.935043317341453,0.5469654496022539
20140716,3.084844210614857,6.275611776369018,5.633305553814563,10.058590648518274,1.218869624471233
20140717,3.550299583487641,6.233024783409499,5.380443315292479,9.951131851227016,1.9419700944139544
20140718,4.331802506265188,6.57460096839054,5.40996998401316,10.21616130160163,2.804070765015402
20140721,5.283478298746046,7.405842350478972,5.750932602066976,11.265229450645155,3.6678500959190874
20140722,6.0517908326740075,8.044025867446372,5.938218055083098,12.184967927484314,4.274951818266506
20140723,6.599985695271083,8.701365796976017,6.2681781695939724,13.118545856429305,4.691006423418834
20140724,6.656392825306249,9.200644644843674,6.510802690408053,13.745102491699505,4.854751611573252
20140725,6.912531896275753,9.555599145114439,6.553003891573449,14.181519774805166,5.2110616723688725
20140728,6.920397110194738,9.543891083231172,6.591351338257995,14.328892075731316,5.361092775824114
20140729,6.99814664358624,9.499133964968076,6.537965609519341,14.55724758792073,5.235613123928594
20140730,7.041569293926516,9.666525537634657,6.4911646290221,14.55995090929409,5.138446525588463
20140731,6.951247875645489,9.947561507833656,6.592466123161333,14.32149983678008,4.852246851902509
20140801,6.8872852202096615,10.298663727468128,6.640222524386118,14.139124986114107,4.703195965986529
20140804,6.990295502200051,10.808461814591945,6.888851655803114,14.198164316605814,4.93284453397498
20140805,6.939558304820672,10.984853505745072,7.014876521073609,14.276113692989824,4.975061640029387
20140806,7.033656163006532,11.420007459932261,6.972289164602558,14.661681689813193,5.295002656784719
20140807,7.126091661258046,11.42358532375603,6.874768746690198,14.512258931849,5.627939671130846
20140808,6.999074980852628,11.691071002901248,7.16349581136768,14.686238535225524,5.933086950133824
20140811,7.170386331696032,12.357542450330241,7.870912051174896,15.143456057006162,6.313750635210215
20140812,7.262060080465601,12.930749338905489,8.615622960666338,15.307724620436312,6.5155587791067004
20140813,7.46594730043018,13.603454552935258,9.511109757678977,15.84239045249541,6.787859855914054
20140814,7.859918914906496,13.551658007343066,10.054846668190729,15.350781852889993,7.222510839567421
20140815,8.104767997177552,13.820283638148195,10.85084594938974,15.213861845003256,7.502146958141156
20140818,8.537835571990682,14.473880079270604,12.005482087074238,15.548798970548546,8.040976551352829
20140819,8.720606692428369,15.031744319278957,12.86148158682741,15.8170530821257,8.399784353729821
20140820,9.12828798311173,15.524334202731332,13.86245943227716,16.12352535725284,8.85633679400161
20140821,9.7234861346601,15.770291807237903,14.890911394350558,16.111154795600264,9.270171073529868
20140822,10.276359353100387,15.816178292246935,15.545398198288838,15.939202846791385,9.561805997887435
20140825,10.754852308841029,15.837463047946528,15.953838631741284,15.794060718947451,10.20927787966339
20140826,10.496689195449633,15.578471017402261,15.868975581120639,15.401188035086301,10.753980249981932
20140827,10.015864543044067,14.692047854398966,15.422329653600771,14.579288905768284,11.105893027664008
20140828,9.745654201060846,13.990122692112433,15.05868631789403,13.955695027077512,11.511961846704015
20140829,9.379341762953633,13.36799798402794,14.787744965808965,13.422327872345134,11.694519742389723
20140901,8.694510650523538,12.853689674244592,14.761933618971572,12.950340055916817,11.644362250534634
20140902,8.19952424485846,12.165108832120268,14.564359287986157,12.281288185064836,11.6226267730684
20140903,7.471036408382876,11.488227152935101,14.274472292161997,11.58279030936267,11.109376706216068
20140904,7.171838026847154,11.03413285702158,14.298345460935334,11.070635670028054,11.16640256140936
20140905,7.146771223140872,10.509902478952803,13.899035767151977,10.466735199482779,11.33208509594292
20140909,7.118078865992327,10.084966623306142,13.393413716201271,10.021380928757523,11.640587222069412
20140910,7.3709200652160245,9.829263067352658,13.073879810993105,9.876986934930473,11.931900022704086
20140911,7.959663539756385,9.71783246047713,12.722514329497958,9.76773335786003,12.350874274257192
20140912,8.066922231642842,9.726565978175751,12.537725797363521,9.8357996500522,11.662123873209554
20140915,8.322987917087735,9.34852757553945,12.103278427533121,9.457868482685289,11.186344214849141
20140916,7.985415651200245,8.949183019826823,11.903752964702683,8.88531455551658,10.778033504858671
20140917,7.684967311392273,8.555667046997227,11.573861779253805,8.24539429677879,10.319989549410856
20140918,7.20258110813837,8.09633191228768,10.940075446465453,7.643819201635139,9.624222715497824
20140919,7.546884511763919,8.047989521469972,10.806569974982176,7.451965441239111,9.472449650365906
20140922,8.012828671909931,8.183348949353581,10.829556615701216,7.498379000604673,9.544180675602243
20140923,8.481428048894495,8.25814527320041,10.708744959986197,7.520813625787586,9.56558415042989
20140924,9.228623407147081,8.324658966368691,10.587577001442495,7.557970457172007,9.903455564625922
20140925,9.790038376052319,8.070392698054015,9.96672466534528,7.2647276312659,10.1337254754805
20140926,10.327545681702109,8.021355000727738,9.561733198294345,7.278857147183657,10.28661918695924
20140929,10.878223637207894,8.019398029351953,9.357940728603106,7.3822277554533215,10.287403873414291
20140930,11.014352887458463,7.799792630581698,8.856346118009293,7.297507862680465,10.264371020059412
20141008,10.743634398599614,7.586682975449428,8.439914403400245,7.220605264157181,10.140466054447085
20141009,10.40341543674889,7.2040209031340074,7.9095290682480135,6.942490525504653,10.058056279087793
20141010,10.44613786110603,7.100358402838295,7.648505561518042,6.925503010937207,10.414390338174776
20141013,10.387395710250841,7.043721160952898,7.481449717984729,6.889907344617867,10.172911717521977
20141014,9.859043318758054,6.724318477592962,7.167185381872302,6.651670625223188,9.620384308973644
20141015,9.345808409371772,6.468293785032184,6.880478477890524,6.468676722694598,9.118553451077744
20141016,8.843661810085758,6.4093499145839035,6.774741903854427,6.405608807897929,8.58805063346771
20141017,8.230077104189183,6.005943556354361,6.3312277649434465,5.893847073612946,7.952774228399792
20141020,7.8896756147062606,5.726268599707906,5.954491650320278,5.61597149394251,7.540800044102108
20141021,7.58867606803671,5.438956889929297,5.451427262823347,5.250433773849054,6.949669438579669
20141022,7.25629090461665,5.098537775344315,4.991860178660119,4.8891953701295385,6.35613683679285
20141023,6.903397733187846,4.570432233486647,4.351247608226779,4.373214496590366,5.826707711999543
20141024,6.371117935628321,4.279253093915396,3.8482666135642005,4.105526676207782,5.154089526200403
20141027,6.122469461352289,4.291083074021939,3.601785068436758,4.146469473641751,4.860904189086268
20141028,5.672815902718748,4.2272179655676085,3.0456075630782764,4.044590706505943,4.375190160523822
20141029,4.923476635177728,3.7295569332045053,2.0636787836089314,3.579261538595029,3.6799724114707453
20141030,4.305250050231586,3.3376091340116942,1.1921487021259767,3.1462208416366946,3.1964742534743023
20141031,3.640681326680499,2.8692280444973917,0.2639683971169638,2.5906915174190335,2.500860376683574
20141103,3.471245059722344,2.5500534294799,-0.5244159715879972,2.1432023740575135,2.0202135469775575
20141104,3.4757406707905694,2.3984329906909863,-1.118872030048674,1.905197766216984,1.9568872946156914
20141105,3.7390219372309477,2.721108316156702,-0.9033416206264079,2.1829084487934765,2.1500437782193997
20141106,3.5986118733014636,2.8023123191344577,-0.8686277140617616,2.1330888010252647,1.8710921689411402
20141107,3.1433420654219715,2.700261715902463,-0.9410202516691869,1.8792180648457377,1.1749761530252107
20141110,2.430801428276022,2.577272410749435,-0.9790714780981277,1.518118980571394,0.44510577917031
20141111,2.0521995081547852,2.4113613883618976,-1.0688821334947023,1.0912114830939985,0.15466657797832453
20141112,1.2388945044537623,1.9298101542300274,-1.535227827653438,0.2729073801051925,-0.6493199195215672
20141113,0.585028111420276,1.6865936975154485,-1.6953514833166548,-0.20541930632687982,-1.3241575198203652
20141114,0.5009491325201568,1.7809351049789508,-1.5867216168667504,-0.3526567550571582,-1.2941470265470554
20141117,0.4322501721658777,2.074289407039258,-1.4005529518422222,-0.23344864408635665,-1.2286490469225801
20141118,0.46514529127032544,2.3584997103738776,-1.2728339085892701,0.09244124137551152,-1.1778920240842583
20141119,0.7726695802417175,2.595114742685804,-1.1619595174310668,0.4172324561418339,-0.7724267105727608
20141120,0.945039570047693,2.958654323165494,-0.788302932530847,0.7982737300708016,-0.44464663568149204
20141121,0.712914637096526,2.8730385586545037,-0.7766855105340387,0.848792086729877,-0.5177481609069319
20141124,0.23620758403873493,2.379388168194756,-1.1341678257124161,0.4949894008547297,-0.8172396344731888
20141125,-0.17862086118576176,2.003199233942351,-1.338409665316013,0.1313317707312466,-1.082945302726004
20141126,-0.6196980570602675,1.867905979834641,-1.4514323191481668,-0.028929976652732607,-1.3300113609185715
20141127,-1.0781252872821923,1.995183603063127,-1.2552482266404956,0.05011220402802962,-1.6030982068166757
20141128,-1.748951029585365,2.199365532382702,-0.7666868377639463,0.00951342278930825,-2.001004130449263
20141201,-2.147343754424746,2.62607506793318,-0.10702627319019106,0.33149220799798657,-2.0224266277339797
20141202,-2.4227678169419695,2.912721910341107,0.574216734172706,0.4548459933218136,-2.1694328323786194
20141203,-2.26676038146782,3.2603997708518904,1.2848211885087604,0.591117592891541,-2.110893876809391
20141204,-1.9293359674687525,3.618683953761513,2.0336628776321977,0.8300595450583138,-2.059116475917512
20141205,-2.0832850711434903,3.66933097988293,2.5010627908257,0.7418044703807564,-2.4605532369004277
20141208,-2.2328448796966924,3.6117022051946073,2.87949309542262,0.6183637852275895,-2.663606878859465
20141209,-2.081623333404208,3.8660945450627424,3.4325879134658646,0.7916271841955027,-2.6596991200842313
20141210,-2.4125759591287728,3.878797812180109,3.7609016645282516,0.6955288880442463,-3.1024113939036804
20141211,-2.5597306784409684,3.815888349561109,3.9991592347054397,0.6900156912622408,-3.491360842763161
20141212,-2.6371810085686707,3.7274866635334654,4.154369055881931,0.7155227343702171,-3.652046195208895
20141215,-2.8387115210460703,3.325118698710494,4.028220829440722,0.38906212733375956,-3.810505626956425
20141216,-2.6190336340543454,3.1404897687793474,4.100336545609924,0.2825810898123101,-3.571988750252823
20141217,-2.1040905970332795,3.1005828174845536,4.283015124848347,0.25088956949799707,-3.068287127637832
20141218,-1.7104352449975484,3.3108176554659843,4.597425111411133,0.36940597383889656,-2.5283558642789083
20141219,-1.177399124745439,3.530193365464914,4.9492356681600125,0.5946353192002986,-1.9439517914414828
20141222,-0.6864670824707165,3.409225729551067,4.9398643687997,0.4616459903851028,-1.4062078112057157
20141223,0.01681336140871933,3.3680941312610932,5.06577734518697,0.34801667809648024,-0.7605563563648996
20141224,0.8624104970751267,3.723229679460745,5.612916056869791,0.5721551674477305,0.02168106579126964
20141225,1.5846312513901075,4.256928538902362,6.288489849485682,1.0343601435132552,0.7071920061504192
20141226,2.1457073178623953,4.875082954003216,7.249380880545347,1.5434463237632514,1.2778292427190534
20141229,2.1441218840037064,5.427942406511898,7.570913067376239,1.6042729642394462,1.4225933609547208
20141230,1.8199020973639415,5.522461531238221,7.532529162503856,1.3433698745429947,1.096553550411475
20141231,1.5246130087056038,4.866660400304942,6.86951617918882,0.590197592936609,0.7797345087969797
20150105,1.902832109286648,4.839115716809166,6.767223512656939,0.5112200276153744,1.0554047547960512
20150106,2.128453820432021,4.805939061417395,6.689928094709798,0.4223000213071345,1.2582834496284772
20150107,2.3797713648332683,4.9635745737299635,6.780018628383242,0.637189340406998,1.5314198440974187
20150108,2.3016703507100607,4.750985512443027,6.622776932531672,0.4956398796638063,1.3507294312686706
20150109,2.9421724663442803,4.839955713611072,6.829054491539545,0.7631713205395496,1.898944279688306
20150112,3.3588686390723974,4.715087991194303,6.84000200693413,0.7984271402010489,2.3165155561685293
20150113,3.5949746238070697,4.717363013189655,6.894552901437624,1.0584558779734534,2.470693765035384
20150114,3.994389451457842,4.8368631008602385,7.106553215539259,1.304924432791593,2.8397676631339026
20150115,4.151030183462392,4.856555331355135,7.285923931161623,1.4841432278963496,2.9194168086713703
20150116,4.191721787784822,4.99401512871528,7.522022956838069,1.6617285041379175,2.838299707577172
20150119,4.392325705478209,4.98008321610562,7.646235407760992,1.6389550405385853,2.9220829964550163
20150120,4.74838595818516,5.015671273839072,7.851456790431178,1.6321884060041723,3.199590704678517
20150121,4.7698551447848105,5.026216639882429,8.029927070635313,1.6808604708636359,3.0649175021148873
20150122,4.851526011634918,5.251611668116872,8.29637319211008,1.9221488604864063,3.048469008865119
20150123,4.968615254088218,5.4959867883970075,8.49625295521973,2.090099162500211,3.1309993458649994
20150126,5.20502710998409,5.949388869068153,8.864196279798767,2.360511539964649,3.3636593665510763
20150127,5.386388088203087,6.0367123641571645,8.731018617543342,2.343826510797736,3.6100782383852534
20150128,5.2599193979215855,5.34914774117709,8.525521665952649,1.2266177097394375,3.547317533147757
20150129,5.3195092593422535,5.382198547112026,8.762922575803083,1.182478357925817,3.7052965489539753
20150130,5.189944388636462,5.721769745358759,9.08423612828187,1.5641187198564708,3.6777517787758427
20150202,5.179049986124225,5.958955302986954,9.071526688074364,1.922210866771801,3.8066766723061014
20150203,5.241469627148619,6.074394796539804,8.852138950510133,2.4847190471989613,3.8621546850575728
20150204,5.291038321017751,6.318528332542607,8.561781061035378,2.973986109966694,3.9263067711769697
20150205,5.423165510525011,6.403678006523181,7.928920251846972,3.416685086594847,4.048368726057986
20150206,5.949633259414588,6.169215722935812,7.04530399651291,3.7664120483484034,4.6052658696777575
20150209,6.1959400967629135,5.771219766584776,6.074437780771882,3.6798551159226394,4.987083989165433
20150210,6.519941541163941,5.404674162776125,5.248521623932899,3.5235553886265825,5.19099664231497
20150211,7.12471088325532,5.323700276726848,4.667899764408664,3.6435014307605744,5.545155657682888
20150212,7.321385265623853,5.075315370753881,4.084382556380306,3.5022149014601998,5.629424038377513
20150213,6.6112531721704775,4.355629800642745,3.1768131085955127,3.0358418067206765,4.668873918496194
20150216,6.037374425228722,3.736305304724206,2.326327413893292,2.6854316045947906,3.6781277877824357
20150217,5.694742230445925,3.1565366203778993,1.5923979411711766,2.1453072878280133,2.9269329955348113
20150225,4.916557803846636,3.0458415407608896,1.3312635438449036,2.181850979366592,1.9815907808461424
20150226,3.9747641496371897,2.7346701208676776,0.9533564392923624,2.116528307654323,0.8251947360075096
20150227,2.593767607036915,1.984337247311256,0.25434490486278666,1.4223289586032182,-0.6035128899617852
20150302,1.5383111205920585,1.1381016296682482,-0.5018574118108191,0.5353927007845355,-2.0312882700139023
20150303,1.2495067775107156,0.7359436210850476,-0.931407283776427,0.11762206433098499,-2.4015223295851573
20150304,1.3105362532890876,0.7279825487097455,-0.9964455230767908,0.28488547157953503,-2.4768429635550415
20150305,1.643465777774734,1.1269650355787573,-0.7519493135231055,0.7793666500058218,-2.2891581218317336
20150306,1.7922333358229228,1.741147458817265,-0.26657384813636453,1.4295424176656304,-2.225192288071371
20150309,1.2838901474545321,1.9074025647609154,-0.06197696956211521,1.68525541174742,-2.7937175303935593
20150310,1.200514414293542,2.3563370488192636,0.39471948185910627,2.2537526830969865,-3.0138640085162764
20150311,0.9299008573735256,2.683421505619018,0.7358212048105315,2.439435646292633,-3.5335897201621473
20150312,0.6267006429110086,3.058434337106685,1.1025361263078626,2.8828498577606205,-4.01390640951928
20150313,0.35945806491456506,3.4824738759848213,1.4781566450923,3.258197006390992,-4.0957259526784675
20150316,0.35688352625639197,4.009193490832536,2.008374501742443,3.7127023673939994,-3.9990930424876394
20150317,0.028279072533280315,4.08299760155897,2.1912842253098646,3.783280454977535,-4.162144871014292
20150318,-0.48391862526723367,4.175324912672081,2.349323981576839,3.762170192220752,-4.475732201735004
20150319,-0.8736695111556332,4.036892293796328,2.138271226590766,3.4998898321986665,-4.689568115109817
20150320,-1.4865020932304227,3.99686031895212,2.0825557295022508,3.2953663971526006,-5.135080265085014
20150323,-2.4081786520522757,3.752079387235803,1.7867960292939638,3.011270561718062,-5.8723467618112695
20150324,-3.3456563719229613,3.5543408732884467,1.5225874431381037,2.7697628028782737,-6.574368772620416
20150325,-3.806718025418397,3.549434786347177,1.3648888391069118,2.6739728072084055,-6.781720696974002
20150326,-4.002225185479862,3.3541876072376904,1.0803356575439378,2.49018005708743,-6.715370303407126
20150327,-4.460496176178147,3.247365838173594,1.0338608507973988,2.4857282007356565,-6.910053637310764
20150330,-4.725464318302148,3.254907703550108,0.9797482022057071,2.566976518639723,-7.016149326296749
20150331,-4.736004785261105,3.2620317833450065,0.9669798874292519,2.69353944235966,-7.075772504241304
20150401,-5.02559195046221,3.231961950074801,0.8825128046251143,2.8612628645352336,-7.469266819226412
20150402,-5.413763311659284,2.897386029634276,0.5450719811843521,2.5861657933725604,-7.750114167232477
20150403,-5.433742773813407,2.270164810818452,-0.20576233327811475,1.73802456102494,-7.7646020757770655
20150407,-5.701066440268073,1.7356694341944225,-0.879293073699892,0.9402891737012992,-8.081905770050414
20150408,-5.641060301397986,1.6771949565951676,-1.1636417502644942,0.5337199614685032,-8.025371942092114
20150409,-4.850095858193058,1.8061307571536627,-1.1027571173077086,0.30939341792987407,-7.31037952525817
20150410,-4.025069551132884,1.9466454141724834,-0.7445925663800822,0.024378391739525693,-6.480876153710601
20150413,-3.359647799065427,1.934989410950579,-0.30926428183125537,-0.25856896375039073,-5.898185242480815
20150414,-2.751128120552346,1.9900096326873944,0.2617079969576767,-0.5023410886861309,-5.4149495174875915
20150415,-2.375608208085479,1.5435006986587778,0.5017136717464143,-1.0414749858495627,-5.012498523772499
20150416,-1.8797737901027656,1.0620874734179337,0.5383598711761914,-1.61148613383351,-4.6489849292576135
20150417,-1.592884113246299,0.6567623714999544,0.4713034826470019,-2.2143646404717967,-4.443729851395894
20150420,-1.0283977024970354,0.4081282479256612,0.38702619573213415,-2.6343541302029068,-3.909671295338217
20150421,-0.5666867177770549,0.01425254108420958,0.10163845201701033,-3.10019486373579,-3.4641278493412626
20150422,0.0536056989657106,-0.1842818197321707,-0.06347038172567744,-3.3233375848193427,-2.8282121444140103
20150423,0.7094924226365125,-0.5923118270058302,-0.33546166552861284,-3.592317413386563,-2.2278059423307366
20150424,1.2405370279481969,-0.7822474919944679,-0.4415719722578948,-3.801132643769729,-1.809580198527282
20150427,2.062213200109936,-0.6470046413704866,-0.17402886686209956,-3.3573839344825323,-1.2163640353297829
20150428,2.507192590432389,-0.18829915496447072,0.4184065132914474,-2.257792500140686,-0.6497787138993142
20150429,2.6775033063404203,0.00923150575503958,0.7596102172385144,-1.7432485170960772,-0.436936448217664
20150430,2.597512602504832,0.03687688493667159,1.068427432228228,-1.5306873131042948,-0.44240351765890973
20150504,2.550163685207546,-0.7382616993773865,0.6580143207147829,-2.23152000495661,-0.4694145350588485
20150505,2.3624089268814705,-1.9243088114281408,-0.2674502182328749,-3.214551785030923,-0.6512145827115635
20150506,2.258945604814554,-3.0287812248468473,-1.3736876203394446,-4.196060287259066,-0.6246167829838383
20150507,2.115476372713671,-3.916222657143219,-2.3338250247046486,-4.816570306006163,-0.7233193289241526
20150508,2.6418407548562293,-4.334760903989812,-2.7430114780166583,-4.830328440005216,0.013096264724595057
20150511,3.2386916490532354,-4.942922407247862,-3.317771452416579,-5.2186333842407215,0.7250020797272689
20150512,3.7218372200268823,-5.446168355313432,-3.864696526271551,-5.496478379038937,1.0926854409535047
20150513,3.99691067539855,-6.110469913148615,-4.679492271880382,-5.8954099213828846,1.148161381766645
20150514,4.242694485734411,-6.752566412838894,-5.324346223015979,-6.2446567026568065,1.4924283701267376
20150515,4.199030502195662,-7.433398155586052,-6.116327656306925,-6.540893976968484,1.57746733057147
20150518,4.394375102329722,-7.615359529276423,-6.179595562094486,-6.539961360988208,1.6745693618242594
20150519,4.621381422013418,-7.488904488465787,-6.179267688813672,-6.12258548477599,1.9251766147338063
20150520,5.31138781836734,-6.848680327506993,-5.601214693544788,-5.100853692990726,2.74143901101598
20150521,6.018247870551423,-6.363805951353142,-5.160611301846464,-4.15818753550375,3.6389937335531988
20150522,6.456018739898263,-6.064743193091752,-4.906778046169945,-3.5627136453795494,4.1452633598777755
20150525,6.945722496852874,-5.607569228702688,-4.521510233333764,-2.8534315120066878,4.70620377668325
20150526,7.428561452734837,-5.592911466199713,-4.730261303168259,-2.5763374168368474,5.189770792255696
20150527,7.728092971101228,-5.777727769691632,-5.061243525438322,-2.545361748437052,5.373231929011699
20150528,7.6745269585022,-6.000412535091198,-5.563935055731902,-2.5048294657669796,5.35212092709499
20150529,7.992694962389212,-6.118336738730664,-5.853143924374234,-2.55117226221522,5.714975340120878
20150601,8.544095438438838,-6.457665027217072,-6.262938342424376,-2.8870428592730284,6.037196614071616
20150602,8.422575512343709,-6.920112504164674,-6.731674896908521,-3.269912302374319,5.796448800687984
20150603,8.198323117736729,-6.863513306251608,-6.645752339471109,-3.276036331668977,5.493659573678054
20150604,8.027487046531125,-6.923103168358531,-6.720926097867872,-3.402066111181491,5.2260801508295875
20150605,7.56224938251319,-7.1497713633626665,-7.190427059436414,-3.38959869794779,4.6571096897466555
20150608,7.107250873933371,-7.372626341467471,-7.695477979148519,-3.362175890827269,4.074640786473981
20150609,6.769541438568568,-6.9960956770819145,-7.544677831842485,-3.124314594230799,3.6737562010250593
20150610,6.579900864545676,-6.827563609450631,-7.52556161748806,-2.9871655317441026,3.4627437485358126
20150611,6.489526301275217,-6.254860056114975,-7.255072127020319,-2.638439206420909,3.324891316488759
20150612,6.61207154508838,-5.3813560301347225,-6.479490191064243,-2.0490415592856936,3.499940703981412
20150615,6.9736262588232085,-4.7641024310165365,-5.907861135901487,-1.579972790402696,3.8760751526347907
20150616,7.158062166402369,-4.285342078806386,-5.327104790960681,-1.102058655584338,4.179576653834009
20150617,7.106889425490051,-3.7675720863877467,-4.630370546154669,-0.6490198712475904,4.282929411221767
20150618,7.065375662405673,-3.224578504898395,-3.818490107582152,-0.34013212730094855,4.41412656181839
20150619,6.895672519732322,-2.6952723245653423,-3.2776401415058345,-0.20222117972957104,4.517245716953503
20150623,6.390279282691191,-2.320533667115121,-2.7977137116341764,-0.04803551668806016,4.533618969310911
20150624,6.145585451153959,-1.9716837432088172,-2.4526206284829213,-0.07365279153192772,4.7150037647227965
20150625,6.062332619895117,-1.7158940063057724,-2.3416309568490057,-0.4055643376627464,5.038473530118804
20150626,5.726183876023949,-1.4953583197895932,-2.2207509724670764,-0.5614611473968392,5.170270895369744
20150629,5.604026979240922,-0.9869521719281188,-1.9799710604657386,-0.426798572593592,5.422879621225157
20150630,5.510592067659841,0.137097152643393,-1.1403543804642564,0.25313998632309,5.64696167867233
20150701,4.733453268097682,0.6524141365635322,-0.6460556477935037,0.5017838986867177,5.060372717620069
20150702,4.062266842452151,1.4517250771112378,0.16151672324809005,1.0816869624424144,4.609577422358846
20150703,3.39713167003251,1.8617368344089276,0.6473044715761918,1.209854552651864,4.030662649319478
20150706,2.88808094716718,2.2445088243699556,1.0910317620749563,1.3781288330779384,3.5451116421850566
20150707,2.4598992499248933,2.98432088252024,1.8106814345973992,1.9926674487530192,2.9878229547128146
20150708,2.288611228514004,3.789397058875641,2.7173732415351157,2.743448181592462,2.7095779170695233
20150709,1.9224445245314707,4.229777941535878,3.460653269895433,3.1407021703866573,2.216927386693246
20150710,1.3597875464504092,4.238669176495814,3.68251042238136,2.986394386826925,1.5019884586207746
20150713,0.8933531303329668,4.320442915715119,4.0523070382156305,3.0153601487772703,0.7257488792014025
20150714,0.2389746525139159,4.153418605358704,4.108635568260138,2.8058666499688947,-0.1585147564110905
20150715,-0.2635307005180797,3.9248619180269158,4.0625697101751985,2.4627583031945224,-0.8407936988558434
20150716,-0.9429684835611487,3.5937275753661306,3.8641311179649427,2.0068816501005093,-1.7723533691038686
20150717,-1.2635941745202215,3.4698242529522805,3.771366331105488,1.7669853795392816,-2.2983881604191545
20150720,-1.3800011273342376,3.321643516805815,3.647417976231524,1.5756576512779206,-2.5678406394693485
20150721,-1.743685727523446,3.028470044207535,3.2987107318684408,1.2565835064097621,-3.053040875393854
20150722,-2.2071038446265847,3.017266062344117,3.3842854298880773,1.1076346955321004,-3.5872918767744895
20150723,-2.523124850390074,3.138849178990102,3.671832186531777,1.177601511948441,-3.8813439153047518
20150724,-2.5729777706847665,3.282602162129238,4.0888938635135,1.225861913332899,-3.8604679775962736
20150727,-2.388898017939011,3.5476681320946533,4.551972728450626,1.5453645497701607,-3.663498427416691
20150728,-2.384788362716711,4.044704357237001,5.1246987020785815,2.140566462023766,-3.6163780645269505
20150729,-2.296225523928313,4.631723904245063,5.748747357222257,2.6965874750049847,-3.4002498687990634
20150730,-2.1856377810466516,4.976291194434904,6.112878932177119,2.9966202768792183,-3.1578162171936923
20150731,-2.1750358823592117,5.25295215468946,6.419012604346355,3.2449071914894247,-2.9061921837217084
20150803,-2.02781337930616,5.664620548369754,7.0389630637370555,3.5566206675579584,-2.564965683402587
20150804,-2.137783700652083,5.816629784711332,7.515150920775282,3.67758212644863,-2.452011446540994
20150805,-2.327527127689471,5.92323805135859,7.9797186747386055,3.855467337129034,-2.360446070618814
20150806,-2.585370400187954,6.286679579690081,8.507073729305015,4.177399744122879,-2.316998360113635
20150807,-2.709539627629109,6.6208436082687125,9.247650471773099,4.565979426964873,-2.1380192844691916
20150810,-3.481979347607496,6.424620881936985,9.513695126026915,4.530000270159107,-2.60352663400052
20150811,-4.6604780052399715,6.001880751599435,9.414435750413956,4.38463652549184,-3.5264725554265777
20150812,-5.49543563906618,5.772284097887266,9.407023051301197,4.321550129140044,-4.357908735011616
20150813,-5.35621868317008,5.761958619625042,9.510808678652932,4.384057048538328,-4.491511275234347
20150814,-5.337815047110965,5.744147491865964,9.413391588763362,4.59058038606392,-4.818209516325617
20150817,-5.166451650976536,5.518186556266279,9.364600371916467,4.456019155137551,-5.0153455531128985
20150818,-4.599465028053201,5.531730991199906,9.531344865868038,4.628826252760631,-4.73446513017679
20150819,-4.13859266215377,5.503524635779907,9.912024540064808,4.964672740386063,-4.402262167280831
20150820,-3.6594201473414714,5.590033988320261,10.496487968639839,5.55855548851035,-3.982065974631399
20150821,-3.157650890998097,5.406132491539161,10.917942651440383,5.874547521240433,-3.5761840423243716
20150824,-2.492999824747818,5.493445875771801,11.371314702253887,6.382821697222274,-2.679004420468658
20150825,-2.437809026630593,5.657435397619933,11.630730181651673,6.796816489703231,-2.2804230015947313
20150826,-1.7921641130954018,5.988311053823699,12.070272828856776,7.325265978411652,-1.358016707539481
20150827,-1.3149080564055813,5.967109482526678,12.15297607940978,7.538845399355249,-0.9151077127747681
20150828,-0.6756086039235877,5.754908513272904,11.763376759434875,7.364711324005482,-0.254442726976155
20150831,-0.17438512838339512,5.450827432866842,11.309714094725134,7.270557431522653,0.19906618172756407
20150901,0.25054243789548153,5.0795566881420156,10.724693291587913,7.005093170256052,0.6989733482168203
20150902,-0.022942856097409318,4.414521717912242,10.02262262999736,6.333645164734736,0.5421236542565916
20150907,0.3002362148200156,4.130730546029575,9.585252177887535,5.975189728833896,1.122529908230982
20150908,0.7853075101211623,3.987149768452942,9.257808545961515,5.9580042547331376,1.76510711150351
20150909,1.2278177093880394,3.792379978107685,8.817266311004943,5.841333570609485,2.5227487670605595
20150910,1.9663970796133015,3.745504660495797,8.596497319005591,5.8871779376750535,3.452217313364121
20150911,2.529038744273781,3.6664306823078214,8.394389440140452,5.930618956439073,4.1635502564901685
20150914,2.777033299254393,3.5367185419246834,8.127771966184703,5.919290795953475,4.743218368008561
20150915,2.4926801434618864,3.420779023513347,7.991814424063358,5.917676717351736,4.780651246227303
20150916,1.98744180818793,3.351870701378005,7.919079710262936,5.902899034380559,4.629953702550188
20150917,1.7976181036733383,3.471419928113908,8.098499216182477,6.018689100140475,4.679351012632559
20150918,2.0220961569801417,3.5597405742962653,8.245663966655561,6.139767986315141,5.039614575543847
20150921,2.247864042129212,3.457124163550486,8.183792882979942,6.088235870278168,5.2714736968099265
20150922,2.269494952032649,3.4648612467454236,8.123519174144976,6.140143114557378,5.293895783286879
20150923,1.9018055207368316,3.4954045882043783,8.018564364218447,6.103554252576939,5.143644472425368
20150924,1.6536134240675933,3.4829866139219954,7.821862063398177,6.075547631886385,5.133353053092948
20150925,1.4021064972823534,3.2197610739541354,7.387647488590524,5.92505983607202,4.914940636344072
20150928,1.2617660907250838,2.8252656571940697,6.8992698105593595,5.63866177565107,4.980640997742501
20150929,1.4835541640469994,2.833645562640532,6.827443293413658,5.772056179012192,5.12346160793273
20150930,1.1702108254836578,2.3013435195703904,6.168652981577285,5.326293338161814,4.984964972005427
20151008,1.4239967150090151,1.8996309122256776,5.621682450709631,4.9627635296319035,5.193619325733724
20151009,1.9331997623516137,1.459797261570828,5.078049330542364,4.513132513951808,5.377335580699631
20151012,2.176782559359298,0.4666434987058095,4.003480734002982,3.470536756049825,5.509624249967864
20151013,2.207605311104467,-0.21013395008436894,2.916721690257246,2.7318218782822488,5.281344064983585
20151014,2.528997250123314,-0.5660022752015131,2.124476829907956,2.294141829971755,5.525170928031087
20151015,3.0998156294485777,-0.6060218274286526,1.6866855220972676,2.303304425414489,6.091316098105733
20151016,3.622139438258274,-0.41362493675408707,1.565971405953166,2.4738938891385787,7.009465062455619
20151019,3.6977818814521677,-0.30912652886616165,1.5076200690387938,2.658801365914684,7.590757632784571
20151020,3.824247339099356,-0.29608968256035567,1.475875882848534,2.856228772561038,8.215392725008073
20151021,4.16640013247353,-0.17834580052499316,1.4416316399547613,3.235648654122809,8.871202588303735
20151022,4.16784034377255,-0.601749358750493,1.0012632327545303,2.952369032453146,8.95460639797264
20151023,4.274240891274224,-0.6384221730171314,0.8062039129625634,2.9696405367190746,8.896758783874555
20151026,4.220626840391049,-0.6152863260325798,0.6596213833330064,2.878123473670023,8.338055870746505
20151027,4.255142749910893,-0.5353396517478617,0.5031439516347093,2.8719357286188743,7.8475136504767935
20151028,3.8983238148922537,-1.0354913708770632,-0.03232099178337038,2.204118804898626,6.527533979979033
20151029,3.9934777411539972,-1.9788077704499132,-1.0701438976117927,1.230634609734885,5.7173637329782965
20151030,4.348773828007332,-2.6641190355637505,-1.8280073909814714,0.5658281358171874,5.315433700303314
20151102,4.9099203418113015,-3.078679052728766,-2.3696639333031277,0.045115801711742856,5.60843019849312
20151103,5.517724413050327,-2.966783788790453,-2.0639446638905996,0.13776462151413693,5.992488447559797
20151104,5.801500557481517,-3.2527865230798207,-2.058933642166085,-0.39743975319474956,5.769974130575991
20151105,6.299695167612543,-3.418360362036355,-1.818146479505675,-0.7551659341285785,5.886948254271827
20151106,6.9859172544712145,-3.3988554904962975,-1.5011673353865327,-1.135186155144087,6.155189782348234
20151109,7.319851869827066,-3.6048286658268416,-1.3617680282699085,-1.5844594982408713,5.311703246709895
20151110,7.856133526396326,-3.5407855609148884,-0.9417330343176183,-1.8036869236812807,5.101199678666018
20151111,8.519232525922565,-3.0177761453489094,-0.180979109161919,-1.6415414330202578,5.091170219317354
20151112,9.112237060214165,-2.5669954518501266,0.41613043075715883,-1.476829454634328,5.366840705602385
20151113,9.73934910542474,-2.275110340303745,0.9501529124433631,-1.3919192454772085,5.779061644475662
20151116,10.848854922522776,-1.946109901295826,1.514862896172334,-1.0930687240792618,6.489214108574051
20151117,12.014621602817273,-1.8889452248699037,1.7103749051989827,-1.2181491257809514,7.338775816764457
20151118,12.803567179886457,-1.7041035012741523,2.021451718961156,-1.1267011329467806,8.312100145594332
20151119,13.691856469126016,-1.5823619371005013,2.4272914138206194,-1.0057988920967196,9.188644557536517
20151120,14.83317029380546,-1.8239376629065918,2.702749403383834,-1.2701748598934244,9.732946370517396
20151123,15.246258617947078,-2.012817964020562,3.123841135344783,-1.4522499998918965,10.291827140132916
20151124,14.458762341983851,-2.77491403055428,2.8046398461395645,-2.1909995797724884,9.875445974506038
20151125,13.752776370412782,-3.556465579064662,2.6606018825234483,-2.7630572918083534,9.469305943410186
20151126,12.68538257626816,-4.240972854676568,2.5969747790515094,-3.2040704029250757,8.809748626615093
20151127,11.860660619187572,-4.64129098618446,2.5156822961883627,-3.6018492527720927,8.471717432865445
20151130,11.293802054956611,-4.667393490836155,2.633323903103282,-3.6977133669636264,8.153040560916658
20151201,10.552097580378986,-5.110141682168277,2.3756620155322072,-4.10670865199805,7.629057459222071
20151202,9.977025045403932,-5.497064241090573,2.287914180187534,-4.54453668100398,7.083740298955955
20151203,9.616765112428457,-5.663145241649571,2.308692403510019,-4.694870879147599,6.772091388285601
20151204,9.200997226061718,-5.5964441025363785,2.4251908416366112,-4.645718240259039,6.417367126793627
20151207,8.811049179740769,-5.452184446549044,2.3195954109224726,-4.595153031761111,6.218703854793619
20151208,8.66922152588595,-4.908735483079054,2.651699783323672,-4.092210199552847,6.311231663854059
20151209,8.744355141256348,-4.2967041580395415,3.0090450185989615,-3.3342981889402834,6.316008664441331
20151210,8.829878990691348,-3.712888050372964,3.3074937359751053,-2.73947165270335,6.312809681074495
20151211,8.581677565155776,-3.3339289744032663,3.2462386472208826,-2.376100456552908,5.948899875575256
20151214,8.258311834721964,-3.1197288449425806,3.0903253080384885,-2.1754760935574944,5.613413941666781
20151215,7.928366507095387,-3.0618239383010204,2.9193177183790735,-2.134475528540116,5.218552492515411
20151216,7.469549373051396,-2.9034991445129292,2.8992601684845076,-2.011359222998028,4.839983796938073
20151217,7.356776471496232,-2.3763428620405627,3.3226003443180057,-1.638899165101062,4.795147814873438
20151218,6.7748677813622225,-2.198865402088832,3.4586936177817473,-1.5727272703909532,4.48613287893555
20151221,6.094224686277641,-2.4373044173042655,2.945211481572524,-1.7227299226756327,4.218959628640704
20151222,5.645892894395369,-2.779482654227782,2.491059199751783,-1.9409792190848274,4.095199934286855
20151223,5.313670056371984,-3.2164654169588816,1.9817480959798621,-2.1417902590335114,4.081954764852157
20151224,5.1319712804165505,-3.5565985806442577,1.6771609933426788,-2.203592352519037,4.136520320090551
20151225,4.96313811101402,-3.904551024824683,1.2246219474317566,-2.371334369610198,4.176957080995828
20151228,4.931844805871422,-3.8441949490789056,1.2012377826016556,-2.1688234305324063,4.376120644274018
20151229,4.558460320262324,-4.213549817838723,0.487125826525315,-2.315428218571287,4.333459143574611
20151230,4.337178617534008,-4.41080912854357,-0.09688846643940113,-2.2326494875200407,4.34129773635685
20151231,3.915310240254492,-4.618456047066749,-0.6664421951766983,-2.1016680884404892,4.378495804945658
20160104,3.734133002104842,-4.788549075934574,-1.21617510342274,-1.9388416940576063,4.651466305559423
20160105,3.493963767316442,-5.190320470621121,-1.8022401950927276,-1.925463540315154,4.8921606448268085
20160106,3.295242953410276,-5.178339535888732,-1.9999013961253704,-1.6414955888342764,5.091742146884146
20160107,2.981016196957036,-5.749420159838749,-2.4394583209255924,-1.8528298058285502,4.964791077500071
20160108,2.5670261674426746,-6.076274695015548,-2.7256561841591576,-1.8957257063065875,4.671855688387315
20160111,2.1937880945866013,-6.068164081327263,-2.930545372192907,-1.7249927675665389,4.482233882248645
20160112,1.7753938588870082,-5.951918880724685,-2.9868432816268924,-1.6753382410759803,3.9415742611317333
20160113,1.3044244443600808,-5.757929177343984,-2.971489452300716,-1.507094656748337,3.5125299190147987
20160114,0.8623175664555324,-5.636207701193147,-3.0499144342815496,-1.4433548521644757,2.7413229807652
20160115,0.29239314431111774,-5.714386480040742,-3.3678846646126908,-1.4802257554297633,1.6963288236251384
20160118,-0.690302535902269,-5.592322780437831,-3.732799928011406,-1.2736128263490858,0.38650878714458703
20160119,-2.2163756763898723,-5.736847776423079,-4.187855780255347,-1.2630256161012587,-1.234904786328264
20160120,-2.90630467982177,-4.787858821586812,-3.860238012978636,-0.14147331918725578,-1.9732253192870495
20160121,-3.18480862354062,-3.79189142263262,-3.415591764505157,0.8375000745315306,-2.3405183920467008
20160122,-3.2414771726178695,-3.0166443765417155,-3.0190973887379418,1.4554265855353636,-2.47797223524376
20160125,-3.171844253747677,-2.2266614795948194,-2.5099773895678044,2.23824185443824,-2.6999872332922923
20160126,-3.358256499708912,-1.9029680032674487,-2.3337393870960077,2.714867065193984,-3.0146945771088074
20160127,-3.3730574268624216,-1.5313993703569848,-2.3126648707835997,3.3705065194540316,-3.161542010922208
20160128,-3.24007107301083,-0.9750414994975299,-2.179673153885594,4.2919441285919335,-3.1126109062785567
20160129,-3.2836666682158167,-0.35393511053960636,-2.033412715993531,5.029270233123975,-3.19730395275629
20160201,-3.5988059168305275,0.00830662563651402,-1.905381470604776,5.709205479296521,-3.364368808823299
20160202,-3.692214517713358,0.47295820681490186,-1.5232190502964142,6.617607559080723,-3.490039945922221
20160203,-4.316223482243054,0.4571345871878505,-1.5742365771175095,6.981937054244584,-4.127415349405844
20160204,-4.880383992979091,-0.15009479510073098,-1.9303361302902489,6.180630459610555,-4.3487115766904285
20160205,-5.375754943164524,-0.9485709322162198,-2.3072983217453342,5.373752311835201,-4.263986975207728
20160215,-5.177392776770187,-1.8284424109338988,-2.7663543726170112,4.476741392602279,-3.531930644530587
20160216,-4.854915772588698,-2.4874796195715563,-3.2456024466629967,3.7219986936392964,-3.126925184109599
20160217,-4.325577488691272,-2.9044932458410475,-3.6906740569531227,3.1184035871482663,-2.6089047685426867
20160218,-3.801771774966581,-3.379709955358276,-4.2265591540365115,2.5075353222424606,-2.177789366829486
20160219,-3.8589167935520874,-4.000577023886533,-5.1533676046761006,2.0516198091074673,-2.062842219490293
20160222,-3.59791406267563,-4.46048952307275,-6.012750331047278,1.7931064057912398,-1.9363637714035458
20160223,-2.5650613274741283,-4.193448452034308,-5.959447094986112,2.139579905644037,-1.39253483551122
20160224,-1.5474368943561683,-3.6036129428210235,-5.471370164463994,2.6023881014361727,-0.6768326120451784
20160225,-0.6632975156982746,-3.0999144874104885,-5.13868765209575,3.053802026554823,-0.13564763948770855
20160226,0.1184202949476466,-2.725646692166148,-5.053996257434,3.5863635921504957,0.3398089549278221
20160229,0.8636628226602555,-2.381260909691697,-4.880695996601508,4.15266128930047,0.8991825838403277
20160301,1.1075457601277297,-2.4096188299590513,-5.067950366279326,4.319736666412163,0.9426477238196604
20160302,1.6497616590677306,-1.7504128163550297,-4.505396832532024,5.084101550206891,1.1261414237921903
20160303,1.7386148583944125,-1.049469646033978,-4.018516706111614,5.903468246167532,1.1337042650512092
20160304,1.7057500415639462,-0.6276514447572418,-3.895316361109178,6.283362507416552,1.0077453072023324
20160307,0.8161394725574326,-0.8193468822659457,-4.20579329332759,5.734390440327736,0.07787826614653996
20160308,0.643936795154681,-0.760069055902726,-4.322497589969035,5.731002184414006,-0.2613542937667988
20160309,0.6050294526027374,-1.2104988566534747,-4.958646437311654,5.261673807818549,-0.6446256316264579
20160310,1.0013355215209288,-1.496439968578835,-5.140369975981807,4.950506603475568,-0.5558155506764222
20160311,1.5393321330875813,-2.164246508451546,-5.454777423607226,3.9859737874287577,-0.4972091726835565
20160314,1.772467604163943,-2.780184122317477,-6.283628381455043,2.958254763204128,-0.5393944835263
20160315,1.946361231572748,-3.4318469428231873,-7.132605035780316,1.9658445126712822,-0.4266976500132765
20160316,2.263339091682287,-3.914947226286282,-7.78633395819667,1.1821511888968945,-0.327068545296926
20160317,2.5738487397623677,-4.6507061781678045,-8.492732676909615,0.16839792322834488,-0.2747592731964138
20160318,2.593843037849509,-5.371479272127788,-9.116529573791697,-0.8441565031389364,-0.4123922589222325
20160321,3.1472622007049225,-5.86058152562549,-9.599233085264494,-1.7020808784859678,0.009653611096906108
20160322,3.3423321364387704,-6.2429254841071975,-10.25436738337952,-2.534384135286462,-0.06271716398531334
20160323,3.4525635410835376,-6.632140746494092,-11.251371956058247,-3.1266619698645246,-0.17360427707393714
20160324,3.228791960191692,-6.669510002384307,-12.025289741581439,-3.3174726359126003,-0.564805981498321
20160325,2.919807836839551,-6.684621913415145,-12.571908380500648,-3.548982936625506,-0.7637161312203379
20160328,2.791242560202817,-6.671541338928448,-12.920842156608174,-3.65786286771432,-0.8630093178291353
20160329,2.895052434297539,-6.62173603831666,-13.243986709205204,-3.6945633621923215,-0.8444064221242966
20160330,2.9327176347130557,-6.511665425496448,-13.173908826090985,-3.5396656925320875,-0.8150239959378567
20160331,3.1617093260202718,-6.598779267625224,-13.229184730215493,-3.5169167951813205,-0.5219648735560904
20160401,3.0928715591055425,-7.1669163041007105,-13.71522538350687,-3.887320247509942,-0.5082245586479449
20160405,3.148277928824761,-7.521272619774357,-14.143294549941121,-4.189376505287045,-0.541757811512149
20160406,3.472564605262456,-7.165632687934556,-13.80120532238652,-4.055192900169031,-0.3725309402046898
20160407,3.7228528358203694,-6.991613938515074,-13.62154851659439,-4.146969599013594,-0.3122715293529672
20160408,4.007017552922229,-6.588055274566699,-13.160486586574876,-4.02568124208343,-0.2970321394539347
20160411,3.754763069613911,-6.2172247530602425,-12.528225061722765,-4.243523843260886,-0.7430555401868472
20160412,3.0208786303888853,-5.733598523550804,-11.481635633266427,-4.178531434343415,-1.6261589927636164
20160413,2.0090427318138313,-5.6188038721931175,-10.864532185228528,-4.323337503754028,-2.389834299534787
20160414,0.7884088836093037,-5.757719195503422,-10.52902782627137,-4.656481928913404,-3.3062473018533716
20160415,-0.2788707991562221,-5.739854692240562,-10.272964170082915,-4.705453006159393,-3.993984017728788
20160418,-1.3770572739264253,-5.800306978198739,-10.113803992675658,-4.870981245550734,-4.874380225948239
20160419,-2.1974476435907593,-5.975822656439948,-10.093260889099296,-5.2159018591488815,-5.44194828188368
20160420,-3.353772407939079,-6.517091694348315,-10.57658413769701,-5.874965796610545,-6.426502273373773
20160421,-4.815400951886801,-7.493782682021791,-11.702268821499894,-6.845561655933836,-7.800861313193091
20160422,-5.2568155868571935,-8.010049479963543,-11.730323897316804,-7.453660213759534,-7.704436908278461
20160425,-5.60665042394294,-8.419974301216232,-11.867945935499337,-7.92611113688833,-7.694960518993012
20160426,-6.298858800146012,-8.747715882535292,-11.841238188798236,-8.30189572832618,-8.113476723157476
20160427,-6.888223220772911,-8.998297376227749,-11.655967656650517,-8.612771920285846,-8.451215142345774
20160428,-7.394181053140716,-8.94930702252586,-10.916868594770017,-8.478242422052464,-8.44778590847253
20160429,-7.695835904253719,-8.676239469744155,-10.143035592023637,-8.114363581605712,-8.293458740261205
20160503,-8.109214695443292,-8.551420602442533,-9.218456144432972,-7.907886636295175,-8.33975916325571
20160504,-8.031047220296712,-8.24654785865663,-8.299660865495925,-7.642679842973706,-7.853210633376276
20160505,-8.138975147574449,-8.24969149827536,-7.64502659266109,-7.55569548527073,-7.784752770583678
20160506,-7.903638711684897,-7.734412761103564,-6.655453212229439,-7.08883376203871,-7.47694732914662
20160509,-7.9957378507010795,-7.661823733254094,-6.381070685462509,-7.05321331472801,-7.531472433431831
20160510,-8.021720766845817,-7.137000071964019,-5.984044017064061,-6.730900918449534,-7.324552071867913
20160511,-8.364152745529038,-7.148896915969626,-5.719750582860946,-6.744878412198842,-7.4932917396688525
20160512,-8.874417009585684,-6.74921563803031,-5.13139859855408,-6.685106948738623,-7.835644821141337
20160513,-9.164190944705998,-5.895733187065077,-4.286475927580375,-5.929186229602235,-7.8574564405003855
20160516,-9.369773995332105,-4.819695195219843,-3.2219485492934226,-5.133126167042214,-7.872028091293782
20160517,-9.535229218176223,-4.038069681720327,-2.485459636414688,-4.633648822416335,-7.962797979340334
20160518,-9.782960140008159,-3.225402791330991,-1.6089181308819185,-4.13071582959242,-8.225883031626712
20160519,-9.894354671817323,-2.3403005600070492,-0.6000672687548577,-3.555508376550954,-8.356058696527974
20160520,-10.19963489762773,-1.6706194012370197,0.0709566504548042,-3.130002884789452,-8.612913830878638
20160523,-10.485106634839687,-0.9776192753985453,0.8228017300604611,-2.564702343621308,-8.597771456399714
20160524,-9.855816945465333,-0.4107001406103534,1.515499667490667,-2.0086464749062514,-8.054541033093555
20160525,-9.705624615282305,-0.013595824038471148,2.0524347418314104,-1.5496552783861692,-7.704911310745147
20160526,-9.919338886592906,0.14935287299951427,2.2749120897250816,-1.410963372611666,-7.742403370183434
20160527,-9.945556325316629,0.33597157374845077,2.387598789423898,-1.3320819925057656,-7.760864773740113
20160530,-10.382496523798395,0.37813933599709004,2.4075698293095815,-1.5022948717021658,-8.254607932031787
20160531,-10.640882768084213,0.80729690274898,2.6595393613164364,-1.391804378867842,-8.683527074500017
20160601,-10.696216778366615,1.1108330301787543,2.815260330530202,-1.3574465428305977,-8.822188257625985
20160602,-11.019670343060707,0.9824733830827161,2.6735957897762836,-1.5171724440145582,-9.290385374055122
20160603,-11.640898425951384,0.7345409912109354,2.4945191244055764,-1.8417614051473188,-9.899510378371197
20160606,-12.407393973397353,0.35160674472561765,2.1761756895753357,-2.27648715338163,-10.499935589155811
20160607,-12.99318863145992,-0.0451352892563506,1.6718206085663232,-2.5818323733899557,-10.935476441035638
20160608,-13.656483384037282,-0.2182053035929908,1.4746055313221766,-2.743344124183965,-11.281018969735678
20160613,-14.250647114118642,-0.18244335889467936,1.7152736797225647,-2.7155387943908864,-11.717032084106519
20160614,-14.104408572934219,0.04804312306762261,2.169669065767863,-2.541414545863201,-11.902582842051924
20160615,-14.096608044707668,0.3034924825131243,2.6456974441340066,-2.451437398257098,-12.288615347778478
20160616,-13.551035905175379,0.7743190079414255,3.243772115287832,-2.221151863383538,-11.942541933057411
20160617,-13.1970715540372,1.1958297420196993,3.860675362464623,-1.8616660199589372,-11.739274794242743
20160620,-12.736359204128826,1.7717384541031431,4.491514014745666,-1.3823974013097786,-11.337792613732617
20160621,-12.003862721215036,2.429738607851153,5.2648282081735776,-0.6308080210857733,-10.647314751793747
20160622,-11.792955287584931,2.7451286284356815,5.630923720812987,-0.2597554802279944,-10.698942810795563
20160623,-11.681705516655809,3.0466460653772303,5.994647582398188,0.022763318271621466,-10.739639927069087
20160624,-11.308337561702896,3.4735917289442364,6.3514767240385,0.41034317522267505,-10.561092871748194
20160627,-11.3324784341646,3.4951053291266794,6.345026594765655,0.4421232708796999,-10.786233358408818
20160628,-11.62545562559179,3.082649352442144,5.737072480764426,0.036627871809632576,-11.395914783143786
20160629,-11.810013896211109,2.7031888471117513,5.340385148131212,-0.4573462142793436,-12.118794696136108
20160630,-11.721888518440135,2.238089403171717,4.8641322359289045,-0.9390782824226058,-12.555874515020923
20160701,-12.040338412637443,1.6851737825896165,4.50187815234622,-1.322038665995493,-13.27153703159023
20160704,-12.38513893881871,0.9124758388510185,3.9613079695465334,-2.0833560927557055,-14.040852086818022
20160705,-12.48524912252183,0.23928855912298808,3.4306832482613996,-3.018781828045569,-14.036386067706106
20160706,-11.929975446127445,0.5032733598901536,3.6514014041066254,-2.779182711166356,-13.390950422547137
20160707,-11.097569500912037,0.9425781045194583,4.106062406793646,-2.3846972373892474,-12.54439971224256
20160708,-9.870060962044576,1.604616990157215,4.616942396199204,-1.7473611682360801,-11.063554432144134
20160711,-8.98126972717696,1.7198187783492624,4.586914140228853,-1.4351321502125527,-9.849796803569387
20160712,-8.529966762677681,1.4741206281446166,4.350859397864911,-1.5938042407540194,-9.208485304422446
20160713,-8.37960180157986,0.9279449271422525,3.9549757023742336,-1.9448184841995075,-8.845906366976582
20160714,-8.326731459869267,0.5722255995835623,3.693303601420235,-2.0398425340437996,-8.445061054629656
20160715,-7.718523238863353,0.19387652669573,3.166935032438091,-2.0912586735274497,-7.542175318008715
20160718,-7.017322298329426,-0.25842676734010817,2.5435622236000195,-2.205895118723284,-6.622328380807879
20160719,-6.51651672194105,-0.5306060719097202,2.1735961089895435,-2.27478527537223,-5.928525781305201
20160720,-5.9664322342411955,-1.2878693819210294,1.3607583864526729,-2.8235759268607206,-5.334198354945098
20160721,-5.772974269525357,-1.6890375604483938,0.9550087293600236,-3.2372647651906967,-5.232882349442488
20160722,-5.2283004444898,-1.7598969591982365,0.9318995096562066,-3.4296573223798568,-4.834815511701072
20160725,-4.525905525060952,-1.5310040371559852,1.27034657621013,-3.203908460329573,-4.278223421875866
20160726,-4.0169950135973345,-1.3311143985000378,1.6211492125511027,-2.960070780156912,-3.9290140655597643
20160727,-3.349454202870157,-0.9686673804115125,1.9136232788167626,-2.433806411761007,-3.3747066507781787
20160728,-2.968116965084039,-0.8241485085073044,2.0605607772049277,-1.978325468700512,-2.957965740781137
20160729,-2.594203764914086,-0.5960295528876336,2.1144269635372424,-1.4558727371229907,-2.6482211912871456
20160801,-2.123529037715278,-0.43560925352260776,2.0362221791182167,-1.1545105955402224,-2.198525247921965
20160802,-1.3923389509090607,-0.014489323212334355,2.065626688203209,-0.5763548151065571,-1.5422124185531516
20160803,-0.6204187060002693,0.46887159939509915,2.0990324409731826,0.09207444342478088,-0.9654249173079329
20160804,0.06324422349412587,1.0221456082615572,2.308272789642436,0.7999471604631779,-0.3864973446835563
20160805,0.6312591147539176,1.4047981399760825,2.328559621852327,1.3044195003312442,-0.07431375897786334
20160808,1.575010893400985,1.4494961491981746,1.847013449732163,1.4501558129989598,0.5400684044489655
20160809,2.0048584785168013,1.14392025347483,0.929832419062547,1.3078978632198184,0.8393787138498076
20160810,2.4123861210614286,0.7283090134984218,-0.02104037083779403,1.1710009391375813,1.0913546349346526
20160811,2.5647433612194996,0.349454531512399,-0.680179043685146,1.029196612091257,1.115242831514175
20160812,2.882784610478458,-0.017883796854228466,-1.3737671694592233,0.7687629850460379,1.3885277231678879
20160815,3.167121430897799,-0.6677239964871743,-2.209880518325874,0.17758505913444086,1.5409915524234583
20160816,3.375184150588099,-1.2650367497432318,-3.1206245295340365,-0.4819512352277668,1.6410391007542735
20160817,3.7804924069556436,-1.6440115474876058,-3.875240755019281,-0.9353737536075234,1.8459806765816773
20160818,3.9973902690232577,-2.1385853975971814,-4.651015659887864,-1.3871334189580835,2.0771210267021867
20160819,4.2760769038421165,-2.892159661172738,-5.73228095708679,-2.2414801254098933,2.6031339325034955
20160822,5.087146547022403,-2.8710132197908704,-5.96335737993147,-2.2458133800038333,3.419122472396764
20160823,6.301236781626105,-2.698582360797066,-5.888126360868861,-2.0635247762423066,4.490580206245859
20160824,7.1610436041557595,-2.8006212394831227,-6.274266097846362,-2.2323454965515808,5.509085572750216
20160825,8.136511361645228,-2.2854404861567863,-6.115862109798329,-1.8078800719069892,6.335078692871902
20160826,9.553758580261563,-1.5395618791804997,-5.825008921892725,-1.2582773487958359,7.177926479529344
20160829,10.80117715299959,-0.36763941538825107,-5.279697250815052,-0.11962292710233308,8.06294428624747
20160830,11.5323462330296,0.30626298579416233,-4.970100066305731,0.7426164184141514,8.471323140610322
20160831,11.608135212352096,0.4326966331668646,-4.922300734691594,1.1102386785198433,8.567617511854518
20160901,10.943357415669837,0.14247741152138968,-5.434216313818893,1.1897840964123878,8.356148770437896
20160902,10.0463287625282,-0.16739665476845333,-6.120262235848449,1.241474999669673,7.83916800727501
20160905,9.862554367962819,-0.3594419213514085,-6.687076661020657,1.3435749657451967,7.628625684694162
20160906,9.82992882669053,-0.759333377996505,-7.416334019261729,1.2649481823195639,7.393149713821065
20160907,10.030672852270946,-0.6334032477271657,-7.68601835587493,1.5530508794981117,7.528460991088933
20160908,10.161164972328116,-0.4165519791689927,-7.75119446502837,1.8765813914610634,7.683677159954946
20160909,9.617683547572673,-0.4695015622424494,-7.882000922296388,1.963907242293827,7.266722110483154
20160912,8.719641060605287,-0.18780600935395564,-7.598975983669074,2.386365829355888,6.715142715937291
20160913,8.447148266864415,-0.27641461312070814,-7.635039620534492,2.5053723071448912,6.622610031354156
20160914,7.921512755844901,0.3971538379361711,-6.786669685645304,3.040830748682369,6.354456126515784
20160919,6.732197721582806,0.545384823120691,-6.470158665795876,3.232353414330794,5.832265678731965
20160920,5.38876371737333,-0.014461877049443985,-6.794584304293274,2.657083771219483,4.790870786724274
20160921,4.223690955694648,-0.5490699603039365,-7.258379621496898,2.104787651562168,3.966195852126519
20160922,3.507484264882685,-1.1287873824803127,-7.624849594727093,1.4908733947167911,3.6239433277720248
20160923,3.1565127916201203,-1.670912623531251,-7.919920363889947,0.8319303625137211,3.5823233468880953
20160926,3.13658356972912,-2.3419545452921064,-8.426518012009073,0.058094709886749876,3.690239406760935
20160927,2.9932993869794937,-2.7680219966613695,-8.54881105177573,-0.5715329574275957,3.822068729332803
20160928,2.9437750399265195,-2.650600666522879,-8.115380230148972,-0.6362505810860083,4.10143737283389
20160929,2.505238684223482,-2.5403260742150873,-7.55743112415005,-0.6664285434759468,4.026569078456086
20160930,2.126205894515131,-2.456458548941067,-6.898746843665287,-0.6440141455202615,4.2211458218435
20161010,2.037815893889937,-2.3912292477137878,-6.131449303306988,-0.4492821204661115,4.4320641225517186
20161011,2.1917280312504435,-2.6721488726293474,-5.7258714921554565,-0.679813204299157,4.774272924459265
20161012,2.555722501451418,-2.6524518454029713,-5.278254701614563,-0.8522999075131447,5.138417440187808
20161013,3.1266735880801617,-2.3079343567093487,-4.6027818865517816,-0.8504763507074947,5.707200314461846
20161014,3.632795645299831,-2.244264417087212,-4.209499004988359,-1.1693396432691976,6.260607593612095
20161017,3.876546735012208,-2.755951450570374,-4.357582484063459,-1.8822185875124307,6.179513671566271
20161018,3.9473756300180267,-3.06776214323928,-4.498404520338743,-2.6453770252135893,5.9677868861575725
20161019,4.267234983625449,-3.1956466420748324,-4.292609023697517,-3.256725688281333,6.158612443713604
20161020,4.309206015766477,-3.110004569480259,-4.042554216715106,-3.5832816772031255,5.862795091997955
20161021,4.3495670634563925,-2.947643192773012,-3.6125901310094735,-3.7183003023180285,5.546270377396563
20161024,4.148620088530773,-3.0222572045585583,-3.6220095389107847,-4.080180896496088,4.969079847487869
20161025,3.9671676481129228,-3.1371110191649603,-3.6181541388961285,-4.268451820451622,4.363723466284072
20161026,3.660338076802279,-3.5852700721619675,-4.0368465380846255,-4.790196959108242,3.7654259999013635
20161027,3.177445304583156,-3.65870351418438,-4.121410538859386,-4.963852684125213,2.868481335582115
20161028,2.7210930752677167,-3.715829728955565,-4.119344648269095,-4.972096656144222,1.992683255379808
20161031,2.5437203397637376,-3.8390186526661862,-4.143608847773165,-5.158316073445826,1.7070360547097774
20161101,2.1718138598833954,-3.9829503927267753,-4.118178724522069,-5.415574004681391,1.3741504163585763
20161102,2.2716108805304884,-4.012663234530678,-4.059173922796324,-5.470708692026871,1.5064200327690118
20161103,2.320749366163475,-4.001897386515905,-4.123961694058375,-5.561638438536513,1.5807975188682297
20161104,2.1317532335420313,-4.120690734878861,-4.454279268415711,-5.750045315312574,1.625499779395506
20161107,1.8211645314838745,-4.4137157262316125,-4.928418688794806,-6.084297932186589,1.3487040510909392
20161108,1.4332336507963472,-4.822812669432479,-5.3680548764570215,-6.5375987083629115,1.009717571953245
20161109,1.0400124228090022,-4.783095378092957,-5.286489064239951,-6.595766036170403,0.7649922927647538
20161110,0.36273035297280243,-4.789929068428914,-5.380433926501952,-6.823820830443328,0.24052533771873133
20161111,0.0059034367891010854,-5.0634550312938424,-5.795107015586076,-7.312259980351711,-0.2994825090510333
20161114,0.33674449386701066,-4.630255293337941,-5.443701303187685,-6.883006339455387,-0.21466151427388452
20161115,0.4959039681025841,-4.26507645026333,-4.986038953917709,-6.46138667185118,-0.1299540788559151
20161116,0.4684626101214786,-4.388504321058905,-5.079745069922265,-6.607781935063107,-0.24023946454655357
20161117,0.40906470608368944,-4.360128120169781,-5.024498582667665,-6.609629773187223,-0.37994330635360407
20161118,0.249569001316675,-4.67693743209159,-5.287952282012146,-6.893746054226123,-0.5398689542767044
20161121,0.21151963931650805,-4.944982209045478,-5.545518452238997,-7.144308656019352,-0.7082000470717923
20161122,-0.07437466157626005,-4.786472506720608,-5.350779287626141,-6.932997117903971,-0.8910511989967438
20161123,-0.346601296736305,-4.759949340347874,-5.216928679939222,-6.813723321897687,-1.0270147550138895
20161124,-0.725662626611048,-5.039273210175373,-5.342316588407968,-7.009860872538737,-1.1370459342078998
20161125,-1.1018944120495788,-5.4206010179852715,-5.544404248966161,-7.325417092493968,-1.38395548411865
20161128,-1.856870888562123,-5.688165202920713,-5.6126034837588445,-7.597328842363158,-1.8955118908096922
20161129,-2.42441389763397,-5.892765506325609,-5.55715527384436,-7.761093380347242,-2.3108118146500374
20161130,-2.7620672274725013,-6.282096829209209,-5.6866630001399,-8.306654146538609,-2.5085022120357143
20161201,-2.909075841545157,-6.69685553240849,-6.0041549911022765,-8.741813496983719,-2.652318664667718
20161202,-2.8852163514381717,-7.055835728650818,-6.537026809269247,-9.210695760413241,-2.8105295573004283
20161205,-3.0285876554174878,-7.295245204051592,-7.123664957949588,-9.731267472512764,-3.103662375997333
20161206,-3.210474732002229,-7.227330476738093,-7.463958462247732,-9.818100486461855,-3.2631914876825987
20161207,-3.578582535863243,-7.394769026490006,-7.964749866432607,-9.941919743236156,-3.567957603841503
20161208,-4.021235814150511,-7.599819208207646,-8.226059521186109,-9.916206895758608,-3.8213554441887925
20161209,-4.027948674033788,-7.549557328252275,-8.390125917181557,-9.54413139312733,-3.75596155969092
20161212,-4.411295215211401,-7.558718800389579,-8.683897558129425,-9.39790495620584,-3.86581708837185
20161213,-4.6588621382210755,-7.367266689330839,-8.423658579107112,-8.894488780936983,-4.034175266892589
20161214,-4.696103198498588,-6.948508512435961,-8.542841896528966,-8.158371561845689,-4.116321285997325
20161215,-4.573092120837508,-6.905815740835963,-8.991631384404805,-7.703112707938238,-3.9364659307829175
20161216,-4.5043064503534,-7.0381183829372,-9.551990274005856,-7.444404843765045,-3.755811229063491
20161219,-4.325463977026018,-6.917859836832442,-9.501314320571694,-7.039779974165568,-3.565732653554659
20161220,-3.8777466885000753,-6.379897111095269,-8.997317549312854,-6.300148699855094,-3.100327576673361
20161221,-3.2661807357295456,-5.732606848038046,-8.20669814720139,-5.598552920222574,-2.4957497775926254
20161222,-2.4509007755938508,-5.241473383608772,-7.6245507483017505,-5.131376493537895,-1.6345008172997868
20161223,-1.8391078579365598,-4.449236180513811,-6.74909515883639,-4.343793469914193,-1.0314570623284454
20161226,-1.3818587952199306,-3.92944268069857,-6.304500448816864,-3.6908028910781647,-0.4652261348935648
20161227,-1.290807785975832,-3.9451368491387666,-6.478975307627711,-3.477273792342819,-0.2604176505959475
20161228,-1.8383547759247871,-4.120174608335759,-6.7274809511445195,-3.4678714231175545,-0.7898610172100269
20161229,-2.2067066823535675,-4.2769719055221564,-6.82281330972098,-3.381437414637913,-1.2148910599342788
20161230,-2.4039887039098806,-4.518520584222675,-6.810748248336936,-3.5150059209651907,-1.5638057870333595
20170103,-2.1168467900192205,-4.340731735743401,-6.6025713349273,-3.3245797017077385,-1.4188677091335036
20170104,-1.8189286381957739,-3.7176250837206277,-5.852861995280916,-2.896972599622369,-1.3402283625890206
20170105,-1.536833080355637,-3.458808274923121,-5.3714367831470975,-2.722546146270543,-1.4313676315890347
20170106,-0.8094058676885153,-2.818733072569833,-4.501773825812331,-2.0614053116660354,-0.7678604009653206
20170109,-0.06004511860687628,-2.1227344574715596,-3.5670391263706542,-1.2272109156262352,0.24313945268018575
20170110,-0.21482296895290295,-2.5513261977949546,-3.8465002325385185,-1.3870576781197397,0.3025113844151034
20170111,-0.5318612541875418,-2.9474730941807237,-4.346420719001429,-1.6550446847402003,0.0035342496483573697
20170112,-0.3964719416663682,-2.953098984435734,-4.24932157501517,-1.59946889782967,0.23240499087505428
20170113,-0.6914721426244033,-3.066587183155279,-4.259063887162891,-1.6118761375358026,0.06470886271414783
20170116,-1.1818714672541304,-3.339770036143455,-4.484677303854321,-1.881234242179746,-0.41324949518141463
20170117,-1.330256439524721,-3.3624845354003066,-4.238239043019566,-2.086596964803964,-0.3652235993547286
20170118,-1.1581821921860112,-3.41268215166267,-4.284431129067125,-2.074867420144379,-0.20108369769532916
20170119,-1.0657455873414763,-3.390189364450077,-4.190231422855412,-2.144226600130072,-0.19426774285919907
20170120,-0.8117286454629269,-2.6263264248904017,-3.6382604547052955,-1.408270918951537,-0.21203769585375526
20170123,-0.7065452944389529,-1.4390731130691357,-2.740393856615931,-0.16379052521938103,-0.1227419349495423
20170124,-0.12872576364859684,-0.7149912371927593,-2.3521220593657652,0.7786106195918729,0.49749237639564503
20170125,0.43864902919769166,-0.06537169310749888,-2.196224050237873,1.7204305544404657,1.1292128214163766
20170126,0.4949460470581587,0.7453492465989723,-1.7835152256267766,3.01037931839233,1.1512745723154605
20170203,0.6782375058140417,1.6681574668286998,-1.0630083338933587,4.183021778964123,1.2626081007135654
20170206,0.39378344154598904,2.4852175930612765,-0.21855597254927217,4.973389055909838,0.8450479908373916
20170207,0.322186452173991,3.200402678822442,0.5918015674715261,5.763344851906982,0.6718741284059928
20170208,0.04667089756653984,3.4972369180242526,0.7968092049990133,6.0405404356516845,0.2487105557907672
20170209,-0.06709665622769363,3.943190337033441,1.3011540178294412,6.471392018070462,0.12765093967725205
20170210,-0.5451649382036227,3.8992293134403275,1.0937419729187483,6.366430982334156,-0.45828579508004097
20170213,-1.1010084239766944,3.9843043708988874,1.2891436209428315,6.218541858704906,-1.1288016836728105
20170214,-1.0414470142536068,4.476625307998511,1.729279506293681,6.472947794733448,-1.1464758075568953
20170215,-0.7890050598979363,4.76525693766496,1.9058675459625556,6.721887613835036,-0.9076730971061012
20170216,-1.0120149601055288,4.981131882540438,2.242385877624708,6.932121517697471,-1.1168620720377522
20170217,-0.8219866228394137,5.548119037964032,3.0685889776191018,7.3469903058997295,-0.9393185910234045
20170220,-0.7163804128278961,6.052764284378845,3.7033573533609503,7.700147443019398,-0.8154248601926616
20170221,-0.8388885072387473,6.758451058675026,4.275515790849483,8.26705851988945,-0.9157420451419874
20170222,-1.167418746720586,6.974952040786077,4.434853046419008,8.300975249390838,-1.307698116571619
20170223,-1.283788426145757,7.395785693557614,4.799968277958703,8.491090163965081,-1.4270926040823297
20170224,-1.5102708714333846,7.348655612102156,4.767706697505254,8.374754525559645,-1.7348714022199307
20170227,-1.7744199822523266,7.063442126552217,4.592549361636602,7.895539910081923,-2.009817278739104
20170228,-2.153803602440962,6.930147260857273,4.666801760747994,7.377086471972542,-2.3856708644611584
20170301,-2.410562311978556,6.870086107454308,4.832770731977285,7.1919455912018755,-2.660320324007725
20170302,-2.653202410131015,6.6831229877508775,4.924459334964025,6.857711154005906,-2.9388464380706223
20170303,-2.8380002893678253,6.643824660130627,4.942226445618463,6.667051494310321,-3.1491831466137805
20170306,-3.390103228971435,6.503088825765912,4.764097170855795,6.602784936707937,-3.7974076952985207
20170307,-3.9777719701606005,6.5419111111995525,4.857282808000073,6.642180778130056,-4.491466692855661
20170308,-4.00663048377143,6.567588689280568,4.993209592219053,6.868041099803028,-4.411558515162019
20170309,-4.0386620501735955,6.572513623595626,4.930782056320962,7.252308863318212,-4.397097343621287
20170310,-3.776625537351612,6.73175476019705,5.074085717570418,7.716846257027151,-4.18924259567926
20170313,-3.7627733146930438,6.884323897470801,5.4355355435652575,7.476291912346672,-4.129464010786469
20170314,-3.5251875183361814,7.4106567444394535,6.121331196013468,7.47255451353098,-3.8176239128863605
20170315,-3.188934162332938,8.091922765510036,6.704262220279348,7.63130647980262,-3.478080866839321
20170316,-3.0577507621977293,8.616880814287814,6.878443877039052,7.857259514221131,-3.2041948485702503
20170317,-2.4399907608201934,9.038721389869325,7.093683319205019,8.052060349579222,-2.5180214364906033
20170320,-1.897181179410234,9.491917336920741,7.3082317730966775,8.463839853338381,-1.9674168857415284
20170321,-1.159792020601093,10.057805181457374,7.5357533023528775,8.955331707073704,-1.3274267330875194
20170322,-0.42363078379643226,10.548535626451686,7.638495041673783,9.20487393380503,-0.6938585782018871
20170323,0.68075919189278,11.14978370823498,7.976065215651041,9.660183804601157,0.2428678768330477
20170324,1.4299603290004497,11.740840742529173,8.279261338614507,10.009179721151309,0.9199753554680736
20170327,2.1318046552416408,12.199263806298875,8.630357657694194,10.449582549904893,1.464501833288449
20170328,2.7734878012079722,12.840002669261267,9.170551820015369,10.930035631515059,1.996952569604865
20170329,2.8323696669834613,13.374060916291317,9.416720195640906,11.193938863306254,1.9827309911348343
20170330,3.3649327351698366,13.986425945517043,9.595755274174284,11.556365504931602,2.276918888346542
20170331,3.6664339638504733,14.462702448806315,9.610051840669405,11.923835395805225,2.492786203700391
20170405,4.403370857829994,14.88058256053313,9.411328520932248,12.183963687624425,3.1694730944795197
20170406,4.970677407598184,15.260036816273796,9.15547912541217,12.491775198074627,3.68152561555682
20170407,6.0973208285687965,15.918933895859844,9.380636624925554,13.08676701326317,4.712257701867172
20170410,6.583389653872524,16.25955676123061,9.654673285593228,13.267271204393614,5.072790668183163
20170411,7.29097472114112,16.701067290906295,10.201686688023132,13.78056271445395,5.621950600685248
20170412,7.593236692814103,17.036603115486535,10.481827029868745,14.667894069292686,5.70601173932609
20170413,7.119554052843448,16.876433552405775,10.31753649477131,14.81286420499223,5.30289289973021
20170414,6.676403098986283,16.790667286997422,10.348757239953805,14.749045481960282,4.881459765554479
20170417,6.473392893383148,16.60124305856138,10.295030826962043,14.522490991835749,4.561666426642788
20170418,6.065133364978141,16.38595337008779,10.08487988937812,14.15835071775637,4.0699424832102
20170419,5.463537547842201,16.466664903692244,10.121163131423797,14.102865366892708,3.4168478597979135
20170420,5.332932341795522,16.317038582911195,9.978881193814955,13.839300717826395,3.1404377688659606
20170421,5.0553257399318285,16.12313912668669,9.756777741106562,13.549045091836705,2.685673209095925
20170424,4.406026546454221,15.545037674585103,9.30679607926074,12.953046999109342,1.739305550685916
20170425,3.907565340572947,15.226047314241926,9.266535386167167,12.592702625582948,1.0726902444823838
20170426,3.866129919694061,15.176061812399542,9.110785479788237,12.41030680162895,1.093948888435429
20170427,3.864138824571156,15.042977812262691,8.693695733501352,12.064970704123981,1.0827965431362327
20170428,4.005745505568215,15.237359672537947,8.522774097761824,12.007881800337968,1.2349982207001768
20170502,3.7301273492782205,15.172865648436007,8.24407175051008,11.610366775299624,1.0445438917384284
20170503,3.5350721213662046,15.250393301992887,8.102779424998328,11.392605487670622,0.8940201176757339
20170504,3.505160288070964,15.446474353273986,8.221834715026493,11.20887675589752,0.9599861017736637
20170505,3.56024849626439,15.434384423801543,8.196809799981416,10.910696102346911,1.0994409783161143
20170508,3.4753867094945754,14.962095977619795,7.44539639140362,10.191027041907994,1.055129570345301
20170509,3.3978731054364726,14.488367952296878,6.926357440444397,9.460640962698447,1.0474604935682907
20170510,2.986870495602902,13.838284291586271,6.204869612713543,8.590229112719383,0.7172872490594865
20170511,2.7526235181834964,13.10551943052243,5.1755260980338065,8.168461255449547,0.5071675624523991
20170512,2.6532301557067854,12.385886422055263,4.180988891920073,7.860329761979045,0.46856345740045885
20170515,2.8003151258888614,11.755535268665977,3.527636356953184,7.470738912022138,0.6990454934721342
20170516,3.0041312485312317,11.06751966857777,3.1493002740582963,6.782564551011149,0.9184713962214588
20170517,2.84584616026427,10.57170614555386,2.7811880603701993,6.275486196212393,0.8687520111882362
20170518,3.151022216473761,10.620388171739934,2.650846208272111,6.091334173029341,1.3349736193931492
20170519,3.3991440013623664,10.64354771751572,2.5725972455764876,6.077568878022012,1.6161763850967814
20170522,3.51071427788013,10.352512760923265,2.346505828063156,5.818821380410554,1.6804412242029079
20170523,3.393658673721371,10.002755599198773,2.0538380786340245,5.479845968987467,1.5679907358424836
20170524,3.2694810411161086,9.769127832357835,1.8704330298773004,5.286527226349283,1.3312150990814662
20170525,3.1615953086969166,9.050713234063068,1.4365340539387026,4.882526673559325,1.1607275874014602
20170526,3.227899663112889,8.646842304738698,1.2787766523847728,4.835474987352274,1.2329310622664709
20170531,3.712017139238182,8.552508408288045,1.5478833154846503,5.1021749564011785,1.855511103981166
20170601,4.058247251199485,8.36125680515899,1.593537619900509,5.2401075513565365,2.2888916128347367
20170602,4.321249911919502,7.9548678039765415,1.5475416946705698,5.025521108309734,2.6006183437656425
20170605,4.208220899551095,7.462541741871389,1.6010145438093046,4.838814957294037,2.683626732406018
20170606,4.113523722645808,6.954845672979885,1.7565507068081057,4.43343146662837,2.7737091252677963
20170607,3.7837726482086005,6.378611475617636,1.9561765480195434,3.903422151297465,2.652508784587976
20170608,3.573225694145255,5.980878385154967,1.7990646928113123,3.696360430984193,2.702560782283525
20170609,3.405115629980795,5.587194162841448,1.6572274026143643,3.3506071534260093,2.753315081772505
20170612,3.4530057714939466,4.705824887189916,0.8914073581105822,2.461173680220593,2.9852551153507547
20170613,3.9353628307613473,4.291703125027611,0.747823292702672,2.0345047559394653,3.5446120195694855
20170614,4.167695412570742,3.864364160353314,0.5313460612059766,1.6904612057007777,3.860438702243229
20170615,4.425235535766032,3.5200399137046166,0.40360564010236566,1.4303909224229596,4.1966707131867
20170616,4.438385126693619,2.937266788490854,-0.10287830352796516,1.0100713298451756,4.325752242043757
20170619,4.597450290350047,2.0116489160292863,-0.8348733977631737,0.26034059030722784,4.5940692039645405
20170620,4.666964934573198,1.57581615685158,-1.026956949965612,-0.052025374915590394,4.7504268635521205
20170621,4.723785993004552,1.3090972368560145,-0.9658470647425319,-0.15686503437446447,4.881878312132056
20170622,5.154570273237531,1.3867428912650814,-0.7614652739642576,0.0286274134860802,5.34745070654773
20170623,5.552232988286248,1.2486166600003679,-1.0264145694980429,0.12052202390254703,5.787201441225475
20170626,5.514571766843371,1.1687271249260696,-1.1295044350121006,0.10403177166656365,5.778641173217092
20170627,5.382079338303161,0.9912671119981995,-1.0974566169265108,0.051819359440668775,5.730713393989526
20170628,5.881971138045507,0.49678742246046553,-1.0410687106026877,-0.194230576662545,6.79200449693253
20170629,7.0325710962525,0.19412553415658707,-0.9214595404170431,-0.0660728372000284,8.46729514044071
20170630,7.878586289738604,-0.09053811520551186,-0.9743255929885114,0.12804086136412562,9.804161681523519
20170703,6.915291943185433,-0.8157806267767812,-1.2265389626174108,-0.013419200899963532,8.844470564662489
20170704,5.886551638102149,-1.1124794766700774,-1.2236468466325663,0.02163289871579914,7.855371218893307
20170705,4.9552253488757705,-1.0912934643801762,-0.9223530646728773,0.26963086307089423,6.8677917682873835
20170706,4.064960275460113,-1.1631344737864087,-0.8263651739830485,0.28429381447418495,6.0313366015635355
20170707,3.3470414339781422,-1.3143044311033472,-0.8016287256094986,-0.002634793938514474,5.401934162481856
20170710,2.3378023514722335,-1.4645628843259617,-0.509334524456996,-0.3424154577101482,4.555102329832307
20170711,1.2347207479814197,-1.8653330192954496,-0.4224942085410511,-0.7637540543023515,3.5074302278671077
20170712,0.3635515223301298,-2.1114415945590745,-0.37782467987468515,-1.047185909354994,2.539925266200338
20170713,-0.049608117692504394,-2.0022482241481594,-0.17290957060248036,-0.8801762383763959,1.8146809899581622
20170714,-0.014923640979972069,-1.6382030924848572,0.3052978583389685,-0.6086561661964839,1.6540933213380027
20170717,-0.19530789989653138,-1.637403997823422,0.4903823442888355,-0.7204482638943652,1.3113335552627732
20170718,-0.5430592502151133,-1.7580077337655071,0.7658832655304342,-0.9476067833742609,0.9887338030159284
20170719,-0.779836924902268,-1.7354517292245708,1.2764540340398953,-1.0183975908472929,0.8662408737909962
20170720,-1.0963055971468647,-2.122411951724074,1.1103856568325141,-1.5619340359005738,0.5817089164211775
20170721,-1.5256925168263962,-2.6253991828328354,0.6792365303251232,-2.3425852176643263,0.32043436758304056
20170724,-1.5605379706859062,-2.7296153967285037,0.5565868545966627,-2.620721463696494,0.4646489544123695
20170725,-1.9635775419195403,-3.479109201689858,-0.22842876780265078,-3.5057485603387324,0.19930528716882226
20170726,-2.3763515866220852,-4.240264857847901,-1.2332729598071666,-4.432047792086633,-0.26778354729070575
20170727,-2.6604424422373363,-5.124022388220594,-2.416306302818283,-5.348109212148637,-0.6033258445964197
20170728,-2.995653341309799,-5.552764997123476,-3.0813031568538145,-5.6603883309003225,-0.9000150585946505
20170731,-3.3180873744156556,-5.971223967319946,-3.7337365402261375,-6.0541191784861015,-1.4392812408961604
20170801,-3.5550270450723866,-6.331300542709351,-4.2852254765101,-6.351180656781395,-1.7871181720990459
20170802,-3.446616556922657,-6.441997717093334,-4.881094082587978,-6.463096528833566,-1.8542897824446076
20170803,-3.075562798182146,-6.150306668632063,-5.091275777765789,-6.383899752763452,-1.5421986651888817
20170804,-2.8071722934433962,-5.79817248451412,-5.327801297838436,-6.060837133275476,-1.3567963580019646
20170807,-2.730194387364505,-5.270423974491478,-4.968089531470798,-5.617586842791092,-1.2774084034860733
20170808,-2.961064293856582,-5.2524576112487855,-5.1090437827085005,-5.63675888799349,-1.5215058624740299
20170809,-3.059270171012425,-5.286600815870039,-5.379012774862651,-5.653681793608856,-1.6644124111943959
20170810,-3.340471032919441,-5.347620261446014,-5.54580162629991,-5.722852454895505,-1.8722457058938538
20170811,-2.8131670162616578,-5.080085728442124,-5.287888206012808,-5.757551541641662,-1.5095191707208206
20170814,-2.3173557238745217,-4.844728636050082,-5.111493248957845,-5.521193714386018,-1.0522727581321085
20170815,-1.8728375352833122,-4.81870473411366,-5.039004664461092,-5.476683237085566,-0.6130959454262235
20170816,-1.5242529029843772,-4.602086408120655,-4.879547029663735,-5.257659919586118,-0.17224531204919838
20170817,-1.4744763621466803,-4.662452147324497,-4.980058090218726,-5.29188923417485,-0.09261197122744459
20170818,-1.5164852230680146,-4.84992299543739,-5.169747325736203,-5.507352636958311,-0.08628070599419861
20170821,-1.5038057161778662,-5.0574568269074724,-5.437563112521064,-5.672673022915023,-0.12022608210084133
20170822,-1.5527370115135661,-5.3637983336958035,-5.962179276203127,-5.916247109887192,-0.25763576653418385
20170823,-1.6222172782144895,-5.5800879005717015,-6.366449413015568,-6.3240383548358325,-0.4096871788325213
20170824,-1.5689742843518897,-5.593363870769192,-6.738994094028813,-6.5692462845394015,-0.4265006319744742
20170825,-1.668386582957449,-5.462877133968185,-6.817985064823997,-6.8340144906701354,-0.5684302961376488
20170828,-1.0153157047113324,-5.161418664519246,-6.7996180179504035,-6.946896757148129,-0.05065792453637179
20170829,-0.23546781955221593,-5.060463779438617,-6.8452190484904785,-7.234167017926542,0.5738179271371354
20170830,0.48982394814952,-4.804544064497402,-6.583586552074049,-7.288463961605249,1.2627719082271798
20170831,1.31703016655176,-4.517471619234132,-6.264509487296293,-7.30532250730488,1.9369829227715303
20170901,2.0597349638475997,-4.447089991698304,-6.1657999421142335,-7.27736825282282,2.5311728153936794
20170904,3.022125080976289,-4.102532796614564,-5.887376410714652,-6.95632273838283,3.309066973493388
20170905,3.986528214855863,-3.741778854946424,-5.701386073907382,-6.8428456352015665,4.07083740278864
20170906,4.598623438288418,-3.4434612572070886,-5.574530500689526,-6.555078080940207,4.685899096165708
20170907,4.651698599741751,-3.3898305981414656,-5.504853338582337,-6.547880010002061,4.876263618935969
20170908,5.323532732259855,-3.2808185757934294,-5.497741114938395,-6.254521236161081,5.279114180908478
20170911,5.860658181038545,-3.3132375968802896,-5.756773691823042,-5.96804393855466,5.441618913685386
20170912,6.538171697489559,-3.30828470827835,-6.270746494383413,-5.684868691111343,5.706131867751848
20170913,7.302065579372843,-3.1514555329849645,-6.878449768306813,-5.203353310852818,6.122986295165762
20170914,7.72310315347543,-3.0888122628478047,-7.420490134144626,-4.777762277502651,6.275540501310007
20170915,7.960593312640848,-3.036003003135724,-7.697136048497572,-4.447213598146807,6.370871750048664
20170918,7.455937597798649,-3.005499504511494,-7.9719034087122305,-4.238343497448921,5.666764308232871
20170919,7.778433876638093,-2.4849521018673753,-7.912501895519585,-3.5561262597752497,5.6539656350372
20170920,7.393633918776238,-2.445336109672413,-7.8325439619535215,-3.53975767537781,5.060984593686893
20170921,7.0002268355784985,-1.8687367159451742,-7.163140026284687,-3.1262897840607238,4.423028007020571
20170922,6.279928441529435,-1.5110581051831404,-6.712177781078999,-3.1621576085673393,3.381883815882062
20170925,5.4519018485303805,-0.622567318758383,-5.940252767056785,-2.251742757413067,2.770795556252574
20170926,4.921245175089833,0.10776009885030072,-5.495324899014598,-1.3807739727868977,2.2591394393165887
20170927,4.148484005522575,0.5219351062704081,-5.352500875781932,-0.7499387531127266,1.617095536234678
20170928,3.3757317974268486,0.786627222194409,-4.922249748233377,-0.13114714271406056,0.8738672019750465
20170929,3.094940010025174,1.0288174656430837,-4.562152610164638,0.22146575680505964,0.7732778949854867
20171009,2.4792411443031264,1.077775801400183,-4.534426351638281,0.4740732843836581,0.47395260315767623
20171010,2.3620686089353518,1.7631227763376793,-4.198528469232989,1.216573903967849,0.49625520442568105
20171011,2.3461844022300795,2.5888343334091335,-3.642495905195593,1.9413508100091101,0.6416143629240667
20171012,2.361327164411493,3.151788398465405,-3.437774937879208,2.3583500534181288,0.8487695957786126
20171013,1.1271001683070907,3.3549639795562465,-3.425158398294483,2.7104707664395904,0.05470954438566505
20171016,0.19593539379727662,3.6133475796219416,-3.2926416579922146,2.8271623485162443,-0.6131368221079789
20171017,-0.5393865066475664,3.7426448593145594,-3.522246603534719,2.822080048449663,-1.1740127207528437
20171018,-1.2199894844328056,3.626732307432577,-3.7739684995702407,2.5995948197146235,-1.7653662723976442
20171019,-1.8122617765234774,4.208936225040935,-3.649893843548304,2.9104630537446083,-2.2451884972222005
20171020,-2.2986609357812204,4.411120805388156,-3.57856242774317,3.0830439946938686,-2.6380996655536997
20171023,-2.575001073993371,4.579835490297335,-3.585353477616404,2.990664002858423,-2.6895107628991544
20171024,-2.637153466598151,5.069213040276807,-3.317951968363242,3.229293708322562,-2.5668914500146185
20171025,-2.7725000114281704,5.215271663473442,-3.2469005455303113,3.2706076003176703,-2.554692599803457
20171026,-2.8614437358925726,5.356036945572207,-3.0048227339001183,3.180081069029894,-2.3874790965315476
20171027,-2.7586229314591084,5.307066949213814,-3.006921853281294,2.9274311283556855,-2.179614645020833
20171030,-2.6436252998241176,5.220946043695564,-3.1412438268825067,2.772904305549894,-1.9379914590161107
20171031,-2.6410113503071857,5.051934531467039,-3.3584746036697353,2.6094993181770314,-1.6905341594353458
20171101,-2.788091493108946,4.888031631666402,-3.3847662958520686,2.444197450483525,-1.693034479967388
20171102,-3.022301027768249,4.754133831865174,-3.6323820993666325,2.2957132483301677,-1.7859418700916185
20171103,-3.2510771678053967,4.957685090868808,-3.447946947889332,2.386322119383013,-1.84419553155922
20171106,-3.1315182001750586,5.345420340681843,-3.195656864791368,2.5799570097254003,-1.7343796473508317
20171107,-3.1063133900724624,5.562388323243347,-2.962062419454698,2.718077104636715,-1.7844195677085342
20171108,-3.085486304360202,5.802302448553318,-2.609581465903461,2.754113726571864,-1.8242047688723944
20171109,-3.1437873036002366,5.869262063106076,-2.740010867540561,2.667058117136307,-1.8437203615500537
20171110,-3.6954810268256457,5.852689052561746,-2.5468056347411667,2.5344054486946312,-2.043389774241932
20171113,-4.291909338929527,6.146472232243963,-2.022142078940665,2.6587369136155528,-2.3122401293766397
20171114,-4.643108074506692,6.392859771204472,-1.3147004263025037,2.764179994198109,-2.593797281076033
20171115,-5.4353950949047105,6.716788224277973,-0.46035727776203117,2.83259593337034,-3.5726011425909627
20171116,-6.043585325741509,7.4276472243181475,0.5478214663083671,3.2802326714740446,-4.335647545975189
20171117,-6.129464926229659,8.394485962987002,1.447834081675731,3.7904122760184578,-4.7436532123232
20171120,-6.470207386436736,9.092031555473925,2.242177515146564,3.994079175123311,-5.287220046980673
20171121,-7.072645490041831,9.611925867205358,3.113220826611591,4.142662460796419,-6.017385400980374
20171122,-7.49689557386566,10.177539141273645,3.649696535879189,4.351274797024701,-6.391279690985273
20171123,-7.709884285358928,10.430775502592061,3.9029596261479815,4.548466941547605,-6.496161502798104
20171124,-7.643211121285191,10.25715416547104,3.990363138956147,4.396110886405933,-6.109303370550466
20171127,-7.178331742841994,10.063231960034253,4.241264734049948,3.8816148857517025,-5.458513037226496
20171128,-7.111548660944802,10.011043876622203,4.384978118979278,3.4554302080842687,-5.127052173847686
20171129,-6.980677368322735,10.104544195622607,4.686782295649029,3.3280828627474373,-4.83380940318713
20171130,-7.0075892072557435,9.518689081693593,4.467580385558321,2.367447337858377,-4.712619588084309
20171201,-7.160407451440135,9.029467733532528,4.2269778713207,1.8657480631908565,-4.845857447786013
20171204,-7.196889404147712,8.677494041597377,4.088360537026521,1.496853417829513,-4.971926105308156
20171205,-7.223236232023503,8.522513947244088,4.161174465289049,1.519724049322091,-4.977397751889171
20171206,-7.590876465988259,8.129636887598242,4.015524359433322,1.3481186188316816,-5.294878514859076
20171207,-7.547361057048063,8.32423418597722,4.492370530452479,1.8591509903386925,-5.394688247962946
20171208,-6.908299118491435,8.641929419846665,4.907815168277931,2.437565559353219,-4.856666308285547
20171211,-6.237450350685913,8.870022167422878,5.378818586183751,2.900642249228189,-4.324397124399268
20171212,-5.721762718372495,8.902893750941564,5.867066025695187,3.2578221570627304,-3.926547688219155
20171213,-5.320624001343463,8.912780405867023,6.093733039011794,3.4446725896922237,-3.689142576994456
20171214,-4.76448600016798,8.808348425044914,6.317116935748916,3.488407820366496,-3.231133213117766
20171215,-4.218363576388761,9.053687775395835,6.737151199531463,3.6905591267059465,-2.857281578311885
20171218,-3.9567663737583216,9.145041104961718,7.054880105022884,3.8340089371213284,-2.9156877075463425
20171219,-3.8798168920212235,9.42406238271584,7.562083942827665,4.222991299229973,-2.9820996475459007
20171220,-3.6418659142909706,9.918170689046475,7.9791913264227325,4.896738681003651,-2.772541470420676
20171221,-3.4353380590683975,10.489259428577558,8.435050457334254,5.806705115558495,-2.73509378357732
20171222,-3.4038836685184717,11.181834906286133,8.990449908637666,6.856551506035037,-2.839620565210597
20171225,-3.39950894110897,11.588062661732296,9.475269440481929,7.478117738867297,-2.918254949270229
20171226,-3.667681175978462,11.82239409040922,9.8384219228155,7.892417477608228,-3.3922653790644217
20171227,-3.8820171616053356,11.697565763514767,9.675010191703642,8.163111510968307,-3.7818953897743675
20171228,-3.875599774751609,11.79210532646364,9.610149553333203,8.676052884665072,-3.9494973061449965
20171229,-3.4412357875810193,11.929719412343314,9.536421396071338,9.038575014883198,-3.781349890742424
20180102,-3.447090137162078,11.325246199092481,8.98798445592569,8.752779233940672,-3.8844918602866927
20180103,-3.4267190513302843,10.998967108861866,8.728701803408242,8.641739313511309,-3.7872439161994778
20180104,-3.4132592608227363,10.479377763784482,8.241239721915536,8.363658162461508,-3.6100347090911633
20180105,-3.314027263948784,10.335126573061753,8.265979790413851,8.220562997676092,-3.4094181703771276
20180108,-3.44072468464238,10.142439415937517,8.078789424156929,7.957165668406,-3.4734219965646282
20180109,-3.1747294787916998,9.825212652783131,7.788456257222353,7.634329040873127,-3.4424139715588216
20180110,-3.029169095964812,9.411628549904027,7.392086583227203,7.29601552546163,-3.3127372890507956
20180111,-2.582192595088269,8.9341465661487,6.8590631168885885,6.947144022973178,-2.6080211746477837
20180112,-1.5721116433122908,8.844994233796502,6.763986065338741,6.8505056455795446,-1.3969355800829353
20180115,-1.2188151650986656,8.662363769665449,6.661446975528505,6.834348079902468,-0.8121706924837895
20180116,-0.40532677852501225,8.422813988217417,6.5425679070407705,6.976040937682442,0.26498682590783496
20180117,0.31386881567273933,8.304316524654794,6.440824496937846,6.9754356821463555,1.1677206402038653
20180118,0.880067926382573,8.193361132011084,6.278171260268701,7.043672967789026,1.8094055535305047
20180119,1.1524170148152084,8.354190131085028,6.457047136856211,7.346573689324011,2.015235839616768
20180122,1.5277815482583919,8.314314301879657,6.460657722177839,7.554206791923452,2.2446609786085174
20180123,1.6624747641235655,8.05348415351324,6.085326404014481,7.537296943167442,2.146735333721466
20180124,2.1532857072948746,7.705431835562454,5.759323081742034,7.313808883275457,2.36782098610295
20180125,2.1788734499766194,7.262923392137033,5.476560220741275,6.983655401679671,2.130771324681953
20180126,2.2488525384331672,6.952217838124814,5.247862154487098,6.834763102846215,2.0046876647207514
20180129,1.7512828368763327,6.6853441210009565,5.109031416303254,6.6801641060525,1.276545394790479
20180130,2.1547894576169693,6.998660523121502,5.537311383236674,7.0498788871288,1.2499629069266756
20180131,2.2900732304909446,6.745414407988669,5.418409532449986,6.724946311819666,1.0912267137799385
20180201,3.036933365893587,6.880529633123219,5.690909781982514,6.778609985245799,1.4356591968375807
20180202,3.562864451979919,6.722496043436575,5.681817307024053,6.7445098745389425,1.7474581219814775
20180205,3.9327725613409203,6.712703937394627,5.748388073416238,6.76465376227208,1.9375665174433556
20180206,4.054731994436701,6.884502537628838,5.800399649695587,6.978012684428555,2.0059193738589176
20180207,3.657908513739322,6.941908137497809,5.77686783315921,7.204730496339708,1.7314366332794056
20180208,3.3127130449948674,6.866750889541656,5.692972460914957,7.339729663057921,1.527731973449424
20180209,2.9175414219249935,6.518739758721175,5.191926702424216,7.243152168287162,1.1708548093707551
20180212,2.116375558059607,6.087059758502817,4.505534960877038,7.234932916276737,0.45158265111674584
20180213,1.4784616394864771,5.85228477524519,4.258769967703237,7.496830407294294,0.08491424825436239
20180214,0.8562486641667323,5.497334775938753,4.041597264235578,7.642042297945187,-0.3501932199716057
20180222,-0.26621436377217084,5.068220251491987,3.9248840235978992,7.790169795592729,-1.3161843414029906
20180223,-1.261218447069992,3.894307010383383,2.869546680858383,6.933286479224834,-2.1956211898158466
20180226,-2.1950352746623416,2.438921690639569,1.643093455741084,5.801259207944158,-2.956818695719834
20180227,-2.9072667350039496,1.5109515060207293,0.7993037024779787,5.1931166823609,-3.5178121822149766
20180228,-3.5727064070388104,0.6286399726105303,-0.03305033107691831,4.522128525875846,-4.033211237655539
20180301,-4.345694456088346,0.1003510915066073,-0.5106951223514539,4.028602786182042,-4.510250658191262
20180302,-5.440600482317231,-0.6112666198586687,-0.49162080033621774,3.256769541859665,-5.33947795727762
20180305,-6.573225425190002,-1.3125809882378292,-0.5183603086047732,2.8164421489320723,-6.273244139997981
20180306,-7.503087116108149,-1.3251038417236614,-0.11969444498898138,3.01502051233053,-7.006796561948848
20180307,-8.153236642733246,-1.0300047950003486,0.35740968445650717,3.4970082455364024,-7.457553891575237
20180308,-8.730419465258864,-0.4107613530101884,1.1841316626959297,4.03655428701721,-7.879444740510141
20180309,-9.132520319150391,0.3947934213235261,2.1208459446350014,4.883951815135836,-8.134526427574203
20180312,-9.121110422314903,0.7304088245951136,2.6485404891139432,5.253714078997546,-8.259655668925996
20180313,-9.10169482353424,1.0058004787358599,3.129954082865822,5.09227378798138,-8.259574762452496
20180314,-9.198238211764828,1.2463581959232894,3.4107887989522565,5.006900979681135,-8.411095418855801
20180315,-9.186664308271919,1.5040006127360244,3.6262789492629937,4.936633660504677,-8.37679272911091
20180316,-9.562111446804517,1.491597872974762,3.595713934057256,4.659559790049663,-8.64064598084804
20180319,-9.369098883417621,1.4836726558344202,3.5692967119198933,4.111234329508279,-8.530826648795472
20180320,-9.136327672227864,1.5415558429442013,3.3300877488443574,3.5512438051037267,-8.403535962163502
20180321,-8.927971826322716,1.6425390297423197,3.095131459207343,3.328971431253364,-8.20245378748975
20180322,-9.244346264371682,1.5460543109831457,2.9212581441548937,3.0413058639644173,-8.396574570728427
20180323,-9.62447715371914,1.3952133726964042,2.565289260659765,2.6510022851192545,-8.593186767901893
20180326,-10.105943959895795,1.4835058959986696,2.532315592363279,2.5927892491654685,-8.799811090507726
20180327,-10.222020153179816,1.9150743261971725,2.714805154964445,2.752938313027901,-8.600973703769316
20180328,-10.447193035414735,2.413026780434157,3.0303378192673702,3.086071388900793,-8.678168933986433
20180329,-10.360881833954078,3.088215189177635,3.5756830855807973,3.5337144819290733,-8.263174735743698
20180330,-10.58354395165639,3.1712081879548957,3.7451107271375568,3.7681636250174253,-8.5124312523792
20180402,-10.590947541535156,2.926065427813914,3.6134860959341104,3.5650803513760447,-8.505714507750733
20180403,-10.607993576366912,2.4557470631472564,3.2935711701649395,3.114270721140815,-8.403592222529946
20180404,-10.775244420498732,1.93885611520734,2.8952596889622657,2.798628514230244,-8.52073666159441
20180409,-11.234774987046082,1.1855682436612993,2.1760138646659635,2.308755156452327,-8.913377174898747
20180410,-11.31071300815497,0.3754016152134051,1.4639368808789264,1.558448828168519,-9.238297079126816
20180411,-11.406550332273582,-0.15358320976750306,1.0647382014483693,1.0554424725606062,-9.517881147207563
20180412,-11.36843814035717,-0.3435434525143512,1.1983615277273632,0.8414904341875078,-9.65599968681291
20180413,-11.181769930349585,-0.4260046267863097,1.2733740937078208,0.6089920441866289,-9.63634851307716
20180416,-10.912785693934064,-0.32783594742746536,1.5301903077792955,0.6586916897566849,-9.555679709533685
20180417,-10.938666717181903,-0.3689662992763181,1.8631394641260521,0.5535869035781258,-9.689092116178113
20180418,-10.648195434700611,-0.24382841011617798,2.402912549284921,0.5113706253560207,-9.339430210661543
20180419,-10.347305294039556,-0.185131643878694,2.6829062087495337,0.21513400120395673,-9.069727190456307
20180420,-10.109307049084308,-0.16129606767474963,2.7960463074264683,-0.35964511960876905,-8.836113788119524
20180423,-9.360072742930255,-0.10069875874429342,2.9174837576524224,-0.8868734436650704,-8.12119882804602
20180424,-8.725347382184646,0.5135698154619649,3.655162674783439,-0.5367420818230382,-7.528229160558474
20180425,-8.190474269677338,1.140360425974956,4.346390277442295,-0.23349545719559528,-7.102554495609095
20180426,-7.659188873093977,1.7194697320358734,4.988051129103685,0.0849101165812048,-6.733119437632134
20180427,-7.049765635411008,2.313394108007638,5.620608409294957,0.5880556073663922,-6.2414423140222075
20180502,-6.577778733869535,2.761908672563449,6.354063583939549,0.9357647119703539,-5.934194724770566
20180503,-6.038617291394839,3.4279095004858893,6.740745091790327,1.258589836764963,-5.437843434022976
20180504,-5.553189933594577,4.241819841863929,7.421435094879019,1.4003033152631086,-4.87679854943624
20180507,-4.904281606347944,4.525672967180147,7.722895522081194,1.2576583810097484,-4.2737605818215165
20180508,-4.100025809535828,4.648838602675127,7.738721245906431,0.8240489321552168,-3.460337295289281
20180509,-3.56513500635384,4.279163621586985,6.899152269135069,0.14960073364054,-2.8381273112781336
20180510,-3.3084232486671077,3.5152467986234237,5.496563051473336,-0.7626922589614864,-2.516588497547828
20180511,-3.100255142158706,2.974845195168052,4.347931325680494,-1.3905173176354173,-2.051412579058174
20180514,-2.6335560036351913,3.090290158049588,3.8194333974513093,-1.4479796328386607,-1.4588073654235998
20180515,-2.212334059606696,3.290483857750652,3.3355433602699285,-1.5662417094663668,-0.870596875750803
20180516,-1.677406134676266,3.4662328286942676,3.023757044108835,-1.3664081401180175,-0.26636344204733214
20180517,-0.9988739399111309,3.588765524300688,2.7142299477028047,-1.288122653557038,0.3846127160404151
20180518,-0.6123929857134818,3.228337984799189,2.054365581044354,-1.2788697908287454,0.730200514523656
20180521,-0.3533790656268955,2.873210008127912,1.6391744713034837,-1.710887925908195,0.9642395513461842
20180522,-0.06056568488102133,2.2885662669442275,0.8445203171335509,-2.487352748630471,1.1601400297182927
20180523,0.07654891608280913,2.185388031119787,0.5166343383518291,-2.885541736176718,0.9323348419712124
20180524,0.07335921471844169,1.8133308383883697,-0.043905702254322644,-3.69989153126075,0.6436912648635359
20180525,0.40973897996995806,1.8613521125593986,-0.12084595144717376,-4.017289591202919,0.6145698665313313
20180528,0.4474736271093607,1.7974337190525924,0.11380673874178433,-4.326280819963507,0.31973157128524127
20180529,0.20198928543895095,1.393188296460542,0.1427926095128594,-4.9852098424037825,-0.1196653699190634
20180530,0.014884158387306874,0.4961905415816837,-0.27497234528018183,-5.979068222763662,-0.4591333555675634
20180531,0.7432306589455305,0.27420579194050765,-0.39444699305996217,-6.507507822150541,0.028918620130604016
20180601,1.3123086202920833,0.45206648534658905,-0.16091169019781024,-6.608576804474613,0.5684293526377194
20180604,1.7175154138927977,0.392155802703724,-0.049607118218184254,-6.63409137623212,0.9000519217428355
20180605,2.626538283750418,0.9577530358616912,0.4378522614591307,-6.13780898745954,1.667363687689269
20180606,3.92236952970752,1.6529362446651656,1.035473815402607,-5.629361800940258,2.8192495827346082
20180607,4.73189372808704,2.046864724136465,1.4724838715953839,-5.157411788051917,3.748348857733112
20180608,5.599261662152273,2.4560902158612237,1.9324178373287129,-4.5731953822559,4.768651898061579
20180611,6.155385901248329,2.4655910832947496,1.9589995650717869,-4.30120921673087,5.559835354667397
20180612,6.627870201803159,2.7137660396814245,2.2872791910040986,-4.016845482630928,6.283803545267746
20180613,6.792518808831217,3.0221390605791822,2.681710832662843,-3.848847078673879,6.824966852143079
20180614,7.186657575461836,3.2086018138037042,2.7766967491561396,-3.780415911489499,7.430588627322857
20180615,7.400986556311055,3.3042468022298217,3.056521025522061,-3.963933916562049,7.775931411172016
20180619,6.693595916606685,3.8211709182791473,3.6991003555644433,-2.9851731061755378,7.388969586921494
20180620,6.220090821801603,4.090539308830605,4.111416012955054,-2.326943687775497,7.119951879355201
20180621,5.849641313825245,4.362420488487197,4.326509393215169,-1.8089401119105009,6.933366241314663
20180622,5.71160728807805,4.40811964632995,4.339410880122806,-1.4611634285458663,7.081281619242471
20180625,5.46799162441441,4.402577331670334,4.350403845468651,-1.1386955643715313,7.104527367729242
20180626,4.933357548732726,4.332646254983962,4.260504943368363,-0.8670050813674338,6.871751535038244
20180627,4.194531711074303,4.093063584535416,4.13998279593751,-0.8102707750013639,6.382931954649396
20180628,3.8327573380396105,3.9911895387832685,3.912149526123299,-0.6898372566933108,6.129812599269286
20180629,3.4534700218583376,3.9154300074301034,3.577120185151853,-0.5173016289490961,5.7142501920429485
20180702,2.945566488508199,3.7331252630031115,3.163829424869494,-0.4511100068839581,4.956765486626382
20180703,2.4739020238730864,3.7094464859227516,2.9392568575449847,-0.29961549562154327,4.301021364479096
20180704,1.91749071323138,3.6748452739385167,2.929464235137713,-0.1313468773385763,3.6164055468820355
20180705,1.5056669468450201,3.73310023575407,3.0335794773172466,0.1365577383393292,2.9958686190845754
20180706,1.3412105655481714,3.761752850065642,3.2592437142565682,0.39771598209265907,2.581318319859048
20180709,1.0250336670972686,3.784691704589168,3.587125412676867,0.5924749471666778,2.062044678354445
20180710,0.7329376678764774,3.8947339890240618,3.9989431324031055,0.8193875360404937,1.5356741144404755
20180711,0.4465180949961779,4.021598553717371,4.458458804955745,1.097596950829772,1.1391088493720793
20180712,0.041966395261991314,4.02857241317433,4.8641828056995955,1.2629558386172985,0.6044652320702933
20180713,-0.1371383683318861,4.180557801648629,5.321089972098486,1.6320968281926773,0.2425313681185675
20180716,-0.34726403144325363,4.553001894812516,5.689977327429912,2.1228964828620667,-0.15987794795648808
20180717,-0.8279248856131343,5.524533025128281,6.917033820349382,3.7601986449112363,-0.7113092439859631
20180718,-1.147925688914997,6.411127837756748,8.002501176805726,5.839723788427019,-0.9441178368742513
20180719,-1.4010631230323995,6.8908701023658026,8.765420238628936,7.377058053153642,-1.0327610303033727
20180720,-1.3701574630785838,7.536850715699534,9.676007966472902,9.155173000835038,-0.7831539170646735
20180723,-1.458525376140223,7.813884643364667,10.034759985545852,9.94107900993906,-0.619870569853446
20180724,-1.5128151715373357,7.779289977677669,9.895846375282106,10.569128899963358,-0.46418136533812737
20180725,-1.4593845647826713,8.237806976042044,9.999928460620325,12.113531082691667,-0.07255650947931448
20180726,-1.812883644109032,8.244842796683598,10.044148930617624,13.034527344632151,-0.15496853523018805
20180727,-2.1635056124008343,8.129013353085321,9.862715536704508,13.738139380048725,-0.26136778693291995
20180730,-2.695557421398998,7.935194926592468,9.72722913179884,14.275608543057555,-0.7328628622166864
20180731,-3.0789666919357486,7.859152132522889,9.653788075710706,14.711251926139017,-0.9884355424813165
20180801,-3.229855055581086,7.564330195732948,9.27602439169279,14.524118372521821,-0.9411028530495942
20180802,-3.4484829817657965,7.174797918689127,8.689563648632403,14.380230010137135,-0.9862103788808967
20180803,-3.6022678825941856,7.02263963060497,8.312692749245706,14.104417089687276,-0.8608988007767143
20180806,-4.680141027433437,6.1681013754871845,7.689557642635523,13.4265761705361,-1.726848722441824
20180807,-5.703428083733284,5.390569444399195,7.210423096673104,12.219059610642637,-2.657171899311758
20180808,-6.737933310555131,4.427402589309875,6.537645516922975,11.115496974667032,-3.6835324568015957
20180809,-7.319681814951636,2.961806843586051,5.4123771136529015,9.996451858093373,-4.444087584461347
20180810,-7.829274568859855,2.028299955187874,4.4140400057180935,9.546180627482252,-5.078326197888952
20180813,-7.585717371336577,1.7344641899118247,3.827590457770774,9.669315599727813,-5.059747242386167
20180814,-6.932885128522043,-0.13466786969733838,2.038540821630685,7.739937689898086,-4.809152975040162
20180815,-6.631913924488485,-1.518731531728588,0.7185220955992712,6.501547336804791,-4.789323258334146
20180816,-6.231377653341851,-2.250173415061417,0.12678733110552526,5.808069916163159,-4.568690432253199
20180817,-6.0679974514346275,-3.1282249854317254,-0.5556284253915424,4.571128673619944,-4.683942904016381
20180820,-5.4961130543050745,-3.6958277160459296,-1.1897117694602342,3.2769985587825214,-4.43977757289414
20180821,-4.739728982233125,-4.250204598206354,-1.5363826708764425,2.045000003752149,-3.993700244107607
20180822,-3.869915420169457,-4.269168659289855,-1.703684155517009,1.0719423302014888,-3.4061831770831636
20180823,-2.8196720534655806,-4.319596555273927,-1.475463431512597,0.5019708025880409,-2.521636404744742
20180824,-1.9214377989738873,-4.231699840935496,-0.9317392113115877,0.13429111454346704,-1.5953811994825982
20180827,-0.7225200893778432,-3.4801107371629274,-0.0189299205581501,0.24379413257085805,-0.2865910870684568
20180828,0.08994837640215211,-3.0980126488096755,0.32894355934070346,0.22082150190067737,0.656205630049321
20180829,0.5979102704900601,-2.61772573881003,0.553084245438314,0.3510193669768572,1.2941470937943385
20180830,0.8489602601314515,-2.243303420040034,0.6190417189009236,0.3812443697085349,1.7494173586028507
20180831,0.9429379666537626,-1.6599169648947991,0.7985951154273465,0.44540587478664284,2.137761885004818
20180903,0.9134414971687901,-1.4628267602907685,0.6140973194285635,0.37750931087756784,2.4122249949804893
20180904,0.7856743914610461,-2.0307517204383783,-0.26945163755288576,0.06580570904830427,2.7409483738204616
20180905,0.7435028197199341,-2.5305027463808196,-1.133151312257727,-0.37908660825427315,2.982105008244075
20180906,0.5991305116668026,-2.9720880377273318,-1.9379896812661133,-1.0082247169404128,3.0067615179376257
20180907,0.32350131987738007,-3.557638908415135,-2.5857754393539474,-1.8168288891109408,3.1681186731121382
20180910,-0.1593337527332053,-4.3758488665578605,-3.0333116449039834,-2.7164907465306785,3.105556150473121
20180911,-0.4295567958166596,-4.872670055309663,-3.430699742117919,-3.3603467961927405,3.11915851476446
20180912,-0.6942397299525641,-5.138358296909959,-3.4452905457921927,-3.8448303729700872,3.0690972420260034
20180913,-0.4005796909186097,-4.86126202169203,-3.312319674383958,-4.086695755273238,3.3985313457812616
20180914,-0.15870971251088004,-4.855911658116331,-3.3674931087900295,-4.574823016885781,3.6350729600670606
20180917,-0.14804476087718502,-4.831319594269413,-3.255601558555064,-5.026831756220005,3.8224898613367406
20180918,-0.2112621711599277,-4.632471318601746,-2.6440150916806866,-5.2074053703974705,3.903751334107321
20180919,-0.15933899295328385,-4.225716522400648,-1.9698787463693124,-5.024183746788136,3.952765230915553
20180920,0.007824582752526415,-3.4375625941988326,-1.0576781573784855,-4.521232818312893,4.057530358599332
20180921,-0.06527239447815711,-2.585839612503791,0.04864141114960629,-3.88810465326504,3.965510573372822
20180925,-0.31344006247618367,-2.125092126447724,0.8129720386022796,-3.602474934835084,3.695858776337252
20180926,-0.6102974939979284,-1.985875471705809,1.186978527258631,-3.8007431275881487,3.359576881655796
20180927,-1.2955221435490638,-1.8727780326672796,1.6526470552948762,-3.8230243866614617,2.6117495154692807
20180928,-2.0065942614297287,-1.6748685752777352,2.418291826106578,-3.7820906652630697,1.9276946128042076
20181008,-3.1310465585491323,-1.766296518757394,2.5516979252103997,-3.7783613602965676,0.7249795807810244
20181009,-4.01799465526739,-1.988423644733719,2.4853009691778745,-4.110308055451798,-0.1521502695078899
20181010,-4.78839473873076,-2.1019354753625206,2.5427735077242306,-4.111642440547576,-0.8578260504618123
20181011,-4.9632756917257,-1.664414035618143,2.983722535164283,-3.5863179461533083,-1.0541526355076614
20181012,-4.808867881110426,-1.3772473520182726,3.0177747468635117,-3.285847576515759,-1.1414369012876031
20181015,-4.640314463266629,-1.2043450140870156,3.0990716173962762,-3.0635071741398305,-1.1840928019009898
20181016,-4.84533263668791,-1.09465929676581,3.075387533252287,-3.0327617951483044,-1.652656590935526
20181017,-4.853033933755577,-0.9500518854720796,2.840436475742512,-3.046641174008828,-1.6451506855886175
20181018,-4.631938343379844,-0.4416698890630443,2.967611295126625,-2.7095104718050904,-1.410059074706773
20181019,-4.955601066967104,-0.13724459340254977,2.923959656799511,-2.4629043310399195,-1.549042535289999
20181022,-4.790484049300127,0.25059245145083414,2.930904274578479,-2.036875899729622,-1.3121530814431501
20181023,-4.8865133622391825,0.6620526675028218,3.0427839970032577,-1.2981579737856028,-1.2419407906349358
20181024,-5.170031609923042,1.2180091337590417,3.3893729102625625,-0.5279388651328383,-1.4213095335407964
20181025,-5.177525531084869,1.7397936627507333,3.844583225759932,0.4028022099861472,-1.3500928482640084
20181026,-5.681282645402358,2.120561222764672,4.173771740535055,0.948259719309846,-2.0320222336455127
20181029,-5.7216020893766855,2.318184093148652,4.365843867144812,1.2486820348538932,-2.4638073685662554
20181030,-6.11210391783731,2.4388096971002806,4.38247306326748,1.3062352796888737,-2.8507325454529164
20181031,-6.381583514570048,2.721666008498157,4.584424474335169,1.4691903050335327,-3.1893824958809214
20181101,-6.232658053411038,2.8420675294201105,4.708044750380249,1.4215045729115061,-3.2187775925580304
20181102,-5.079860901242369,3.3914882551906724,5.177863892254305,1.866293932305285,-2.4486450637875548
20181105,-4.324826564653586,3.4555626094715657,5.42750456007033,1.9685937161409757,-2.0034368703716354
20181106,-3.649323817480594,3.7284540756724103,5.902638736387337,2.37291417472355,-1.6020718704440957
20181107,-3.3125125900464347,4.1750714602140535,6.58775886788046,2.824619716419014,-1.503395638198812
20181108,-2.8593821972325957,4.695435364022009,7.380408427079208,3.4011683316499792,-1.1023086211217379
20181109,-2.43205760550037,5.300731250644274,8.630452752583778,4.238150374483385,-0.6531426916721778
20181112,-2.0444329748450913,5.736611758962676,9.634278836536266,4.901750561618769,-0.4777118156572961
20181113,-1.429122718302952,6.335288055268291,10.658045972924807,5.710215648664777,-0.08757760515879769
20181114,-0.7154528477705224,7.020556022834638,11.69407151174958,6.578768880348049,0.3697757773489268
20181115,-0.04773636611030578,7.455649789614785,12.37716782432523,7.089335419574674,0.7997479195864681
20181116,-0.251386867268535,7.339016328999231,12.837330742339839,7.386070342983025,0.5548786125020966
20181119,-0.22030569881893053,7.365059240353612,13.578389610186854,7.884358218831164,0.44002047147949
20181120,-0.05742897092599315,7.475766446498341,14.370048306310812,8.18648261656321,0.36001674939231
20181121,-0.014947828439498661,7.36073966266563,14.913132876903235,8.195277369283861,0.16805652360201964
20181122,0.06973877564934627,7.211364081474563,14.943167680320284,7.751927494288339,0.11043136235573228
20181123,0.2597128717666176,7.05226743061936,14.41589999596235,7.110921619657628,0.39490260944080957
20181126,0.7436542335581621,6.770226733089685,13.944463023633467,6.397637173436658,0.9806252349621214
20181127,1.4217211395012805,6.9589673498762545,13.935310776599893,6.256932300200359,1.8765870492385741
20181128,1.8754456380471847,7.232753803772836,13.804482794032456,6.367876644200631,2.5714635940323496
20181129,2.266586086055279,7.424649263449525,13.345871936057494,6.349829925458494,3.217716328415292
20181130,2.9751455280549863,7.811060270784168,12.859450244568913,6.20879198324132,4.048131686158943
20181203,3.8689834729417742,8.586900853311738,12.73514647602202,6.432173791569263,4.977436648652323
20181204,4.878478512970878,9.550639970172776,12.833339634395939,7.100411879098535,5.95783843077003
20181205,5.62747506175389,10.450753871946299,12.91666932127196,7.630238814233245,6.594179569166111
20181206,6.2368987426686395,10.793346458855735,12.554518295992215,7.235838308771833,7.024065246637712
20181207,6.556824366574264,11.353060024146085,12.771008347324392,7.182448858550153,7.312018380053281
20181210,6.9052493894179685,11.785783869063984,12.76944520591942,7.23475245452572,7.637158489016048
20181211,7.152068146776974,12.107043425940454,12.784716177327459,7.21075583809404,7.883668037566817
20181212,7.389954855417626,12.533407071743804,13.251741238382257,7.196473894102062,7.974603860259349
20181213,7.543880319699381,12.645060520229878,13.278358735872924,6.9080998297034695,8.046432434243457
20181214,8.261586047526945,12.998149555791512,13.343277758200973,6.7441833040176435,8.519322940173339
20181217,8.621839202044873,13.36004439582743,13.829672872675697,6.633008222334631,8.69782983720763
20181218,8.795736443043808,13.141587250563667,13.977731365685234,6.361555514864394,8.768078324250856
20181219,9.230846699044752,12.49333319393287,13.461880413656234,5.717528835742751,9.113512205153265
20181220,9.55502575903628,11.858481268467841,12.844470370061531,5.346429771995832,9.267332450247043
20181221,9.997871452336968,11.350115966798567,12.355675541929344,5.177846215638937,9.720379507081903
20181224,10.657937364143056,10.97715032119226,12.128461952499377,5.220480306087678,10.607582544176868
20181225,10.878740530604668,10.699752591740852,12.18959004842685,5.3539834744454575,11.16874189613035
20181226,11.228039717099646,10.459508612804473,12.302072879706582,5.446473068302558,11.754696234949108
20181227,11.355791670426807,10.277230022669826,12.326795741076046,5.573379041049762,12.069320033187553
20181228,10.26558633929857,9.441324891243232,12.015422953735674,5.2381969304343725,11.606357291387209
20190102,9.426301123900256,8.613498711746251,10.940151366148292,4.920160195160051,11.199007920863185
20190103,8.797778386892604,7.589713228907129,9.813174515862492,4.484983729893308,10.754505033354167
20190104,8.244174134866388,6.600146637804686,8.783914050337472,4.072572142378255,10.18672002410665
20190107,7.429056514188952,5.613039294500188,7.783317002283163,3.6330253043502476,9.353740890283305
20190108,6.852285058295792,4.447986956308124,6.587795982877082,3.025119349055005,8.647454802176672
20190109,6.428068641285886,3.5507280941441097,5.419418555611367,2.600849837254317,8.027180391995763
20190110,5.958166418083919,2.718693411652155,4.604763318402382,2.234883728809742,7.591585162465833
20190111,5.574529596596892,1.709113810990039,3.471066204118308,1.7464506095964099,7.370973828379424
20190114,5.460023166960014,0.9746491798056643,2.57514124792186,1.7045408996858291,7.200472469532427
20190115,6.002858235093942,0.7558889824217879,1.9966139877378444,1.602807590779369,7.564030536418728
20190116,6.44679301901719,0.4906069278683038,1.2458861792720295,1.2830553304684245,7.928233736000508
20190117,6.817047624411478,0.4575986040214583,0.6076740235932394,1.3286934364633454,8.047803760250014
20190118,7.18065722556943,0.23341585564687173,-0.4382026855878652,1.198580757145996,8.336681470270511
20190121,7.154880269323623,-0.44668741430114134,-1.4549737322437466,0.8360013498787372,8.163308827157595
20190122,6.9556354048351,-1.055378397037982,-2.018576275847435,0.4465040578506031,7.604342204044597
20190123,6.316219842768231,-1.4131458634043583,-2.643969697173048,0.17974242462324347,6.761817134383748
20190124,5.636527091285181,-2.0812255315012687,-3.791751377898508,-0.36600388334569195,5.616191927724633
20190125,5.4245915517936965,-2.5680512795154495,-4.513276839617263,-0.6785002252564891,5.01501059177879
20190128,5.425198498967248,-3.31469765807609,-5.126241613827807,-1.3693065984195019,4.559883155885189
20190129,5.537805707479792,-3.7008769985944756,-5.451201815512954,-1.6892205221095014,4.368634868268346
20190130,5.744019320779617,-4.044647058446362,-5.876472044743005,-2.193380129554766,4.4233549669844425
20190131,5.341428431553851,-4.192428830323137,-6.0952655617630676,-2.317804300791598,4.015550537787354
20190201,5.335395700651992,-4.321028556358516,-6.293933031347114,-2.302326401757926,4.078804015639913
20190211,5.183357549795877,-4.498379656185662,-6.3010242673051176,-1.879268988256321,3.707414876097974
20190212,4.9217122996494025,-4.893976592376901,-6.526765609027017,-1.5643338535430111,3.2411413894259566
20190213,4.468005887768521,-5.207687599870363,-6.582659287924531,-1.402222898492692,2.6985648184171085
20190214,4.22271224274167,-5.832808376813388,-6.858293995031177,-1.434299566657866,2.3936800130816174
20190215,4.351324707838733,-6.088660763925036,-7.023764894416361,-1.022614089818048,2.4549212029247776
20190218,4.742700934629616,-6.586986253672974,-7.176741216732559,-0.9036503297302704,2.554949703557182
20190219,4.693776726738224,-7.291205910546265,-7.5588867569207006,-1.5792070763793553,2.2909886687110816
20190220,4.9668675778128595,-7.44107701350429,-7.260750603763118,-1.6337884000178249,2.2895807875862126
20190221,5.293924147562827,-7.324381248779185,-6.698370245180549,-1.5995133432176645,2.330775830577213
20190222,5.547003211858466,-7.211563372003463,-6.075423268211309,-1.4195801434667323,2.3681514683986995
20190225,5.907534838121176,-7.405709396665601,-5.356366271498034,-1.7670997810690023,2.5977885064238078
20190226,6.040769453856609,-6.972419950104144,-4.244775478628282,-1.757606382460619,2.695381572534963
20190227,6.191336514339678,-6.5762837639130245,-3.5012260761664646,-1.816840815643325,2.517093058379707
20190228,6.34765853659969,-6.61483287127489,-3.258496967777925,-2.2388909099774104,2.297257217253282
20190301,6.211279568206405,-6.852360643848987,-3.2177821205879895,-2.933674102776817,1.4955835083322468
20190304,6.267148767866297,-7.476687380528759,-3.3776005204115718,-3.9154023563250577,0.9640159339705857
20190305,6.238683071024747,-7.987738277427977,-3.481062956741139,-4.820233056562795,0.42248135643327983
20190306,6.154159779355922,-8.107966491655363,-2.94026294527894,-5.61769111158322,0.027134181750820444
20190307,6.118128485982552,-7.458532621133652,-2.188017852548942,-6.049407383568274,-0.2211543913748374
20190308,6.3879328676730935,-6.874109231292888,-1.5914285950343916,-6.636195310274364,-0.5026691238097202
20190311,6.611732247443852,-6.417641279869823,-1.0762337219449438,-7.237165955366547,-0.7013724478478962
20190312,6.7754987264815965,-5.5727204047811885,-0.522367204659039,-6.853163481983241,-0.5848465779382032
20190313,6.641359488828697,-4.705202563532991,0.28352247232203737,-6.346013891510532,-0.42920432001259773
20190314,6.2059669754339,-3.8897136945104536,0.8951311205416425,-5.81655603441086,-0.4116492500507465
20190315,5.5567988075029415,-3.0427234495907323,1.52126818351391,-5.504154247961634,-0.6435244307128294
20190318,4.671927381424985,-2.4338002892740547,2.0049594876640673,-5.509211525394119,-1.1762365325554138
20190319,4.117998751258459,-1.818784482551886,2.4675480556650276,-5.5511803099235335,-1.5924592126943173
20190320,3.360496095945364,-1.5049149121207406,2.6339290433282723,-5.53753682288917,-2.023313200114535
20190321,2.7319662702968444,-1.4268794334444275,2.565256637418663,-5.583620240651676,-2.28677972297411
20190322,2.2697322299176563,-0.8281615850009757,3.088524296470189,-5.688150717486569,-2.5544610226703415
20190325,2.1234118318218087,0.27413285836792645,4.027971384785759,-5.578986440047512,-2.495267782312352
20190326,1.9419627239749637,1.2224215185993268,4.882289714047055,-5.412331155844727,-2.374232331497766
20190327,1.8962935151624911,1.8144368301007336,5.653318724785228,-5.4887634880463745,-2.482549207505692
20190328,2.3585985875234616,2.5871288032902022,6.624372784968931,-5.076879219542573,-2.135352542418969
20190329,2.6432056900474596,3.6107463804401383,7.855426513529663,-4.7191513803673955,-1.9347695115015802
20190401,2.8003997812932018,4.863247508252244,9.160353808056712,-4.2344951847798455,-1.791191336229858
20190402,2.236196242009259,5.7998668607228625,9.72589369477881,-3.917207262278946,-2.139060021482446
20190403,1.7019217042045784,6.261035653380244,9.811995487985703,-3.8222911842593508,-2.502809905732621
20190404,1.5332254835984143,6.602386349045515,9.572209322797612,-3.8501456610006364,-2.622552636631258
20190408,1.3860959869728902,6.836422560493178,9.410616678224326,-4.013206590211201,-2.865174202634454
20190409,1.5517885236409132,6.931844486292191,8.797197470100476,-4.200860601064376,-2.3805541637129832
20190410,1.8141789100671093,6.966723286953289,8.458926305108655,-4.549906654779384,-1.8000505255769117
20190411,2.0202669754930542,7.097541752040041,8.421402182035978,-4.896768953917223,-1.427617837650257
20190412,2.3106651494515473,7.204304347626421,8.272638423622386,-5.159552925023241,-1.0406614014912356
20190415,2.0363166023176458,7.350284911914529,8.24447699006299,-5.313306424583953,-1.2378877946508378
20190416,1.7258235883793716,7.9700113241744015,8.366235859266313,-5.351809526552198,-1.4818760521716547
20190417,1.6677641853940968,8.660371536283936,8.580082911761192,-5.168041681638838,-1.5715182554237264
20190418,1.2751233489647182,9.122123848204463,8.614481773844288,-5.046307693083669,-1.9724446022345534
20190419,0.9635700673448179,9.284686511655064,8.400108470223808,-5.028013923367362,-2.419672389274767
20190422,0.8068921663055213,9.586726373021511,8.250197696161464,-5.113165763803782,-2.7808850250510813
20190423,0.4514983070231227,10.144166117066595,8.027215170443764,-5.138817822189126,-3.195909485532955
20190424,0.27729203081194437,10.294974433967152,7.564160364140018,-4.977137082958486,-3.3476328632074313
20190425,0.044541500240148246,10.652745689926906,7.117192875145415,-4.850632003642354,-3.5198177372004853
20190426,-0.04765419244928961,11.295295614127166,7.026792375628315,-4.767877345613495,-3.679805318801173
20190429,0.08060910659197132,12.34523801099379,7.280627663143959,-3.9423144585257934,-2.980617396645064
20190430,-0.23362501854724296,13.26919774282566,7.700959622736444,-2.8743118232959572,-2.6492852481459415
20190506,-0.6375423478331428,14.12656532885612,8.153475698376802,-1.8136133945059585,-2.2876244319031263
20190507,-0.8456679358454343,14.35035205925365,8.280975754410818,-0.36735766290741645,-2.047712799966575
20190508,-0.8880244702986,14.261115974892524,8.360687834584063,0.6194889450711737,-1.8832217207678486
20190509,-1.4957196345524912,13.919444773926399,8.356795947380366,1.2839212711707246,-1.6910013161600408
20190510,-1.71903759346137,13.871932007811521,8.577221038775267,1.9938881496934215,-1.5539936592542916
20190513,-2.0180311077668143,13.612590034487269,8.945312776624794,1.704656962847553,-2.0050904249480057
20190514,-2.1350550711202727,13.23481553730869,8.9673830355323,1.0919673973468922,-2.3449271308523123
20190515,-2.1962261803352954,12.423761057623238,8.436211008343921,0.23811246944401376,-2.7827787853234995
20190516,-2.4749334686463507,11.21971359485126,7.7125017827446625,-0.5461607480315633,-3.4038688111975004
20190517,-2.7728352293249072,10.365242006529453,7.17039685247203,-0.7327839685701506,-3.7134103105592278
20190520,-3.2905837512744296,9.516222796927755,6.657892877747615,-0.7724776387710243,-4.122661475845732
20190521,-4.011842664672575,8.979991518119872,6.46603329534374,-0.975038722531264,-4.890255628440749
20190522,-4.475589435507125,8.742528314973251,6.591044852813495,-0.9736938291816596,-5.427150765326201
20190523,-4.70037935905143,8.50940547974532,6.749744831796947,-0.4063554476791828,-5.72891328722143
20190524,-4.8836376411140545,8.043993708406333,6.706257972596782,-0.07915277203669918,-6.164026801563258
20190527,-5.336619506602112,7.571715724246883,6.554117231027302,-0.0328640251365786,-6.811800280212202
20190528,-6.086445836449735,7.265008725885052,6.439201257540559,0.5328625348241613,-7.482472536891284
20190529,-7.438305750256501,6.06354463591907,5.618163723201639,-0.2101647243740145,-8.7305669409256
20190530,-7.976299698471086,5.178179877928546,4.902481477954207,-0.6589025248997311,-8.907876745352027
20190531,-8.467962220401024,4.482178203287977,4.377521910962354,-0.9527375473364323,-9.111492036453624
20190603,-8.744795677209146,4.22434588993928,4.465391436836028,-0.940735050084144,-9.134907042049704
20190604,-9.099994200688844,3.9078893784754043,4.516469095202167,-0.9085982851087021,-9.271163214552438
20190605,-9.121157053957281,3.650980249476779,4.687500407366913,-0.7057095910652853,-9.10727259968092
20190606,-8.663264288869499,3.501566776633116,4.918536099955465,-0.5270366222203207,-8.618240285063774
20190610,-8.373896955534503,3.417120587044448,5.327274862296616,-0.3625528754779322,-8.337478356621961
20190611,-8.159517257775821,3.2600179704324583,5.468967363415343,-0.27374655003755916,-8.089581378159222
20190612,-7.911638506681036,3.2623446423470424,5.670793123965033,-0.075478407049366,-7.8142106964708695
20190613,-8.10756345727251,3.11161758973526,5.902981303483938,-0.11033932198578165,-7.965437768781258
20190614,-8.053267758036474,2.8758231735238637,5.920763402638255,-0.3144858012654679,-7.9351133629320865
20190617,-8.252639831343405,2.4663738631171297,5.908400888563856,-0.5201570117366049,-8.071550993086378
20190618,-8.31888732595215,2.212600743221416,5.976718197361106,-0.5928082623288286,-8.046958518582564
20190619,-8.094988293245036,1.9885138429867302,5.778209803384017,-0.2845494625922359,-7.802922212730494
20190620,-7.84524900772528,1.8789627243968376,5.852410324855174,0.07370372806546578,-7.572784384524473
20190621,-7.675227836998508,1.8548038946282555,5.987599377104498,0.4760400975383444,-7.577329663353169
20190624,-7.66890273758974,1.9043560022047514,6.1755218724611955,0.7503145857321328,-7.795192355646654
20190625,-7.74468947577125,1.7308970010027895,6.2401237728993495,0.456248417088512,-8.146472670222444
20190626,-7.928973259060868,1.661033227243704,6.486948582678329,0.21902120107395118,-8.458135330482833
20190627,-8.323912539374893,1.102430700829605,6.468604481776785,-0.3292398600388894,-9.092283841851392
20190628,-8.791503399017643,0.7468627744054142,6.507719056673465,-0.6930912400278889,-9.913360200748889
20190701,-8.945436488719718,0.33041145986244674,6.402565438100546,-0.6720466387753601,-9.971072810546099
20190702,-8.717213961629671,-0.15648604291331966,6.077033948916172,-0.6256098690541889,-9.803112620974025
20190703,-8.436556832409588,-0.1498299098228895,6.4235659859945216,-0.3851862590305375,-9.487351118565632
20190704,-8.080832673429835,-0.3502452787920619,6.447234453413508,-0.4658431331020854,-9.174409544696145
20190705,-7.3775053554983,-0.3189821059691431,6.643459481094257,0.1379205801234257,-8.604396662590473
20190708,-6.7925865612207605,-0.6723025893850932,6.721427089171529,0.5695312138908935,-8.129863008693006
20190709,-6.221043147964093,-0.6948315893218693,6.866604244099279,1.1420323490348174,-7.500180047422378
20190710,-5.816652004145298,-0.9367002657045266,6.896993415519209,1.5843374168019513,-7.133658993869532
20190711,-5.429672035799865,-0.8809997092895441,7.361197352688412,2.0219849825401996,-6.73689709080128
20190712,-5.008222612826691,-0.3675187813007339,8.182295569474189,2.629416709263471,-6.112253651535749
20190715,-5.120768112943496,-0.29045959903607765,8.192604658462173,2.450729794708499,-5.913257093100726
20190716,-4.678080987867412,-0.11620795965393096,8.278291512978829,2.385173280639518,-5.235753495517092
20190717,-4.134155012705948,0.22794062066727352,8.529694479648015,2.469079566641157,-4.44567020621441
20190718,-3.8008467354585327,0.08477434460533328,8.307613212519406,2.292633814545959,-3.841724151757362
20190719,-3.6165170614206166,-0.22643597249508907,7.901095411337946,2.090253391171218,-3.285166761511578
20190722,-3.1549750315114538,-0.6195425272097203,7.424718327770953,2.0485099925707746,-2.507857292970805
20190723,-2.490650786080009,-0.8922712129979928,6.979028215313061,2.2225435623742857,-1.7513727327270137
20190724,-1.568486552077102,-1.2489728447384953,6.297875429344828,2.213131634912391,-0.8355044584479819
20190725,-0.32665255825464795,-0.8753272228132024,6.340064440926263,2.6529825217548866,0.5149907694169492
20190726,0.529916086535204,-1.0347623515870434,5.94017849509446,2.84909648389395,1.3236917121782656
20190729,1.4841989842840022,-1.392454184647132,5.5020885486480315,2.6356144444033385,2.043528548379607
20190730,2.4188848124520774,-2.2420470563701875,4.613908329705561,2.4713029715751222,2.666378541400088
20190731,3.258984370598119,-2.4354181018548706,4.176049550571426,2.6001919078510047,3.2358983504106837
20190801,3.919408180016609,-2.431372881060237,3.9375813082500093,2.591390853191327,3.6310054252032438
20190802,3.566205880258439,-2.7023071164684227,3.295705944719468,2.7061164048735615,3.3751668085000808
20190805,2.86166283802383,-3.2329917685209004,2.366145047634503,2.466027295389635,2.7499357381837988
20190806,2.3604373881039895,-3.811037810789851,1.4355054165975747,2.186922155561912,2.279678973967993
20190807,1.8176708255182619,-4.644907654859884,0.3256315122762855,1.8180104739338037,1.6601380965558623
20190808,1.7713556210458297,-5.349287702433139,-0.6037460105717602,1.4403579781257818,1.590529891232879
20190809,1.523365436070662,-6.211902156246998,-1.7203197358492661,0.710673270007902,1.4167829604707993
20190812,1.8376596633134548,-6.822307481789419,-2.9837136342719615,-0.19050451418365072,1.554308856785516
20190813,1.5106621337080706,-7.577244997619597,-4.218422662276355,-1.3309507959877185,1.1117696164989372
20190814,1.2180052736530225,-8.148988824075285,-5.006377371823621,-2.4442688860080954,0.8043021287010383
20190815,1.044853828699959,-8.593780581457843,-5.45396574074192,-3.530816976494119,0.7049904652655834
20190816,0.9809849911699363,-9.224569318402546,-5.807833387471686,-4.6724086932606985,0.9128289623348879
20190819,1.035724181933533,-9.68612358840673,-6.010030806971917,-5.611398475899966,1.3662991898347425
20190820,0.9807729507328538,-10.11913197268153,-6.37855818451275,-6.474102820873744,1.7748655325600802
20190821,0.7447421444741829,-10.414771023563295,-6.704770198677063,-7.1655834790267825,1.8958787085880504
20190822,0.2829542248914675,-10.617206515218339,-7.104668812032994,-7.847698939601875,1.7143846156347404
20190823,-0.1476053354257588,-10.852667478490684,-7.6008230494214315,-8.445949164468754,1.5715397049033355
20190826,-0.848193281781702,-11.092645319332334,-8.211673064532624,-9.53218353205976,0.8219624413331443
20190827,-1.3856944325300755,-10.635071498038617,-8.180834251193014,-9.657607757254477,0.27879603418015997
20190828,-1.9840271742160822,-10.32299355954046,-8.386629490493345,-9.928735658435816,-0.34992006702019757
20190829,-2.783797858739346,-10.046446037334972,-8.322236483687256,-9.766578510116178,-1.0280568509070247
20190830,-3.0607777863906303,-9.53700787723881,-7.969273199477896,-9.74802582715547,-1.2995039199267342
20190902,-3.7830723956550716,-9.253084835943335,-7.9804092282485355,-9.792447291924482,-1.8971506932207745
20190903,-4.59740656480796,-9.048263470976366,-8.091321246006881,-9.753250048271607,-2.6898307813517635
20190904,-4.963622219594573,-9.013105460553898,-8.18785272173903,-9.886362330487605,-3.006817555241156
20190905,-4.8689763789058995,-8.844884106308488,-7.915821501432863,-9.80534173286211,-2.9400233789785024
20190906,-4.409097163241042,-9.069113460353227,-7.943329845848661,-9.660871857348564,-2.499811156872393
20190909,-3.5418929015728744,-8.927627195886776,-7.905293017263856,-9.064371551712767,-1.7715807235412973
20190910,-3.2092451333829843,-8.979755654643155,-7.796083131903138,-8.788802632872452,-1.5364783359549468
20190911,-2.6880886793345735,-9.12370442258305,-7.9345095742645295,-8.481163022123704,-1.0293137647329431
20190912,-2.3489839935888037,-9.221773539472013,-7.837612984502777,-8.079452294081877,-0.749822739052313
20190916,-1.9403915467841688,-9.568160501796196,-7.998093803211719,-7.973073746344332,-0.5041413299279831
20190917,-1.9658545512874226,-9.934465460260034,-8.319382836311242,-7.895940967964027,-0.6583235616735552
20190918,-1.9037244238787157,-9.830627543701794,-8.040788661906562,-7.704007730903391,-0.6709909709320113
20190919,-1.9447367597240137,-9.342899821155935,-7.481104654456724,-7.462367781924417,-0.9345549986093812
20190920,-1.9287545677281999,-8.74329978031855,-6.976655681539826,-7.438409267107225,-1.089539199349883
20190923,-2.0991480061925762,-8.331436052824953,-6.55429287674971,-7.662004252339368,-1.4334036493073536
20190924,-2.2285666935118074,-7.608018735760051,-5.913865312654147,-7.000973068941751,-1.6460437364451526
20190925,-2.4357197866366262,-7.198335495811234,-5.417804390362353,-6.633938096010468,-1.8012002787980452
20190926,-2.402731401441629,-6.935499262586096,-5.039237206358328,-6.5180655810520385,-1.663795114310774
20190927,-2.508854436728653,-6.356534713391993,-4.6674232988924045,-5.880340164048946,-1.6462794443345194
20190930,-2.492080230831061,-5.665103593294516,-4.204524409399873,-5.268742911897684,-1.6215112995919185
20191008,-2.301619975093556,-4.898606191194677,-3.74192541962875,-4.670016941642021,-1.4338614220198698
20191009,-2.5191491438720126,-4.3699356881142934,-3.519288830031616,-4.3753197565717405,-1.646549682278016
20191010,-2.5776975029539395,-3.906483619705605,-3.3324017219509208,-4.248279066018077,-1.5875354754621318
20191011,-2.959079172082376,-3.44323269810615,-3.2000477525328272,-4.018399550011766,-1.8351660862845578
20191014,-2.967627790936699,-2.1615675591751717,-2.360936397264415,-3.146876080089076,-1.679672234826636
20191015,-3.185843186141774,-1.1206024673610446,-1.5571913152195838,-2.2284158469541038,-1.6032655091867736
20191016,-2.8577157683540926,-0.37187787627424557,-1.1532572588976697,-1.3210952502322413,-1.1154539586713923
20191017,-3.055082716117775,-0.007023388016114901,-0.8961490538722374,-0.8100387498161186,-1.2173669844503574
20191018,-3.589163022715591,0.2602509348642984,-0.8013892834204533,-0.296666151048679,-1.5398027982774236
20191021,-4.429639728540742,0.5013931123958318,-0.930870849252066,0.07952343820997589,-2.3130308417424965
20191022,-4.834165491272239,0.7210212443408283,-1.087948058056795,0.4959998099076854,-2.6449359393434357
20191023,-5.0395575474269565,0.8821488041798142,-1.335534411686808,0.864563811401034,-2.7583811419742457
20191024,-5.095724788517765,0.7636554667875775,-1.8387960989660743,1.0330964629416282,-2.480821533697691
20191025,-4.89035303587457,0.648498009583862,-2.141818048546609,1.3637428226006876,-1.9165468853765293
20191028,-4.1349852808360215,0.3834003517017638,-2.495771642899358,1.4971146354694,-1.1647155999880139
20191029,-3.4450147140344662,0.49705013634936424,-2.419765415580202,2.0050119206011274,-0.3897762680678019
20191030,-3.133576499306997,0.01136736540269016,-2.9922567200457184,1.722037035279672,-0.01354289015530887
20191031,-2.5581626066320506,-0.31512416964261153,-3.3436322424900036,1.7413523918176617,0.635002667414274
20191101,-1.9880700918850087,-0.7470485062569342,-3.820096054287956,1.402801037650548,1.2879355713318676
20191104,-1.864902680354073,-1.6305387895520027,-4.696830847634922,0.9881320482444003,1.6322352572727898
20191105,-1.4809560958896164,-2.406211798961432,-5.370631730338767,0.4907949103456392,2.299853017337989
20191106,-0.8063195730844928,-3.0798954137752257,-5.957064840106399,0.3143856259924284,3.2799103976376585
20191107,-0.40228549762766486,-3.1491569116078093,-6.120339525475603,0.43328702784749074,3.828446045567162
20191108,-0.3815702617143742,-3.5881235543328254,-6.595057256398149,0.28778641315669373,3.904111546757456
20191111,-0.3410271828551785,-4.938853957168057,-7.581794585554378,-0.4337031114391458,3.866585038278805
20191112,-0.47973635933103564,-5.971016504490635,-8.169682498733643,-1.0350112703921328,3.8097459396251425
20191113,-0.5064984316990276,-6.239725158609008,-8.672785778310265,-1.277325681212385,3.8046346911424695
20191114,-0.6193091264927989,-6.266218178865462,-8.789491592763271,-1.5303805098082959,3.6842718280778968
20191115,-0.5367065772648042,-5.8550391741234025,-8.825502733363736,-1.7544952772980533,3.6866280673964513
20191118,-0.7187454289660768,-5.406771742843507,-8.614138038050037,-2.076871245345227,3.53727929596456
20191119,-0.6807029160545384,-4.641262303227645,-8.201653085439194,-2.301364544289899,3.522809491725912
20191120,-0.5552426523021693,-4.606927865890665,-8.589053072386404,-2.768026535315016,3.61616076098419
20191121,-0.4044627938529784,-4.7943928573282495,-8.850555836281192,-3.0908097615556467,3.608358690048535
20191122,-0.12801650310175505,-4.954785042067069,-9.20863058718797,-3.4579021102367626,3.791849952509639
20191125,-0.009849127181429088,-5.066716347622483,-9.715377584898336,-3.4470918648469673,3.6516975797398397
20191126,-0.16179180885516828,-4.946546823802579,-9.477006249190305,-3.841624751967574,3.4866865096464754
20191127,0.2543621777391355,-4.659009515863553,-9.26991109550734,-4.404735293334769,3.66006693228178
20191128,0.3092771093838395,-4.39302979034858,-8.983085047794079,-4.869584432789576,3.5553222728064147
20191129,0.043412215986442584,-4.801639278312955,-9.072908221230604,-6.013563274406588,3.4515427565561607
20191202,0.48362068453216744,-4.949998113107065,-9.036942447425949,-6.656251244236435,3.6024182008497583
20191203,1.0400076082907312,-4.929777729138958,-8.972266050164,-7.095903432001252,3.5774787812785442
20191204,2.296783640925967,-4.728233014107359,-8.75591401416465,-7.28195870128656,4.008320286459536
20191205,3.0707868929550886,-4.7389260578319865,-8.698216549546599,-7.272730830717515,4.372184415747096
20191206,4.140113800374994,-4.672929505057539,-8.677950332143341,-6.940536360445039,4.854230161219723
20191209,4.605173495100855,-5.2883328159041385,-9.38813184464965,-7.502521908202084,4.91272307145176
20191210,5.091873233774907,-5.750767500396412,-9.944902390847545,-7.792484857074371,4.949634739262923
20191211,5.285302441676693,-5.715684387513567,-9.912948976240429,-7.783261822981618,4.734952759459983
20191212,5.628289716177061,-5.756458673500063,-10.022549762646307,-7.9165951896519235,4.759122717066187
20191213,6.317250982966563,-6.087042760734172,-10.189599186116784,-8.34571799952553,5.006603956884501
20191216,7.616204140907448,-6.2652284221628936,-10.157956701652127,-8.119306287763589,5.777059493051802
20191217,8.534140026618125,-6.778232325606296,-10.30280125705282,-8.268032955083378,6.179169282705843
20191218,9.09414489421316,-6.998373987011483,-10.216392122840222,-8.39749802817543,6.470498459208247
20191219,9.642223451911448,-7.022705175904214,-10.09855917829058,-8.621526120683479,6.5807008770209166
20191220,10.17318683006388,-7.069574822215952,-9.97408368652879,-8.637013146522296,6.634670236639368
20191223,9.768433259219366,-6.7764682577589195,-9.72137682785097,-8.53415484259462,6.3410661416775325
20191224,9.504260020630287,-6.815743391612264,-10.308807404022854,-8.526625381404784,6.254470945844415
20191225,9.423547164534812,-6.632901552774937,-10.439583441689127,-8.17382707889745,6.189949521486745
20191226,9.080495070465934,-6.728626893236235,-10.777831988098741,-8.145626471163578,5.965746849143062
20191227,8.990707520156155,-7.03697459648241,-11.438763310960422,-8.171737100783712,5.5693132236362635
20191230,8.40903015911454,-7.199016890299837,-11.900964273058678,-8.0448968363023,4.6193303655431475
20191231,7.878057095986148,-7.326354314758909,-12.042676662644539,-7.71279318253617,3.7265899622931165
20200102,7.067074198055679,-7.497979075332469,-12.191790883004682,-7.88393379189308,2.6273666090123418
20200103,6.553389208034613,-7.7202918875825555,-12.396302551916532,-8.171665645984332,1.7711706129823286
20200106,6.396622027056155,-7.7755804524306855,-12.527334729603734,-8.343653348807212,1.3530395460284648
20200107,5.796813752852283,-7.671666572958722,-12.051269228733991,-8.260276299725282,0.22076443560827513
20200108,5.410287072989024,-7.493453233018497,-11.565240575594334,-8.052357970387398,-0.5692249946885054
20200109,5.253615612293046,-7.980704850919479,-11.655644654824977,-8.326489759490816,-1.2107479197960966
20200110,5.363830567610011,-8.581928907338021,-12.089194065619209,-8.645498838978147,-1.3335174437238368
20200113,5.492617738378662,-9.122065194597422,-12.240725566510758,-9.146517487231407,-1.4572511924552551
20200114,5.712706306637521,-8.858308577610483,-11.562680365883608,-9.061405726960524,-1.1457140855372658
20200115,5.391716448409362,-8.398198981468306,-10.698994473255897,-8.730830450800624,-1.1329984038884269
20200116,5.119576496834769,-7.438435721237593,-9.34535691031137,-8.232453736174527,-1.1325047421373127
20200117,4.925027395981994,-6.731397654154381,-8.487107762075864,-8.125284044342726,-0.9233937718180972
20200120,4.635185652990933,-6.358325191076258,-7.748134703471804,-7.9898774305067,-1.0843691355901885
20200121,4.2109320912507595,-5.38009899770172,-6.2854471609773235,-7.222367994085248,-1.2024351916443599
20200122,4.159142115707719,-5.087677777075147,-5.954129560342352,-6.777780437523327,-0.821301407460745
20200123,4.277523929344908,-4.689808961454077,-5.783358765779973,-6.105455423543612,-0.570412651839654
20200203,4.72052905661377,-3.5562824688854895,-4.810593834574924,-4.509867984935852,0.11797300279660532
20200204,4.546773157990771,-2.4924523001828294,-3.7481218133433094,-3.3317784016188603,0.11212262699751158
20200205,4.3778320965537185,-1.96293768216028,-3.1892814142298547,-2.637603744138553,0.19544341856511016
20200206,4.2844308486115485,-1.6286754202758171,-2.8652984946904803,-2.3801809421661844,0.48047791448431243
20200207,4.150870421275395,-1.3260867712045126,-2.6264225380007042,-2.324106359270266,0.6660839695073603
20200210,3.9817374124851,-0.8925355068834454,-2.175550871764754,-2.253731909402109,0.6981297005353869
20200211,3.8072779427137493,-0.36649781834149286,-1.5704543051213584,-2.2731929309818635,0.7625390680322867
20200212,3.9119052384282913,0.2377004487660072,-0.8152885701023083,-2.1017250347322003,0.9898082773563288
20200213,3.6915186309869967,0.8433548614823148,-0.19393924410825097,-2.0623421724809488,0.9054360205301262
20200214,3.657304934864439,1.389698807685951,0.3361614711318748,-2.0242074936916215,0.9648387146521572
20200217,3.484369136047312,1.8235021076137152,0.6971371704466631,-2.1168544916815515,0.7366631039231478
20200218,3.3513071604175755,2.445611616654658,1.1588098990728302,-2.1240633915165867,0.5659775502263229
20200219,3.315422790566873,2.970204569600924,1.657655357112814,-2.108348648669551,0.4258742712834836
20200220,3.259140056680428,3.3952126199092314,2.0185508312083362,-1.8439322287344462,0.33228413137693674
20200221,3.28402443488611,3.7111669871839372,2.2304693944964264,-1.6061488122597132,0.25031032556737365
20200224,3.3971941530792065,4.051455858837087,2.577653941529377,-1.2510101205336255,0.3640290808681293
20200225,3.3619190430330597,4.5305773585281015,3.1390705885740156,-0.9700746257236532,0.3438115573336607
20200226,3.4229880571302735,4.956716737162264,3.7204675701525125,-0.719203214489711,0.3952630846818788
20200227,3.471957404324998,5.345062151889328,4.362776418387382,-0.5426417227776603,0.18177011875764854
20200228,3.67839350634688,5.888809655225364,5.135705959655841,-0.14903543352445128,0.33118490250564686
20200302,3.199760374524138,6.638292686001158,6.064847039016349,0.27758536870573813,-0.20279477093163503
20200303,2.8028348931146065,7.547149702829826,7.213651245669059,0.9161112723894814,-0.6435309366569866
20200304,2.7576395486351957,8.241242620733889,8.076009283182026,1.4064927918866499,-0.7568350373917787
20200305,2.669138029189516,8.843217382200036,8.4977690012246,1.928357772914233,-0.8354790585398234
20200306,2.672820106577507,9.468147823191469,8.979485064409703,2.419046641034563,-0.7147053470049897
20200309,2.8458749584255028,10.097787624671604,9.475622211567908,3.1810654948790726,-0.33456666600592877
20200310,2.7126576183133886,10.618420735386255,9.8304455235717,3.656311415118457,-0.2236365602887011
20200311,2.7411068708488973,11.215317229156188,10.240397171639241,4.04289822607195,0.010773126707365983
20200312,2.7686431254594717,11.787841255261435,10.667460749765553,4.531384506329947,0.17731968792319586
20200313,2.5103592419833203,12.360799839417105,11.14448257584935,5.162222635368732,0.17072760805354606
20200316,2.064576448281208,12.97795104184305,11.835006158614359,5.865576011085661,-0.04552946429297944
20200317,1.5159174253246257,13.444246544308474,12.003533737390812,6.567262982457772,-0.3138845173929931
20200318,1.187710979521634,13.675853527214091,12.026016485725552,7.2234820499388395,-0.561402619110137
20200319,1.229182454251064,13.506801253025534,12.025710245633395,7.568926469635923,-0.5494912783901758
20200320,0.8043343968597046,13.064638521843918,11.97605753350885,7.728050311834125,-0.8514325633748553
20200323,0.014084344460869237,12.686169538161545,12.075980272258512,7.88675642692591,-1.511248486099617
20200324,-0.6592921300534921,12.292364256885271,11.586580475539877,7.838623603501657,-1.9147684470430706
20200325,-1.258323817245512,11.476142386683595,10.759059608181083,7.552828443580218,-2.235358049809216
20200326,-1.5404578685902028,11.08798509549307,10.381953144399104,7.569643696846404,-2.5171094527966424
20200327,-2.10086638022294,10.880650303860858,10.137877867678174,7.332766009000367,-3.0705985732723153
20200330,-3.091252307184145,10.0277909178115,9.359372380268962,6.2362747132990215,-4.26898963934321
20200331,-3.4842815757275294,9.493365662994087,8.825061155320146,5.832644935172721,-4.707250824117544
20200401,-3.457116769843652,9.30835213052845,8.604001433708953,5.769197524832583,-4.485368264089603
20200402,-3.364243905871265,9.213586961233318,8.552943660671477,6.021966126905782,-4.339543344862876
20200403,-3.1122964410614316,9.218424964919807,8.666785568451159,6.411893040428959,-3.9848939562396386
20200407,-2.827010169541181,9.137921534426875,8.662871792537794,6.6741618892460846,-3.7581530601322872
20200408,-2.6503794797431506,8.78468091578038,8.332439551270111,6.88031475583018,-3.6881455250401887
20200409,-2.586793110147212,8.225737568326123,7.854258508531857,6.65388127155132,-3.69759434830916
20200410,-2.3576346654445595,7.9045271780248845,7.658931662418028,6.7171650775884055,-3.4716324781791923
20200413,-2.149533894684622,7.51936726035329,7.492019826089578,6.802588204470318,-3.2197717496560907
20200414,-1.9380948838550967,7.4753010802126285,7.519721031355826,7.147674766056918,-2.936239240501767
20200415,-1.8935716650244963,7.149159410924877,7.423016043779737,7.448343876187301,-2.866906938219322
20200416,-1.6138551802752914,6.886712242082283,7.395796953459426,7.741342538552232,-2.574805716677364
20200417,-1.414411479918412,6.833996830777378,7.254491290881247,7.597910974190603,-2.391154831241023
20200420,-1.1070096937061096,6.953492068342332,7.14184802586241,7.548507519376933,-2.1179437584609326
20200421,-1.0759636608555234,7.1449904553008405,7.145807560334186,7.680248983586339,-2.212868386963717
20200422,-1.120177305280656,7.063732980578627,7.251525208286135,7.653901579638844,-2.3131410811337063
20200423,-1.2360407077933855,6.618335615748387,7.181268114858104,7.487771591164143,-2.50332686168918
20200424,-1.247229052412008,6.487502440534549,7.29668780835283,7.56985148649795,-2.505922334322016
20200427,-1.6848807406154724,6.041732807230324,7.105325761632413,7.316274080799339,-3.051890830535149
20200428,-1.008865017090138,5.945997563505393,7.141103505607821,7.226699140258627,-2.513610600592276
20200429,-0.35739293038276726,5.894305614592138,7.038209836865003,7.184116187950168,-1.9441357547429292
20200430,0.11796774056390978,5.900277284975678,6.800596031626314,7.237460523759507,-1.4452923425246382
20200506,0.31646955981808333,6.170747717000312,7.016301220061003,7.32485103871944,-1.3068240130309925
20200507,0.46346839600534073,6.05953839320268,7.07819303491991,7.279999583813635,-1.462941345023224
20200508,0.20337137904383676,5.451289719798011,6.687953358078925,6.5317357404811816,-1.7849491737226868
20200511,0.3259647074803561,5.002238087004116,6.402102305108255,6.0251609189034845,-1.7602375907022907
20200512,0.22653570186656907,4.63667713491609,6.232122271458768,5.9213978576730595,-1.7948311624743067
20200513,0.13687633058973897,3.726635767437151,5.725118915604078,4.823618412878561,-1.8303046185657423
20200514,0.5893169121606824,3.1699383267309256,5.2977548984309655,3.779713054945548,-1.562443895525248
20200515,0.8507359810025713,2.35832917707246,4.515693064960627,2.760076610954671,-1.3368227691216745
20200518,0.8492703960146311,1.6530056811141838,3.984669353279995,1.6703519767260964,-1.213085513439174
20200519,0.8105559011055977,1.0703929323937842,3.431268901536914,0.46780988881227953,-1.0815384109971904
20200520,0.4711976865363566,0.8050789800212985,3.007590602337061,-0.3857215755226211,-1.2096391062204814
20200521,0.9734116083071324,0.7532579079162306,2.609245144650758,-0.9082394645292272,-0.6179141018235075
20200522,2.0096835013148335,0.9648651752846061,2.334741850996921,-1.213649384611145,0.4441429835213403
20200525,2.6287854114324767,1.0848285480869624,2.301464276389268,-1.2605702588807806,1.015873840502274
20200526,3.452746106866876,1.5036048763752063,2.532039114880242,-1.0856104902405361,1.7138928261267719
20200527,3.374241314215945,1.2090489342373558,2.1292244019643722,-1.5889349751407658,1.860584385318014
20200528,3.7353358194883732,0.8631690259127338,1.8522485211547939,-2.02315184427502,2.369498272616734
20200529,4.267233640026558,0.39262943864450456,1.7889979957549103,-2.1171595999558805,3.0758027634055707
20200601,4.738741097568576,-0.378285036406804,1.2857203721162198,-2.8669172162814687,3.7058787695844804
20200602,4.514358836007887,-1.0054781123850667,0.8016136090525778,-3.6769819985467325,3.3483425320481537
20200603,4.110267138648668,-1.5420488740713523,0.24758227492143722,-4.506416964750154,3.0818358903791543
20200604,3.120329422711305,-1.9595292857295266,-0.6241907585418391,-5.414862885698627,2.0327592530879643
20200605,2.2502469177948585,-2.095271132789802,-1.059207519905243,-5.731753333340255,1.3336239829216179
20200608,1.938872665843099,-2.028334821472403,-1.0751270620065065,-6.003921345850229,1.171220426937493
20200609,1.6433465195204253,-2.0204951136619056,-1.3072812051410083,-6.1001439420901535,1.0910661284507257
20200610,1.4104585843909057,-2.0892397288329003,-1.9464553880141067,-6.448047436836347,1.0877701954040107
20200611,1.1800988748928833,-2.2030422462142414,-2.536130149774734,-7.092413582343986,1.217418034407287
20200612,0.7645526089715484,-2.4814185209889157,-2.882710377751261,-7.677312813242023,1.1336704931021289
20200615,0.7037890702981325,-2.203727643720025,-2.83224714779569,-8.395213620065466,1.4996449628426598
20200616,-0.06358982450328284,-2.259925764690372,-3.5180707649300365,-9.357770874152841,1.2352569222414878
20200617,-0.4190304746045841,-2.167291223599893,-3.8864623416406046,-10.01476904124327,1.1924716050326094
20200618,-1.0404001247235592,-2.4328807133035224,-4.115628428104422,-10.733361802461753,0.800193041053214
20200619,-1.5415416515041742,-3.5306226342922247,-5.4568586753336,-12.415306675314474,0.663386990461503
20200622,-1.8118518269486683,-4.219513033550834,-6.820806265003562,-13.251617568969507,0.5773209551159766
20200623,-1.7928449768161707,-4.224085799945785,-7.504504533371731,-13.820082414504604,0.8191589744427523
20200624,-2.0100580707651243,-4.476795483864565,-8.553445195520823,-14.634707563958319,1.0226599679565176
20200629,-1.8749479543452774,-4.303494813458187,-8.593223745740925,-15.919589310134292,1.692186416509369
20200630,-2.3487800844667723,-4.355461778312446,-8.787664374962628,-16.662394615596117,1.6649653949539125
20200701,-3.195071880888766,-4.472973547650464,-8.762390188834367,-17.52392031430021,1.0585945796620855
20200702,-3.92607749590625,-4.651821359270756,-8.504926984672906,-18.505679780116225,0.44584804291526586
20200703,-4.352689855266496,-5.1100305251873825,-8.790658885423232,-19.6438260843167,0.3112793876702483
20200706,-4.986759251284334,-5.526137076309237,-9.182645960686937,-20.621354803732455,0.15604536752642081
20200707,-5.322791106928094,-5.517507892809102,-9.055234423289571,-21.463413149082673,-0.2506695373073535
20200708,-5.687058553789262,-5.640154535443979,-8.992396606439202,-22.19099747036639,-0.747515988061452
20200709,-6.024110754438571,-6.023287040032996,-9.318745772172823,-23.355162160524493,-1.162724503171655
20200710,-6.505580786768805,-5.963189703039316,-8.979084312873146,-23.587743122621863,-1.5971698358873003
20200713,-6.6862958273934225,-6.2155764057638825,-8.965803235312055,-24.076094283567727,-1.5724640489183153
20200714,-6.7623008097441515,-6.325950754407555,-8.899173971904808,-24.479553023311084,-1.5557264353851488
20200715,-6.58794109450357,-6.558932001003697,-8.88489994588016,-24.674642521175038,-1.2907706462487505
20200716,-6.716946372274579,-6.89394719953148,-8.98651832596251,-25.284207515298803,-1.5151019752928006
20200717,-6.741604411889883,-7.378202463838389,-9.33656237253415,-25.12515473162135,-1.6629371083796651
20200720,-7.049273080581987,-7.966455464956717,-9.815426482556756,-24.899882583102624,-2.3831479349433526
20200721,-7.107622597079365,-8.659481032369369,-10.477798785227638,-24.804552282871054,-2.952264469158111
20200722,-6.990445312243721,-8.964444810426437,-10.739681312042606,-24.538998303566757,-3.2550604082248906
20200723,-7.121471350493876,-9.38296182313589,-11.169038246418435,-24.337086617966282,-3.565782497496503
20200724,-7.2589618189092775,-9.487492561111514,-11.350508486359026,-23.694161256605348,-3.7684691145213094
20200727,-7.631601489940785,-9.820954588373267,-11.909928589413045,-22.935121341815126,-3.9674157027727506
20200728,-7.014261869137737,-9.314010525148182,-11.674792667775485,-22.23983920983422,-3.434158995290819
20200729,-6.84836177865863,-9.130056039440168,-11.431894299042336,-21.576238792143315,-3.306477795840811
20200730,-6.590075764696212,-9.323109854912422,-11.480190200248279,-21.00236951397395,-3.015129925783863
20200731,-6.363571162599848,-9.229321124488717,-11.216618009934656,-20.517778164996887,-2.8082072186399176
20200803,-6.041900460914664,-9.55937790841425,-11.2241481524998,-20.23516681868281,-2.407200283520376
20200804,-5.544706252112676,-9.962848791449677,-11.66655856214507,-20.274934252955582,-1.888519204642657
20200805,-5.07597337722742,-9.697883560716303,-11.67798995722173,-20.097485597749774,-1.4071039567464976
20200806,-4.548296290060868,-9.279057936702165,-11.516107122983087,-20.07062106590689,-0.9671535993744897
20200807,-4.092476395641746,-9.083248564035543,-11.403387813681165,-19.65156451993477,-0.5790142562534305
20200810,-3.7965329230648224,-8.748897070521506,-11.315972906702491,-18.229964812133982,-0.48577655483401255
20200811,-3.2488345262016423,-8.549087197833993,-11.470249510885218,-17.19002080652389,-0.10004223356714999
20200812,-3.0355837835652095,-8.447129111856578,-11.498792736843239,-16.091164101672746,-0.08457698730509552
20200813,-2.8140243226554245,-8.46303202998931,-11.423061716293494,-15.351137260507391,-0.12070028141109353
20200814,-2.872354592166006,-8.45341669539379,-11.10935855694262,-14.915933635789925,-0.23511281557901423
20200817,-3.00912120135889,-8.622455624904367,-11.142413534118495,-14.98985626320095,-0.33075225684874415
20200818,-3.214964246676264,-8.478493341630813,-10.756648938671864,-14.842432298278633,-0.5037684596610315
20200819,-3.1910255281283635,-8.507640606472384,-10.630185177259165,-14.929490495682128,-0.3544326023516045
20200820,-3.2913316037158267,-8.320906134817923,-10.225046979028445,-14.659011071812719,-0.3344010615377164
20200821,-3.2491150308962085,-8.11883815595796,-9.866402958152177,-14.462033696769517,-0.2209796172807737
20200824,-3.332690229250697,-8.310987689924229,-9.981443602738468,-14.42117338886381,-0.3614337305168048
20200825,-3.8416057460729123,-8.324957340622033,-9.838391866410294,-14.111325588632765,-0.8920177324829439
20200826,-3.682063863066973,-8.559979045204651,-9.955685329353331,-13.837084922580376,-0.9841685122485195
20200827,-3.2581738528142643,-8.738460279138446,-10.140356421933777,-13.501648382435388,-0.9330426798465904
20200828,-2.990086071499,-8.980926240692849,-10.372214701916597,-13.349609205834195,-0.9700481412313136
20200831,-2.936754773260471,-9.22132868880501,-10.701837428742456,-13.402070505102596,-1.1059809318824725
20200901,-2.6817840560998634,-9.699512848776624,-11.408536228560711,-13.561871831424346,-0.9439071467972842
20200902,-2.608146689348312,-10.120666213868711,-11.98348322526521,-13.525572321886184,-0.8041381426741827
20200903,-2.410409731955122,-10.493950758519084,-12.464345942744561,-13.693430213381495,-0.6331820429375998
20200904,-2.4528946080953884,-10.88911341178779,-12.991279167340016,-13.884509903513962,-0.9267442559026918
20200907,-3.060005050554289,-11.273404957710868,-13.16155579036016,-14.485269858470344,-1.8075589486391306
20200908,-3.7192679756045854,-11.641191575108241,-13.10754451115727,-14.690078112246201,-2.6862778219410104
20200909,-3.9251510095279105,-11.585387722827928,-12.630196191833397,-14.777463214742825,-3.0208711046300523
20200910,-4.117487890485787,-12.110791003652183,-12.498972128062347,-14.729993604768858,-2.9548623475264617
20200911,-4.58904783239844,-12.163853156265084,-12.05346456334212,-13.910602526528528,-3.2727799253958736
20200914,-5.1185558390275245,-12.22306066348284,-11.688429015578572,-12.733504116872716,-3.2870144304181204
20200915,-5.596845500362572,-12.261767810817247,-11.439737768104214,-11.803939565220784,-3.133421552129456
20200916,-5.428325383302941,-12.520397847011724,-11.341751019652932,-11.195374751136494,-2.6243965867099828
20200917,-5.16097119967768,-13.027858137379445,-11.345554805626472,-11.172548406224404,-2.2015847989216453
20200918,-5.051540297492675,-13.909886185476326,-11.583169099834974,-11.663259227278774,-2.21009388059148
20200921,-4.851450615770596,-15.055311151476367,-11.935745907111777,-12.144613784062583,-2.070117324707062
20200922,-4.866171094759877,-14.728042058794273,-11.385340767258601,-12.21656775757982,-2.1667789687243855
20200923,-4.742955539046796,-13.7400076976092,-10.493739095365596,-11.557023698393232,-2.0616059007531615
20200924,-4.760414972200016,-12.354409538861495,-9.345405220951763,-10.838223450549023,-2.077295426998186
20200925,-4.639038432774424,-11.381883817797126,-8.457285451824163,-10.21319929782781,-1.9016543677976074
20200928,-4.57569569064524,-10.261863974534558,-7.436227174349495,-9.147241011899373,-1.6755371262672696
20200929,-4.559949255927677,-9.283546834326685,-6.454773857369954,-8.019341134425122,-1.3458513736712707
20200930,-4.866864611701201,-8.4005297189003,-5.467164209484648,-7.016097572392618,-1.25578675128188
20201009,-5.492129008464819,-8.000084492197251,-4.995166759546845,-6.092596090307179,-1.69841709213032
20201012,-6.111825647155134,-7.9344114547872175,-4.911582921102857,-5.743373062234991,-2.438857512543133
20201013,-6.424061622265494,-7.917323427547032,-4.857503402191967,-5.927133609070188,-2.966085281224433
20201014,-6.704204583701456,-7.932920452779115,-4.910486016880918,-5.986536430201878,-3.3799821897115403
20201015,-6.929833019598213,-7.956788706984366,-4.890030386704906,-6.061153882259473,-3.7190320676594784
20201016,-7.149483742669927,-7.335826431185198,-4.451272242103157,-5.8722110542332295,-3.9355406367106838
20201019,-7.2454223142363885,-6.683481387854705,-3.9141240313751466,-5.344728459028577,-4.113910000878925
20201020,-7.388951759407358,-6.130797510433649,-3.497911445044429,-4.885795471678294,-4.395572503547424
20201021,-7.4759823700678885,-5.808071722027735,-3.293753714306822,-4.610416348483541,-4.6032547357906495
20201022,-7.61080537792274,-5.617345700309497,-3.1159422445787883,-4.40690572174612,-4.807117504078644
20201023,-7.541977161288069,-5.603457509631039,-3.1426174596787617,-4.4247581925192065,-4.798896993636457
20201026,-7.714704447428377,-5.849041735166034,-3.3173005761009264,-4.659461952991953,-4.99859088311332
20201027,-7.841103917615666,-6.128186765481954,-3.581321899715582,-5.109485118929244,-5.120811487560127
20201028,-7.840898063053627,-6.5084466370816205,-4.05253438196361,-5.851582346688766,-5.017062518962895
20201029,-7.536475331024841,-6.546692402052283,-4.354015480028558,-6.803921443772096,-4.607516586408162
20201030,-7.301843901974663,-6.430363812000092,-4.412599137977332,-7.710287104824301,-4.269025878666025
20201102,-6.958917525989498,-6.045968645304683,-4.160300835387172,-8.336142098155122,-3.998756668805342
20201103,-6.572136630419324,-5.967465036505366,-4.081920433278134,-8.898329035976232,-3.7244559676754547
20201104,-6.524228134838533,-5.938110338606183,-4.0415153897624565,-9.532569207027587,-3.7708207818836037
20201105,-6.770607566459563,-6.025976249549833,-4.127785566263485,-9.584334622434076,-4.175316502002759
20201106,-7.823502588082232,-6.333896554050835,-4.412770101637085,-9.852873094437168,-4.735096749931629
20201109,-8.05129586538266,-6.447995357856305,-4.573256730364412,-9.588943434743639,-4.651356069254239
20201110,-8.262729369493888,-6.538394021111653,-4.821671931823667,-9.50579994118516,-4.316839739477095
20201111,-8.617082831209611,-6.616329970191966,-5.081768744450577,-9.431160593468734,-4.25813206995342
20201112,-8.844628111449211,-6.80307781710812,-5.542072786881711,-9.60306047591541,-4.191122236503128
20201113,-8.814111473550346,-7.144505110445379,-6.000277571201338,-9.856687557300823,-4.09415986787044
20201116,-8.342381467327048,-7.751132252679861,-6.817095581188749,-10.162177722153197,-3.490159492793732
20201117,-7.793810263577623,-8.090239017272662,-7.216939784159437,-10.276239300724933,-2.916766193195251
20201118,-7.375753881831412,-8.385567031678372,-7.4487429758568195,-10.402047070832829,-2.6250594933599225
20201119,-7.370683167029736,-8.750818418724656,-7.840420477248916,-10.71790444398304,-2.8073668989634606
20201120,-7.535712738135908,-8.593772638595093,-7.359131991885843,-10.509919132187452,-3.1188406483911093
20201123,-7.434556990492512,-7.727251669194079,-6.429380614813317,-9.791067744743142,-3.1732248420091027
20201124,-7.271150276642462,-6.783656299182751,-5.643079016321272,-8.73556932114133,-3.078295008164547
20201125,-7.353870958504581,-6.670390966380688,-5.540536526474574,-8.325191080757994,-3.1625028363928105
20201126,-7.519790312424073,-6.905794555211712,-5.651557412086735,-8.26367544598135,-3.3289871743203725
20201127,-7.520480751345808,-7.341573143609655,-6.139943176715474,-8.369863938727844,-3.381302500757327
20201130,-7.722980327195462,-7.562795523204515,-6.272006652219937,-8.305902066404446,-3.6570700515413344
20201201,-7.319411056106771,-7.921909237706149,-6.593101691277595,-8.478310072105524,-3.5887458415805016
20201202,-6.8349896653585525,-7.899331523876436,-6.427600487748215,-8.458121496777876,-3.501710660522297
20201203,-6.366087172139764,-8.469777931973981,-6.914970629298962,-8.932386305734587,-3.539368053507007
20201204,-5.24257591421214,-8.460606113311856,-6.737298822242086,-8.643505622446076,-2.9119989187036595
20201207,-4.1442393193882925,-8.215061406372062,-6.400280017021788,-8.326616945316653,-1.934635543605141
20201208,-3.405383985768152,-7.62379462784493,-5.917795867986757,-7.80039383473581,-1.1647618186070963
20201209,-2.8760429131792016,-7.265893152516348,-5.597063186029224,-7.351159192162915,-0.6417210294600734
20201210,-2.6915671827489143,-7.1120238935131885,-5.597332114616505,-7.001640417606965,-0.4609076752785449
20201211,-1.9741941308649742,-7.460325606668073,-6.046052189738461,-6.978423267923694,-0.036140399597775597
20201214,-1.6198550300814216,-8.298157909681443,-6.951163295027147,-7.4474581441900405,0.10326556059508078
20201215,-1.1652125229034833,-8.716312133872695,-7.418597642372896,-7.706838162411636,0.5379126194878575
20201216,-0.9929902119722341,-8.995780799511246,-7.843349776207086,-7.973412328394172,0.5643577770362598
20201217,-0.9634631461547257,-9.090386708518997,-7.993271681238394,-8.150357985131812,0.4264714421023579
20201218,-1.3764019901631317,-9.512492462012672,-8.572681634447678,-8.529695924677776,-0.0885047361505571
20201221,-2.0440837256548807,-9.699183185508547,-8.90771917706513,-8.250701296804838,-0.8260511392130179
20201222,-2.697818972536549,-9.156459868236766,-8.456767814595763,-7.522725260978537,-1.5422754561816352
20201223,-3.251495198823907,-9.02693385543139,-8.19164348679644,-7.0200603934023285,-2.2412707021651936
20201224,-3.8590718117200185,-9.26449114841746,-8.314255710262987,-6.580818177969939,-2.956905591112036
20201225,-4.398483855609366,-9.711860339313283,-8.660267692092741,-6.426261267965591,-3.6075107243423163
20201228,-4.959734431784846,-9.649820144977674,-8.713052809544502,-5.921298036500696,-4.116792885968055
20201229,-5.235894034467285,-9.132753636808843,-8.319250770937494,-5.263423729012449,-4.361398096294777
20201230,-5.737924018230437,-8.851074121056422,-8.154530969182176,-4.608435685218703,-4.841961155478214
20201231,-6.065530538896755,-8.715480525129706,-7.957088791961156,-4.533628108162561,-5.016803021583065
20210104,-6.395300889144311,-8.570495384251625,-7.860527009964072,-4.754920353509774,-5.16246990066326
20210105,-6.898078142516276,-8.622905594443743,-8.023161001165299,-5.33001474924028,-5.6199186231723015
20210106,-7.499894695129896,-8.998760226126954,-8.394750460684191,-6.006257570567977,-6.412506254530169
20210107,-7.421364600499054,-9.03450980168834,-8.446952456424777,-6.595243116364568,-6.667710097242393
20210108,-7.5712772251661,-9.136585742274189,-8.421375172105451,-6.9799378238685925,-7.1777927975399685
20210111,-8.25544135891827,-8.951700055435998,-8.157675489222147,-7.1654898126817645,-8.062457590469263
20210112,-8.94991489221059,-8.469381897470592,-7.820762464900453,-7.346618005440383,-9.089387675144115
20210113,-9.751542062378723,-7.828944306599615,-7.231377350765935,-7.285655666647771,-10.179592630926397
20210114,-10.130323254649827,-6.902412097751739,-6.398460821124206,-6.934931352373732,-10.786367225121746
20210115,-10.28611625549591,-5.7900119703686395,-5.253574564517737,-6.400610191521101,-10.844204914175691
20210118,-10.040099103354645,-5.1033319272950575,-4.722712707032592,-6.18065078877876,-10.554119852193079
20210119,-9.737426895531563,-4.751621888010596,-4.421684481359763,-6.11884724192148,-10.23404250045596
20210120,-8.933882979207315,-4.261978787532432,-3.849584444151969,-5.708944900936879,-9.392540629102479
20210121,-8.388610238976007,-3.9020508223298838,-3.454724415218722,-5.414750470535961,-8.794769779797557
20210122,-7.617640079486015,-3.482658234673914,-3.0502886167564385,-5.352853575942666,-8.016945515411274
20210125,-6.861856749989529,-3.2698774850982186,-2.753585972370983,-5.416319783604521,-7.280416888068917
20210126,-6.194429280644834,-3.232269688714667,-2.698978504191769,-5.404058148058541,-6.545154445599993
20210127,-6.112045389577773,-3.531435787911545,-2.8917743387531925,-5.5302121292952595,-6.376568840958461
20210128,-6.134118494725119,-4.003120526434702,-3.2766311568294637,-5.924013102225256,-6.356475835468773
20210129,-6.343082495648065,-4.275107548544992,-3.42796207186656,-5.863748300893812,-6.504587862427567
20210201,-6.418508759942705,-4.2279451322993244,-3.3348712900283863,-5.8916623588112,-6.620679218945109
20210202,-6.269931081224441,-3.9857618335884797,-3.132123507554264,-5.652693108882884,-6.464561667680694
20210203,-6.196241025455603,-3.8285940822868088,-2.888299616405898,-5.316754457660316,-6.309292461442117
20210204,-6.306821446964237,-3.7948065673026887,-2.6715023121597556,-5.177405255988602,-6.390765279449397
20210205,-6.360229752110285,-3.952796452777501,-2.5904485684775524,-5.412351714575878,-6.457114294645438
20210208,-6.446881203656065,-3.8349586490854968,-2.2989624806327305,-5.356211468779803,-6.584891534744047
20210209,-6.595318299806029,-3.898072347300382,-2.2610774018636093,-5.395585570404258,-6.747746070528731
20210210,-6.754687628789825,-4.031960478902146,-2.2938562607333273,-5.49428809802212,-7.055332535062489
20210218,-6.813944773673224,-4.336214017434519,-2.4750370372307327,-5.793987690755475,-7.1985627088430375
20210219,-6.724421111184763,-4.72427750240551,-2.853108132756582,-5.9950884018799036,-7.155804028894599
20210222,-6.627379499596465,-4.947938050239959,-3.0729831551390463,-6.135965324657172,-7.142349594305802
20210223,-6.367784512244373,-5.306822363993485,-3.392500473665623,-6.540638691222509,-6.935578009534752
20210224,-6.223949684241075,-6.303501533535226,-4.286299890597499,-7.566364852095808,-6.96557059399192
20210225,-6.024267716177051,-7.059727851478223,-4.996015298552181,-8.474553923487587,-6.845783276682171
20210226,-5.326012343717014,-7.156362028716337,-5.048611866049955,-8.401833993234925,-6.201670843482997
20210301,-4.7623255903594615,-7.371948785685705,-4.994942957743702,-8.21711654062078,-5.547729335000256
20210302,-4.04021281064768,-7.675074800417307,-4.8794627457412005,-8.136318498769391,-4.787638487556747
20210303,-3.748665348569516,-8.189445401921637,-4.900954993548846,-8.269951545615125,-4.505934026698368
20210304,-3.0274309922313734,-8.611344677930669,-4.883143220723701,-8.366474596194783,-3.8473177052622964
20210305,-2.110578782199823,-8.853269106553983,-4.872407802966317,-8.314891433157001,-3.123865607455035
20210308,-1.5125738972008358,-9.269995892861148,-5.086403931338281,-8.269386673675415,-2.8238116393336554
20210309,-0.818503034183202,-9.626197330833827,-4.990044736053819,-8.036582670960135,-2.313578178977558
20210310,0.10909877399973834,-9.876773567569971,-4.906540478708984,-7.737755050519797,-1.5656548102951686
20210311,1.0472968454521814,-9.732088904235205,-4.813175295396074,-7.095673773993085,-0.717635064448477
20210312,1.841612126960099,-9.682004980287772,-5.007028004194487,-6.5619745521219555,0.0035017502121898036
20210315,2.7174246445849954,-9.987925626541324,-5.416411333600312,-6.312524073653864,0.6054486408412166
20210316,3.4200892244781844,-10.22848073421046,-5.59701764821336,-5.98810388102423,1.0929130355401815
20210317,4.241961394187608,-10.394891276116939,-5.828122507776413,-5.678257242204266,1.7677682417244727
20210318,4.855147448142297,-10.539530920567152,-6.452365023792265,-5.30417879431962,2.302394096255316
20210319,5.313470929376763,-10.329655882778471,-6.978396339244217,-4.943428712869944,2.5545060614379884
20210322,5.469115577013694,-10.154365425813195,-7.466101138184218,-4.690412101159207,2.67710703040607
20210323,5.726716042246396,-10.366511609192386,-8.233123076777307,-4.759337971713526,2.89464943691942
20210324,5.409962436295662,-10.83928616562293,-9.039854250384558,-5.25469562101622,2.5662936812860497
20210325,5.211708222549439,-11.04045239362648,-9.572634001835208,-5.416328833862335,2.2558524027525673
20210326,4.703153140346138,-10.354475564344515,-9.119357141312372,-5.044817304647553,1.5833767344336116
20210329,4.185678151505568,-9.726685897763964,-8.61059664299499,-4.641485934948872,0.9970619647623669
20210330,3.8483662933687017,-9.024167504872379,-8.152241700883954,-4.363684720221829,0.5249109021445111
20210331,4.024185069863136,-8.058516071118046,-7.371297568183303,-3.866679634999754,0.5793789046638821
20210401,3.3838998798416275,-7.551050782155157,-7.007114913719671,-3.7123942009484514,0.03585870614285008
20210402,2.9221881687589373,-7.127622076056509,-6.646273284984915,-3.768613323665557,-0.38464919068217196
20210406,2.6114567073373816,-7.169800171854319,-6.701013759586304,-4.2587990459095115,-0.5553154688500728
20210407,1.903273357330926,-7.309418594195505,-6.857999604245906,-4.904430652241066,-1.0236861330364928
20210408,1.3916353942318231,-7.399626367323834,-7.149087659637191,-5.5589885316852286,-1.444840093093538
20210409,1.2491312222151276,-7.358397190102876,-7.311048035345296,-6.124553843135214,-1.5105650570251035
20210412,1.5342335496158985,-7.045816206563147,-7.10611297150892,-6.198122883773348,-1.0908991859458101
20210413,1.5933536553893646,-6.849647019470968,-6.894349121141558,-6.317821035596264,-0.7563433713561242
20210414,1.9525384211229049,-6.452696162711401,-6.480696243097855,-6.363779516287181,-0.2178216530843652
20210415,1.8691082924317257,-6.155162639093939,-6.287656129653579,-6.190935623085044,0.0033372518287083774
20210416,1.7004145720430268,-5.8435935255842235,-6.007878599056678,-5.987469859902647,0.1966189936021645
20210419,1.3400164507041208,-5.492697559676085,-5.66902401697372,-5.690839862695526,0.11322747254587605
20210420,1.1065591525776466,-5.224643732242187,-5.496485622630679,-5.414556484702645,0.06468876842564676
20210421,1.212410738706573,-5.114901823703573,-5.549196690216336,-5.3478592810825605,0.17718106330161149
20210422,1.1104769494602043,-4.987523697506206,-5.546897561544258,-5.163932541230804,0.19201839091691797
20210423,0.8932263716093276,-4.829671773251276,-5.543910334843369,-5.0377610037258345,0.16916498979229702
20210426,0.10638998913947131,-4.760680585607539,-5.430971233995011,-4.898062299101228,-0.37274201782933863
20210427,-0.709023657031953,-4.57871961265448,-5.46266483903423,-4.746962729085006,-1.0611948595530287
20210428,-1.3502532554296505,-4.301369799993757,-5.65581521392829,-4.507359464342834,-1.658633783606891
20210429,-1.5563631572697778,-4.075407146414547,-6.026908952341444,-4.345442818481443,-1.9231394000287432
20210430,-2.0941657610991458,-3.6059480224491782,-6.001085526092198,-3.99345783127546,-2.550097995777189
20210506,-2.801539161736777,-3.715733601792424,-6.312525791232028,-4.2015777229786995,-3.183518779455526
20210507,-3.3134907027772966,-3.422345357306609,-6.387520968889314,-3.907427134888052,-3.5837247490125343
20210510,-3.9988413422140754,-3.0621776642369882,-6.540699457684378,-3.708361188858611,-4.158811947351566
20210511,-4.928155553947193,-2.7664129828698436,-6.536519498316067,-3.4558699216800126,-4.6891927630800945
20210512,-6.315934530956297,-3.0097362688987856,-6.7968716033293415,-3.682943232063928,-5.881448803388238
20210513,-6.921890207370816,-3.2168436562946043,-6.9818881808921835,-3.7272346867125155,-6.27456006906147
20210514,-7.002911538815935,-2.948055583660494,-6.766671931524473,-3.3596514987658748,-5.957490850528628
20210517,-6.943632599583456,-2.7308556927030736,-6.636010015572659,-3.0558589067585014,-5.56074589833286
20210518,-6.82060341217662,-2.8322571615481156,-6.733491527801935,-2.9797616443851496,-5.143158778476787
20210519,-6.537235401271881,-2.9542000923554124,-6.7541298688859,-3.0223216173537413,-4.756568490149034
20210520,-6.299901389827314,-3.1849474267230073,-6.868577090999894,-2.9919382517623903,-4.3048863171383225
20210521,-5.761054100603434,-2.860350740377186,-6.219328209287768,-2.6160015109194883,-3.68970745482132
20210524,-5.423925860176703,-2.2995279142041567,-5.347783846927906,-2.181875607913589,-3.4092329569816893
20210525,-5.068701601411914,-1.9005543705738703,-4.743059553509322,-1.8226226478374943,-3.055294286502695
20210526,-4.593651999920166,-1.6723874673522696,-4.356175657785982,-1.6221883308964447,-2.6090237213887186
20210527,-3.896397424749083,-1.752112763725194,-4.274942165366491,-1.6249848842465595,-1.9485720492668828
20210528,-3.679530461683591,-2.033169004874192,-4.390985593592726,-1.900670610697027,-1.8064708002404413
20210531,-3.503696257511915,-2.358371500708393,-4.508045320867468,-2.193686944791302,-1.6654768121380532
20210601,-3.5026725558119165,-2.834268994903093,-4.738543850925356,-2.5196748058095837,-1.785709083428701
20210602,-3.030800220282869,-3.1083637934107013,-4.889516790713355,-2.7404852145161414,-1.470707454762673
20210603,-2.891172963678087,-3.6707335120994236,-5.45986189069647,-3.18343309751535,-1.2919656222340647
20210604,-2.552330477134569,-3.7433895943674798,-5.511012736216443,-3.2773661213949823,-0.9874204740069416
20210607,-2.365156590563184,-3.8827990016018488,-5.542603199123259,-3.3199986155933217,-0.9636356805014757
20210608,-2.300486695945581,-3.875166619741638,-5.3183437951912085,-3.1986320958430476,-1.054640411290235
20210609,-2.277602605127022,-3.928661901123844,-5.211140943114678,-3.0795778787355075,-1.153396607830383
20210610,-2.6813681040287993,-4.201365092415833,-5.361917815534549,-3.172275379018147,-1.5834992650710176
20210611,-3.2094191067850923,-4.1208659418045395,-5.110004949586989,-2.9940651778946092,-2.1434729858087587
20210615,-2.901177200067819,-3.5605953223702445,-4.411600405859232,-2.33846620987546,-1.9806746381887423
20210616,-2.39640715557094,-2.852255901700534,-3.575023381926726,-1.607055293795922,-1.700511934381665
20210617,-1.7133963996784805,-2.109645524204302,-2.75006783144012,-0.7223326933886066,-1.2940749819033304
20210618,-0.7976889928216032,-1.2814084368963803,-1.8777800827702664,0.22299397144518748,-0.5490650330047414
20210621,-0.026398411440586144,-0.5881060809301029,-1.1219299618669398,0.988096151049583,0.14582626278645933
20210622,0.6424853556222117,-0.028106555917235924,-0.4245977821541304,1.773051588790334,0.7918551562174386
20210623,1.3865094194931824,0.3929368066642418,0.16435408160938236,2.373561694024315,1.4271310607509065
20210624,2.03652367579651,0.9351895983157936,0.8801201746937598,2.991213014508665,1.901865959741817
20210625,2.5583721219611664,1.0866743466939508,1.0683608754383411,3.1261846842494547,2.310787256181665
20210628,2.9228342119095783,1.383265874936436,1.3071619564456676,3.199762894629606,2.5589898017706494
20210629,2.9506625745989368,1.4741440501175782,1.4417022711395755,3.2553335496899294,2.5837507205152193
20210630,2.7794167044569025,1.4347826528347638,1.4661108320344876,3.2009763341165645,2.4716818112615497
20210701,2.084286131313605,1.1051374436206305,1.1330915152653351,2.8329069737815273,1.937794624346502
20210702,1.6337843896566309,1.2126323539965067,1.1956690690681149,2.976668279699621,1.617053183715985
20210705,1.4935290827456293,1.4439309902764856,1.3737876982231847,3.1544905865718023,1.5990570932188093
20210706,1.3906697172252325,1.4152909254601147,1.321347711250606,3.2218985041884634,1.557919671319545
20210707,1.4459317009946353,1.5503303866428018,1.4789983789161765,3.3952286070757105,1.5696547508042547
20210708,1.7217569193800464,1.9441637065675934,1.9046767241069862,3.8435724790348216,1.911205905429115
20210709,1.701376731774032,2.1687426852645406,2.0746383837149915,4.024748932612928,1.9285141285299283
20210712,1.4438447690110365,2.1277409383395294,2.085862788628921,3.8825610876448113,1.6008074959694274
20210713,1.155441714329427,1.899373397513886,2.054709666821254,3.5250235729437276,1.2211598224183349
20210714,0.9379392606324662,1.9416133566608877,2.1693352286570358,3.209000687270577,0.8663069110405248
20210715,0.4230894181072927,1.6882922994733411,2.0003826049505777,2.66832555656922,0.3805471055928764
20210716,-0.05851078068253839,1.3223926219478177,1.7122241381008005,1.9919294139700334,-0.05119979012194031
20210719,-0.8283283744508835,0.2220836863770574,0.6124571130214894,0.9668050759490974,-0.8283878444918216
20210720,-1.4179129909634016,-0.9316132313373655,-0.5947223413645677,0.008957309237025228,-1.4410041110337992
20210721,-1.739143988212226,-1.4450476307205566,-1.2144810625407583,-0.39132377154023656,-1.8272250375729364
20210722,-1.8718198286349257,-1.6546818118834743,-1.6681502558529422,-0.32296472351153976,-1.815397520202208
20210723,-1.9392114767006547,-2.474240499514031,-2.85395084165819,-0.6535432785610479,-1.6989747892093274
20210726,-1.4819482424800505,-2.751604467664412,-3.569407721240817,-0.3909322762636069,-1.1273598509547862
20210727,-1.255657531009347,-3.436855223251728,-4.6255877084395385,-0.37776363477859703,-0.784341103125113
20210728,-1.0704216440172545,-3.334220330249394,-5.1494461912686855,-0.12189304706828086,-0.4794999126574271
20210729,-1.1312336395757998,-3.0132770264034776,-5.453294207424501,0.5155133755048174,-0.2392831956160528
20210730,-1.1504153678349343,-2.2196402117962726,-5.2848307161099966,1.5139654734557688,-0.1305243725064645
20210802,-1.433535637819888,-1.3875155379724706,-4.583330971167655,2.374198185643734,-0.4826964441479071
20210803,-1.1872424957560284,-0.6121455312039187,-4.033098411000474,3.0304893842431992,-0.27871551943699346
20210804,-0.8353934095947171,-0.6253726565179494,-4.302180424492652,3.013840660495495,0.15614739544276157
20210805,-0.43162966787379253,-0.7282907246660906,-4.515314277854394,3.0120601708274064,0.6891784338681086
20210806,-0.15473845446600448,-0.7359126468482761,-4.772709625190233,3.133868968059508,1.0421900734135086
20210809,-0.04729011820925138,-1.1346600535944216,-5.457989452853626,3.028296434342873,1.0345342385641374
20210810,-0.7991684195238593,-2.196666162229662,-6.841393715113122,2.405606687095027,0.21110225829710622
20210811,-1.4955621461565143,-3.717269274158993,-8.543600248594126,1.0939476988861583,-0.4813029369427041
20210812,-1.8400625063930687,-4.894178419433236,-9.881495633042706,-0.14523740381977723,-0.6743885140646328
20210813,-2.8019641901532224,-6.25395106022809,-11.200446030694419,-1.7391330400521214,-1.507174323557335
20210816,-3.602381110682241,-7.317153998272506,-12.224855489874141,-3.0572625786046923,-2.2716752365860633
20210817,-4.253452695976006,-8.144062860454566,-13.039564854543896,-4.277117715358807,-2.9561836977781253
20210818,-4.696981731789097,-8.321388014706868,-13.094191252186754,-4.9258807264793285,-3.532029265282705
20210819,-4.775936847496631,-8.621741800674815,-13.348721412193724,-5.529962789091314,-3.6397593340459276
20210820,-4.751687125975455,-8.597366432560921,-13.177667119795833,-5.740876402292296,-3.5792956029017806
20210823,-4.297628547759713,-8.598531013135258,-12.992089767373976,-5.7890007644326475,-3.1794856222799335
20210824,-3.9214726688718726,-8.783968864829973,-13.050486787560747,-6.250738918409998,-2.839635125942651
20210825,-3.525247493507626,-8.970573352056517,-12.981490017640866,-6.722669901556869,-2.3773631304461875
20210826,-2.519472324263268,-8.714689269565767,-12.4963987898371,-6.548344097382218,-1.6527866243509102
20210827,-1.3778821107545913,-8.323458571029043,-11.934488987136415,-6.077818406792844,-0.7679595447762267
20210830,-0.7529469024348043,-8.35813276766106,-11.89715803242005,-5.695667713888193,-0.19674460977563316
20210831,-0.3021140823188561,-8.407645584574343,-11.777886485265343,-5.598335003592126,0.24004999155317272
20210901,-0.10808367376683584,-8.296210611489014,-11.410546912562642,-5.6109192184867975,0.47296007868673184
20210902,0.04949396856803958,-8.066374180105534,-11.01951886627851,-5.80648657167911,0.5300390764385489
20210903,0.24592773635005571,-7.9727219380598795,-10.647139384534913,-6.133460210633836,0.6450225624307013
20210906,0.47066731559893676,-7.900386123715924,-10.455376402965463,-6.272664167364749,0.830853733606521
20210907,0.5671525130778631,-7.690607884805465,-10.330304205154558,-6.0955295967180065,0.9030043814294614
20210908,0.8889299285652073,-7.516298068728572,-10.393682791007041,-5.767847951637654,1.3242921747128493
20210909,1.4649338108669767,-7.231794714501828,-10.378948783895888,-5.267960266350115,1.9808256104697144
20210910,1.947708379452268,-6.516049576257836,-9.542749205986777,-4.462937296233423,2.4081808199215073
20210913,2.41508007878104,-5.973455142243323,-8.929496433559452,-3.7709674925863443,2.644509727540198
20210914,2.656899201251479,-5.331294583729609,-8.33597080187005,-3.01202852611879,2.783779203799744
20210915,2.775243214943534,-5.140886336191522,-8.32829062761236,-2.940985251147789,2.7382699684335297
20210916,2.4268142431564526,-5.227843748039494,-8.444254368329885,-3.273303423668768,2.224676143213274
20210917,1.6416776335935024,-4.584293576719747,-7.581085803948092,-3.020570261246749,1.357470272012203
20210922,0.6338787761711618,-4.197826419136923,-7.020194108683122,-3.1769857743319747,0.6215909428750287
20210923,0.06842663965240606,-3.9239740283489497,-6.64877007534165,-3.4499970025711812,0.05538360646291923
20210924,-0.01984395027225367,-4.10739901263476,-6.543411634508409,-3.930979318498047,-0.15993369448338277
20210927,0.22271504637099848,-3.9697714114939684,-6.206188986721269,-4.20796344885459,-0.14615745469508173
20210928,0.9179903511634603,-3.9870240700042032,-5.886949793688592,-4.674738809761254,0.446739170672087
20210929,1.4859019131713347,-4.491455745435361,-6.1040058820665815,-5.399290985459502,1.008635901423746
20210930,1.971835127171685,-5.144765929854566,-6.483487110528569,-6.172815099247503,1.6513825048280564
20211008,2.55185861175691,-5.788500760259723,-6.951896313606903,-6.892969975438678,2.338563728414379
20211011,3.064451786332118,-6.31860782575567,-7.394280159987265,-7.691713406023555,2.6444698273495924
20211012,3.7007319413296367,-6.63638681733602,-7.672061094358447,-8.472043600057509,3.0331721457284115
20211013,4.613616673352997,-6.817596054447249,-7.944446791923989,-9.187759350660722,3.8150263701144205
20211014,5.323834114063866,-6.700318213341207,-7.778243737155765,-9.551887986415043,4.4795198330439145
20211015,5.90897791413616,-6.404013405243757,-7.437210252666166,-9.59372772376319,5.0979879152359135
20211018,6.254543968937198,-6.405656573490724,-7.301012864988936,-9.653912189401755,5.419472858982208
20211019,7.061050263653515,-6.704217920482033,-7.556505447820771,-9.926689781852424,6.019912940519219
20211020,7.78867416778339,-6.872866764933455,-7.715312109601133,-10.038216671979143,6.692239323127329
20211021,8.280920510362897,-6.864937466249451,-7.720240470003627,-9.95401852349206,7.419393637449478
20211022,8.380042016228561,-6.531832444024612,-7.462707297320016,-9.685171082405684,7.736996482773572
20211025,8.153762111782974,-6.359998898113752,-7.392486097486754,-9.661598101671705,7.667588110553683
20211026,8.01896282231371,-6.530526423422811,-7.78004001578909,-10.07926373465366,7.594212317843187
20211027,7.750037164275085,-6.562576433055203,-7.915686301271364,-10.436776773843862,7.416759918915571
20211028,7.556100617416928,-6.384132284426769,-7.821361247030444,-10.492252348964085,7.121342480161473
20211029,7.573285730415208,-6.30539603220725,-7.865154597770319,-10.615969668548502,6.8653704682026975
20211101,7.939478364129104,-5.959243519391858,-7.725810098638212,-10.45921563223717,7.129159876018939
20211102,8.301090855584981,-5.851395553704837,-7.710345061401877,-10.549258076979545,7.494506879775237
20211103,8.770473698832404,-6.071222248469053,-7.994193540119306,-10.864838092294548,7.772885272818476
20211104,9.07345274790724,-5.573601469047445,-7.614367109917061,-10.71773783828075,7.739547775980503
20211105,9.810847377836009,-5.358506264052609,-7.760436985112981,-11.200549426473358,7.930074792560192
20211108,10.128775950828393,-4.9515541322810455,-7.626783544198835,-11.311671699697444,7.878184216426658
20211109,10.297643014738737,-4.009202136085563,-6.834887330173222,-10.467762495183472,7.523503646171424
20211110,10.322758837484606,-3.5032316412278046,-6.413953915318307,-10.070308167862022,7.110272441951814
20211111,10.303427147778521,-3.1256038790375777,-6.1238319945336634,-9.877691797971517,6.72308272256846
20211112,10.133327903786293,-2.8601731657762626,-5.906103405647986,-9.73066424287168,6.062803989947923
20211115,9.906684755562615,-2.684319375184494,-5.723008622505541,-9.724267876294109,5.3412835115162425
20211116,9.666793156680935,-2.7310185507161084,-5.9690521772202025,-10.005871536094228,4.68528381201696
20211117,9.63717938220989,-2.8392353779949104,-6.195241835609536,-10.328965286838011,4.344494341407475
20211118,9.539780975617331,-3.0185070801217093,-6.442974479297936,-10.610069820089981,4.149928109741228
20211119,9.40953309306393,-3.2103580861838803,-6.783517300128795,-10.739147763887669,3.845938771284438
20211122,9.450388648544168,-3.0103130945966323,-6.604835256356909,-10.268694131902723,3.940041611692706
20211123,9.296422162493093,-3.019549232846961,-6.69402016242479,-10.193364477444478,3.881416842495354
20211124,8.964297276059657,-3.055074317062743,-6.637755175786991,-10.152703246119117,3.6619504860516563
20211125,8.784359584582608,-2.905530001019384,-6.396093601278811,-9.835066304502545,3.5961529617899104
20211126,8.584818653401804,-2.6279361919278017,-5.957807780379479,-9.600211683899255,3.6015444097171327
20211129,8.703598086088583,-2.4822792327862917,-5.696834964526363,-9.512992821555946,3.6333082597474164
20211130,8.70914330287636,-1.9040299337803865,-5.130416135868455,-9.11632141730472,3.5600932335366826
20211201,8.636928931534257,-1.5379717143607834,-4.830918279771219,-8.835743291136048,3.463776938362151
20211202,8.493975174477916,-0.7867526792364343,-4.17530406869563,-8.09887897428436,3.189681272458428
20211203,7.5638861860351465,-0.15449062603902333,-3.479560415826244,-7.247697155654275,2.3484799007640493
20211206,6.806725868833214,0.3473795535239724,-2.86511288976156,-6.430496683399564,1.8366105525503464
20211207,6.228815179469139,0.5034043971471518,-2.5453636863782814,-5.980936137799981,1.4415585136980928
20211208,5.391862194442074,0.8876749648559225,-1.9653556090109243,-5.429782702592207,0.8313713572013063
20211209,4.4710837308918725,1.195215908379036,-1.5795255597191187,-5.000216499168054,0.05358069400874039
20211210,3.5197989199069886,1.700009394006248,-1.0252110195666235,-4.454348554636923,-0.7960057177544624
20211213,2.5315636268783437,2.3004295363811393,-0.34460472114292884,-3.6823591515048335,-1.6801796051092757
20211214,2.027467178616216,3.0566008110402296,0.48441360604506356,-2.8249147930433796,-2.2399646129648025
20211215,1.3942440818193949,3.911862046040577,1.4314213924055013,-2.0335287015006016,-2.8963261805430682
20211216,0.7291332734708555,4.483384940561724,2.0463951396917124,-1.5594685566975377,-3.5585834391387627
20211217,0.2814178421624453,4.444552204545796,2.003175299225346,-1.644140118513516,-4.077421997002199
20211220,0.05699655168862303,4.735516572258588,2.409071675688279,-1.2530965509991505,-4.48940730388798
20211221,-0.20285589822013364,4.8595637318234335,2.5776379422656603,-0.7925795576089881,-4.9718690962643715
20211222,-0.6330295095465011,4.748750464496316,2.5013712096986995,-0.42702217104203083,-5.382342668967214
20211223,-1.3039563349604686,4.4154441909892075,2.2137185840084634,-0.2542691297887224,-5.83591990543606
20211224,-2.0902356622728036,4.071791702920208,1.991231128157163,-0.07045301627371374,-6.5268534847551525
20211227,-2.922013180098132,3.5974690003821452,1.6800151998190007,-0.10154030392357083,-7.309074950781906
20211228,-3.8946719944725356,3.2325256036088743,1.4024144926434288,-0.14401959049496668,-8.394379232092053
20211229,-4.544775072060098,3.3002137419924003,1.5389400765510637,0.13878940314790097,-8.974183309283177
20211230,-5.093581114443783,2.8229278729125955,1.1302656376250486,0.0308944270533042,-9.229254438478955
20211231,-5.7692752958394635,2.2906270219031946,0.6484363655767154,-0.16911866925495236,-9.80537990846733
20220104,-6.381199851338964,1.515755475376026,-0.15383511530247743,-0.2478768036244225,-10.234582055711432
20220105,-7.145539837291555,0.24416545047107344,-1.313604812621708,-0.4327189614624674,-10.443478257419901
20220106,-7.009750312201923,-0.22246648789068307,-1.8070896394526301,-0.033078026746086904,-9.805975367708069
20220107,-6.821890507395433,-0.6697027658166329,-2.2718527586009825,0.12178021633846724,-9.286310601739157
20220110,-6.7279688257059735,-1.188190312366406,-2.7293721248895455,0.2035063660695968,-8.780466240979814
20220111,-6.610230660955096,-1.5160293082002532,-3.0024756340392282,0.356916947243452,-8.235088801390672
20220112,-6.514366600303376,-1.7778837220468628,-3.2168920295766874,0.5457386466774156,-7.669203326393577
20220113,-6.480840666822535,-1.924611173282193,-3.3144380904506576,0.8925042860214353,-7.268353337177179
20220114,-5.981555322695841,-2.026303020258722,-3.4044951160488646,1.341106414130189,-6.572835789337199
20220117,-5.461463034027315,-1.9586893006309944,-3.169627266655308,1.8930570947927758,-5.661710876966707
20220118,-5.045408415073564,-2.5246685349463016,-3.7436423802738705,1.703583372916896,-5.396135364855536
20220119,-4.5913803789870204,-3.319844375185144,-4.832189056872769,1.3186819482284002,-5.037703963737081
20220120,-4.451706656572557,-4.082734853340378,-5.8418021621606835,0.9523261069754337,-4.975237006184902
20220121,-4.640865110761977,-4.776294825263468,-6.655038103898041,0.5674521164206491,-5.318529081806142
20220124,-4.75143194380947,-5.406539377431118,-7.904755417401828,0.3728411156875344,-5.9903543451401395
20220125,-4.758210019973587,-5.757368017244628,-8.966853328616377,0.31629658754884954,-6.51426482626891
20220126,-5.040091786717604,-6.89544275561447,-10.736317192038328,-0.054061821722474986,-7.288049529906076
20220127,-5.543598283558235,-8.088735196087123,-12.769725406341507,-0.40649744842276986,-8.264313496513093
20220128,-6.113502295412547,-9.64290064462105,-15.241167847075172,-1.0652817370015526,-8.998883806264033
20220207,-6.544161962790985,-10.60336883367312,-16.56439616979394,-1.2244229464575378,-9.360655007584839
20220208,-7.162458613252942,-10.933886176254994,-16.7919874870054,-0.9378140853860739,-9.60993558698114
20220209,-7.955974689448913,-10.788027147853615,-16.39781921903434,-0.21570018955232728,-9.967999468379167
20220210,-8.970518269457296,-11.112922272417814,-16.843956776013,0.2370082026359657,-10.540426296294578
20220211,-9.263817524750234,-11.294499163618145,-17.389455070965823,0.6000296748308599,-10.587684488187866
20220214,-9.32623668321325,-11.833158714572376,-18.32347164220434,0.7259303876534682,-10.500736015676626
20220215,-9.245299030297867,-12.439829464069634,-19.582483384342826,0.6002225466194604,-10.43071236020627
20220216,-9.415841126751252,-13.212821417549037,-20.915416572624242,0.4064618245035416,-10.49493703215702
20220217,-9.552503641140387,-14.007486500702683,-22.188280096171013,0.23617592756823838,-10.454903019829596
20220218,-9.623799588356283,-14.668188256043695,-23.003415890410224,0.16936399930677917,-10.488356970018584
20220221,-9.75042580005642,-15.109658890786523,-23.551032221245627,-0.011408597396607607,-10.405148787184471
20220222,-10.147444158452531,-15.94115485577263,-24.95215879712447,-0.6422477629093736,-10.679731210158776
20220223,-10.583325436174672,-16.42294546249077,-25.62450841877273,-1.188513160306639,-11.102294742388247
20220224,-11.179728244280778,-16.787410299320417,-26.14472069463585,-2.0593569161768257,-11.778909108470412
20220225,-10.810728017859091,-16.257551070767143,-25.63006770561744,-2.4846271891164737,-11.160733650647458
20220228,-10.295049060351657,-15.698280605201427,-24.863840052847284,-2.4409194305379636,-10.50606315307939
20220301,-10.097095387814246,-15.635305018835313,-24.507348723389033,-2.6817221340216335,-10.25465218831995
20220302,-9.828192232823262,-15.57425140043987,-24.318973116008518,-2.8195747896817323,-10.04325840856162
20220303,-9.689375920026144,-15.996745199847414,-24.696275116508687,-3.244342974022684,-10.012891303097167
20220304,-9.567846836242166,-15.313350603075072,-22.767678573507276,-3.1784993747511123,-9.95780837495256
20220307,-10.538627947910593,-14.802824265356032,-21.266999933102444,-3.274422854713168,-10.825255142209045
20220308,-11.29312859017953,-14.384990942817081,-20.000735271271825,-3.646667895380603,-11.601074133464177
20220309,-11.942996621855643,-14.129668709593231,-19.188596316104224,-4.334357498064229,-12.371954069193078
20220310,-12.39140269859925,-13.33490325039296,-18.10184012544259,-4.504431148128108,-13.044175192761784
20220311,-12.970264091570348,-12.449471429311064,-17.16394034450664,-4.346951849390834,-13.586966116030828
20220314,-13.546368022024511,-11.380738720829392,-15.445135425819753,-4.011159691488739,-13.864017320432449
20220315,-13.624328572470656,-10.370588004646699,-13.784614356332352,-3.5386108287609597,-13.664333599661363
20220316,-13.805668093424531,-9.796553928709264,-12.632825251920758,-3.3554811458825964,-13.6417524976689
20220317,-13.919642745729654,-9.082627190364201,-11.34646975431925,-3.039961684385716,-13.545251823909629
20220318,-14.43640057155085,-8.585481513663547,-10.315388398949057,-3.0350216099540672,-13.863044881131126
20220321,-14.938774523208863,-8.075362907283964,-9.399607723091746,-3.067392079249461,-14.29987348938953
20220322,-15.676958768676066,-7.684842668761648,-8.748445794478215,-2.941728039094834,-14.94096519067781
20220323,-16.23064281522798,-7.229955773140354,-8.269208376701231,-2.7555889912194784,-15.356982192798457
20220324,-16.623119139883155,-6.809128757535213,-7.776729519319333,-2.6737452038135623,-15.560280965475377
20220325,-17.092137370270912,-6.272515580881415,-7.402184713408547,-2.518575088343842,-16.041967309494392
20220328,-17.477937471741708,-5.993354271848873,-7.131492719892885,-2.3960914839123313,-16.133423453089133
20220329,-17.45769543813102,-5.9489221681463995,-7.044042824503259,-2.340205751220889,-16.19925143331363
20220330,-17.049425124717107,-5.746521255939839,-6.816130697363436,-2.174138029928896,-15.853776345798877
20220331,-16.487561777319875,-5.557243703458136,-6.5178532063397485,-2.059942838446721,-15.29174303021523
20220401,-14.834187866709705,-4.805194210120549,-5.8881435503708355,-1.6593131160886803,-13.962592684666006
20220406,-13.030368307006091,-4.383682658863713,-5.557796982634589,-1.634548469528885,-12.460548524203785
20220407,-11.338065103216175,-4.10178015620251,-5.376392314759867,-1.6951352721052804,-11.513341469952836
20220408,-9.948633214688188,-4.121718355809918,-5.4929328631818555,-1.9798408493907764,-10.769366070256533
20220411,-8.794685629006587,-4.203482495429205,-5.521054262719555,-2.2169654395036185,-10.155550531720117
20220412,-8.006149736517564,-4.618635205199719,-5.749435138835213,-2.739923554749044,-9.63298180071085
20220413,-7.376567803126958,-4.780646083778372,-6.01079495908287,-3.1806753464222375,-9.078189983451653
20220414,-7.061900166794659,-5.03853595576141,-6.405495404045208,-3.839617958121611,-8.90323823281309
20220415,-6.755654670692406,-5.434395815198999,-7.027021911880642,-4.621943103206006,-8.763573042949238
20220418,-6.3540450658711904,-5.771717868397256,-7.79635826075072,-5.37428769332127,-8.590480506635725
20220419,-6.248545640238375,-6.026780039258605,-8.308612268694406,-6.09641014899542,-8.615503200422907
20220420,-6.186866436089951,-5.98365979392652,-8.297813659198754,-6.20151391486799,-8.565387070129912
20220421,-6.122920585920635,-6.022084027386225,-8.19762683903002,-6.270304834274762,-8.47058674935455
20220422,-5.858410329288973,-6.017901810863129,-7.687176564676734,-6.1825750622878894,-7.838232193854112
20220425,-4.877670940752246,-5.346200201413763,-7.013351072334256,-5.315658557563609,-6.392358448473634
20220426,-4.513609821758888,-5.305379959490439,-6.822530429432147,-5.114906569359401,-5.898956619326179
20220427,-4.415363961652615,-5.282118422910015,-6.811153551430257,-5.357827988225046,-5.705447862659249
20220428,-4.363335339954549,-5.076491579327839,-6.569679570024245,-5.42623114921702,-5.573780492647262
20220429,-4.390130200591805,-4.888596934707731,-6.376877843554535,-5.512506863406213,-5.431822503008647
20220505,-4.3713204445076626,-4.229890872879333,-5.724774054017582,-4.843435297603554,-5.205979694658488
20220506,-4.379879913234987,-3.9905441293812447,-5.627563755575265,-4.60900459380506,-4.711929813745478
20220509,-3.4147869780686078,-3.855551766259961,-5.5723439894739055,-4.205794469439595,-3.5206129379641107
20220510,-2.5081364792977534,-3.6112348931883167,-5.469694110652904,-3.7723432376082005,-2.3937887939583344
20220511,-1.5490479062917324,-3.069538114403181,-4.829504281338412,-3.1383418178717783,-1.300759033617764
20220512,-1.0654224965767254,-3.2633932152647303,-4.497857613704351,-3.1782561468327692,-0.5035500745668072
20220513,-0.9080144555365856,-3.939651084635986,-4.396684441738501,-3.7779593249408414,-0.04106292832299853
20220516,-0.9438382898407568,-4.859661082400501,-5.04736851201994,-4.3917535937817425,0.06784206655052584
20220517,-1.2318298361407627,-5.771283075605675,-5.794255259918742,-5.1098225267985224,-0.12051182573830577
20220518,-1.258634172703372,-6.149451448761445,-6.180681019130199,-5.35192492793342,-0.0100050485469976
20220519,-1.2752365923469142,-6.768717106157349,-7.015693935709454,-6.156691688650328,0.04695634722876993
20220520,-1.2015695701132567,-7.273147861681927,-7.773749512227039,-6.389552994396988,0.18062233917965576
20220523,-1.1613530552227973,-8.065584731904766,-8.677472954293728,-6.627039134251265,0.4686117446517413
20220524,-0.5275366872940649,-8.566913826922585,-9.16423194581017,-6.98023320429189,1.231979936708134
20220525,0.0059922874923186795,-9.296223509911714,-9.351620049369409,-7.3767525790141875,1.8047497621663877
20220526,0.40713947107318055,-9.863955629248165,-9.523815556840098,-7.349133461538168,2.292040637199546
20220527,0.3266761824032695,-10.80822028658516,-9.758183979611859,-7.628894020993061,2.5040987534655734
20220530,0.160307414968593,-11.275405627310274,-9.505993106499616,-8.168461086002962,2.4076296088192426
20220531,-0.281506659916833,-11.913311078556978,-9.426797112500028,-9.025902098507359,2.313168310974644
20220601,-0.6036146121132604,-12.507916889549573,-9.645985620828451,-9.865922584032564,2.2984628395413202
20220602,-0.841275010966543,-13.163513738637405,-10.243059589256129,-11.032038144043943,2.226861782679218
20220606,-1.9153645037418061,-14.815332931749444,-11.838258600922474,-12.294076235324614,1.4857754759290784
20220607,-2.594744570075409,-15.28247838497702,-12.2082946492193,-12.562226576798327,1.2311192966525832
20220608,-3.4917745015845587,-16.163575860106214,-12.524434111761492,-13.366645057863792,0.8400115782177937
20220609,-3.9888512788469197,-15.225984134976045,-11.34056825724166,-13.43912037177368,0.6787480037726251
20220610,-4.4083921879637264,-14.617630852114411,-10.458674313773741,-13.921155556230596,0.3236632783634426
20220613,-4.4771989924158815,-13.548907487521012,-9.175811913977006,-13.587981148676286,0.30059605679739454
20220614,-4.560387669594454,-12.868904462029876,-8.26262193769518,-13.475212996881183,0.2459422282887773
20220615,-4.398057757931981,-11.603556367536916,-6.8185005514295876,-12.105016181536342,0.4836413746608899
20220616,-4.336671371565974,-10.08428184621994,-5.210954481078828,-10.26562046886122,0.6529610945472436
20220617,-4.4677227049582156,-8.842075604843577,-3.823180932815682,-8.6946760450115,0.68037522881674
20220620,-4.008881810530841,-7.23192454667939,-2.1986900918226917,-7.074376199313395,1.0775480496487824
20220621,-3.384406646658136,-5.759351291358756,-0.9296447225239373,-5.5273591768640165,1.4011317831319114
20220622,-2.4406620913940564,-4.0405831488029245,0.37265178886297023,-3.8569338051694038,1.9264437481075876
20220623,-1.357176068237425,-2.4568849951420817,1.4398869765053068,-2.2578017215933275,2.361673896818632
20220624,-0.6117323900859284,-0.9963837779721962,2.6071979614596814,-0.668532537501357,2.5885249340235363
20220627,-0.030205692356123803,0.031754380603771754,3.548108696011051,0.7850418244465921,2.871080808018039
20220628,0.2670403695424489,0.7881199310924323,4.058676193150036,1.7039751763355726,3.0730394552175335
20220629,0.7247483665860889,1.617689292536049,4.7833476423314885,2.6304962625493205,3.510584606379
20220630,1.0544484266214857,2.3698996244617474,5.481696192617395,3.4552027547583113,3.8769484651614823
20220701,1.3608425396431933,3.1091294003137944,6.111781484355221,4.153865101717772,4.102633866885059
20220704,1.5215088272319648,3.63102825935825,6.516806592377488,4.726940056350227,4.124697312285832
20220705,1.4353412109816932,4.338069879770134,7.068805127546904,5.453684063059129,3.9380587305645265
20220706,1.561301224830416,5.107775509533634,7.708605974003377,6.349640978794172,4.2304483076782615
20220707,1.4286215215349898,5.757853605878848,8.35145006797397,7.187068269252565,4.089502110183813
20220708,1.2550578831160935,6.022365560057648,8.486401484299183,7.414107671663889,3.8411074377897294
20220711,1.219129313297901,6.320971560670914,8.711288178615014,7.657158372399304,3.6821835112996775
20220712,1.5063788173725918,6.608926187964316,9.018727827716905,7.86217579283593,3.8112514781692424
20220713,1.83635468548982,7.0045364500350695,9.353620875561791,8.04568111311418,4.007006035124124
20220714,1.9607807026092752,7.152064739713999,9.62566999282134,7.8861347217271325,4.086873827795488
20220715,2.1816923247265003,7.311106612825036,9.994170267060003,7.8605592473371155,4.366259514615932
20220718,2.346300241741799,7.188188059813281,9.73666953758724,7.656340172324337,4.334013176720106
20220719,2.682431714398539,7.131458105581727,9.576253808852195,7.620244404373757,4.407181784158402
20220720,2.956380104724229,7.110370416966449,9.368847359427525,7.599540324174775,4.417728641211551
20220721,3.334096285100349,7.1901834475785575,9.275996459594628,7.569291109625914,4.568670640529107
20220722,3.8779544086804036,7.368621032111048,9.287612429141149,7.684446451212771,4.852639600267313
20220725,4.470284061612264,7.671151782732611,9.433643714972543,7.821678568589582,5.242553075065631
20220726,4.540989752904748,7.5757876053110875,9.299294177418254,7.759407650557064,5.4910874958188804
20220727,4.585031223310347,7.630751456347091,9.3129176192274,7.710967186281215,5.635116223823462
20220728,4.263804558567071,7.223248139900878,8.97029881038844,7.351918067433916,5.366710831921852
20220729,3.9646353566734334,6.898564221147101,8.727497683289778,7.109964656593142,5.268290976632451
20220801,3.668707654532681,6.7523065290039295,8.58202667448551,6.977848047945454,5.235987666280404
20220802,3.504774539895618,6.879857075275975,8.653243891383505,6.992789255619109,5.148035049617073
20220803,3.5381566395283364,7.045834017008534,8.804309919040605,7.379923746903464,5.36214098928366
20220804,3.6467571635430107,7.139506633153558,8.825180894205875,7.7507204237138065,5.553784328112033
20220805,3.4876991960875228,7.210809806352737,8.702920333412674,8.176185185256463,5.456490546735394
20220808,3.2306123311986803,6.97393449667785,8.331956796166706,8.303201069811028,5.234379431384178
20220809,2.9315291563904067,6.815340234652662,8.10347695017402,8.477388489622216,5.035809976364725
20220810,2.492144227762108,6.659258370934048,7.838302667663435,8.446165488017119,4.687748909803636
20220811,2.159494567054664,6.348498500405816,7.435165803746829,8.066945865091485,4.379529251209315
20220812,1.9676205313317072,5.9719382969093395,7.018960590841093,7.497244974941561,4.160064049795921
20220815,1.8746933111168298,5.669776081290622,6.641932649947699,7.070358201945073,4.01692014483736
20220816,1.7402912597929492,5.269886968235238,6.230108073877687,6.739913574779005,3.8692952960934837
20220817,1.4901763803448125,4.569538674613343,5.760965990620847,6.17917333969661,3.6139944330187013
20220818,0.7292620030337623,4.061555935048838,5.490734904142355,5.7133641455829824,3.220515714011264
20220819,-0.37121267392614105,3.309636563571078,4.926062991252774,4.7199497815415725,2.3596349113142585
20220822,-1.1530403226111552,2.757970006465678,4.426258266231284,3.8482645302018907,1.690611474476254
20220823,-1.997824629650909,2.4805981333722102,4.345361873598108,3.405406262785164,0.9094634229172064
20220824,-2.847328348359585,1.9336160227308463,3.9376172338458746,2.653847102559432,0.05895217939973122
20220825,-3.2415010588204325,1.5069857548182233,3.7625212777247428,2.0394093933388735,-0.43175629273527566
20220826,-3.4499290802505227,0.6823197160350075,3.1671166029466273,1.30151555828034,-0.5951196589509679
20220829,-3.7969672112128934,-0.06023021520733913,2.6351662680519423,0.7329971752776377,-0.8922751970551304
20220830,-4.010550012497273,-1.050386516272732,1.9724525942826994,-0.15755993005730862,-1.0577451759158585
20220831,-4.395425274113386,-2.3488906495867137,0.8674872181873238,-1.5611389987335358,-1.5812211238303957
20220901,-4.394538875284771,-3.026123068951,0.29540950294827684,-2.3847480358002735,-1.6399613884521804
20220902,-4.574964920702731,-3.0278592323086873,0.3378211950137584,-2.475242937921618,-1.7167980714967985
20220905,-4.598205011093664,-3.195287918686605,0.22429923231797375,-2.6892860872939814,-1.6428295238861435
20220906,-4.495694573083467,-3.3832087349074706,-0.04535141627569291,-2.9652550302472123,-1.5683067130669228
20220907,-4.688411434499744,-3.536084501656834,-0.2985137505152967,-2.8592892199804516,-1.776203743907077
20220908,-4.647678355668377,-3.381836313176768,-0.41690611830535107,-2.4384647270676068,-1.8172338068870098
20220909,-4.883561567933698,-3.3337261838364665,-0.828243148293243,-2.290532880902403,-2.2868501963953647
20220913,-5.29398807253339,-3.2043359761786077,-0.7750137328560632,-2.1082186116337485,-2.732998503851475
20220914,-5.77772325640455,-3.0993606749119107,-0.8655691236657853,-2.182570275978784,-3.305854942803182
20220915,-6.247450595963541,-2.8101656834374182,-0.6526610435297391,-2.104328971934932,-3.8451078161857315
20220916,-6.6498365610484225,-2.571014304800358,-0.6084675121396234,-1.911230698578536,-4.375983101872391
20220919,-7.1851126503511225,-2.47692041821315,-0.6728385487202264,-1.6054419322813662,-5.012672814420146
20220920,-7.55302741827355,-2.36190543681637,-0.6394551031194184,-1.2281470589495933,-5.488844071005029
20220921,-7.884557990784968,-2.080873048670905,-0.524008742875445,-0.8000331189248037,-5.899996952904826
20220922,-8.14651881773418,-1.9122315092449387,-0.6655343545065293,-0.4374539534406922,-6.261539041360796
20220923,-8.138303327649291,-1.13359759749081,-0.06715674067652454,0.21726921737155486,-6.270008863702133
20220926,-7.964047733941114,-0.04519505295029159,0.9610888643988152,1.0787189492638363,-6.265754645246476
20220927,-7.827271657531395,0.6940176266982885,1.7390458891191263,1.3217653064815662,-6.404387432179921
20220928,-8.005622348239463,1.2888436869298265,2.267639221475439,1.4283570677719217,-6.921607580034698
20220929,-8.332777583792694,1.7916566946050503,2.644595814831874,1.4203022563760284,-7.583634787130833
20220930,-8.513277558962047,1.7978458505836465,2.7635764950931283,0.9205410242476777,-7.911879909454567
20221010,-8.19302418018663,1.652587594989979,2.6126952740868212,0.6396552582383632,-7.592106367372507
20221011,-7.904237614790754,1.7388810335552167,2.635782911745539,0.5992185728509181,-7.403022025521425
20221012,-7.7917294881801045,1.6350001967653391,2.6310089783778814,0.4469681233429459,-7.390304843787858
20221013,-7.592842391433892,1.5743328415978146,2.6835400523079516,0.1079722856628495,-7.166374774490537
20221014,-7.64832628944944,1.4853167403102219,2.698401382411488,0.13588867977484176,-7.1667758761362
20221017,-7.116008579383241,1.784215160317925,2.9613799117170676,0.6722671900675451,-6.399243384678155
20221018,-7.1710485029567215,1.685091360996932,2.8376058863035203,0.6666085921171314,-6.120007404577171
20221019,-7.2042930957800095,1.4641222285038622,2.5809633637209477,0.21587662994977222,-5.868754106784644
20221020,-7.484709868837315,1.3212533577474044,2.3220352438767575,0.016987165218218556,-5.7361541730768035
20221021,-7.768074428758763,0.9097005596831403,1.8948330535161937,-0.33518455803881125,-5.672411408551544
20221024,-7.924877181084467,0.820011342019586,1.7516124796323989,-0.4162085020707257,-5.39442053560678
20221025,-7.928364360598496,0.922255866391722,1.656711286774965,-0.4032998076524693,-5.0072833816573485
20221026,-7.4835127646110235,1.0040057776357065,1.5544284001161839,-0.4960451586657001,-4.286493011805303
20221027,-6.876643122465665,1.573195924711721,1.7103478748329397,-0.1089379675160068,-3.3433923249574145
20221028,-6.465315473086304,2.2532302593042095,1.9438866742836451,0.3229087443514385,-2.7548557039991106
20221031,-6.614432224386813,2.9977546314311705,2.1557954540219186,0.7657556038864259,-2.5883332473357585
20221101,-6.953268382997097,3.267947365386908,2.0072848451234826,0.5386602826926359,-2.8904603857319815
20221102,-7.203217872358588,3.0360193655120526,1.5643260972154522,0.16110344492280168,-3.1058225758522635
20221103,-7.4070004575869435,2.921929196451561,1.3685465251569322,0.0036367357995319045,-3.0627431955926196
20221104,-7.577826983587599,2.2122897965430326,0.7343285008203636,-0.9822185689349747,-3.2256911400528616
20221107,-7.6320022915401555,1.4802123829667246,-0.033828089774896375,-2.0498904583823547,-3.1873715495278176
20221108,-7.654709645982204,1.2406273215190016,-0.5600319912640213,-2.7311286007549698,-3.345528364510101
20221109,-7.929194272932125,1.355373689294713,-0.778155010515839,-3.260255004855644,-3.685436946428248
20221110,-8.161526578175161,1.0245800222018504,-1.2878459401995266,-4.370025305772865,-3.924898079573006
20221111,-8.150171750449836,0.5169471698840342,-2.046532105822631,-5.286152232137032,-4.011028507603357
20221114,-7.909555536327134,0.4582351133595973,-2.2523633928604525,-5.988130838479882,-3.717372481791711
20221115,-6.820273918408076,0.7601372692636446,-2.108953744233658,-6.487359307692299,-2.654472214368385
20221116,-6.082860895077049,0.9130100758828977,-1.8765959927481648,-6.794803198575663,-1.7600090084828455
20221117,-5.605234816801398,0.8708015356464875,-1.5777658324747805,-7.366049751276902,-1.1904125438064768
20221118,-5.0148076789854334,0.6681014066902203,-1.4216983312906795,-7.622684378788526,-0.534227787890915
20221121,-4.650824377482979,0.6267406112580961,-1.299788855540554,-7.273839252422471,-0.16139174615815538
20221122,-4.4219150633286235,0.5968222950425185,-1.444023809540727,-6.878965230068115,-0.016535630766256255
20221123,-4.232871213687793,0.7483336231435921,-1.3865311991591898,-6.29520015689715,0.08390259882734771
20221124,-4.175390326619317,0.6149484161635675,-1.5293840725657737,-5.805108241501504,0.39435998728079663
20221125,-4.450437237288949,0.3404570506121539,-1.9253040926268759,-5.186840228506562,0.4208122539651282
20221128,-4.4394725940912165,-0.19978447920897513,-2.6736906683150865,-5.157842866133807,0.3663128558211412
20221129,-4.6648915177115144,-0.9503191784060704,-3.810358648265502,-4.9840213409347465,0.35441954766175693
20221130,-4.90577972494555,-1.906350844711407,-5.186583925696017,-4.73709473203738,0.7372630569373511
20221201,-4.613536047630713,-2.4245560675132443,-6.100912615180897,-4.158232430736319,1.3897354077961352
20221202,-4.600114659508258,-2.5052564060635314,-6.516039348237177,-3.4946718532620844,1.6536791086506772
20221205,-4.466984217917056,-2.2798322315531983,-6.10771308658008,-2.7981818683016413,1.903102113082498
20221206,-4.653825469516106,-1.9087383780397937,-5.4831327513364245,-2.2461335149660955,1.867753938817365
20221207,-4.760228906767481,-1.3136769912519974,-4.908299689316167,-1.5528622276230868,1.8845896991519542
20221208,-5.177643632309765,-0.8800775009661543,-4.486548268164536,-1.0184598732394787,1.4160753288211965
20221209,-5.298738748180567,-0.3443716786708006,-3.876661613270186,-0.7198616161968034,1.2153792112739348
20221212,-5.6052001576883805,0.2022310852175196,-3.0564377111015313,-0.5028704706771229,0.8150428252476122
20221213,-6.048059763498728,0.5154961844701642,-2.230190885616389,-0.43492552113746163,0.31502833489690524
20221214,-6.259372270597987,0.8176212714849926,-1.4258328684131267,-0.31451015708264696,0.08731259104592551
20221215,-6.411853062535949,1.200789624816853,-0.6642810433487938,-0.4238781184752514,-0.10487794716228371
20221216,-6.7273357531718725,1.7468569675589367,-0.00533628367947259,-0.33050721956111706,-0.5801529550241681
20221219,-6.52849502399939,2.168890367722511,0.42101676830066803,-0.22213696472708677,-0.7015547033341853
20221220,-6.501667660659353,2.6460581021537495,1.0541924694987534,-0.04290468775587647,-0.9333547229700228
20221221,-6.384307461156341,2.9202250591077803,1.357331208231841,0.11954871992136581,-1.154225644322475
20221222,-6.496631084076491,3.172975425533045,1.809444451149945,0.22865541175012322,-1.6691247955207997
20221223,-6.801552329912277,3.181652316816092,2.0005274815064698,0.08565940885041352,-2.134173460350607
20221226,-7.172149044515718,2.72228995694361,1.8780103243781567,-0.44852388613327915,-2.757005370555968
20221227,-7.040779283666699,2.2866709294992495,1.8742862204145092,-0.7919387339123488,-2.836336940067329
20221228,-6.7787812991861545,2.1199573992703034,2.047541429935916,-1.0413820298365986,-3.0038966943999936
20221229,-6.7087716008922085,2.0362799475369964,2.1799378145015695,-1.3501616806347878,-3.37479128994048
20221230,-6.938979805810813,1.9994679728086737,2.1895016999058425,-1.2848888003610643,-3.763045227477672
20230103,-7.070555705870068,1.8712365575192806,2.1631590005188186,-1.1566032269638504,-4.123224918542085
20230104,-6.642987681352928,1.7941884882625718,2.2319167032783747,-0.8911894539363732,-3.853119756715094
20230105,-6.114234266628449,1.569763047094271,2.2080880727984047,-0.4422529191939083,-3.401861275925689
20230106,-5.5076692823863,1.3354017854903473,2.1382630199678894,0.13050736790826603,-2.827712788302409
20230109,-5.3549926142073465,1.3976820557637915,2.4711368588403917,0.7351827102200378,-2.6533652645498864
20230110,-5.38135094389909,1.3436492834456182,2.705674150361459,1.3605029283516894,-3.013198156135297
20230111,-5.619058338212516,1.35692880994096,2.8741408039055156,2.11534063769972,-3.667273315510667
20230112,-5.9798779793258126,1.3631279573773534,2.8294281821937393,2.6592804840655595,-4.624680250575651
20230113,-6.545142859607172,1.37068719137436,2.6723975848230612,3.4304445628287006,-5.667270083520174
20230116,-7.0728101267285135,1.3931777110990469,2.5104126149702792,3.899885659506097,-6.591415287083524
20230117,-7.370426769370523,1.2327614477004256,2.3695395827268424,3.761622434953688,-7.182393614398966
20230118,-7.725274401963845,0.7401789426455021,2.227484048246948,3.3513538718872984,-7.812462770687959
20230119,-7.472554560310639,0.35864728287845826,2.276497876190366,3.0921344152384305,-7.556752205427095
20230120,-6.8912988300315465,0.21937960606521376,2.5042489801234784,2.9422355203760038,-7.155656494551957
20230130,-6.4519663928263284,-0.07883028997273099,2.595463023198843,2.5370437269029433,-6.83001836637272
20230131,-6.5228344736594455,-0.4527624911647467,2.7169260126663386,2.445264189916109,-6.836872256388056
20230201,-6.350326910879609,-0.0659398220848244,3.669909808987507,2.67137932000122,-6.636814398694985
20230202,-6.038409363178187,0.8454966597969042,4.732743418472364,3.444912979473723,-6.62743199007907
20230203,-5.958570844906234,1.3618630925866941,5.167445024976184,3.3156786497194757,-6.695738309460738
20230206,-6.045078273689099,1.3504332321504187,5.139308120233632,3.1727619108895735,-6.845641421593673
20230207,-5.956330240585439,1.256290683472846,4.728591939912284,2.973230199450313,-6.732782015477384
20230208,-5.914051671363592,1.0577470345303688,4.180465970629054,2.850725931140343,-6.434295548570867
20230209,-5.536382580163754,0.8528160333561031,3.6562707408729427,2.5890636689973627,-5.983848721470516
20230210,-4.798932482886995,1.078485001253834,3.415616227944245,2.792637322674219,-5.278404353960173
20230213,-4.263108507805035,1.2439630303931763,3.3074781427818176,2.9961522837453343,-4.784514405915119
20230214,-4.108829517930141,0.8077008024783363,2.2775975772233146,2.784200026980462,-4.800587417052648
20230215,-3.804703779541079,0.902559565771994,1.8596289952730451,3.0988787334179557,-4.549325072743531
20230216,-3.7644925188829736,0.8052875087999858,1.385817970312677,3.298291674178177,-4.556595296626073
20230217,-3.631385938006182,0.35568952629811074,0.6062558999450713,3.4100201336637777,-4.538929554064506
20230220,-3.542431191041268,-0.3866785681080945,-0.16456483501803087,3.202963524072139,-4.584657097068072
20230221,-3.6768595220373435,-1.0668034494539693,-0.8562056743269284,2.7795177479879123,-4.796556765751315
20230222,-3.8714376525728116,-1.820286140422171,-1.6370856099836597,2.4566490312642446,-5.1505529554382985
20230223,-3.6518816574808968,-2.1625877988120905,-1.9514267105835599,2.510448517168415,-5.102637366000426
20230224,-3.5034380206034763,-2.866644814850724,-2.725836726313442,2.4982239464402873,-5.104921992904566
20230227,-3.110789646224295,-3.5723938788399745,-3.3325610166350486,2.548983369350613,-4.811172080753568
20230228,-1.9197268983792806,-3.5838492550502883,-3.2921168657634365,2.7898191173773093,-3.751504594513249
20230301,-0.6880835907433576,-3.069134562897588,-2.8555619983820977,3.513248215732707,-2.5144680737960616
20230302,0.06065029222512199,-2.645182932091372,-2.640353576745909,4.294166942403697,-1.5166526863880379
20230303,0.7476353147767885,-2.6649862807514197,-2.6741428114313175,4.9347527148724355,-0.5644326960025772
20230306,1.5208047980546135,-2.163674627448102,-2.038714661258101,5.705159490276845,0.5599528927842296
20230307,2.0904441713606032,-1.744430001836813,-1.532283565226316,6.409921785142063,1.4146712454526875
20230308,2.126056125801062,-1.3008826627130325,-0.9884691982102304,6.997107714154118,1.9258384049000656
20230309,1.81320808154728,-1.0766820333298779,-0.7235762205385308,7.294713090544662,2.1428294145513345
20230310,1.4695786491906047,-0.5078401186400904,-0.16786145798286403,7.6845988506573875,2.3883148109418193
20230313,1.2741037248406053,-0.22993350123164025,0.06525412742276213,7.898259965495436,2.6080559425130576
20230314,1.158440661015611,0.06295165232717137,0.13851104031743852,7.9857388911924,2.7955253645085447
20230315,1.3179556050194734,0.3187245593070289,0.05022631043395449,8.21961852447835,3.4534961661089523
20230316,1.9904251497182228,0.9525132817092862,0.20600555749303415,8.644585103733148,4.435153764854003
20230317,3.0171591318835964,1.4733899311077752,0.04953366449711122,8.747113806621659,5.613244795040839
20230320,4.071039653200198,2.069474036594692,0.34083328536350943,8.94846760844678,6.7607029834032275
20230321,4.5528356788957725,2.5483056601941647,0.5443688004598043,9.324031988852472,7.650055913534112
20230322,5.450893662920467,3.563532091681119,1.2406287404643939,9.888190263203295,9.178557920535114
20230323,6.112606430414757,4.55444835642606,2.038170433786934,10.391677545428935,10.135137831274154
20230324,6.6572611623921985,5.535790957444486,2.5958514526376835,10.862073872440329,10.944954317723008
20230327,7.47320194090954,6.556820399710813,3.2277233455321914,11.191040183807605,11.909520643994393
20230328,7.9225033481934455,6.786162095595122,3.239313193934,11.028484158503248,12.589638768221969
20230329,8.156125400950987,6.801458894343399,3.133894363397223,10.964546634062515,13.321509001140395
20230330,8.299673833010981,6.201339194452081,2.6134666610615986,10.50202227116865,13.82686070822281
20230331,8.629321519975026,5.888798277427756,2.442205908765567,10.133188497399136,14.4115946595503
20230403,8.071841204414811,5.386450662591099,2.1723978301629985,9.899296229883499,13.196912357495787
20230404,7.319233455681244,4.911137534525985,1.9823759029969823,9.560831083437105,11.88746721282489
20230406,6.863973277702677,4.7325779625988895,1.973681552413023,9.221853096001484,10.909721310700503
20230407,6.44515155955961,4.5405489234816585,2.0293753086027944,8.962425279996307,10.113945479330086
20230410,6.28639923046569,4.354479169429816,1.93618554405693,8.912310613042655,9.57398184215785
20230411,6.211745302132283,4.117218832413771,1.4394085270002175,8.849607774524081,9.159390483958935
20230412,6.294115230981481,4.141575236186772,1.348259273205381,8.972051142529809,8.95409251282733
20230413,6.006795636858306,4.192114237630905,1.3372887280785961,9.07784835172979,8.321631374003463
20230414,5.931404626631146,4.600009661936336,1.5595836153378266,9.466175946318945,7.900614270497946
20230417,5.814628570865311,5.1488146459300586,1.9003712444128193,9.904138153303434,7.503477492589279
20230418,5.81798883406165,5.216638271254338,1.9306238332890773,9.83918334189411,7.080655318890812
20230419,6.051081280298726,5.3595190707948355,1.878746039788682,9.879244749460163,6.8286389557035125
20230420,6.432830870523135,5.80866097118381,2.1934087097812807,10.01988107984706,6.869157153432612
20230421,6.79863389742477,6.286917706505325,2.6001663420323773,10.595939173391471,6.952391935159451
20230424,7.06489643552044,6.847450243067302,3.2299457053098046,11.17897358333235,6.825336565261592
20230425,7.205346914485941,7.189859059434115,3.5620878751933525,11.587793452278015,6.503092573125359
20230426,6.993362583381175,7.435700357709466,3.829085133712771,12.187628953074745,5.937595258470996
20230427,6.799917706636708,7.807954162364047,4.290945939795181,12.802178431881291,5.3452436788133895
20230428,6.428070663982433,8.228843708406243,4.8213802912654256,13.565032704966091,4.552645764258901
20230504,6.2967871878150925,8.447448235098438,5.196938062545754,14.367138566957074,4.123508941327559
20230505,6.260096372283742,8.55095996933031,5.097746877505314,14.597336307207264,3.6325904887917946
20230508,6.219044809111347,8.517224486784821,4.762463159143558,14.180246351279086,3.168161559479084
20230509,6.258433769175508,8.479353363701856,4.400525562802223,13.811651513720697,2.705473166933995
20230510,6.524214463316965,8.5067813551219,4.186560684765247,13.346609519605071,2.544447255415704
20230511,6.6572465123913105,8.494530321762737,4.045521534158677,12.67593439189198,2.3412021609330784
20230512,6.546385180623233,8.49515574229909,4.070231929334939,12.223544260550932,2.0104209356405476
20230515,6.428038715121666,8.208122289193652,3.7607326976527937,11.535534198593682,1.768701908700948
20230516,6.191274936028909,8.137562234990567,3.827966906991945,10.866077901168213,1.370555471111727
20230517,6.165460085135615,7.920714448794231,3.8550484034734294,10.100301296982105,1.1442267944329414
20230518,5.933351345692824,7.782554286571968,4.04524970854992,9.651713611906251,0.6761533802046653
20230519,5.509825400198472,7.643636850989137,3.8408860237487943,9.106193932967377,0.18028891512435685
20230522,5.502510522735253,7.745139902615376,3.9178133259540804,8.755279021504803,-0.20225508580679177
20230523,5.10924250051184,7.475523004591653,3.5241856865961676,8.45559606666205,-0.9258890765784402
20230524,4.720818280594426,7.388293123794075,3.0692546902454283,7.761369043227229,-1.418548566090373
20230525,4.29490285626345,7.076318161581209,2.656806465505879,7.044499210403028,-1.9444272235674258
20230526,3.768059708202002,6.503320844379043,2.1635941196922985,6.4143133495772675,-2.3640842563409667
20230529,3.649528251443185,6.488505834705229,2.2133927097674038,6.157607722002336,-2.4017557475172975
20230530,3.651120403238354,6.6885720454229975,2.4919395783014493,5.944196135619266,-2.457670204910255
20230531,3.8407225033238923,7.235098304032859,3.1728473617158723,6.14095095263442,-2.505221244902412
20230601,3.538128367241659,7.407363870070864,3.5827559054908593,6.235301426842672,-2.99758012317058
20230602,4.06541767827779,7.654620980410149,4.058298860645615,6.179574151599041,-2.4563138407462533
20230605,4.045152202849104,7.9358654622405105,4.525789093013498,6.253027421384237,-2.342350747785145
20230606,3.819993341674544,8.040048366897802,4.886599158138866,6.329833085949545,-2.2045400651167952
20230607,3.6372350893896828,8.192913144257014,5.109246972975921,6.463971065666229,-2.2202858918306108
20230608,3.398801645865309,8.290969974894248,5.309765718991345,6.515911759536495,-2.1682684501396725
20230609,3.210404342522419,7.994102109757342,5.402932089951839,6.145110598822173,-2.185388337916019
20230612,2.8335703660222027,7.70120036839291,5.452981728606147,5.822298455690231,-2.361645491054312
20230613,2.59107303448698,7.302822938999254,5.279904277823238,5.3713194408018525,-2.44210886337229
20230614,2.18043398651803,6.770866698492723,4.785926588487568,4.851527261845948,-2.572908060588615
20230615,1.6420724831055338,6.24031129979765,4.444011250133015,4.3690937236789535,-2.832605142398886
20230616,1.0437881968956555,5.5281912225211824,3.8697995480963754,3.780591178104126,-3.0766243092341856
20230619,-0.09344469896682212,4.791928406655318,3.405323775467166,3.3031911892571237,-3.5663497793010555
20230620,-1.4627774303655334,3.8834679497492717,2.781032092264705,2.6059530997457574,-4.532682924359115
20230621,-3.112261674813724,3.0624471599442282,2.3301955135638557,1.946504881149933,-5.867642519807782
20230626,-4.147223824454368,2.3172009627581334,1.7515407249569823,1.0632593899658673,-6.6055235084645485
20230627,-4.809225153387436,1.7400311300450424,1.2907238123208165,0.42293569791987967,-6.8615469674473495
20230628,-5.102963680188126,1.187581291078494,0.6712237839651051,-0.3568946579710112,-6.927408971252793
20230629,-5.433326040869188,0.6478774225013081,-0.032511715459574514,-1.1037313717268131,-7.1478132991180505
20230630,-5.624708714787638,0.019257083554941844,-0.8510879091303538,-2.1045694894773446,-7.093745750243463
20230703,-6.246735138901204,-0.8062448717636173,-1.7769510719811894,-3.191542589008253,-7.6684627815371424
20230704,-6.682580259621743,-1.3247157290967404,-2.124924537166183,-3.883102317254273,-7.800584084344326
20230705,-7.0800708829823105,-1.6642699564733792,-2.211965813524685,-4.189682798499679,-7.891916327025516
20230706,-7.44396139703542,-2.1021601214978562,-2.3483047059727977,-4.762654221800428,-8.198803795134573
20230707,-7.884609392064432,-2.3654583420520976,-2.3824327082061725,-5.075852793939234,-8.602640179007775
20230710,-8.26494551982339,-2.88835565072192,-2.740602227660344,-5.700615257676034,-9.019659418268743
20230711,-8.42638122153711,-3.349333098347362,-3.1624033034921077,-6.539237900220967,-9.192104202672287
20230712,-8.885779105454612,-3.7635729582432096,-3.40293626575671,-7.3380900229166866,-9.579568131674753
20230713,-8.931235342860253,-4.083734274695325,-3.644646597450278,-8.179116492758263,-9.976907476054707
20230714,-9.282554819911923,-4.628158486296505,-4.047945039307187,-8.966400782997603,-10.571290343877633
20230717,-9.679935815020686,-5.006943437013271,-4.540903838050451,-9.43112418778927,-10.651694372083492
20230718,-10.222091078185223,-5.483877214096982,-5.062222585402006,-9.939175501838172,-10.712100233760092
20230719,-10.974365842857697,-6.300055522527586,-5.914838843444304,-10.922982419350108,-11.00606615406419
20230720,-11.517729661241903,-7.019397607439394,-6.672221733928221,-12.027957645409991,-11.047697923758733
20230721,-12.025884445072855,-7.595679398602995,-7.410857649976444,-12.935769956497623,-11.119639225640972
20230724,-12.580978489436683,-7.715340530189783,-7.46176925508336,-13.086337413927987,-11.090118216501168
20230725,-13.261626724110862,-7.69548775819091,-7.54747146357122,-13.20494908472608,-11.369866054422877
20230726,-14.112550293080929,-8.053012322974125,-8.161057987109194,-13.53756712556303,-11.664424274347551
20230727,-15.034165689710255,-8.511437165410676,-8.679382913846956,-13.705947147971496,-11.943329289746544
20230728,-15.713729584080792,-9.289657097227845,-9.488604213458464,-14.237470970272646,-12.03050699629054
20230731,-17.97420962985694,-10.268057634510889,-10.086801590071822,-14.75228524623625,-12.52989308432752
20230801,-20.358413922628543,-11.16802300362411,-10.651543858322146,-15.077262479310072,-13.67228447416923
20230802,-21.541699769801024,-11.897798839967054,-11.109068870916202,-15.236158045902615,-14.026976846189106
20230803,-21.774766433070635,-11.825585513292628,-10.887196022751025,-15.00849109503983,-14.96256041821912
20230804,-22.430002792493834,-12.041280494859961,-10.910031102616582,-15.061391294160456,-15.875166429447125
20230807,-22.424656459255026,-12.07678533247598,-10.869557881384862,-15.242139874612619,-16.734117657344747
20230808,-22.207227733553932,-11.316608439854917,-10.079339027792061,-14.621804672196875,-16.89795117465461
20230809,-22.23444794696445,-10.93134324697857,-9.708883274169638,-14.553079681192777,-17.200966434376863
20230810,-22.23006713720557,-10.515964263290147,-9.342201530155018,-14.020815114584439,-17.429355159418833
20230811,-22.385952265136606,-9.893011421223886,-8.57370924503512,-13.190369252786962,-17.74622186947499
20230814,-22.33189557935051,-9.214811655211406,-7.832821097457128,-12.44410598526452,-17.847101904020697
20230815,-22.030363465623605,-8.36862719864198,-6.935141878584923,-11.40111237165948,-17.516726402096886
20230816,-21.739254923027968,-7.630837125542969,-6.176449726973562,-10.49412046322463,-17.333649098531005
20230817,-21.40447009719741,-7.0696958256066935,-5.5970775090431895,-9.876589716487011,-17.03137560858112
20230818,-21.086940530903934,-6.919019709481351,-5.484940099466892,-9.446331512347305,-16.806826835449346
20230821,-21.231816250894617,-6.913724297610069,-5.359519313240409,-9.10606243570792,-17.09373888112869
20230822,-20.339542472084478,-6.851331917146995,-5.133854386709056,-8.687929259079894,-16.366400230098577
20230823,-19.69933411602814,-6.650534944369541,-4.583495278822464,-8.162131091748076,-15.724608050242324
20230824,-19.304743197816407,-6.855121242142256,-4.288616952020328,-7.974554661916158,-15.065141615647573
20230825,-19.159139601938495,-7.165130664867034,-4.138297871986487,-7.737646747156404,-14.703473856332085
20230828,-18.286323960480125,-6.547610366518662,-3.3996514823310697,-6.703390506827691,-13.62850758980312
20230829,-17.65813447556351,-6.278130814496146,-3.0879221923974254,-6.202283613164928,-12.939648831855271
20230830,-17.034519159087246,-6.065687368801102,-2.9382758057088028,-5.914360764845822,-12.351788491667895
20230831,-16.7056745249334,-6.04624408438718,-3.085390297457118,-5.410432075328947,-11.6058894168726
20230901,-16.324041002324147,-6.466584092637921,-3.569110267438912,-5.269009649743561,-11.044775756172722
20230904,-15.545465476350707,-6.303671599293505,-3.3663917460195583,-4.510716227720728,-9.829801220920311
20230905,-15.04216530230204,-6.209541484247683,-3.184015922461042,-3.712509072949753,-8.917209236766993
20230906,-14.65448440094548,-6.11572871427679,-2.977642247823532,-2.7349225246364472,-8.173398245635314
20230907,-14.477499442478093,-6.057027943749938,-2.7578497605888472,-1.485747290515491,-7.46976829292074
20230908,-13.835535110767685,-5.670830709487343,-2.4279908264116186,-0.3293543050618141,-6.368488978458168
20230911,-13.295504979311525,-5.46419015368467,-1.7781594527194546,0.3212725598510637,-5.697220671133588
20230912,-12.616610979926559,-5.3577247941647,-1.1810188156755113,1.0404249779283867,-4.979873853880117
20230913,-11.461422212435957,-4.731475096653643,-0.28684991833068746,1.8702546008482843,-4.0690215903979965
20230914,-10.374690890911252,-4.312025933507965,0.3805672704697264,2.5897166558844513,-3.197812719750382
20230915,-9.850870297301704,-4.261646147451259,0.7093799134465645,3.031333572900372,-2.835065552681618
20230918,-9.33225306542686,-4.224212755500256,0.8940823500233522,3.259061407913354,-2.60095465421498
20230919,-8.364434688469835,-3.705613531138704,1.6048352256906242,3.7998064084387444,-2.106793264919857
20230920,-7.613190690728878,-3.105858561538885,2.3162218889118673,4.330882736724656,-1.965112533102935
20230921,-6.709059757639992,-2.1925538152309563,3.008761672870605,4.966748583101239,-1.646012603473252
20230922,-6.185478758329316,-1.6481968881195392,3.2771194494060234,5.135726175553676,-1.4596209368287953
20230925,-5.77087377055006,-1.568355431383199,3.1864419572939298,4.938145564232147,-1.5228318814620976
20230926,-5.342984064503087,-1.2833565668728033,3.326824467660905,4.944772050263809,-1.4401469376046279
20230927,-5.09451896783181,-1.0824074402949226,3.383610701488659,4.661054949463984,-1.4281204956615146
20230928,-5.05875951422233,-1.4115696246573428,2.7031438762882503,3.976826065268993,-1.1438853610725002
20231009,-4.3265416538260695,-1.0977862375670713,2.778042527232933,3.6444259159198986,-0.5108601241597477
20231010,-3.6258055570398633,-0.6512465354068363,2.930632346135785,3.6170310487449338,0.22799692121054435
20231011,-3.077694592481366,-0.5601070542990052,2.7756844539304537,3.482789986069661,0.8875285105234021
20231012,-2.47868971563077,-0.44842992640007806,2.681646238564364,3.297418565093676,1.4938255099261057
20231013,-2.150654581790375,-0.6182158702493361,2.382437434978137,2.7201697504563853,1.9705661336294613
20231016,-1.8502648883360004,-0.8872437685525448,1.926455816078739,2.145469845750718,2.3709715142594656
20231017,-1.5173957863084915,-1.1706465800401928,1.4958167684585453,1.7041809811962285,2.8593529772595323
20231018,-1.1670490831024742,-1.0506008014167876,1.4783380550028618,1.5244146432027748,3.4212284268418824
20231019,-0.9949523273697025,-0.9952941803566465,1.5209784795615937,1.45317572454951,4.0242576733599185
20231020,-0.6380220742903197,-0.6492974059446791,1.835472822235968,1.913672793856562,4.7768334502524175
20231023,-0.044352098610787954,-0.22848080627107772,2.2141014378471353,2.2080009704258083,5.632602527304213
20231024,0.8311245029909745,0.3785481601846117,2.7519016662187026,2.832058442181562,6.723483688681883
20231025,1.0077356305814889,0.9216900933745731,3.225192983334788,3.331212211862907,7.117707399442738
20231026,1.1282845031925917,0.9634462209108624,3.0999735159587334,3.427426332901487,7.490767288021281
20231027,1.2161149611859108,1.2945818115373657,3.1010606197046555,3.8684909700417833,7.792937616104096
20231030,1.3271992493123261,1.7991667127425446,3.2991097158405926,4.338389786012602,8.053901526682294
20231031,1.8448723132742448,2.2417075863722262,3.608795330174408,4.795800713333851,8.45466048219269
20231101,2.192849329780212,2.537247499874035,3.847038473919098,5.295872490098159,8.782562172006596
20231102,2.2996495683029075,2.5890646952852308,3.815422925919073,5.70633589451815,8.785928320258215
20231103,2.2317851562854094,2.5697474406733587,3.895491863162501,5.937570442869946,8.68871773995566
20231106,1.7701088037046193,2.7571050685963825,4.213212227916666,6.198547551706541,8.625860967506798
20231107,1.1127735762025168,2.741917803335266,4.221077344196504,6.306192473199425,7.9136510414145445
20231108,0.699063491413057,2.525447806914634,4.04956281638101,6.330700301431551,7.541810558025208
20231109,0.6488933435015377,2.48149791009127,4.0299537233746054,6.504979875594008,7.452168437646314
20231110,0.9903369478306744,2.209740480784133,3.626054207608394,6.364104921670636,7.626772567479755
20231113,0.8273338670027606,1.8326422189929825,3.3010766060487553,5.81036663847568,7.22674230338787
20231114,0.7146047182170797,1.2973857555064487,2.6334626350690824,5.260012799386653,6.900815078324799
20231115,0.2464083185621462,0.6762326567683978,1.817634944314967,4.609753950381064,6.2784496582529306
20231116,-0.35006319410625897,-0.018363661901803913,1.08902137902586,3.9162656696786895,5.5831139635035285
20231117,-0.5012822161478315,-0.05258423316365387,0.8605602816687229,3.925825881993846,5.180877721663764
20231120,-0.1387485079274581,-0.0700729800896159,0.7483366208486029,3.9736055047226917,5.112572209139812
20231121,-0.11352150648610207,-0.18568393427217525,0.5487948059554365,4.0540625823348755,4.918897522833002
20231122,-0.30038387882240347,-0.7944512206054894,-0.06718392639217714,3.402275079248494,4.800387665060303
20231123,-0.13094728071069464,-0.9704444896144132,-0.27565137548799484,3.3393545006066048,4.863716152090435
20231124,-0.17979365530712837,-1.5559530776456256,-0.5737195274350759,2.9667914229190244,4.6186063430041555
20231127,0.06971745358546155,-1.8945681888600703,-0.7834698567546673,2.8414176018716177,4.585121016073392
20231128,0.2188592463286486,-2.186438516029972,-0.9605093991809782,2.5880353780767384,4.597904352576293
20231129,0.5300547415451649,-2.330073550077011,-0.8204603937017312,2.3849291328240327,4.6028136689019306
20231130,0.9133067123845966,-2.423810824702241,-0.7039047295538743,2.239540287454822,4.754386022350574
20231201,1.4434089014342517,-1.884467934997345,-0.049803874447821805,2.6818757633189763,4.975499505733627
20231204,1.4736318615293547,-1.9673155650119505,-0.11103986845504162,2.9565682519997654,4.849635193914166
20231205,1.1606121118219246,-2.3919527889853773,-0.1605886809333438,3.0301973083210316,4.377578347235948
20231206,0.7278943739720191,-2.4348395118729664,0.1528020062751544,3.3290496799957903,3.6831439685698135
20231207,0.5339901592357768,-2.1320708249226334,0.5441511391774965,3.8598273223688735,3.1051332018393056
20231208,0.4928431945951228,-1.9240868769274384,0.823798912841071,4.1625633806318865,2.572933074880611
20231211,0.5189240052920694,-1.7079533415076538,1.0914031921313896,4.536576599841831,2.1722075851032203
20231212,0.2153704803650659,-1.5316249781289124,1.3089169070679803,4.789337583216712,1.592511566237389
20231213,0.08605000517613696,-1.0623144369910824,1.8516744818622308,5.106248504931454,1.0531163237271397
20231214,0.34049953146472145,-0.564494108793155,2.255401873167805,5.339441485674739,0.9545400271276905
20231215,0.6140660466064618,-0.3824296711041732,2.4014883252125627,5.245466029105748,0.9217228903738836
20231218,0.8703033109665532,-0.543750264446686,2.2207396485504183,5.210459542110646,1.2169771569345689
20231219,0.9316116100145632,-0.8428994683940778,1.927302122635654,4.89196307815712,1.2699932067961632
20231220,1.324557367167566,-1.2243959875124673,1.5401259892687107,4.655571421068606,1.3680855408284138
20231221,1.7264404920358243,-1.0570044698568666,1.705140403475803,4.672689470012105,1.1946184772081099
20231222,2.360302726345095,-0.7860954396035255,1.9443107156661634,4.624591031118072,1.3411039070849224
20231225,3.1265417792197523,-0.49367186332782237,2.1077968117029147,4.5314281397538325,1.5969661534226294
20231226,3.3833024966216665,-0.544027143755042,1.816358595779494,4.340775580546546,1.3351449485571876
20231227,3.6245562594321394,-0.676924447861391,1.4740052638521717,4.068049166677783,0.7253008122382792
20231228,4.054938403291083,-0.323182015896132,1.6743288211939888,4.02557865211369,0.4369467076492693
20231229,4.962576205603239,0.4237546529562758,2.2105682368094217,4.533497906923711,0.6332611418370414
20240102,6.236257538582574,1.2287501391542168,2.7028338302838777,5.089038779783799,1.3225583019793683
20240103,7.220058450400765,1.962227267137341,3.2657232217189085,5.468621640537411,2.159611899657026
20240104,8.116441394810874,2.729921383051597,3.9309794972342633,5.944657705923887,2.7933652210789637
20240105,8.958233288461225,3.261648321404503,4.143947870747708,6.168990180605067,3.5062744975369693
20240108,9.528166730263814,4.080061363215707,4.7794723682918985,7.064338441807575,3.772612825630213
20240109,10.08345921393856,4.584580463267467,5.096984161370424,7.682045165139056,4.19295323520497
20240110,11.24783320334232,4.810314302971066,5.036700570361478,8.189781815410184,4.830426191354588
20240111,12.459158113620354,5.434220687660304,5.351666054605386,8.963595297767665,5.499216664882283
20240112,13.660935628067241,5.973592770770108,5.315210227976981,9.430353498946324,6.137900167460798
20240115,14.270784524398088,6.0964119842957984,5.115499794303715,9.028602838886018,6.071650827473696
20240116,14.406608780465328,6.1931332956043565,4.6730504912951245,8.84230420614594,5.991519047748574
20240117,14.905907557823344,6.373931475113914,4.411896726702432,8.68794619445212,6.1544750525546785
20240118,15.317541423971283,6.463069890616378,4.222770588862135,8.547467044466186,6.221856462502441
20240119,15.366122736435631,5.854495941785296,3.585236335303529,7.856250422512219,6.444176998789058
20240122,15.452582401765325,5.322810139128346,2.9329697843634377,7.453233418850975,6.913726200289568
20240123,15.22620813806617,4.889145956947595,2.6403615186428526,6.985182827936127,7.0014441965153695
20240124,14.738999088516886,4.409003740793368,2.1821116468731354,6.518877834434982,6.969038301297125
20240125,14.526212782859483,3.964381325758902,1.4584321156921745,6.192409343133871,7.359400360989111
20240126,14.566211901139999,3.9571141925388758,1.0350260531489608,6.279639175494492,7.845804371309516
20240129,14.535807930325474,4.002286021741536,0.637764993774137,6.270955024257827,8.072701774036641
20240130,14.680166188910631,4.356991856422565,0.8018481053131487,6.426915972536869,8.359077053528306
20240131,14.135065103766774,4.599052723985167,0.8689775816323787,6.427756396255283,8.616647493808692
20240201,13.486977026967761,4.618958556281403,0.5874915123327599,5.938365790723629,8.517895119686619
20240202,13.176670932374131,4.671053777643509,0.4643131852677037,5.572104546108345,8.836407247000546
20240205,13.17796534029329,5.070185934943246,0.6487681807980386,5.603917976075192,9.466213787819532
20240206,13.118677795311202,5.388956816127509,0.7260254718727189,5.548763134027652,10.09503545504942
20240207,13.470598680441059,5.855269451280506,0.8383183994343645,5.786996837689387,10.975560623012363
20240208,13.464119483049732,5.735575845832438,0.381765852215058,5.524166284788503,11.25251090114384
20240219,13.081132718416187,5.393336818338125,-0.1286732151910037,5.204678288317128,11.145278448359761
20240220,12.820609931781982,5.074130062677824,-0.6541382822843546,4.921380666350729,11.229984358404227
20240221,12.588959115700153,4.881015637143122,-1.0130517518790059,4.691394467965592,11.18378724905153
20240222,12.524602874519001,4.674266763725434,-1.274239111102258,4.28445076742535,11.269341284540873
20240223,12.336375911178614,4.61596341588974,-1.3468819070317315,4.036374608274382,11.3357278317603
20240226,12.229585507730109,4.86792422700814,-1.364872250182189,4.125029142118218,11.700494371538854
20240227,11.621698220970847,4.63693441322985,-1.6803755143169032,3.888523451855029,11.518362010887095
20240228,11.294171200615667,4.50398085388961,-1.981166346839274,3.77081740429863,11.470436101106833
20240229,11.028158948178506,4.282736538459509,-2.309799364236636,3.6083223809704843,11.517664477790053
20240301,10.422908108275985,4.112101329295035,-2.521907196661063,3.520619750076448,11.518907852838458
20240304,9.625180248802394,3.898784375723972,-2.7189156775210828,3.48294945803425,11.405599317865985
20240305,8.879262768333195,3.4534417933939987,-3.3454883567537257,3.0929669406916562,11.23967344917243
20240306,7.961432814923731,2.682044541692168,-4.6408315683205235,2.198274567068856,10.58872503039583
20240307,7.123774026971826,1.7010937331878764,-6.284151689726894,1.185797766910889,9.959668488726951
20240308,5.959757297945236,0.5802922061818857,-7.816137918506618,0.11597174891312832,9.081607721857793
20240311,4.826467200635885,-0.27211925368823425,-8.846678459163897,-0.4949932818240923,7.872526495407112
20240312,3.5709981677725207,-1.280917234806304,-10.014711850663273,-1.3659566723619836,6.378311989464817
20240313,2.608703479883913,-2.007918193130853,-10.962470226599551,-1.842959981327252,5.190883819485032
20240314,1.4489717010652063,-2.3915607397835474,-11.393824699783453,-2.2908965998925757,3.962199026023869
20240315,0.3002657546439159,-2.922721882907979,-11.482353979433315,-2.736139212592684,2.7521362079848273
20240318,-0.8113588389247139,-3.5682583769221874,-11.444765487667109,-3.365960063707586,1.7153343166522736
20240319,-1.898079771305326,-4.038282185382891,-11.648850200156568,-3.5490283936621703,0.7870002954566646
20240320,-2.9760475249842497,-4.56760132625371,-11.873767953482258,-3.9663383846627753,-0.11122351233051773
20240321,-4.375200221926612,-5.513345035466926,-12.031022504630492,-4.578405100261554,-1.3886891408767237
20240322,-5.049582578020109,-5.77885873449066,-11.863292932306303,-4.738180882233595,-2.0598795771479135
20240325,-5.109324628384638,-5.508530607459003,-11.724521229632067,-4.600846274504225,-2.204796630087224
20240326,-5.205982086883468,-5.219766255781052,-11.337182088313389,-4.571953841209019,-2.4423679697690983
20240327,-5.266677560356812,-4.502382393905987,-10.684390033230423,-3.8564931928254707,-2.621665641085823
20240328,-5.046393126817343,-3.6960755802898704,-9.994422610397748,-2.926863403750822,-2.341023481516089
20240329,-5.189822135598841,-3.4359214731702674,-9.542947447128352,-2.5476336511518713,-2.419541839015259
20240401,-5.723956578471022,-3.6327336498178044,-9.376372030650836,-2.3795575757981546,-2.7195697931868272
20240402,-6.259688963827592,-4.352493270909081,-9.423130376157024,-2.7468025840132633,-3.2016469361366866
20240403,-6.607177164809314,-5.877409130013586,-10.249423309966772,-3.8685500580064627,-3.5320912698891083
20240408,-6.75846118776412,-6.312578810843362,-9.98348946454482,-4.502500062457974,-3.8471903371961735
20240409,-6.9123959448528005,-6.864416017603377,-9.960661172274651,-5.0224714104163946,-3.922341576083496
20240410,-7.186661641420723,-7.565408994363909,-10.080650877326606,-5.713884598389472,-4.144765236422702
20240411,-7.215265193954808,-8.239678324307205,-10.204204709396235,-6.064661800314155,-4.371452375936499
20240412,-7.3547032893380875,-8.47298781256876,-9.96403594301281,-6.0139211248629,-4.668961992148766
20240415,-7.798895751050253,-8.766280546704728,-9.68301153291829,-6.294536008153844,-5.461028585353559
20240416,-8.159399255575124,-8.54622760894198,-9.169857410194782,-5.965645352387411,-6.116328286576951
20240417,-7.5857177791747175,-7.8806696466552895,-8.393616748399547,-5.431975693259635,-5.707555537229799
20240418,-7.344045755665096,-7.363675684027127,-7.673560151668158,-4.974946821378282,-5.515577000059497
20240419,-7.423843528506708,-6.706983967976909,-6.912928208062201,-4.605362239774769,-5.666501283947136
20240422,-7.567823642113121,-6.24182255481069,-6.286234872697124,-4.18947399665114,-5.707874662750686
20240423,-7.868769038414288,-6.238663688493213,-6.0043880653962525,-4.449217395957498,-5.928669558038152
20240424,-8.484542963378813,-6.523909933590636,-5.929715977264013,-4.878368797686342,-6.395618851987085
20240425,-8.591891021122052,-6.184968352143577,-5.380855349950988,-4.680242452505699,-6.554272932894417
20240426,-8.796306693319373,-6.092514158111017,-5.0152355719811235,-4.668501820603421,-6.737849881317426
20240429,-8.926323336871977,-5.911458396806918,-4.634197785529506,-4.751653656765729,-6.928098253475712
20240430,-8.790608019494597,-5.544572401551284,-4.087900289546766,-4.661692013865071,-6.89003371785353
20240506,-8.636633446264943,-5.475918388917131,-3.7823962219573035,-4.835266017777051,-6.956867696240421
20240507,-8.869776503820605,-5.628719979033842,-3.72022708744661,-5.191823032639305,-7.263725876982948
20240508,-9.150722522376451,-5.4987857869832295,-3.4317594337806745,-5.280964947705348,-7.444657299230344
20240509,-9.161340954568649,-5.251940868228441,-3.06448628655959,-5.175402914031931,-7.504587228520863
20240510,-8.484552386816643,-4.322896674385803,-2.2595266153340297,-4.748139264097988,-7.055770235033835
20240513,-8.171934976890984,-3.9968443065905404,-2.017079939463241,-4.85581076914461,-6.705680285880063
20240514,-7.78962934179057,-3.6220717671891394,-1.737872693743387,-4.949942432999119,-6.202936795838186
20240515,-7.634620992443778,-3.3916384443019165,-1.5039678773015905,-4.900964761091101,-5.994552933158524
20240516,-7.221025577147127,-3.006887546148585,-0.7845068639411298,-4.622725574184238,-5.65638688714269
20240517,-6.931716718584756,-2.9423338623963002,-0.6037802074233951,-4.56914527199495,-5.457052579430169
20240520,-6.998032539508748,-2.8957793164987704,-0.42011277490561655,-4.3924457700669866,-5.501735729553094
20240521,-6.928583194496305,-2.9605902465585148,-0.18814699994178694,-4.344101035478069,-5.09178549119377
20240522,-6.871741067250832,-2.948511347975787,0.29781008834052447,-4.269834378412726,-5.058458924099873
20240523,-6.51828142227506,-2.776086372112575,0.6786529166339741,-4.060700286799175,-4.65813755534167
20240524,-6.396084255015338,-2.722653631518709,0.9806984615248392,-4.032948778886514,-4.479296152831582
20240527,-6.656740841821464,-2.66414857309453,1.3813921992504028,-3.937918147116645,-4.645797721405953
20240528,-6.674313561983395,-3.100835039690199,1.242509496312636,-4.404837907097001,-4.681566033312353
20240529,-6.373902427621927,-3.8085943219965266,0.7214323354941553,-5.320161316784121,-4.3702768317191865
20240530,-6.124241443014096,-4.04805099482939,0.507814049312048,-5.517659147489749,-4.328584702827459
20240531,-5.8042016411912245,-4.213637310874337,0.20059696279585093,-5.715975503965472,-4.108011524156955
20240603,-5.205943005418006,-3.669538134971258,0.5217821905557436,-5.387669339753623,-3.5413388677335664
20240604,-5.2371284825825635,-3.1801984030228825,0.752243836686715,-4.930073449632793,-3.3627103236141074
20240605,-5.542415442979188,-2.5458296067909156,1.4048457521850752,-4.36711087845393,-3.335936457522528
20240606,-5.683074707586068,-2.5068446847449946,1.234153617189301,-4.104772137736005,-3.119629667996166
20240607,-5.730980643950728,-2.5880396344490824,1.1326479690660263,-3.8162277859648546,-2.775130908280353
20240611,-5.802556988080378,-2.3662819419409384,1.3648620984984987,-3.499724455713505,-2.4093841483551937
20240612,-6.188750786497576,-2.3387096019762126,1.3623712127822156,-3.4731307384411747,-2.2627132788684214
20240613,-5.664003624714984,-2.4061872052574342,1.2029422846327156,-3.376808779903474,-1.546024794987015
20240614,-5.242408981259793,-2.4129560575892084,0.9529916550323445,-3.2581117961644295,-0.8992204011397977
20240617,-4.37294795033718,-2.356256143629479,0.9315077554354522,-3.0011565472993067,0.18825452659548664
20240618,-4.030429018028101,-2.6200731887623325,0.5218475997842706,-2.990317784327432,0.6780605484658627
20240619,-3.604396502154379,-2.9267162309002392,0.03190052674761381,-3.074067276404827,1.188317710966952
20240620,-3.1112911885739707,-3.268317551340776,-0.4731352037302124,-3.234734632303727,1.9991801947568604
20240621,-2.521177629981222,-3.3218135749057978,-0.8581339764867527,-3.0538272637562858,2.5357965838255825
20240624,-1.9667686899577477,-3.1212705456677017,-1.001673839204284,-2.4787948559905875,3.0670563622025324
20240625,-1.3800451853571054,-2.7015751673682007,-0.9303316367458323,-1.8014178374692444,3.6617024526495063
20240626,-1.0283656812023432,-2.697200988590051,-1.3029501472926919,-1.5859636541581192,3.996065929417767
20240627,-0.6994454879882489,-2.5136432370463484,-1.3755969477603447,-1.2376725149389756,4.182102203883352
20240628,-0.5660551974703585,-2.432282584845344,-1.5123981376786078,-0.9023817656671987,4.166369402892653
20240701,-0.2570469515131555,-2.528273357868113,-2.0693275796642663,-0.8684314784284086,4.1232460707265775
20240702,0.303219827807501,-2.8642539354544696,-2.7636759541736318,-1.1149444396106543,4.282372529999349
20240703,1.5382026955395334,-2.8247291074403926,-3.0238528611483955,-1.0416575694207368,4.891822990128663
20240704,2.827863521213388,-2.8055007600145476,-3.400296978138489,-1.0097177092628562,5.55679997324269
20240705,3.560260407372928,-2.911969257933775,-3.8198777286096988,-1.0051290550015528,5.872166856381133
20240708,4.04355661903019,-3.1850580514846905,-4.315075665579252,-1.117160088438811,5.995530342244129
20240709,4.834240736202346,-2.70732000615403,-4.188348467322458,-0.5657388542734983,6.417498244015811
20240710,5.537995796281476,-1.8052330014353817,-3.6658103095844172,0.3511027578642185,6.910998076866487
20240711,6.542128319931945,-0.9738520914730192,-3.2052576745688435,1.0350115607763015,7.73275402217831
20240712,7.547872507082817,-0.4710395642055237,-3.205655623966295,1.3688981684819543,8.513984533871728
20240715,8.867847276123415,0.44160905167850906,-2.783023747977146,1.8908563849913471,9.639761091610753
20240716,10.053540911362843,1.2088974732554152,-2.5885149992125864,2.304248043259225,9.97041841579752
20240717,10.771702369692965,1.8739189640262917,-2.556768722602855,2.7067958978369933,10.058647894176021
20240718,11.559242590312952,2.3255000840661877,-2.6072129226280483,2.6976023838259873,10.515748031136248
20240719,11.916349467036035,2.6398999389430307,-2.6467964773345267,2.604983676855561,10.455783281025347
20240722,11.972156799884374,2.609956931502076,-2.9020545766763517,2.3763956938768453,10.368763549295728
20240723,12.085018584070713,2.4571468410901605,-2.952483406655465,2.050467870875216,10.386869050993074
20240724,12.01492494181088,2.879972126311451,-2.3648124024143287,2.077962080337867,10.180779139602917
20240725,11.812214417757524,3.3501075588698352,-1.7279357504308603,2.322051842374961,9.983712936857774
20240726,11.384917321537365,3.2547788795602153,-1.660918889171121,1.9439853035391805,9.472466076530226
20240729,11.299065821687185,3.606591721278594,-1.3079771741296187,1.929334639284668,9.163445808746406
20240730,11.172081193691769,3.6369757516482197,-1.4966193650566189,1.884448913743561,8.892469558739327
20240731,11.08225522249615,3.5211954756914983,-1.5152678475464192,1.7934581735421207,8.675093861569032
20240801,11.412041963238872,3.5109548223943214,-1.5835877461967334,1.873408228073858,8.710157406654423
20240802,11.776100198429074,3.457626104313055,-1.7255808311794778,1.9266497272671075,8.810049899948364
20240805,12.187831386046419,3.7450383501907982,-1.5113645258203883,2.023807884743512,8.95026185321241
20240806,12.734762085013436,3.98829067091778,-1.2431248190131443,2.3452529549345735,9.301887814472742
20240807,13.41214221910694,4.519525884255441,-0.7384568306182995,2.8173250198655015,9.784917962604897
20240808,13.650109418784231,4.81759984353295,-0.39426462646361454,2.930016999108634,9.976635009431346
20240809,14.124204166948324,4.85102461612359,-0.4130591354949487,2.7880378122076697,10.23627295233765
20240812,14.615660715285461,4.681379750948948,-0.7153925939085276,2.4028296557840685,10.29669911175616
20240813,14.555730359806667,4.983690771834005,-0.5558520841980679,2.441892087847483,10.497810629029303
20240814,14.766006347559827,5.471264714894681,-0.23554232681594356,2.7088514251192284,10.801626992222578
20240815,14.595934386438781,5.698440928225078,-0.1157128341060501,2.9921947748262183,10.717562548150328
20240816,14.476145982703304,5.833519843154175,-0.09061513201119294,3.061644859905128,10.89466449761281
20240819,14.599579077989207,5.905699684854822,-0.2503937862659128,3.203774347057667,11.076780277732926
20240820,14.5024157580722,5.695499479641635,-0.57485594529991,3.1504879386774585,11.133117615878941
20240821,14.297708510098047,5.5823522467390765,-0.7713304219574124,3.0306151764627556,11.040032389201217
20240822,14.22134780216152,5.4529733029550504,-1.2376074042986793,2.9575641456613027,11.203153602473959
20240823,14.353979924317311,5.532063755983778,-1.565511253894606,3.1441042003654656,11.676374008324238
20240826,14.31712762277766,5.318768430728134,-1.8563847509863494,3.013191291914002,11.760838042877873
20240827,14.21691824805205,5.322031279442623,-1.8739700612817836,3.2350914089134477,11.828801975874514
20240828,13.920248889605094,5.2426746853409885,-1.8293966198965488,3.385797982617971,11.83001177323551
20240829,13.381130317646651,5.1323882269193515,-1.731217391033811,3.6363918189208513,11.520963164344513
20240830,12.890007161580542,4.673584455619894,-1.854648534919011,3.4584981309593554,11.311401649125795
20240902,12.377048182089645,4.43466660138466,-1.7852713652063175,3.5490150350267857,11.185545041106936
20240903,11.484781179033519,3.696535520189977,-2.205263247948179,2.717027216014171,9.927277049200239
20240904,10.793927220953172,2.8975809221191624,-2.60217683442444,1.826862486929597,8.631189029072104
20240905,9.7836792212439,2.3088920016297214,-2.8508142912924255,1.0637668990813223,7.078887843202962
20240906,8.640162472317598,1.858119930118961,-2.8783494941451324,0.5287393749059364,5.672311911294129
20240909,7.559393019898049,1.3840530855535096,-3.021309541476335,0.055493196954900015,4.3737764171319995
20240910,6.983711042904259,1.116026919299414,-2.84355951897356,-0.32691968996066784,3.7365068956131764
20240911,6.547197818548451,0.8464519301309155,-2.6625609497150884,-0.7852568380592679,3.0605236478751987
20240912,6.291544110576484,0.8994524658996783,-2.330629831814935,-0.8527013855233592,2.382506497792621
20240913,6.154038928039787,0.9890201357214828,-2.0630917656550025,-0.959459695523794,1.9112247368036892
20240918,5.7023720056100355,0.8684429856816128,-1.9811470300096334,-1.1777756392884715,1.4427207980083923
20240919,5.553080606085267,0.689903489271928,-2.3646996972609897,-1.3544827064372393,1.0224395533138695
20240920,5.457355780100758,0.25064620004640487,-2.97498705856469,-1.6058258112234083,0.796577318942529
20240923,5.347255743742356,-0.10488099136653621,-3.5887880836365698,-1.7596532400126927,0.5490685609544761
20240924,5.105245372868036,-0.3696584663298601,-3.889771286178132,-1.851594056134581,0.33320736527986666
20240925,4.826034796182672,-0.954438862151393,-4.535380494743768,-2.0559435231246725,0.224678366572971
20240926,4.2029110986311755,-1.8843174814988368,-5.359287868946232,-2.72377767769448,-0.2789810590238634
20240927,3.8487292345683555,-2.5784448305490995,-6.368544103643537,-3.3943139882965463,-0.5739911485772402
20240930,3.1941578812759372,-3.346850308398052,-7.125037046727467,-4.143685705825705,-1.0231316752781663
20241008,3.14280411044994,-3.834368993075943,-7.571321500252047,-4.7535125737576935,-0.9645079654560313
20241009,2.9778645637221275,-4.590987161585512,-8.20546658065481,-5.3933790772467844,-0.9734692188004594
20241010,2.751009655783951,-6.046850191945976,-9.330561570045598,-8.083216691272478,-1.3093188326706884
20241011,2.5760571509695427,-7.7942302942567645,-10.83044719797836,-10.609184707951819,-1.5850019648232248
20241014,2.387647390752245,-8.904753625024021,-12.01604347405297,-11.863714543111534,-2.114203226806173
20241015,2.200226148650296,-9.169811971637639,-12.145067450731334,-12.421055696059733,-2.4277040777920864
20241016,1.9094770581462792,-9.748894945573092,-12.537424139809355,-13.129024126731967,-2.780621133486695
20241017,1.4449097085844456,-10.519278240570669,-13.127907053424451,-13.79722945887918,-3.306541241851844
20241018,0.854095661439523,-11.403620862583125,-13.55166986318496,-14.896223163951944,-4.050280124755234
20241021,0.5599580870045638,-11.848567100240793,-13.839361173201256,-14.37890872748114,-3.8238280533471767
20241022,0.2940600496070951,-12.589361131504397,-14.463041543521198,-14.152371016375774,-3.8170568860828356
20241023,-0.05358081826513223,-13.597430565717149,-15.175499732039295,-14.245982115977363,-3.994093707841304
20241024,-0.22644370381002293,-14.280434062138712,-15.985386988924171,-14.420647096224773,-4.081713977772885
20241025,-0.13413301796958904,-14.896954024352045,-16.674009604346995,-14.468366439714853,-3.9346758204300505
20241028,-0.28125506758678914,-14.991417664310418,-16.782040767341606,-14.437017534599269,-4.033941868266444
20241029,-0.5860160543908662,-14.909590728766716,-16.751814976914467,-14.283525652714628,-4.163657209542911
20241030,-0.7420593191111471,-14.531059336895602,-16.361256723781082,-13.702271875572794,-4.016303461699265
20241031,-0.6719625913992832,-14.292251898975811,-16.330851957411294,-13.114502062449498,-3.7599074214413655
20241101,-0.3710527758475939,-14.252625903278549,-16.68394289096562,-12.810048112072971,-3.5189505776660672
20241104,-0.2400647572872998,-14.388945653484754,-17.22930898030025,-12.473104561947341,-3.368605179680666
20241105,0.30308401262749146,-13.903965345729041,-17.268572235181324,-11.54399602473548,-3.1636542986451723
20241106,0.5644196526402067,-14.068178503623805,-17.973280110225016,-11.063226021279851,-3.149949168181884
20241107,0.5534663128193977,-14.011167356018198,-18.585423102135355,-9.945423105919808,-2.869792531672533
20241108,0.5481949963193646,-14.357705137230349,-19.768818097318103,-9.45411398845356,-2.2128970038586395
20241111,0.36974865218152675,-14.751100685689138,-21.035493387583617,-9.105027775545873,-1.5911440375657633
20241112,0.42374519241984276,-14.131493558841676,-22.18048877143961,-8.317200061593347,-0.8710828258298586
20241113,0.2917829054834433,-12.55577096167777,-21.27256122102272,-7.3861496628745105,-0.35022137284867527
20241114,0.03865316335119612,-11.3899284054988,-20.8812506321916,-6.654674347223641,-0.17000910017940662
20241115,0.408820292028544,-10.284262713950863,-20.744296004860015,-5.905727022733098,0.46413211142797556
20241118,0.6228226400561833,-9.170877974405945,-20.114734601677302,-5.338223022085726,0.9551320939000398
20241119,0.832295811386546,-8.511289309228392,-19.890741666092012,-4.893320690296272,1.4774756922256742
20241120,1.3251502487910922,-7.694459064217878,-19.4901576200346,-4.2973384899278555,2.072747781642084
20241121,1.430102040242041,-6.768244303589206,-17.73835128424316,-3.582353788674691,2.5388947772053787
20241122,1.7639223767074343,-5.84597622700147,-16.302082960322895,-2.7234023324230927,3.0916350512248982
20241125,1.885001041528713,-5.267306847200142,-15.212960410374434,-2.1345545558987205,3.3379261060902925
20241126,2.116877386092816,-4.605445004782679,-14.316045869634042,-1.2325660696921854,3.8171015570303126
20241127,2.101838109706233,-4.171357636528528,-13.55907128963276,-0.6362522560367075,4.032544367605362
20241128,2.393221989382101,-3.5443295478426484,-12.780715722925827,0.10737302335219655,4.444530818332282
20241129,2.5177702667229878,-3.286836431374443,-12.308446752487896,0.8354717506487271,4.694080634322227
20241202,2.974998205143881,-2.8820236300908673,-12.008368718410242,1.3522813272873828,5.125291489196793
20241203,2.898330857063906,-2.4006257777031705,-11.750923449923961,1.9091595916572661,5.1302469793781285
20241204,3.1028912650960394,-2.0440730429695697,-11.482604808304535,2.5959742713041827,5.258438033504582
20241205,3.5597284361213344,-1.7062736135691117,-11.25186525335554,3.182245977849557,5.745821789405352
20241206,3.7343172627559302,-1.3203698715347547,-10.81580534625058,3.6470248926196143,6.061288776019628
20241209,3.934325736385365,-0.9723595282092351,-10.392193146302148,3.8340185091651335,6.432000944852282
20241210,4.160201895900754,-0.8744764269749913,-9.833696233342602,4.051709312681314,6.563239288847939
20241211,4.58728456906144,-0.9110824640326863,-9.357268713118104,4.082588051207306,6.759617582022368
20241212,4.694362863851699,-0.878502174901992,-8.834763570590972,4.105187585731242,6.709100423978627
20241213,5.283415817354575,-0.6959297792815604,-8.547661543871957,4.308487916851555,7.101208485447581
20241216,5.6199214321656905,-0.6581508331734385,-8.407851526353976,3.8417871542545545,6.535488556316456
20241217,6.1190865975859445,-0.3799225503572307,-7.919646833928033,3.6430475173718806,6.343148961192434
20241218,6.835981527725526,0.5952394792806334,-6.915216312564373,4.0189847119000435,6.703271600170312
20241219,7.34098186450495,1.6029302154122793,-5.690989987895409,4.496463270719095,6.784789368198295
20241220,6.948856049557788,2.2492599697291724,-4.680153562304566,4.46860566517551,6.204523390028848
20241223,6.981796424833593,2.661615674524614,-3.9830041600931874,4.451922297879409,5.98277498147828
20241224,7.087955230560095,2.8324253470066747,-3.426950009217416,4.324597788263832,5.7244902817676
20241225,7.054187142902892,2.9927633000578364,-2.6469147180754296,4.1963846454587275,5.177016111983776
20241226,6.723980033248136,3.1636633954209636,-1.9448450713066934,4.048817375032141,4.54699319595596
20241227,6.2812071625881405,3.488543257047237,-1.1343931731169885,4.2182776118288485,4.047847753026013
20241230,5.955204949848302,3.930495798726688,-0.33661984117371935,4.328619533830587,3.6806251338305875
20241231,5.447656436928661,4.189486228983843,0.3662529267760533,4.072302602282377,3.0981727464380215
20250102,5.112348998067066,4.491278897644922,1.3982834076287312,4.044151352591264,2.787301004744521
20250103,5.49332270172837,5.08910398540936,2.40436055670375,4.178856726343853,3.3015770927613897
20250106,5.538952479925985,5.692041006961676,3.5394236539785515,4.782539995848671,3.3891403909868023
20250107,6.222570855796727,6.122371674401435,4.045998506653792,5.394273285387627,4.107663212271043
20250108,6.813208474614651,6.262838747776034,4.597824121349734,5.618723146000721,4.616927270954987
20250109,7.473464351192983,6.077216912021785,4.851880287141042,5.572827005603841,5.061464314788248
20250110,7.522266209338184,5.739099401617563,5.042985132935501,5.335953774087731,5.3873323087831135
20250113,6.522867761152451,5.048742789005132,4.988971282971797,4.784802795182891,4.743526446713905
20250114,5.6788940045148335,4.1527638060936205,4.787700686196951,4.463479432010237,4.354404782285411
20250115,4.980260155334325,3.7453042998084376,4.956279685264739,4.33607861458685,3.7844098979893035
20250116,4.447238476014825,3.717444644168555,5.2653512073835165,4.5932139982200155,3.2675780072716334
20250117,3.881572269489344,3.553134772649096,5.0945195078167345,4.636916206832437,2.562316356373333
20250120,2.8969551432569607,3.0653161375995497,4.9145173246771785,4.586829968395027,1.4703736970911914
20250121,2.0185796789068937,2.7137330018473396,4.916619198043499,4.502208046393539,0.6686499043581823
20250122,1.4263667820641397,2.496428907175348,5.061635584608244,4.146542446854984,-0.10816295821487044
20250123,0.9736729657459198,2.7778061995514705,5.4816437670901195,4.096047802502111,-0.6824505024913016
20250124,0.5532309502999988,2.9440176793395576,5.844865736934369,3.9054169827410425,-1.2547323592121038
20250127,0.3272585752947608,3.0708763322362755,6.107292756359782,3.579670010183418,-1.4939738641076468
20250205,-0.4504628420644493,2.62677563349641,6.104578015807567,3.275003349302183,-2.1748898289173275
20250206,-1.0540970432541041,1.8930405255192269,6.2188640362457965,2.841407258204274,-2.4896522924661344
20250207,-1.8419563609042506,1.012381718145857,6.005474155232793,2.043079551314986,-3.0213263712872265
20250210,-2.7040649252038578,0.46394632541950276,5.707425213593462,1.5592477014297665,-3.7888085377059615
20250211,-3.4342872520249466,0.006029892622160757,5.268079004445618,1.4262949977815664,-4.504632184638202
20250212,-3.682033118016358,-0.41595283688373724,4.783798103075855,1.1654708286151185,-4.992820526900728
20250213,-3.8784152844707283,-0.4131026555262984,4.325196222286111,1.18394156835795,-5.183704583548763
20250214,-4.385388993741125,-0.1920891873807265,3.885829558766693,1.3222997286449907,-5.538825344518576
20250217,-4.628739465073414,0.015057268082048951,3.375906442771626,1.4028941988332273,-5.605175906473655
20250218,-5.050564885039501,0.09367916215537289,3.111934405579862,1.5423888966562656,-6.065046342652832
20250219,-5.551778145761314,0.08032393143451981,2.70720059161428,1.7399822090419288,-6.469982150225417
20250220,-6.3407915432472,-0.03500803952624204,1.9713393036218192,1.7377707367567812,-7.107345872470299
20250221,-7.402773673874757,-0.734978197972882,1.0280110952283896,1.2141992571688363,-7.9340100198910735
20250224,-7.920669501528122,-1.7132884239165622,0.05276575002494242,0.6684771931269662,-8.165000097582297
20250225,-8.030791234143992,-2.1326553874645025,-0.6127885298264238,1.064969927076416,-7.8330519819585085
20250226,-8.090334443129633,-2.402179719172813,-1.1349469901805742,1.2739146723033248,-7.5774074312336275
20250227,-8.28194433611104,-2.6190206984015605,-1.3100434061739048,1.2572204730887704,-7.540676417191034
20250228,-8.301448316715291,-2.836137097300656,-1.7647400562545887,1.299205796114438,-7.14669330979187
20250303,-8.44372708888814,-2.982999977832334,-1.900320885585436,1.2630651074302337,-7.0587229506649045
20250304,-8.36773498163886,-2.8530213240700553,-1.574521816107844,1.5169821503547098,-6.681096835112873
20250305,-7.846736400403494,-2.6042482757654755,-1.3734437179912333,1.8366134458482257,-5.885897859423759
20250306,-7.421650810083887,-2.624643341762503,-1.547179293472687,2.0883556014260884,-5.067321590635038
20250307,-6.925200000477299,-2.8630518423072706,-2.2261697434053156,1.9553474955200842,-4.3649378212418535
20250310,-6.881750130389554,-3.481349596332489,-2.6450974895427484,1.0506752564271538,-4.480773633996548
20250311,-6.328220337237335,-3.6252601316954642,-2.8438157896745935,0.49659329607153163,-4.8002921276866894
20250312,-6.057883320585145,-3.6513884912185626,-2.789664816270649,-0.2010726947845874,-5.5078279771073015
20250313,-6.000559898256554,-4.153919663290332,-3.0475399170080917,-0.9393938287241085,-6.045005765352673
20250314,-6.228119398440272,-4.975927707611332,-3.651946042242178,-1.568716820751827,-6.440202885251398
20250317,-6.188936566032902,-5.428821469377762,-3.7212278875301146,-1.8772759201578548,-6.661910948620527
20250318,-5.8091358210182955,-5.399317762878413,-3.540460115620221,-1.8567669075878763,-6.547317411491985
20250319,-5.469642444727883,-5.104315174227387,-3.2632090896328463,-1.8674062799326687,-6.399778754723575
20250320,-4.843186251045467,-5.016942207593646,-3.7207681505008527,-1.9405535926143453,-5.779394905524584
20250321,-4.409601274364578,-5.265694266964522,-4.225287918370983,-2.6259835510213976,-5.3466270323844025
20250324,-3.965595870236935,-5.176979772625199,-4.4089047815777525,-3.076355613275579,-4.854162129101781
20250325,-3.4949401695214237,-4.661995183040562,-4.188443418837887,-3.499634187574522,-4.453477455164891
20250326,-2.73443740203207,-4.070737076545568,-4.035980613793772,-3.815063924012061,-3.9551828018805995
20250327,-2.1556931068742204,-3.8411155252252547,-4.130648353749547,-4.207229913892595,-3.654399600609954
20250328,-1.6921604047151997,-4.098661706350896,-4.649281704157633,-4.791117656144764,-3.3278402770165836
20250331,-1.5066449373819153,-4.37889788474204,-5.091577337122815,-5.325657181775143,-3.0668712060739307
20250401,-1.265950508350063,-4.068882821906249,-5.315485325334688,-5.481547413200886,-2.723834659820436
20250402,-0.6538376655917312,-3.646575554201973,-5.4380743069125295,-5.72607070317813,-2.2021326537087136
20250403,-0.5913273085038913,-2.771109104202869,-5.250468772900909,-5.905088728605188,-2.1834045802467443
20250407,-0.5863553966468396,-1.226396562265896,-4.1183891937380945,-5.539247145295526,-2.0764783616582254
20250408,-1.0700008648377255,-0.13444779928578487,-3.1342429044125732,-5.744110794758016,-2.2698602357869073
20250409,-1.3083980865997478,0.8859501658956339,-1.9983446746583327,-5.759843087339503,-2.1576637370830682
20250410,-1.5103471961817596,1.4833406279918828,-1.2603219406339503,-5.626164838024802,-1.8420376594046535
20250411,-1.7675490391601056,1.633426825676671,-0.8877572471009805,-5.985543091160295,-1.7724183214969893
20250414,-1.8909338911308509,1.840171008234465,-0.41156621335576166,-6.115075054464756,-1.6657599647750487
20250415,-1.9745575642808277,1.811950294499525,0.01065487753326049,-6.14048727948633,-1.5450053018511547
20250416,-1.7530851331740156,1.876123879228414,0.37122349865140875,-6.404681762361118,-1.000546049416033
20250417,-1.4031741180564516,1.8256031803183383,0.7149200781272239,-6.51608738701547,-0.27988048516258524
20250418,-0.9944428482481289,1.9285477650960345,1.2914080090186915,-6.039970549228752,0.3878235305388083
20250421,-0.6941174717086227,1.9370529802248646,1.8416428612887175,-5.682080693392985,0.814470169079574
20250422,-0.6732663584368365,1.8238485977298675,2.075810362868297,-5.602458944138816,0.9247595636906788
20250423,-0.596659492541815,1.5682994554926777,2.096312695787979,-5.712580740211176,0.8842400127042697
20250424,-0.7169057500517426,1.2755553042606889,2.155671237321603,-5.8322918935467065,0.5925310927854116
20250425,-0.42774546515103035,0.9623670657549628,1.8389013901203877,-5.8751065975633106,0.6783235927721499
20250428,-0.02675388733017756,1.0483706382533549,1.9105887850640246,-5.602284742444056,0.7929305877748511
20250429,0.7399852610861487,1.1808444785105292,1.9192215263945052,-5.287451347136571,1.345490448905109
20250430,1.411480877388561,1.0091232797673604,1.6055456036895606,-5.226698205741667,1.7895134397803412
20250506,1.575640277369785,0.8407007937919541,1.5807408258349076,-5.275093480540241,1.7143560854337236
20250507,1.7743784778743672,0.8639677488115216,1.82773964214365,-5.303457178078429,1.5338721907471908
20250508,1.9063596355096182,1.2454536634006796,2.4178703018549617,-5.4336996782789395,1.3594071243392192
20250509,2.754648793442761,1.5612469598832637,2.8923916743856077,-4.674415263141015,2.016989151503719
20250512,2.7900897784777285,1.2538316501322868,2.8392520308549356,-4.593585397885112,2.9588840924354174
20250513,2.8817047482639593,1.0820726634454036,3.1682687292416434,-4.3011538165132155,4.191904491762503
20250514,3.012058772535919,0.9630003501741663,3.03911058830613,-4.135656282534128,4.940872668262471
20250515,3.253496842251378,1.384629945043019,3.1492042218846295,-3.5598480162335058,5.357979308910183
20250516,3.612892117234201,1.820352033362322,3.1530061588061344,-3.135685485179492,5.749957570847567
20250519,4.233191676054611,2.197470808711576,3.2705072315080863,-2.873584536111968,6.343358915380809
20250520,4.738890589828148,2.2814667820967003,2.9984868366813076,-2.8267351700384324,6.8381803617836505
20250521,4.219137218786291,2.3800002927676616,3.084275390886134,-2.924159756984337,6.553472242170121
20250522,3.8153367733045513,2.540737346128204,3.2275321062324376,-2.884763404826339,6.300504729409437
20250523,3.354776057136885,2.427214174189161,3.1909675915234303,-3.0226512252362823,6.035272935014206
20250526,3.07532065464203,2.336560068429878,2.9961885524329896,-3.091922711163325,5.981539240343424
20250527,2.3230436871521842,2.1834074186553885,2.732517441033807,-3.1894366754597905,5.555950697525998
20250528,1.7945265371586534,2.2677222350389137,2.538580922134751,-3.113232219870249,5.35462369549122
20250529,1.2863415885593488,2.5658063965574196,2.5178300709439614,-2.922203429387628,4.930842873682014
20250530,1.2452318612602742,3.095099169737388,2.7289947743959098,-2.2394994579626597,4.727898104806314
20250603,1.1771912618089966,3.1533129029910136,2.7154514796332236,-1.643677366240023,4.527084807248136
20250604,1.394939008657764,3.491782734227773,3.0865947874675084,-0.35590451001346346,4.612873771222603
20250605,1.9042213844497882,3.5790417394249334,3.2481990601702733,0.8058365978726473,4.837904499318503
20250606,1.928692792588891,2.536641972685139,2.6743201092712017,1.1721470524301056,4.60601636466354
20250609,2.748997621129205,1.6194056056212318,2.105108863472142,1.5527814627890173,4.793575435229243
20250610,2.969141707771375,0.7131269235330934,1.4609586462203394,1.4309604112014065,4.525473323396685
20250611,2.6648806211657967,0.4279367032516128,1.5767910406158248,1.6169466484894213,3.933213085691422
20250612,2.4758197119313974,0.3198906356440523,1.6758255853984676,1.8052041776618688,3.3208534026219807
20250613,2.5784654664560183,-0.07444747759229153,1.4335374760470585,1.757517861074913,3.019739241954571
20250616,2.309423004310973,-0.9215569474791637,0.6591225763313491,0.9343832424230858,2.4842674897089196
20250617,1.2955500459585574,-1.7277491754246166,-0.09096301837122842,0.1709989148153226,1.4135605222096204
20250618,0.6638391598801955,-2.367223934505611,-0.6107483329150708,-0.5437761785029418,0.4353388177574792
20250619,-0.05054026068339665,-3.1987411397816112,-1.200202447817039,-1.4949827649007794,-0.36302069826846395
20250620,-0.26724408696900787,-3.8761633991363005,-1.8319049122316287,-2.221120019286498,-0.6419194204733932
20250623,-0.05963378190482721,-4.070751848269918,-2.1989082170007643,-2.5620562908035556,-0.5182640779692705
20250624,0.05447019342819349,-3.6032793166309833,-1.9747584473859474,-2.453573232722063,-0.306808989069086
20250625,0.5889716023034001,-3.283977609643734,-1.803104943191664,-2.1783786060483408,0.5429356991501619
20250626,1.1584697205886758,-2.847063329379393,-1.4494084864557686,-1.7349085639687698,1.204055374874039
20250627,1.2284821173848373,-2.7923353078243855,-1.528447603086329,-1.6870695909528683,1.459453575484902
20250630,1.0266827962657645,-2.8139148588380465,-1.6237370539407243,-1.6112601278842544,1.2891057521573275
20250701,0.5260412200516423,-2.6646089331137977,-1.6756459843558684,-1.6912529448019025,0.6853303978247482
20250702,0.21099968207550027,-2.852256044442628,-2.2451627329964845,-2.2953452425096423,0.33866442301941246
20250703,-0.11648433219062544,-2.8715271287611714,-2.9031107377583423,-2.5125638592693456,0.011725399533388527
20250704,-0.4038384674797831,-2.8233297423152797,-3.443953000292959,-2.5788201523173835,-0.26064475664816494
20250707,-0.666931155686979,-2.5984433016967032,-3.927741904391622,-2.530922253351522,-0.43428889580848057
20250708,-0.7877485594611541,-2.455865196051447,-4.333677716330513,-2.5482372370541846,-0.6121998656777868
20250709,-1.2001328466811505,-2.337254374027958,-4.984118611058694,-2.372118628294557,-1.312662744423017
20250710,-1.3406529868558612,-1.9880521091176784,-4.941794841032951,-2.003041275639308,-1.9322811120974506
20250711,-1.5525556762274346,-2.1319927018403773,-5.309286524715972,-1.9554868910128447,-2.3562841400564696
20250714,-2.062653557829792,-2.521987993563538,-6.435076311781725,-1.9868319092941862,-3.0780899703599456
20250715,-2.517670297044821,-2.8250273916327195,-7.176729116195481,-1.7420512665647028,-3.677147344716687
20250716,-2.8550274610443194,-3.099733281271696,-7.539964488790257,-1.6413090744583583,-4.145780531638228
20250717,-3.067681430397487,-3.4889112585016537,-8.008713005843589,-1.3428892427386565,-4.499578075929014
20250718,-3.3817326415813205,-4.2337460653214665,-8.926969319658086,-1.5562378804689445,-4.747986522922709
20250721,-3.6638426630945533,-4.525526516639713,-9.478813029552992,-1.7081694807531402,-5.050804275873326
20250722,-4.031379791486625,-5.495978499461257,-10.765248829628508,-1.6555207459229848,-5.286275532007105
20250723,-4.386329520182997,-6.120912711639144,-11.697885926228993,-1.388527207161566,-5.726829008262693
20250724,-4.0908571480522244,-6.990156870902977,-12.596935868603532,-1.3873941320011707,-5.242851921597732
20250725,-3.8090472963064883,-7.52912725554051,-12.109756573846505,-1.2191318766498962,-4.692002112017334
20250728,-3.2810286717138033,-8.251744129113174,-12.136486542013243,-1.1612218712915665,-3.9980330170516734
20250729,-3.046417856073549,-8.824577784395501,-11.849180134104335,-1.5628494868904104,-4.0084035335884485
20250730,-3.0218017829095487,-9.392687447431667,-11.881070574049643,-2.786301881991821,-4.471570977764703
20250731,-2.7830380108532276,-9.672579321650838,-11.618248256533459,-3.2459670160978242,-4.439556734012759
20250801,-2.277031099789004,-9.951546354344424,-11.47608740368529,-3.6919837546888976,-4.01542408700347
20250804,-1.927740523191669,-10.036102992188455,-10.942418070078253,-4.002461458264348,-3.655359679437361
20250805,-1.6265238141583467,-10.406023851202969,-11.09638485625876,-4.420929766374192,-3.517551261517537
20250806,-1.313974764002146,-11.224953925006908,-11.293384594111297,-4.761455112395503,-3.4671634017220283
20250807,-1.086965340772999,-11.894030408092942,-11.32409296559303,-4.761180620741353,-3.191235423105617
20250808,-1.0768075923474407,-12.084486291471812,-11.101692960992674,-4.572686246525896,-3.1780028406525043
20250811,-0.8787851276518936,-11.729969475499987,-10.539708026657086,-3.9839520334987837,-2.862852241412352
20250812,-0.6440331162306363,-11.523361714757387,-10.309742014133771,-3.7618706989642368,-2.999147236594067
20250813,-0.978517252378046,-11.199637324472503,-10.136799767448982,-3.749636055237281,-3.4800552053444425
20250814,-1.142966160742455,-10.428002611236233,-9.67619136372601,-3.3177076721502132,-3.4968436204798397
20250815,-1.213691644673641,-9.879071837005503,-9.519141352181327,-2.775195027470757,-3.3244861344728918
20250818,-1.5915091206956724,-9.562647959505911,-9.63666229301635,-2.4515776286025535,-3.4061473947991585
20250819,-1.9445228613524363,-10.04545103299386,-10.228530222317245,-2.486634533280485,-3.504774218370575
20250820,-2.536316019711514,-9.670774136256874,-10.469498750379987,-2.646591741596363,-3.9295477047071974
20250821,-3.2335695967131284,-9.299187273652413,-10.548631449148155,-2.700555741651279,-4.184435889180028
20250822,-3.505307097905578,-9.188893833754546,-10.910508615406055,-2.9362641700805665,-4.290008211772911
20250825,-3.8503748232258346,-9.285288835339946,-11.281228433064857,-3.2308948890896927,-4.3473292780159865
20250826,-3.8185227826677623,-9.3938569332446,-11.357383811397185,-3.2365025092728508,-4.262419316624568
20250827,-3.6452622435987494,-9.010506740248497,-11.200299217762586,-3.061074640841991,-4.151755529983592
20250828,-3.3621313443907037,-8.750978810210128,-10.837562418956754,-2.852122594351029,-3.915583340602036
20250829,-3.268080127306896,-8.744050167512444,-10.328848861431268,-2.6663949609864703,-3.8495432233205036
20250901,-3.3141170583125366,-8.904709774232078,-10.071618709676194,-2.6428724245530026,-3.861207377466482
20250902,-3.3403805379211318,-9.006297195971147,-9.7366646925283,-2.472135813718509,-3.8408070457382353
20250903,-3.381558911506151,-9.316153790017422,-9.31332779469856,-2.424828011672325,-3.8667810603080617
20250904,-3.234256269941163,-9.421422917770359,-9.10555446127873,-2.493444680541231,-3.7887110158424213
20250905,-3.0864029410653697,-9.530904512531063,-9.058985292970794,-2.7490030879811926,-3.7642791663761916
20250908,-2.952405103343094,-9.485231458332938,-8.964767970636608,-3.0189466751471303,-3.6370105130039057
20250909,-2.9067696516703028,-9.369425087288162,-9.180929071286002,-3.42463105124055,-3.6691756294823827
20250910,-2.9438623704711784,-8.5009797955849,-8.553067490883189,-3.630238150574953,-3.8498682683198147
20250911,-2.6813113353546134,-7.905090495330175,-8.068162199159419,-4.469875473667923,-3.905259557989458
20250912,-2.155811210467013,-7.077077943359508,-7.255742999287929,-4.593514409026168,-3.7348561109795275
20250915,-1.3121697105085397,-6.77770382697973,-6.970801640579502,-4.949134659780785,-3.3942729033821712
20250916,-0.47114590247389093,-6.703349298000091,-6.825674912488974,-5.787513322680049,-3.157585571144565
20250917,0.5595647139792818,-6.55824778499487,-6.445836005823106,-6.348070538212362,-2.4061131623454526
20250918,0.9717605363566619,-5.820110605291263,-5.635443410379445,-6.666081941959244,-2.3807656915650437
20250919,1.0866648990622654,-5.44205337711483,-5.370930368704793,-7.31796863247709,-2.7254183151716025
20250922,0.7363802659087835,-5.333597620598584,-5.216875783736117,-8.188494126419368,-3.1489037316305852
20250923,1.1001710557717388,-4.107032461643843,-4.377637593368091,-8.056591009569273,-2.8681312085161905
20250924,1.5602504546374076,-3.1026032701667363,-3.788586694853027,-7.372028472916368,-1.9597726082292788
20250925,1.6282892102086868,-2.588906450273775,-3.5997822222827525,-7.42109438522777,-1.6613884710326907
20250926,1.9133757125464228,-1.931644245743584,-3.4594010889993374,-7.479369722523849,-1.326093444990686
20250929,2.2706988779394957,-1.4186539394483197,-3.474407564261167,-7.305579028188872,-1.0953852029779416
20250930,2.6472494635332047,-0.782780302814141,-3.084271807187019,-6.8922985769952065,-0.718846739037343
20251009,2.9342587327631233,-0.552178461614251,-3.327776055239637,-6.979025491990969,-0.38578971907108583
20251010,3.30034352687138,-0.3122543043344449,-3.3571534701733468,-6.715192429337642,0.07323670675140952
20251013,3.6388885624058944,-0.02986710341343237,-3.247973040885891,-6.302845018078611,0.6352130319141476
20251014,3.967300730195241,0.34952384843837686,-2.7810108335727164,-5.7895578089091115,1.0559270643834848
20251015,4.237473149850836,0.7025599847087162,-2.1775496978692965,-4.942704540088063,1.8471578884557265
20251016,4.892370352128863,1.202971191642057,-1.5277893204150224,-3.828166397794707,2.9865196315012157
20251017,5.615028441272785,1.5177462473588506,-1.1622710660629691,-3.168806975325479,3.8365582212596054
20251020,5.90136242574522,1.7149663652994245,-0.7449231615686479,-2.8750168636229945,4.024358423129834
20251021,6.285668636018707,1.8540125995879089,-0.18223948419503155,-2.4182635714930694,4.4838194341206385
20251022,6.653301072117434,2.100686857207229,0.5362544765468965,-1.949096340839504,4.988723419756853
20251023,6.583957237114122,2.1830582397111598,1.0534407730443875,-1.464509605010678,5.363346723338916
20251024,6.326137339548215,2.2060382408865924,1.4273470545553837,-1.1430425748694573,5.469525708140249
20251027,6.008136646683074,2.2722261783414632,1.8971243824927544,-0.6700099224833566,5.496765072273191
20251028,5.637334033088145,2.494883412749693,2.4557096813783685,-0.2402886536474416,5.171893191518499
20251029,5.413482967375197,3.0227530646331213,3.123754263157124,0.34288836241234916,4.989893431031744
20251030,4.790556218257993,3.1458471931640326,3.714957144277902,0.8724540315404572,4.601165467366957
20251031,4.050817886258413,3.35789024509599,4.203984438435641,1.5553595424672246,4.290577711653052
20251103,3.5361230908895283,3.5490566243840393,4.605494535114762,1.9567577154598603,3.609776301989222
20251104,3.18928507532438,3.6811872552309723,5.132730006217475,2.37094093416214,3.0257275876779546
20251105,2.4527118232005503,3.711953421572256,5.674376495113496,2.715349385195038,2.3108255698106013
20251106,1.9932715615405738,3.953173322000949,6.356464962131129,2.596793797696136,1.7669511828018818
20251107,1.5621924588778033,4.131149667956295,7.240593794583247,2.6489997589688437,1.3536299182073637
20251110,1.3054626147531139,4.48982853303251,8.177152780725022,2.7333323394736113,1.211506535441018
20251111,1.2605985450107549,4.5784420615991985,8.438309307023722,2.3607716735217656,1.187444779953813
20251112,1.1459722208976544,4.328717521640982,8.767836148010725,1.9539494357596618,1.2314771573783552
20251113,0.9012160880943274,3.2486048591341965,8.434980363092615,1.2011877243160574,1.1988730976696569
20251114,0.704806672727446,3.0201141765113815,8.590323127261144,0.924849893231053,1.3697973234438992
20251117,0.8320202114579699,2.655795261952854,8.526675319387174,0.71194905724034,1.5339969759891994
20251118,0.6879539387875482,2.42400758548204,8.66064248253154,0.6332999592832048,1.6329241100449903
20251119,0.6968047513850909,2.2720377794172735,8.445917470445682,0.9759686969623418,1.8467739534835839
20251120,0.45106246389404303,2.3946061722804703,8.394949828051097,1.226724830075707,1.7684938986934005
20251121,0.21778184164234268,2.3124179412985666,8.302788505314341,1.3299369360270499,1.6561464895838005
20251124,0.2019036730763566,2.49923520381265,8.36341216317216,1.6441938067845914,1.7536921742908054
20251125,0.34607425176375567,2.9037605131478013,8.734104967941528,1.9621278731754608,1.9856826971056665
20251126,-0.4965291139691287,2.111513854306282,8.331442597289655,2.0092367651438,1.6724564688154504
20251127,-1.4709490691833729,1.3099600925478836,7.921470634451351,1.9812602411194506,0.9173711068709267
20251128,-2.0337945070452585,0.8690352731163878,7.541395608752626,2.5316531509922813,0.593876617109813
20251201,-2.6634556860554315,0.20105293003907154,7.23292189930656,3.0016317081399393,-0.033962384772811924
20251202,-3.338676566607705,-0.4364045255099717,6.848669885524943,3.2883556465943626,-0.534629016661582
20251203,-4.239801021963898,-0.9934067257939659,6.508744153748659,3.492218496291685,-0.9210932418312571
20251204,-4.6649586952437785,-0.5770702991188752,6.9888504788677706,4.448281972588617,-0.9193945980145788
20251205,-5.057492658882304,-0.39698002383317377,6.943919053271408,4.787043574738387,-1.2103157014792685
20251208,-4.685043116092841,-0.18969576226205295,6.878631159913653,5.20920714814373,-1.0256198153459626
20251209,-4.511212855275643,0.05916804211760045,6.909848006633066,5.955983870365893,-1.0728130697600107
20251210,-4.1366483014764395,0.2514703525584029,7.070514621595669,6.629060603984895,-1.1379558254078013
20251211,-3.8948343534558494,0.2764853751729832,6.929560736692743,6.620106353852406,-1.0546370981873605
20251212,-4.28642605749275,0.47262066984894907,6.974954829122867,6.271722956330506,-1.8005087889389768
20251215,-4.31940801783832,1.0107801478705545,7.128010851624877,6.428671340026722,-1.952019504645571
20251216,-4.587660151506596,1.6950703062331554,7.342662497519652,6.68184231980814,-2.586830292176967
20251217,-4.603142717283305,2.2540501562185615,7.534352296248679,7.0458276565635325,-2.9111617719087275
20251218,-3.9599062771154463,2.7696147403886133,7.750635670563856,7.184016121815894,-2.930578227010085
20251219,-3.3524291161460957,3.5287812773375355,8.085833462885835,7.594975682378379,-2.922782417926132
20251222,-2.929591098152083,3.9604798730916557,7.978977742743925,7.517291659518996,-2.9590305739210887
20251223,-2.198258568003214,4.111150291636464,7.518986847972468,7.476873131313233,-2.486073661938906
20251224,-1.4825805081881371,4.071189188153609,6.918618311741249,6.740836732707112,-2.281505429599543
20251225,-0.9844195823802531,3.92115786696196,6.290526373551603,6.1425398262717605,-1.9164297916469155
20251226,-0.6453687501640276,3.5999665194494215,5.593854399799791,5.335369701758167,-2.1119640387146164
20251229,-0.17065281644102184,3.359317278263672,4.920535661186198,4.770838725168394,-1.2742253284410858
20251230,0.08490141242529654,2.877275791928897,3.9150396349258063,4.1740656232415185,-0.6886428464184968
20251231,1.0436442940091903,2.669752866429864,3.1991922067113534,3.6209947445634585,0.39847995567225736
20260105,1.7405773959906432,2.7242197746743466,3.117207859206476,3.521507458263805,1.4230027801889358
20260106,2.00140350614812,2.507415189429352,2.8909898971689194,3.222363397907487,1.9142216380466828
20260107,1.9551651197419537,2.313335328626619,2.630273378546345,3.147269070655518,2.005377693460281
20260108,2.087733799737016,2.2536939968806884,2.4825343436362237,3.6279672938109133,2.2687626000185097
20260109,2.204388083316297,2.188039679444401,2.153704381011226,3.952261182929334,2.5778347961193804
20260112,2.362431295984609,2.2438982080063865,1.8096568697779305,4.6136486838643975,2.873732552396482
20260113,2.884641158801366,2.1023386374360005,1.1270119858423613,5.005999014241424,3.2319560847316935
20260114,3.0205433497762146,2.042538243074057,0.7302634570336195,5.437480197605027,3.4094380729527605
20260115,3.2263716432351597,2.4048326468710908,0.8739638779669682,6.01759756997427,3.489046632011965
20260116,3.369546008125447,2.508045550793058,1.0935197591322037,5.8140713715877785,3.677804508011059
20260119,3.448472087544306,2.1586300040637374,0.8723033566691656,5.797650294248102,4.005605945500505
20260120,3.3910880864649537,1.5589291498196607,0.23649384296723794,5.873005326611722,4.339781308588301
20260121,3.433370459383189,0.8898821973166913,-0.6594026353710597,5.917142026968014,4.736393501072508
20260122,3.061699176308768,0.026168851341622782,-1.956505288842055,5.914499884730002,4.780938404702242
20260123,2.911180716247753,-0.7089301537222178,-2.721581649645757,5.991156137702536,4.972013360574923
20260126,2.959116920985929,-1.5234623562615028,-3.4462333110003525,5.204656356141583,5.0261988319118265
20260127,3.118867397639708,-2.1597784757580833,-4.075688774160989,4.568443209340191,5.1369144877646775
20260128,3.0207959436559944,-2.765606712442965,-4.635000711924339,4.060114946701825,4.92982420387894
20260129,2.8677256960767092,-3.4595262654144943,-5.181397310123849,3.4421310285639724,4.619132587038611
20260130,3.020008800588836,-3.5061497402996866,-5.307067842503525,2.981511348845423,4.589995946402472
20260202,3.161753837750669,-2.927256945699834,-4.992861361836412,2.789558195644151,4.549271331670608
20260203,3.375650873294101,-2.4111634859962354,-4.681542272629554,2.5308632958028103,4.605129965087566
20260204,3.2764263987352336,-2.263973393047202,-4.621131524888199,2.111479034636593,4.468768869948789
20260205,2.9928190249417357,-2.1751677396834928,-4.513722090739579,1.758653254599337,4.32864840063734
20260206,2.6345753711212963,-2.056416468382818,-4.587892239748305,1.4511912645278982,4.310827508850076
20260209,2.3618664988786433,-1.8931947579148605,-4.413194670746363,1.4159894772981987,4.2552353549217745
20260210,2.3024484531575204,-1.8308898439760017,-4.297225366234347,1.4959579464088761,4.356827880878122
20260211,1.7451490403787926,-1.962037143096587,-4.25303960191506,1.313466178824495,3.97723832346017
20260212,1.3089742131313202,-2.1957986359757813,-4.173768746224174,1.097325015274125,3.6831411959288562
20260213,0.6594796496005412,-2.47140003599035,-4.084978482249361,0.7586598677233936,3.192087619414008
20260224,0.23052836242791222,-2.9723420233353433,-4.1693998742908995,0.21377540224406266,3.0384086955083913
20260225,-0.5890790924377746,-3.8550689159716787,-4.450520255795159,-0.641701488086658,2.578818710976468
20260226,-1.2439096709677366,-4.31067161337632,-4.179900708095807,-1.0372171615376404,2.4468171470586624
20260227,-1.8025962809432892,-4.763896938909167,-3.954107136301144,-1.3909352875192502,2.5162055082397448
20260302,-2.372066841396919,-5.245796391391359,-3.955697502105468,-1.7107769250803482,2.4729325911687137
20260303,-2.6363307583703013,-5.785197290719037,-4.072295732895977,-2.337779964447002,2.3974308427785087
20260304,-2.5086242673036967,-6.251196255476993,-4.181148874218116,-2.762292672188117,2.728632772097903
20260305,-2.680450904487309,-6.725603290280186,-4.5069157746504205,-3.1275490737572094,2.852984999798918
20260306,-3.196068798216976,-7.061807868308794,-4.719389422323579,-3.6280015607934564,2.5609933563882956
20260309,-4.252855807098881,-7.6556799542905205,-5.325372660869275,-4.3672946208936425,1.5800557667420547
20260310,-4.92517799686279,-7.567267779451053,-5.612342251494835,-4.677191620968952,0.995371660443298
20260311,-5.713285156195122,-7.5927152905100455,-5.915114091362009,-4.8893986518380395,0.24142838181855428
20260312,-6.042828375082954,-7.637888548428257,-6.251114533231041,-5.10697402086466,-0.26470658765550903
20260313,-6.801861371652756,-7.847078526450527,-6.583615583293129,-5.671953711933487,-1.506778469623946
20260316,-6.9562641930806155,-7.96236457242525,-7.00551464914695,-6.171401826824009,-1.863194758084947
20260317,-7.061666543663626,-7.861766875265295,-7.214260944595203,-6.444581454935817,-2.206228630880273
20260318,-7.086963677843367,-7.53434139223382,-6.92807721866161,-6.512431105919097,-2.355208728897601
20260319,-7.203603662346161,-7.379395442208136,-6.851246746027876,-6.806232881537234,-2.6030702634855722
20260320,-7.280706391058415,-7.420519885239648,-6.937616748376649,-7.357677447487655,-2.740422127524751
20260323,-7.2843085598448205,-7.498656611370397,-7.136159426752901,-7.501265095074335,-2.870596432797498
20260324,-7.0344733039983405,-7.241576283159806,-6.8928270032574055,-7.651451284392144,-2.97918220114194
20260325,-6.662378202359126,-6.881357301807803,-6.420067161295494,-7.476712064620268,-2.914539094973909
20260326,-6.50261209130074,-6.731916056090212,-6.064084635064074,-7.542726513959426,-2.890193093934297
20260327,-6.086703985132868,-6.607090732713643,-5.799594070642915,-7.56243326158297,-2.642030700412035
20260330,-5.830408296736118,-6.533030706639703,-5.7824660508537225,-7.680165006898535,-2.5269036237831153
20260331,-5.426735437677379,-6.1379598963501705,-5.497198927844114,-7.153914238501962,-2.1939872430892624
20260401,-4.918456273805289,-5.670685654266844,-5.043421609226176,-6.454894318146674,-1.7701611502044352
20260402,-4.4393273744938355,-5.298861688707515,-4.808307141173994,-6.035804212475315,-1.2794093521203913
20260403,-3.91582946339596,-4.911568145122572,-4.507023077397349,-5.4307773069231375,-0.584249361902557
