trade_date,{'N': 10},{'N': 20},{'N': 30},{'N': 40},{'N': 50},{'N': 60}
20100104,0.0,0.0,0.0,0.0,0.0,0.0
20100105,0.0,0.0,0.0,0.0,0.0,0.0
20100106,0.0,0.0,0.0,0.0,0.0,0.0
20100107,0.0,0.0,0.0,0.0,0.0,0.0
20100108,0.0,0.0,0.0,0.0,0.0,0.0
20100111,0.0,0.0,0.0,0.0,0.0,0.0
20100112,0.0,0.0,0.0,0.0,0.0,0.0
20100113,0.0,0.0,0.0,0.0,0.0,0.0
20100114,0.0,0.0,0.0,0.0,0.0,0.0
20100115,0.0,0.0,0.0,0.0,0.0,0.0
20100118,-0.13320892788282135,0.0,0.0,0.0,0.0,0.0
20100119,-0.11624924609954435,0.0,0.0,0.0,0.0,0.0
20100120,0.8099410975115238,0.0,0.0,0.0,0.0,0.0
20100121,-2.1177559288816843,0.0,0.0,0.0,0.0,0.0
20100122,0.07184240813724369,0.0,0.0,0.0,0.0,0.0
20100125,0.0009413112920150825,0.0,0.0,0.0,0.0,0.0
20100126,1.865039954779476,0.0,0.0,0.0,0.0,0.0
20100127,-0.48542061809257514,0.0,0.0,0.0,0.0,0.0
20100128,-0.5344732106406952,0.0,0.0,0.0,0.0,0.0
20100129,0.12044263129082176,0.0,0.0,0.0,0.0,0.0
20100201,-0.6382521514444593,-0.22731094709435495,0.0,0.0,0.0,0.0
20100202,0.9946287196068955,0.18944487147806635,0.0,0.0,0.0,0.0
20100203,-2.1728320446375253,-1.5177433809122276,0.0,0.0,0.0,0.0
20100204,-0.061500228427836826,0.014297347582043762,0.0,0.0,0.0,0.0
20100205,0.07816087946397646,0.24449455998337014,0.0,0.0,0.0,0.0
20100208,0.0591540119904275,0.8585689680206703,0.0,0.0,0.0,0.0
20100209,-0.173619033559734,-0.5635783519303964,0.0,0.0,0.0,0.0
20100210,0.050301114895599686,-0.4955733391170129,0.0,0.0,0.0,0.0
20100211,0.08172355906843812,0.00029590217123388884,0.0,0.0,0.0,0.0
20100212,0.28428806239277954,0.21251797512384418,0.0,0.0,0.0,0.0
20100222,0.15533951861053175,-0.48507011324384325,-0.7447510253542271,0.0,0.0,0.0
20100223,0.33857435194109353,0.2660502023694841,0.10146359636073918,0.0,0.0,0.0
20100224,-0.41844484839225615,-0.24575152344356127,-0.11153529031942862,0.0,0.0,0.0
20100225,-0.8074194025663186,-0.6854819566977759,-0.4866665556247855,0.0,0.0,0.0
20100226,1.3115196768512698,1.122177279635009,0.893771694179733,0.0,0.0,0.0
20100301,-0.11116283299322285,-0.10830104420768555,-0.0909125257788084,0.0,0.0,0.0
20100302,-1.2751826483765047,-1.2192387955797734,-1.0723496342230232,0.0,0.0,0.0
20100303,0.8344654380016322,0.8224269622107045,0.7522947156040849,0.0,0.0,0.0
20100304,-0.692255959315577,-0.9949577704625185,-0.9243811293601081,0.0,0.0,0.0
20100305,0.2703982526259579,0.6235543427156005,0.8627051716623095,0.0,0.0,0.0
20100308,0.2519860516668443,0.7082334104452188,0.8588721754152795,0.19257415415850074,0.0,0.0
20100309,1.0212120263049473,0.7304767459313403,0.6082440404423304,0.22981996088375242,0.0,0.0
20100310,-0.42326108828293346,-2.107986712385007,-2.4332775056521547,-1.2667024169267367,0.0,0.0
20100311,0.20641576476812662,-1.5995689202211238,-1.9542944341221338,-0.8510296193516029,0.0,0.0
20100312,0.3161998299158012,0.32472574184675573,0.29384989672666056,0.24458167005756176,0.0,0.0
20100315,0.9635866916496776,0.5241843199206075,0.40068297320163204,0.5631313412658362,0.0,0.0
20100316,-0.12110025182791634,0.18064502252808562,0.22399827518138954,0.05498122742903502,0.0,0.0
20100317,0.09105079995268067,0.36285927261039586,0.3924216942087164,0.22702026380912982,0.0,0.0
20100318,-1.0056239540604557,-0.7609519135591941,-0.7017533168672638,-0.8054743455277937,0.0,0.0
20100319,0.9679629095096237,1.1565349960652371,1.156454482242596,1.0131659427168531,0.0,0.0
20100322,-0.47619533638555017,-0.40310560813247925,-0.3859932934100253,-0.4177699242259979,-0.10779115357880018,0.0
20100323,0.2770865479132144,0.7199688834670049,0.6635287842957835,0.8541362681569301,0.43693946552028673,0.0
20100324,-0.06889809760167981,0.01688038264701497,0.0048920081652615854,0.05744454216032718,0.05393179931836595,0.0
20100325,-0.7284337028097492,-0.8774153715009539,-0.8606560503939189,-0.8918359419195618,-0.5886658109202652,0.0
20100326,-0.8413290317230364,-1.1621419478327302,-1.1479356178865432,-1.1654858865510729,-0.845866048874135,0.0
20100329,-0.06232775576820469,-0.22062221118369263,-0.21934030163869134,-0.2182218272860641,-0.1703220830212243,0.0
20100330,0.07941779150382201,0.4279722881520488,0.4227881075633237,0.43510949050946707,0.36020738707317196,0.0
20100331,0.15249508500671297,-0.04834227841275082,-0.42360085851859536,-0.41470298742275374,-0.3587822195194859,0.0
20100401,0.2797169819084275,0.9493749456678424,1.365324378093248,1.378479164938906,1.2261835065649056,0.0
20100402,-1.4171614853417507,-1.5915630697647225,-0.041602945412722026,-0.07277780828400249,-0.055251812837062486,0.0
20100406,-0.04550210050035708,0.23222054460968436,0.6947569159566298,0.6941037598773299,0.6463429563693659,0.13611630896416982
20100407,-0.01320388301828342,-0.28389077335605073,-0.6901835000146328,-0.6889287718431787,-0.6511474568933118,-0.2444306064051856
20100408,-0.18184800984606334,-0.10805650311917411,-0.45429061407483606,-0.4491347648704865,-0.43251411766037173,-0.23425078528585358
20100409,-0.425856875297436,-0.315026548328565,-1.70873794082206,-1.7102268019964577,-1.6485756546613446,-0.9997560638654224
20100412,0.15201791973699622,-0.06261585875692655,-0.6154672634428127,-0.4996872796044254,-0.4822927509286228,-0.3182247451439567
20100413,0.028285972633762077,0.07908440723247462,-0.057798584342473036,-0.24028417209288394,-0.23542449763350018,-0.1810323039667476
20100414,-0.07196306223730133,-0.1634571489781619,-0.03765092116942015,0.3210859854554141,0.3163812274101177,0.26045466896156
20100415,-0.2281714968928543,-0.1334001135874258,0.05046876328698245,0.31546748196363955,0.30980676617230596,0.258338948110407
20100416,0.017353837091583557,-0.04948342673856107,-0.06909551952492975,0.04205784875491636,0.042359887689614795,0.04033432470788839
20100419,-0.3361438238055965,-0.10637273386333179,0.07912392112059974,0.2616857958698593,0.25668859801585,0.2225384927263101
20100420,-0.7156887258081023,-0.8536446382127995,-0.8080309938217904,-0.1028375870946312,0.5787475776644857,0.5445888186524742
20100421,-0.9060313339197061,-2.0036950988528672,-1.5930222142335153,1.8443866526748633,2.5991534280619395,2.4446417820085378
20100422,0.06388387642772049,0.4111437071013597,0.2665533021338716,-0.8693225764184737,-1.0666728123566893,-1.0142167374533542
20100423,0.1546029853879082,-0.2266420745949482,-0.13983504079418163,0.6768796391978997,0.7214832028267509,0.692091141117693
20100426,0.5925976434022486,-0.09977527896467793,0.04749681544661715,1.4472558031857898,1.4618457255314259,1.413717616832779
20100427,0.35310272644503415,0.11197136930115315,0.16837078082219642,0.6969572895492423,0.7347390326490935,0.7153924171088724
20100428,0.39706899203432505,0.24853783119396725,0.2915603477792022,0.6837701891598456,0.7600487082581018,0.7439412880975159
20100429,0.92713191889304,0.6225776179202875,0.6935548059447272,1.3591080421315918,1.4051853629536555,1.3808799518868606
20100430,-0.1710483363625809,-0.12341878871886088,-0.13334265622226465,-0.22796765414396658,-0.22764494154697132,-0.22443898112541014
20100504,1.1976621885594692,0.8874157182892269,0.9425715795333219,1.4826384698160475,1.4198258848707783,1.4037425497895168
20100505,-0.8436252211896429,-0.7797712149622502,-0.8045462956163756,-1.0236669389378035,-1.0966501999089093,-1.0865482884875257
20100506,0.04907861530422378,0.04268454553167286,0.04061287152722798,0.02593721440548402,-0.17185568158164444,-0.1705637862796755
20100507,1.498596958449764,1.3877874222201156,1.4024975760573337,1.555257935563926,0.5346531062618252,0.5314333049806974
20100510,-1.9765947338765673,-1.8721926250188574,-1.8872909663795117,-2.041182051777062,-1.230396942532872,-1.2267365328943116
20100511,0.4927922024759856,0.4836171245019941,0.48345108734841735,0.4849674342986548,0.23197308455646978,0.04287164393287324
20100512,-1.0851297429680355,-1.0400266882203706,-1.0484011118168632,-1.1297781802194935,-1.0049324450647512,-0.7956067857777036
20100513,-1.085649552384754,-1.0987102074014004,-1.0920898504130776,-1.0347807995329705,-0.5602089256587715,0.754133137247972
20100514,0.8887632377627791,1.3248110047435138,1.3349911137496626,1.432227948928369,1.4181389011678027,1.3767022329222387
20100517,2.0173331638157244,2.772948631317161,2.7898312987025,2.951498830603846,2.8946503281056026,2.7330901121442546
20100518,-0.48385811272516754,-0.8219564097686303,-0.8171683136318774,-0.7782953759443437,-0.22486810151316705,1.3085494274687386
20100519,0.2380368722675854,0.20843565778704445,0.21136052618964554,0.23734144091651854,0.3929854987934478,0.8238712151158767
20100520,-0.9414727242038399,-1.0111285608130078,-1.0163277109076136,-1.06405503537446,-1.2146523054515592,-1.6310147317854753
20100521,-0.7497965377360576,-0.7379265748414894,-0.7411236416720484,-0.7697812000200885,-0.9187879154447834,-1.33120634314469
20100524,-1.7162826682632906,-1.8656225223868703,-1.8706566060166305,-1.9179031105480038,-1.9792808104065949,-2.148295351629476
20100525,0.3579822638662277,0.4857002076388954,0.5000996629957882,0.5102676251663842,0.4191989165489929,0.1664642291057914
20100526,-0.535142002008336,-0.6196183928908473,-0.5103222991821318,-0.5121613702496153,-0.428727283036207,-0.19736287983965617
20100527,0.0009977890110487338,-0.02984854894520578,-0.060504462607611095,-0.06160480016258959,-0.0661111096660648,-0.07857789438531976
20100528,0.5686539291401488,-0.4109142730435193,0.23489874948742095,0.23566389488867356,0.165508648859235,-0.02901417864941025
20100531,0.3771228719450893,0.13251888318371224,0.4795374579318256,0.4823508913646022,0.46400870999888555,0.4130866280832654
20100601,-0.4270005695575226,-0.035469120678717,0.09290848606960365,0.09805912549727022,0.12438550872229595,0.19724911949214177
20100602,0.8868946472485368,-0.06928609951956188,-0.8660769969830686,-0.8854781926349858,-0.9476275459712752,-1.1194616128873307
20100603,-0.055397172365720546,0.17515902741103673,0.354687244674582,0.3579521994888333,0.36304123526243876,0.37707074646079475
20100604,0.027927940835237586,-0.0485137531915956,-0.1041278704790915,-0.10520165284586769,-0.10728060876121331,-0.11301824859951229
20100607,2.1911529631719713,1.8725857325433504,1.9003277036250295,1.8964319595264332,1.8617663468183738,1.7657517233631552
20100608,-1.6170388185568494,-1.4480812398135903,-1.4731740403724332,-1.471131031234902,-1.451705572286638,-1.397898743206742
20100609,-2.671574498748653,-2.4399019378334033,-2.464419831793287,-2.4615964116787317,-2.4359512908953427,-2.364919624734011
20100610,0.14513249113914478,0.2047267453540051,0.28572818946073103,0.49965727666788917,0.5005737600622079,0.5030828947748864
20100611,-0.30664485124888996,-0.7031345302594296,-1.0343373121453021,-1.260626397991942,-1.2553562182134543,-1.2407407657143361
20100617,-0.04356065070924084,-0.20618015962904424,-0.21094936607676684,-0.23866993618241727,-0.23601920851150363,-0.22868133574356522
20100618,-0.26055486730408,0.2828008746867532,0.4006227817580405,0.8823515587627082,0.8738750089629215,0.8504014327831444
20100621,0.7325616424614388,0.4998506142283624,0.14764852146169588,-1.5912299105446968,-1.5901214135839894,-1.587024205624888
20100622,-0.319570140444918,0.1350420175506041,0.17036694814219086,0.38722076137778083,0.47826916948614906,0.47296241863779187
20100623,0.2003308698511277,-1.0245404547835344,-0.9961653238918514,-0.982399958778668,-0.964999533281413,-0.9503807368216327
20100624,0.23818953812079793,0.1948084700820721,0.15697271902544258,-0.030543967970661244,-0.32898239035704446,-0.32856545760810335
20100625,0.12141769062933527,0.20067757123587124,0.17444566832142075,0.05546979770080278,-0.23367489051468232,-0.23468417852853035
20100628,0.36940134133574953,0.22610324086584507,0.21050507146371122,0.1205460096319438,-0.09761998706058331,-0.19671254943823857
20100629,-1.3415230893410357,-1.246309842414938,-1.1618687766062625,-0.7435346252671319,0.27228873052477237,1.340511373471172
20100630,0.509707533866973,0.5651143183020642,0.5453428752595094,0.4374027847517874,-0.0011937200041617635,-0.27587488320004594
20100701,-0.9054701650195472,-0.49181785612046214,-0.5048660098327749,-0.5395299227172755,-0.755592321975829,-0.8469446923629527
20100702,0.6158985372988214,1.2982099492090347,1.053136081015711,0.9001692409771068,-0.05458154261172943,-0.8669145064346634
20100705,0.323355400495855,1.0668553237534741,1.3802730242341619,1.134697486875656,-0.39772902921056097,-1.7045704190370805
20100706,-0.10333602805991139,-0.18054846110629053,-0.24970876140787035,-0.2192298755806493,-0.029052095559156,0.13325862971548036
20100707,-0.19032418443028953,-0.34399732311371767,-0.19417389114276512,-0.1725826542224076,-0.037763307198002805,0.07645580218267775
20100708,0.16516325531624487,0.27208308547304044,0.2079288829190592,0.18745833835212627,0.05967496123897112,-0.048914059809855276
20100709,0.3416416178047136,0.3141450581256041,0.4106964573094047,0.40508097527684833,0.37008337245314893,0.33985784705754846
20100712,0.15637575266807646,0.037378883765304294,0.14939524825743083,0.166657997774449,0.2744457260997012,0.36579661949927866
20100713,0.4656210387716458,0.44609553852727835,0.5020139300552541,0.4997446909314797,0.48561030110870423,0.4733312839873076
20100714,-0.8410040608272488,-0.8728299717858827,-0.9080620017490224,-0.8945850210272958,-0.810495569405551,-0.7387081132139781
20100715,0.3818356367120037,0.4263918620270023,0.4482045162887146,0.4456806823700122,0.4299407094379159,0.4164387776787899
20100716,-0.5095419084254471,0.3155293960760631,0.27371349302010306,0.2556465106041387,0.14287415737443498,0.04697845753729135
20100719,-0.6925624661563348,-0.6640688881111846,-0.691614808854006,-0.6919361800141312,-0.6939552838807614,-0.6955583597689861
20100720,0.9203401983004764,1.7742135641265524,1.783162519840312,1.7678893913536275,1.672577715129035,1.5913414653510718
20100721,-0.1417427015016115,0.33741231261946814,0.3597974671059805,0.36464119214026025,0.3948807311444842,0.4205473780434982
20100722,-0.11784949795351204,-0.38492789668047644,-0.39456967611923766,-0.3954719479198444,-0.40110754315848285,-0.4058676683652927
20100723,0.38766472189035506,-0.010238766587772452,-0.019666775773054423,-0.023070858257930427,-0.04431957054680247,-0.06238178015702922
20100726,1.0185662429798379,0.3412822665528925,0.33099789879176456,0.32569214406780245,0.2925751154649945,0.26440565102981695
20100727,-0.8503354010276536,0.09599221777557787,0.5666641565924827,0.5689108606824398,0.582937407717855,0.5948402499542286
20100728,1.537911510826002,0.9644558918343962,0.7380705702339506,0.7338090011570674,0.7072106300434029,0.6845760395023539
20100729,0.6933563579431481,0.9243447326962918,1.022146797748555,1.0200619221606446,1.0070509332085906,0.9959645124534251
20100730,1.6193699915960051,1.0682279581411804,0.2501535763767674,0.247930899046523,0.2340573521788537,0.2222583713677111
20100802,3.2272816421748116,2.5669974011014154,1.5264682520945163,1.52273094403755,0.9507364954891406,0.9308904151822066
20100803,-0.20429706399575656,-0.3792505793798438,-0.5661344525241911,-0.5655459952809834,-0.660553944114857,-0.6574220145956073
20100804,-1.0895107609215637,-1.207170852562278,-1.2832268629884998,-1.281949034018416,-1.314246845663499,-1.3074525380010218
20100805,-0.17050745586379756,0.05598555972792785,0.3209768502982345,0.3206247896005495,0.4582988426248258,0.45642199270863804
20100806,1.5397668660913268,1.3494588749306362,1.0800814790803184,1.0795468630917309,0.9341208827358174,0.9312843615176033
20100809,1.596001964952511,1.654196775717897,1.6748551173000679,1.6739216719090706,1.6790986235979029,1.6741361313040357
20100810,-0.6294378460508079,-0.7864674632582083,-0.9484983692421232,-0.9478687663991826,-1.0295097551387782,-1.0261596017545465
20100811,0.9248339337398064,0.8719612716571836,0.795545883817525,0.7953693569125688,0.7539632609516215,0.7530264065784866
20100812,-0.9620355871049945,-0.965120832773285,-0.9537399040516122,-0.9534686658401014,-0.9457997412718819,-0.9443581030932929
20100813,3.013695489536962,3.1683905896202638,2.922643492781528,2.922392847397897,2.7911777306487022,2.78985028451613
20100816,0.38918173544163914,0.4642347370326385,0.4492849584565941,0.4492226181596529,0.4409514891751152,0.44062039743810644
20100817,-0.6939030945905821,-0.7470630349245545,-0.7165343720233326,-0.7164788841243389,-0.700028968938128,-0.6997346176330924
20100818,-0.7144528640237312,-0.9290124415283985,-0.9364941602388501,-0.9363444847810807,-0.9393746413587205,-0.9385788350442951
20100819,0.2183498277163229,0.4509422003088934,0.45093141963199757,0.4508789888088442,0.45055177488473536,0.45027305957153696
20100820,-2.572424564169931,-4.030798560552019,-3.9553910375345698,-3.9552050709921263,-3.9142729269969427,-3.913285872410129
20100823,0.4302515544899621,0.38820678360642064,0.24103678492262598,0.24106813316409992,0.23100528345664034,0.23117231834253144
20100824,0.46887973518268006,1.1500544599131695,1.0423013221552226,1.0423099510670868,1.0268405438308963,1.026887006837447
20100825,0.0912033933903019,0.5894091762076191,1.033263917781588,1.033234491464295,1.0277182724296199,1.0275620496813946
20100826,-0.3823339971120938,0.20784568531714456,1.5643290597818154,1.5642707867409174,1.5615349183244496,1.5612252371525324
20100827,1.2268928945232689,1.8665153474624137,2.6309978657020645,2.630973847907719,2.616938562458954,2.6168114173459984
20100830,-0.009777954559866547,-0.2380161325222534,3.8257977538044363,3.8256740900443154,3.826207013537196,3.8255495835355298
20100831,0.9456973278277119,1.2640483933820699,0.8001379097491594,0.8001517037725646,0.794037518720289,0.7941110827186958
20100901,0.35245417794720574,0.31896356187798125,1.142722044261561,1.142696962789058,1.1425404325927615,1.1424071028061258
20100902,2.2048649064309847,2.578822947027084,2.6556854134589543,2.655682656500954,2.6478588000972287,2.6478444426198204
20100903,2.4937271517845163,2.869129041210524,2.7369164212906747,2.736920037965474,2.7292820429135323,2.729301561244962
20100906,2.8427548146187442,3.0865511763237214,3.506125064658131,3.5061120013917586,3.500630072106161,3.5005608357604094
20100907,1.548555468211187,1.6651882861235545,1.8097721504990119,1.8097676128909408,1.8072029807857568,1.807178956327252
20100908,-0.7620413298502365,-0.8248009179803177,-0.8165532274429708,-0.8165534095860151,-0.8152621928130825,-0.8152632104180677
20100909,-0.7182651184496006,-0.6983030405658109,-0.9595604491097751,-0.9595525047687781,-0.9596962976991995,-0.9596540592492653
20100910,4.4963682091842925,4.645783817520344,5.0077725899370975,5.007761386878151,5.004293475871968,5.00423405166794
20100913,-0.3422906992751006,-0.36638209374556363,-0.33710248630304107,-0.3371033524911331,-0.336634644654121,-0.3366392673023434
20100914,1.3605640668877639,1.433624035470845,1.3638929314204447,1.363894976966285,1.3624538931853556,1.3624648225606157
20100915,0.2123308982891663,0.23346988015663422,0.1861339983996778,0.1861354184316915,0.18574648784266284,0.18575405173704462
20100916,-0.37645262943257396,-0.39103857835434164,-0.3765759293874698,-0.3765763542726186,-0.37628920984223374,-0.37629147954311626
20100917,3.069241318913643,3.1204697313939542,3.175210270311315,3.1752085445259577,3.174091131131094,3.174081999348811
20100920,4.885966504945185,4.958125406522813,5.011772968283731,5.011771252697636,5.01022150441027,5.010212443359778
20100921,3.7553791405500196,3.853233497146773,3.7372144222006125,3.7372178517857586,3.735311053850182,3.735329358711234
20100927,0.13129970270411903,0.3203482095273743,0.3447390803192653,0.34473834136195647,0.34480279339991,0.3447988625630701
20100928,3.344200547840289,4.80256158030954,4.882249448905363,4.882246989347468,4.881608629100061,4.881595578209559
20100929,-4.536291050070439,-5.412652239324453,-5.458482732350141,-5.458481293263151,-5.457654358780513,-5.457646740023343
20100930,1.6709095572235992,1.8639265915982286,1.8735693622816052,1.8735690538688259,1.8732895926226847,1.87328796374067
20101008,4.589851736309267,5.216116465364007,5.248817147599557,5.248816120159406,5.248214247477396,5.248208808483023
20101011,6.79299571033347,7.800859027377699,7.854852124669964,7.854850445305599,7.854176659929551,7.85416775798344
20101012,-2.1375388814344425,-2.4250224349496134,-2.440509677628431,-2.4405091969733492,-2.4403355997772245,-2.440333051193795
20101013,1.0557380608649507,1.2755009979675211,1.2878139618046243,1.2878135854022106,1.287783092806171,1.2877810929756182
20101014,3.9320694508202196,4.314418402948915,4.335028272644218,4.3350276331516024,4.334799352635833,4.334795961743673
20101015,1.000860634963486,1.2786639248695166,1.2946265941701252,1.2946261108276753,1.294673353686119,1.2946707823821872
20101018,-1.6425670895686282,-1.7328341054859675,-1.7375755191142028,-1.7375753704919275,-1.7374946754937932,-1.7374938884838778
20101019,2.533437266099544,2.792455949709987,2.8069999326167965,2.8069994883806113,2.8069703600646605,2.8069679995704857
20101020,1.635216719598041,1.7106088847743108,1.7146429193691546,1.7146427938381086,1.7145913433221334,1.7145906779507558
20101021,1.0608698822141525,1.0555832268973049,1.0550303586729868,1.0550303725865935,1.0549757539161246,1.0549758299682896
20101022,1.2410653531355873,1.3080331762657191,1.3117748363234187,1.3117747218208526,1.3117631785485901,1.3117625702816704
20101025,4.307382162244236,4.442241569711907,4.44957145045556,4.4495712237527085,4.449503756625035,4.449502554025314
20101026,1.6199622303033228,1.6315616026356836,1.6320340545963246,1.6320340380883882,1.6319941616430231,1.6319940754080144
20101027,-1.9884479230225787,-2.043964640791302,-2.047045649194059,-2.0470455546654565,-2.0470314887980754,-2.0470309868112015
20101028,3.801739702520325,3.8739902770412993,3.8779328287413515,3.8779327069908165,3.8778999231906113,3.8778992772039276
20101029,-4.19353568160421,-4.285959077773958,-4.291128354255097,-4.2911281961269445,-4.291113418795229,-4.291112578733583
20101101,2.5676577220642622,2.870091061808952,2.8713890238099697,2.871388982948676,2.8713635951934773,2.8713633789401007
20101102,0.5173932045564587,0.5721660601845346,0.5724022131230395,0.5724022057171725,0.572398120606777,0.5723980813924184
20101103,2.7966909138727267,3.2154399241508393,3.217285420181934,3.2172853633557206,3.2172731064952114,3.217272804869143
20101104,0.37891946606047944,0.42258101613014776,0.42277311085228475,0.42277310492890574,0.42277167114976943,0.42277163971521714
20101105,3.674511896956699,4.014098595492521,4.015591916270474,4.0155918702039735,4.015580370336314,4.015580125881111
20101108,2.3004012019589677,2.3216050897874854,2.3216765373769808,2.321676534613162,2.321665493260435,2.321665478989361
20101109,0.9303845849993464,1.038140912400542,1.0386219144860063,1.0386218998314443,1.0386216359952747,1.038621558100147
20101110,-1.328285896169192,-1.38190095803782,-1.3821348993662963,-1.3821348921026142,-1.382132210156957,-1.3821321716448791
20101111,-1.6780803829952045,-1.7142747738035586,-1.7144293309934,-1.7144293261072585,-1.7144259186482804,-1.7144258928031681
20101112,-4.551645081045489,-4.683129078299813,-4.68370413003868,-4.683704112218513,-4.683698170204635,-4.683698075697673
20101115,-3.2058932165130702,-4.899439154528656,-4.900228555827029,-4.900228531636505,-4.900225473961669,-4.900225345479057
20101116,0.3865516115640383,0.6598735041789314,0.7425953479921058,0.9174562918356892,0.9174558223760014,0.917455801234314
20101117,-0.582334330161797,-1.2401353204882206,-2.1204501792192407,-2.739913740675198,-2.7399115693946614,-2.7399115361096547
20101118,0.04314673754415145,0.34775497537800515,0.685466809895374,1.1213837083422595,1.4109400970367045,1.4109400735528328
20101119,0.001027512665629414,0.01588904985403146,-0.2804995505175821,-0.0652732220367078,0.014226824991551423,0.014226818517314332
20101122,0.692302113304063,0.321386211485796,-0.9612808256694769,-2.36509705786583,-2.5801114640853395,-2.5801114467029147
20101123,0.35475667371027075,0.25218769858227513,-0.2906589310049197,-0.5925730904136298,-0.9094591337169333,-0.9094591320360047
20101124,-0.8275657159422922,-0.6480364438674042,-0.2736761920289338,0.5188187570516501,1.6985014121540192,1.6985013996459613
20101125,0.5191853060512188,0.4444951107283828,0.17001115024176178,-0.21294336029697775,-0.9021399769306886,-0.9021399736995318
20101126,0.830083857188926,0.7449877745161197,0.37874094486864646,-0.003648501620789328,-1.2756848996000503,-1.275684896807893
20101129,-0.9608136928989384,-0.8867053480047709,-0.5755587282485823,-0.23467622162089175,1.0087462723473164,1.347522023819228
20101130,-0.3676437083662921,-0.44853238172337795,-0.3615467049114742,-0.19040433243282553,0.5298077462013256,0.6245115299077089
20101201,0.08560726893348702,-0.12597969195799133,-0.16052821752444119,-0.05094625547113861,0.20409717591350499,0.1664690982429778
20101202,-0.9999513458460135,-0.914380296520816,-0.7069863780417192,-0.665900648913903,0.45340950961897314,1.119833913348042
20101203,-0.26003106349555644,-0.456971425376517,-0.3823452819947676,-0.34089082318807223,0.29846750560287094,0.5382629021299155
20101206,0.08173905460729196,-0.49640510111815894,-0.4690520268933818,-0.310092327638207,0.47801504527970773,0.5658934134189573
20101207,0.06224329621078882,-0.46450584084214075,-0.4613194543205499,-0.18202521314991843,0.42126809477197835,0.5587569520474012
20101208,-0.9927468119180551,0.9017506958560388,2.1349725614365367,0.027716932782669734,-2.119652921822266,-2.418581152297005
20101209,0.09149109396225694,-0.10543076094939681,-0.27803778628417963,-0.03718847264318693,0.18258723515971498,0.29671363551458974
20101210,0.2705125034691337,-0.5146069240735965,-0.7773936069576021,-0.306431741551515,0.5376553505600041,0.8463484935049447
20101213,0.8349836534197902,-0.5263192799327241,-1.838139716609305,-0.9446902827438284,1.3136622589617593,1.958708562560095
20101214,0.4958167095093743,-0.03596272570723696,-0.6750191160508382,-0.1541320610207173,0.6626517764912223,0.7716993782632101
20101215,-1.1443939705657917,-0.39837826925753084,0.5985544928279729,-0.17271486852610093,-1.4051096619179044,-1.7472037273138568
20101216,0.801602228038363,0.4877332254705264,-0.47857565419701564,-0.1388359193291947,0.9213229341097317,1.1363815140702884
20101217,0.7685842107697302,0.5593076279396126,-0.10130982373688441,0.12702263894371535,0.8495980195378745,1.0014183137138446
20101220,1.4247497744520454,1.0759177399172204,0.1365733947840617,0.4992582667722435,1.548003765502292,1.7175029333331189
20101221,1.1407641411038543,0.9043660460133875,0.3251502127519015,0.5645864952366217,1.2201138915742304,1.3053561162177194
20101222,-1.3761000699995902,-1.0501392041507296,-0.44810680238117706,-0.7564918092079881,-1.4711928749215406,-1.4871839240816018
20101223,1.5796700104855101,1.5556596497465347,1.1048097129680874,1.1449507287831322,1.7397734585918623,1.8543317838564242
20101224,1.1213753368436077,1.0519067717225359,0.841244560159483,0.9224018143691325,1.1193399233443433,1.1874065856811433
20101227,-0.7564763654533686,-0.840288069116002,-0.6925459342696613,-0.6132248560691902,-0.9041839832672465,-0.9389391286812081
20101228,1.1988026649786125,1.2924188738033056,1.1215021724131,1.0345869195404949,1.3595921790158454,1.4050727192501826
20101229,-0.3363589294961293,-0.5192984816814303,-0.4599336649888641,-0.278333531093943,-0.5470553998370605,-0.5593921562652087
20101230,-0.11824531060969848,0.4482699335493142,0.3982160415475172,-0.16904218653912148,0.4800596622083293,0.4839046523338911
20101231,-2.645068221124477,-1.6653090529228176,-1.5712031712249233,-2.2842042839485135,-1.6812865820875782,-1.722752931299255
20110104,0.9680557403966976,0.9901105636022404,0.9414377844269415,1.2485992611400734,0.9998905002078533,1.0201520235052024
20110105,-0.1479891762862651,-0.017401543208786008,-0.01871660282825488,-0.1556839114822168,-0.013562578218949656,-0.015810057927545085
20110106,0.3847587819676904,1.5777077338948282,1.5066348349598515,0.6320727238876941,1.6245471786684391,1.628677373615313
20110107,-1.1608737867331091,-4.403881828416081,-4.260171506223113,-3.555361567001987,-4.472419462050382,-4.501233701170376
20110110,0.15585869956325277,0.8451188339006634,1.0582011780008835,0.9525313587932204,1.1003375138817078,1.1069000922219083
20110111,0.34967532417780023,0.8466327519442195,1.0490997954859727,0.8585959117716654,1.0871850407349035,1.0907807831397083
20110112,0.07950178346212444,0.7691623521298815,1.5937962223550597,1.4646563714747192,1.637534781984576,1.6438685758750156
20110113,-0.09779504137374359,-0.17423625534789328,-0.23758787229584133,-0.21160588877860242,-0.24322224775233234,-0.2438083381838808
20110114,-0.16082277364014894,-0.005735474099103355,0.3561146716238072,0.4004581716472056,0.36100429907667003,0.3631577789069625
20110117,0.06819129188966659,-0.02129076774280153,-0.23739008872400283,-0.2660201320262177,-0.24000608021564096,-0.2412788462722178
20110118,0.1489337543975608,0.13201316397760712,0.037037290389492994,0.009113590465855886,0.038059789479506695,0.03759544915130142
20110119,1.10473906435122,1.0826252530695,1.5081555994678535,1.4419977762168634,1.5234136570771446,1.5251041390521822
20110120,-0.19703448650816785,-0.17333155780025689,-0.286294746823497,-0.28159096819521295,-0.2885426589980086,-0.28891571910415914
20110121,2.7901930738836933,2.5313778788148245,3.2219064299240014,3.109824658465893,3.24292268300869,3.244735801511283
20110124,2.310365561538458,2.3804985347756062,2.466984548754896,2.377495976503104,2.480153486511652,2.4808160613448313
20110125,-1.6019219824462678,-1.4267490847374,-1.799068273479798,-1.7648472855724209,-1.8067394022536016,-1.8075657126193656
20110126,0.015400634531565923,0.013622993658252945,0.017134682989276305,0.016904192981694283,0.01719414960750259,0.017201410686425077
20110127,3.116681421469356,2.8930698074806083,3.3661043660112586,3.323401090291656,3.3757424008502066,3.376787763066662
20110128,-0.9694108114460531,-0.9288337977498818,-1.0248464796989805,-1.0126400470910797,-1.0272969340914324,-1.0275295389098955
20110131,1.8565699356093996,1.7386059355558836,1.9693560299206099,1.9550618100719084,1.9731446765741563,1.9736168835512435
20110201,1.6754267807259393,1.6760310164129177,1.717310944886723,1.6987824658847823,1.7202191153130681,1.7203957742647735
20110209,-1.3589272311806928,-1.3221553931926167,-1.4037384092093717,-1.3950536414418957,-1.405584972760364,-1.4057728815391541
20110210,1.6835134209599505,1.6118149054039086,1.7441832416640737,1.7389479703534843,1.74594257867015,1.7461963465397188
20110211,0.4246053221618553,0.4213911817342935,0.4319630451276138,0.42969654821252945,0.4323616840280639,0.43239262019014757
20110214,-1.5074096829896642,-1.484759790694288,-1.5337208269797724,-1.5289367822718933,-1.5347692472767056,-1.5348795479962156
20110215,0.0766760537524745,0.08593972571308148,0.0735323532947115,0.07215196833635731,0.07362874498573091,0.07361575808943832
20110216,0.4908053635887114,0.5019777953834379,0.4898141980415197,0.4869226378409567,0.4901235196715754,0.4901196667183437
20110217,-0.02706512416747031,-0.43919444427581933,-0.47358870063303504,-0.4752607981373068,-0.4736223638967947,-0.4736707997144314
20110218,-1.467290535782345,-2.193971359202119,-2.220528491122594,-2.217482295961008,-2.2211601878074108,-2.221222621037035
20110221,-1.2883390119495721,-1.926143046993736,-1.8721178116443782,-1.8680029851658477,-1.8726676967955063,-1.8726860653947928
20110222,-0.11031104194848763,-0.40967821503309326,-0.8034652166708034,-0.8026673378554375,-0.8036219840120866,-0.8036364474517688
20110223,-0.09572369899264307,-0.09898098104346212,-0.15787484123850792,-0.15750344545265682,-0.09653821447631217,-0.09653650252613766
20110224,1.0463797886481938,-0.04998502673398225,-2.9027000478166896,-2.8999582036756744,-4.302872687604588,-4.302926585427014
20110225,-0.6756885171050991,-0.33005240759457327,0.41120439880750054,0.41071714787999825,1.152147192620967,1.5127725445530908
20110228,-1.8355866645227064,-1.1230404850262654,0.9923819620436958,0.9899763797849366,3.858545186316965,4.265525780714
20110301,-0.09963044444179878,-0.2518281516945022,0.3839875807624333,0.38344579601769285,0.787997292153204,0.7967031013414518
20110302,-0.007356888782059281,-0.1793864791219381,0.15377343708350702,0.2402860366595379,0.5083191080501694,0.5557701924819195
20110303,-0.2183293955729013,0.008508984933503841,-0.6183300175193893,-0.6567743262212548,-1.042846403626873,-1.064143043959558
20110304,-0.19874540031882337,0.5044141023497294,0.0405800665874088,-0.3777507653444859,-0.6439472059495813,-0.7296044812486038
20110307,0.41165792829760217,-0.6314051619380998,0.4976090064407939,0.7591470977638667,1.3162180192624142,1.3698279393850896
20110308,-1.6476419170507133,1.4476543642256723,-1.1292883288981903,-2.446388254187448,-3.7877651373706573,-3.922866507785961
20110309,0.16096035105030107,-1.1543191767695737,-0.36250384796332324,0.42361576313492366,1.242901197524969,1.775746547806766
20110310,-0.42407355982374306,2.1268626644715125,1.137853475147403,-0.24391569348984046,-1.3163842796223546,-2.8487781830248258
20110311,0.14809814012147007,2.3806556721720047,1.6166066896916398,0.4340371352752563,-0.6290464848857843,-2.030257920081382
20110314,0.3481816810553607,0.6562576688658612,0.08933365291416533,-0.1954165534106821,-0.996511515368505,-1.430416516708253
20110315,0.40689579292165695,0.731827552867111,0.40435373917889994,0.17526994077917601,-0.28612939727287234,-0.6207550375900885
20110316,-0.5069532961642128,-0.6741851275337962,-0.37191543979919683,-0.2187868091728984,0.20830986866015144,0.44135627374996367
20110317,0.04633654684931621,-0.019959266863182945,-0.07476481633522736,-0.06006163787654789,-0.13838037231114447,-0.12542427694475455
20110318,-1.406503659251106,-1.8870299035964386,-1.5644064041239534,-1.2682097224459459,-0.8151059422339313,-0.39377413282004936
20110321,0.4837496755652515,0.6055650045556908,0.5200846604565599,0.44402455368177185,0.32392282058805333,0.21543334465375097
20110322,-0.34671457387923343,-0.4535762520221832,-0.427161548983053,-0.373233115271614,-0.3367506096344094,-0.2636715604939444
20110323,-1.3382135400791477,-2.278949077469185,-2.1190758096828355,-1.9153749103906468,-1.6920233288888904,-1.4092320284992002
20110324,0.4600246235412129,1.041673830613395,1.1806883240578112,1.0928940435729946,0.972505946554197,0.6121267199274099
20110325,0.03178778539581381,-0.5903737373856933,-0.8176378004871441,-0.7607216323653092,-0.7271666612004077,-0.6696250396240274
20110328,-0.32854457163010664,2.2078302691877,2.971350771509277,2.8316301149973784,2.634963423304193,2.0413523956360597
20110329,-0.02307916702396104,-0.062444931551749266,-0.04757473770943915,-0.04649193597230977,-0.041964931083000735,-0.025479739877573564
20110330,-0.22408438341944875,0.5836074388523285,0.8177019100824819,0.7901972416095924,0.7635868591955222,0.6946385730965408
20110331,0.37965048477945107,-0.11896830363978256,-0.38858836377575323,-0.37219098103183534,-0.3751149981858902,-0.4083706298161028
20110401,0.2780121939571487,0.12321186686302166,0.048212302125597795,0.050019840529345105,0.043156696463034605,0.01360349617686843
20110406,-0.1810757055118727,-1.1727298686059329,-1.622041445614308,-1.5961582893626187,-1.5616839170502326,-1.4594672632776484
20110407,0.08628991598082089,0.30054487508960465,0.3892326256965283,0.45437647085357763,0.4460713002015877,0.420802480273614
20110408,0.14839104202511955,-1.0984688308942112,-1.7295371240575683,-2.824791756307529,-2.7881975366004923,-2.684770980127947
20110411,-0.7067302602838132,-1.1514596539808666,-1.0360663358550748,-0.8514092246049829,-0.8383000480691881,-0.7900051275916674
20110412,-0.3299465232158507,-0.009626441365622046,0.2190602721363482,0.42983648538098784,0.42362103226377545,0.40653654216207125
20110413,-0.2330466066837077,-0.016335536718639243,0.2888065047731874,0.37464644088745447,0.4838746312992311,0.3554278146488777
20110414,-2.274260117812134,-1.2663462604033537,0.6063136507186642,1.1845025964838978,2.8498520388356874,2.0302103111430063
20110415,-0.4905868651433564,-0.17970938897382022,0.344206693351655,0.5458472549610971,1.1264485299790106,0.8446971666289435
20110418,0.0889453804457916,0.06944679464289497,0.11687322769925956,0.0693687586009573,-0.06717534385482193,-0.006213903297520057
20110419,0.2700370060043991,0.5207097645585762,1.0233911752985048,1.151150527021242,1.5192586682416347,1.3353288703568262
20110420,-0.24500134840232404,-0.36060754776386994,-0.5198574410530572,-0.6102886317968401,-0.8705688487246322,-0.7466100270667667
20110421,-0.15835369019406062,-0.19875101766966502,-0.24702526295929395,-0.28182690144853173,-0.3819751734524697,-0.33468320902278315
20110422,-0.4285371604245731,-0.4730262117217344,-0.6743211627393662,-0.6483352730671487,-0.5738889024104938,-0.6016771746452054
20110425,0.990654716327073,1.0863480873564382,1.288334705300044,1.3327257282998732,1.4606662182917611,1.3958920567656405
20110426,1.2001218453033717,1.2837690039662166,1.4787915589786724,1.509578733424475,1.598388287067289,1.5517229628394018
20110427,0.9898720422575408,1.0401648420729894,1.2108278171410647,1.2061519781384438,1.1929448612303815,1.1936830393549194
20110428,-0.550457794809829,-0.5736649410997924,-0.5587574400942756,-0.5972624379394025,-0.7079719919863936,-0.6578133128534804
20110429,1.1586622826526816,2.039311871135999,2.0986840178904385,2.15796956845333,2.328542838300891,2.248704499243399
20110503,-0.09035165370778686,0.10520819497797435,0.08227345398693325,0.09633480027788027,0.13673944266102178,0.1189768550711065
20110504,2.242388104048568,2.695211035373381,2.7903433349768783,2.8192245053350518,2.9024127633859758,2.8614203294697695
20110505,3.5028594474240613,3.902323188086192,4.034025047213597,4.058317417490058,4.128360764309731,4.092242971457796
20110506,-0.04324582634111146,0.02093497153132373,0.011387318353286768,0.016052251159161646,0.029454004751662988,0.02362262974724766
20110509,-0.94329445058303,-1.105447408371309,-1.1159751559934292,-1.1269013672548147,-1.1583371066598922,-1.1436361942737623
20110510,-1.3614495163125688,-1.4734601648791528,-1.49481925938838,-1.5020172446479143,-1.5227467588479622,-1.5126048257979057
20110511,-0.33688952850877274,-0.36956690226179334,-0.37221121421837766,-0.374400114646938,-0.3806985382357968,-0.3777364661457749
20110512,4.095606335562381,4.311240241931775,4.35148267844679,4.36536140686335,4.405329507286972,4.385804260977457
20110513,-4.8086268189402865,-4.995088875299235,-5.036467946810773,-5.048305816618074,-5.082406527248529,-5.06552882854411
20110516,0.16993141028906603,0.2565569747005366,0.25911097262494787,0.2592661202073419,0.25971586728002344,0.2594308949053246
20110517,0.030136170728230622,0.09290777884167378,0.09261471059496358,0.0931510439212766,0.09469298945719631,0.0939970408457509
20110518,0.040594677106476795,0.2934819467871711,0.29474984957159267,0.2952210920521635,0.2965780426751635,0.295918199233106
20110519,-0.013325029409822884,0.29593988039265534,0.2977343950610849,0.2977884752689237,0.2979465132362035,0.29781851356485683
20110520,-0.4721477037207036,2.051453427985257,2.0550454259512234,2.0584195644933123,2.0681277572344903,2.063577140754766
20110523,-0.006982370961331316,0.3171833590255793,0.3175166163213703,0.31800758640832166,0.3194199575023469,0.3187638030147148
20110524,-0.23114585986350725,-1.4085666018424774,-1.4109534339351846,-1.412208411358235,-1.415820751541109,-1.414094882489108
20110525,-0.18150044715299649,-0.7005608770821159,-0.7012018226652106,-0.7018806009524482,-0.7038334917022598,-0.7029206290629356
20110526,0.04426060472075914,-1.5349922728351384,-1.5368747599980495,-1.5377531447991362,-1.540281794055526,-1.539067105138252
20110527,0.026499087970606815,-0.43531680220883484,-0.6474977609109221,-0.648114339300757,-0.6498875143752718,-0.6490755317732811
20110530,-0.11589400606362976,0.16934430559824112,0.294794213535381,0.44889927488334547,0.4497096837460525,0.44933400436173565
20110531,0.9451147864436383,-0.12879264506690705,-1.6494125026248285,-1.6624130110829989,-1.6624646455789995,-1.6623756287076437
20110601,-0.1631273612262986,-0.02577762084075932,0.12952402763733956,0.32622617739352133,0.32663177594303855,0.32644408693517113
20110602,0.37866736254262623,0.16240264590645942,-0.3436078403227554,-0.6446362517252999,-0.6453261110152976,-0.6450079508250066
20110603,2.2520366429595295,1.293321220854562,-0.4563772435676425,-3.1227200261063857,-3.12405396952261,-3.1234054390653228
20110607,-1.3308645539838897,-0.8952456246193097,-0.18976141701653912,1.015945710999765,1.5007228013054166,1.5005663662742315
20110608,-0.6367597213351889,-0.4685334733334383,-0.24694995324094146,0.535699326175035,0.8138939381979791,0.7711006221409465
20110609,-0.15933698578839517,-0.18559638002686088,-0.11075610894108437,0.15140619893410018,0.20409992920899747,0.25094211572736036
20110610,0.41252436328308145,0.54243150457258,0.36325921023745283,-0.2249126903986141,-0.2995147926766518,-0.6528448432979514
20110613,-0.13235484110182255,-1.013685422618749,-0.7928651676469548,0.8549112606547159,1.0444634466247646,1.1665107735569635
20110614,-0.1919212890225489,-0.6643729494304811,-0.48954996396407335,0.4997911224618967,0.606342823654352,0.842694314558177
20110615,1.4453885187617406,1.7569631656799258,1.4163940428719957,0.34081850295782756,0.25083805120522396,-1.429476662207474
20110616,-0.14128024181030374,-0.6062235452390536,-0.9418074609099835,0.6097725820271704,0.7167690605757976,1.3315241078265012
20110617,0.8596492909662602,0.8209014039992388,0.74043907391522,0.6572594125250976,0.6581209440882091,0.15038328194122688
20110620,0.14257643139149734,0.1582776339100664,0.16235799280257188,0.08060523252673389,0.07587906237664352,-0.022104786797457143
20110621,0.6210607162705684,0.7320394635797534,0.7858566868157035,0.30911306284762063,0.27954037981877644,-0.14707432172552892
20110622,-0.36167255394650355,-0.4367630589779365,-0.4780133221911326,-0.1750153623966324,-0.15574803139320526,0.08140978872801408
20110623,0.31118527327585066,0.15245301225880648,0.03454049057149644,0.5507174301710571,0.5867330707737515,0.7610070802771074
20110624,-0.7118192849355409,-0.6705964604901172,-0.6277409449038527,-0.712273851322061,-0.7197498657285616,-0.6347449769149338
20110627,2.3189740284859903,1.5142105865408886,1.2722058741060178,2.2236667398093184,2.291706228105806,2.494029629400444
20110628,0.336460436503089,0.45791355722397487,0.6027774166007416,0.6388743290900424,0.6423665657813471,0.5844894385191817
20110629,-0.7527043470905177,-0.1998767321418089,1.1498515478826745,0.9290637091129159,0.9154691741857405,0.7106241092469203
20110630,-0.5401137926788427,-0.4254015225489536,-0.18783631922951716,-0.2985207638500339,-0.30630944554640005,-0.33894375570161767
20110701,1.3593185907899015,1.2938893117371657,1.2385394813056194,1.4239993815865641,1.437809747845547,1.4378092335055728
20110704,0.43009761393468615,0.7249567729941052,1.4692534311853427,1.3887293772633382,1.3843300972760026,1.2694066081944462
20110705,0.13513038031040192,0.1831499633119231,0.3050099446203113,0.2928832739765478,0.2922424211422727,0.27337622831824315
20110706,-0.8865031296871175,-0.8649601557558723,-0.8491880851199526,-0.9139943726577382,-0.9188281195247882,-0.9182584579309419
20110707,1.2815213499226477,1.5625879107086424,1.8184362123475895,1.8419152880711622,1.844246477974933,1.8023058019263556
20110708,0.41555953871114104,0.1371273071955143,0.268241880588765,0.23994523966567738,0.2381101011839356,0.21853731653451614
20110711,0.008703839584382672,1.5150352790150992,1.4715515776741834,1.5402146344626917,1.545276686951724,1.548944960071786
20110712,0.7744613124799871,2.2849817034362516,2.299790576910093,2.3659224170993842,2.3709235537441695,2.365411343147605
20110713,2.0574870098877556,1.619176172655077,1.8718240318071933,1.840660375879554,1.8388793125074168,1.8000514969187886
20110714,-1.1179510782374629,-1.0524175741524524,-1.1547232180554627,-1.147056561307474,-1.1467074207082297,-1.1307488763015203
20110715,0.030443338799507863,0.22278567551598738,0.20390188162048167,0.21329068005356472,0.2139541649715926,0.21652010363750746
20110718,-0.1099571739321395,-0.2470995892066098,-0.23681369789066606,-0.24335990255981216,-0.24382889471608626,-0.24515834280731677
20110719,1.8479651553528522,1.777173607305346,1.8730219605669796,1.8654236199748646,1.8650652945464425,1.850133806839996
20110720,-0.3835304548947728,-0.23548786721800896,-0.2710510189371318,-0.2628446553211393,-0.2623069852612203,-0.2570234174921431
20110721,0.6337805380557742,0.6240056670716994,0.6458052036171178,0.6443568928572491,0.6442964196432329,0.6408871087109689
20110722,0.15221070720637864,0.10402386904300359,0.11547057239582598,0.11280546272600034,0.11263062027058313,0.1109311295865062
20110725,1.1222073632425886,1.2908201898634923,1.3097544292759875,1.3110774242981866,1.3112187986236519,1.3081346921509522
20110726,0.8949680698103779,1.0056340170133575,1.0172031544463307,1.0181009327684527,1.0181940316899463,1.0163053332584613
20110727,-0.8781710024336912,-1.2017267741991637,-1.2023951529028847,-1.20615824147807,-1.2064424338499413,-1.206156582480103
20110728,-0.19739949328695408,0.24303294198550895,0.2377383255341145,0.23982933787501437,0.23997469051616893,0.24071990848538044
20110729,-1.5746766365667075,-1.230761400264201,-1.2478246396836936,-1.2457837762166557,-1.2456682847458613,-1.243042904856614
20110801,1.0495193505410263,1.6121685214323405,1.6220225682799303,1.6221495493447482,1.622180937668814,1.620602602083026
20110802,-1.0016204671864455,-1.40436884748355,-1.411431706592343,-1.4115205428377307,-1.4115428767702725,-1.4104117130554925
20110803,0.46006818953474304,0.660256060661972,0.6604899322490033,0.6611420451830841,0.6611915551676553,0.6611231841364601
20110804,0.764511796332423,0.8089021766130926,0.8077632217095556,0.8087293871013492,0.8087994471197247,0.8089351651860082
20110805,-0.245118459824091,-1.1288602417529103,-1.1315643679003076,-1.1317155407732065,-1.1317328936148665,-1.1312942304449547
20110808,0.5465071012167816,1.0033502062781623,1.1522756099164448,1.1526743305121119,1.1527066508886623,1.152517427309378
20110809,0.6433282174735979,0.4298068777757539,0.1766412626068759,0.1769401984821521,0.17696044022168855,0.17710570903556266
20110810,-0.7556120173098857,0.23259882048760394,1.7446475731605413,1.7445562261177483,1.7445566639049885,1.7440356531410646
20110811,-0.059180083115484575,0.4215385221362411,1.1459721106198115,1.1459603303601655,1.145962921915549,1.1457132984795781
20110812,-0.2927183008203572,-0.3247684325433978,-0.35200117467578745,-0.3520623217784008,-0.3520670056141902,-0.3520576153223341
20110815,-0.8487805712877392,-1.1180111224899678,-1.4916473381132063,-1.4917350789515869,-1.4917434018204383,-1.4916146453198875
20110816,0.3403834724342979,0.19224422849212452,-0.06102152542166828,-0.06092963112710825,-0.060924000749063234,-0.060836740366472575
20110817,-0.7848383965102779,-0.6927404799749454,-0.30340132533257036,-0.3034977499395698,-0.30350411244677067,-0.3035629634972148
20110818,0.001873554666779841,0.0005882639371110436,0.03576564748191603,0.03576254322820449,0.03576238596139204,0.035757068411108706
20110819,-0.9498964229356995,-1.9314494080253597,-2.679229827445729,-2.6792736638773067,-2.67927849902355,-2.6791654563639753
20110822,0.052788840550010416,0.8628676968573101,0.9634583229212224,1.0627380994278999,1.0627411022960016,1.0627258944049096
20110823,0.07383455153797276,-0.5687875366222876,-0.4085403103487908,-0.05179648954578486,-0.051798287130375265,-0.05182251002983196
20110824,0.8010879927833814,-2.151068825386982,-2.2210026604939745,-2.4838152289906295,-2.4838207185136203,-2.4838101433114144
20110825,0.5918069765184211,0.781681533639006,0.40330257699983707,-1.6238888663857793,-1.6238882969745643,-1.623831099016324
20110826,-0.9591223752841546,0.21260459875396084,0.2910131327506629,1.6119259870946308,1.7778615704058551,1.7778497162583031
20110829,0.1667688446554363,-0.2629495602935138,-0.44199392991869074,-0.48350753306148,-0.22294059231390972,-0.22294863418995386
20110830,0.7206325280932475,0.422966936618951,0.21475165667653262,-0.5259522001517054,-1.054331633007396,-1.0543222411567459
20110831,-0.11435164558386254,-0.07239674960604878,-0.045440311664165275,0.07531820074636622,0.153014300677196,0.15301340181387893
20110901,-0.26648373872919046,-0.10364773909526617,-0.024443591849244523,0.454433497486013,0.3654984140357908,0.3275382988883596
20110902,1.2935217991414123,1.1145338280239057,0.9716637102008846,-0.07572559316606253,-0.8353035422795341,-1.5560350359432986
20110905,0.7033287786512721,0.9151316503080559,0.9562591045745621,1.5409400231033634,0.8481940017942199,-0.16375161497816226
20110906,0.19994633602908646,0.14809199284609248,0.15968276319161423,0.39407558852475505,0.2920437558876887,0.12215518109114333
20110907,-0.6699594146219057,-0.1390528093681629,-0.1875475365723397,-1.3555887461650427,-1.2100727338270023,-0.8473758314976167
20110908,1.2909034794621175,2.43432658407692,2.2535450726851103,-0.7272736266095189,-2.3695375977940403,-2.496186954345646
20110909,-0.27151360879410336,-0.4416786021927609,-0.4151097346107912,0.026455309532036765,0.2665365453733046,0.4393607973800667
20110913,-0.2434090701174264,-0.3363792563502657,-0.3212686315780676,-0.07639453738421309,0.06244199664185368,0.2683091153588558
20110914,1.8676409356271062,1.6674910746355858,1.6651024060317552,1.979484295589617,1.8281198514258983,2.0983048510589764
20110915,-0.3174505613503279,-0.21468670944400564,-0.22265529918804206,-0.44010259415691433,-0.4809490267507414,-0.9061202925722576
20110916,-1.952949085616478,-2.124494078989804,-2.0880779272619265,-1.5842373231423397,-1.2180147142828408,0.1608426503165964
20110919,2.4395651102323,2.1418835918316588,2.1348677896917883,2.240470786789679,2.0956313456372704,2.6658638367490974
20110920,-0.7457610576569497,-1.1649301225164403,-1.5137841908064682,-1.184619067860144,-0.6107826810369988,0.6002805977892127
20110921,-1.3508042601549546,-1.2597564033802502,-1.1782833602049585,-1.2060349571194735,-1.230003830046393,-1.3941286065937937
20110922,1.6012741363763172,1.1389673822357318,0.7473698688873699,1.0578833567537573,1.569894000063438,2.786803670771743
20110923,2.6402800836996025,1.9215897079397612,1.3151463876568397,1.815706295074948,2.6527285580598967,4.584857803265711
20110926,1.800932054069497,1.569254115086185,1.37231424413121,1.5225740621671648,1.7668500356650554,2.364588553648136
20110927,-2.798535134455774,-2.7363137349729567,-2.6794084669952123,-2.6889522277517397,-2.683650628857874,-2.774506005343369
20110928,0.4452590585005473,0.3618220698519287,0.29181595018534956,0.3529954862479474,0.45722751434496955,0.6884747194574965
20110929,2.3363283920614326,2.117555891310055,1.9329545653206832,2.0853477625180625,2.3401883399687855,2.9283834634356793
20110930,-3.5883288606646877,-3.38504311557907,-3.2125433082379278,-3.346730475791109,-3.56645941824099,-4.096240639170318
20111010,0.10248223751856297,0.07755659186258074,-0.011574438940246484,0.008459047902932393,0.04364020904943949,0.11669536877096742
20111011,-0.2356934508068236,-0.2168885832643406,-0.1942120630298698,-0.20818508014714576,-0.23210126579433515,-0.2846365336229628
20111012,-0.4593089173206982,-0.43138101469866846,-0.48496672377258687,-0.5051327697461477,-0.53930343270969,-0.6160008542161647
20111013,0.38693254588418874,0.5934357144143325,1.6660886805845276,1.6860680524173919,1.7175134951722955,1.7996213358389035
20111014,0.1408256989251414,-0.37034639310275436,-1.522967996666638,-1.5232092950037637,-1.520790787886157,-1.5288921376178957
20111017,0.26584307651573863,0.6085147864786843,0.4807409795621357,0.4440071217192183,0.47109655502769243,0.5295532643451667
20111018,0.1013818975702675,0.6772306002356229,1.058207469197333,1.4940806402401305,1.518225028364284,1.5761025949657363
20111019,0.22958846044128006,0.1594536756071781,-0.17598080208029013,-0.3823476222451323,-0.3798739302277005,-0.3767022290320153
20111020,-1.0883804683110583,-0.2874742866749811,1.6499293626031026,3.913924577436342,3.9258901736611076,3.965584289595633
20111021,-0.01685276266156502,-0.18643282815907883,-0.5338783673413949,-0.9422261966769307,-0.9460931440160831,-0.9570149128537702
20111024,-0.8858721124814124,-1.2411818048992596,-1.5904545262550949,-2.0175664643281426,-2.033713255374277,-2.071783061688756
20111025,0.09403103307476315,0.008992585944429171,-0.4950742723283357,-1.0730246245992976,-1.0679572721700896,-1.0602077428640662
20111026,-0.05258072375299672,-0.10434721522322221,-0.24585278599038163,-0.5572517923908052,-0.5576793255343674,-0.5595920542664818
20111027,-0.1089146262229683,-0.14274886517565333,-0.08572657302873833,0.03717850427729534,0.10821547150891925,0.106195312709932
20111028,-0.26292866855246533,-0.8161862067221555,-0.7666236622633086,-0.6681911967816679,-0.5403696289652296,-0.551209521643617
20111031,-0.4802956021634031,0.1395797655180379,0.7035355823712072,1.3963554782782093,1.8729886734626933,1.8830458011985138
20111101,0.034423546988652166,0.23164073004074714,0.25558445276101815,0.029796967297947174,-0.123989027525998,-0.12157729781193236
20111102,0.3247911077267968,-0.40579560321299163,-0.30434085365808566,-1.0871267698327152,-1.3896529126315178,-1.3928042637769251
20111103,-0.19071344205551088,0.1689873836886364,0.16467664367363705,0.37072555531980406,0.5582524915106559,0.5596928463261563
20111104,0.13303198233617688,-0.4700332174709183,-0.5292600490683781,-0.7110909019181874,-0.9944845699701155,-0.9974748693867439
20111107,-0.18377879587631815,0.033327262485033676,0.19250825547264147,0.2812533022112298,0.4943446168351803,0.49533924829874926
20111108,-0.46333844059692597,-0.24858593317993946,-0.033097850398435436,0.14853956937871957,0.7723077968082466,0.7729615790898015
20111109,0.13137738464442963,0.1426322509193243,0.046586624131596865,-0.043167911383366536,-0.4637862764435289,-0.46407925529519944
20111110,-0.7952205297046695,-1.0424227834347384,-0.5166344736113961,-0.1537340993891675,2.101451526458413,2.102244951144609
20111111,0.05579176395827458,0.11861525853187671,-0.16911607990834135,-0.27316132642670526,-0.9194642223938062,-0.919916870879516
20111114,-0.2923266174300856,0.05412918391151293,-0.8367752073637291,-0.8663792917430205,-1.0493798362329274,-1.05025454109372
20111115,0.12353609798268098,-0.04607919149774561,0.25089265872543537,0.47560684412185267,0.9135517888478799,0.9138196212077667
20111116,0.31070682113302955,0.30863737323254126,0.09975643355183772,-0.01719996407363411,0.5199786193623748,0.5197370033600897
20111117,-0.11010120954982902,-0.04536913879846333,-0.14178632948409783,-0.3758637551483902,-0.5853453227238703,-0.5854280410878544
20111118,0.08524441848004013,-0.011013811915273952,0.1700875148350025,0.7686136170288365,0.9856996951158489,0.9858661743768147
20111121,0.6194464121445089,0.46879140583303525,0.6873654128875668,1.7952271090636678,2.2973418560818777,2.297527660576404
20111122,-0.3344147730567867,-0.445714648307804,-0.12757856066655254,1.2093151312122148,1.188191678092455,1.188509475343621
20111123,1.418669854937526,1.4050235597341396,1.3006182835610014,0.9899393872136648,1.3462658570008585,1.346139558403622
20111124,0.13154950785838887,0.1003248301278181,0.1871929427159557,0.5543645849648757,0.5544037691707461,0.5544901790426815
20111125,0.15055396835431933,0.21452535172149578,-0.01162787550653388,-0.923320237762244,-0.8028135425832289,-0.8030460986457985
20111128,-0.6033848914050747,-0.6073417265574056,-0.5669690744192508,-0.2841468370595533,-0.3576327893501302,-0.3575880004457996
20111129,-0.6073284312030949,-0.5868225834905678,-0.6279675189117906,-0.9793536077833556,-1.0191799189585904,-1.019218339794269
20111130,0.5963956734772694,0.5872897397665016,0.5957876178356687,0.7539375941149992,0.7960823949208884,0.7960881939729602
20111201,-1.3407371331800622,-1.6238571338379268,-1.3765163885846365,-3.194976514149425,-3.285743831652723,-3.2858139129257538
20111202,0.13799856271952812,0.23926202067718338,0.23165453900805527,0.28584659185234196,0.3188628889326223,0.3188639395543599
20111205,0.48403553637241475,0.17596964059965262,0.2975564846736755,-0.6035327588025586,-1.4596212184134767,-1.4596602301916786
20111206,0.4553530578015664,0.346232256451941,0.41202695380456833,-0.07634644417708095,-0.537091542774967,-0.8450668144016599
20111207,0.01030280366224362,1.2311264342308919,1.2451268091578611,1.1357381586270654,1.0556839952953414,0.8962002730209169
20111208,-0.4768455447824283,0.3153046937676987,0.27382447358744133,0.5785876177032052,0.8793648181772492,1.3030251893562714
20111209,0.17776317223436877,0.41656493000162037,0.421442680670133,0.3841494107184039,0.3535680586670837,0.25523519674007367
20111212,0.41889593605747116,1.6057701377281082,1.5877230395197095,1.7166256531123447,1.8596342865802975,2.361694152766572
20111213,-0.5738944723255947,-0.06061481563591398,-0.09728201541699233,0.1729386823536334,0.43611975298508565,2.00861173390946
20111214,-0.02620636725358544,-0.030655037300671206,-0.011947551230293896,-0.14964968601001383,-0.2844619114587141,-1.3797499183335868
20111215,-0.5590690211419467,-1.544965108354066,-1.5702539420752828,-1.3819515679773662,-1.20680469368744,0.7967023599623022
20111216,-0.6784006684191539,1.2015459413752365,2.6816110610799435,2.214975606688097,1.7706713757715018,-4.590658538513552
20111219,0.11649205778713065,-0.2308208876131908,-0.5197271968094506,-0.4285783757148791,-0.34142869013207644,0.9002029130578167
20111220,0.8783762493311587,1.4479986769411783,1.759241181364032,1.6616654613663382,1.571977879274055,0.23346011254204935
20111221,0.7041463226577889,0.7375629832037808,0.6649974077559706,0.6882743321244192,0.7127565353293586,1.0240707457809746
20111222,-0.9816581062147759,-1.1306082435120317,-1.1502595709649424,-1.1444572465883345,-1.1412222943589636,-1.056194925730435
20111223,0.1025368730127744,0.18280559383207062,0.2475830933122565,0.22715364289159024,0.20766473752465933,-0.07074022034966158
20111226,0.1385576751115506,0.43642212911707706,0.37024627907997326,0.39127825521089676,0.41228183089781845,0.6964643741730738
20111227,0.7275660648352233,0.8784665097146372,0.9923279235058832,0.956486342489201,0.9226899561942895,0.4332312868191806
20111228,0.7580185242887365,1.0231879224410876,1.0496302319287063,1.0414266080247436,1.034390444290414,0.9205497332596252
20111229,0.68531511513257,0.9048362593897439,0.9047979809481832,0.9049244818159671,0.9057110367778146,0.9057109491637163
20111230,0.44372349410393175,0.676737699648615,0.6088224040852399,0.6303693257751497,0.6516683908534084,0.9433752249919647
20120104,-1.3503891595671496,-1.2703085481036633,-1.2217030268678142,-1.2371767815425674,-1.2527796146121317,-1.461471581721474
20120105,-3.901646157252313,-4.386111706745236,-4.37217134573597,-4.37687348123636,-4.383137709305572,-4.442611842920902
20120106,0.8244467498177246,1.0429158043718463,1.057428882181311,1.2597663234499425,1.2557935106850007,1.1933346705068226
20120109,0.6926279328385289,0.925871633876137,0.9561905391537021,0.8059111083603043,0.7968247490166995,0.6665106723455654
20120110,0.24529302099792327,0.23414236314156733,0.25669970413658805,-1.463977864379953,-1.4713893472600508,-1.5682050404994428
20120111,0.7857031894732193,0.9461774141511212,0.9636375624465595,1.0397327996794352,1.0345923353492887,0.9967100428008323
20120112,1.0442273665266906,1.1442672792081754,1.1613389700088015,0.7622951857809207,0.7570685816525284,0.2718703595439973
20120113,-1.4598164953689332,-1.6179679954931898,-1.637636738040664,-1.5350111571564748,-1.5291406924526807,-1.3437095070707998
20120116,0.07068246265494707,0.06238224125925034,0.062383688589259086,-0.0068278180396837964,-0.006857558137592451,-0.07926387163568072
20120117,1.3096645441018886,1.3952673318119932,1.4061980741986955,1.3301099292560425,1.3268393968516399,1.2038547264639452
20120118,0.4577256240347918,0.47960171647587985,0.4824575327712711,0.45850794779328613,0.45765174952814014,0.4212622074389839
20120119,-0.12303373093012875,-0.1387289746951437,-0.14002332719160032,-0.17729459694695288,-0.17692692048966424,-0.21077748631341503
20120120,1.8585595491415,1.8601745761570405,1.863786796234611,1.6165595438954277,1.6153846968478764,1.3424268968814936
20120130,0.5182828512978447,0.5650979741294933,0.5688996092341416,0.684336152556491,0.6832587793756195,0.7889233495804244
20120131,0.8288427784970438,0.8421807020686246,0.8440108776082736,0.8229878928023694,0.8224367872029537,0.7931800716952875
20120201,-0.8723387085521772,-0.8793763464793496,-0.880639949265543,-0.8480476361200012,-0.8476594820063598,-0.8085494214896725
20120202,-0.260082096005993,-0.26858105441355645,-0.2693341233939661,-0.28575105031685333,-0.2855349009957878,-0.29971889330348633
20120203,0.6698279996873971,0.6766766916554007,0.6775259491352618,0.6732614838980702,0.6730080794196931,0.6651759128900875
20120206,3.523179439860346,3.550102735237252,3.5535682693551895,3.527641394094123,3.526603725274428,3.485725453040036
20120207,-0.7958096595282711,-0.8025252946979664,-0.80328870185162,-0.8041117561173364,-0.803885939980342,-0.8017165017423825
20120208,1.9422940207430304,1.9493834555996463,1.950477333176278,1.9305644030314417,1.9302319009603004,1.9050591920813849
20120209,-2.1732026620187495,-2.186997871365336,-2.188512847246187,-2.194043399876181,-2.193596919894474,-2.1933684649602085
20120210,-1.2423931130590806,-1.24867479215601,-1.249382643268721,-1.250601780538035,-1.2503925910088964,-1.2488580210314804
20120213,0.32762807094272894,0.38659757200962197,0.3866872621731152,0.38359400717063263,0.38356612582864846,0.37997430925345205
20120214,-0.909692503805171,-1.421241268330664,-1.4215894069529131,-1.415126460481141,-1.4150205849012336,-1.4068778760030298
20120215,0.01602952991257752,-0.07265149304952673,-0.13167487312005322,-0.1321308524189858,-0.13211321346304067,-0.13235126830072308
20120216,-0.9694626256949836,-2.619827064404706,-5.078363247993265,-5.071795874725101,-5.0714607800186355,-5.060138082118568
20120217,0.24821370530185594,0.7454138688510353,1.0613883099806827,1.0582486178759858,1.0582045646158802,1.2196264448480005
20120220,0.2605749749240611,0.5511237019817696,0.2934330172961193,0.2912101689917894,0.1227910468520848,-0.013859663354113816
20120221,-0.12714723598248717,0.22411336309041535,0.4658505676144348,0.4648950056525617,0.6228860498744366,0.9401560533608637
20120222,-0.15246009365907112,-0.014010964059576123,0.12146525546141271,0.12121443496818346,0.3438405023314345,0.5219452453841441
20120223,0.503786490362291,0.24010744979058643,-0.05137982882701597,-0.051006899079897194,-0.8821366465517908,-1.2655168308741187
20120224,0.5699081539133909,0.4928847513299034,0.31902741593392414,0.31885868500417547,-0.176868125927996,-0.6576686995995404
20120227,0.3385079828799614,0.7138920341358972,0.856833025312296,0.8554506394184818,1.263023619533217,1.6567339642498882
20120228,-0.9584480289064107,-0.8064495337235922,-0.5958502052890202,-0.5959319341000666,0.0045587434469345905,1.0454750196872573
20120229,-0.5961974720919831,-0.8044237662400334,-0.7190198703340172,-0.7188004862598552,-0.2572249439148184,0.1651598207824846
20120301,-0.7500516262945185,-0.40512558338661797,-0.4966689398701485,-0.7785472059835532,-1.2733037702170709,-1.7252331180824294
20120302,0.17390403473175595,0.48188826383075584,0.46682249405225573,0.42020238478948635,0.28261361184358547,0.20799668349269496
20120305,-0.40489581370193045,-2.717156053785782,-2.5789401852269576,-2.1521586547872213,-0.8898970217905084,0.4270367709017031
20120306,-0.19167723458113917,0.042749210413049216,-0.0839180942426638,-0.15765992464754927,-0.37615397347707713,-0.6039726398846763
20120307,-1.0001308203084678,0.34703085680750206,0.49292483519229613,-0.6603805428852062,-1.7209777302070113,-2.8270131333824757
20120308,0.06471901208234832,-0.07560890146813744,-0.21083936600971567,-0.19283522848092038,-0.11829943819370314,-0.040532112825268043
20120309,-0.5570458583560617,-0.5904685044430096,-0.004024452989286165,1.3748894162837222,1.5778871087591892,1.7893935456394592
20120312,0.48239533276634583,0.8765965292055462,0.6726013912100345,-0.00765996341293651,-0.3300449403319585,-1.0859192658825858
20120313,-0.828262089996076,-0.7394674059816846,0.554546448581159,1.2554812281553824,1.2964281337363797,1.3923172551830845
20120314,0.8402546888163984,1.0802893950160866,0.40485640491248254,-0.2523637697054334,-0.4809763435817711,-1.0169557423907198
20120315,0.24494091136508006,-0.014685975798908069,1.4100905168723634,1.7537963831295422,1.6662852515843907,1.4610037836103187
20120316,0.19019653995120955,0.11207396317181248,0.5198498133305866,0.6212378297501536,0.5985264047449425,0.5452481934883521
20120319,-0.7245085823366091,-0.7388959479429985,-1.1364596831536553,-1.1636951049847206,-1.0861605623756088,-0.9043344212757691
20120320,0.3110930223735298,0.2772895503413373,0.48443992999793467,0.5312927040821189,0.5161567293662299,0.4806535149065397
20120321,-1.3091504354630172,-1.0203514902863002,-2.0421693234904743,-2.3698081377187137,-2.3698081122199466,-2.369746032001459
20120322,0.19765613387478242,0.1890429382244356,0.2684252990129739,0.2829470218566301,0.34424418690289904,0.3244130592297627
20120323,-0.1084914368519554,-0.19919779591140907,0.07366159474495387,0.17189757271542358,0.763045283778207,0.7825173479262555
20120326,0.39919170184975106,0.4261565438400158,0.38862758006944703,0.36630199947321873,0.3102658037466991,0.27576690568824563
20120327,0.22394683457334064,0.24987819706561956,-0.053145432791350894,-0.08047701479219924,-0.2363816683863872,-0.24508910499037415
20120328,0.09358531678809678,0.07321588330293566,0.5794883479155906,0.8728589404338936,1.11310617793126,1.09169521344029
20120329,-0.38621765514021905,-0.4074909660753604,-0.23000609617529566,-0.11322698828197489,-0.01654945077116493,-0.0019173456919605592
20120330,0.16316614439685354,0.17185413251209533,0.0993321290672768,0.05161950152632423,0.01212009709850137,0.006148311606323509
20120405,0.9662626241921546,0.9378081676890433,1.5190673257837282,1.8608866066850172,2.1411841201220154,2.124540827510826
20120406,-0.06566253509805933,-0.07994097997844374,0.07903072443969938,0.17892073979852197,0.26130542814704405,0.266929917603433
20120409,1.9335119921390649,1.850143408627921,3.0279802620923144,3.745971772997336,4.3366095706563765,4.343158451339666
20120410,-1.5877928431895267,-1.6015100466802192,-1.5908558638921593,-1.57158226138437,-1.5548163742322882,-1.5344506018541815
20120411,-0.18099978637192732,-0.16509786963765505,-0.031869975120546123,-0.13959456413865767,-0.22848081036878054,-0.23543215472137768
20120412,-0.2521040239954133,-0.2521202286217879,-0.637312045213942,-0.6554627480318682,-0.6702254404786242,-0.6666557051176228
20120413,-0.10544318420326607,-0.10352132033122113,0.07928647244005714,0.06793303174369966,0.05854551035366698,0.0573803749321517
20120416,-1.1210614860909338,-1.110261372789913,-1.2709236131810737,-1.3682972663475028,-1.4483590950807792,-1.4483567734885274
20120417,-1.5563445964902796,-1.96762284160304,0.9778173381020347,0.8994734433618643,0.8347057993073268,0.8268988903405607
20120418,0.08359415972855025,0.11976911315180168,-0.44553968348412765,-0.4418661379602156,-0.43878023189109283,-0.43732922028599697
20120419,-0.2853346202668673,-1.5064034272119373,-3.879790460735053,-3.9360056784021538,-3.9819651997904053,-3.9761717688826543
20120420,-0.06743890474613706,-0.04580966091441299,0.41666925666018945,0.6331998855785819,0.6335312779853236,0.6421992578106394
20120423,-0.16143244946244906,-0.7753249339114185,0.24079881018914057,1.3155358806982553,1.2898931752476575,0.6425786793347232
20120424,0.25172565053174745,-0.0853770490851663,0.19920151967474953,0.5058759985436875,0.4921088795049929,0.13780088727527395
20120425,-0.45855125526579293,-0.08885253687494729,-0.01288400345086551,0.05317394249023274,0.06782673084466889,0.45476561001221844
20120426,0.28777337862295094,0.1373234692535054,0.14432807057133726,0.1567652934850985,0.15075876476908462,-0.006866234827149563
20120427,1.28717642350074,0.8786733602268848,1.0483549611550544,1.2383476155512565,1.2218656541738513,0.7932483516731765
20120502,0.7855895439591349,0.6841372583787432,0.8931420971734864,1.1133494929585406,1.1090645987083962,1.0019165491312534
20120503,0.3927789282135383,0.351149561407346,0.4212640786908968,0.4953979101724949,0.49365763524802686,0.44975677574183354
20120504,-0.7946960023266221,-0.7307529243325704,-0.8374217982129346,-0.9502264481357557,-0.9475545502048153,-0.8801267524706727
20120507,1.6615775869582239,1.6445842275877596,1.9307584741441364,2.2280786673506294,2.2270725796214337,2.2080709763914186
20120508,1.1362523957532766,1.0534954969006605,1.11062680337548,1.1727126799565573,1.1693475430175992,1.082420273052592
20120509,3.3944281079372254,3.23742162773682,3.4245289175681464,3.6239411744140564,3.617466456991129,3.4522175485791236
20120510,0.8570132103813405,0.8474129481876675,0.9134360638244802,0.9822259863894534,0.981767419605958,0.97143407486019
20120511,10.35939014140109,10.188551684135913,10.694590406007244,11.225180253418278,11.217787885043382,11.036711417973084
20120514,5.179223800404975,5.090924668429254,5.284547797132398,5.488353457361065,5.48461064337357,5.391305023133965
20120515,-1.2280585324766546,-1.1623739065220107,-1.1181732222918255,-1.0746002247367485,-1.072032104232846,-1.0034132755381553
20120516,5.147205518119902,5.037402314354522,5.096433960615753,5.161420458010312,5.156974794332507,5.0417086661285015
20120517,-1.67380641010726,-1.601228370925908,-1.540996220827033,-1.4810371718880122,-1.4782126145050503,-1.4024402542079755
20120518,-0.678818131735705,-0.6902093753138567,-0.7360722137252349,-0.783235907978683,-0.7836374253815224,-0.7953772051194503
20120521,-2.3270743025875547,-2.3085614703869446,-2.349773325505521,-2.3931428161174075,-2.3923573881106943,-2.3727923048910675
20120522,1.945892236178905,1.9340147269593646,1.9659370628030588,1.9994460008673105,1.99893579064934,1.9863601683997572
20120523,5.113261937410483,5.072106418216119,5.117586208992842,5.166159850185984,5.164466750876864,5.121165641956143
20120524,-2.1676479713951458,-2.1518714274737447,-2.1668699964946123,-2.1829646715952085,-2.182318435793724,-2.165729625089267
20120525,1.0283480443652455,1.02310071280374,1.031169600403287,1.0397167384203314,1.0394982617086548,1.0339678387333473
20120528,1.019251373692572,1.014753777555576,1.0213725915461902,1.0283903555372507,1.0282034358514704,1.0234644436203628
20120529,-1.757045340118692,-1.7499611808855986,-1.758638070608996,-1.767878819825794,-1.7675864101506602,-1.7601293665769147
20120530,0.6141991943360986,0.6133294668980296,0.6179175022514576,0.6227047740837686,0.6226648302399274,0.6217345376898521
20120531,0.003236361900240875,0.0041624251920495126,0.005725388462149483,0.007314186195345934,0.007349314199516899,0.008312801210198423
20120601,2.6212635868532597,2.6127182063128815,2.6165696790127124,2.6208571773961027,2.620512048419827,2.611544635468665
20120604,5.086026448449673,5.079775942511574,5.098451161433609,5.1180305674819335,5.117759916741277,5.111134156041952
20120605,-2.042660194893191,-2.0388396094024546,-2.0423979781849573,-2.0462190653456482,-2.0460626519946943,-2.0420456707145207
20120606,1.7140113597150646,1.7102135630140745,1.7109547992133756,1.7118540011385865,1.7117017307371687,1.7077204447350527
20120607,-2.6725047492413383,-2.6690864045069613,-2.672631132680527,-2.6764242423847078,-2.676283882164083,-2.6726883035099385
20120608,1.7867659259082278,1.7835671874003072,1.7835006157042375,1.7835415946646662,1.783414136353026,1.780063751646337
20120611,-1.313689576730071,-1.311940783924396,-1.3122648910778556,-1.3126611022969095,-1.3125910052522691,-1.3107577923473006
20120612,1.239396960878995,1.2382575837243897,1.2388815720910555,1.2395677735587576,1.2395216298199945,1.2383255183865334
20120613,2.190858724889871,2.188766511520738,2.189048823010744,2.189413506605881,2.1893297652575434,2.187136996290836
20120614,-0.7294338443329962,-0.7295521131746108,-0.730639857622147,-0.7317636789267463,-0.7317671455032286,-0.7318864660778026
20120615,-0.9397877238844032,-1.295392171536401,-1.2963606677662425,-1.2973734756869186,-1.2973624301442082,-1.2970973837637274
20120618,0.33309090175143086,0.17878248743534986,-0.008159004716130402,-0.008617614701973086,-0.008629538323545072,-0.008954555735695036
20120619,-0.13258087446708045,-0.10528044815982553,-0.031162872250508206,-0.0310809623179909,-0.03107817769752562,-0.031002905223330962
20120620,-0.8858797593479664,-0.9568746412056321,-1.2847747309036348,-1.2849616514806608,-1.2849460847307659,-1.28454145515952
20120621,-0.2863316337436555,-0.024665015173890192,1.8168561402315182,1.8176069027096575,1.8176035853367547,1.8175351764003382
20120625,0.5978143187093853,0.5249309144294145,0.01321285103850145,0.012995818118097135,0.012989818312081791,0.01282661816523556
20120626,-1.1770066187516512,-1.142266081107641,-0.7815966276975426,-0.7814853418621566,-0.781475631551376,-0.7812175173854894
20120627,0.20180832960889322,0.33323008137352583,0.5236116271597595,0.5236612766091508,0.5236589221034764,0.5235982568223063
20120628,-0.22416628968336844,-0.5783236374756398,-0.7865010281479076,-0.7865547030329186,-0.7865516221151768,-0.7864719573256465
20120629,-0.039282159037542716,0.38789545670185943,0.16046862008829874,0.16042730550173318,0.16042542603592572,0.16037497142780854
20120702,-0.5189515277829515,0.3693005675544438,-0.904901066980514,-0.9050514903099666,-0.9050520912573872,-0.9050716631995308
20120703,0.3485188206485802,-1.4249993034001716,-1.7536887375273826,-1.877631251406854,-1.8776262430049295,-1.877495366430281
20120704,0.3246579543449409,-0.8296667334376935,-0.8155397911081135,-0.4305088037028895,-0.43050639057106027,-0.43044181380552693
20120705,0.66288279439768,0.11774830330865949,-0.5132112640811423,-1.5473785872547432,-1.54737665322504,-1.5473268218584342
20120706,-0.6357798315925218,-0.19309304031066743,0.14918278874863172,0.6792467846802867,1.1314206729694591,1.1313853645716034
20120709,-0.07895401732367788,0.04289517031578827,0.051278717415957936,0.040893100505624155,0.10305096898473756,0.10304385290534768
20120710,-0.16795659107287822,-0.03610209557096317,-0.008238075612416518,0.014742422299507202,0.2186265348726228,0.21861826464851772
20120711,-0.4842885928717596,-0.4523539529792762,-0.3396182079456959,-0.049760053935274766,0.6352725246573259,0.635267307818405
20120712,0.7567476485472138,0.6447669046071232,0.5280925916664427,-0.05091851781435658,-0.9215083297866913,-0.9214984857690766
20120713,-0.1759158446512902,-0.14250192090669578,-0.12538680439781358,-0.005984726793953029,0.20191459290598784,0.20191219224259643
20120716,-0.3963725321118786,-0.2062139986884467,-0.2068935201235701,0.1768766082688746,0.41596598586883693,0.41595529780495866
20120717,-2.5024318661816705,-3.2101199150114663,-2.9810948221631297,-0.8783417804063108,3.767495966866402,3.7674759243408253
20120718,0.12777472691543498,0.09596544621648356,0.20900054675874905,0.29302849824555166,-0.14041154123294589,-0.14041288799443788
20120719,0.22024540902144313,0.5712375933851306,0.8280559900692264,0.8550935552307422,-0.7280391289863083,-0.7280404693636531
20120720,-0.05545789348813776,-0.37980772218209885,-0.47382150138141044,-0.022418575200008506,1.2458304880869764,1.4528960766546297
20120723,0.29032415801186345,-0.3169799061537973,-0.40429435631299393,0.01937148036147618,1.2038594048176905,1.7007920512563568
20120724,0.6679598381628472,0.5760407521919984,0.6726460171424781,1.1340040659068797,1.5005167972766649,1.4284467833166148
20120725,0.5127664020725029,-0.16130888196227575,-1.5099102739514363,-1.4588714765764312,0.13276799563060673,1.501047609625845
20120726,1.8995661517255447,1.5446173660340536,1.2348571231502947,1.784654628476107,2.7947785927619195,3.1400479728096955
20120727,0.21827007872697532,0.22126097362697314,0.2757304189511602,0.33883016550045264,0.35259879046096054,0.30108736915963
20120730,2.748214596583549,2.0596261988495312,0.8250193541108513,1.063966473651413,2.751324452668184,4.015016805242041
20120731,-1.6798193627801727,-1.4057461933086217,-0.9466872431205838,-1.0840339542424726,-1.769533937960731,-2.242200888117352
20120801,-1.3292762391320005,-1.25421898561578,-1.2059238854417842,-1.3446569639336425,-1.5656495986881478,-1.6225341699121991
20120802,1.8819260817017314,1.7955785021884307,1.7354323085992045,1.88904379202505,2.1413083210921804,2.2110479706867054
20120803,-0.000828153203254689,-0.06859621982648345,-0.24034347904855968,-0.2824477786946321,-0.13797035430895543,0.03348371331183475
20120806,-2.8668762418136335,-2.6403690428009052,-2.2182573995852963,-2.2759671578839233,-2.8241420598439415,-3.2548165952234465
20120807,-0.7315163989903313,-1.0026059600302477,-0.7335739602640353,-0.7191227573994716,-1.0071314383683911,-1.2786703593787854
20120808,0.26902926376079855,0.4585409106470806,0.3324493161740736,0.3338141695610378,0.4785480157622425,0.6062832565979371
20120809,-0.9373868854211861,-2.4038698547007993,-2.6087756396839983,-2.680130395910063,-2.573043238370966,-2.9662492838044487
20120810,0.08643279319111011,0.49819855629200815,0.4776291143216492,0.49059130499478804,0.5252204638688902,0.4835065477992797
20120813,-0.24341214049160662,1.1646676299223047,1.3057435875638532,1.3359752310425164,1.2398263453003588,1.5126504880140295
20120814,0.2500149370885491,1.05098438139928,0.8952280953889733,0.9119362201477348,1.0848165739858042,0.8869039182912375
20120815,-0.6484682221509239,-3.4531056576670447,-3.8402410055535863,-3.8997685995458875,-3.590245540170712,-4.07489858395321
20120816,0.037004571871073644,0.12509091552873983,0.154931307169814,0.15677501653506332,0.1702090042261099,0.15562442000358526
20120817,-0.16059419753431226,0.3130616105665756,0.8286784770529533,0.8387123912254177,0.8036862588470706,0.8633349485522118
20120820,0.4566826597382334,0.2659779916773578,-0.12688185952711464,-0.13102824869049312,-0.02169606470532842,-0.16829503838472532
20120821,0.7466692353975706,0.4255883525455208,-0.4306039522655272,-0.4374951664356991,-0.3337773555494783,-0.47715755614121663
20120822,-0.1133596618200754,0.15101748008093857,0.7974515422440351,1.084923613332219,1.1365958292556049,1.0782095399747096
20120823,-0.9483992990677422,-0.6281730390942353,0.5791655353761855,0.9033169559514261,0.8657111032847808,0.9239635174551357
20120824,-1.0048203913798086,-0.8656471233487357,-0.33111795626442203,-0.20739288121115884,-0.2952061218733837,-0.17789130896985594
20120827,-0.4516621365626406,-0.8380286469695308,-1.0668110483898396,-1.1491961957547412,-1.2174528302996581,-1.1315408867567731
20120828,0.2785264007310237,0.6804111357000655,1.5855718224789848,1.7482598908346363,1.767771904983282,1.8436881323203536
20120829,0.1014168203490321,0.8650186407556906,1.0307450066758577,0.8447291192771149,0.8813500775043652,1.0777375395016962
20120830,-0.7412469553526588,-0.1527311643854996,-0.7405291828502109,-1.0637060410754582,-1.0430638726423278,-0.90841436636445
20120831,-0.0435268586284752,-0.16325171089516013,-0.1852638933816071,-0.16707599312445648,-0.17094171557094243,-0.1915135962156867
20120903,0.2240085332383764,1.0546555082724405,1.0231724796361792,0.8351153105949306,0.8623695877500495,1.0139698246441975
20120904,0.14983049029070022,-0.40480618740383156,-0.2120697490856024,-0.028825256115978526,-0.04742798688040484,-0.15692562499459906
20120905,0.46020880579228685,0.6621185034072168,0.7177420923164993,0.6932833412307382,0.699759086613551,0.7335612664853924
20120906,-0.26374220553193195,-0.3230603241524322,-0.35461821342590005,-0.3525435127527342,-0.354410138444307,-0.36360773201477553
20120907,0.062465205522973466,0.12706310157271866,0.10879363587613597,0.0888547786437957,0.0910115721755918,0.10356336223898083
20120910,-0.7777030733913559,-0.7407568209527637,-0.8576800677535485,-0.9048465373100701,-0.9033620979654444,-0.891054239157143
20120911,-0.3859132847385738,-0.46112896923289887,-0.46494792315562267,-0.47921727734298875,-0.48166945630427216,-0.49507567848606676
20120912,-0.14328912022067675,-0.16201774974525918,-0.17522406225579515,-0.3175706302760337,-0.3181523437348441,-0.32090012537156076
20120913,-0.7630251881098832,-1.5704666352284893,-1.5089297700949509,-0.8770103350235373,-0.35667779716556636,-0.387043811563448
20120914,-0.07843120090596953,0.1616624127195029,0.11931199773331497,-0.09869079572137507,-0.4790557672164766,-0.46979004170546446
20120917,-0.05874160923277081,0.31085999866088465,0.7138927091682556,1.0679821031910877,1.154736040201617,1.1683469156336583
20120918,0.4510337566175741,1.216871730088443,2.042900583327249,2.643808810659703,2.456391461416705,2.48471975232629
20120919,-0.5064693667778604,-0.6368232612864393,-0.7659827164402977,-0.7009784153089003,0.291235892765079,0.2862557629606618
20120920,0.16686612934575248,0.4451546942874719,0.2469049705351643,0.18272056568226355,-0.3793079260496215,-0.3776739410019619
20120921,-1.1730204058118727,-1.9860820659123786,-1.5169474654149497,-1.3958239179316227,0.9325746746265657,0.9258969499727774
20120924,-1.4927722728162773,-2.3398123489523917,-2.0997360609971167,-2.123543670437041,-0.12775632680517068,-0.13901360338024782
20120925,0.0817314905365416,0.04968634950210542,0.12277334188288458,0.2153265022631543,0.40148871116227486,0.40216974400323047
20120926,-0.10843097618499631,-0.20392736780991882,-0.307372241748454,-1.0203040817505478,-1.0209385461425808,-1.0244648191465484
20120927,-0.10480395343341559,-0.11967308422332253,-0.28049758995608964,-0.9270264793889467,-1.1773288954327512,-1.1803807524506211
20120928,-0.27453645591522474,-0.2017371380885408,-0.11867253471154801,0.44037745037669074,0.4481328276567917,0.4508937342648824
20121008,-0.5883706895711249,-0.5013108861846547,-0.5515646027993092,-0.4365547032506383,-0.6859068012597759,-0.6851921270043494
20121009,-1.276690079060531,-1.1499446361388692,-1.157911417441888,-0.7492241615313755,-0.5192680084193197,-0.517100051795458
20121010,-0.116031616467869,-0.2465186946879121,-0.27812640357710283,-0.32984564129193095,-0.46474973226526606,-0.46495303985530845
20121011,-0.07779981152993166,-0.10190577648742882,-0.6132109226417477,-0.8971257426282027,-1.3164700061861718,-1.3178017678542353
20121012,-0.029876780423638033,0.14708353308990327,0.16183768931625592,0.295073605191566,0.34675751201296284,0.3467575119783272
20121015,0.14404932551164912,-0.05543138278614658,-0.27090189745105364,-0.4371182009208466,-0.5069507412042673,-0.5392128635776333
20121016,-0.3346986700967153,-0.6672836248684068,-0.5515932742525971,-0.6614214407564747,-0.5502223792958457,0.42252300867442333
20121017,0.378832661416704,-0.04986978043648854,-0.4811047615234771,-0.6366598481420306,-1.0297202131685004,-0.38220933315752414
20121018,-0.3707777277994989,-0.4544122331686681,-0.5691085429072036,0.39853778555858765,0.8174285943908679,1.930728688334534
20121019,-0.8758004482647703,-0.5654721195806549,-0.2465042305189616,-0.35611767011698725,-0.1819355120319418,-0.8704183529027882
20121022,0.8167556049965007,0.6447782954070649,0.47437567431840394,-0.026510680804657072,-0.22618995329609073,-0.05008305594698054
20121023,-1.0118401376622415,-0.8528719559343585,-0.6905068597768602,-0.4712387839155542,-0.36533389263975113,-0.6847975847860672
20121024,-0.14345741815619514,-0.06993501797463153,-0.059679717193546394,-0.21260868779946898,-0.32709864201558714,-0.4453188590240353
20121025,0.030784670294531934,0.08281883718003603,0.07507177133561196,0.0753284486076538,0.04929669517384366,0.07084069292454927
20121026,0.053524393883483845,-1.54218037186733,-1.427495928042912,-0.9636943399816232,0.7671706976479962,0.7231259300212387
20121029,-0.008034871170012614,-0.19450856733262098,0.01642593731205763,-0.36062121869341834,-0.7607782823933349,-0.8473767314903133
20121030,-0.6299363726975366,0.44589835651357507,0.1115519978244949,0.31848272894311536,-0.16311087190438078,0.3273037883568424
20121031,0.27837910442438185,-0.3153893241712884,-0.1353679723573509,-0.39341590813633265,-0.4464203357728198,-0.7406436253886567
20121101,-0.4393209326629225,0.24564779625967148,0.16177090759686827,0.076060756146463,-0.22634249864094463,0.03187973472995981
20121102,0.7407636102318651,-0.919402775802753,-0.5759553292618593,-0.23369863156275977,0.3462192905376853,0.5285912834512203
20121105,0.05686406532617405,0.1948822760570862,0.467097934205167,0.09670183634495116,-0.5949897237889217,-1.2005930859357339
20121106,-1.3945102405183882,-0.1577644705383181,-0.3620783345918615,-0.4056231416988296,-0.812980945489199,-0.488225929114841
20121107,0.2062340648688536,-0.08508776284363581,0.005640917155740069,-0.008763451987859688,0.007925899385638625,-0.10274362412082144
20121108,-0.051326858404788844,-0.11194970290950695,-0.23163704571660187,-0.10907424827008153,0.05167698218523848,-0.01894119579321303
20121109,0.1687360245511004,0.12092355536876481,0.021994536591955452,0.19693703667567866,0.16440121668178231,-0.09824856908721397
20121112,-0.4543020133610215,-0.4962865884812817,-0.5750117528563689,-0.562047950259934,-0.30434767929251405,0.33265803539832034
20121113,-0.03184559566170912,-0.029982866075008646,-0.02601566947566957,-0.03478280260326265,-0.029543340400814928,-0.010685203021888549
20121114,-0.2268726237208057,-0.025014116146967025,2.8099286086580904,0.08776436110018115,-0.7118243773991308,-2.532643099759749
20121115,-0.2945651099714128,-0.5600611865292012,-0.9303772509160018,-0.6141164663843678,-0.4592366929911162,-0.051603469545706104
20121116,-0.20502990452131345,-0.1463812373178771,-0.586705022234216,-0.15347082437074921,-0.04265159062911486,0.19513668649909613
20121119,0.07094273186046918,0.23202144042380543,0.45355002219942636,0.5645009057011272,0.4714077174622917,-0.07373022651594995
20121120,0.30049673384940595,0.3281246696329835,0.555469853051518,0.3652246464369494,0.29666156840815777,0.11109901632854198
20121121,0.012719810673068389,0.013195173410009843,0.020093400283151132,0.01351921806617836,0.011509948438376832,0.006865120380798274
20121122,-0.2876896191742664,-0.3802742620469063,-0.3290920992634576,-0.590162329088738,-0.586240044200135,-0.35969882363809824
20121123,-0.2738209092045906,-0.32329634210400493,-0.3776803524282916,-0.4268550115070434,-0.4020553683812065,-0.24125671449270597
20121126,-0.009872838362941956,-0.01542381656593477,-0.01855714696036896,-0.027355132663773297,-0.025397227511490733,-0.008799378935182607
20121127,-0.6443326637334739,-0.661091330308247,-0.7776309634566549,-0.685843882256559,-0.6501890305097175,-0.5480170761796538
20121128,-0.6423057298172672,-0.7145669455193484,-0.756342650597754,-0.6061759443987609,-0.6037961187141057,-0.7113416476495091
20121129,-0.16876048136659355,-0.6893735639023477,-0.44988660698246863,-0.36149357645067365,-0.35489740194217423,-0.3926955048254258
20121130,-0.043951659171396984,0.9448430425881817,1.7325948210082067,1.6065782693067783,1.568063786200383,1.4790298659736296
20121203,-0.1552633855051717,0.8491227039701486,1.0080813582003323,0.8505028902661185,0.8297377908557371,0.8529047940163805
20121204,-0.06336928756788762,-0.36358589668274743,-0.24358378152170934,-0.18875633154096189,-0.18734516697504922,-0.22394890062519576
20121205,-0.034590778162230336,-0.09006481200478171,-0.10746720606765786,-0.09916157888860735,-0.09776783128471281,-0.09751966892139699
20121206,0.17368346092325215,0.28660228570997154,0.35463537347119184,0.33923313681630357,0.33546256691327075,0.3291798572225283
20121207,-0.40267288120405814,-0.4240683437004533,-0.5128558043410633,-0.5134380472763513,-0.5105508401489971,-0.4959136792056706
20121210,0.28124512569990334,0.7218747056346927,0.6624574457866219,-0.7271262935642189,0.5819575970769214,-0.6994929087014563
20121211,0.00425669810643225,-0.2528141875157851,0.030561507110796325,1.6492394503697527,0.08187775541558609,1.5819331761799047
20121212,-0.40376254702071734,-0.3549476053359754,-0.4637570855051268,-0.9497998848906917,-0.47446370796427234,-0.9257002927912741
20121213,-0.22396279866619564,-0.22281184266995313,-0.2700435430963445,-0.5815148720974692,-0.27107742868125356,-0.41684724762329994
20121214,0.543709413927854,0.6087782783946919,0.5950627197930437,0.16290046141903608,0.5830886586350208,0.3789046579234721
20121217,2.708072844602037,2.908522314155541,2.897028708794968,1.764600381989617,2.8606798457734777,2.324729962280715
20121218,-0.6372079383950982,-0.6746501687468378,-0.6610712537405827,-0.3756251135336466,-0.6540815943069067,-0.5193850296674707
20121219,-0.28896803158613016,-0.3053233666271299,-0.27918480190982364,-0.023840437264953968,-0.2757780848006117,-0.15580719548057767
20121220,-0.7169610120457474,-0.74440541579182,-0.7078364048021151,-0.3265139257921418,-0.7022474726522882,-0.5229952354904095
20121221,-0.37047611646778256,-0.3672105792987197,-0.36476814947241526,-0.379314938611157,-0.3635172926593314,-0.3700873063687287
20121224,0.195623489524345,0.23132682092622642,0.24198289097126627,0.22869901626049632,0.2411976796380874,0.234845035952659
20121225,-1.230342951967276,-1.1029594237136535,-1.0980854937552413,-1.1272795052567917,-1.0955687861503804,-1.1087530094725313
20121226,0.80435925551427,1.7306346476414192,1.7761373709090758,1.7223984366670884,1.7724131148999442,1.746613643676503
20121227,0.3467581261270473,0.004042037357488815,-0.01946747322796477,0.02224668936293145,-0.01927855949454077,0.00025307419805070674
20121228,1.052666005269517,-1.1845859012200481,-1.2817932546349842,-1.1211039105616147,-1.2795453833336974,-1.204028119695858
20121231,1.053849865081346,-0.5246296186423522,-0.5932511896494677,-0.47974069800117286,-0.5916736912002549,-0.5383304160294204
20130104,-0.3847713197196381,0.7487362887272919,0.7960691340956765,0.7216632542923096,0.7944971421435558,0.7594322155171613
20130107,0.9758261910237438,2.9807249212253275,3.0601183472344218,2.9443258434046378,3.0563605412955686,3.0015513337440147
20130108,1.1861120288470046,1.3254148367025418,1.328881551493923,1.3283269815701093,1.328157488168857,1.3277656703188179
20130109,-1.588248345517598,-1.5200922746172236,-1.5145923153340064,-1.5287654968289572,-1.5140873793944674,-1.520619387717794
20130110,0.31832495831048596,0.3679075749958262,0.3695852907418405,0.3677659617193108,0.3694278148462305,0.3685486255802844
20130111,-1.8134861839968486,-1.7136570648794618,-1.7071795917842847,-1.722170675001885,-1.7067965280270927,-1.7137331415678343
20130114,0.06330252961447624,0.16803815290720076,0.17619241450929557,0.1624678390450377,0.17603434275277396,0.16959057952646023
20130115,-0.2899815691715566,-0.8927612289084698,-0.8920945755225819,-0.8947338377406017,-0.8919187613334798,-0.8931201411707943
20130116,0.9627434131246843,1.3812206316739015,1.4564911617479386,1.4342662742755166,1.4560959941552523,1.4456357941945805
20130117,0.11931096315949169,-0.2839667238873494,-0.8586096175566791,-0.8597418297456312,-0.8584848003936958,-0.8589911312800304
20130118,0.3226119780547909,0.5399938036390761,0.7405619712979394,0.8790882121612461,0.8840775253924458,0.8816594379252967
20130121,-0.469431820408848,-1.1526297392439837,-2.5382989228486696,-3.059143438143421,-3.069303495377601,-3.0643253583428383
20130122,0.3101434417604678,0.32650880431663565,0.2941639917554203,0.27917179257437086,0.26326403897475925,0.26230235066518615
20130123,3.0284698467633944,2.8819929519710095,2.0673821139970467,1.7388039934674882,0.7757768782810963,0.7701917124306428
20130124,0.3756513013734462,0.4924049891277309,0.6868721729898589,0.7581374656329354,0.9895121614025562,0.9881172564088321
20130125,1.2679301637975386,1.2304352950901711,1.019759613046496,0.93474836299115,0.6856960681308827,0.4872378664888872
20130128,1.636140901716962,1.391066809679878,0.7531783135562284,0.5073184829717708,-0.24914317243939277,-0.8403359541227635
20130129,4.9839533037120445,5.192792780808276,5.276234175119792,5.292887675077453,5.395031984009087,5.4593250822501345
20130130,-1.7860038263461113,-1.7556972964073623,-1.5922476338117655,-1.5263996185082087,-1.3331540471235863,-1.179272886009495
20130131,-1.7675587588747608,-1.676765881461595,-1.4132378363917948,-1.3107498845076606,-0.9984250162506653,-0.7534170748921685
20130201,-1.7053399461182752,-1.9515776433085703,-1.8375227354109491,-1.7912325682719004,-1.6564564357925253,-1.548791217074687
20130204,0.6650895890680376,0.8171124495214641,0.7872674745075138,0.774832834453046,0.7396319454454158,0.6276333382658791
20130205,-0.1674746479635191,0.40622763658081207,0.33831603033740976,0.3124345744870738,0.23183886397678233,-0.27901467665168134
20130206,-1.178051504718628,-1.593851043358174,-1.5648040984936653,-1.5522264464369406,-1.5180646941381766,-1.2933401788963974
20130207,-1.924051338386823,-0.2486110822170846,-0.36779672537848884,-0.4118501674829509,-0.5535783598781256,-1.444481751773225
20130208,-0.23498330921912736,-0.3090523490684045,-0.4733277760345592,-0.47443507908758686,-0.47925417227343037,-0.5075564062000743
20130218,0.24955983295102221,0.9441888508729568,1.376518427930943,1.366150399881195,1.3360428580306163,1.1416415049043247
20130219,-0.18096692609063653,-0.350766787471194,0.9150660221759385,0.9237971960132345,0.9536421632610015,1.1384674967827335
20130220,0.16180795066552725,0.05281222390705584,-0.2729823490006024,-0.27518378931178245,-0.2827245591501337,-0.32939985834701035
20130221,-0.2682181335147229,-1.4273380352545098,-1.9477244786699714,-1.9384862659855897,-1.9113350535118026,-1.7365919206184368
20130222,-0.9581090457091885,-1.5750553092373887,-1.125060013844092,-1.1128403473676718,-1.074623338628855,-0.8326552529603175
20130225,0.4177229619756435,0.3775876701261536,-0.03470532421811123,-0.03813180141143502,-0.04925307571777282,-0.32171952547710553
20130226,0.4151907297181945,0.8886578448362396,1.3237592836878762,1.3132396877919918,1.2802301179871916,0.4649230312008328
20130227,-0.25907623365446314,-0.37038883476893913,-0.46248279615600785,-0.3749238782635661,-0.36677186266026096,-0.16548671547769478
20130228,-0.9816113853808123,-0.9273868876852998,-0.5271516747755064,0.10699406621922569,0.11666216136967811,0.35331144958288696
20130301,0.07402667735402457,0.0538111010024477,-0.30715093118311076,-0.41860418254077164,-0.41683878158318766,-0.3724558926031829
20130304,-0.9236249643350443,-0.8592784883598834,1.4792197606857433,2.6736000773394073,2.6654565753353405,2.4600091799962716
20130305,-0.1286468052969852,-0.3114975212119654,-1.208390486945225,-1.1673505014291685,-1.160107657478504,-0.9804962860284224
20130306,-0.037067269671944104,-0.011047892545261662,0.44296332453418297,0.7780549566685566,0.7761216244067778,0.7276130724244083
20130307,-0.25853737684616795,-0.16975747946815606,0.4916859245034706,0.6722704184329613,0.6689651490131157,0.5871318286514404
20130308,0.3263454542700296,0.20753480292734877,-0.34762686355663397,-0.3773508045651831,-0.3736520620662307,-0.28255938402995107
20130311,-0.3172433332408338,-0.3011230983273043,-0.5002971129760552,-0.6891358402751204,-0.6890350193742825,-0.6860721371482519
20130312,-0.4226633798862266,-0.3848073374518763,-0.20854097197510313,0.16244136317077884,0.16126421702820076,0.13227453399791023
20130313,1.0194645418303243,1.1696060875774885,1.2025431543072078,0.8649088879206912,0.8658950419788003,0.8897102440162803
20130314,-0.2557946314752856,-0.5083826063721449,-0.20552875648005425,0.9548017134937702,0.9534328671960686,0.919466952218243
20130315,0.419812608516059,0.5474274195891141,0.4438206090785733,-0.11741883901095818,-0.1166872411586043,-0.09868561110905272
20130318,-1.30143766411934,-1.1756235288096204,-1.458831484793501,-2.3405580139163984,-2.3399833991274575,-2.325318227723607
20130319,0.20020518866602416,0.3040856343803011,0.2559498744521531,-0.06725080930381044,-0.1985395558189344,-0.1919106869077985
20130320,0.6949045752394293,0.8611690448610572,0.6618173744351874,-0.46317705842022083,-1.4524678550354657,-1.4301100019298003
20130321,0.002771991055577532,0.334263262677492,0.3481759962058283,0.34911000890757193,0.33620330770412393,0.33649420396273094
20130322,-0.4477477235515687,-0.9218330241566192,-0.8608395820793809,-0.45330483082747036,-0.0837223641100498,-0.0920742355461227
20130325,-0.12480121545193246,-0.35481821040159767,-0.3404585491460743,-0.23634173980647982,-0.1406997522474224,-0.1428610135480081
20130326,-1.2386177681256787,0.3410213436547497,0.4213296078403733,0.7469314671703777,1.0106779550625957,1.0047160107937765
20130327,-0.08357382680027164,-0.3560914386749544,-0.34552858288453286,-0.27439690917378967,-0.09479450781147718,-0.09625412379460355
20130328,-0.09201648349819537,-0.5735728698850384,-0.8647451307026424,-0.7036791705320007,0.014826640294291593,0.01156293289053481
20130329,0.22694428821387103,0.45443797201889335,0.22531249687246824,0.36768903725894875,0.9588280967830304,0.9561424130014081
20130401,0.26963330122284584,-0.14979291255511923,-0.44427588925801526,-0.27963582691327105,0.4499093272741368,0.446595417167564
20130402,-0.047150102250056565,-0.09095105260376822,-0.09168363852115152,-0.0923762647781592,-0.09237634206473341,-0.09237630511092322
20130403,-0.6843566416295158,-0.7564592261263055,-0.6498511258444541,-0.715226545286618,-0.9888408141697044,-0.9875977479326197
20130408,-0.6320287444647967,-0.21798006277872944,0.2957192372291363,0.20392332633522647,-0.21497535859253747,-0.21307268406281799
20130409,0.18120024113351202,0.06684754588709954,-0.07605375089175828,-0.052406315545046905,0.05602364238430657,0.05553115001353287
20130410,0.08270028169534016,0.3520951756300642,0.7055773960348108,0.6778129116247107,0.5414032734135491,0.5420227454918872
20130411,-0.29198560296711007,-0.2443502174674156,-0.4560521557574906,-0.43819357551942384,-0.35122035133744695,-0.35161532790315747
20130412,-0.23480987141533805,0.120969230786512,0.005883970952389794,0.023989693403932533,0.10728741112197021,0.10690907340233463
20130415,-0.37536443953869236,-0.9523568208734587,-1.0811521746101374,-1.0856625114969767,-1.0986950214019435,-1.0986357391667907
20130416,0.01859188374753149,0.32935361919611356,0.3093631022645642,0.2947270076603503,0.32935533201027584,0.3291980335543187
20130417,0.014225952004079688,0.2172496438466284,0.23202883303558375,0.4010606017174624,0.4141688289521436,0.414109271602355
20130418,-0.18965235177382875,-0.6650037977832289,-0.6689814073735447,-0.9991145461811928,-1.0402728095497635,-1.0400858322279203
20130419,2.032725982381877,2.7864447491353417,2.5704943727338074,-1.9616071148308627,-1.8828832477015311,-1.883240746289649
20130422,0.6898217559703834,3.4278801655162985,3.410828234258609,4.403504079798572,4.543273731206241,4.5426387919895515
20130423,1.058553080511812,2.1354557570975135,2.0998940162852824,1.833968269761624,1.8944384111768453,1.8941637271891658
20130424,0.5415002123680213,0.509781537940604,0.4883448009836336,-0.015260382053325555,-0.012757740967092285,-0.012769097089617487
20130425,0.5580296496791151,0.5941778756494027,0.5785458741897326,0.24119754034320878,0.24597813326915113,0.2459564252971861
20130426,-2.8747854557520918,-3.8245636742676457,-3.782376292379621,-3.3016428137408353,-3.3570367929752907,-3.3567851731216694
20130502,1.0227561629688067,1.2329105650465688,1.21954518474814,1.0214899014353394,1.0345146863819434,1.0344555250930902
20130503,-1.0166339125920507,-0.8747968962498585,-0.8570727207461055,-0.3823931371682198,-0.3786979040868736,-0.3787147015998527
20130506,-1.8998846959402074,-2.54911470800422,-2.53060226105456,-2.2668235658036404,-2.2859073864017794,-2.285820703063269
20130507,-0.1665620299095398,-0.3394556270168083,-0.33782310309259966,-0.32478170196300576,-0.3274752544078448,-0.3274630190477339
20130508,-0.03538296170604658,-0.287203740917894,-0.28515241121457496,-0.24060476637862116,-0.24120454840323646,-0.241201824935369
20130509,0.1828435765427483,0.20423622428738908,-0.1384538695281774,0.017930876716841904,0.02299889925029064,0.36992707175764294
20130510,0.4908670692208702,-0.9644517218074156,-1.4041304772127463,-1.2039149346395668,-1.2067405193803102,-0.7577761627796193
20130513,-0.5130808517368866,-0.2746821155042183,0.08428660980191921,-0.07936316121284337,-0.08111754065988513,-0.44599195094835153
20130514,-0.1377537388188184,0.17969556110463478,0.2881187956109372,0.28338408256728603,0.28445736032662694,0.27332145542009106
20130515,-0.8237043005139593,0.4171623780823838,1.3084521551754762,1.2890298203359118,1.2932104856765736,1.247644177017664
20130516,-0.182291729177184,-0.10852979833571966,-0.07189414904556539,0.008213060526770823,-0.08858768382595655,-0.12589991816227003
20130517,0.17652623997231612,0.3278945982775069,0.15602806410820516,0.03797347474412452,0.18100952986856234,0.41417981615258703
20130520,0.5137425776765941,0.9886862356337495,0.9527219841855693,0.7923210598525772,0.9879121418377919,1.305157629180382
20130521,-0.20640129479895789,-0.26483641227548077,-0.18217786242616568,-0.1297974696480145,-0.1932216106809106,-0.2966642677797406
20130522,-0.34395254213839044,-0.40439876952352316,-0.29443516124275765,-0.23004526209495965,-0.30795819906017646,-0.43509918848797635
20130523,0.8274149449839032,1.181988677640636,1.5430292162594679,1.5610028920803063,1.5413410088727164,1.5065813886825699
20130524,-0.015403715735781491,0.030529366745715582,0.017323073643461848,0.012513834205325678,-0.008404297014312044,0.027786600790072884
20130527,0.09919097999426345,0.05146030468171609,0.07457225968370265,0.0785200104347401,0.12258328828619727,0.06608772309208741
20130528,-1.053663274471036,-0.5376044336734496,-0.7015955709070644,-0.7274561134729947,-1.2367976769400064,-0.6461232606673994
20130529,1.4985239049759262,0.9432869020049411,1.1451979393866134,1.1742534880733078,1.7462153495418857,1.0830227428171688
20130530,-0.2175593718616978,-0.647320563172165,-0.8415041075184695,-0.6297521143407037,-0.3316484894248034,-0.6778880156392266
20130531,-0.0030491756251321694,0.19035434596334813,0.3884847416286408,0.17632767201025978,0.0366832560605834,0.19884348353848547
20130603,-0.3582546003660418,-0.019859268530718555,0.606299048385927,-0.058387940260869534,-0.31526788255779925,-0.017042102090172543
20130604,-0.256182059303806,0.015029485017714783,0.5224904118440171,-0.02013496560008518,-0.22985874795892536,0.013599732187879465
20130605,-1.0193830503565409,-1.0324351081448628,-1.0141030874849468,-1.0633540938571546,-1.082514223229421,-1.060430293651644
20130606,0.4818415349374615,0.82525309296964,0.7684783498407894,0.8490207384431852,0.880233651755037,0.8441058515460884
20130607,-0.5512413485476291,-0.8348163872914323,-0.6978228497409327,-0.8626266965898958,-0.9264001431922395,-0.8524662627725915
20130613,1.4980870361139744,2.7303437080981237,3.333201563533617,2.713805545493374,2.4745161851480013,2.752430583329562
20130614,-0.800253022585812,-1.1708247861584395,-1.3850233348748877,-1.1634234534861196,-1.077806775875363,-1.1772348498374947
20130617,-3.052851714144861,-5.858065317433335,-6.503044365779093,-5.848719596824434,-5.595972860702073,-5.889563233199181
20130618,0.6570297067788781,1.0294860663298815,1.2585604197695377,1.018461765743246,1.041960665687657,1.1496873693371397
20130619,0.07742690596541169,0.10394608807704454,0.1375940743236933,0.10090682207592819,0.005318755686208293,0.021778820808667027
20130620,-0.15293796425752693,-0.7320358784280272,-0.8612092093681012,-0.721236672103417,-0.2667405745366339,-0.32954089524057245
20130621,-0.2963159854820094,0.09012721591035436,0.11614067146603288,0.3891064669908855,0.7110782797454144,0.7221273626146945
20130624,-0.27449217343633436,0.1877221095115416,0.22414560054492033,0.7976746164108683,0.37512017363878636,0.029934579773249148
20130625,0.581873302682749,0.4312032870732211,0.16004464031272198,-0.2773540550303281,-0.843032778189497,-0.9296500130253793
20130626,0.008959817988351326,0.15018158167648382,0.18340343617773017,0.36461437439576455,0.3147203058980355,0.22622296260552507
20130627,-0.13620285000431154,-0.04949425328442433,0.003987943906841929,0.1495057795870548,0.3609789188111419,0.3320522816227931
20130628,-1.037806487879501,-1.2863271652362473,-1.2549635919152826,-1.4808477188896632,-0.6157689326409518,-0.39104234805670235
20130701,0.39640867243849326,0.6204733137587181,0.5089208711838016,-0.047092853088375665,-0.8867705595494773,-0.8867705320537179
20130702,0.21777371595152456,0.3614359198498192,0.3283985525934689,0.44010834980727886,0.08009511027715832,-0.1301516937024707
20130703,-0.253743267030456,-0.2620767124743797,-0.11983653919255982,0.20692125057574834,0.3547479492115357,0.5347948087016747
20130704,-1.979495209562899,-2.3177699641889253,-2.0647039850906035,-1.0376462363535335,0.3015083222184775,2.965527216298377
20130705,-0.14584318581615296,-0.19352757480617028,-0.2620670966267252,-0.3482759562257354,-0.24749587500835202,-0.06541718951066094
20130708,-0.23144176713445763,-0.26761326619385284,-0.18321000766807893,0.1328910663341375,0.515676358607721,1.2796980380301377
20130709,-0.24689551127553716,-0.7204916698936341,-1.0276679057420581,-1.703407301651294,-1.950422048099217,-2.4965595787085872
20130710,0.14160898647654843,-0.7063832160655037,-1.1101771500826156,-1.8216577569830994,-1.7194826751963457,-1.6051387059969147
20130711,-0.42173424605617593,-0.007349463868858028,0.17350521201817967,0.4650498316406206,0.3538077909843207,0.174935576405239
20130712,0.6201990554426278,0.4685953616442922,0.43904291951187224,0.45719746219287166,0.6342331151019931,0.9731740662830675
20130715,-0.07125326168368008,-0.07711067433867588,-0.08649241661877105,-0.11388114079494963,-0.13772400521379125,-0.1861800173892439
20130716,0.2742037667321041,0.3996530948988126,0.49822854120680793,0.7358872295660518,0.8653971815647372,1.1386076372386922
20130717,-0.04173774014221716,-0.040441663772842175,-0.04108692615746261,-0.044303124147610624,-0.04916014409874102,-0.05876506894236711
20130718,-0.7333170226248147,-0.6936839826934711,-0.6865747026952651,-0.6934223388872077,-0.7419994918859866,-0.8352122338778364
20130719,0.12946136065082722,0.01219698111557127,0.028024489431549893,0.06371388041718784,0.0785453984262667,0.1107873411106994
20130722,-1.6793819745544485,-1.7959021376871318,-1.8005773497039657,-1.8450608003239524,-1.9313921843984767,-2.01668375285555
20130723,0.16718150137483875,0.40054047887961747,0.48308582293683205,0.4820117168800854,0.4960489680473549,0.3677270158113074
20130724,0.23870427280217238,-0.3826938447185565,-0.6251573323765397,-0.5952207963673357,-0.5970248229692019,-0.1319961844618531
20130725,0.11400914358282425,-0.3418906178568609,-0.4148541375823771,-0.4110778823410879,-0.4193239987500163,-0.2965981038079224
20130726,-1.412323795416499,0.7338559325663597,1.2214535796016754,1.1739929719484663,1.1963801399602318,0.30311904240191523
20130729,-0.3925889470810889,0.18554995579223094,0.45235514498233204,0.4194142820004844,0.42140103966677483,-0.0903097252805041
20130730,0.5707845895248032,-1.4325012195305484,-1.5545013324983077,-1.5510095734467833,-1.5689528374483763,-1.3730314803143013
20130731,-0.36864334280425193,-0.20242491286486575,-0.32398836074512216,-0.30631932257590927,-0.14779988428120006,0.09410067955011725
20130801,1.0111781152721482,-0.33365983956601836,-0.8487174017244947,-0.8609172494790449,-1.316625023066333,-1.3941683846979087
20130802,-0.3887398318755422,-0.10213505455120767,0.008035436676000374,0.012083409275815027,0.11835791048993297,0.15569858423498031
20130805,0.49909109504709065,0.10079413512653346,-0.05145066695777895,-0.05399478205649024,-0.18220017114950662,-0.18979797277475188
20130806,-0.1969861980615406,-0.07901087162390734,-0.03391605034304171,-0.0331624849396672,0.004811876281490974,0.007062340676512908
20130807,-0.04150646969481664,0.37377438188354767,0.5309305418004339,0.5279200952674122,0.62578205339376,0.5522976887005678
20130808,1.2068593751307624,0.779520953049432,0.6161753590841375,0.613445742136789,0.47589237319252126,-0.06926818364603358
20130809,-0.05515062513560537,-0.1683355830631568,-0.21114427740683656,-0.21023679122120645,-0.23635903860342325,-0.3163745425526605
20130812,3.124480653710169,2.7039556111443783,2.54228496718362,2.5362689070255806,2.3798516299286776,1.7119046609360704
20130813,-0.6568771510298494,-0.8179631412003749,-0.8786205932403833,-0.87636767411239,-0.9074658655851513,-0.9833863655489203
20130814,-1.239619655070916,-1.3637371225170276,-1.32121750871897,-1.3193245381361267,-1.2762857829855054,-1.0885790784571454
20130815,1.359116723858238,1.6825262106212673,1.6500496963960702,2.139015307146278,2.0991166502412066,1.9112601942718577
20130816,0.5960865599312009,0.320152345277715,0.2825841210641219,0.0690114619593325,0.04283480086144331,-0.047978280480252655
20130819,-1.8508571166021637,-1.8453454330364414,-1.793141011921292,-1.8502125894075971,-1.8047656461792159,-1.6211284394753138
20130820,-0.26975282463168704,-0.2892059837924513,-0.31054231155377193,-0.3262293614917402,-0.3205892633308588,-0.29727708349895615
20130821,-0.9009260806295796,-0.502616705865635,-0.21392331222389283,0.2720019528638008,0.2833871838262997,0.31909689311073886
20130822,-1.031396133816529,-1.4560991624476056,-1.3735271686979034,-1.273441655611067,-1.251449605245425,-1.1662204921110915
20130823,-0.3318930898982644,-0.6240631138592756,-0.9377269962727763,-1.0735492853166466,-1.0651826872419732,-1.0293881446206257
20130826,-0.4168932112848194,-0.22430058848862044,0.2723138380130743,-0.43950528722136495,-0.4714975456993722,-0.5845084214582976
20130827,-0.07139540783386619,-0.05226797186152948,-0.08074039329972946,0.06363982361089082,0.06756871711877549,0.08034334889157568
20130828,0.04259852791208146,0.0904323940740812,0.13913876392269572,0.1686920783190815,0.16756404991515955,0.16252018838703183
20130829,-0.05106276802811292,0.0438227889056815,0.13100363326725625,0.21571296204451842,0.21433724832460488,0.207242710080387
20130830,-0.613270015147634,-0.7465750285040683,-0.9085527648825935,-0.9183645557405962,-0.9441155475461461,-0.921964094936622
20130902,0.017800454278176878,-0.015589169142954495,-0.1285934688199814,-0.14480643561013248,-0.25771497296255497,-0.25370142170323456
20130903,0.32490123020171974,0.3600933320302283,0.9024658184619929,0.8692292408285228,0.6338416302633549,0.467532974890562
20130904,-2.1398828983656997,-1.9502599370073812,-1.5359998271539776,-1.3245181895414442,0.1575719302079101,1.145366646202476
20130905,-0.26080313098270735,-0.222952288017733,-0.12812275349652197,-0.08779888641001937,0.19473169702183987,0.38278903742447473
20130906,1.4096546598692106,1.5468223484066297,2.758823069211958,2.769734871526022,2.8413818226510457,2.870659675223432
20130909,0.030584773882721298,0.003011795250214104,-0.003497152720109087,-0.04261509961883769,-0.3170427394664462,-0.5010333126836851
20130910,-0.18146733607756899,-0.18508383374625734,-0.2819783926854945,-0.27215379896705694,-0.2028312113277437,-0.15482652619925127
20130911,0.03954453261800322,0.042928492691943376,0.03583415499961846,0.04186411110126332,0.0841994140222094,0.11270871943742478
20130912,-0.09950455222704453,-0.10257471879559385,-0.12071390851670541,-0.12235782079198998,-0.13381811544594915,-0.1412247739970267
20130913,-0.11131994571753556,-0.11421567607814502,-0.10670006172112093,-0.1120850170571509,-0.14989666040037045,-0.1753779352919818
20130916,-1.6325224169258534,-1.6602511563119262,-1.8559545000876303,-1.8658380743647638,-1.9343888850483653,-1.9773409854045791
20130917,-0.1978627331888978,-0.37297947060401215,-0.4007644906868517,-0.40345624507039046,-0.42222918257721875,-0.43439180864518956
20130918,-0.14985966667341577,-0.7993698155461563,-0.8414289438276086,-0.8465648681227909,-0.8824284200360002,-0.9058345371742185
20130923,0.02121081282738082,0.05657656382234884,0.15102979774728173,0.14982896023850756,0.08488806825434067,0.07895580652246745
20130924,-0.25054923588409717,0.26660884621359054,0.7798945319790203,0.7828329446428816,1.1112717211579028,1.1243057109360521
20130925,-0.238052914889805,0.29402791638589726,0.7229945478098736,0.7229912573943618,0.7228254437481203,0.7221682802019976
20130926,0.077489592796499,0.10330258282531446,0.12843092396438005,0.12777264362386204,0.05429248395738301,0.051058804350068515
20130927,0.708022314362547,-0.2588272184908076,-1.5707365898775412,-1.5750361322278241,-2.055400094313779,-2.0751525867143386
20130930,0.7934282118154495,0.1366545664906393,-0.6371861906566214,-0.6400336226044637,-0.9581167796846919,-0.9713399852233804
20131008,-0.27051527707142065,0.6908990070767372,1.6378975115150791,1.6375371697285124,1.5974734786814073,1.5951967090234276
20131009,1.5129174890289099,0.8917453837571433,-0.04337184660490995,-0.046585828399840046,-0.4055940079057434,-0.42058884036373845
20131010,-0.3093802186309689,0.7474197056216129,1.9367762290563506,1.937962501531759,2.0706217551346433,2.0756782852041065
20131011,0.1416152296765451,0.20034698694981487,0.25109673518946524,0.2509990029376081,0.24009620869640713,0.23959540097718096
20131014,1.0636518432326436,0.7479494269881323,0.3069870032547008,0.30571925184796084,0.16409605667084282,0.15822219195806714
20131015,1.0632796785717928,1.2212405028341413,1.3435552785814706,1.3431412476259394,1.2969363731712038,1.2948672407975115
20131016,-0.9349516267747124,-1.0567867415367693,-1.1599211767335016,-1.1596955926039092,-1.1345274324953922,-1.1333794059825002
20131017,-3.9617822951888697,-3.7407984138291983,-3.3553931145591838,-3.3536874414356066,-3.1631800817876403,-3.1551594872536017
20131018,-0.11672374645104448,-0.1344608818795018,-0.15255061115034432,-0.1525505585918594,-0.15254791001632584,-0.15253741300760984
20131021,1.1712312138359326,1.2125795040336438,1.3755126777801148,1.3755745733142948,1.3825142214893549,1.382720932989538
20131022,-0.7521811032603899,-0.9019050032650741,-1.017676173202265,-1.01762496044743,-1.0119166281784566,-1.0116387705360546
20131023,-0.8562779383384197,-1.370311870139774,-2.099981670296518,-2.099710003841273,-2.0693780703570424,-2.068066859600471
20131024,0.5192356707871207,0.33571308283938806,-0.2665041418349535,-0.2662470399853888,-0.23752541931849191,-0.23633491764419345
20131025,-0.2202983950866127,-1.2164109698858374,-1.3743662523397693,-1.3743238401174578,-1.3695963571642553,-1.3693665186692299
20131028,0.4747284352376853,0.19347968534573934,-0.19575430382685405,-0.19560436450386132,-0.17885761419894022,-0.17815243701691202
20131029,0.048921876971767565,0.020359126108256922,-0.02088336361639838,-0.020873891938979625,-0.019816111004433208,-0.01977120717790375
20131030,-0.5084594272642176,-0.32943601229501435,-0.012191234993513683,-0.012260994480131737,-0.02005194254287032,-0.02038162343197683
20131031,-1.4700967988800167,-1.0908226715043299,-0.25944837343299465,-0.25959388171401343,-0.27584462064218884,-0.276532481750481
20131101,-0.31373318304098735,-0.2617424343724386,0.2839715051435575,0.28395605687800557,0.28223169179384233,0.2821556823808187
20131104,0.13844471197999703,0.38692490163828397,0.12126308980119871,-0.066818042066058,-0.06353007859693906,-0.06339049842842591
20131105,-0.030211477021599195,0.23574863174499672,0.8046025215612556,0.6724541117106223,0.6747632835802343,0.6748574051886755
20131106,-0.39451740601285656,1.2187870391112925,0.7077275536245822,0.3467426433555637,0.3530530467457761,0.35332015602720684
20131107,-0.050112459025053124,-0.16959812082384237,-0.3157707976616516,-0.27122907855464296,-0.2720075261174907,-0.272039733960587
20131108,-0.44805218240832756,-1.1576710878101981,-1.516591461362945,-1.2859710168031624,-1.290001977095082,-1.2901705143311073
20131111,-0.07296792204092717,-0.35797539435534526,-1.0787304310816488,-0.9898066168148992,-0.9913607000804787,-0.991424912621901
20131112,-0.17449062894809753,0.9299929720922808,0.7097852510739382,-0.02752724426984421,0.3817900477304756,0.3818798320765795
20131113,-0.13236917380430074,-0.7191121128740261,-0.5155569622956021,-0.11793513427300917,-0.1395620392397876,-0.13960643652816468
20131114,-0.062482793857636915,-0.4804765178550305,-0.5610938354807656,-0.27883010800558805,-0.14813415733500546,-0.14816634227444087
20131115,1.1702574621861555,2.3910394662782575,1.8206629375587655,-0.760232622617153,-2.2633618852787203,-2.2633075049150886
20131118,0.636258842577182,1.9406576923799637,3.4684414516770725,1.091372588724174,0.8870235545737147,0.8871311809458727
20131119,-0.24954315737203,-0.27224296504991,-0.037140207307941264,0.05082927408134472,0.2260191903429748,0.22602338093821095
20131120,-0.7296306125549707,-1.2472543439587065,-2.196964910581009,-1.3148352577884348,-1.4589951264701948,-1.4590457935738266
20131121,0.1525575712562564,0.04034343874534352,-0.5037358933896392,-0.3727282355178779,-0.6257905981284856,-0.625809418330903
20131122,0.943546503733144,1.0540242432570976,0.87867036672253,0.61905226772217,0.3870697973224452,0.3870713287337389
20131125,0.49672486449671827,0.6706302308543355,1.4271440047455943,1.1063203642470911,1.064685005894549,1.0646988464670217
20131126,0.0422458950043762,-0.039862386156722024,-0.6628365826312275,-0.5349681348534797,-0.6022506939194829,-0.6022603001306491
20131127,-0.9728329397114308,-0.7635305554576924,-0.29024063294932456,-0.2685120868180355,-0.1288284437147741,-0.12882270756666014
20131128,-0.5262827412172864,-0.8007034035080347,-1.130204069089725,-0.994954816984674,-0.9801627524205807,-0.9801687217586161
20131129,0.5662956320450354,0.2770876965071981,-0.5664883793103692,-0.49449791201015036,-0.5641889857080588,-0.564195945148146
20131202,2.1135854870788857,1.865639380754648,0.9781054704270493,0.9703599108562534,0.8266392265094697,0.8266326017933749
20131203,0.12081156759588696,0.2677169503426714,0.6185896807577501,0.5492033331014308,0.5449312214525999,0.5449344455953382
20131204,0.05227726737923888,-0.012094244533928517,-0.17224223630993887,-0.14454453495642597,-0.14594400798264584,-0.14594544639088497
20131205,-0.007553015265359536,0.03715333208408106,0.1441810793633853,0.12317103320335222,0.1219986619464518,0.12199964412089054
20131206,0.6589886143580874,0.5776602479236439,0.35246517879789885,0.37779445866161765,0.36434331544657306,0.3643414065567453
20131209,2.129653772828221,2.1187737815687337,2.004657705604925,1.9725385320065658,1.9278157001951444,1.9278151083855837
20131210,0.5520633219757126,0.5711621546066533,0.5962305488320827,0.5785229761408847,0.5674665427340783,0.5674668795885562
20131211,-0.4697992421573326,-0.47680361271865346,-0.47962726828183017,-0.4704401347499598,-0.4631298383042373,-0.46312993632679794
20131212,1.217427324874613,1.2202404409222787,1.1987680659576103,1.1855211695987395,1.1710320769404423,1.171032025753189
20131213,0.14819728586685038,0.154344102206449,0.16535910064785336,0.16090589777813885,0.1588535055194735,0.158853625738165
20131216,-0.3806440076461087,-0.37057061299892724,-0.3424056712185027,-0.34542793963551277,-0.3436228098436254,-0.34362257231706517
20131217,0.14211340636088046,0.14247535679293746,0.14166341598187318,0.14078372764867564,0.1399164535270576,0.13991645475546052
20131218,-0.13062046948082817,-0.0131880941643438,-0.019897636953559117,-0.018174836512983267,-0.01775925906675263,-0.017759324027731282
20131219,-0.03482779586508074,0.9262872374461849,0.8927583424937502,0.8968751082808338,0.8951637521509195,0.8951634650534357
20131220,-1.0595998265142335,-1.1321892657501975,-1.1267636034957869,-1.1238846276472125,-1.1206183571582031,-1.1206183403127303
20131223,0.20420200685371054,-0.02956077125690204,-0.013135110578243014,-0.017431248520654474,-0.01851485414443954,-0.018514694457117065
20131224,0.5721117835049876,1.633599000327267,1.6172529323434048,1.6176617926282146,1.615479877332258,1.6154797507153946
20131225,0.8288485225397934,1.505259030821534,1.4957902359416382,1.4953907654072998,1.4935902969449208,1.4935902289146372
20131226,-0.6678465251361735,0.24256505065169498,0.22068569368010693,0.22651189422630358,0.22804267817619017,0.22804246460325173
20131227,4.220553440943844,8.196519928401925,8.1351685673589,8.141855463581628,8.138010664383478,8.138010146117425
20131230,-0.4328692277862072,-0.7268668028593883,-0.710793656345446,-0.7144484709335326,-0.715045790387518,-0.7150456387141193
20131231,3.1464993122943734,4.93297767167857,4.913653936309426,4.9144004887523005,4.912043052328219,4.912042900447681
20140102,0.3908514371789514,0.5833737349921972,0.5795545473146447,0.5801107664410833,0.5799894342766443,0.579989400845
20140103,0.4851332089675696,0.5865451799126155,0.5905904000350267,0.5892241251838434,0.5886973421872975,0.5886973840889904
20140106,4.296133454702052,5.324671262425182,5.325349685332074,5.322545951845838,5.320286658717425,5.3202866872504355
20140107,3.8592803966519247,4.803666005063971,4.791680180688838,4.792559906105605,4.791449012340619,4.791448914654113
20140108,4.98493333179959,5.9978383442118375,5.985751261600386,5.986484326963462,5.985234114879477,5.985234017654834
20140109,0.0488297815972486,0.03279919542486731,0.034846378659251664,0.034326370802831185,0.034204331519908426,0.034204351293337765
20140110,-0.9586956075113973,-1.1020444981593056,-1.0999925103395138,-1.10018977757981,-1.100038933388893,-1.1000389162751143
20140113,1.081022490379164,1.230569038558101,1.2274648472264371,1.2279345827328692,1.2278508456927166,1.2278508183724581
20140114,0.41993997227046276,0.48337966610786076,0.48113610164909915,0.48158923860553493,0.4816245357268143,0.4816245150318187
20140115,0.97901268085761,1.0456494851263676,1.0460772974448194,1.045790494373248,1.0456147853339577,1.0456147909540898
20140116,1.9075451858074768,2.0166112932447446,2.0172564811724816,2.0168021366243973,2.016518754110466,2.0165187627684555
20140117,0.3405734230374705,0.36826619915128195,0.3673768564973226,0.36754999988642756,0.3675585284991201,0.36755852034979963
20140120,-1.7230519618820002,-1.8033866922140538,-1.8028571367411688,-1.8027977323871256,-1.8026657861454463,-1.8026657826503503
20140121,1.6622317655563332,1.7239916684675283,1.723875861392618,1.7237503914922114,1.723626692230146,1.723626692405353
20140122,-0.5084581192257306,-0.5245882555190298,-0.5245325799830669,-0.5245067766425678,-0.5244764128133,-0.5244764126092052
20140123,0.3718256457896927,0.38044661673807684,0.38055531931133363,0.3805035985810921,0.3804767892815896,0.3804767905329149
20140124,0.012907413844940874,0.22986465787245636,0.22959563512014874,0.22965138224980436,0.22965680538440092,0.22965680289109702
20140127,-0.039585600600792,-0.13412417388134848,-0.13400680560721007,-0.13403058459169587,-0.13403249340806975,-0.1340324923248289
20140128,2.7167520049216836,2.1737564071968265,2.1739496480283145,2.1738187111483986,2.1737381727371767,2.173738175287369
20140129,-1.1383531427326843,-0.8024117794819298,-0.8024778692047811,-0.8024349348044832,-0.8024089474695638,-0.8024089483263199
20140130,0.7882347877327531,0.8956314978320892,0.8955984130624018,0.8955833454679785,0.8955655261573537,0.8955655260338514
20140207,-3.178110920577535,-1.753105041685623,-1.753231275676088,-1.7531556505076489,-1.7531113944448575,-1.7531113960279943
20140210,-0.9920206491576155,0.29487588528862063,0.294696028932558,0.29474292120862966,0.29475466055659005,0.29475465880930485
20140211,0.026174119862120926,-0.7597040817754075,-0.6399916219882161,-0.6400111403598233,-0.6400120004980331,-0.6400119995744253
20140212,0.2222165956831318,0.704790696811379,0.7339892388257462,0.7339963850029615,0.7339935647633655,0.7339935642723374
20140213,-0.45799276139418177,-1.1989439852224884,-2.2959276861863978,-2.2959236030787844,-2.2959088554816054,-2.295908854964493
20140214,0.822774247543687,1.472910783769411,1.5947170030981304,1.5947264056650385,1.5947224505128665,1.5947224498548789
20140217,-0.7518979004114275,-0.8123527939168294,0.22591537154185282,0.6398171704709464,0.639810321124278,0.6398103213495311
20140218,-0.1371749797601206,-0.30996050339016773,-0.7964446025041042,-0.9281979826127584,-0.9281948816995654,-0.9281948815712908
20140219,0.85358160604533,1.0232780513370783,0.6371938361809371,0.5620725386237704,0.5620730207950185,0.5620730205888429
20140220,-0.3387260840849997,-0.5149708016208439,-1.0322811401725418,-1.3130580511120598,-1.3130554697510886,-1.3130554696070236
20140221,1.0446472906565878,1.0495918177856134,-0.122269312197339,-1.2895715553591565,-1.2895673495993074,-1.289567349629528
20140224,-0.18423100463102918,-1.8320117982371469,-2.0056737824107813,-2.1786923648231715,-2.2708678545065233,-2.2708678542643588
20140225,0.5263073283348509,0.31874536177389245,-0.04743962237543209,-0.5080787292007625,-0.9427374073347397,-0.942737407309524
20140226,-0.5602715357964015,-1.7792263479483377,-1.2318913350325347,-2.151455351678766,-1.5018030739688386,-1.0455415130561254
20140227,0.41005081624041484,-0.4013636413695826,-0.32978913956496675,-1.2102385563017035,-1.6297691837799047,-1.5701135863966245
20140228,2.412519019370392,-0.16854959195895663,-0.005556541255017922,-2.865504546970763,-4.142540732039129,-4.0067004816814835
20140303,-1.647148940710188,0.0990934298471815,-0.10466309319109346,1.4033993616143337,1.4610963770337577,1.2912580670773748
20140304,-0.5987321218240806,-0.324608789247156,-0.3028578437961935,0.07311902260149297,0.4284941407582058,0.44663090494841334
20140305,-0.38342573643255806,-0.2407321140823342,-0.23004318599803525,-0.03597152369389211,0.17124618629067817,0.18015913439486278
20140306,1.4274231884012047,3.064839467272522,2.6709448031892835,2.1290493746787758,-2.7488638867453394,-3.077231449604135
20140307,0.20524830360324497,0.7381976365093779,0.6360839725698695,0.6220731155076403,-0.5662280284707586,-0.651352829095883
20140310,0.733870811159079,-0.21571004408804528,-0.09151143194648781,-0.425868550326414,0.8075641910612545,0.911095316580439
20140311,1.3833111916898806,1.9179865591900402,1.7884544843862067,1.6058353162781662,-0.0009274143553378994,-0.10891098688411652
20140312,0.37607539555198194,0.07467701674593008,0.11108257201247984,-0.013806470836628115,0.3315342330084198,0.3618813290940245
20140313,-1.0017264403786958,-1.0599778909424087,-1.0300176614419767,-0.911501574886024,-0.4938736013073844,-0.4688965163063441
20140314,-0.9740273117891879,-1.2055485498470628,-1.1545265292386158,-1.1069814309792818,-0.4887901077054244,-0.4462562304723697
20140317,-0.9942174977179133,-1.7907065057107856,-1.7343489502186775,-1.6594282735903747,-0.9630826787633703,-0.9161006243515868
20140318,-0.14764654530898208,-0.24243956931055644,-0.3178735050395664,-0.30313720827874513,-0.21297837269987227,-0.1246464205890973
20140319,-0.2006748309573435,0.07722439086798014,0.2731657452058651,0.5335880756409911,0.3216557835025081,-0.169563242821764
20140320,0.11536962723403942,-0.17574953160209816,-0.7453214109258622,-1.014122784258016,-0.7664289378992791,-0.22086634363542929
20140321,-0.1330836509686761,-0.1928885697456571,-0.183827386489086,-0.16299606865988842,-0.16098796840384338,-0.17635340074846376
20140324,0.6468042440214564,0.5667293279958514,0.06269781731971447,-1.033306067654551,-0.8219497856693441,0.5059692513383516
20140325,0.07171789247984676,1.0386645519784503,1.0571268104175304,1.0610535938325016,1.031481027144683,0.9828418503895221
20140326,0.03944436360152505,0.008244636292148375,-0.011882363272501847,-0.054409708829872824,-0.045223439504839515,0.0078030105315602845
20140327,-2.1889401982064727,-1.0234566024698406,-0.18288379408926403,1.598346487637806,1.2177954934733428,-0.9967718536730106
20140328,-0.7182549473472102,-0.6688164174410106,-0.4073050801976005,0.15856358745717677,0.04722730951437054,-0.6417491165551295
20140331,-0.45123171689774977,-0.9108472001386327,-1.0407401221409338,-1.3055412147584966,-1.2404359039524657,-0.8982213084379447
20140401,0.13771926353392902,0.2864617064286597,0.4303398305848435,0.7371247194724604,0.6731307298761521,0.2940703388038611
20140402,0.1365104483117548,0.11305311412283076,-0.1417045208632267,-0.6938829292415643,-0.5859787215373284,0.08520447100695266
20140403,0.6753411106377245,0.6829951099513871,0.8529964284129581,0.939959402590471,0.9190452729439055,0.8073702342123774
20140404,-0.49906922582831614,-0.5398037230103218,-0.5827093171221969,-0.6032066134606593,-0.5970537604633959,-0.5688687937411843
20140408,-2.924671682364192,-3.1833405895262783,-3.2771288141000916,-3.315592280374344,-3.2983199074846006,-3.2367098676593677
20140409,0.7926788882286491,0.7638711272654507,1.2480826025604201,1.7269977815048865,1.704123052038273,1.5774677851030772
20140410,-0.08076226712894911,-0.021561949928602123,-0.1351657189197961,-0.11680228201865231,-0.10926625276499022,-0.06150832799464176
20140411,-0.03687798829097099,-0.08214079729883841,-0.4153847708315952,-0.533941777544456,-0.5321703668012538,-0.5251520196906708
20140414,-0.03190318493797662,0.3962349637600983,0.5174829049730992,0.43831601204757975,0.4279853032588693,0.3636046173072103
20140415,0.12859981464881431,-0.019577107825430123,-0.3286390139829092,-0.7943740865895363,-0.7908377289092292,-0.7722424973523299
20140416,0.2102772769991918,0.3813027543527935,0.41135647108580464,0.23096246667484985,0.22683303975685595,0.20086162031716404
20140417,0.20131610339961084,0.12362537353236597,-0.07033493593260295,-0.5390856570962211,-0.7342949330903208,-0.7249857802790065
20140418,-0.2345174973242585,-0.11458529144707569,0.11893063623539002,0.6412656582950682,1.1213425861598354,1.10606228499066
20140421,-1.1916658990250175,-1.2886520515534363,-1.112457253717607,-0.41997070259110414,0.6941345938998852,0.7115298184059009
20140422,-0.12723133061374042,-0.2601676656565426,-0.037567866411495086,0.16428768509879638,0.479716519915898,0.47834927335206795
20140423,0.1366948739459985,0.09478257006137979,0.2265102103264557,0.33526621999739586,0.4993990655697227,0.49464870635836944
20140424,0.11896769354896497,0.2990061105995826,0.0726145266597649,-0.14572725195705852,-0.4940111111729151,-0.4974285091438295
20140425,-0.1393595269785669,-0.15457593280418372,-0.16310119402563442,-0.1649224212425936,-0.1645558753171452,-0.16232592125254125
20140428,-0.23482836941736057,0.6229416172574758,-0.29490887337283567,-0.5060387215527913,-0.8406811596178512,-0.8425101733737647
20140429,-0.2758867665525991,-0.6920535993529238,-0.27042337564594976,-0.17330380330969927,0.20566157217432157,0.20864713050876427
20140430,-0.040847849858025864,0.3610448360005508,0.1505978186193722,0.10216462687658978,-0.22280538175449363,-0.22362365667508893
20140505,-0.1491119904641544,-1.2820296761506274,-1.2256636757549741,-1.2123618913624468,-1.0322856285437965,-1.0267713741368705
20140506,0.14176909978790492,-1.206227415826942,-0.9231465322004073,-0.8577680265978319,-0.6574955767236949,-0.6527138343309579
20140507,-0.09378526773845519,-0.028215602566854146,0.013586221830151131,0.02315360747988136,0.2664762951789065,0.2657859425331353
20140508,0.12781109272944086,0.00881477934178921,0.039450928858951725,0.046517624051714945,0.08991155192233843,0.09028715299296644
20140509,0.05805550017936953,0.049162448267441546,0.012817952337272141,0.004483812806000562,-0.16820686007645735,-0.16786055088749408
20140512,0.6533628450639417,0.4022996405255145,0.566970297002311,0.6048265159582256,1.1519172683309293,1.1518857255832495
20140513,-0.8530889142123714,-0.655806476614283,-0.6882223886555819,-0.6957230486639613,-0.6839866453336726,-0.6847607122420712
20140514,-3.8655957429436416,-3.207638898425649,-3.308274661138399,-3.331575527287854,-3.258395341299503,-3.261038502671994
20140515,0.6486083472758573,0.7687623339983887,0.5377054325596846,0.5481270150026274,0.9041661402656271,0.9046175668972596
20140516,0.44919347312080093,0.7080975950292832,0.44175822427384703,0.45441315141640193,0.9761541292622731,0.976030326810864
20140519,0.6112371762441106,0.8808520607600366,0.6498060240930854,0.661024045902013,1.155256021889399,1.1549077709775077
20140520,-0.5014533473541539,-0.6142920028982859,-0.4868195929240148,-0.4928173035728157,-0.7322861523881264,-0.7322861523881273
20140521,-0.41748842999676483,-0.4928391799632046,-0.4503182012150963,-0.45251992713779476,-0.5672705317715003,-0.5670687745050588
20140522,-0.08912611920212193,-0.09381582322700233,-0.14433790445659977,-0.1422242430034667,-0.09300425085398373,-0.09273989388826331
20140523,0.04345168631876292,0.03881719525520051,0.026907138647168274,-0.1136499432642211,-0.10531000314985114,-0.10522880365475529
20140526,0.028562311791715495,0.05264509640105953,0.048310911236623136,0.23676245737317508,0.49411727158050767,0.4940089532245062
20140527,0.4695705210990192,0.3028100561658334,0.27923367828437856,0.16250387777100184,0.05079237877950121,0.050860183817568905
20140528,1.1888372850968207,1.2578125743531814,1.1973067172559468,1.2098350923425132,1.3538275721298234,1.3538220013535907
20140529,-0.08058929791085165,0.024920470971932555,-0.03645637303041245,-0.00874644936140452,0.13938495829480516,0.13936901225467951
20140530,-0.10368370739581012,0.49552985638786345,0.039556128359928416,0.13051506007852665,0.8775397539252996,0.8774876427696586
20140603,3.432421035735658,2.880569142065306,3.27290512021448,3.181752575509545,2.5593025208403337,2.5593570220697384
20140604,1.062001788131474,0.351903605346764,0.9532584462004448,0.8867181971222531,0.08770025294367079,0.08773893916702835
20140605,1.4255556775231297,1.6398632726228646,1.4511128804419338,1.4701535362289497,1.7368950512234196,1.7368847744955627
20140606,-1.0748017728480355,-1.6428443559103065,-1.1535900942128854,-1.2056430530771207,-1.8737260942880973,-1.873696726978726
20140609,0.9708557651459221,0.9542225388918028,0.9658325375478898,0.9639188845873748,0.9539312149818852,0.9539325981159145
20140610,-0.5914842027207287,-0.9722397084309694,-0.6449578348685178,-0.6799435810338738,-1.1254209081044888,-1.125401095797954
20140611,0.09565390222393211,-0.1784553232642721,0.05611399533200778,0.030777790004274386,-0.2862458015345658,-0.28623133742233237
20140612,2.317230559034241,1.8993070996851724,2.2537292409826053,2.2146389548666514,1.7426239032173054,1.742646575641344
20140613,-0.6128276366501223,-0.5185658075069642,-0.5986035009983066,-0.5898008806258184,-0.4829916976103321,-0.48299679236489257
20140616,-3.0839967628031064,-2.9569703312122235,-3.062731363892233,-3.0505683410081668,-2.9140256957092197,-2.914032965311656
20140617,1.2685520216818533,1.5342411899214288,1.5943137942147774,1.5875211493269343,1.5089616039761031,1.5089656158070681
20140618,-1.6848407872954585,-0.2680989537380296,-0.489550704748259,-0.4657442605891222,-0.16547297433917985,-0.16548651537857717
20140619,-0.7118261100657649,-1.3687883452745966,-1.3782623583207751,-1.3770378965575996,-1.3659729074828137,-1.365973695148015
20140620,-0.18509519434892888,-0.42828633965412083,-0.4715125358560007,-0.46682720651260734,-0.4085482113362367,-0.4085508933561018
20140623,-0.13793579861271194,-0.5978485675692438,-0.8978612192860118,-0.8940820100467446,-0.8480438662353122,-0.8480460497648266
20140624,-0.0026275429981921505,0.7049796940090047,1.183798981340657,1.689888179590208,1.6162815435640696,1.6162850279225702
20140625,0.6185021869633407,0.020405308286067347,-0.3196192968458098,-0.6779499478799579,-0.6240247377876665,-0.6240272051585171
20140626,0.5122680425203027,0.44317812273768603,0.1801367006380356,0.06938931651429159,0.08668087256028362,0.08668010987544039
20140627,-0.7798470433893084,-0.05233227388214673,0.6970365112819924,1.0132512855060205,1.513608619351683,1.5136107965383445
20140630,-1.5951775351704107,-0.15516017358808537,0.6975754175545669,1.0572594988451076,1.6258270924096188,1.6258295689918834
20140701,1.4578916922087295,1.7080474478390544,1.651854040870669,1.628612643116029,1.593647984586374,1.5936478242406436
20140702,2.404128028194715,2.643292916627008,2.52171343904424,2.471025017373542,2.3931848838337273,2.393184534411441
20140703,2.1164797617221534,2.6659704935410415,2.7876420564514097,2.839422775577324,2.923043423008102,2.9230437792234167
20140704,-0.5608322043195458,-0.7169464793236145,-0.7671211979140892,-0.7883802774027983,-0.8223523920389628,-0.8223525383511268
20140707,4.8302911046882375,6.302610008272328,6.914277182800258,7.1728655889962765,7.583886078363215,7.583887858451893
20140708,-1.4029512689866266,-1.6493683593913555,-1.7288511765714643,-1.7625269425848389,-1.8163364452422344,-1.816336677011043
20140709,0.7912510574602205,0.789238345954729,0.7466590415637515,0.7287924567904547,0.7009093302182953,0.700909207134521
20140710,1.6224294413131475,1.7874891742556656,1.8310138950092247,1.8494949585266571,1.8791794740845804,1.879179601250264
20140711,2.318291427364821,2.6057777839342102,2.7247844903895526,2.7750971403378184,2.8550732569171764,2.8550736032619115
20140714,-0.3677037467854074,-0.4304888757757138,-0.4649978288372292,-0.4795597388301366,-0.5026015415973586,-0.5026016418583167
20140715,0.04529409335477312,0.046940379477829246,0.046935665585303835,0.04693588737889354,0.046944742867047626,0.046944742867047626
20140716,-1.678099984980561,-1.7459397617159513,-1.7594043200862512,-1.765143931682267,-1.7744486557618893,-1.7744486952399894
20140717,0.6378873489273937,0.667871331561148,0.6789306673071638,0.683610605667108,0.6910665164223794,0.6910665486353633
20140718,-1.0518648887585618,-1.1032007072484293,-1.1269674818455386,-1.137007277728035,-1.1529351868533548,-1.152935255971402
20140721,-0.06352796588790581,-0.0776802716048102,-0.07255164427438843,-0.07039337317623987,-0.06700088799933293,-0.0670008731352475
20140722,-0.8859522729156495,-2.8479585912326346,-2.8781884329822485,-2.890971873543366,-2.9113042011292958,-2.91130428912643
20140723,0.01466767203849126,0.4578152271797699,0.46609109745864724,0.46958330650651847,0.4751091470138524,0.4751091710582412
20140724,-0.2618247819246886,2.253441914240307,2.2725846044503513,2.2806745154302543,2.293522296184825,2.2935223518766774
20140725,-0.1498440772109076,1.3088096831954328,1.3146842035904747,1.3171718359595814,1.3211416912403933,1.321141708362088
20140728,-0.22702602768015848,-0.664590543813345,-0.6742863889292402,-0.6783749138176138,-0.6848332553166938,-0.6848332834687951
20140729,-0.09521793510508453,-0.3075597156757324,-0.3055024555851696,-0.3046384755959813,-0.30328726492243446,-0.3032872589709473
20140730,0.25084318718482207,1.3606252243364942,1.3694461786037067,1.3731683993810715,1.3790581952285867,1.379058220856641
20140731,0.019397064466576602,0.006638695203701694,0.005824482159925759,0.005481691200225208,0.004942306647209321,0.004942304286498389
20140801,2.1103714315030326,4.050243095551894,4.055149634521497,4.057231669048559,4.060570757297326,4.060570771624439
20140804,-3.1048066545389297,-5.115283297618285,-5.119255850685993,-5.1209454163401,-5.123669833431678,-5.123669845055443
20140805,0.3764740869360438,0.4757765713790245,0.20042708127938857,0.2018200750627538,0.20401356794148218,0.20401357753437466
20140806,0.28681874759589576,0.327003831328572,0.24119804215429375,0.13579064292795723,0.1365236713115755,0.13652367451627917
20140807,-0.26114856186503255,-0.38541683170922536,-0.4285402964068784,-0.5444885226175412,-0.5448937485535894,-0.5448937503094449
20140808,0.6217350139889057,0.7831975696221604,0.8016831488333394,0.8820356122884371,0.8827887064648505,0.8827887097387452
20140811,0.7922196255711491,0.6086961485654658,0.3959039820907561,-1.088652351304877,-1.0883509579587687,-1.088350956610265
20140812,0.600908095356025,0.7474428204527654,0.7902372501624951,1.0830441929738988,1.08357064442798,1.2005619320170848
20140813,1.0184817146753626,1.2399576258690232,1.3100912316123838,1.790937090835663,2.0251772886104176,2.2173254233952435
20140814,0.19480004611126572,0.15258588889476282,0.11894760191843698,-0.11503918636587479,-0.36787059293223273,-0.46146075188480795
20140815,0.18298512718113868,0.24415627653353525,0.27177076765575175,0.46246523695015823,0.8074229894369113,0.8836611330849901
20140818,-1.683697731987439,-1.571804610671114,-1.4611622402461046,-0.690123551660059,1.3869331829564566,1.6953701715267608
20140819,1.4919239859785813,1.5894808399866072,1.611768883561141,1.763153400578295,2.1706775058574443,2.231134072708983
20140820,1.5170862510786554,1.5782720270115465,1.585835595546758,1.635735772800671,1.769957784784341,1.7898468370751357
20140821,-0.5916328440636706,-0.6344095338147013,-0.6579598759361862,-0.8210816456782835,-1.2604347339559911,-1.3256623487394674
20140822,-1.6082806255960167,-1.617333738689737,-1.5907260656741757,-1.403417458465193,-0.8987024332938878,-0.8237251245105834
20140825,1.653520480936272,1.682218456093806,1.6804975751818194,1.6669084643561671,1.6301871471280527,1.6247099544023276
20140826,-0.44192415808572993,-0.4677816638336796,-0.4924124267611987,-0.6640082363404788,-1.1262567450823937,-1.1948985740667804
20140827,-1.352090739474932,-1.2590846161281004,-1.3596675484565939,-1.3266832739446954,-1.1325762142700015,-1.1193588050065928
20140828,1.0344975841046646,1.734340289023313,1.4119472435938238,1.5180659157221432,2.141598316347224,2.184032751177758
20140829,-1.4648302618047928,-2.049930598670813,-2.099905147365019,-2.0835759471413806,-1.9873384100412637,-1.9807816916231324
20140901,0.43522869030048617,0.09502988446839056,-0.2320953576545881,-0.12453269957362023,0.5077584274111016,0.5507958120563627
20140902,-0.20874382518318457,-0.21800353352020466,-0.13399555611266406,-0.1508790503785437,-0.25011473877632945,-0.2568690061884974
20140903,-0.32850824903577136,-0.07654136802745132,0.4582631226940017,0.4410811990840525,0.34004376763024685,0.33316567315782486
20140904,0.4296546210214195,0.7405286478098027,1.2998091411847135,1.3212760476073484,1.4473969919907745,1.4559797798739176
20140905,1.2574568436757512,2.2473252159947656,3.0405683955301632,3.089837316040179,3.3793330393946075,3.399034673282835
20140909,-0.2058341332078266,-0.3224821174107483,-0.42040994572489654,-0.4255675726614805,-0.45587186428769655,-0.4579341970439005
20140910,-0.09214807358073733,0.37245769160188996,0.9287251500208106,0.9250537600417248,0.903438345695852,0.9019662311549037
20140911,0.5876712438264773,0.9963732515062709,1.4340330713747829,1.4383309823312658,1.4635590489783201,1.4652753002030245
20140912,-0.08000402405155094,-0.3596240355637561,-0.7033914794966374,-0.6998735365371679,-0.6791747566797612,-0.6777654000534209
20140915,-0.7604901340609069,-0.6359655921429818,-0.4261173362304137,-0.435951836037465,-0.49376337094096323,-0.497698380015393
20140916,0.9074162949623636,1.0457240183136136,1.1765147897548662,1.180491756802549,1.2038550725552153,1.2054449463283552
20140917,-1.738673576374132,-1.8045383231038064,-1.815074163767035,-1.8245064659854717,-1.879938920817537,-1.8837116244168934
20140918,1.2579376071944093,2.148380439616718,2.0405610738760562,2.0526274706882273,2.1235486356680897,2.128375705016263
20140919,3.9854035555153287,5.130110494230954,5.44238276817298,5.453067571801783,5.515839854821884,5.520111577547128
20140922,1.8388215013564175,2.2248317980513646,2.35853798928676,2.3618369535589783,2.381215475823215,2.382534140227396
20140923,-1.2640472317685791,-1.6194050767742247,-1.609900382547535,-1.614356931681059,-1.6405485218768163,-1.6423311330226156
20140924,1.4788526928372803,1.9082662975249314,1.8473132037079654,1.85322808965674,1.887993847146531,1.8903601044953913
20140925,-2.2983604505395743,-2.47451347059251,-2.6010988376717554,-2.6019023069654934,-2.6066154213292805,-2.606935973402288
20140926,-3.268255338997146,-4.597900326116546,-4.732691138148401,-4.735754532503781,-4.753748545889064,-4.754972978991093
20140929,-3.2974354136848425,-4.578129457087858,-4.69957559759145,-5.627370946833504,-5.648352760625226,-5.649780566196824
20140930,0.8576059798986654,0.998020777454347,1.383692437608907,1.3901220698160082,1.40019590981411,1.4008815413337476
20141008,-0.2149188072709138,-0.15331841472364988,-0.2483415659285288,0.001912216066167649,-0.0015127401956037678,-0.0017459079982253822
20141009,0.07844627069482418,0.626180405333066,0.7894317710358424,0.8509630104307663,0.8550069826873248,0.9538245926422443
20141010,-0.317089840477005,-0.40477223645240007,-0.43552443252394285,-0.25949832458950145,-0.2609625735072527,0.3746037613553763
20141013,0.4725286993584206,-0.6028871888237908,-0.7510284572652022,-0.8543065862714431,-1.1024430476036537,-1.4729692303601474
20141014,0.30358214021404994,-0.2539303643302314,-0.5371301591232969,-0.5622231380201493,-0.623149758809508,-0.7850807771926136
20141015,0.8022172827266358,0.9530325973578404,1.1001668730271474,1.0935909875699703,0.716607478461335,-0.8878144593093222
20141016,0.006400795381863833,-0.31952239324246157,-0.507471497521156,-0.8532071026001539,-0.7639095561653806,-0.37947029812369687
20141017,-0.5938213636668069,-0.5353068351587607,-0.5275570295470358,-0.47341673544659335,-0.34442742411928495,0.20287710244808804
20141020,0.9131688345740332,0.6896517762223067,0.477316044451202,-0.5776549549785708,-0.6578158718791982,-0.9919849857666883
20141021,-0.04859294357601851,0.14157900713270272,0.1961488467679156,0.4600547310261246,0.42245008909439585,0.372536797434797
20141022,0.2466116509168472,0.44978421603698143,0.48108213967339564,0.6273239845230985,0.6484667094008669,0.4495278034615121
20141023,0.027647778512951915,0.1766882332204752,0.21554971606373935,0.4027478812199317,0.5898594100938241,0.5296799085863289
20141024,-0.05478138036037433,-0.16016172211479246,-0.18638787978398672,-0.3124598977926248,-0.5452304573826714,-0.49593285282987004
20141027,-1.5468594747514919,-1.4453262869214738,-1.3532260680386008,-0.8958836946121784,0.4491642986297739,0.7620621340644135
20141028,-0.6658241081210293,-0.7063997596292337,-0.712372439849781,-0.7876940745189206,-0.8702936412235786,-0.738128429583492
20141029,0.49389833481476064,1.180842968943665,1.1497701339940871,0.5767014212790583,0.12127695344465861,-0.03804307009013408
20141030,0.03885172436074529,0.1209047758891135,0.12241558779626896,0.154333128315662,0.19518963194476532,0.17976061433013096
20141031,0.2998936507578614,0.10599673393911241,0.11915753567280957,0.3772689226281414,0.9027400633064544,0.8822403693173044
20141103,-0.11002051253465711,-1.3954062776165523,-1.7630480748524422,-1.3230608235593229,-0.03080519122435177,0.08376529909287767
20141104,-0.2764567100350587,-0.35353899032423614,-0.611502787914951,-0.7113236888998316,-1.0077512731715927,-0.9760118508371147
20141105,0.6209809529600027,-0.12844789503909862,-1.2377935887293585,-1.0169352539468297,-0.36918652198519764,-0.2953586196085006
20141106,-0.49639587994633283,-0.19847346569612181,0.0862545969857655,-0.035790587486365516,-0.3947577621358312,-0.4173584547016901
20141107,-1.0150812303903418,-0.5796870309771326,0.6659841684355704,0.6694187269594604,0.6834332218428196,0.6145810741789468
20141110,-0.14966766790925656,-0.15790340563563957,-0.34956500409074776,-0.38646838703121655,-0.4958778322528022,-0.4873164685144846
20141111,0.22930808550175213,0.26011292482048765,0.4521663836053963,0.47518320456550833,0.543648714417861,0.5342897485280285
20141112,-0.12365208301703867,0.13041442669880737,0.6394648574187415,0.5937302899750865,0.4604685080374684,0.42969795356029283
20141113,0.005115313704279256,0.1312756144421428,-0.12835885265668068,-0.08268899965329501,0.051160356671690166,0.06810287093304801
20141114,1.00325604153074,1.3897448467015392,1.3221986777892547,1.4050748197667513,1.6492280851647825,1.6576025091608215
20141117,1.4960891609562603,1.8887816442809318,1.8536837855487396,1.9352626445960304,2.175692078445369,2.182195501037808
20141118,-0.9665038640231952,-1.1487172784449646,-1.138943471529205,-1.1762866461552908,-1.2863641890205042,-1.2889923949340012
20141119,-0.6183225372101947,-0.5996455701187186,-0.7701116240718124,-0.7530049598021238,-0.7030971813857867,-0.6926929292210016
20141120,1.388145493441743,1.5547303699450734,1.5389100058093084,1.6321582885051344,1.7343636415467045,1.7371781761243812
20141121,0.20253226754092146,0.22155541452954422,0.21327900042148418,0.17505168663228352,0.1881976363639854,0.1889059707952688
20141124,1.4977238578176066,1.597294939007689,1.5398113462825473,0.977711179891188,1.0497478981039263,1.0543024972087949
20141125,-3.0930170873888962,-3.257900370793929,-3.188031833100116,-2.63362550331636,-2.452995274605663,-2.459023091708549
20141126,1.7245255294574808,1.8018243308495252,1.7739030565760627,1.4596683641515815,1.40971678476043,1.4122535976663346
20141127,-2.309880220971587,-2.404589132357059,-2.3829386379221202,-2.299721103911963,-2.2796617696053567,-2.28201882601141
20141128,1.044315194511934,1.1715117560047474,1.136185625317006,0.3013216152141026,-0.8268911775694026,-0.8247444900901633
20141201,0.7539616696866681,1.1073165992809493,1.088505291685929,0.6951730942671394,0.16750336974705632,0.16877102634087998
20141202,-0.2169996600047875,-0.45957923606198037,-0.4545076495086434,-0.3613048481084315,-0.23736574131487165,-0.23773871671245922
20141203,0.6303822203814782,0.004317923549531089,-0.00441636804087997,-0.2928676556438572,-0.6888672989604762,-0.6885359296801727
20141204,0.008639923127897492,-1.3278576837321174,-1.3217078206754715,-1.262039364580171,-1.1878740545645248,-1.1884560040365895
20141205,-0.03464322265927598,-0.39378340443401016,-0.5134377024969372,-0.4744491837502869,-0.42336152820329453,-0.42356779235602166
20141208,0.4657149979837705,0.683766772633539,0.7532181774718248,0.7268277949976172,0.568747907881672,0.5690765674055036
20141209,-1.22475449908368,-0.3816798329799567,-0.09452977914352051,0.7716764167161718,0.9007302002060438,0.9008157826025083
20141210,-2.510011782623002,-2.8221654576831776,-2.91641149083107,-2.88818193270658,-2.4560768752343516,-2.456876863458558
20141211,0.4411321437187846,0.3861007836385618,0.3258322768784685,0.21319939987777742,0.12763586868187565,0.12775378283214867
20141212,0.9795959100511633,0.4917307783416599,-0.014606896426718308,-0.555556283214005,-0.6848315965795734,-1.138080508265894
20141215,-0.26435892833198427,-0.25597247900969133,-0.09868613206619853,0.04591744407972853,0.07626846251440939,0.1820261970263784
20141216,-0.3580118173195458,0.14194537514955546,0.504985709399997,0.5762680856655371,0.6908846439341827,0.5425422136976162
20141217,-0.5226606374439906,0.36300513814779306,0.9842148058935922,1.4097338292280046,1.5917926854549393,1.3237526518798197
20141218,-0.32044338926820215,-0.788813394665833,-0.8099380137473539,-0.6840757281702953,-0.5896202440794653,-0.42588943682233205
20141219,-0.006184906070349307,-0.0112380032862253,-0.04963688359161257,-0.07028669095838269,-0.08041015416340332,-0.07511346810717834
20141222,-0.11950127252678316,-0.20083407460747596,-0.2017025513467063,-0.17823221347670573,-0.16101264798297732,-0.1328396131633501
20141223,0.4513214814633224,0.673697605250425,0.6843566599595605,0.6249617047412255,0.5802991569656435,0.5025036454543627
20141224,-0.42201421416882867,-0.4610102037554835,-0.6153109321588155,-0.6927806977461055,-0.7294450446099718,-0.701705139522652
20141225,-0.5623909028376372,0.1293076628820476,-0.1535926245043629,-0.9306277331142666,-1.0368994121005866,-1.0488235608100458
20141226,0.17781273300566314,-0.06467524983861389,0.05199052226142907,0.3476621876917836,0.3860073052338917,0.382113408799959
20141229,-0.48798163220782825,-0.26550989412005754,-0.42536508088554703,-0.7668986462171165,-1.2339530611562213,-1.205996425559082
20141230,0.12141151676527057,0.3894959551274525,0.046204221633668,-0.3149798302710359,-0.8088798967215366,-0.7926716461075904
20141231,-0.3503989296109301,-0.5044214423679568,-0.5667264687557322,-0.547799335628302,-0.33823280415161405,-0.3287251924777077
20150105,-0.9755787434009545,-1.1714120735784956,-0.6865032915731273,0.5458173881578451,0.9735399735258704,0.9447220223017613
20150106,0.04873265759040604,0.32478918320133143,0.13645762796021405,-0.3407679710308244,-0.6929197315088073,-0.680777193474035
20150107,-0.03970228304228608,-0.22137663921623707,-1.0127379915591939,-1.6556433930602386,-1.505194927615014,-1.370273972602623
20150108,0.13347096286659949,0.5317124190446547,0.39578924630013046,0.2418106954719056,0.020227435534334953,-0.3648437403846271
20150109,-0.06188707677355956,-0.2176099406603829,-0.23072825177031459,-0.22693317815797248,-0.14233686620278593,0.005576015945207527
20150112,0.8073949813496716,0.606979871441028,0.14401705578187657,-0.2382756625133535,-0.18536629166029545,-0.08656129006495362
20150113,-0.16927464649234927,-1.6618789928377269,-1.4880066757660582,-1.2911427720458415,-1.008289651432898,0.024146690535569365
20150114,-0.16550750618002444,-0.3038642604133217,-0.2430931867977463,-0.18702707716662031,-0.1605446952205274,-0.06387681524301786
20150115,-0.4359414857385513,0.032693761918667574,0.0494232642666526,0.04801547942329698,-0.04037172467361398,-0.3629839156867738
20150116,-0.44758911651501904,0.28499228930256465,0.22957099171680842,0.6631639223544239,0.01963527407429741,-0.48644481527872346
20150119,1.7437513346752846,1.7877504219809204,1.5932917423925999,1.4666443374842932,1.4176861307649995,1.3831546368455807
20150120,-0.05399627410175259,-0.163377751024396,-0.15621287237764384,-0.22183928005018044,-0.12581410503917662,-0.05027548370706872
20150121,3.040276264271175,2.7681829840347025,2.5607069278907844,2.2174711344780165,2.444189377113511,2.627220843838311
20150122,0.5541993755742594,0.5944407133530898,0.5626366437575164,0.6271300390147792,0.5902294328170883,0.49815643273549565
20150123,1.0551366088256124,1.0517903301796092,1.0040305597890382,0.9636936441539642,0.9640438079145421,0.9653164516576145
20150126,-0.3358390057852791,-0.4829354946458023,-0.45535463805661447,-1.362459108741334,-1.2323564060624062,-0.9070272343037951
20150127,1.1654416512958223,1.2557334533481403,1.2077156952906278,1.7518632151573266,1.6703260867288332,1.4666929726467037
20150128,-2.6656428252203197,-2.5338363782373454,-2.486839249221183,-1.644826498775691,-1.292940636614515,-1.5753710633495484
20150129,-0.17831941919767652,-0.11293807372254375,-0.11496755054213864,0.2923867138973762,0.4719886925761384,0.32868218931307025
20150130,-1.358440146756883,-1.4380610579483304,-1.4117435282938573,-1.8981073424437502,-2.1215793631630384,-1.9440416846451516
20150202,1.3735618261586227,2.003879966854987,1.9737137909059805,1.9320725023583671,1.9251976300037357,1.9316660829655725
20150203,0.06853535318077084,0.035819888646702824,0.0383049332990926,0.23885050782707185,0.32595337711543537,0.25634023619688395
20150204,0.7293312343627426,0.7710360597509553,0.770697440989908,1.1255798754218629,1.2815065990444958,1.1570445989188598
20150205,-1.2885989845195804,-1.5623292078513171,-1.5576510446719272,-1.8841779251890964,-2.0292969829098815,-1.9136035471884913
20150206,0.6125882101070148,1.057900751014317,1.0535703596555415,1.1581902286078631,1.2057572976773854,1.167926248506607
20150209,0.19308260130895286,0.22940394763531533,0.22902022050779475,0.2580586276597028,0.2709520147976323,0.2606719675513449
20150210,0.7913975538762783,1.4675651000115717,1.4611985698320797,1.479800010202561,1.4903735989719225,1.4821398362264055
20150211,-0.06648424638668515,0.06169879748070767,0.06053356977200494,0.03605132094666602,0.02574383794980073,0.03400995298913223
20150212,-0.20478574226025534,-0.11317969677579232,-0.11399442103574975,-0.1435865177217593,-0.15626983072759626,-0.14611853206078984
20150213,0.4180736948941926,0.7544475968118052,0.7544356130512287,0.8018843668561948,0.8227196093927539,0.8060876654787685
20150216,0.13956505941406008,0.21488035811977776,0.21488341136256484,0.22559897187668038,0.23030210844291502,0.22654759478025774
20150217,0.29834827684558135,0.3792774557968518,0.37875107106111006,0.381805973807878,0.38334615553536855,0.38213376832064955
20150225,-1.5659033262905746,-1.8456712818818355,-1.8426735643139063,-1.8344196403481907,-1.831929525622661,-1.8340147560697198
20150226,0.7955238799300396,0.9519950513144252,0.8277238890271859,0.8548669107738303,0.8666651489489041,0.8572367266836689
20150227,-0.10522038206541032,-0.04076479468176958,0.7549132549364304,0.7463960206592806,0.7430745933678297,0.7457619261540402
20150302,-0.34234592667165054,0.3499188962721372,1.2488399483846966,1.2423321212387664,1.2399505893858456,1.2418925860030123
20150303,-1.4715868092157496,-1.7941614963114811,-2.0223772213759927,-2.0405645576655793,-2.0486922659805833,-2.0422163963027096
20150304,-0.3968721134953195,-0.5553936944304776,-0.8826727167042085,-0.8872302385057653,-0.889317606810194,-0.8876587438048357
20150305,-0.4723384617962084,-0.7125021019609203,-1.0556753666649115,-1.1390862777661988,-1.1398502371069963,-1.1392534037536892
20150306,-0.008974832439957973,-0.01905028457768576,-0.050271754789510834,-0.05025695582531323,-0.05025708429475306,-0.05025755120722998
20150309,0.24935430468088338,-0.2339973727592088,-2.889647350900456,-3.425350318067215,-3.4266318185525697,-3.4256352129453407
20150310,0.04573405072249523,0.08923829599677525,0.33543638753078764,0.02698248414378604,0.17271501390598562,0.017591306146511165
20150311,0.0242499363611373,0.03083115847519353,0.06859108545416591,-0.0037027291179413876,0.05115338829911284,0.014793465520548665
20150312,-1.3284504624703999,-1.1624500237770907,-0.25622325918492805,0.21702765950299477,1.6452518038788058,1.8834358763544676
20150313,-0.23220699066816006,-0.19588366988199377,0.0049804561431602,0.148020072859524,0.5097503789664081,0.46714035433139756
20150316,0.11814441056909267,0.18085303290346327,0.0988349344546951,-0.061935782082884944,-0.19930391192021,-0.26610968173515404
20150317,0.5239993182099726,0.4810992832601453,0.47032436078526546,0.3805188124508398,0.4123635522277596,-0.36918914958138527
20150318,0.7840342027375987,1.5517155571321979,1.2976400103460546,0.12168118798419325,-0.26034618017001887,-1.2584711681251533
20150319,0.5562352346152575,0.619115906888492,0.5830874075432942,0.41117010137930077,0.3437153968031663,-0.1254486434929021
20150320,0.6683565374902196,0.7376835310371161,0.7015795870633772,0.5300114527192595,0.41003993549749057,-0.015110274124877518
20150323,-2.4447657769719333,-3.038691349163641,-2.832848108779001,-1.8769796653303998,-0.4126704394776426,0.595662061476812
20150324,-0.7593562515812545,-1.8043314803670896,-2.4577369062022183,-0.1394094010414687,2.4070307210043103,2.5641370900991807
20150325,0.8322428962901153,1.4852545067900262,1.5574579834749833,1.16133050131944,0.8158693300725668,0.35399410620499555
20150326,0.4328117930771561,0.5109659226461065,0.4515216601055999,0.6113530587745778,0.8196317192849782,0.6716731311490867
20150327,-0.5361217747784873,-0.9981518112154218,-1.1109751288735472,-0.6427847283911363,-0.1720115550160446,0.07074476625486681
20150330,1.1932072345887326,2.00427499286373,1.8747841203587114,2.2266808990714884,2.6820925918858762,2.3716235291099714
20150331,0.5805894585772038,1.2521449887689682,1.2669485275401984,1.1532322849661105,1.067524437837322,0.8695963210253352
20150401,1.2387971663173534,1.6454120600639632,1.5851227172248266,1.7461738612350053,1.9569316279520006,1.8035265738712223
20150402,0.13200091814037487,0.1463664272915467,0.13913357035413385,0.1617638751394479,0.18856332272340934,0.1806705057493065
20150403,0.1915221090671851,0.4178202870109376,0.4404598600332668,0.3435421080144884,0.24771568411732325,0.18957321298746216
20150407,0.380662597620518,0.5743492695669821,0.586965247870531,0.5264594151847553,0.4700847869433604,0.4170444236323083
20150408,-1.3245685696549807,-1.7548239843802087,-1.7742705349792702,-1.6683420068863484,-1.575647151272077,-1.4536657474377082
20150409,0.11164364559883132,0.13555225746945004,0.13606759261063675,0.13205792038581232,0.12905093030270065,0.12199865591587875
20150410,2.017572483239194,2.203617976849021,2.189797309727547,2.217790358075044,2.262017578018286,2.198498485077995
20150413,0.6437075624401256,0.567372258725603,0.5487618297342494,0.6178843943423695,0.6918280076423569,0.7061223976598228
20150414,-0.0971250410119992,-0.14193066882744687,-0.14609037374654493,-0.12797285678591497,-0.11022405595230483,-0.09855577025564194
20150415,0.31448199354362383,0.34699610810356096,0.3478329226279886,0.34192856729832743,0.3373234845091443,0.32779877132832347
20150416,-1.9139325724684086,-2.0059996613983544,-2.0022370953619832,-2.005875574672213,-2.016092810752685,-1.9861506934707316
20150417,1.9514564647685897,2.2061797033802284,2.1951431486999637,2.2301423658151327,2.2712496007324323,2.2606920096984706
20150420,-0.0361014629731848,-0.22105435359523135,-0.221293667823506,-0.219370708610787,-0.2179464122234891,-0.21447791732934193
20150421,-0.2105095726867356,-0.8856642619414637,-0.8848473390201921,-0.8852308333569229,-0.8872630823063622,-0.8794709433477533
20150422,0.9072930737049314,-1.3496354991728434,-2.496660332741273,-2.483486185875888,-2.474183562440265,-2.4482119633666692
20150423,-2.384974844580367,-0.6052985923290854,0.2997401714596928,0.2792422197128006,0.2606502198548075,0.2402238972590438
20150424,1.121709000356613,0.6527325602897636,-0.26805659862480424,-0.25880546699200546,-0.2505840318412864,-0.24054264789886337
20150427,0.897148234006072,-0.2988392773508268,-1.472019474767377,-1.471164565210179,-2.185373717058495,-2.1725455396105273
20150428,-0.43509568704409374,-0.43060023625825017,-0.31473062069317237,-0.31689064860330896,-0.24902475449640007,-0.2502851994176125
20150429,-0.30212209621243175,-0.0976502351833294,0.0913531816637248,0.09112771828539326,0.20607630307749827,0.20400991524106038
20150430,0.24586053111743755,-0.4284993665277566,-0.5676889984968152,-0.5692810302453584,-0.6561980492619404,-0.6546707436313643
20150504,1.5016255101073812,0.5920613066012306,0.08593448021713113,0.08600459241720826,-0.22250023884425335,-0.21696503790660362
20150505,-1.0492066657383428,0.4272025254261894,1.1657268904941525,1.1683002583565871,1.2768880306036654,1.274991587670905
20150506,0.08537766579202677,0.5521504529512393,0.7382738903492068,0.7394192239079227,0.7253321298725013,0.7256076709571527
20150507,-1.46965655584081,-1.4670454536484614,-1.319662511169115,-1.320681128358952,-1.1711631041175212,-1.1738654074801431
20150508,-0.9477964918181312,-1.828678838448525,-2.01073074580711,-2.012494106857628,-1.9450548785645805,-1.9462997550789414
20150511,0.26000371914671977,0.9562810070890557,1.3918199647115237,1.3927924062585788,1.1456348573872492,1.1463532109813261
20150512,-0.24445902254092983,-1.4295323114195833,-1.5931961475584038,-1.5938804123844093,-1.1761345311916285,-1.1773456038565455
20150513,0.03280016910622752,0.08599460096551226,0.5572268210632069,0.6308602732143613,0.6909894426258056,0.690816722676765
20150514,-0.2911331156762474,-0.048429211014167806,-0.2365503846251052,-0.428850147561354,-0.5856302780622333,-0.5851772055238273
20150515,-0.023337867359993495,-0.05642365209582926,-0.3505567509580144,-0.3702336897682624,-0.38631436846398387,-0.4152568470490674
20150518,-0.21895440657618076,-0.06029318758364785,0.6315991654312325,0.583872453422481,0.5450263464931052,0.3854774796036853
20150519,0.7238237476893862,0.36744711527310464,-0.9839776882031589,-0.8081487179327317,-0.6648858879695525,0.3212816336460953
20150520,2.178707193955706,1.6294313138710366,-3.415739887711096,-3.2709697716735087,-3.1531822459436536,-2.338028208605736
20150521,-0.9734660976421661,-0.7841935145215106,0.7797335423351829,0.7220454169046233,1.0132825102838416,0.6888277838074149
20150522,-0.13357288606433437,-0.15757435377698514,0.29342724745060544,0.3297646891107827,0.7874450131902239,0.9906317457532666
20150525,1.0112094153719529,0.9113277230571322,-0.06509904586180724,-0.04141076366653314,-0.913435130479285,-0.7799294451542806
20150526,-0.8512048898049523,-0.7674166344776533,-0.2678839682286934,-0.3020388524280591,0.13271843488547547,-0.05902651105642248
20150527,-0.46394634006796637,-0.4396359350734265,-0.16109833199623003,-0.1650365584335713,0.42213874296973153,0.39984721234341414
20150528,-0.35089045827329685,-0.33560177790376844,-0.17728300282195492,-0.18051294832939643,0.2522425819917026,0.2340180221027972
20150529,-0.7653633613827311,-0.9529753280069069,-0.6435342036863321,-0.6567872779140245,0.2708445111755111,0.196346536254486
20150601,-0.03712491308656381,-0.06684441433555001,-0.06303021025494832,-0.047948086024404105,0.0057371072845288085,-0.0003349525763053779
20150602,0.06618067855397448,0.012060720838403538,-0.6809106464494097,0.34221500013039696,1.887727431233931,1.9274566824014663
20150603,-0.056995002029433875,-0.24625540425130138,-0.07889565908453433,-0.3086237305740214,-0.6542146830654381,-0.6745928823839864
20150604,0.08868455834409668,0.5273632746147383,0.32263627800482997,0.6009222558245076,1.0193187497605074,1.045944793919837
20150605,-0.47579936944872125,-0.1222373219702719,0.07627426513624028,-0.2483427730613856,-0.7413012792902617,-0.7331069230059241
20150608,-0.012994403521686081,0.11884606024661622,0.11374326570575581,0.11454131002942053,0.11519160763531659,0.1196663920877074
20150609,-0.1629750800198268,-0.08686764521187917,-0.04793244964915699,-0.11196346623176195,-0.2092269397668699,-0.20739494283954302
20150610,0.034380090975660214,-0.06153932277535423,-0.07213519378717136,-0.0506825790819069,-0.017797930498247058,-0.020796893125072824
20150611,0.9982806895213224,2.508823406880883,2.506501293230491,2.429191974060466,2.3057552341229566,2.3560174717192908
20150612,0.3948398637305201,0.6420155798466853,1.1429655958140073,1.002042790179334,0.35272035929318446,0.3741198522902027
20150615,0.13860469168914674,-0.28097623762355484,0.68990762938028,0.4210505239916246,-0.7975036904681049,-1.747844655367357
20150616,-0.4364936633540155,-0.94327319930277,-0.49275448752012413,-0.616031511930296,-1.1676239760103027,-1.6073582401498516
20150617,-0.21854283950606151,-0.4430635128471966,-0.26799272646591965,-0.3157670837204063,-0.5288904295044795,-0.6996597311427167
20150618,0.3849909971723029,0.5803282140537004,0.47501826080096643,0.5034698755413991,0.6289937336789365,0.7314743997496265
20150619,0.4700829908112955,0.3153802387880838,0.5125904906996366,0.4583086482256217,0.21387435513672443,0.02111557489068698
20150623,-0.9151628728478798,-0.7946787213979539,-0.9840434551672637,-0.931787937303744,-0.6958321507127485,-0.5106292167750706
20150624,-0.04137549700389327,-0.05261977319644753,-0.047115899447478495,-0.04859797079678295,-0.0551123426560621,-0.06046419476633789
20150625,0.5597032289614935,0.58530297090311,0.5988321736283976,0.5949364773216335,0.5765601636557708,0.563191074915401
20150626,-0.8818064414501742,-0.9341369715748314,-0.9355100989933477,-0.9348787684572549,-0.9308061872522315,-0.9292498059030737
20150629,-2.2189223878074595,-2.3970801961172516,-2.5359817858786093,-2.49756328616706,-2.3236597151783105,-2.18773613790274
20150630,0.5139359930406724,1.3229995168268773,1.348038095536549,1.3409716295627312,1.3083034204400346,1.2836823546494505
20150701,-0.24126593000775862,-2.391174969799047,-2.4171973205671398,-2.4097516432465116,-2.3748496091017266,-2.34917529303056
20150702,0.03207666547382666,1.3054979570299283,1.3829792982002802,1.3690110972961609,1.3059997455520351,1.2564599340659393
20150703,0.019615369205775487,0.4022788821969538,0.17547282676133225,0.17051004450882157,0.14833498700636455,0.13061554133555314
20150706,-0.9005737445597672,0.08752712967550413,1.9545334783798385,1.9562173134617789,1.9629139434263136,1.969387172633683
20150707,-0.366317030074657,0.1982189014793393,1.4090345330513254,1.4107226295744497,1.4177514690452662,1.4240653268177788
20150708,1.7459847894248168,7.009075047078143,11.23426866231307,11.21442609668396,11.123001874042886,11.0536945845271
20150709,-0.6353784667500446,-2.2418698525788265,-4.566248930451818,-4.565404535985205,-4.560491026178221,-4.558111971292449
20150710,-0.2612205058498094,-0.5703558094150336,-0.912965178310027,-0.9122754228087703,-0.9090040208096606,-0.9066468528710762
20150713,0.29432000258640634,0.5925679532585993,1.1451002207255017,1.1455530350845733,1.1473298129036178,1.149084002319686
20150714,0.4340802934581751,0.6979782797995187,1.0727621414125974,1.0725879617523069,1.0716243495539877,1.0711057659078476
20150715,0.5009559843436087,0.7034644078385608,0.8772977109260779,0.8765909498970152,0.8733234299918735,0.8708610194678708
20150716,1.5505333062540614,1.9976523023666974,2.148259569026988,2.1455243574132363,2.13312790491531,2.123459364724035
20150717,-0.44318172295694747,-0.5397990950460727,-0.5311421670971858,-0.5303435650420628,-0.5267492671241589,-0.5239123396605377
20150720,-0.79023682085683,-0.9387119792923708,-1.063597541435799,-1.0630664341454286,-1.0606137422511055,-1.058761795480447
20150721,0.4411014387421272,0.5034263770731626,0.5051623578148262,0.504684080093336,0.502528176637396,0.5008309990647161
20150722,0.5185147723566693,0.5793698102955123,0.6181816484730924,0.6179016277458043,0.6166213665938376,0.6156377584766447
20150723,1.740632048004875,1.8992569736033078,1.9087486087325394,1.9075568879913023,1.902182576467025,1.8979551065926668
20150724,-0.48083394263065676,-0.518523412962789,-0.5652512775564723,-0.5651921556516672,-0.5649034682533038,-0.5647060420824117
20150727,1.2872264497452033,1.4638913336012296,1.4899247659808832,1.4893957102184356,1.4869994155199884,1.485128463387287
20150728,-0.5309103754682519,-1.038563686531135,-1.0926936064759667,-1.09257445290435,-1.092011737506802,-1.0916031982731278
20150729,-0.6437929359955256,-0.3643637608088213,-0.34444423632977444,-0.3442411735705734,-0.34333569323374513,-0.34260962808492124
20150730,-1.887149594733294,-1.8651499973883485,-1.8630639183177011,-1.862600263059403,-1.8605120702272955,-1.8588657784762936
20150731,-0.08864769016932023,1.0832093990412557,1.1188653065375658,1.1188197463768845,1.118597448354725,1.1184452150728132
20150803,0.6618796808727914,1.5152853961145742,1.5074368315809201,1.5071421922482773,1.5058183183650207,1.504770413583211
20150804,-0.209722902945161,-0.2372314772845981,-0.22918550939164756,-0.22911114751617495,-0.2287799177378772,-0.22851383181421958
20150805,0.05924083190370094,0.42024168899816217,0.4354903454792618,0.4355202652001982,0.43564780698579764,0.43575806155753605
20150806,1.0786073524046185,3.337250763198054,3.359730513539096,3.3595418801563683,3.358681192492555,3.3580176192040496
20150807,0.1695506007856488,0.6357944192399507,0.6325510874499638,0.632481856792656,0.6321714569179174,0.6319248613118418
20150810,0.6132840513733785,1.0948992377131774,1.0979222435096585,1.0978752184242395,1.0976618857225087,1.0974957748171403
20150811,-1.8658784058574593,-2.8938232814001794,-2.8996547727768545,-2.8995520188622286,-2.8990862375183086,-2.8987230648603304
20150812,0.04711604634468536,-0.001010696765729735,0.00021972312098422764,0.00023031056870503885,0.00027742971397518024,0.00031533689141999277
20150813,-4.688669886829296,-5.879329217421057,-5.89164161754692,-5.8915439534877505,-5.891098015122317,-5.890754632259876
20150814,0.6254299501251361,0.8101604055187981,1.0752198777313131,1.2088126313313996,1.208754248072255,1.2087098948017858
20150817,-0.5102236067046015,-1.1007652500988612,-1.3187421046895138,-2.0517834987510017,-2.051638978204371,-2.0515265296550305
20150818,0.06727220186293621,0.4247711124286634,0.8255187909487449,1.144308589156135,1.3526049479179139,1.3525565104561843
20150819,0.21952539698107412,-0.9022181138679979,-1.7403735983379087,-1.810696551434763,-1.8363020301573372,-1.836298268708956
20150820,-0.446154370921693,0.1763586954926269,0.5881745177077363,1.5220335433789351,1.6625120473225907,1.6624797737499368
20150821,-0.5288434395588505,0.0983307706855461,0.5771614145604426,1.381539728857116,1.3716715488773443,1.3716752274105941
20150824,-1.6287430423257458,-1.0945607135344209,-0.8802112576081225,3.3050876451115747,3.754881554806171,3.754775149599024
20150825,0.15124890726575313,0.35136742707184354,0.52755341102969,0.3512423479990301,0.2926769657433943,0.2926913875475308
20150826,0.13451371865085748,0.290283846281288,0.41290456255096863,0.539807635260334,0.528607791277894,0.5286107964455986
20150827,-0.4476327850649825,-0.7172111040737708,-0.8912937742938919,-1.8044721631031981,-1.8753791423902437,-1.875362758294561
20150828,-0.07811911343051725,-0.04594539008391768,0.01354210061855926,-0.5816579269850224,-0.6648685590215779,-0.6648485987689499
20150831,0.35955528257348723,0.46739214620716746,0.5345623692008423,1.1284406930670796,1.1626457791403815,1.1626378288384762
20150901,-0.47237069343552507,-0.9517535727771188,-1.0520948320570318,-0.08378955400789678,-0.027940332710187477,-0.02795389754450084
20150902,-0.31346846209633605,-0.24518309769637592,-0.26554921196337106,-0.6178771854103292,-0.6332075103582695,-0.6332039200538048
20150907,-0.5131098536382173,-0.4035510012725746,-0.4168604094525459,-1.1168152305356944,-1.149653881300083,-1.1496461063416732
20150908,-0.053793916361702984,0.1808713941588216,0.19173403195240052,-0.18710533927943815,-0.1991651201472218,-0.19916222106298045
20150909,0.0606545534593452,-0.6257110627792404,-0.654650222027803,-0.7518917595732237,-0.7742325349768051,-0.7742322916213454
20150910,0.60423858950717,0.4973347230910462,0.48101654410665445,-1.2470899959474833,-2.8739272707622336,-2.8739164115909914
20150911,-0.20230630150744355,0.11471500815480402,0.12800953563199421,0.31369645456741485,0.5111896295372413,0.5111895831099955
20150914,-0.1928154792292765,-0.02253664190534594,-0.015258952025369811,0.22675262752359127,0.3535065823092036,0.3535064319249446
20150915,-0.23108557424804813,-0.20492908366903748,-0.20393340263516055,-0.04989428394243557,0.09735820498452943,0.09735731354684339
20150916,-0.16092576885125595,0.386322362893482,0.3928355743509024,0.5083878771803689,0.5132850559702491,0.5132856489988279
20150917,-0.22116408055461678,0.1566943798356254,0.16137279298371085,0.32512624766412956,0.4153945518710426,0.41539439630432
20150918,-0.4726812436709734,-0.13467245784694393,-0.13028489069330856,0.11004130079895463,0.2878943836220075,0.287893612979646
20150921,0.5025213331560129,0.5568352777315109,0.5572846843161907,0.4774699346296982,0.3834995590649808,0.38350023218287765
20150922,0.2748952339497265,0.42942934108235764,0.43127121911049093,0.465129772138934,0.46778379337205805,0.46778395256749294
20150923,-0.4966504788668119,-1.0553003089145607,-1.0622474238869841,-1.3183674974877921,-1.4663297264219302,-1.4663294021020694
20150924,0.43950911367739676,0.28869968667704105,0.028945518905157952,-0.0789736824022983,-0.15904333235076268,-0.15904298385097582
20150925,-0.4098600255776294,0.0758836981138129,0.8703105291502723,1.0699426346940863,2.1654230106038015,2.1654228838054843
20150928,1.0982822855551155,1.7387675066978328,2.769421019774834,2.973590595656961,4.335929016702497,4.335929246925562
20150929,-0.9935453048027586,-1.089940006416723,-1.2362522014315183,-1.2361245668351457,-1.3982531506188403,-1.3982533929011782
20150930,0.523135678590508,0.3640030266901163,0.09553943813330412,0.0013838640426668825,-0.39748785878476645,-0.39748762374852775
20151008,0.7473691292437421,0.7728391394592801,0.8091791333867273,0.801015942939369,0.832550000581649,0.8325501193035558
20151009,0.49040775796658226,0.5280292022765843,0.5875675929809259,0.5960515211668672,0.6711946823424977,0.6711947194767597
20151012,-0.24273585520677804,-0.21417532766413938,-0.16534246725799556,-0.14616556279005832,-0.07140955719077907,-0.07140961470470752
20151013,-0.10212626692939195,-0.11436062020394502,-0.1343868231209153,-0.13947484164677257,-0.1671498551365342,-0.16714985153970563
20151014,-0.3632058545896324,-0.38021139748821836,-0.407486294101829,-0.4125917170656889,-0.4483244968487702,-0.44832450508441374
20151015,2.352020153343578,2.4567510865025,2.626004836597306,2.6619250489896644,2.8882168482884234,2.8882168688770373
20151016,-0.5064015345209161,-0.4670458731620566,-0.4004151263779612,-0.37630182446104965,-0.27650495268273545,-0.27650501637777736
20151019,0.6096275440409475,0.29699243927264307,0.35191888558279394,0.3678901663337476,0.44596092029849,0.4459608959168412
20151020,-0.35816636394045215,-0.10688830995594756,0.185718982453715,0.17788279218345193,0.14435667857765033,0.14435669764847348
20151021,-0.3546028725276788,-0.22655961043626824,-0.173188434734525,-0.17653696008840875,-0.19377778682065333,-0.1937777830067401
20151022,-0.5912474365557282,-0.8708147633135931,-0.9647723558012837,-0.9683933633678106,-0.9932056468354209,-0.9932056518865476
20151023,-0.43587374948888663,-0.39480262813352063,-0.36718362298941776,-0.3695088361927591,-0.38284895008810566,-0.38284894947471615
20151026,0.8833494487342128,0.3105905684847371,-0.5198123416666258,-0.5166141575303203,-0.5043341618911759,-0.5043341717614782
20151027,-0.8689926203003098,-0.6418059247847586,-0.3130782174938804,-0.12884063720193906,-0.14208512000019707,-0.14208511614854208
20151028,0.24099742298997529,0.5280549258179325,0.6483820822531833,0.7881589404839278,0.7982559554050485,0.798255956914122
20151029,0.5596832660602984,0.3659963740919732,0.029038451049145365,-0.6683346125403641,-0.6668854406735474,-0.6668854447021435
20151030,0.5311401468724305,-0.08544653556758935,-0.3589771175472398,-1.2011907623005473,-1.2062505777823334,-1.206250581094007
20151102,0.6519202336170478,-0.5507545418302218,-0.7514489385856835,-1.6079408130825312,-1.6166305839884503,-1.6166305864513293
20151103,-0.1313166638146227,0.6013227625618146,0.9514510096086373,0.776749258468986,0.7185359948337702,0.7185359944558359
20151104,-1.1789057477202098,-1.2737305549419011,-1.0853607902443443,0.14868524932786364,1.1911326222434577,1.1911326255733483
20151105,0.5204216814099724,1.3841667637197232,1.9931556632278533,0.5949144551113243,-0.1320656115261507,-0.13206561379682724
20151106,0.6727922440066679,1.174462245048531,1.5275662209780727,0.7058186947114053,-0.11277496223280514,-0.11277496356775951
20151109,0.09399869269327607,-0.7876463445703686,-1.501820584725909,-1.5575093077349165,-1.6169879716547155,-1.6490368681870058
20151110,1.9629533580094956,1.5063233504051798,0.7942762651092842,-0.2550675386605389,-1.3051816973164825,-2.673196250779347
20151111,-0.6619101545322764,-0.40485204305612776,0.22404653489819037,0.4354180557750577,0.6476665600975502,0.9230394899968078
20151112,-0.38174878412908186,-0.4495026751354718,-0.7405038975718212,-0.5480935051805546,-0.3562042213801566,-0.10518800326869243
20151113,0.1426255652411318,-0.1901542204929485,-2.0545909036925623,-1.8484076832733005,-1.6439205001600405,-1.3746383724500597
20151116,0.19090735143550483,0.23903356206342286,0.5330331347740719,0.5566519995198604,0.46284724898411733,0.3400355415454923
20151117,1.7854643195609854,1.4309648478511603,-0.46133334895548306,-2.1600427837226976,-2.1895358537025196,-2.2256152227486115
20151118,2.5708157329415275,2.5747892218712716,2.766089912122937,2.542494150852803,2.094461673476664,1.5094339019092136
20151119,-2.2935497634403617,-2.089833959892177,-1.0335929092809866,-0.012934558629690729,0.08621158862569778,0.21427127975408722
20151120,0.12501604303578218,0.031467402471018424,-0.5067743474421906,-0.8995766451346452,-1.2096874266238147,-1.0853727158964037
20151123,-4.716545130699279,-4.5918487400676335,-4.042902445222943,-3.278935850540214,-2.590874258052996,-1.7340351513643828
20151124,-0.9133853790120418,-0.7438402488089322,-1.3963686754977842,-1.4279451877816098,-1.6231027813803212,-1.1269304529668185
20151125,-0.6947916138104451,-0.8679167165590995,-0.7581256350429841,-0.5473094324351572,0.10979049481426517,0.4286876087925098
20151126,-0.22231033588942073,-0.40576405453942266,-0.40312445669816677,-0.31352979496699507,0.06261862801814502,0.23578996847009204
20151127,-0.1824478725550438,-1.0073747231218178,-1.1771475121259418,-0.2655310947837912,1.2689491228648033,1.381895445132582
20151130,-0.0946169028281933,-0.047435622804970025,0.08730230079171206,-0.0036589930707790048,-0.1327805224448237,-0.31469564846741305
20151201,0.08156069481035347,0.16571760154121803,0.12888353661777902,-0.13023092235650674,-0.2688611951523202,-0.021459243618897672
20151202,0.3395610414933264,0.40996087803115017,0.31897779138081833,-0.04118959823279719,-0.13725448544172286,0.3162369077240397
20151203,0.6343717405469547,0.20715898145785627,0.10801478880608983,0.741419800352989,1.5398079611868418,1.4562362815566157
20151204,-0.5984598036406868,-0.588914965080256,-0.5173104737878331,-0.36607893886975684,-0.40686979490315767,-0.6893077281155002
20151207,-0.30627764546581143,0.20438862933433388,0.19568596604034366,-0.11271191427986504,-0.7324187985659839,-0.16539836171775335
20151208,1.2620789030202761,0.6199314773443689,0.5673143507813342,1.0459391050998363,1.9405048995635341,1.4704815091114245
20151209,-0.4071822918459542,-0.9571787787276762,-0.9074833460985526,-0.8510298489910622,-0.34159104526846024,-0.7436292357913463
20151210,1.698708202209887,1.3867372252808554,1.3311751569415784,1.5551319511242112,2.0241417470836365,1.9960528132280462
20151211,-1.7750931264113277,-0.8722517704047038,-0.881246095983188,-1.1402581187604113,-2.132558402889704,-1.6458898059002487
20151214,-0.10260676032036976,0.014093643254524807,0.009454694994697657,-0.016058029437657245,-0.13684846220479624,-0.06564226572225258
20151215,0.3820758732183547,0.31735301089450163,0.3117763824050227,0.3446023414391328,0.42911292585099303,0.4090784394514353
20151216,-0.5606834687913937,-0.5677263745429136,-0.5571930309101055,-0.5791514996774564,-0.5939041475928826,-0.6226816958166173
20151217,0.8832553934951998,0.8476293157097226,0.8360133224407283,0.8736682345813738,0.9385590302835327,0.9479359860506196
20151218,-0.06164030311561661,0.004013997749395426,0.0030973312391767704,-0.015136112003731994,-0.08673130008768357,-0.05071396316984411
20151221,-0.10910984274771884,0.20482693583450606,0.19973392496221276,0.11417446246401464,-0.2266436919917283,-0.05272618930301487
20151222,-0.05072559182279385,0.036508962600052264,0.03657772753683686,0.05152379626691933,0.10601850771070437,0.08072730401454792
20151223,-0.06489304766081877,0.6499801055344402,0.6463885346835478,0.6757460041090296,0.7598991964228476,0.7333273318798983
20151224,-0.20591729692822588,-0.27610747449482503,-0.27475724361009357,-0.2743266324849216,-0.264476448102251,-0.27356448669083433
20151225,-0.09518056544649905,-0.46796293287653956,-0.46610531654965487,-0.4814649563607804,-0.5256252261201743,-0.5115898761149529
20151228,-0.803425140310323,-0.6544501466647944,-0.6524557054178681,-0.64284033511609,-0.5958048628764931,-0.6241672289729132
20151229,0.5699019840000821,0.8629257019489236,0.8608099370414958,0.8533122615829908,0.8131931613366579,0.8387846765845915
20151230,-0.11978995070252774,0.2293291153076732,0.40371853964328175,0.40730356573574267,0.4148731192965919,0.41436108928300924
20151231,0.4916559294661687,0.8513123289892445,0.9297539895392632,0.9286132648383316,0.9150300561134694,0.9264745562428119
20160104,-0.45179512315064924,-0.0050624710614372015,0.30918047607165833,0.3181186321179599,0.3470486103337357,0.33561814278668356
20160105,0.21721334874417603,0.4344101483759503,0.6072135364771443,0.6111034291469769,0.620686365430005,0.6187480094926455
20160106,-0.8324025303434168,-2.191864892044862,-2.4041918502615616,-2.4059151979553874,-2.3988327000923686,-2.4094103963406326
20160107,-0.07988089664333299,-0.3329150147280656,-0.3542833946900284,-0.4705656597459068,-0.4681028549803514,-0.47037006863880315
20160108,0.003992862949990239,0.38224410839301465,0.4054205677229972,0.8222702716734454,0.8180359547379645,0.8215692436009665
20160111,1.0226201515278537,0.2769560665780684,0.31150088282502775,-1.4366899848715098,-1.4232835398837176,-1.4315678918966452
20160112,0.20642777307002527,0.06116939566670141,0.06131617362924353,-0.24911577787792885,-0.24691922060082722,-0.24842482836102875
20160113,-0.5000774800738068,-0.4540136399878524,-0.47350948147096616,-0.286065507240312,-0.28798844954860686,-0.28719125573253723
20160114,0.18932222571222349,0.1489061759429336,0.15159215653810904,0.05311465260717033,0.05389260272430402,0.05343020372425348
20160115,1.1566208149552246,1.57568744488852,1.6147242045692645,1.30143314831274,1.304845466182261,1.3035502539164572
20160118,-0.9270370388117941,-0.6418181347064434,-0.6366822177483555,-0.19331040967746455,-0.1962832889042559,-0.1941020907282703
20160119,-1.3370149298362577,-1.528167916390696,-1.548712775554682,-1.3219089924388274,-1.3241421144588934,-1.323159966084121
20160120,-0.6276414943106141,-0.6550168966772153,-0.6798331740210765,-0.9134678122855739,-1.3571059466751891,-1.358382831412512
20160121,0.3553816094663612,0.5144024265597926,0.5134970997034638,0.3660373050864812,0.13755069179684437,0.13696168026606198
20160122,-0.5739501751228389,-0.8221557090701896,-0.8285024372212523,-1.1304337236617337,-0.9238813125380557,-0.9233902469253735
20160125,0.3000071185387002,0.8063956242860252,0.8070866682564185,0.7443329081599525,0.5743850563332129,0.5738814098234636
20160126,-0.07798629830488135,-0.18015185827001698,-0.1806864226675325,-0.19505949137071932,-0.21106821445172344,-0.2109747990355061
20160127,-0.051085132654324544,-0.2430077793267639,-0.24560006490496802,-0.38124945200212446,-0.7655526281546531,-0.7654100865068771
20160128,-0.17834815702424833,0.38310564039570766,0.3862815182380605,0.5464611849279163,1.2766989267341966,1.276496012119889
20160129,0.142630297738911,0.7698848081447837,0.7716373280771653,0.8310376710097511,1.358487497668404,1.358239050776262
20160201,0.2230268588604032,0.4149193021647463,0.4149273354662301,0.39793709106265296,0.3656669438341551,0.36558454044849353
20160202,0.3134150698875592,0.7790506993704188,0.7753739937583155,-0.5716558540789879,-1.8861115197870684,-1.886077321635195
20160203,-1.3594160034811051,-2.2137576822016722,-2.20863005598784,-0.3088503428614492,1.5616589123880547,2.6771340636926295
20160204,-0.9481265738349307,-1.6531920558684303,-1.6497653585780332,-0.3663187544837081,0.9081411531678151,1.6548626868656182
20160205,-0.47214100091361716,-0.6751004984290908,-0.6745367571073911,-0.4544049979927603,-0.22889540570372308,-0.10522529299173172
20160215,0.9009830138145375,0.8572852126396401,0.8605540202357844,2.055624573860142,3.2198134110346044,3.929448870223556
20160216,0.2714649889578253,1.0511724313847295,1.0497052618295413,0.4906274419031703,-0.07189614246286391,-0.39248743970024735
20160217,0.5067353878683168,1.0059312142736305,1.0053701537816935,0.7855739652180175,0.5598828499522389,0.4367356534529332
20160218,-0.24249210207694127,-0.17633824774321175,-0.17669677044346066,-0.3096032333723747,-0.4405197301648253,-0.5185203529415642
20160219,-0.11813967617060561,-0.5484449350056786,-0.5475710703486671,-0.21559486106942272,0.11765729949811443,0.308512248437645
20160222,-0.22857352006328865,-0.13568984180042032,-0.13600005392887418,-0.25206121052211766,-0.36721213009903186,-0.4347997389364267
20160223,-0.7999727671853523,-0.9879723041180477,-0.9878618403478684,-0.9419101661495333,-0.8927551209243756,-0.8682640368948655
20160224,0.9441123330663151,0.07490073443794709,0.07563645972987154,0.353063284004679,0.6299842123481838,0.7904792496141821
20160225,1.962684520007332,2.1454411976183057,2.1460741648510324,2.6393186094071948,2.866229971179175,3.0037196827873798
20160226,0.9105541703879432,0.7775066604792692,0.6743009814926479,0.685231350285595,0.7790169561385184,0.8344499868220128
20160229,0.5236448176815856,1.1678994279903332,1.9381064285855176,3.6153963561441476,3.6938308969896045,3.745237531986985
20160301,-0.6484721419468873,-0.7307099344504528,-0.8454133460046763,-1.1261414313479996,-1.1684242651736327,-1.1943660699650165
20160302,-0.06285201859655841,-0.12915922862537402,-0.20395392798486495,-0.35838634076303594,-0.3576456146888412,-0.3576437232088944
20160303,-1.1248469761036124,-1.0178918960605947,-0.9264583131693886,-0.796116326047862,-0.8548344941530773,-0.8893825016284904
20160304,-1.2872954367755667,-1.3758199602030001,-1.4928699139373292,-1.7689497129075096,-1.8018188008383473,-1.8221492909728805
20160307,-1.696866671053747,-3.093608852489694,-2.5873370360721024,-2.4416681889535226,-2.548192941602384,-2.611126769081753
20160308,1.4058929920206158,1.501775749137861,2.0233685213665273,2.7009581101548337,2.7353733704743575,2.7566811605623407
20160309,-1.095851889643119,-0.4569830370409925,-0.7424042520891222,-0.7428160194424385,-0.7140123000304592,-0.6977123879431215
20160310,0.6708187440752902,1.496712181584753,2.183410542900038,2.633754914026224,2.6534480820730755,2.665810061346928
20160311,-0.6594181769682932,-0.5976473672857371,-0.8069937863834403,-0.8547416487659577,-0.8430115605364176,-0.8365021218470373
20160314,-0.0005531728992216028,-0.010931615071416538,0.008242929212157961,0.0059029955835447,0.0052374247877435,0.004854432141147627
20160315,0.054761145071157404,0.08573934726282048,0.026282773891119743,0.03623608969144776,0.037848750031728315,0.03878830660239049
20160316,-0.00820997742291469,-0.06056648796421944,-0.4011977031606666,-0.43369453677230285,-0.4344456858469731,-0.4349586009404568
20160317,-0.08199123328545016,-0.3113535210273151,-1.3728112608026557,-1.9472148646440413,-1.952155140994126,-1.9553003180791477
20160318,-0.9562406634116931,-1.292431683142828,-1.8734261770160006,-2.2288280520013224,-2.23980256510265,-2.4782783063271845
20160321,-0.0638200663499896,-0.24481512114394754,-0.6989046503018784,-1.318624695623352,-1.3239919283134762,-1.7839959853953498
20160322,0.46211471546328686,0.48580925787247514,0.2207189300411191,0.2136308023836176,0.2155762653286311,0.015648162215601724
20160323,-0.47982623518555256,-0.5247544078793055,-0.28668945460412565,-0.34516994578365223,-0.59334487839303,-0.4720159125817536
20160324,-0.47186868401953636,-0.3470027710770923,-0.22204464223189702,0.1543034247259506,0.5806524886622455,1.544135737802783
20160325,0.7030853558518932,0.6531860957170189,0.4770191834399259,0.09745750529307329,-0.03065363825596079,-0.4857406110335709
20160328,-0.6453564670845127,-0.6078715468621877,-0.4992365377546604,-0.2084938373475207,0.09163745156642308,0.42034885778048997
20160329,-1.2153321156286836,-1.160606118642848,-1.0207038824444108,-0.22411252023005943,0.2320866053376981,0.7016099675914658
20160330,0.40698021019260955,0.5930389817222397,0.516982930106573,0.177909076577889,-0.010900009140623501,-0.22690071124120187
20160331,-0.055360493163298934,-0.06935508050250731,-0.3355137363139969,0.3424394913300329,0.585634044424801,0.7671051705737708
20160401,-0.07242291476439017,0.8266346573831043,0.8426669772543279,0.5674232128519148,0.48288797075979323,0.3284453672459125
20160405,-0.04020190605061316,0.6006448020372555,0.68849974339251,0.30062061753688096,0.17142174854734482,0.011055219136573702
20160406,-0.7449938834204742,-0.9231051116946521,-0.6929600517588365,-1.534222933059619,-1.69516971834019,-1.7507634503251988
20160407,0.27754980331864254,0.34669372109136504,0.25761118604080807,0.5831617271959095,0.6454465088860871,0.866234280693198
20160408,-0.8524096489881493,-1.4044095710758273,-1.3318413464237733,-1.4054952989040197,-1.4993580074555601,-1.510569417572948
20160411,0.9688369896892255,1.5049908875073887,1.8487615534548678,0.23396502168831346,-2.8243584932170656,-3.992016628722612
20160412,0.31437066911496164,0.45014127475534305,0.5104049654355499,0.2196304005715797,-0.3296338450939834,-0.5411039208823373
20160413,1.7806659018552489,2.5317609315222556,3.109237639426266,1.9386668946848158,-0.26497341305257577,-1.122603418565567
20160414,0.528885529050701,1.3228579316444888,2.947190202873771,2.421347810110826,1.448245075649189,1.04888380062014
20160415,-1.4488012854464776,-1.7538494468968535,-2.0238766536060204,-1.4948913137214506,-0.4977920295352034,-0.11128719959781375
20160418,2.781387759763551,3.726133925319025,5.542192005026873,4.808695012439438,3.445320909292443,2.893278114385725
20160419,1.7097661057270273,1.8156743065405077,1.640148431067705,1.207824803219819,0.3876449666785756,0.0761941466129692
20160420,2.3283725867044938,2.619493398325488,2.979947829278481,2.5700057562354397,1.7993096632412353,1.4980945173070495
20160421,3.2645113232854754,3.5778493143212295,3.925339630027056,3.446737206043937,2.5459813548158223,2.195135865224743
20160422,-4.703666721230906,-5.3330965846754665,-6.769358084403118,-6.489677411925166,-5.979739904570331,-5.760934984658934
20160425,0.11407736607227698,0.16395484756506,0.31508453418303056,0.48385226545622867,0.5091322438039069,0.5163591537224254
20160426,0.648090843391498,0.7425583335675933,1.1978419119201467,1.350338195099618,1.2605025974946336,1.2226888837408536
20160427,-0.48209040782322615,-0.5715211616976603,-0.664393982130215,-0.6623803403001028,-0.5868177459835905,-0.5571130134325604
20160428,-1.2682647033697383,-2.0489629710550146,-3.6698333162527863,-3.9495871626209844,-3.7390220542167656,-3.6516435597927783
20160429,0.6624316854913778,0.7408540784924587,0.3874810479670329,0.2561868896001995,0.175705216452905,0.14614963739053755
20160503,-0.32571859959048205,0.4448395962251895,1.245481055827514,1.4063727177342764,1.343180268582588,1.315716406922967
20160504,-1.1684123198738523,-1.2184144182254473,-0.5225832750711938,-0.320355610575444,0.24820665685249121,0.2674776111664434
20160505,-0.009710028497342097,0.10119262935546526,0.1587387353083501,0.16870316480016537,0.2026001518864912,0.19952024405555596
20160506,0.026903886576902285,-0.7950836416778062,-1.170040472303303,-1.2411712421448935,-1.4740820687217537,-1.4583039475080266
20160509,0.00355407865811784,-0.5410448755658307,-0.6917368271004378,-0.8993825619304565,-0.9803655534539999,-0.9695295718491515
20160510,-0.09716281816232625,0.043256601360037394,0.22668885185403623,0.37724028911232776,0.4436398578752101,0.6015276050146268
20160511,-0.07892359088889904,0.17441135759455983,0.32998161261082504,0.2810784029472804,0.19466880591734487,0.14538689818601097
20160512,-0.6871393398158294,-0.43137019892728445,0.2448902993795038,0.4756578247411072,1.249176891846845,1.4914613779686579
20160513,0.27526766029114236,0.0008872005561569307,-0.6023119261751478,-0.7626323544412543,-1.3029564398743139,-1.4719262892483933
20160516,-0.03385895137241316,0.013907647646449209,0.11306156569514224,0.109065850076504,0.09045237882205888,0.08660719892865933
20160517,-0.053837003406078554,0.07623104392505889,0.4233331880694249,0.38886770062162346,0.11752276742657469,0.08246537933717596
20160518,0.5822723030615327,0.611774059589968,0.9741813170307096,0.8426911963993682,-0.2383605357210149,-0.8384054329780005
20160519,0.17292000141628047,-0.11480410130153246,0.7434442016190822,0.7204937330314183,0.5479166409573757,0.45294382792681986
20160520,0.24461448191901108,0.2514526273495648,0.2534739104569417,0.22870429146914986,0.022975244091508532,-0.09132176009851217
20160523,-1.3387077896232888,-1.0041818736116706,-2.036409295992489,-1.9709100114238849,-1.4485275234900346,-1.15939350270273
20160524,0.5380595187029075,0.5323272646126413,0.6228387299956777,0.5925081673599859,0.3414570627319635,0.20202391391807925
20160525,0.4101550648173068,0.3743164159277286,0.71775287734661,0.6977756110611946,0.5343877544709382,0.4437416725313671
20160526,-1.69881222725258,-0.9918482873240924,1.5047183538835212,1.530665177412729,1.7664021856266747,1.898386522797078
20160527,-0.04555555689991324,0.020455792422205785,0.24805788716925598,0.24827620710643183,0.25191143914680864,0.2540225482748771
20160530,-0.3047840121762209,-0.46769571945719735,0.19738374994959806,0.2121438221985935,0.3402077790569177,0.41163106008850936
20160531,-0.6874712880282053,-1.1356012646930078,-2.3963941424744952,-2.38967039692716,-2.342692775674419,-2.317038653671081
20160601,-0.543494139745523,-0.33570420467459394,-0.4389698314542103,0.0960727830155359,-0.03385455262703552,-0.656418063382243
20160602,0.040322880801197496,-0.004613779385286489,-0.03307858349954089,-0.04773079171058603,-0.0384412235516782,0.005942979610068393
20160603,1.5404423049329816,-2.3324532052883336,-2.8995047022652223,-4.211758203784471,-3.973001430485543,-2.840313856282828
20160606,0.3505794897325949,0.04402574377646001,-0.3957730967908278,0.1762392019454656,0.2340740668006327,0.5111504114120058
20160607,-1.3363036893985996,0.8324284816307849,0.7015138073837106,2.0121933589542307,1.94738772926679,1.6424871881895564
20160608,0.14920663763517356,-0.24673647357972955,-0.18036720662431627,-0.46990858402905794,-0.46402020792786686,-0.4368028986228169
20160613,1.4145614997290255,0.8141662472020097,0.5364807242472238,0.5450958084508194,0.6069685634290094,0.9016673274325646
20160614,-0.4385108863779529,-0.6629675181541248,-0.5376754043226009,-0.8055498098767684,-0.8144802082336331,-0.8577766973156393
20160615,-0.6200314179825837,-0.5146398066654404,-0.4400142184818991,-0.4721516003502567,-0.4866344794045758,-0.5557021469468949
20160616,0.8279167034067845,1.0044380524200716,0.8976740610724184,1.1180785767047299,1.126253434290545,1.1658160816028984
20160617,1.9591650014632371,2.2712406070676776,2.08437218209636,2.471803057657131,2.485992213045902,2.5546752786120024
20160620,0.7993746568631575,0.5955767642570282,0.5622285996096326,0.4930800097928212,0.5055582777990878,0.5647896693327291
20160621,-1.5077615892041427,-1.735652851138918,-1.643827266523825,-1.873931711817404,-1.8780470762018602,-1.8983037387306916
20160622,0.2546368133706812,0.40887660030791895,0.38761267326845894,0.4949720675608994,0.49203587840394325,0.47835851847481714
20160623,0.04967021573393943,0.1823813895505575,0.17163545662050306,0.2550759670315823,0.25149304267731404,0.23466726935060372
20160624,-1.3382067263188524,-1.2748523989274365,-1.245383949782501,-1.2464903771494278,-1.253042594597209,-1.2842512367413126
20160627,1.7228445176500187,2.2089959396799355,2.1646391258605027,2.209974257717665,2.2166960131288516,2.2488383568226364
20160628,2.176189166090013,2.5169486193586454,2.4729592652313093,2.5595297000927753,2.5632030050367773,2.5809445657882977
20160629,1.7150765218354305,1.8432073571034033,1.81460875665216,1.8983844626013369,1.8987951245694326,1.9009900969872375
20160630,3.6078982697048207,4.318754450448766,4.279127668533196,4.238226749812926,4.250086354636656,4.306451951656427
20160701,-1.3517964556675195,-1.5850516936012842,-1.572951462911933,-1.555696076628104,-1.5596602548953828,-1.5784907252362144
20160704,3.456970662033381,3.6958600957333236,3.6673363429523884,3.7181921376601634,3.7209536445271154,3.7342507335671353
20160705,-2.5654935735117634,-2.7432428778214666,-2.7261807660179374,-2.746342452239259,-2.748732151237063,-2.760170849557263
20160706,-0.49523658578898816,-0.5125832920170519,-0.5097750939945439,-0.516598718350517,-0.5167399221706312,-0.517431897057182
20160707,-0.9757887324644914,-1.0607536698160445,-1.056679805508253,-1.0489766522635653,-1.0504474960385655,-1.0574305217834026
20160708,-2.6478086063610426,-3.2108916392793994,-3.199302173629034,-3.215846252422201,-3.2172645353421148,-3.2240664559126624
20160711,1.7032659076525785,2.6598979843781123,2.811906560616662,2.83374121666285,2.8341627927837214,2.836232917256956
20160712,0.9037075451387739,1.572475712307031,2.3878614913088456,2.3927145102605873,2.3936976668109473,2.398393886359503
20160713,0.7978972903140485,0.9263953801010678,0.8154746948877521,0.8234374807665786,0.8233014112024151,0.8226761004535993
20160714,0.3636112544818166,0.14235130050711772,-0.01028803555582497,-0.007417280910419599,-0.0076023462909852735,-0.008475540295708406
20160715,0.19227915046544514,0.4861845873987978,0.5675248207237186,0.5687753705125136,0.5688732402502121,0.5693429230939132
20160718,-0.2235962542351393,-0.9838787716302453,-1.148287079218935,-1.1498237297402514,-1.150021815527908,-1.1509696024425162
20160719,-0.5760929796411549,0.017619558740035707,0.3920155985809319,0.39043826894067524,0.39062096431019666,0.39148656337125376
20160720,-0.820611755737195,-1.2161895124787991,-1.396254233511912,-1.3987201192020033,-1.3988063793788887,-1.3992242402239525
20160721,0.29757066204697463,0.5014398057776391,0.4840791911637279,0.4852486835316158,0.4852435407441635,0.48522238642167576
20160722,-0.35012741547264403,-0.8131743006794759,-1.1304962547080748,-1.1317842290279083,-1.131835369896037,-1.1320826094290086
20160725,0.06293452697443093,0.38542154298361947,0.49331816438502185,0.5427722959262646,0.5427896157469235,0.5428736822660916
20160726,-0.003395986907255656,0.28668057240587286,0.32333824895598684,0.36107682168512406,0.3610826027925797,0.36111116349271366
20160727,0.30090850431019367,0.8480997671851117,0.5893067919970684,0.14738648177484265,0.14734364719102389,0.14714200205746025
20160728,0.34292758989580074,-1.7197840391652066,-2.0462139637450667,-2.8839924799890566,-2.8840449500727567,-2.8842992850291003
20160729,0.2730704620809622,-0.5220358559601758,-0.9497250953797621,-1.1494667587911669,-1.1494790634714203,-1.2628786072866607
20160801,-0.7552414941118494,-0.272288646654482,0.08182522398252806,0.7432035020504703,0.7432319430484291,1.3294720207825013
20160802,0.36450434977988266,0.23768198931053375,0.13224978323382613,-0.14723398198136056,-0.30137503268834065,-0.5117365813240529
20160803,0.24700836197172216,0.02344805492209631,-0.077307466179251,-0.5713089881510469,-0.560301167857483,-0.5308907941628996
20160804,0.6489652123312648,0.7783244023530603,0.7491134043124197,0.8805059510020188,0.8080674541556259,-0.4596675241387479
20160805,-1.392719582758796,-1.0196005661819663,-0.8089290609298821,0.5664655220068705,1.0828008621385945,1.6070586346270275
20160808,-0.4387731903855308,-0.22241540893542333,-0.7074787753352877,-1.4466643586268702,-1.5821106180484783,-0.9615739785696334
20160809,0.08298419848758272,0.10047465214429013,0.02715173738777343,-0.16996845571997726,-0.20586514284650423,-0.18728041506090656
20160810,0.018819656290427672,0.5801919091270593,0.6023886045242399,0.6658544640385282,0.6888620268051194,-0.21548365038405293
20160811,0.427844809496246,1.1197400559566668,1.0731981317625237,0.9332236709345393,0.8258979580664211,-0.24916520491117838
20160812,0.11032093423155657,0.16011532999816774,0.11675782769045173,-0.07429070686111774,-0.2458792334955321,-0.2288188469793649
20160815,-0.6575240234985908,-1.0522484018269638,-1.0129625701410745,-0.874847957860516,-0.6945146519811717,-0.12231075263894356
20160816,-0.08833835316054328,-0.15940333384874358,-0.18120898317492978,-0.2869120203007631,-0.5382377998612735,-0.3681073485594706
20160817,-0.6857625308137715,-1.4113959898810515,-1.3523340792767202,-1.1160701854125337,-0.45268740760595494,-0.07314624530494335
20160818,-0.05050995361934142,0.032497692599026545,0.17110056672674442,0.2243884155470236,0.4745860568020108,0.24900568899675085
20160819,0.401945366489849,-0.0648730867412618,-1.6796626189461052,-1.8092481648361713,-2.741842646824059,-0.6001473901163197
20160822,0.1675387348413207,0.4223392129361123,0.34159664411516116,0.23955311593829642,-0.5126942356720505,-0.43506297841054464
20160823,0.431755229004568,-0.00851529399595305,-0.5849054391331598,-0.5371423923477582,-0.2968991485451195,0.5610892525150798
20160824,-0.21745692766391408,-0.14102496082807428,0.011785035333098166,0.012965334218000318,0.0493266408803167,-0.13068540382209826
20160825,0.7793627856308744,1.7546496164193996,2.050030679829804,1.7679849445124445,-0.2167668405371236,-2.850385515616026
20160826,0.09197710835044964,0.09661858572670243,0.07607616611383547,0.07079255732052346,0.0288628301005072,0.008804906466394959
20160829,0.6128271035653539,0.7088637242505703,0.6515464958027649,0.6082575721365081,0.2849384391585142,-0.0040152657552213755
20160830,0.27319845996993647,0.20544149789138122,0.12565968316532275,0.13461281996580787,0.18479337660269013,0.34744531695929465
20160831,0.36943611138874977,0.5913871306191073,0.6867957251006424,0.6276708336482062,0.21770884859432688,-0.3719740672757852
20160901,-0.6828489637872409,-0.9205813082074745,-0.8422895976652696,-0.8282996464252151,-0.7129253471775466,-0.6866503489204113
20160902,-0.5821737134247001,-0.9953318018360688,-0.9374457561811623,-0.92296979457878,-0.579451816947122,-0.7546458829675191
20160905,-0.5176132644871512,0.3831344190936016,0.9557430624189708,0.26421373546325805,-0.22473074232968804,0.6347312346385815
20160906,-1.1222910607945393,-1.2891009249893364,-1.349090401046691,-1.2473093866204996,-1.0244382612947092,-0.9405580443723356
20160907,0.18436084184669818,0.3555104158654535,0.40269098820908256,0.3404901831379119,0.2696475721702614,0.3095030295070298
20160908,-0.3722599318678319,-0.8648508291673257,-0.968022144863607,-0.8341726139936678,-0.6919395161824279,-0.7919416258168632
20160909,0.0163114019314086,0.18780406409143507,0.2018499571010221,0.18318927341523294,0.16126115543618658,0.17227730084910808
20160912,-0.2797238184275667,1.4141710630636837,1.4086901090627635,1.401066170713179,1.3223993870316022,1.2297210125375795
20160913,-0.6287475574247088,0.8231587100157618,1.0399814812506232,0.7825671006054895,0.6233980487037789,0.9751580019108297
20160914,0.09057715919227266,-0.5265710848127874,-0.5200768954258082,-0.5240824489972589,-0.5071726547273706,-0.4746723840868465
20160919,1.3379778103878963,0.8212898874469146,-0.025111132038559525,-0.23434300706004096,-0.3249564406231542,0.014999995488995665
20160920,0.3449512127743782,-0.47497987024262583,-0.7583793897524069,-0.7471975384210016,-0.7163329287538437,-0.6982239938773929
20160921,-0.11758018124513037,-0.48822831780859427,-0.551323413441931,-0.5252129000816899,-0.5005454194681926,-0.5243448230069838
20160922,0.6142948933292682,1.4037861705609704,1.510031198610631,1.4452985974020753,1.3881168251233178,1.4526589034846795
20160923,0.4773125868739894,0.6238492613361357,0.61339077458403,0.5916022065195906,0.5760150039639723,0.6028415414835153
20160926,3.5252666491775715,3.324896669697335,3.0231012557452415,2.9505234372454128,2.9197408184270905,3.038568994951773
20160927,0.9420275664589706,1.3374132102986411,1.3815758835590055,1.3462274794653013,1.3160993634411497,1.3528730759173873
20160928,-0.1466734196582442,0.2737196649406438,0.38151774010135353,0.36363796548206445,0.34163176198504525,0.3507987692080978
20160929,-0.7367037201038941,-0.6479133880564061,-0.6017169124661436,-0.5979056513048646,-0.5986922318833104,-0.6082823089959175
20160930,0.61810293273196,0.6137676509075607,0.5961478841197478,0.5909859532051946,0.5884921737646321,0.5965191438641979
20161010,2.0662765656441184,1.8131140026781685,1.7083467425622236,1.7062079451422587,1.712892329734052,1.7269773378552584
20161011,-2.3434875095797625,-2.364434967797709,-2.3296254332679993,-2.3157215196632697,-2.308002730132597,-2.3282273456244864
20161012,0.09543669879923256,0.2151684898017141,0.24277344435650927,0.2366781519640807,0.22990017734779067,0.23403461975630901
20161013,0.0419752879187435,-0.2359813466970081,-0.19225848373365262,-0.19841534805907135,-0.20651596734261968,-0.20408819534925415
20161014,0.27201372292341064,0.5620536230569768,0.5494393933493064,0.5490481598449815,0.5497522343690617,0.5516056533900738
20161017,0.9593871136662413,1.3530920366839703,1.3471684602482739,1.3431447004491468,1.3405822759620925,1.3459770992276683
20161018,0.22762507475546287,-0.11719369416023401,-0.11050086578221996,-0.1113057525116814,-0.11244210283075326,-0.11223256222703298
20161019,-1.1760979578758983,-2.4497483701776805,-2.438123846710853,-2.4340681050633894,-2.431933001154135,-2.4379948201924435
20161020,-0.4093380201199184,0.23851261369769702,0.4908875898641091,0.49148871390367654,0.49267377281435554,0.4929862278055831
20161021,0.3186448683160178,-0.23079849583832454,-0.6570375360308653,-0.657076752651804,-0.6576227815039752,-0.65829659927741
20161024,0.48141074164858977,3.3270904203028824,3.1167395414095718,3.1113206228808243,3.1067357732504197,3.1124203086728337
20161025,-0.7299302441816377,0.2822051810110269,1.6861168514267084,1.6856088499138346,1.6858392065821588,1.6872924415105635
20161026,0.15542538058614055,0.004802402487161239,-0.8382034993583312,-0.8380299935084018,-0.8381596700866351,-0.8387271140193331
20161027,-1.0835153618459668,-1.3355970245594864,1.0366712631192132,1.0373235480702219,1.0384181716674286,1.0384905380443565
20161028,-0.31444546867814627,-0.6463844600334608,-1.2613048180671949,-1.2607610485839686,-1.2604618617723253,-1.2612565755913272
20161031,-0.7160134737329584,-1.0897707856702281,-0.3687816157809808,-0.3680502004952948,-0.36728152293696714,-0.36783989898528135
20161101,-0.29447499829971696,-0.4758724140678784,-1.2799378943414088,-1.2798391787302064,-1.2799486780779281,-1.280321320783858
20161102,-0.30380121249516134,-0.0027709034331850468,-0.87292961670548,-0.8729412511019959,-0.8730779796463206,-0.8732426638961354
20161103,-0.023304145860462727,0.22635438168321564,2.360993780731536,2.8764378193128453,2.8761961569931653,2.876966971999153
20161104,-0.15210389022472706,-0.6830417459707415,-1.5544187890755916,-1.5669007898899074,-1.5665511718743588,-1.5670280236152834
20161107,0.12086185854626624,0.20009784790611992,0.8905109704013037,1.00140531248304,1.0013366043432501,1.0015247199722102
20161108,-0.3784728542709498,-0.19666644177343856,-0.04939474112609665,-0.16116956823074224,-0.161271690252195,-0.16123288275922026
20161109,0.3923475617927993,0.1342236332805571,-0.022224207798722917,0.04519075259047889,0.04526309983618676,0.045225360150296046
20161110,0.5152999603121322,0.7282916714902442,1.8772710996263473,2.047239128552812,2.0472193473277205,2.0473936774178636
20161111,2.1788953909800672,1.9830439301929297,2.7679548540626713,3.0803028199228217,3.080403928875935,3.0805410796139983
20161114,-3.4722949355182102,-3.135502953619943,-3.9005882121234805,-4.288913993440903,-4.289061535631992,-4.289202940315448
20161115,0.37682411147823636,0.5874377652162872,0.7774078072776953,0.9561701516401513,0.9561603373411647,0.9562093611214948
20161116,0.5594115101531825,1.395105796376384,0.9390723453969042,1.5694935006635367,1.5695756419195903,1.5695930118960284
20161117,0.036031397695058975,0.23218344465448748,-0.09389004232803766,0.11304240762892659,0.11308765911915852,0.113068999280864
20161118,-0.075380350938113,-0.11659791779874246,0.0013944543681598809,0.06852285852906304,0.06850748349913183,0.06851654018648301
20161121,0.6031340169450994,0.9880790261936439,1.4429766922425644,1.8827666679658834,1.8827614244963966,1.8828071403001077
20161122,-0.028944902628352573,-0.03512987242249263,0.19766056690369357,0.2768545808031793,0.2768426294915264,0.2768524315562595
20161123,-0.8706163112574599,-1.0547651694908038,-1.5419128904125219,-1.8491338587551893,-1.8491178393015457,-1.849151537047912
20161124,0.32496666929987406,0.4747456733951265,2.346606612848989,2.73437113975409,2.7343388717905164,2.7343831224879795
20161125,-0.756253328786613,-0.8864494126149624,-0.5068588355742785,-0.5376693453610345,-0.5376840269748724,-0.5376850833117257
20161128,2.730737271285048,3.53588927331724,6.030888340814108,6.646670857828655,6.6466352043234265,6.64670325242858
20161129,0.14088073236021054,-0.08812562601163654,0.41555128770251326,0.4715933267868099,0.4715810529211777,0.47158853373210985
20161130,-0.9952293349512776,-1.326752607565649,-1.8904825511074979,-2.0294942957162303,-2.0294862310556625,-2.0295015950621056
20161201,-0.4447192732865489,-0.3278543209260044,-0.5656713199427706,-0.6071962867739287,-0.6071916116559178,-0.6071965243276064
20161202,-0.7703846117696863,-1.461471019306626,-1.7925159879413428,-1.8828876308512976,-1.8828835447221501,-1.8828933678959592
20161205,-0.26727799150923515,-0.1252477419736099,-0.13993141300917694,-0.14965657546579733,-0.1496549238290272,-0.14965615378227817
20161206,-0.2937873609546776,-0.3111502055182613,-0.28341472692916436,-0.29792715657276236,-0.29792513333797876,-0.29792690578293024
20161207,0.11868485211939116,0.9055860751704148,1.2964228650015777,1.3371900610075633,1.3371873677082138,1.3371919202376614
20161208,0.2925659214933703,-0.21361305024985233,-0.8063801729888611,-0.8232853951162317,-0.823285336221448,-0.8232870731580157
20161209,0.076193128865277,-0.521628263640695,-0.5778568478956068,-0.5866742538280908,-0.5866730447473307,-0.5866746188320427
20161212,-0.41290034573042134,0.14427592120727775,0.4822592542565355,0.7850845236675337,0.7850843081024248,0.7850855115756894
20161213,-0.31822617729723945,-0.28305783256162786,0.5803795240704175,1.0087667810097405,1.0087670645946716,1.008768004163705
20161214,1.2913656936375002,-2.1538530331424175,-3.1910345756418135,-3.6607472567940755,-3.660744862065834,-3.6607493996044633
20161215,0.22452432167512745,-0.2963898920075532,-0.26790328748408365,-0.20644715532779007,-0.20644671247433827,-0.3356938655628101
20161216,-0.2876765481390672,0.2987885726308652,0.19147132137323533,-0.09096353579619196,-0.0909639645556169,0.152756043663052
20161219,0.7569511209091209,0.6277656200297347,0.16537369939028077,-1.330108331224083,-1.3301080773282226,-1.9532914481059778
20161220,1.8264519586901096,1.550329622871423,0.8985858838281224,-1.196006334756047,-1.1960059024954723,-2.158586653411363
20161221,-0.5220017383421802,-0.6891907383247302,-0.4835808652847639,0.21317372543240826,0.21317379024635078,0.2891407085205032
20161222,-0.16566294876414342,-0.16289434165065553,-0.12917485381421434,-0.01917759849548681,-0.01917761174794913,0.020310989812868944
20161223,-0.01023223002934991,-0.005358126639901937,-0.005133631724257362,-0.0050879297794686725,-0.005087933709135278,-0.0004771606463511755
20161226,1.9644049257995035,1.8861231477772709,1.6750603105986444,0.9951655921903182,0.995165723363006,0.6934141295177383
20161227,-1.0463696818390456,-0.9335664429778104,-0.8719426678513833,-0.6861538350169846,-0.6861539444748272,-0.517511098799847
20161228,0.4151738781204147,0.40644295601325264,0.3812342735462285,0.2999422793347738,0.2999422945120745,0.26445612501330973
20161229,-1.1944789152152775,-1.0990543642090191,-1.0632973943081296,-0.9597322166993911,-0.9597323039225757,-0.8350413542372368
20161230,-0.6963917787554417,-0.8829886907688651,-0.85686899270567,-0.7772123406699799,-0.7772123819808581,-0.7114856974469153
20170103,0.17256193525319666,0.8552710863060211,0.8602515628665909,0.8962562467175691,0.896256355297367,0.7769791025569437
20170104,-0.39807634969338634,-0.9198287479175795,-0.9160115831437724,-0.915234497153914,-0.9152345639713956,-0.8368359932743976
20170105,-0.07773692227076541,-1.5126981683945468,-1.482823400566996,-1.385510549043076,-1.3855105615813732,-1.3496225304954887
20170106,-0.16291271584888078,1.2935709293996434,1.2793932988981163,1.237142473162663,1.2371425011043766,1.1952205056929297
20170109,0.4577786908350514,-1.4897965536934814,-1.4723484176970656,-1.4165921068768565,-1.4165921202337686,-1.3888024788527722
20170110,0.015119081164934434,0.0016405740637214505,0.01538063788122701,0.033437496200416694,0.033437510279632154,0.02088901547990707
20170111,0.2843233465323124,-0.49443168616790323,-0.6760509989210781,-0.5864125095435437,-0.5864125324745593,-0.5620935880294691
20170112,-0.36067898784738484,0.10415506247742565,0.4565481107259098,0.554406530331994,0.5544065319071203,0.5497256789497301
20170113,-1.248285446350515,-0.12150592215038789,1.4676286689796036,1.7191586964347918,1.719158699107338,1.7087423302679015
20170116,0.1948370654687405,0.02527695610669209,-0.4931341794028973,-0.5349518260384941,-0.5349518286582599,-0.5306668385594439
20170117,-0.04179299142671698,-0.12089425513182439,-0.06674246404056972,-0.10431010298918908,-0.1043101004949821,-0.1061501822179774
20170118,0.13424501618277473,0.3248892471985116,-0.5439916008865876,-0.5244492482037322,-0.5244492540811063,-0.518116799184249
20170119,0.4703235799898361,1.4438955461535168,-1.9923419265218318,-3.0129480319983672,-3.0129480428332718,-2.9979902004536894
20170120,-0.9096123609815948,-1.555133931418481,0.9760989082247349,1.8702111800336314,1.8702111882196824,1.8592707144850644
20170123,-0.123014743504813,1.6317132401770913,-1.699608514935998,-2.619913257420482,-2.61991325718751,-2.6168813496621035
20170124,0.410697781767164,0.9845505711585978,-0.2602225400679735,-0.969132848351506,-0.9691328496146944,-0.7458666637086265
20170125,-0.057324593387682754,-0.23966707886321076,0.06192581378772209,0.09413212394628892,0.09413212353764792,0.1039537660249458
20170126,-0.1994524540247898,-0.12689843888443178,-0.14399552471941132,0.05467761519128393,0.054677616241263036,-0.03770854318487871
20170203,1.0436266781150514,1.628095812202909,0.5940927419706846,0.35255726331677834,0.3525572640463043,0.37893620041650855
20170206,0.7232125508671439,0.9137536078613893,0.5177115138474316,0.3178188588924282,0.3178188586219248,0.3771030552441671
20170207,-0.3750047594982674,-0.5241950997340665,-0.29109519602680445,-0.29281690884659606,-0.2928169092987303,-0.2730365474296783
20170208,-0.7824623189733017,-0.8862165710393543,-0.6558890611520478,-0.5168876363666339,-0.5168876360928111,-0.5617849729090497
20170209,-0.883483912777051,-0.9147234152435095,-0.7736246741563583,-0.584317698709067,-0.5843176980079166,-0.6595251110778083
20170210,0.057183089592919525,0.14718022156013866,0.13693773101132473,0.10061608354586128,0.005879919031027692,0.021680887133365218
20170213,0.7556799670975909,1.412050841291528,1.2336464949767034,1.108719554786462,0.5273571671989521,0.5700387666385396
20170214,-0.3600808099235322,-0.7844891344318801,-0.7194563105367682,-0.6426857460458139,-0.23592835521779287,-0.26579106452802936
20170215,-0.7015637594116988,-2.0452025380422487,-1.8946044573988559,-1.7547515524761266,-0.4637565175875777,-0.515539789651229
20170216,-0.6132453716610008,-1.083958824403059,-0.990429121443816,-0.973791005096706,-0.9737910051893751,-0.9737910052901547
20170217,-0.283722090972931,-0.956150157226424,-0.890013940409373,-0.8811931224825437,-0.9148115563723515,-0.9134630830162396
20170220,0.037887303677883344,0.29250340898814564,0.4532769032260067,0.4511589198683745,0.4786528471730875,0.2913348863671321
20170221,-0.1258307689776966,0.10385056527556188,0.35201369002239796,0.3443248536314688,0.299315049689241,0.17982053260567746
20170222,0.12994078825007443,-0.1705532379307144,-1.146991438518408,-1.1509424029619213,-1.2613241441463972,-0.9850181643002875
20170223,-0.23092883974176132,-0.08659931376010183,0.2032092600214208,0.3730339116306363,0.3225803828131681,0.09809669625668677
20170224,-0.10596228621567105,0.1849472078867762,1.6109698487710549,2.0288272328238066,3.4950458373819124,2.3965175781705454
20170227,0.24798482054035215,0.14639985686867613,-0.025716919643132594,-0.3192343317301023,-0.18813103020890515,-0.05458127831203238
20170228,0.5606392629333111,0.6036030870742195,0.8949397264366494,0.9200829556093372,1.295957929169655,1.071766432778067
20170301,-1.8130648911813576,-1.5764689922525057,-1.4735258778325269,-0.6549567025146993,-1.5482965086795222,-1.6307136792171555
20170302,-0.0687883814826474,-0.08592784580325452,-0.1631249180061722,-0.2624460032888601,-0.24461257719171806,-0.18484116311080329
20170303,-0.5670931360249054,-1.9154512968288122,-1.9454565641779256,-1.506421203411961,-2.10482666278997,-2.0834819609328052
20170306,1.9010777765998519,2.5468665059876723,3.1047453348851097,3.5765009764413285,3.759400764692182,3.3284238008786233
20170307,-0.7458405300084785,0.0685050299828388,-0.02690426623851494,-0.4345273834551946,-0.051456216781253006,0.023542107659630385
20170308,-2.5780696561064294,-2.022631851043019,-2.464186522481846,-3.214643200941808,-2.8815296580146326,-2.5389262932588514
20170309,-0.716410800014583,-1.1186781510363284,-1.2270189345854228,-1.5093446114923919,-1.668908309322369,-1.5855988110637294
20170310,-0.058682751955270465,-0.002725292920351202,-0.05532142545632884,-0.2857232192599285,-0.4248246773846021,-0.3840294631678829
20170313,-0.09551827294110235,-0.14350271664245642,-0.12855349920401105,-0.05114908660236933,-0.025291224844530835,-0.036931125226814354
20170314,0.16589549964709377,0.14078566343765767,0.053389629213863386,-0.2855835634834087,-0.5670733142066364,-0.4994511817687129
20170315,-0.5480773225763617,-0.6949590618123079,-0.7062859013149918,-0.6968584819365041,-0.7945815868266476,-0.7860181711595279
20170316,0.26522491718351976,1.0102312073067186,1.0394296236970968,1.0833206689075388,1.256966489153484,1.2346352126647184
20170317,0.2144511276634385,0.13307395959330853,0.10923740655805453,0.024609482147203043,-0.06114446067309377,-0.04273050006488112
20170320,0.25564859824312713,0.34787177413481096,0.3423225880682654,0.3123241153889692,0.30417833894932217,0.30850385826337795
20170321,1.2941041599047656,1.6686980787310866,1.6519495827383657,1.5524936049131124,1.5381397776509091,1.5512285392144116
20170322,0.47146644376749713,0.5165414824572141,0.5066946563774235,0.464446203174284,0.43738689079405835,0.445021065476754
20170323,-1.2367471571539794,-1.1864679394993647,-1.1537211804361251,-1.0317609345251286,-0.9204914662498858,-0.9458100716337017
20170324,0.30004220073079,0.4159419422571473,0.4123747074495214,0.3953524924143136,0.38751998006139954,0.39029208776924684
20170327,0.26645056793294286,1.0495127410282215,1.034332578939462,0.975985244953096,0.926483600082961,0.9382271611337277
20170328,0.44270684706141916,0.4600045831095213,0.4608391109073063,0.45889653785496853,0.4675288079596834,0.46690257398219226
20170329,0.20325278352620446,0.27845179497439665,0.2772578232444116,0.2715072026039953,0.2689466765345443,0.26987471520718254
20170330,2.4299772687706915,2.991988958140312,2.983731329252719,2.9403811755642324,2.926779129788912,2.933210994734632
20170331,0.036870296782746115,-0.08652991902557233,-0.08368915594224968,-0.07474504082798344,-0.06321498276362592,-0.06540520608007488
20170405,-0.904700819517772,-1.023138928463905,-1.0214493470166832,-1.012285464048736,-1.0098398759405487,-1.0111569963160874
20170406,0.5013831398904718,0.577706596514196,0.5763942077918582,0.5706137912003766,0.5671789282616826,0.5681969762504936
20170407,-0.6128702677680744,-0.7126560620564286,-0.7107709842977228,-0.7033082033927417,-0.6974103407778306,-0.6988694769604508
20170410,-3.0703948899508102,-3.2423473166699956,-3.2400084604330512,-3.2266402512254975,-3.224038540314374,-3.2258643732896686
20170411,-0.18623570195325742,-0.37090635761888613,-0.2475861421422197,-0.2487880245814279,-0.25154412061110937,-0.25113040285368193
20170412,-0.22636816198423834,-0.6417139422089932,-0.9091200535708249,-0.9064895607839258,-0.9057100109286009,-0.9060957631278987
20170413,0.04348504230855041,-0.11613487147936342,-0.9478325406708672,-0.944337998365854,-0.9417804573713446,-0.9424435105574793
20170414,-0.16871347882156928,-0.02690452536020392,0.7616810225300779,0.7596934201673848,0.7584367693543227,0.7587943036613602
20170417,0.2637927312401315,-0.32520776472722523,-1.097207856532893,-1.0976002939347687,-1.1002429391752295,-1.0999354137116133
20170418,0.47457502587291156,0.5916430333370325,-0.9884700746392565,-0.9857999145106767,-0.7917983303007511,-0.7923967560397263
20170419,0.7425907465560143,0.5132103309962756,-0.5619280351828807,-1.0533510316449712,-1.3197704244039785,-1.3199300881612055
20170420,0.08538440626424923,0.1497673201578164,-0.11072280961989527,-0.13837018440205393,-0.08496706061207276,-0.08510182318158077
20170421,-0.008211225263061894,0.08559219442497967,-0.11603530860207843,-0.10392759380439347,0.27508013395097053,0.27494060734800135
20170424,-2.4149658167645778,-2.078038424852495,-0.8098970456570963,0.7502578800290155,2.6790161643303807,2.679151332390341
20170425,-1.3466102248936966,-1.2496234592483009,-0.43377307561449574,0.12096267550599168,0.804557975672108,1.303570970914616
20170426,0.910689387957759,1.508802637096669,0.7018857073018191,-0.37927524743674434,-0.897111360425878,-1.4625301488029365
20170427,0.19563095973756756,0.40749484770966904,0.5394905114534188,0.8309352216923083,1.3313597599893316,1.2350800517416554
20170428,-1.0469893416927503,-1.4402283731163987,-0.9695962945561386,-0.35543655657671985,-0.11299655036822023,0.2438397712853732
20170502,-0.47028970188482355,-0.25506421568389037,-0.6800596801107094,-1.3654642373728256,-2.272560170312784,-2.3793176845646604
20170503,0.43866555258572953,1.078417459376253,1.2547986268619864,1.1759996143940186,0.9961655487861959,0.43988095252252063
20170504,-0.8744253486783741,-0.2706626082673417,-0.974436274725063,-1.3013694219122647,-1.7210890449666167,-1.822873455291672
20170505,-0.5259234361774163,-2.1141522471965426,-1.3721942645955618,-0.8341470929894155,0.45794661390419145,1.2651906896344225
20170508,-0.0949318574494577,-1.2028281339982294,-1.529634159045151,-1.1912855526034134,0.23360219485979833,0.8586659708370868
20170509,-0.11055569159749075,-0.03890261863724155,-0.06766756574803678,-0.09884705298497411,-0.22176147627005247,-0.2466094514795673
20170510,0.24506144816629996,0.1946450132232154,0.27089015319697696,0.3032627465001072,0.42427050703351205,0.42427036561042347
20170511,-0.5417210370077172,-0.48956049925793954,-0.6394193947837237,-0.6861350988570593,-0.8550800040701129,-0.8329227626669122
20170512,-0.6902185933991234,-0.19775312524742306,0.05163446961605292,-0.03991492138011066,-0.4483973991605696,-0.7070613493859106
20170515,-0.9074334747439767,-1.4867915256032573,-0.3646285944199753,-0.5326496064607412,-2.17279110722604,-2.5009148565599104
20170516,-0.019261770337064957,-0.04878647220491911,-0.10396859303878128,-0.1365048773638346,-0.04308936158965389,-0.01988744079887661
20170517,-0.027314486026909335,-0.5146781930848758,-0.3414463885661284,-0.7039671246763857,-1.1554853884010516,-1.1316973949670228
20170518,-0.7520495970912113,-0.32869100295645315,-1.0188127757468555,-0.7907894207165711,0.18745641501460006,0.5698011270087598
20170519,0.15826928448301666,0.018926528017090917,0.16315789324462582,0.07475723879360399,-0.15717949342469756,-0.4227367120914446
20170522,-0.6882836421221579,-0.14433374186798373,-0.4123743845284768,-0.41431747089387977,0.05235407941639754,1.350626757163616
20170523,0.10365590295034145,0.1222389611887587,0.02429235562605958,-0.001463648852403368,-0.14462256139426058,-0.5679259616590874
20170524,-0.45137833893465545,-0.8214766121550054,-0.513725401073494,-0.20879864839041712,0.13340071224842678,0.4169970231372447
20170525,-0.021415259346162598,0.058783815480405066,0.022720670840449993,-0.03947818909072867,0.021100852861436724,0.11150941439986821
20170526,0.12201941937885291,0.20559794639169937,0.19931135877100228,-0.08018860988979602,0.12062615341038069,0.5886758084427219
20170531,0.9699080394644333,1.027352839722747,1.161756643990148,0.7552292798907169,1.503551178236861,2.745131430524876
20170601,-0.0029120589305030586,0.1326001206362919,0.018101929969877084,-0.27385080754678914,-0.40713039751608016,-0.3398938337935961
20170602,-0.23582932317683047,-0.2855252111760359,-0.26039194717694186,-0.1272709743350116,-0.1525503920213553,-0.2889814526375947
20170605,0.5054376869254446,0.51129512943031,0.5306281677158327,0.48047642068100727,0.5815412902653277,0.7454624438358629
20170606,-0.13003616143838334,-0.11499161485237297,-0.13173519832632963,-0.15791559891003862,-0.19045050909885572,-0.2097221339627676
20170607,-0.9701678019743929,-0.970547712394237,-0.9942648784628194,-0.9562912825799927,-1.0616700041663305,-1.221255437057167
20170608,-1.5198376955653643,-1.581510972599503,-1.5596644529036525,-1.38001643372517,-1.4524969950925943,-1.6837711808944649
20170609,-0.480776400034565,-0.9868804264228082,-0.921691256805096,-0.9672458353871676,-1.0490635922364184,-1.1135801378529067
20170612,0.45265517985006676,1.3391277092561298,1.8129155428672648,1.693174726868246,1.76533848854947,2.255598251027611
20170613,0.14853024530653883,1.0227367037045205,1.1793894662372302,1.1497901501285765,1.2051746603636633,1.6277140660319436
20170614,-0.17770485936863295,-0.4395212899007618,-0.5316028915755983,-0.5074307925659316,-0.5186156656067408,-0.5904333332785838
20170615,0.25540655375725685,0.7657436233393826,0.8710507448654985,0.844470145474624,0.8606162472552543,0.9704645587561107
20170616,0.020285711241966903,0.6028625689272775,0.6250214397037215,0.6233390089776638,0.639074982207905,0.764124596942227
20170619,-0.29069666431758023,0.43699688095446226,0.38967821440685857,0.4094978555844747,0.42709179886099746,0.5830243670773113
20170620,0.21403088099327924,0.16926476736344942,0.19311180396124522,0.18577306808151547,0.18526628881897667,0.1757479753546416
20170621,-0.26669518336283116,-0.3875522375513435,-0.40139832468740966,-0.3983458313433128,-0.4018645713825092,-0.42783926445385934
20170622,1.560359284195408,2.3852716567707115,2.4183401229948567,2.4154632504560647,2.4377914629823176,2.6148641913175528
20170623,-1.7556798384940528,-2.3369171046236845,-2.371709439642507,-2.366323310853962,-2.3823718121858457,-2.507178910550551
20170626,-0.4086136756884252,-0.7190691930161323,-0.7384334481373328,-0.7332805817152129,-0.7354130854665868,-0.7487015950685405
20170627,1.7110025399376065,2.556386052229287,3.0502171928935162,3.0442693665435216,3.0571830983024584,3.1564128753818093
20170628,2.391947669588676,3.3837013034080736,4.108102910892566,4.097979443779336,4.1103633708338485,4.202239410208691
20170629,0.4219020636162592,0.5135952705912279,0.5424838666390746,0.5423738055248866,0.5442448782053602,0.5591806351713329
20170630,-0.5978928719636605,-0.7639923274958432,-0.9261603417875767,-0.9235791307007408,-0.9248745002833311,-0.9333541387506632
20170703,-0.3298012565172844,-0.42774190476308893,-0.5591367490088857,-0.5568390061729591,-0.5569208293763401,-0.5558709114400784
20170704,2.863542743757224,3.1353185387921805,3.1631635438448016,3.1640902930511245,3.170737654565054,3.224778696759903
20170705,2.202022227068079,2.3810942375227384,2.415904398031184,2.4161580222234083,2.420224075639895,2.4530471972997354
20170706,0.34444736408865056,0.3771024489215478,0.40795604826169574,0.40747088784723096,0.40774516635193203,0.4095862142418506
20170707,0.1018992405673167,0.08653982654364967,0.02234334297891183,0.02364895448135862,0.024467168826664776,0.03200401735883418
20170710,-2.006301325765836,-2.4665087730983632,-2.5241381634702997,-2.5235361834971224,-2.525475243880193,-2.5405913085914653
20170711,0.2841258572341339,0.8475619968858964,1.597283435519639,1.595914986589785,1.5962238695082178,1.5976865970781997
20170712,-0.5734648130274307,-0.9801314867527194,-1.5177148607514543,-1.5167481904120306,-1.5170398887667302,-1.5186631105886146
20170713,-0.3143995115920589,-0.41544798925503057,-0.6917626589845769,-0.6915688075018265,-0.6917928655798723,-0.6934472059506308
20170714,-1.1624046077637171,-1.3055737053145349,-1.6538509346490213,-1.8895802075531158,-1.8902784791079523,-1.8957653950702735
20170717,1.9021618150501922,2.5695142863405067,2.0701586240940486,1.3215753886741057,1.3225048643269552,1.3304304320376497
20170718,-0.334536139988325,-0.7296182237668234,-1.0536615420461635,-1.5390889127020189,-1.5394966561252055,-1.862446740666035
20170719,0.16777331782949748,0.05108147510056596,-0.08042121644497309,-0.27745148227825783,-0.27751457836650506,-0.40777320336506195
20170720,-0.270928914225219,-0.8651612304909547,-0.8205787865383598,-0.7537103233004782,-0.753895725351977,-0.7113518686076886
20170721,-2.2492397300188136,-1.9586176861475888,-1.2852984797915659,-0.27640253639973966,-0.27626351466243904,0.3892468873030683
20170724,-0.5355955772998124,0.9218064067908258,1.057624934141831,1.261063693393574,1.2612983551619017,1.3971571891872228
20170725,0.014818499438921691,0.030766554266158465,0.020597132728520366,0.005358305282028526,0.005359278809778758,-0.004668174908744958
20170726,0.43264485288487503,2.1300095878541443,2.2589935964021954,2.452179249218702,2.452448554530775,2.5818340279075898
20170727,-0.11522313997111734,-0.29189114585816583,-0.30564992745453357,-0.32625734945908635,-0.3262854253914096,-0.34008194166613337
20170728,1.336766724350232,2.182802084900218,2.351361453879381,2.6038905730586563,2.604039068192182,2.7715324814667075
20170731,0.04108670636249309,0.17695699858698624,0.15585792865412854,0.12423587041754344,0.1242531293607074,0.1035677556293805
20170801,-1.6589538056808277,-2.393629319856653,-2.439578018272349,-2.5083910425003078,-2.5085062553113664,-2.554748685183415
20170802,-1.4139467762371452,-1.5897502381374833,-1.672034071355334,-1.7953205408282094,-1.795357861832978,-1.8768463741623558
20170803,0.15358979693693864,0.3390293634520703,0.36257811699534037,0.39786450305426696,0.3978660639353136,0.4211159001222086
20170804,-0.3317318944962624,-1.0316718834950138,-1.0510683490498445,-1.0801257982643437,-1.0801475225972759,-1.099457578704566
20170807,-0.2101123553126248,-1.0594879468729235,-1.0561796601732545,-1.051212628622784,-1.0512409829632183,-1.048198094195127
20170808,0.3022352240281279,-0.943029348426564,-0.974296079525484,-0.9054661233463732,-0.9054654434442053,-0.9363137692411629
20170809,-0.11305705931992559,0.177008503892761,0.17810681374897622,0.4646266906665699,0.464634158294301,0.48640592207760375
20170810,0.4972869530668402,-0.21019246385078483,-0.3840786289136295,-0.6443249584876185,-0.6443331998452362,-1.1128174203172532
20170811,-0.43816727904831837,0.020266509065763633,0.0031280102168853054,-0.05621594049047056,-0.056215017352941904,0.40328724847366904
20170814,0.38014877139975656,0.11830193761994084,0.07303230092515307,-0.10671784264796699,-0.10672024338413161,-0.45928775121960763
20170815,0.19366450560541226,0.2106082852995254,0.020140524513031693,-1.2187161914982867,-1.2187226167922698,-0.778646046571055
20170816,-0.49258987967235796,-0.28518150939693543,-0.2807408826440473,-0.2740870553600528,-0.2740862227671655,0.30781810026141954
20170817,0.5145236858953754,0.32387980532616617,0.2743876173234079,-0.026659055572754276,-0.292362830421527,-0.6629476698836381
20170818,0.5750356966490624,0.4717824390666881,0.4000651627258104,-0.058068454857309944,-0.7478549207793025,-0.6629648663889537
20170821,-0.01920701694115588,0.12950159713240908,0.011102230142095451,0.12700921004832916,0.12700902300498734,-0.19901996713676376
20170822,0.14014817142015165,0.6455357836452331,0.408228864191149,0.47415331612703165,0.25733584946898447,-0.8405471360014677
20170823,-1.0669028621440748,-1.1192437412117051,-1.0048776991381825,-0.6616020111914288,-0.06839101420529511,0.8039168528369434
20170824,0.20461398830909833,-0.18806868704656682,-0.053163004395618385,-0.29731737503470246,-0.4433785297372397,-0.16533880546633795
20170825,1.984504206111244,2.121080252585468,1.8975637801775131,1.6075076717825738,0.9414797436594148,-1.688359820555807
20170828,1.1863135785908043,1.7998542618838014,1.4963829089987915,1.5284762747853708,1.1780932424835702,-0.5612328700314605
20170829,-0.4935930406313239,-0.8591608127565074,-0.6953713265452353,-0.7806330191313828,-0.6798808122395683,-0.03325055506588539
20170830,-2.1693040819578258,-2.488879709280399,-2.3074229026705173,-2.233303351508843,-1.9024473093520697,-0.4612432428144837
20170831,0.25032605777472355,0.4337091037379062,0.44769987744691403,0.3927965272630127,0.3765595061874275,0.12088188745333582
20170901,0.10022817594776431,0.4938899742565158,0.9200563058882885,0.7627828737601875,0.960097354344986,0.04899507967277773
20170904,-0.8855979303866007,0.279813830107704,2.525586980451485,1.9292638707052303,3.283433522906078,-0.28557896489104
20170905,0.12184973899669777,0.3372201724010814,0.6492965763785427,0.5549916082158122,0.7276994413052804,0.17110829396548238
20170906,-0.5217974800618538,-2.244032992716426,-2.4722372094234553,-2.3261124298687195,-2.3480473357694875,-1.5320092106490706
20170907,0.0858757065489779,-0.8978030887779667,-1.3580887200426417,-1.320612951602184,-1.2291837883404289,-0.535589226957023
20170908,-0.735154181666972,-2.0581507664795105,-3.071273926612544,-2.866149273413212,-3.0929555235214514,-1.421374406298038
20170911,0.27410556354788806,0.39014632621481005,0.5226516862368019,0.4875241559557708,0.5461560360039236,0.3177236773167909
20170912,-0.041129250313989035,0.04890993091406397,0.10198814909455599,0.09425979644625979,0.09560751057611024,0.011599077901814706
20170913,-0.4594825224148774,-0.7106456049936035,-0.9346728530978341,-0.8832879380919695,-0.95447567854594,-0.5777246494242754
20170914,-1.1263418371426817,-1.2266010564716443,-1.192482337989414,-1.1712398011799534,-1.2618567634954547,-1.284883297304316
20170915,0.0489966905595062,-0.12574623821430433,-0.18466047880313075,-0.30234430750776187,-0.3215634561196188,-0.22231749314139448
20170918,0.04308999131569299,0.0915123823298119,0.10321524874602746,0.2289736847905722,0.1680862505272617,0.21765721647679334
20170919,0.6075903207297574,0.5229124394019911,0.47299684912987816,0.623811886117867,0.5907929107184829,0.7127859171660575
20170920,-0.9174058497714961,-0.5074631588443341,-0.3785300486813168,1.5467323512504139,1.1726815497992362,1.380787802048196
20170921,0.6163960223782923,0.32797896352136136,0.2326609795814825,-0.9987743043325467,-0.7574283417888663,-0.871201708139796
20170922,-0.36276106039412825,-0.3351809356984814,-0.31981210682636907,-0.3907187677262068,-0.38417510356106677,-0.41760975483322477
20170925,-0.03254137056428977,0.008499267486190343,0.01838895541713556,0.5663123468976308,0.514568900218998,0.556789460734527
20170926,-0.002256463881448123,-0.22704326597815833,0.0951394537013854,0.9872255092419276,0.9022455197735736,0.9637633301680635
20170927,0.38558469280051105,0.7109372070796562,0.18170918916584045,-1.237591991536088,-1.0999044055887457,-1.173370229840936
20170928,1.0222707017120185,1.2557702674471993,0.8487566115620262,-0.22523644690587374,-0.624671259781234,-0.6706632256295927
20170929,-0.7956666823957165,-0.7834454060847997,-0.7600683390884188,-0.7252880834476709,-0.7134289592156202,-0.7268977758766892
20171009,2.191844565332948,2.1604599387787498,2.1166227987194257,2.0602896252865968,2.0417120374773647,2.072290697738044
20171010,-2.4866056757195363,-2.4534010584144075,-2.419615812941762,-2.3856640863741574,-2.37524480460449,-2.404478767257915
20171011,-1.1135925186613542,-1.5933435544768122,-1.5647788176496762,-1.5168389734646144,-1.5001067600348255,-1.5133062504213564
20171012,-0.015734744168395876,-0.21778649634936575,-0.5532268751426463,-0.6737417109333678,-0.719313174020066,-0.7348999309168711
20171013,-0.2668733146205873,-0.5032676582756594,-1.154416575301373,-1.128610514456977,-1.1195490868817985,-1.1258974061820035
20171016,-0.8493356253190296,-0.9154483279250705,-0.9277756099713087,-0.7612027936931224,-0.6990756195030586,-0.689494232035793
20171017,0.08688438255908541,0.20349166592462684,0.2322503117147347,0.2018096158674955,0.1904790632071131,0.1890478709415942
20171018,0.05378724784663876,0.20226520950116186,0.17811057990052293,0.15667929068226374,0.14866365417534266,0.14712036461647954
20171019,-0.6337433021212042,0.3559757018393236,0.656473817698267,0.5835620199953977,0.5566240312587161,0.555990334050565
20171020,-0.2644050617111532,0.12650088961169115,0.2425761623714136,0.42071823950223686,0.4100476010990743,0.4097613018294349
20171023,0.3201584687498433,0.670562732551059,0.4836946577274784,-0.19092427865797634,-0.19261926132021798,-0.19511373557460981
20171024,-0.10454232066456187,-0.312039458659199,-0.354602706453639,-0.5163809103361006,-0.629096623531092,-0.5064397262547732
20171025,1.5148482304031816,2.070367998311174,1.7027224196681856,0.3716893189744941,-0.5004729591360724,0.3685235342105627
20171026,0.29164908135974055,0.40352506182994674,0.37265769140126603,0.26274818899330943,0.19234020406866933,0.2600085397328893
20171027,0.6180563487655327,0.8156099611796449,0.7871614505977158,0.6885337187696038,0.6277234916273886,0.6824272031860006
20171030,-0.48379596711606165,-0.5729069597779388,-0.5335699453610524,-0.39199175800900843,-0.29995486109732333,-0.39052779892766676
20171031,-0.25527987136256847,-0.2904128404828243,-0.2730513414089898,-0.21044683316935628,-0.1696447951131897,-0.20995984831638373
20171101,-0.6353107590976709,-0.7011945768330277,-0.6642558709430324,-0.5308066048943011,-0.44361225470655796,-0.5301066987756617
20171102,0.02312278787242239,0.0053909664347832065,-0.025333958121044775,-0.13838428166691052,-0.21404461086372656,-0.13621584324653058
20171103,-0.11735899345037393,-0.9353751680020725,-0.9476069329754038,-0.9944532685753263,-1.027387701903272,-0.9911203340576293
20171106,0.6009904921504642,0.6318327399550043,0.6129540869764946,0.5446708019852166,0.49998521459269923,0.5444204018233749
20171107,0.5947260362578751,0.276249374069362,0.26686235637072514,-0.5010105348467417,-0.5248157075373899,-0.4997427587547407
20171108,-0.12304289230172352,0.13783679012674976,0.13341610924693703,0.6751187328241847,1.031161412138451,1.0393031997412132
20171109,1.1941044965734084,1.2543800693945257,1.2357166813782097,1.2846742122906172,1.2835341059997283,1.3271968585100573
20171110,-1.447168593803683,-1.5267407022657957,-1.5078873707861558,-1.7358519993399897,-1.761695235212814,-1.805635656120124
20171113,1.3834133274206302,1.383362159127339,1.3711969487267626,1.1535405738723443,1.0959554150846302,1.1247667823440013
20171114,-0.4721886451563396,-0.3896895007046485,-0.3903254568154036,0.3173150957147725,0.7392963225062601,0.7400663522772887
20171115,-0.9387794835486489,-1.463111117802566,-1.461494945253542,0.49526507000345144,1.2638820478744373,1.2587653951007962
20171116,-1.4726370867872736,-1.4850372936167984,-1.4774470815453586,-1.4499936072636763,-1.4320276493517354,-1.4498929332201802
20171117,-0.7388261329619631,-1.17689611728357,-1.171990069874359,-1.0944480251891717,-1.0593939898257492,-1.0709817169811138
20171120,0.752089734759918,0.722854917019773,0.9892871227541553,1.9573787395677793,2.334071153868666,2.3403960492847684
20171121,0.00823395421225034,-0.05808044391423154,-0.20121912105096243,-0.15860412520033623,-0.14129372841456528,-0.14282025129614564
20171122,0.4565614840069358,0.2316138161132999,-0.3970813227890386,-0.094289487253575,0.025947117997954683,0.021935386399645207
20171123,-0.15819728576432535,-0.04189424752410217,0.49116407398349154,0.8372095591517301,0.8443970709741769,0.8477862393987952
20171124,-0.5618405300248364,-0.46235760784889324,0.015348930849268028,0.04774654629592762,-0.006058729450582667,-0.0042965039735750055
20171127,-2.2274676539524148,-1.9418696810829041,0.24734471643021116,0.40436314778742655,0.2644561670937855,0.26979125415339533
20171128,-0.3974078074126304,-0.5721568545126026,-0.186451563948403,-0.21468786100347925,-0.26123569951140485,-0.2602932139958121
20171129,0.18810787443264954,0.6927326385761193,-0.262721411367157,0.04995321230601524,0.10266236322810518,0.10112686770816937
20171130,-0.2521199030003739,-2.7763285347666566,-3.227961181493633,-4.679241505340338,-4.805993838553826,-4.809086614906233
20171201,0.4059667328609484,-1.2850721284300624,-0.3535653822070284,-0.8849446440533079,-0.978498364845819,-1.7333072210082126
20171204,-0.10350399204268797,-0.04153928035992263,0.2535535785144665,0.42770981739156233,0.4297868359849262,0.4506199713588433
20171205,-0.2390606689220711,-0.4033181089794396,0.963962110623376,1.5766400556288196,1.591724216793794,1.7266542610892917
20171206,0.009693641567416617,-0.03028027249743592,0.18256177900478834,0.2684045582513636,0.26988648145912014,0.28378636869557405
20171207,-0.8442102676694002,-0.36108078326900356,-0.3778200542295945,-0.06695145918013176,-0.038204028169245036,0.19744012630654972
20171208,1.873622049319498,1.0619405007489542,1.5508127248570984,1.2716276059192977,1.2317421796953707,0.06310299068428138
20171211,-3.447242739260855,-2.2703631224420824,-2.728439454310287,-2.1913448620997986,-2.128935993201539,-0.2919808007145671
20171212,-0.7955873056544274,-0.5685910845680182,-0.8831350232552047,-0.8988774732804826,-0.8909695182053229,-0.6652108907232792
20171213,-2.6265502910963034,-2.229018756580216,-3.3139699642809313,-3.623328304621947,-3.619230159704529,-3.5274159178594426
20171214,-0.8355699143160903,-0.6037024138037954,-1.063898883477294,-1.1532635731355527,-1.1477217934645922,-1.5083608261526966
20171215,-0.0070103858595736614,-0.08096260326930327,-0.04670593161738102,-0.07756847854413476,-0.08139019329198015,-0.1817620038283121
20171218,-0.11607767163857588,-0.24871658924316942,-0.08339876831009375,-0.08394858623138568,-0.0889067084537501,-0.07008233580104323
20171219,0.8409801161095136,1.1139877616525962,0.9434941881308994,1.0341991765983796,1.0475038927499316,1.3337596686629054
20171220,0.2598431365679126,0.3145544079179413,0.3006325130618704,0.32949134071905106,0.3325272420804506,0.42864899826698294
20171221,-0.2839528173437039,-0.3210343122722842,-0.29441110636278883,-0.30490266084641604,-0.3066465122231739,-0.33889294417113813
20171222,-0.1302646034981484,-0.15300091784614706,-0.17115697922077294,-0.1957812947834289,-0.197480011682355,-0.28325641860554285
20171225,-0.5397762295806396,-0.5725428439643284,-0.5360083807222237,-0.5384155189424309,-0.5397189494217675,-0.543309722559386
20171226,0.3135556783509048,0.3263395542511871,0.30784008757688636,0.30653928695684296,0.3069703102870942,0.30024399105528005
20171227,0.5431951627655659,0.5505375427189344,0.5097428946721205,0.4930784557323237,0.49277522153876097,0.4311586581168362
20171228,-0.4778593798807953,-0.6775988430341524,-0.6607351781758057,-0.6645519045273061,-0.6653994219125188,-0.6762320144056899
20171229,0.17752230960740512,0.7303011745301218,0.7227467336711328,0.7321726488546992,0.7332535225820039,0.7642726145954593
20180102,0.4774698329681996,0.02950404969563869,0.013166749379748377,-0.0017425911975852415,-0.0026124488544226887,-0.055216505058269805
20180103,-0.0912642986432721,0.47557839875275154,0.47532381331164525,0.48190625162974415,0.48251199490477176,0.5048020364135184
20180104,1.0347278157661173,0.5881206596363078,0.5727137082668847,0.56440593210931,0.5641083760518169,0.5340075103359778
20180105,0.17026806541149542,-1.516347468249105,-1.508394609903324,-1.5148131351848206,-1.5156325384318996,-1.5364033209360157
20180108,-0.1416664510061603,-0.18486919479656033,-0.1829913419567448,-0.18262240810591757,-0.18264463290471175,-0.181158524463641
20180109,0.5365006050256851,0.04881185480020486,0.048281012770914594,0.0455233680480229,0.04528852496039337,0.03587056132615021
20180110,-0.2800317280486013,-0.3091315167113945,-0.3068718225050997,-0.3063063873111467,-0.3063220914508007,-0.304121835526455
20180111,0.354917355363962,0.19248644208467103,0.1923066299744736,0.1913872030555131,0.19130898781228717,0.18816858912860163
20180112,1.5199266814876007,0.8943620287292413,0.8951776092550989,0.8921170947555659,0.8918147538779226,0.8815382190570328
20180115,0.06044806416991921,0.5838183881776955,0.5779043553662148,0.5787981915256956,0.5790550026845083,0.5813459990071284
20180116,-0.42591649945568294,-0.2989038907311347,-0.2992960358915093,-0.29874681366775074,-0.29868526013475044,-0.2968718517845505
20180117,0.37300222045327136,0.5404092440256556,0.5380409799977197,0.5381750570361471,0.5382575533141984,0.5384158469880896
20180118,2.5109106650946558,3.452199328266796,3.453268419592459,3.4502877732636597,1.8829632501231999,1.8729892845074478
20180119,-0.9079199080856737,-1.3712433560784947,-1.372570441415854,-1.3713561826847291,-0.5994586347117814,-0.5955070054242877
20180122,0.9858857007913348,1.379087553889552,1.3802370160371098,1.3792138624821806,0.7241266653685192,0.7208008696688606
20180123,0.8252179798498932,0.8942443113432039,0.8940510276729385,0.8937466638407132,0.7789562712439808,0.7778999453294118
20180124,-2.0283594817686814,-2.1129261056741155,-2.112298561085748,-2.1118022899320645,-1.9713759261399504,-1.969614471564114
20180125,-0.04506258756314205,-0.02660197494185204,-0.026489590049031314,-0.02651918006226453,-0.05730618088123034,-0.05739245992472955
20180126,0.2805353052199394,0.43860174176536887,0.4384725923270258,0.4384183465109074,0.43212925881794034,0.4319291416760838
20180129,-0.4950745537894124,0.1587238469412342,0.15828490241419124,0.1584072757936461,0.2818649550994089,0.28222500691225527
20180130,-0.47852904148367814,-0.7481429026997722,-0.748366265664098,-0.7481765339982768,-0.6251708976904327,-0.624555446007661
20180131,-1.4196845332207286,-2.638868273097251,-2.7921961868444427,-2.7919906751739267,-2.7499506948519663,-2.7492077797449186
20180201,0.2837623558527632,0.9761668339687265,0.9128653597955219,0.8353402655618413,0.9301119682498697,0.9300226828308072
20180202,-0.01146549697430805,0.3034910297841313,0.35522378000619587,0.4187276019834342,0.3410338686288093,0.34091291781744215
20180205,0.17033198193816942,-0.20773188319498442,-0.3697417591616413,-0.8755852358321927,-0.32534939412843267,-0.3250637788143283
20180206,0.08965627145711826,0.1473833233749262,0.1125270502604541,0.0037328627906488,0.12207012617275662,0.12211548839093475
20180207,0.16837536110089427,1.0078468430086636,1.0125410562257222,1.0273845279491367,1.0112155228045636,1.0111272739317145
20180208,0.0514734114518518,-0.9070424503529726,-0.9926520140573197,-1.260107588845478,-0.9691611376945499,-0.9689430517900548
20180209,0.5554866723723537,1.7821890940896414,2.543490693862081,2.4131886051823503,2.5548882540322166,2.5548304819851735
20180212,-0.6999645550761334,-1.9536979820062328,-2.746360212210713,-2.738093475936724,-2.7470506773203023,-2.7469331334467118
20180213,0.14249421273612833,0.30338269836524645,0.5359160989350081,0.5089712041656795,0.5382755508100121,0.5382725892359269
20180214,-0.3579181108497108,0.05749813067061174,1.0307738135681923,1.0693893869951954,1.0273744844263877,1.0273161689766237
20180222,-0.4991319489674571,-0.3616873954602251,-0.06613663792311258,0.005926171614819176,-0.07246263034750894,-0.07250969082250092
20180223,-1.2122654724774315,-1.6850703629809127,-2.845155285935763,-2.7718326116418446,-2.8515748752308143,-2.8515634272609702
20180226,-0.6424269276026848,-1.3425983016806904,-1.4197322069445202,-1.3952380460477936,-1.5021761842139056,-1.502220878076669
20180227,-0.06656935917815254,0.24655888625690497,0.5636039000024031,1.0290908224251345,1.0579401194828013,1.0579401465642078
20180228,-0.13665986101333094,-0.07848709749309841,0.2403338637541747,0.5224693238560307,0.5203157446659277,0.5203078462907043
20180301,0.1712147907222694,0.08429049527333143,-0.23152971587859247,0.28093569507411226,0.2633212592244093,0.26331114691095636
20180302,-0.33169644486370947,-0.18120680889588225,0.42441607303961915,0.024018667835583374,0.04412903286135275,0.0441356156263403
20180305,1.5934516502499552,1.4298036780351266,0.05257598173491296,1.5107114818128784,2.3093150953317343,2.309284986608692
20180306,1.2485228161591173,1.294980632000525,1.3482207921450953,2.0972501529602297,2.3240591198236533,2.3240415697334607
20180307,-1.675781601717021,-1.4806262304989866,-0.11345328390323366,-0.904647067226799,-1.4874430844159106,-1.4874284450521553
20180308,-0.5542779552314521,-0.45899981706546683,0.16336076166331617,-0.06755915943410834,-0.2915068875980058,-0.2915032266159473
20180309,1.3578956943488025,1.7309960248206435,1.0631527791586246,1.4966133443159495,1.7004026819665365,1.7003933497332806
20180312,-1.465667902263064,-2.411287417574898,-1.6450480387073638,-2.1187149868701844,-2.34738302447818,-2.347372894497879
20180313,-0.40780530099932194,-0.5488608259105525,-0.4702323820105286,-0.5606797524822364,-0.5932470626532873,-0.5932450022656156
20180314,-0.15101157767237855,-0.40949990635208433,-0.16421826577141918,-0.27381730179880404,-0.33787381423948437,-0.3378715969345923
20180315,-0.5555326960999533,-0.5491009152047597,-0.6197468825226784,-0.6528323955717185,-0.648447436939785,-0.6484464981224115
20180316,0.6644754208574534,0.7750487157917446,1.0111608946661432,0.9912694563021112,0.9482314742977219,0.9482315199091439
20180319,-0.15156720318296413,-1.014443419705973,-1.0168762254793478,-1.0864250430204188,-1.1011559877322252,-1.1011542862843233
20180320,-0.001686885335873511,0.5330639833230562,0.5583064463361086,0.5773304286945669,0.5773304290745003,0.5773299178997854
20180321,-0.9083814233382157,0.7943663789285826,0.6902683104214914,0.7752765969083477,0.8108364390914363,0.8108345588444494
20180322,-0.318544402928039,-0.7186098546951257,-0.7879099896668504,-0.7810537898141341,-0.7682004720091876,-0.7682005102335332
20180323,0.5016516071435391,1.0704036223187734,1.1873009587542407,1.160894349267621,1.1359843978253568,1.1359848244172726
20180326,-0.05268224956042907,-0.00897738627605238,-0.02422516635908159,-0.016534766088693476,-0.012361895228166248,-0.012362054469376715
20180327,0.18512120100666904,0.29933085950430066,0.31307280395796744,0.3116739082603044,0.3091165881245206,0.30911659666406854
20180328,1.7341145229707837,2.249600646597355,2.3712808798094507,2.3410372822595193,2.3145084646593803,2.314508975962399
20180329,1.454205145407235,2.0168421098510376,2.0551080718894843,2.0600225113664705,2.0548178786941746,2.0548176875232693
20180330,-1.2065874702067207,-1.491827020289346,-1.5271694926301613,-1.523265844277292,-1.5166222132571974,-1.5166222426827605
20180402,-0.12951610780980127,-0.2311720767976967,-0.2204961674350383,-0.22843983472592827,-0.23191824050962467,-0.23191806657464137
20180403,1.0410773408376468,1.2448088547982867,1.253687945189051,1.2574639104352272,1.256829609359865,1.2568295006945407
20180404,-0.20985212455214336,-0.26419654668416015,-0.2617570346057782,-0.26469286865930175,-0.2657314962307507,-0.26573142914269454
20180409,-0.39829804505984795,-0.4178667333844464,-0.4244046040343918,-0.4224868659798869,-0.4209977885759947,-0.42099782319109935
20180410,-1.1546808581433476,-1.2556792492288047,-1.26159423670336,-1.2628591381312961,-1.2621645413441287,-1.2621644994662264
20180411,-0.22798158363890023,-0.04064996809478966,-0.04451944491500193,-0.04221771540625935,-0.04108258864878478,-0.041082637602299465
20180412,0.7694907460506255,2.5147493661101468,2.523186390053109,2.524222322360175,2.523064425505976,2.5230643845178156
20180413,-0.3981161103535319,-1.8216176087537383,-1.8314479099370107,-1.8288075281278076,-1.8266214489390744,-1.8266214950543298
20180416,1.0366760934835193,2.201725159176929,2.2581869226373326,2.25992653381711,2.2597721639651196,2.2597721154682393
20180417,1.0099632845869457,1.9745311495115894,2.2198909443508423,2.220882268358311,2.2205663066216386,2.2205662763957124
20180418,-0.10665846933662901,0.04857882364761339,0.16826297658376227,0.16802602432570896,0.16787066344925974,0.16787066805141432
20180419,-0.9950058739629486,-2.0891599861571906,-2.351834907039489,-2.352290139815925,-2.3519508394101254,-2.351950823323873
20180420,-1.0256686761680776,-0.9047112610195441,-0.5843132087196341,-0.5850273740836237,-0.5852350400216733,-0.5852350231909323
20180423,1.6466092028006658,0.8267088250276218,-0.6177124885176716,-0.616646386436927,-0.6160789186302875,-0.6160789408305559
20180424,0.5461244447577059,1.1039923741173194,1.632981395833653,1.8731878502781107,1.8729802703902458,1.8729802659706598
20180425,-2.647009092025921,-2.390521937195408,-1.6201751770059045,-0.8244027623630992,-0.8247055781828565,-0.8247055575350579
20180426,0.5877435409806823,0.3507787067047,-0.16435706954208928,-0.6963949391520352,-0.6961925852930558,-0.6961925918269702
20180427,0.597003606149526,2.010239049777894,2.042989023114703,2.103036426654916,2.103023744858344,2.1030237358374797
20180502,0.9208926557253938,1.4878011022305535,1.276623339035242,0.6141397068901218,0.6142227420215794,0.6142227351642794
20180503,1.421119680202595,0.9534372781906174,0.39269819730030786,-2.260154034456028,-2.2599338087034155,-2.259933813657581
20180504,0.08378497009283051,0.03182783666392733,-0.0031762264950389862,-0.1687501578745602,-0.16873641327536248,-0.16873641343171628
20180507,1.765723075400622,1.3027641974478235,0.8591988670625688,-1.2391826050288817,-1.2390084104341896,-1.2390084137283381
20180508,0.03645470376245863,0.11796742505814112,0.141169714027988,0.25085758333481784,0.25084847891826356,0.25084847870567806
20180509,-0.9305556172981383,-0.8247540322460964,-0.6919034443919296,-0.0633817494921007,-0.06343392614068318,-0.06343392493333797
20180510,0.8658486776382448,0.8263555388398258,0.7405791467508429,0.33472943654834697,0.3347631287084244,0.33476312773529293
20180511,-1.1629177201416583,-1.2511877587928435,-1.2067197805382757,-0.9961767953693483,-0.9961942761349412,-0.9961942748999421
20180514,-0.051233670139810505,-0.9065345632052482,-0.9663480563704545,-1.2490604564873362,-1.2490369913659536,-1.2490369905457435
20180515,-1.1593836600610912,-0.990781887118666,-0.9177168012928172,-0.46793408961630756,-0.4679627828098265,-0.46796278229478516
20180516,5.825521055674717,8.773157848241855,8.128524273300016,5.850496100747912,5.850671828643585,5.850671824547878
20180517,0.05555289071914727,-0.1217476003750178,-0.28944609079535993,-0.637620894991678,-0.6376219257938741,-0.6376219254929711
20180518,3.603507632461198,5.185522275789271,5.073192433462838,4.279501412598879,4.449664027180304,4.449664024920386
20180521,4.295111029891076,5.4982527594117245,5.147055755440178,3.57421851826073,3.306054591071846,3.306054589423362
20180522,-1.5790062330029884,-2.014573354361498,-1.9289780214477124,-1.5355746719900432,-1.5006441233181291,-1.4467603536071874
20180523,-1.494507899105914,-1.820484838152409,-1.7404321390245863,-1.3782579722368513,-1.232008933790846,-1.1548012558307843
20180524,1.7938314446402286,1.9703537220919218,1.843257947096271,1.2923648599931554,0.48363737176568766,0.2487082763728089
20180525,0.08469957255145344,0.2162806146645443,0.24215369171925666,0.34245476331416125,0.6970862850166393,1.0001830531625915
20180528,-2.550263230411044,-2.44440089274869,-2.268461696514482,-1.5306224333093617,-0.013872709309927844,2.4312369678390024
20180529,3.45939069735745,3.9290848765985613,3.846789610834762,3.4649530899127825,3.3443884962019883,3.1499864472186028
20180530,0.70871497751219,0.7846185781951119,0.7649079997240035,0.6760416496569633,0.605661064426613,0.4921951868920412
20180531,-0.2262263358041239,-0.24143952274419328,-0.227669804031797,-0.1682619224706901,-0.07620694725088753,0.07219425307002236
20180601,0.4512001571179967,0.4857527604306031,0.44874790298587836,0.2895423608308001,0.034971886260927176,-0.3754187666674549
20180604,-2.1039422087035096,-2.025132390430625,-2.0182377952707355,-1.977960684866686,-2.3361523010380596,-2.534149582186379
20180605,-1.1826089345687494,-1.7827056865207256,-1.738624129884918,-1.5476352398651312,-0.0669504341974545,0.3873423914480074
20180606,-0.39337529858941833,-1.2927508661117177,-1.2545694006468624,-1.0897074864726175,0.24033474125951115,0.6484083481492888
20180607,0.05429504377506704,0.19387315314170486,0.2814330014990096,0.25951750425122044,0.12505872183130354,0.08380495032972707
20180608,2.8773784320200257,1.6463494966230132,1.618182505611455,1.8900472748561485,4.857087339278605,5.767409933867764
20180611,-0.5431039717775026,-0.11207494319797129,0.18409147736586867,0.1310952721936981,-0.3168848000731369,-0.45433063022198206
20180612,-0.061882424595775004,-0.15882010289949564,-0.38777132861368635,-0.3875346166908691,-0.4503826452692523,-0.4696650028005861
20180613,0.8491414536107965,1.0608420896526427,2.2892871663630805,2.321522086496462,2.9174395106849826,3.100273376584809
20180614,0.09333667221440772,-0.36090185222121873,-1.6757221997558587,-1.6529769352962687,-1.6444790942205307,-1.6418712976534355
20180615,0.07762837356196821,0.05580765750468162,-0.008246203994118767,-0.005692683791473488,0.015174070544607066,0.02157625117593133
20180619,3.3830435077218803,2.6770219557214494,0.5643866449247703,-0.29281176272153875,0.35632734352246986,0.5554913558484538
20180620,-0.6781927894414087,-0.5717932282473919,-0.25679741542668433,-0.1292442416886525,-0.22926537597883362,-0.2599531104075114
20180621,-0.09601106495700076,-0.0885723546773797,-0.07971133316100545,-0.07712885037718005,-0.09265274966129664,-0.09173608517682001
20180622,-0.372528337987289,-0.342962272614447,-0.27618731190293094,-0.2507336550434868,-0.29198089440810315,-0.21135188904718738
20180625,-0.3038980786787632,-0.2838408182161898,-0.235321127096547,-0.21650356081793018,-0.2423977497338438,-0.13649446737092796
20180626,0.22372116135630676,0.19518132416068137,0.0497262099433204,-0.0138320488697848,-0.026519233098773645,-0.5347302551276106
20180627,-0.08831873661772757,-0.0875520316558453,-0.10016577056782154,-0.10641079539962377,-0.1167790511318483,-0.16301317047008787
20180628,1.0350839088596469,1.382868174762085,1.2998090866873064,1.269787298406916,1.3418099002246513,1.0701021068538528
20180629,-0.23963646153644963,-0.2755662002566244,-0.2506389697257434,-0.2405650954736197,-0.24873382472785027,-0.16405297526724563
20180702,0.9127309541714842,1.1681449693735986,1.1601112598294503,1.1606547052825626,1.2111893680731822,1.1950748378523661
20180703,0.4575219358305461,0.5348903670779248,0.5221748122760808,0.5179537725945977,0.5337193669233206,0.4932293880128899
20180704,1.312568005161041,1.3959481152877116,1.3275803241325175,1.2997150495492358,1.3191403287847516,1.0861914821817122
20180705,2.1672170744605803,2.3437884361035346,2.2849994242271032,2.262668392075655,2.2999747480001016,2.1044707952251165
20180706,-0.36138661647085485,-0.3643292460953719,-0.34752257015970067,-0.3403996584309147,-0.34172629263740867,-0.2836564161428392
20180709,0.07082509273919635,0.1661552482955826,0.2050636700705224,0.22314130612919725,0.24013627585579522,0.3792534249015652
20180710,0.9903739350453006,1.055341987179489,1.0535396451226668,1.0537807336341862,1.0666241769579734,1.0633603467165584
20180711,1.763130620327708,1.8487772525921395,1.8446078307863012,1.8441606989733454,1.8611719380609082,1.850658325817991
20180712,-1.1619902233164199,-1.1628764096833115,-1.1392206652821053,-1.129144414642213,-1.1303721022710538,-1.0484883161300154
20180713,-1.4512157619726334,-1.6092100610864304,-1.6037749972420678,-1.6020990787074163,-1.6104593535279341,-1.593530897949847
20180716,0.13486410651784536,0.0651867590071212,-0.0327393315499071,-0.031071107063297215,-0.02998795223741582,-0.016953217276949845
20180717,-2.210356305901042,-2.0858438065240277,-1.57434125093681,-1.5788256424368523,-1.5884791631778425,-1.6207826806412786
20180718,-0.27478931152836905,-0.41636518989478816,-0.33805905314013596,-0.338449865524835,-0.3398767883835131,-0.3424544122875936
20180719,0.3408420618201522,0.5173484133724493,-0.12200258711266804,-0.12061102627920461,-0.11959278283687619,-0.10876631724263974
20180720,-0.06085893048746199,1.95618562233787,2.597717645030258,2.597282362250836,2.6023548678317026,2.5967809802102995
20180723,-0.3850641745252443,-0.10207395087856441,0.9765746683269367,0.9755631687241295,0.9761593609709142,0.9677476010036951
20180724,0.1613322577504791,-0.02716723417810102,-0.9963118475003975,-0.995388129828081,-0.9957548827954572,-0.9881452282973237
20180725,0.020933098252153948,-0.5064169787809675,-1.949023933961044,-1.9481294278028334,-1.9493607631465593,-1.9416362538886456
20180726,-0.3008678041772032,-0.33893609779805234,0.22691995718066643,0.4235400655906412,0.4234589984382121,0.42025596962309353
20180727,-0.21163317353979716,-0.9483971296228374,-0.6693853076708455,-0.4520045433610463,-0.45268950143746595,-0.45446681384877285
20180730,0.3569648640853891,-0.5710885733230588,-1.142002906708698,-1.3747186022762254,-1.3755652342968188,-1.3748250259550885
20180731,1.8275438978918788,2.338669577518126,1.2694384931356786,-1.8497203923590018,-1.8492023013697918,-1.8400624440518472
20180801,-1.6102712926310812,-0.6248361594477618,1.4162440416503346,2.4531231210867355,2.8094256891351517,2.451299070379477
20180802,-0.7791400419431085,-0.5176288447399846,0.2024371080440383,0.8446657120026004,1.3429177727650017,1.1209910468901483
20180803,0.3430312341383694,-0.3570641817114113,-1.5884386617914497,-2.03593542794495,-2.258857540394309,-2.1599685762390335
20180806,1.5020753175945334,1.0466135408244186,-0.49845638525528635,-1.7047511695394113,-2.835211514066188,-2.5682124577747847
20180807,0.7890662661387433,0.9265839387733155,1.0730042113113691,0.5516202432006821,-0.10645731845785977,-0.33205234732878297
20180808,-0.212207678733054,-0.3106233845467593,-0.49459408712217223,-0.5382010131753334,-0.3144782538992934,-0.23778233118778444
20180809,0.07937512351602699,0.12685563773264869,0.21849569650599032,0.3471457962079186,0.2482147523520592,0.21429939658692526
20180810,-0.02214301723827697,0.029216131423978997,0.1404452645972298,0.44600551614766115,0.37678247488142097,0.3530509618018026
20180813,-1.5917146530364183,-1.643167376011201,-1.5986414648581317,-1.603652415595817,-1.0473553235983641,-0.8566537151174624
20180814,-1.8823204444050168,-1.948273219229288,-1.397386696385967,1.443616898197285,1.6164669815861643,1.9324457872950485
20180815,-1.4051573222152465,-1.6408025079996311,-1.6060193557614404,1.1443836384466852,1.938021971810447,2.4465784399339205
20180816,0.01638142458216703,-0.07328716818161085,-0.19400815419687562,-0.4036805523523903,-0.26606611690933313,-0.1778690340086472
20180817,0.09777359141702988,-0.012028094173592505,-0.021090076918484746,1.0235110088201917,1.362306901093689,1.5794071534073502
20180820,-0.8118931319488831,-0.5463429523122403,-0.38806873086346966,-1.6355998430162553,-2.2876309557439667,-2.7054688181129807
20180821,-0.35148542694548435,-0.2453044684745615,-0.14560111533546488,-0.03117352751169196,-0.5189338377464855,-0.6573753509120341
20180822,-0.028387042351744808,-0.05310872890148856,-0.08432915627993834,-0.17370704765593403,-0.08232299763562945,0.005741363920398687
20180823,-0.05892548974498955,0.2496800838180766,-0.28787245504214604,-0.47607845876929006,0.023283108455927164,0.926853391678166
20180824,-1.209537797063747,-1.4382056007269717,-1.2005957589117395,-1.6049054713572324,-1.9150301792093323,-2.4761345503220507
20180827,0.02063044323633466,-0.7014913634749159,-0.28610502280371286,0.29061086461610786,-0.17493249792763987,-1.363078376133096
20180828,-0.06761936416209223,0.2655948520584906,0.10838673117150437,0.0038263591313041356,0.7171068837310963,1.2474920357351178
20180829,-0.5692213951954577,0.3323198193948715,0.10696990903148734,-0.07147915974352181,0.8245272145369477,1.5645284614286166
20180830,0.007233250127318659,-0.09740200138089389,-0.06644645881389298,-0.03620759446957472,-0.1339444426204133,-0.23153116093025722
20180831,0.024497755045298834,0.138839015197503,0.055359472907980635,-0.0762232883668741,-0.034123022522241774,0.19352515028902695
20180903,0.11770948914880136,0.10041031725984895,0.23729697013351847,0.5038006731233505,0.6593511604786212,0.3220807518712563
20180904,-0.02493787481248695,0.850282544304089,0.691259332845299,-0.17884674945634152,-0.060062612258317466,1.0079477675952135
20180905,-0.12987709873314918,-0.36601916219292757,-0.3258043765026489,-0.10571978116867065,-0.1507668557772529,-0.42669643810492397
20180906,-0.06084463861942062,0.037132755844129145,0.012699324617227087,-0.12087469126164319,-0.13960775649438983,0.010086672805193375
20180907,1.0509582096123875,1.3391500827126626,1.3100764475265492,1.150593788680514,1.3021971581098055,1.5480374557995367
20180910,0.586525733608274,0.4906900045217696,0.5306679153181095,0.7490179605246741,0.8450026838700861,0.6255150680194295
20180911,-0.6452909162809483,-0.6488785312232304,-0.6627623692172424,-0.7384763570888688,-0.8091721604486979,-0.7474959545963769
20180912,-0.27117349041147776,-0.3107851497708599,-0.30556440569008686,-0.2769644429131281,-0.2918871935328007,-0.33124260757706914
20180913,-1.0922415114664015,-1.1312288158917998,-1.1366344613572545,-1.1659949797457414,-1.2316116238093238,-1.222431491018728
20180914,0.5100646120602567,0.5761311948824849,0.5645018718364673,0.5008647527273183,0.511640837258747,0.5905577964636262
20180917,-0.03184407890739828,0.025924972659115857,0.027015608686389456,0.03297401284818308,0.03507730395551009,0.028888817511355948
20180918,0.385681410197347,1.4387362225161804,1.4348262170055337,1.413338895206461,1.4462846222604724,1.4842367256448106
20180919,3.0734958064771543,3.436157895440246,3.4048960481461847,3.2338108988261762,3.2680432328782687,3.4822370762306534
20180920,-1.6702030620060817,-1.9857022642703277,-1.972897710544402,-1.9028080855523917,-1.921578441869718,-2.0111595738788357
20180921,0.2448367248966852,0.36087122466213023,0.3593046990360419,0.3507269954385416,0.35393841285758176,0.3652542103676449
20180925,0.43454057483953196,-0.22289402001067826,-0.22764227678141968,-0.2535903387211761,-0.26043274658789706,-0.23258884727960072
20180926,-0.035519217144166546,-1.0273678391729693,-1.7404288920832003,-1.7455214471340361,-1.7610305310037229,-1.7610306329316665
20180927,1.9065459063294365,2.443974810223037,2.7893076148204314,2.747664372236515,2.7628300305047397,2.8176022096399316
20180928,0.04216592812235942,-0.005003821849018656,-0.0389151575438788,-0.08836754868651582,-0.08910512052174394,-0.0891051253691728
20181008,2.028917509951191,0.9865019042921485,0.23147030812166708,-2.212149810474856,-2.2275240165232457,-2.22002715369971
20181009,0.6331922730920949,0.3510311371855173,0.1478497684430122,-0.5092156371702337,-0.5135733273850799,-0.5131332551552437
20181010,-0.15839330358429604,0.091085380532763,0.26558330205735814,0.8276258385542268,0.8323272797289503,0.8388108748875487
20181011,0.27459218515118056,0.5565355258134688,0.7499031263073436,1.3709861652555981,1.376931802665895,1.3893814259238695
20181012,-1.2261079490473628,-1.4063605969734256,-1.5241592979232892,-1.8998312372205923,-1.9045923670578906,-1.9203271381951474
20181015,0.013839771463538281,0.016767837634229205,0.018725267549873217,0.024988966528186,0.0250590766587001,0.025256107864467907
20181016,1.1917305533220972,1.1619979341201094,1.1368771659476318,1.0540080596142338,1.0541603199073317,1.0591593382992301
20181017,-0.006997999239485575,-0.0452296358690239,-0.07151705884657356,-0.15598118698101793,-0.15677642776762662,-0.15837558340265143
20181018,1.2930390082064307,1.270481853760903,1.2515797100594699,1.189283292160367,1.1893730756263299,1.1929572455315847
20181019,1.454875267065316,1.410166972511768,1.3763428737674146,1.2662428984622374,1.2658210409700383,1.2680665188402074
20181022,-0.814644588304885,-0.802878072269535,-0.7933641628447639,-0.7621395956938289,-0.762129407799377,-0.7635371559056335
20181023,-0.7287445536187391,-0.7070450213155303,-0.6911288112784033,-0.6395298371273468,-0.6392425958731078,-0.6396643068862837
20181024,-1.0027911165927892,-0.9727269357134256,-0.9509657747088643,-0.8805433069065153,-0.8800974933468292,-0.8802942053293693
20181025,1.9841753943061256,2.3755558885116406,2.353366271293738,2.2810268061004955,2.280796902669001,2.282605216400591
20181026,-0.2345733363135607,-0.5439527232036039,-0.526612460091898,-0.47073556856741783,-0.4702791434699033,-0.46971190293039833
20181029,1.365884312053018,0.7705188023533855,0.7836312938601503,0.8255189701722562,0.8260190317687593,0.8275564751417338
20181030,-0.6449450166286931,-0.5171718953629758,-0.4285941761480124,-0.43747141215600005,-0.43759937074727157,-0.43808002256619205
20181031,-0.009193897172181166,0.05517703345384962,0.15631277650514086,0.15165989574131766,0.15162859514463023,0.1516285949389182
20181101,0.5136075743022732,0.20478887324985673,-0.6291303915894997,-0.6069103838275711,-0.6067414669966026,-0.6066045422929104
20181102,-1.6374649756143413,-1.7954530567737046,-2.2202549578171906,-2.4245673911958905,-2.424584616375718,-2.4252713104545363
20181105,-0.4194511621014784,-0.10245448557781181,0.5606802028792357,0.8803650075938398,0.8802537649277795,0.8803139407577834
20181106,0.4257654124256478,0.87720737080519,0.7503258737517153,0.5710316248729252,0.5710802995495198,0.5712694107916392
20181107,0.5635325810500695,0.8912978125492872,0.7632078643024948,0.4305028312234238,0.43054534071082773,0.4306876988367205
20181108,-1.3226839131170132,-1.483257230619623,-1.1219039973056022,-0.18343608052066324,0.3564162726222455,0.35630456035282254
20181109,-0.02790712864933481,-0.32681987782738786,-0.5394678408632592,-0.7327279535683604,-0.8439607159633915,-0.8440378872352354
20181112,0.1102520991372502,2.1250465488056602,1.6223776331364834,0.7475663783980027,0.48469880160123613,0.4848465279220585
20181113,0.41289186671836575,1.3759968001242597,0.8681740562420981,-0.015541342283092341,-0.7819232784803167,-0.7818926546060414
20181114,-0.25822432515061805,-0.6355296361020711,-0.5413300779413313,-0.3773915032549696,-0.23523789698555306,-0.23526555143451916
20181115,-0.6101808067475603,-1.1424245782015512,-0.9816321943033726,-0.7018067455643816,-0.4591555506688022,-0.4591903892409034
20181116,-0.23402416821003136,-0.37093591923389,-0.3253880882823916,-0.2461224764340934,-0.1773858621372664,-0.17739419805587003
20181119,0.9087457414627363,1.6517082787258834,1.4703265918111936,1.1546771592921898,0.8809499038773502,0.8809757777264402
20181120,0.44334012111933596,0.8567700063092407,0.8222515335851899,0.7621729953897991,0.7100854528833627,0.710104514994722
20181121,0.2829871499673123,0.5375919883307081,0.5375900384503052,0.5375793684593724,0.5375811752778747,0.5375944072288327
20181122,0.8074054499827823,1.2573953448869641,1.2445322748223588,1.2221359651686994,1.2027314232409054,1.2027539063076158
20181123,0.9459059973683206,1.1496386483785135,1.0927634489212128,0.9937872337457256,0.9079550230356647,0.9079616168084159
20181126,2.2614444946571544,2.755247759370938,2.6841946202345435,2.5605386185459476,2.4533144823585586,2.4533351556752754
20181127,-0.5996269861753828,-0.6184316443372779,-0.5812576567601692,-0.5165694493415428,-0.46046684405946176,-0.4604652105714937
20181128,-0.912824432937037,-1.0411355421640844,-1.0271713699309304,-1.002868190431447,-0.9817958650592896,-0.9818015528006556
20181129,-0.8839622410995011,-0.9633924380377652,-0.9472467625748011,-0.9191488751336478,-0.8947833147526028,-0.8947863088899386
20181130,0.5235100578877684,0.5326767429733462,0.516415210595971,0.4881177249773054,0.4635760026773118,0.463575337007387
20181203,-2.386752088035534,-2.546930872506657,-2.5291139651753713,-2.4981056046739214,-2.471219328665523,-2.471226402020811
20181204,1.4126017641630741,2.514561592138591,2.486091006751176,2.436545941924062,2.3935797660281466,2.3935822565509035
20181205,-0.09704050121465799,-0.22962858183977225,-0.22834363978975683,-0.22610742166906644,-0.224168350212114,-0.22416871181403442
20181206,-0.5222351398829942,-0.34003520449785496,-0.3323307380412282,-0.31892413437511247,-0.3072964349334632,-0.3072955482437764
20181207,-0.6897415585374569,-1.591586271306986,-1.5767533348149323,-1.5509416624950865,-1.5285560629550452,-1.5285557395719014
20181210,0.5105804726333252,-1.0910082001504149,-0.9599968338314964,-0.964415879818715,-0.968249929815808,-0.9682518506311184
20181211,0.23724436418814498,0.00514045784180478,0.6087105300773824,0.5955297946882707,0.5840980041395205,0.5840971452777096
20181212,-0.01818828051327784,-0.18812275911021448,-0.4241645332802423,-0.42117450050886995,-0.4185814129908193,-0.41858145668246177
20181213,-0.5035850980452595,-0.11735979739058572,0.217919849926629,0.5271468187690092,0.5286864483043676,0.5286870558076968
20181214,0.793998484309933,-0.29176965493931817,-1.8245627000221487,-1.995682646987166,-1.9892375805542881,-1.989237933361777
20181217,0.6854889443839346,-0.08568066032608887,-1.1511649301073756,-1.769041210485184,-1.7622808019820042,-1.7622807780228293
20181218,-1.2751850701001324,-0.6596027137807767,0.24055989560213298,1.5646208605047263,1.5638981098308173,1.5638986785459625
20181219,-0.9612382267906712,-0.44219405387626015,0.29271958600439174,0.9973582168325121,0.9944816936844881,0.9944818880626151
20181220,0.06808865562469818,-0.10209598915600497,-0.35678034514592205,-0.8224227071729047,-0.7650887073561998,-0.7650889335488005
20181221,-2.1152529208065953,-1.6236193817690177,-0.39348866079585654,0.38017073172969895,2.2437945796886534,2.243794709597033
20181224,-0.47570256160155255,-0.3916449276526654,0.7780509336528826,1.5598962106069867,2.449567300665347,2.449567549650186
20181225,1.0809309836938894,0.8019131416909552,2.5592136273742456,3.7826551076217427,4.186509804063226,4.18651031074524
20181226,-0.31243196804909096,-0.3038374733426334,-0.6561358648042125,-0.8957039875579499,-1.085619196370101,-1.085619282457497
20181227,-0.03678827800478596,0.29936805710768444,0.44695038074374194,0.5063745695628336,1.3678365635695828,1.3678364884617873
20181228,0.05560411201542223,0.1637871088630373,0.1928322366589556,0.19946406819789958,0.4657207895727625,0.4657207610400797
20190102,0.06962049679332073,0.10050683509204406,0.11511047571879279,0.12127705052759168,0.20105013016313134,0.20105012350885565
20190103,0.4221454894694887,0.44259238627544795,0.528440228568525,0.5841022629095233,0.6822561966728741,0.6822562102749472
20190104,-1.3615944862165095,-1.3908815481572683,-1.6012004620876548,-1.7400737603181997,-1.9326595377403086,-1.932659577871904
20190107,-0.8913034451736491,-1.210820825755877,-1.3615640650282972,-1.4631935094680046,-1.5612302340979216,-1.561230268548396
20190108,-0.7473549317383087,-0.812722685989902,-0.8683404315920604,-0.9016999409438988,-1.0169015482247712,-1.0169015496990033
20190109,-0.028200075640833593,-0.7687716771348317,-0.8395662369885157,-0.8893290364047014,-0.8965203213873418,-0.8965203430902834
20190110,0.14438645534100594,0.5304793735371234,0.5456226752052667,0.5038440572866657,0.5587248501746369,0.5587248472327738
20190111,-0.044253742841402106,-0.2908733774080704,-0.29160266648855165,-0.1695858554752336,-0.19378242615732538,-0.19378242295116885
20190114,0.0043769740096461195,0.06784258360032827,0.0675451097483824,0.025466110458865703,0.029413095603135105,0.02941309494646327
20190115,0.1608540428288699,-0.6296274016960569,-0.6370120421504011,-0.48749315057730264,-0.5154984809430705,-0.5154984793317854
20190116,1.0840207276698732,-3.2063260177621022,-3.2346873299678234,-2.3629311932160473,-2.473370825035175,-2.473370818437016
20190117,0.4245341157072798,1.4262275825547537,0.5382278485157193,-1.876123870808382,-1.857955925747097,-1.6639455276101272
20190118,0.9365972571619365,-0.6987564904563002,-0.6574331077722279,-0.5088122422645062,-0.5484704886990286,-1.4871523530259472
20190121,2.7406762470908177,0.04818868570316004,-0.22302291456238205,-0.8919619695010669,-0.9596644099283321,-2.872197158307102
20190122,-2.523918722861487,-1.4067331646508556,-0.9421946657290585,0.28335722479706804,0.313947456524862,1.6176885395069789
20190123,0.3264225529522857,0.005453725225050568,0.018617708118891914,0.06074506675732789,0.0822520853257462,-0.06368537179782408
20190124,-0.2174782805861415,0.2113124948230533,0.15318818188408162,-0.007698625977631018,-0.24163116645322757,-0.2183044445990688
20190125,-0.028748753333254544,0.5493105012319198,0.47289559784712004,0.26716921219079476,-0.035681229370254426,-0.4268951814575794
20190128,-0.45079124496999984,-0.2593166640709638,-0.25723826323754234,-0.2560119226418839,-0.25131945903434355,-0.14025225684513215
20190129,0.6086313095680097,0.46912488595942703,0.45973913114825354,0.43890952413921375,0.4053129077299177,0.25523057404513644
20190130,-0.10135928308120565,0.2202245468813145,0.1915349412197735,0.11209121756787524,-0.0034012319340492314,-0.09960408805573263
20190131,0.35006549814241583,0.24832668161367888,0.24984667445229283,0.2558417532097006,0.26340968214692495,0.22745269492372575
20190201,-0.23578852920761792,-0.45131741620468324,-0.42788227633150444,-0.3639829828501998,-0.27044960007108165,-0.16900947283658802
20190211,2.0488524652467137,1.4054026667705124,1.4182322639429283,1.4600763015943596,1.5168486609978689,1.4146512485776774
20190212,0.11583681229650634,0.07489524274233124,0.05578003659329217,0.05929097356008849,0.0642423460818912,0.08304020571510652
20190213,-0.8179824822396586,-1.5954809938314798,-3.0269222778033433,-2.9083761921805182,-2.7324842396945073,-0.9788355743810069
20190214,-1.8207929939852658,-1.539316724846325,-1.3003007814066416,-1.3189809095583505,-1.3444085248667277,-1.546706774742196
20190215,-0.3598157836557443,-0.6394536810648019,-0.7843097903098999,-0.7720381135712446,-0.7532645658112592,-0.5534374708916872
20190218,0.3014685194879349,0.7643728338430857,1.4760858395401428,1.4575719449164335,1.429089093255535,1.1224477427081299
20190219,-1.7528848491009785,-1.094054071816381,-0.12258769188567781,-0.19858287743692046,-0.31043978079706636,-1.4055088175062083
20190220,0.0018380607487758216,0.29358834705674,0.5292671292617207,0.5195096688809401,0.5048599006688653,0.3549480545427812
20190221,0.3099081945686289,0.34362227771006415,0.23452052665991713,0.250141344696035,0.2728985535758506,0.4903891943580705
20190222,0.7151798337197323,1.3306474386254692,2.0241281404365816,1.9794294464452473,1.9133209686673869,1.2589811921708893
20190225,-0.7438915558212269,-1.0628987761540036,-1.4686847531699063,-1.4398235844655147,-1.397247400833518,-0.9782743747110112
20190226,0.04241051863258388,0.0589619516000538,-0.040781009463362605,-0.02743904037438416,-0.00798476405810522,0.17832742217087327
20190227,-0.7227300705000901,-0.8771267880805337,-1.0969211321902566,-1.0936806063510787,-1.0887354152832454,-1.0363643580326793
20190228,0.026382298678640427,0.04443415477202211,0.12410542630134247,0.19168747587480678,0.18928929595338215,0.16568725976060644
20190301,0.16996615297232348,0.2701838756191324,0.6327342374783942,1.304686105967287,1.2940616736549684,1.1888601321493737
20190304,-0.9238151018897373,-1.003552300514201,-1.0466375795290623,-1.0465907677339208,-1.0464116473118437,-1.0421719971410621
20190305,-0.11855614748833661,-0.14991863583866055,-0.29974229306078815,-0.5969940090887879,-0.5923381217324938,-0.5468401605810334
20190306,-0.10583758588312955,-0.28755743841154846,-0.2503199480083008,-0.15517003718578717,-0.15661565267730185,-0.1701233407823307
20190307,-0.21427257241083825,0.1973366071016635,0.18062855703673014,0.4690984547125458,0.4646202398359022,0.4214138241289616
20190308,0.033931467914566665,-0.8087895538488499,-1.0337141405920456,-1.4331421348431495,-1.4279151177306937,-1.376687133299488
20190311,-0.16399964648882714,-0.12402292823716216,0.030032042593088698,0.24520965425394203,0.24714269125347976,0.2653140658743095
20190312,0.3144012121101406,0.1462304202263822,-0.35778418939029427,-0.6932268867651041,-0.6938578620332967,-0.6994480342194793
20190313,-0.6754772511737214,-0.2759052026781,0.05545404186667399,0.8180324420535936,1.1049260041965778,0.7981008912880887
20190314,-0.17221033121035048,-0.20001605689869373,0.06979099801212085,0.19074992340099903,0.07931160431281481,0.19800456784959689
20190315,0.15197258376093042,0.05849781914070695,-0.05689385875752356,-0.3372233389307021,-0.4120801984558369,-0.33206400697123173
20190318,-0.23635347080839614,-0.42649067666106644,0.4134728563378838,1.0239966283695168,1.3012096788073189,1.1987868051198254
20190319,0.07039448739509148,0.053508364681823614,0.14017543342039598,0.14382982074173845,0.07931705165477601,0.10298735897558865
20190320,-0.48149851629036644,-0.5004106497056373,-0.5946125990202622,-0.20440720850882843,0.05984951820913487,-0.037237922297078896
20190321,-0.11056245333480375,-0.048536891131257205,-0.20167087689301247,-0.35619831985495454,-0.4098950303543526,-0.39008154437901493
20190322,-0.6166163351140351,-0.08765809225375494,-0.8367702346329974,-0.9045329145317098,-0.8605183670053275,-0.8765385244617471
20190325,-0.5566666850608393,-0.06678133000535907,-0.7964943772858237,-1.2454824110054472,-1.8296056903592761,-1.7686232752374322
20190326,0.006510697298101741,-0.19135812094614116,0.09070107014836062,0.13579085429726315,0.3350891953350426,0.564923838005149
20190327,0.268574522317522,0.4650659937495285,0.17210394713512814,-0.010954882451462637,-0.5009136213495267,-1.209260184069782
20190328,0.6487592657404155,0.8196091555274079,0.5598795222106184,0.3469889133660068,-0.07178766466080944,-1.1426748258870298
20190329,-0.6086131190795199,-0.8346891164480553,-0.5129591201236188,-0.467225219831042,0.11873780507331808,1.3607585411591052
20190401,-0.6403601605377223,-0.7061669926224132,-0.6059167793665081,-0.5216678183455815,-0.22079196846804972,0.31837094500015006
20190402,-0.7030150868856666,-0.7802076069840285,-0.6670918725975623,-0.6164103511244097,0.044182094411080286,0.5560722611648984
20190403,-0.43709586573430415,-0.4536388378566192,-0.4641192803826232,-0.38972042568360693,-0.29725644590626626,-0.12154005782012084
20190404,0.12084604792353665,0.23526270958688458,0.46466171407796464,0.17342160467187792,-0.07789895396307714,-0.27143997828105654
20190408,-0.5339452183139375,-1.0131630525101942,-2.025429231683816,-1.2832426142892484,-0.19323013481891727,0.37798016811760526
20190409,-0.3949458226780095,-0.4983492077248395,0.18747210585892043,-0.24418193388983472,-0.930659437526529,-1.1040410636481774
20190410,1.952198181820521,1.634672944704907,-2.64325962887271,-0.9099062859512758,3.4561121929282637,4.456926349788564
20190411,0.23391850556773996,0.15819002050394065,-0.04200644443179508,0.04834414292165616,0.26003313101318537,0.33679850194401206
20190412,0.7140688102220305,0.668189526727224,-0.1225384358188618,0.19590895961333754,1.0013673131718408,1.1800570005554007
20190415,4.513627882083688,4.130869992817355,1.4052487137503866,2.537004079981403,5.340597912266231,6.06698109599506
20190416,-2.4238388524470627,-2.182611538887969,-1.6308264807009016,-1.8847831933050292,-2.4721797823209832,-2.6997438866264623
20190417,-0.4245166698600176,-0.40128083683862603,-0.24720746259434678,-0.31142573275421215,-0.470100383518413,-0.5119476496837739
20190418,-2.2371933290333894,-2.1459940440760885,-1.4318828330436104,-1.7270241627900758,-2.460464317012011,-2.646310085128376
20190419,1.2423416519450354,1.378056779572043,0.9646069293296651,1.13385551808499,1.5571954501662586,1.6595123668915597
20190422,0.4407826825123447,0.669605421576961,0.5483637601814936,0.5993607719758516,0.7245928531015692,0.7590238618025384
20190423,-0.30001129544870797,-0.43712717822605995,-0.35280296200329436,-0.387393958340986,-0.4737929820896664,-0.4948950994982007
20190424,0.18296287678625842,-1.2874807589956312,-1.2733655187150388,-1.285070623274775,-1.3042542171278346,-1.3269580187162535
20190425,-0.6242273870393407,-1.539245996312989,-1.3565885194252165,-1.4333930254188139,-1.6220420232834234,-2.046545800533819
20190426,-0.7023900981114756,-1.2924922064318924,-1.0990770003497048,-1.1770393432670743,-1.3741126099537164,-1.4826333007408845
20190429,0.7108153921383916,-0.0898426945676438,-0.10238256297543552,-0.10789373583616921,-0.11625925014978235,-0.44546212561385606
20190430,-0.8596245374156273,-0.7183737869588985,-1.5394664161659068,-1.6044646790009123,-1.7734110365600146,-1.5956154285212778
20190506,2.1964345786708295,0.8415928057853508,0.6090906491658588,0.5859513945140757,0.5361111684893087,0.0041147596681715415
20190507,-2.244105270628844,-1.1617435752354415,-0.869292930905917,-0.8422979344033465,-0.780498937313258,-0.37093762558161497
20190508,1.3475242323856838,0.8381583780932289,0.7194835015067879,0.7082909850925995,0.6831126519187698,0.35559545416011196
20190509,2.1220098060805714,1.4530690410413987,1.5321003399098365,1.5361322049821442,1.5514533587146921,1.3503759159948348
20190510,-0.9397715131083484,-0.7247678634098609,-0.6076775235809251,-0.5976104602894827,-0.5731808449317386,-0.36960380138619287
20190513,4.951943258904151,3.8818526263417485,3.8858108625189085,3.8939509241016963,3.8932311742756944,3.452150185274782
20190514,5.979165714297119,5.38847547864749,5.1995613426265095,4.2588338409358375,4.218297866727569,3.5649111303632908
20190515,-1.641661127474619,-1.542376107006332,-1.4850381916112212,-1.1991900022702293,-1.187001069780861,-1.0218078601009486
20190516,-2.1384795305446715,-2.051565369709304,-1.9816605406008057,-1.6330234994499986,-1.6182118368423866,-1.4309429148109323
20190517,1.3363161712141378,1.7880940254473083,1.7202079309107166,1.381239428167148,0.9291325325218359,0.7879747955949942
20190520,1.4449691201041477,1.5807879586830447,1.5494956421031034,1.3935384694845483,1.1857379594108979,1.0909761908346967
20190521,-0.940584377560935,-1.4543160482671238,-1.393743111832919,-1.0908454778085641,-0.6865268222268437,-0.6059284780082363
20190522,3.2328780416244065,5.973813831704772,5.827656513537654,5.0973715531822545,2.477220412006025,2.223536256621749
20190523,0.4584906244562312,0.5114354085844787,0.5072805251462045,0.48661919191251995,0.4127532872673624,0.3954734014696714
20190524,-0.8886180252852418,-1.1606069671004842,-1.1451564135179761,-1.0680269552443495,-0.7914858296423272,-0.7575080753424472
20190527,0.015612221186323619,0.13229206923409284,0.12682741492229965,0.09946670867663308,0.0011506651598674617,-0.0026095867778618276
20190528,-0.5413196606547432,-0.5243275284828142,-0.5239710865075925,-0.5222837933542831,-0.5164801569780606,-0.5063158985831518
20190529,-0.35106547737524846,-0.47564693328036667,-0.4693446583945951,-0.43782961633444534,-0.3246909158197044,-0.3163294768384227
20190530,1.218009731478452,1.3116558494511723,1.3056315745558318,1.2756073654084628,1.1680892666736469,1.1498401678974146
20190531,-0.10995236686433935,-0.09537960985950357,-0.0959011119663819,-0.09852579900007419,-0.10799340674307949,-0.10696626006082846
20190603,1.988475972144916,1.89052433248151,1.8928976066328969,1.9049673246949714,1.948836213069299,1.9314083769940105
20190604,-1.8448330767416208,-1.9823420420936773,-1.974688244821694,-1.936469370217454,-1.7994095214780388,-1.7836957368175916
20190605,0.08843060533060895,0.05481337375942204,0.05518965543900771,0.0570795781600916,0.06388650934405568,0.06354059588387415
20190606,1.0598079477643483,1.6745859329126584,1.6706949726480562,1.6512758022975955,1.5816622462178707,1.5726391605358543
20190610,-0.38755749403790507,-1.2184379149229465,-1.2151661186651153,-1.1988157077301154,-1.1401458272843512,-1.134737883429438
20190611,-0.9197523915738937,-1.004358901620662,-1.0452264712205934,-1.0433816862288592,-1.0368463425405905,-1.0330092624825888
20190612,-0.48575188015002213,-0.7413465372193222,-0.9969589067061301,-0.9918564525096583,-0.973581495205976,-0.9705885301041426
20190613,0.5868151610518823,-0.31700370131217226,-1.1409333514547702,-1.7008314853332855,-1.6419490629971885,-1.6377587949604717
20190614,-0.13124962032370868,0.09488712267407654,0.2272271882033059,0.31715734160622217,0.30769885416813086,0.30685535240158623
20190617,-0.41461791984228735,-0.25628398764058785,-0.016044832183945035,0.14721014307690242,0.1300424191788201,0.12905714732794035
20190618,-0.060883214614092566,0.16734946310779586,0.28521172973681647,0.2852089035388121,0.28520749867350775,0.2848720060274168
20190619,1.0505456612684716,-1.1162218739178866,-1.865091244717987,-2.2083858079492833,-2.201204841064998,-2.198894458484347
20190620,0.22859608938050507,-0.03824938788282817,-0.13703444348111055,-0.31608357189902464,-0.3564196266068631,-0.3141901976987212
20190621,-1.763673270052068,-0.8125596396312614,-0.38974467013800007,1.0069309807375917,2.0695763426861142,0.9923713903737225
20190624,-0.5484980056674498,-0.7360130440821014,-0.5939302900073155,0.4071020333373124,0.978308996841783,0.39951930486648224
20190625,0.25950373302672425,0.16572039073561773,0.10379653003230316,-0.39280773817895454,-0.4850849279538928,-0.3914713658602592
20190626,0.648783624813734,0.265196598976214,0.21248273009860974,-0.5068449470115823,-0.3142454772896497,-0.5091140591224993
20190627,-0.003922569441830809,-0.03563870477726145,0.007677684454849273,0.4764310685504315,0.6278538523800701,0.4744047882530459
20190628,-0.4545182033223241,-0.312572431784615,-0.3376453440053692,-0.42199455027208055,-0.6199664285846231,-0.4194355824549225
20190701,1.227106080972944,0.9503573895917481,0.8310954572209895,-2.019140316329392,-2.111050699563907,-2.0176446487905153
20190702,-1.0524738293739835,-0.8825482886855429,-0.5545131428675605,-0.2906509456263438,-0.22200350833352356,-0.08550369486286347
20190703,-0.7803949214300118,-0.6804365104407921,-0.717218968500753,0.3938415949601238,1.1817190428843347,1.1477095111809348
20190704,-0.1844661198690989,-0.15727995538429262,0.1580793644421506,-0.21529556674737654,-1.1120721451499238,-0.9705649551018626
20190705,0.74564388606849,1.449041359536226,2.2531187432042232,0.3533056116357364,-3.376784320122394,-4.622808413436611
20190708,-0.6740503329406047,-1.2013767732211953,-1.380321712437651,-0.5462336461128383,1.3843047845415772,1.6837568160325111
20190709,-1.126158248919268,-3.2409861025787894,-3.508800888588718,-1.8796134618541946,2.9306752767145077,3.399359251161564
20190710,0.5265192690516698,0.18201807687503413,0.3167685404652089,0.3091974103847977,0.5670407824753083,0.37496805014008594
20190711,0.20199596030561195,0.2270529307700972,0.2662944276896215,0.1917975900116778,0.02849733948923718,-0.031331164001741726
20190712,-0.14759864786429439,-0.22783290408754794,-0.25533891520104846,-0.16698639921276617,0.06663404773584332,0.11051665997343249
20190715,0.6719353462304539,0.6493017543810163,0.7162839305774105,0.6268340449504024,0.47244618818350637,0.3723547809364314
20190716,-0.36290807015687504,-0.3791022761993322,-0.4100300705038071,-0.35336540007290035,-0.23141955703167885,-0.18437669803702464
20190717,-0.20868157672281426,-0.23302024941060523,-0.24936865641297865,-0.2103182708840201,-0.11585814304998095,-0.09050131074834149
20190718,0.11799088432669458,0.08522626147576032,0.0859037414318552,0.1037583673125284,0.16405722598003444,0.16405529754653628
20190719,0.09487775370761839,-0.4414768652341734,-0.4664458845678942,-0.39336022096192036,-0.20475882743459,-0.1653070684147065
20190722,-1.2414236485808061,-0.9740073143987367,-0.975519545421523,-1.0839319854405574,-1.4446040696200593,-1.4482925049243742
20190723,0.2524442127990348,1.4588489096606054,1.481469552773189,1.4948214303505636,1.5863257082771054,1.554869966710214
20190724,-0.5340324471074933,0.7097835237732572,0.7394270227052353,0.6400691079358689,0.37464360934824636,0.32712791947023834
20190725,-0.10989346026728862,-0.5114578867043098,-0.5200413156883765,-0.5056254201209038,-0.4761025209192609,-0.46311723550509654
20190726,0.4891121121548778,0.8398042220132458,0.8590033758112346,0.8033682273395967,0.6602016342936359,0.6298966870359338
20190729,0.22590666544354934,1.7850454940245544,2.3722419214636425,2.394423580860896,2.4929188302771683,2.4769337834044522
20190730,-0.7808336933981038,-1.5164636603226052,-1.6148399204688082,-1.6000939160906045,-1.577814216152555,-1.5591645773325804
20190731,0.7010071364025752,1.1718988461182651,1.2425947957486048,1.2342453736540027,1.2229555218019215,1.211497643091594
20190801,-0.03363285459210541,0.019077830425532682,0.08657416963469206,0.0940469681499621,0.11570996252632598,0.11813147212099306
20190802,1.0469808931479687,1.6627585799168891,2.0168720789316326,2.042875934758987,2.128798217540706,2.130081887582059
20190805,2.35896457187108,3.183286425858815,3.5417367000077027,3.560236906423876,3.6307805809897826,3.625313099078993
20190806,-0.6641238651145362,-0.7932629549478176,-0.8057652780235973,-0.8025039107208642,-0.7967582424905006,-0.7931879344986912
20190807,0.8952366589700465,1.0308253641747724,1.0496454523867809,1.0470245624945074,1.0431826758395242,1.0397879943836108
20190808,-0.21767086818217543,-0.239343879246901,-0.23772608442550033,-0.23665439090023144,-0.23426023178275426,-0.2334300242875812
20190809,1.9333507115484894,2.105039851038735,2.124039835487087,2.1200394653224524,2.1133157869423913,2.1087169477508314
20190812,0.7749131160446985,0.813888687052482,0.7965402635050214,0.7925755657188311,0.782714053854761,0.7803234201268339
20190813,0.6531817291997892,0.6973685041799292,0.711974684892265,0.7123161392402051,0.7143243995593241,0.7137448493361204
20190814,-1.8569058879464986,-1.9611639631378923,-1.9998914408897464,-2.0012988249140085,-2.007678178194987,-2.0065758424624276
20190815,-0.4515653565020445,-0.2659940433440857,-0.2524258210646044,-0.2504992984990002,-0.24525323741676008,-0.24439937707185522
20190816,-0.8840082728905251,-0.9275706398046184,-0.9293807837029775,-0.9286031651155161,-0.9271297193624598,-0.926348573964398
20190819,0.1817699839910744,0.24514192727923112,0.24320202783464004,0.24276066687688,0.2416620941055727,0.24139647894269517
20190820,0.02860604706247208,0.1672314612505952,0.16898006455051334,0.16906537737085453,0.169399138445734,0.16936819716017465
20190821,-0.1420774534870871,0.45436411261161186,0.4651888225665588,0.4662013827138194,0.46928510962644115,0.46951264770515083
20190822,-0.2771940578501844,0.4626319466922735,0.4533455973330913,0.4520215743750686,0.44841957131249366,0.44783043728443106
20190823,-0.09999678303392746,0.3997570998607023,0.4053705514207675,0.4058818415091941,0.4074520033827902,0.4075580604564174
20190826,0.10778443607084157,2.076619090223419,2.0946721260441645,2.0961605036683992,2.1008826154430777,2.1010887890746157
20190827,-0.20627366111861567,-2.4557990216445527,-2.459380838971855,-2.459174160778634,-2.4590566090684653,-2.4586632544535716
20190828,-0.4237551534168275,-0.4452770928643081,-0.4488456271313083,-0.22350895760716372,-0.22460377663773567,-0.2247110022958797
20190829,0.38949065775935365,0.3691488439324357,0.20827740806810036,0.07894162355620199,0.0795152111191445,0.07957674913492069
20190830,-0.40169460374572197,-0.617487880038531,-0.5915136363158345,-0.5355264756978052,-0.5359917201991856,-0.5360022448367516
20190902,0.24756764945836335,0.4832863170587078,0.5209651412255205,0.6487872614236365,0.6490457518784021,0.6490319592774183
20190903,-1.201735839820837,-0.8971035412079444,-0.637640633817277,0.7646371731996845,0.7641744076622305,0.7640758860110256
20190904,-0.606963742932793,-0.7726170822658667,-0.5100859942475019,-0.07327591321089699,-0.07355112917992845,-0.07358181724766549
20190905,-0.17999270455323166,-0.4094172339843025,-0.33046570964204214,-0.19876662456126737,-0.19889892041065937,-0.1989081723712922
20190906,-0.24737335628154306,-0.9997438851586017,-1.6131180025640695,-1.580956756040202,-1.5813469361281558,-1.5813491914803415
20190909,0.3434066022415169,0.371424026153757,0.7752683891541781,1.4087700916161352,1.4087239409633263,1.4086849982937355
20190910,-0.5360319977296016,-0.5823498042379698,-0.9729291922623196,-1.6918625481640395,-1.6918303769108363,-1.6917943760722007
20190911,0.5836852468083485,0.5012976443603332,0.6218832658194164,0.7017647766503294,0.7016921479130342,0.7016726691930584
20190912,-0.43606751684113176,-0.4136529776296177,-0.5063232937986978,-0.6342500666012924,-0.6342207728998676,-0.6342093415751235
20190916,1.176192135369321,1.0485107806951264,1.0973928393137498,0.5187741266133508,0.5186835473512205,0.518667495171543
20190917,-1.033949504043589,-1.0123256298971626,-1.1450213193678014,-1.3651001307856592,-1.36506497513663,-1.3650495123552329
20190918,-1.1953116424102253,-1.4644663866408711,-1.460573671181507,-0.7748574101584497,-0.11558832260470098,-0.11557811296432219
20190919,-0.07370068597452054,0.014515435416060124,0.043856805188067505,0.2408154502744419,0.41969777527821994,0.41969578024526777
20190920,0.18152039878488122,0.17505452314195943,0.12306161173130123,-0.5794542357939886,-0.9009641807875521,-0.9009609239142415
20190923,-0.08291236772983597,-0.5066453580782578,-0.48019034232959457,0.11265701259252105,0.5043123587126306,0.5043130788443327
20190924,0.029389038041882296,-1.29886227723933,-1.2312719771018967,0.628516296921984,1.659891914891758,1.6598914075335256
20190925,-0.5275338860244807,-0.5392585275739097,-0.49531881553776624,0.026186056560744575,1.4941137686362036,1.4941095630913583
20190926,0.20726806051652916,-0.17335797505611972,-0.12498503653870957,0.7459520269216154,2.0336700216391996,2.033667064997786
20190927,1.3919510481936637,0.36887303728530185,0.4206425358021305,1.849736409277811,2.6781279662200728,2.6781276036885595
20190930,0.48141928752390595,0.12090456221359974,0.12830780112767554,0.5055807538859527,0.43278805883785665,0.4327889817087006
20191008,-0.45756427432887065,-0.03736210515475269,-0.04018344018492326,-0.41224091244620764,-0.13199407242454586,-0.13199571099390672
20191009,-0.7149396952811503,-0.439071248984993,-0.4484727092260179,-0.7807064864431874,-0.8507215880084109,-0.8507219320372054
20191010,-0.10639462745349271,-0.012336424952436309,-0.01302581013960763,-0.09698150416350926,-0.03619759428484487,-0.03619795545499438
20191011,-0.9742991131821429,-1.0070485503882536,-1.016318481306184,-1.0979086461381578,-1.4390448482584903,-1.4390438007438244
20191014,-2.2331268175629626,-1.8713298751080387,-1.8869204696991182,-2.360637801167329,-2.5621721335447294,-2.562172268683385
20191015,0.8956102622732864,0.759863470563314,0.7673789637770984,0.9645313667221307,1.5258847830466375,1.5258846722842745
20191016,-1.0081299907963022,-1.0599081689357612,-1.0646232634271953,-1.115687361500782,-1.318247646937162,-1.31824716803809
20191017,0.1770235470022528,-0.11669315221393192,0.06574783948237328,0.019681768923881793,-0.08829861693688634,-0.08829877364370364
20191018,0.08995644097993026,0.19378656723299173,0.3222252239472732,0.3183101456598136,0.274938489819385,0.2749383803203468
20191021,-0.10938538831972586,0.9919475026116475,1.360111368140641,1.3938853989239592,1.5747171539935245,1.6325684715348001
20191022,-0.13166316161791092,-1.4988339422465442,-1.9295700740292694,-1.9843238628884865,-2.475584476210433,-2.617863976359619
20191023,0.039065786115322104,-0.07572442187000836,-0.09547152659856167,-0.09980141660518492,-0.1457037672080357,-0.18429893087098623
20191024,-0.09103361560672141,0.0258107251591682,0.04524308846212627,0.10424289087330205,0.15922522360998884,0.24200124442533588
20191025,0.059249800988478735,0.20648235399195453,0.3805521585217288,0.4836679508883252,0.3723037270574305,0.062393609629572355
20191028,-0.47368259037684224,-0.102124700492569,0.05002418727849639,0.15840512459306386,0.3005718410354949,0.7792238238417868
20191029,1.1249870950995948,2.285421339227151,2.9495009001391903,3.3354260858212994,2.8126249722404695,0.039182103395630996
20191030,0.13114474036017207,-0.15739481522735732,-0.2884397925350345,-0.37584201732725353,-0.4202635654453842,-0.5989065289287177
20191031,1.1155375491849473,2.2774179488297857,2.8608206984153903,3.2267598135998377,3.1204676496543153,2.4202318227261572
20191101,-0.5495097735944822,-0.6190501079171871,-0.6681051233994874,-0.6935572794880117,-0.6148363697601187,-0.21271559689226005
20191104,-0.45287063337483313,-0.2992234735135638,-0.2417633145155102,-0.19831572601577796,-0.11159809476581373,0.2974635236879524
20191105,1.188558141407259,1.330421226009518,1.4153232519432073,1.4634363282174854,1.3804926743690087,0.9467001249081014
20191106,-0.3502534660743074,-0.3383501333201679,-0.33827150764669534,-0.3360036497777475,-0.30690374247196406,-0.16379465415990768
20191107,-3.340426329339446,-3.9537845039805073,-4.259002305585485,-4.451488643176681,-4.409509755895971,-4.110209155093089
20191108,0.261697008843168,0.40684176975853575,0.4521713261498036,0.45674136119848385,0.4393365083018976,0.3509308691345715
20191111,-0.35156381264019515,-1.1018797617385865,-1.2008987211420967,-1.2038658872484609,-1.1590697100628808,-0.9357052776301948
20191112,0.013785141443317198,0.05684685371795841,0.5156675274072883,0.5350884042392382,0.5381517896616415,0.544118337030041
20191113,-0.3482248375358274,0.3215669631626638,1.5969053892004923,1.5924926883315407,1.549688065190507,1.3396919447990918
20191114,-0.12175678791757759,0.044297926358084216,0.07841286440300482,0.08823449346212209,0.09551965443627808,0.12695758766217885
20191115,0.3543868221263226,-0.224261737002453,-0.4310012983597856,-0.4454730186289924,-0.4514147995276492,-0.47399083090524774
20191118,0.03162421274696561,-0.04587396515538857,-0.13009638604598053,-0.13154548844887837,-0.13115308142141396,-0.12852141700661499
20191119,-1.0044665890742581,-0.9642132513084507,-1.1558249081311,-0.9803551736631217,-0.9639795287111473,-0.8864352856425679
20191120,-0.29601030269952205,0.12821762212253623,1.119483876262106,1.315508515528264,1.3103796228013402,1.281786261656717
20191121,0.481731661504986,-0.3178922406352318,-3.1432926698783064,-3.4704300283980376,-3.456210534623154,-3.3806491608009885
20191122,-0.09772831292493372,-0.040540772904430915,0.42769618286545596,0.41716894354517475,0.4132086062163359,0.39379534275717765
20191125,-0.12286722780094583,-0.07634839291905926,0.098216725316911,0.18761143238609984,0.18667146206407237,0.18173902431647565
20191126,-0.29391945655557244,-0.24262530599613397,0.09680497873939202,0.35241092308242994,0.13141359795973834,0.33657657463850565
20191127,0.8525049874959373,0.655126372479879,0.22829514752091734,-0.7761662666865032,-1.081156708312686,-1.1498357008418825
20191128,0.009816080659113935,0.06845622611202323,-0.025994418240642886,-0.32026634266448095,0.0444792506712528,-0.11649106645759832
20191129,-0.009461936870895582,-0.023885928243063292,-0.0003908659592906233,0.07274078102522293,-0.09612299203002084,-0.05631311079404666
20191202,0.999376001705037,0.9593100463273376,0.6782372230667021,-0.1054263525195804,0.06063571948035138,-0.12848133495820843
20191203,0.4058652624550443,0.40458070425143877,0.30384910255830616,0.017388809308871767,0.1909117859087272,0.2578210321904464
20191204,0.9065963721787271,0.8658676420686259,0.7364729673295114,0.38526547923789656,0.26739655998871237,-0.268084804374833
20191205,-1.2053658099620608,-1.167430346603185,-1.027355525564883,-0.6445191195148385,-0.5705931636058983,-0.10923236863944608
20191206,-1.5322528153728945,-1.154747628193677,-1.0102296176838985,-0.5984707281374679,-0.8632537750345013,-1.516585958751132
20191209,-0.7488766621627315,-1.3039096749028398,-1.250957183408818,-1.1191201850846757,-0.9686062065466406,0.6614007494482228
20191210,0.09541169605764452,0.2717728343552706,0.31905348657659016,0.201521620921174,0.13419441452295133,0.0771783522014236
20191211,0.00427268249889372,-0.2699210720340022,-0.6505368388397914,-0.17956660316635964,-0.09628105914412649,0.16122831246123714
20191212,0.06880061635828887,-0.9046359262533615,-0.6904692088640874,-0.7801196457865378,-0.653921382404387,-0.9350403338540941
20191213,0.06791632378798751,-0.21019400945635236,-0.15998330558395257,-0.17353445144751406,-0.1365783094833229,-0.20828640604385437
20191216,-1.0206296394180454,-0.6142045101810686,0.04946178662804867,-0.7406536201165895,-0.8551840075759622,-1.32835240333141
20191217,0.18474511582350986,-0.013163678139351105,-0.014476653773551566,0.0165867206988813,0.04592735393087061,0.023946875587812666
20191218,-0.36784001297257224,-0.11166610491314685,-0.18722591318875983,-0.14253608023646272,-0.17417044630649506,-0.08513500845280547
20191219,0.4993810396571515,0.24584920150053616,0.27945415443720745,0.018140853609137,0.3151613461625028,0.25933248999896175
20191220,-0.4829509130457319,-0.5915395043388864,-0.8315022454532597,-0.5782298793863074,-0.5158164940539127,-0.3402720178204328
20191223,-0.30746658897716767,-0.11454826104523247,0.0640788749187583,0.5228895146397862,-0.20424768762360299,-0.32189043845771287
20191224,0.22738278468963025,0.14275216058723744,0.10680520685495615,-0.18528706828230485,0.17442541670255263,0.19277398386970748
20191225,-0.7179723621307563,-0.6348869136056676,-0.6727528885847525,-0.4448192146202137,-0.6527411228943427,-0.6133880555242862
20191226,0.5424821479521611,0.8221800538031048,0.9395119633938946,0.20892852562476283,0.5539896756056725,0.9173167688300214
20191227,1.5890539874610237,1.2765419773443951,0.5462380019470814,-1.087973522317911,0.011806442284638452,0.7982339684021396
20191230,3.1804956393116157,2.762512749338944,1.8210421998945798,-0.24274868243680814,1.1524667209654327,2.145111474974941
20191231,-0.3728891839445574,-0.2496352867709321,-0.10774093623465884,0.032001299924369495,-0.08828385334988079,-0.1534283068739347
20200102,-0.10156779712589548,-0.07308163530764408,-0.042394944402751794,-0.017378213125899506,-0.040657359414391296,-0.05217964099853008
20200103,0.22914121429235068,0.28989771586056473,0.3107099593748473,0.20987787898263782,0.2559761747693831,0.30624334415650817
20200106,0.35903108407302087,0.4157681954299246,0.42887546294926654,0.31285517337211605,0.36947782180376765,0.427029681358333
20200107,3.9484174686283184,3.471575309659472,2.9628211351624687,2.5610625036340604,2.9401809349708414,3.124802166310732
20200108,-0.30425601923509776,-0.34502212475372346,-0.3589158721795902,-0.29101565431056453,-0.32209823189355247,-0.3559448826814133
20200109,0.47511486371587974,0.554560223839542,0.5904471588846212,0.4885567126149346,0.5302315724703112,0.5814196864914545
20200110,1.7296091918625742,1.5771205521469007,1.4328174733753651,1.3678653043382891,1.449654519932511,1.477859290981215
20200113,2.17692644883181,2.134777301153685,2.061160959660815,1.9266971927076433,2.0216557332827665,2.086005275297751
20200114,-1.8593592412344009,-1.949744844788972,-1.9767731063555916,-1.813181116845658,-1.8901975860979165,-1.9715736604864929
20200115,-2.363533035339804,-2.382437887079072,-2.361019795473925,-2.2332927967908867,-2.3074700453079053,-2.36987993102308
20200116,0.913993346967204,1.139324251665156,1.1229495981734772,1.0787108733672417,1.1073609163753926,1.128739689880299
20200117,-0.21539391223331006,-0.15839871120658955,-0.14999266993784627,-0.15118129989493867,-0.15333351850626128,-0.15252490092124218
20200120,-2.423380491059741,-2.5769875737511327,-2.5119986558188256,-2.483309886800132,-2.519848846690974,-2.5322734954664163
20200121,-0.5689911252336002,-2.3987447576400593,-2.379143752937309,-2.325616722003216,-2.360212179373052,-2.386085216356108
20200122,0.048587796941821026,-0.6377518726669106,-0.8559497653241505,-0.837134594205093,-0.8480672385420166,-0.8572602336197198
20200123,0.4595545018126661,-1.3979046609333041,-2.22241177030866,-2.821934946286449,-2.851506313041847,-2.8745232701220353
20200203,2.757849740288658,-2.215539429848579,-5.262307146235179,-6.915227347651342,-6.994415968782407,-7.057284640278771
20200204,-0.8307074287894292,0.6306691882999623,2.5683824735337026,2.648162228850522,2.671340596489447,2.6792560478028045
20200205,-1.1047934591915447,-0.13930861862919253,0.045373546703155354,0.4932859300116694,0.5086871055635633,0.5241958897392245
20200206,-1.2649727777882642,-0.41406553834675214,1.230461214184605,1.4101759681199135,1.4237015638275872,1.4317765988564748
20200207,-0.07800261084131786,-0.021064602586655056,0.08301991844334268,0.09586054799516897,0.09676578751997482,0.09732732534189631
20200210,0.22822632887530442,0.06874900865241987,-0.1770170930260644,-0.21924311147428557,-0.22177998492789502,-0.2235156360969967
20200211,-0.23943640036323408,-0.21845402323798369,-0.3629748281876896,-0.3332240159833263,-0.3328848548000663,-0.3320271780515035
20200212,0.38023303580416196,0.20806335588343897,0.6378388268988032,0.610861886671487,0.6110697776974363,0.6104220431533081
20200213,0.02035128766310472,0.02705266313346838,-0.10436314919798963,-0.11398194550352793,-0.11467454621575576,-0.11509884395899588
20200214,-0.5795814482073652,-0.4141545714313012,-1.0509422306731218,-1.0547791697144013,-1.0566294530671938,-1.0571956197623107
20200217,-0.18813850948594002,-1.4087344874943701,-0.5795652991783198,0.1120312357772586,0.1186779357461023,0.12360762841307227
20200218,-0.09713290971471673,0.5182135773919387,0.6998599946703125,0.4765414950935203,0.03456503271140343,0.032010939279916384
20200219,0.050821253400471264,-0.174778078861294,-0.23976644253571075,-0.21648804248679956,-0.12670237450788005,-0.12620062328345205
20200220,0.25171350045415475,-0.002435278748539743,0.027412910349345454,0.10019477628185439,0.1597137942088101,0.16009081108005296
20200221,-0.10572323179836018,0.07182845696845756,0.1856639537850367,0.17459339390002715,0.13000722390277974,0.1297584407533753
20200224,-0.19097986896248398,0.5807436848852304,1.671524482136849,1.7215795638299678,1.5203691982546395,1.5193239185438765
20200225,-0.08011050947527323,-0.23540144902152454,-0.4641953362677661,-0.4798346585268399,-0.4389252477153448,-0.43871695432645164
20200226,-0.7523090684300899,-0.38128441163234766,-0.055537871414971796,-0.15039328378054373,-0.2381445482667135,-0.238690759658595
20200227,0.11726033670405543,0.3682950626879452,0.6704016645458031,0.6663656942926952,0.6040135297975474,0.6036708222262142
20200228,0.3453879859851853,0.25847834474139086,1.4262380378751374,0.7424706142140541,0.6143629066100618,0.6136152737110885
20200302,-0.3712625732700071,0.02114173260827712,-0.7723966168410222,-0.09825822858108324,0.35936881789206643,0.3596939868290626
20200303,-0.1314277030093597,-0.8584433068360711,-0.6833908722680193,-1.0477701241664974,-1.2469992319697418,-1.2468826965318518
20200304,0.143701261051849,0.05725232355154537,0.131040811051471,0.06836931993074735,-0.050812780368840835,-0.05084302930837531
20200305,-1.2301339064256593,-1.0218330885765727,-1.3694252634413973,-1.1564145530248853,-0.42280124196820357,-0.422586981265041
20200306,0.33894434552588165,0.6569740562206559,0.763375385465097,0.6887445214287422,0.5902413709220927,0.590142241640557
20200309,2.584649317258971,2.6259154829468705,3.142578612712242,1.900375329774323,-0.5328991274036061,-0.5331281878983751
20200310,-1.7662934481400037,-1.840722174580989,-2.098971989609286,-1.509560629767488,-0.35311594641813915,-0.3529924213990331
20200311,0.6822353820328448,0.7495737466603248,0.8242029890180891,0.6807014762068256,0.39745654060276137,0.2569287584656855
20200312,1.6791536814904253,1.627277390794215,1.7758101346221966,1.3813849297651581,0.6110014936815764,0.22302764336805514
20200313,1.19755776739756,1.5136680344057847,1.5821879568899035,1.5992821413201543,1.621891712187142,1.6409873744154366
20200316,2.246827679372817,2.3516451219215497,2.469798407426792,2.241556800629677,1.7911293763352258,1.5676009293734399
20200317,-0.5629336410601045,-0.6277509899360486,-0.648849786222308,-0.6350775126091965,-0.6058896611308279,-0.5928268937547307
20200318,0.4165657434807448,0.40728241354352934,0.42185992774863323,0.38069583837885346,0.3004278369356024,0.2599089206090674
20200319,1.9288277684192667,2.087869712916772,2.132166253559902,2.11669098942766,2.080933397652414,2.0668819248637753
20200320,0.013563996061611738,0.07016643854238769,0.06777805719398217,0.10676496371731425,0.18114569844115735,0.2198690281630294
20200323,1.5225571313105832,1.6499970223577618,1.6706470491658416,1.694631563217238,1.7372095083341725,1.7617050006110326
20200324,0.8236953578733706,0.8768274091817563,0.8861253667955948,0.8944372246520333,0.9088846944934894,0.9174388070116402
20200325,-1.4261094441402267,-1.3928198678916162,-1.4049166486563205,-1.4170313910695869,-1.4382981964432922,-1.4507217461159656
20200326,0.6584463344295234,0.8460011576826741,0.8541755549458138,0.8308408555718759,0.7853521312132015,0.762380447905797
20200327,-0.4571618175204103,-0.503577382116675,-0.5071473155302155,-0.5022829130174373,-0.4925319303848431,-0.48779998490360504
20200330,0.6807346403642569,0.5473865112285481,0.5491900159457375,0.5702623200460158,0.6100199198165238,0.6310439298243735
20200331,-0.6028354809203628,-0.6238960753763553,-0.6266796720996033,-0.6262417329180571,-0.6250098071561647,-0.6246587218478111
20200401,1.2924266231497512,3.6351506958867406,3.650153433775491,3.6067715004656185,3.5222306023554473,3.4795176417496156
20200402,-0.6057614923369664,-0.43148732285569624,-0.43264144867421434,-0.4359731352551669,-0.44213415038113324,-0.4454846457950019
20200403,0.47283548606581516,0.9987690608144418,1.0016414228409285,0.9918795032317518,0.9729282965550698,0.9633015857541432
20200407,-1.8639122124702814,-2.352888412081138,-2.3580102185201266,-2.3490471327702913,-2.3312894774471573,-2.322526143521393
20200408,-1.2561287467890905,-1.9849296288017553,-1.9883834734062695,-1.9840500753135513,-1.9753241788577103,-1.9711171050235028
20200409,0.22391091948628825,0.316602094039896,0.30275315890658494,0.3008057382873587,0.297039285235289,0.29511584242718614
20200410,0.1527099566983972,0.18536370121656565,0.1335215666990449,0.1325466018212031,0.1306700225299185,0.1297051417179742
20200413,0.22734351513442635,0.4570445163858803,1.1514915214046713,1.1501564401681201,1.1474646621041575,1.146169221345787
20200414,0.7397763123305976,0.8112268000662486,0.4769976915820988,0.47473142138196933,0.4703723189725251,0.4681288671386035
20200415,0.13079511344172065,0.17664914297084872,0.3579500634759692,0.35745418492414666,0.3564804374290733,0.3559937716972002
20200416,0.010231087791036791,0.05933966209849045,0.4665948599361593,0.4662668978005504,0.46561049187940085,0.4652912456012972
20200417,0.16533554930766087,0.1264289658509473,-0.44649636222660777,-0.44639211651797295,-0.44616810000438023,-0.4460698779326583
20200420,0.5798281502498226,0.5595414853971034,-0.2646701563042727,-0.26496277344100316,-0.2655061406844864,-0.2657999326808854
20200421,1.1746340045192194,1.3883116692162067,3.3633326901182468,3.9582394499209044,3.953596066331169,3.9512729535790774
20200422,0.7881848399382515,0.7862380103354039,0.17599957946886519,-0.009102467253496616,-0.009975650085887855,-0.010432918681235304
20200423,-0.4409542299743142,0.20596986871371548,-2.0506912318118964,-2.509723535929451,-2.508804035025664,-2.508367454515349
20200424,1.2752504099639939,1.0112684515425396,2.059087432733967,2.6832860097326954,2.6815502608667257,2.6806811709940446
20200427,3.609238935029784,3.703924457238827,3.6857651078387628,3.664385123138022,3.6611751398380132,3.659540527076099
20200428,2.020449835851432,2.0074898985904004,2.2055819253253377,2.526643733065433,2.524987124427632,2.5241464367093616
20200429,-2.123633919200387,-2.0313716152183847,-2.156804559707057,-2.453547370519857,-2.452151524798991,-2.451442587295691
20200430,-1.345663922616705,-0.9450348922865907,-1.3532442456377098,-2.6984326243315495,-2.6974853625433646,-2.697008778412299
20200506,-0.9937651444776912,-1.537107665124588,-1.0202866738551133,0.6840807990258775,1.2817067372220252,1.2817620935927971
20200507,-1.581803868141765,-1.305849345304804,-1.2165279861132658,-2.5211383344748857,-2.847427438654239,-2.847065411150819
20200508,0.3038198399377309,0.4815382055742171,0.5218583562723763,-0.066484586948524,-0.4153892213592295,-0.4154134200915851
20200511,-0.14929597723933286,-0.27275524144572677,-0.2827008829231652,-0.13762549970699334,0.012276194485653064,0.012298516335999543
20200512,0.01372515599831714,1.0363335447445445,1.0165683408235873,1.3054959905595196,1.7709705120301398,1.77081043804947
20200513,0.05075650554765273,0.382192032107699,0.38508211054806507,0.34300186806740735,0.24566297970192164,0.24563099074544564
20200514,-0.5063451178748881,1.4445932539506718,1.4352148621196883,1.5725042815487522,2.008142525675776,2.008001477287093
20200515,0.32144097508105324,0.7515001487703604,0.7715098071694851,0.4795074123195352,-0.7618864386530562,-0.7618898933776996
20200518,-0.1370980399204022,-0.20648820422598746,-0.2122190798365575,-0.1285764613418413,0.22702354291595483,0.33590848822291036
20200519,0.06660680894417204,-0.49880146984393825,-0.4868234050928253,-0.6617966638179213,-1.6838005979512403,-1.9115948016305737
20200520,0.14717154455276246,0.1080386338679947,0.11288398606253391,0.042144680114487465,-0.37098428921818893,-0.5996432438841187
20200521,-0.6726358667875516,-1.248476687475498,-1.2490510625663667,-1.2407900290299987,-1.1927075641499423,-1.146663398000835
20200522,-0.4257411408434368,0.017658690181459713,0.531449977939638,0.6727639087270267,1.4981628431975524,2.289220144693362
20200525,-0.2613669184096108,-0.4396687368486023,-0.6830730345496627,-0.7054813601158403,-0.836420550508543,-1.0481882616230833
20200526,-0.0009903614982094931,0.028741258285407845,-0.0028330787115387265,-0.007404018152306853,-0.03410103319097224,-0.0990222003125787
20200527,0.0011073724913413675,-0.054895341331746214,0.30483807104114297,0.3141746304667936,0.3687254190441742,0.5666741932381736
20200528,0.16200107398671182,-0.26945422525886603,-0.6517215473594604,-0.637925775859604,-0.5573833698697899,-0.13752757278635352
20200529,-0.25756063552670005,-0.5730606012210233,0.8813340620478316,0.901456072959343,1.0190207500544242,1.8589890695897648
20200601,-0.7942421444296927,0.3167254772822171,0.3824641014962259,0.9497596074518991,0.6893918229220668,-1.7823633607137919
20200602,-0.03756052047092797,0.19320842999197996,0.5549912535226138,0.6503499768304395,0.6065762194715709,0.19107312026042272
20200603,-0.5970457931878501,-0.5895980844174398,-1.7341091061469487,-1.6563743640817463,-1.6920267296135405,-2.0306678842762267
20200604,0.012480295189991275,0.01794200389252406,0.17048583393856653,0.2775704859260567,0.2807983765061069,0.3114659473847251
20200605,0.7274880173344063,1.1826648090110774,1.150828441520712,0.9878483513723181,0.8794321008792595,-0.1498075916055857
20200608,0.34390007386013494,0.29578444161186895,-0.08761284515391939,-0.7192236853503206,-1.1497764395675323,-1.149773015682082
20200609,0.3974973674183765,0.582717830532294,0.7668335221193463,1.0311223278635095,1.1161512045454576,0.898373814460047
20200610,-0.8522910078793917,-0.9256512072204288,-0.7961434507507461,-0.561219816339904,-0.06184867519418269,0.36522795689900633
20200611,-0.728249552563188,-0.759105563393647,-0.6522481354304548,-0.4655547256750972,0.15846107260324488,0.4262919245352192
20200612,-0.686140724112384,-0.5947326846751735,-0.7167659623763514,-1.0981348911052478,-1.4496777791206608,-1.3352699365872265
20200615,-0.9064108291178639,-1.7102619248210393,-1.6640834905203201,-1.3318314020929678,-0.5957865808097943,-0.2682074183852219
20200616,0.3945719587889015,1.0675063001680618,1.395532566730017,0.9846024346901905,0.13347833817909238,-0.1533594306582038
20200617,-0.04736573468216216,-0.044488365708918086,-0.018773097948777517,0.029930100173487222,0.17103211414895655,0.18077405020587595
20200618,-0.0032700447242197395,0.4500531140267329,0.5561550407396085,0.5092766663483779,0.2615485732046577,0.20303744583671046
20200619,-0.20596279010024748,-0.03487910729405888,0.017229479712371765,0.07684481604998254,0.3199186167129965,0.4210054746172756
20200622,0.8960149375350259,-1.1212701786979806,-1.4206135397658068,-1.5011906893994504,-1.8758612723462713,-1.8949772079091491
20200623,0.4708210505278868,0.00953107713877116,-0.08122063354913589,-0.34806419819870893,-0.674673469931973,-0.8923494553666758
20200624,-0.05877224360639505,-0.3419059743322496,-0.35412988158511827,-0.3732201701743491,-0.17394508410745185,0.17650364408718855
20200629,-1.406929233399164,-1.864511524610813,-1.805986677053225,-1.576324017382443,-0.19984216734664767,2.2749949244407097
20200630,0.09469254742015068,0.26173399957176907,0.25999356154554937,0.24146354137877662,0.07321189720149526,-0.4233086105932
20200701,-0.8531069275710366,-0.3285603184412142,-0.2652630068246197,-0.09461073803617025,1.0258222001791724,0.892492212740597
20200702,-0.5282642756639337,-0.47878432079633393,-0.023140824531106437,0.09001066049174736,0.8315704324821523,0.4859131819739123
20200703,-0.46435918391330366,-0.3302910847090983,-0.12811998064158517,0.3565976057403467,-0.02488973543778783,-0.6775310662040982
20200706,0.02521190760963069,0.06056681031266474,0.2744572986620159,0.4755839069035052,0.6458232220727568,0.42955486280129107
20200707,-0.18268695831066922,-0.17871206353965893,-0.35526451387300195,-0.42422522215859537,-0.7434332455309225,-0.7125795018481185
20200708,0.6170412975529969,0.7425449967964592,0.6840443174369093,1.024697597390488,0.2496933562239848,-0.2931191470197495
20200709,0.9071541839916676,0.8842857939682417,1.1795732707441313,1.2474334062685721,1.8687254321069657,1.8893552234873414
20200710,-0.6878329841026445,-0.7082749784298352,-0.7769110776084356,-0.8680784252122105,-0.8736848374057946,-0.7637750987129542
20200713,0.3748752614518229,0.3634114670609371,0.4431145030774101,0.44594326003937834,0.6421545374444577,0.6712861249953362
20200714,-0.49637932189017586,-0.4713879723725872,-0.5887063119194508,-0.5691101562386571,-0.9016656506336825,-0.9806941592560721
20200715,0.3359114703881182,0.3230419041033128,0.38414673402475963,0.37437068253425376,0.5467883567151197,0.5872950498193662
20200716,-1.5185938751838455,-1.5228648035185528,-1.5971531292643038,-1.6435667896695492,-1.7458516560231827,-1.7064014959532101
20200717,-0.6986145396049767,-1.3104852926984387,-1.3112671188205187,-1.3693350009973566,-1.2644038341142898,-1.1763870465141488
20200720,0.2280403940799847,0.7330692708533839,0.746038879118887,1.0582105550486793,1.037816371017896,0.9993190046694717
20200721,-0.02157202035041697,1.2074708954040083,1.2390185732746397,1.380269064889843,1.422880786696764,1.4054458182979968
20200722,0.34225501135767533,0.18171430751338546,0.20424351887243775,-0.04136658351374156,0.040759323126348224,0.07102810394279291
20200723,-0.25591009165986034,-1.041000910615461,-1.1471081422448912,-1.2062697522315629,-1.2374611996995395,-1.2301546399113696
20200724,0.06125771643267908,-0.7237590837432472,-0.9638018660251273,-1.3904910558684094,-1.3892065190562835,-1.3713429322396862
20200727,0.5426489298844397,-0.7042361539432578,-1.0159210583535534,-1.5742975621184008,-1.5668147383443278,-1.9901642734907015
20200728,-0.14377394535105856,0.1469327073243139,0.31122563203801057,0.3864509096647881,0.38957585993582217,0.4460553562870438
20200729,-0.3424494135745727,0.3009077112895264,1.0989319529327544,1.1443436161168579,1.1619865522954547,1.1939669407710178
20200730,0.32965026712601353,0.17434483983535373,0.060819460706940914,-0.03837843695274973,-0.03481933744127638,-0.11032842129529521
20200731,-0.5730937877145557,-0.6451268065830638,-0.8329407331060954,-0.7282123567521855,-0.73991765762522,-0.6591320078444498
20200803,-0.2767216261846666,0.12727106211725472,1.0878625635936103,1.1326766768814744,1.1423113785820052,1.1749146924899647
20200804,-0.26864634621331396,-0.4231132413369553,-0.8749532590176253,-0.856447401174899,-0.8632891536440471,-0.848373351481028
20200805,-0.26401332882833994,-0.4084827129002619,-0.29503685430041116,-0.236021523296635,-0.23801839594936675,-0.19311231514198046
20200806,1.0238393752722914,1.4909325107984777,2.394495530926924,2.3833503265452713,2.395523025226439,2.3031796748760276
20200807,0.7920210516000945,-3.2380575635553486,-2.875641562669725,-2.6351673059076983,-2.64457742324809,0.9413792998832795
20200810,-1.503681129935266,-1.4942967120356905,-2.1251530512393577,-2.14071189300256,-2.1478488098087696,-2.362236494370276
20200811,-0.29618071368228716,0.5969857910888353,0.6154310753415921,0.5644872913629091,0.5676950844181268,-0.1947427998188567
20200812,1.3725140684009531,1.1459189180172236,1.439008925241016,1.4590223748953093,1.4615921165572063,1.7524032864136259
20200813,-1.119515626019019,-0.970787225432189,-1.152758156126459,-1.165646573081926,-1.1672150537018255,-1.3546905059702983
20200814,1.1743835096727053,0.6770097921429977,0.7563545661241456,0.7868569276191384,0.7860889279054147,1.2399722340059016
20200817,0.009262041911726415,0.371884108134406,0.4433956767575236,0.42423691139705966,0.4262667541975588,0.1376578409756799
20200818,-0.2005516207353739,-0.19445765870373777,-0.21151634640653566,-0.2122730462960386,-0.2124464277763325,-0.22326842661711227
20200819,-0.889662803565636,-0.8213420677339198,-0.8718743017862782,-0.877007755266408,-0.877352612459124,-0.9526609031519895
20200820,0.27698304707435073,0.4097252481202647,0.42320396443997504,0.42736434572333304,0.42729346963701154,0.489123970733351
20200821,0.48817450734696577,0.7177381229177733,0.7543413759684419,0.7542134916430663,0.7546877240237316,0.7517129462545589
20200824,0.09495015427139526,0.4266122348480212,0.433794695300749,0.43672973211411376,0.4366500642021322,0.4803373244435244
20200825,0.08276222219707932,0.25310497823402345,0.25549140852240637,0.25708373760494996,0.2570212571367533,0.28076648633267576
20200826,0.7890310398931237,1.620627418660344,1.6335181059342028,1.6412108629035058,1.6409263736321074,1.7556032753040784
20200827,0.0,0.0,0.0,0.0,0.0,0.0
20200828,0.8390150886628974,1.1616829481910211,1.1706460518686177,1.173372756185755,1.1733279515364883,1.2138477709129432
20200831,0.7751468405146438,0.8302312988391214,0.842971066020589,0.8427060254039459,0.8428839500272494,0.838550379222728
20200901,-0.2985221376804987,-0.415864644013577,-0.41543122579140335,-0.4166634995959711,-0.41658606925468195,-0.43502822855947865
20200902,0.3098643427634857,0.4024502895798547,0.40207795175133476,0.4030522228526492,0.40299062590685564,0.41757238814988845
20200903,-1.451815404778975,-1.5931005196191985,-1.600982056970841,-1.6019181150539037,-1.6019640025286148,-1.6157347452614421
20200904,-1.1874046126935758,-1.193667285861062,-1.2028027138249138,-1.2022716176111392,-1.202419103522411,-1.1942110635403933
20200907,0.1653864761770668,0.164155810852232,0.38997802586600744,0.3897915465764297,0.38983644610733204,0.38697009642917607
20200908,1.9393583541445605,2.095045234875944,2.384114751379595,2.385567347236256,2.3855109367152423,2.407171091525519
20200909,-2.1527187713307816,-4.986347412895205,-8.549168305295005,-8.550580946641244,-8.550734467442199,-8.571324662917137
20200910,-0.19365390959591305,0.4871741868180466,1.3472002142178043,1.347243644684143,1.3472960187556284,1.3478206061692197
20200911,0.08954398488042885,0.38321381008038946,0.42964193716986454,0.42978622480681944,0.42978174633118116,0.43193070911186227
20200914,-0.06351739924334578,1.1525995455801925,1.3043697754584236,1.3047389214792333,1.304729558405921,1.310222706090777
20200915,-0.6566000411301558,-0.0881564251416409,0.4372585673854764,0.43732069527467543,0.4373508600365361,0.43820313781138676
20200916,0.2742978382949509,0.6475512470061184,0.5852407686544993,0.5853593327173454,0.5218752938148444,0.5236556558932486
20200917,0.6906636477963571,1.370556894363472,1.3809095567465723,1.3811417776645865,1.3915374598962122,1.4077895312631379
20200918,0.5778134083878597,0.7785903175380391,0.8372076682415969,0.8373346694127323,0.8969121332285049,1.0614964084391836
20200921,-0.04318436764448147,-1.0326450948074903,-0.8620553099595786,-0.8621036525029777,-0.3673932988409714,0.10596983332941429
20200922,-1.5601490054551748,-2.283565979410135,-2.261557667892209,-2.2617626059017004,-2.197615904137414,-2.1392151148127208
20200923,-0.2179761095459259,0.7570157832051659,0.6305533731363939,0.6306014833323738,0.2638405854345858,-0.086910301683638
20200924,-0.8302968094381223,-0.46382399618525216,-0.5460498882128868,-0.546093921665199,-1.055332205797269,-1.284402259880196
20200925,-0.13221570100028726,-0.09293081505320011,-0.11452134240323361,-0.11453171272777363,-0.24824941440338377,-0.30838165157023206
20200928,0.0010430141620957345,-2.018950592913595,-1.9481497770371414,-1.9482157228815997,-1.5093805887750378,-1.3135344394413464
20200929,0.04323297468898324,-0.540960627655179,-0.5655515735357542,-0.9648931939933195,-1.2615263463376731,-1.3304387931545556
20200930,0.21046246932004062,-0.4713413482082227,-0.45789018014360744,-0.6690446039802592,-0.7589888533033977,-0.7219170229901688
20201009,-1.277024249738134,-0.97449796032906,-2.0366425512548205,-1.5911483763030756,0.5989592753462896,2.1805441258488383
20201012,-0.9886688809593103,-0.6863693000802631,-1.6481652264098858,-0.5436714479893161,1.4540740315478622,2.8862555389742015
20201013,0.09747811581496402,0.005806120639387695,-0.1975310797744255,-0.14148777063300882,0.20100991920059957,0.5036797341663932
20201014,0.40962056014612885,0.26639980249879985,-0.04673449936375652,0.03723465612654399,0.56362147896369,1.0297240767257316
20201015,0.02407293318858659,0.0539133664250805,0.04966123422980334,0.08705676014384213,0.11051873099246969,0.11687125149048387
20201016,0.6788764665393343,0.6460473482265628,0.4825609676127206,0.5742458895263483,0.8705997868195647,1.1139810131711765
20201019,1.1456540161546278,1.0330020022911963,0.8229959909687684,0.8603762288100603,1.2048817302021866,1.5174650343883003
20201020,0.46428630837618173,0.7109080978264266,0.7578161331986688,1.0020701696346352,1.0387852589472644,0.9691266125954635
20201021,-1.123920837969228,-1.1630529878892988,-1.091282955708935,-1.1926063953709327,-1.3501867497948659,-1.4570694485224638
20201022,-0.9581397644002223,-0.999897792150259,-0.9602294003395113,-1.0391922948479613,-1.1366207690482675,-1.1957111545007537
20201023,-1.2422114168100569,-1.3292541269066935,-1.309103878500852,-1.4243033834688599,-1.5075821234060642,-1.5376461440454992
20201026,0.1944933294102427,0.29374795238466433,0.31682367722701615,0.3245146669068131,0.3489952968122812,0.3690498095443858
20201027,-0.06108540475009043,-0.10372268041359219,-0.28963369664390537,-0.30723624155119095,-0.3177903895350148,-0.32031350811906434
20201028,0.01373721103887217,0.7824424636648327,0.897707795048232,1.0079926933253567,1.0571579673619909,1.0983070793008685
20201029,-0.3052363422517016,-0.8764368164042745,-0.6696709038467352,-0.5311945741974327,-0.5662599981322074,-0.6069224782925964
20201030,0.5257676487935634,-0.21737292993178114,-0.713827118223892,-1.0919378120997099,-1.1024857990126156,-1.0928444225230098
20201102,0.7435519015088429,-0.6626991884756488,-1.0225501749844228,-1.307836289490253,-1.3387723209966715,-1.8324002517901459
20201103,-0.6306973804800974,-0.38082421864371874,-0.08577112593305272,0.1387981518411182,0.14475595253941687,0.5157810214801701
20201104,0.4846550643330199,0.9954151278888346,0.7515209004308558,0.5698317978153961,0.5730939181991,-0.15918020560638524
20201105,0.47549327117017187,-0.26686485764337137,-0.34606077226110465,-0.4108588399670122,-0.4218461790352121,-0.6945961321998503
20201106,0.3757778427308045,-0.8599998988384345,-1.306641135232158,-1.2981170495142154,-1.3141967491771547,-1.29503296572318
20201109,-0.12197788497215428,0.41078197162406344,0.882095015269809,0.8594463723155511,0.8660181830413755,0.7806163579906218
20201110,-0.36730843162767046,-0.2935246009479922,-0.2583405622864399,-0.2311882847258949,-0.22970287244274049,-0.11838733611968655
20201111,-0.7001023624405626,-0.3365318748045518,0.477554302647569,0.49153315155086175,0.4965769805029049,0.5579672843295276
20201112,0.003402553292004437,0.03630593359342542,-0.44736767200890315,-0.44261328580215076,-0.4441458169933948,-0.42636424914095133
20201113,0.6424856106827005,0.6145684125464923,0.03413027430473259,0.017808348814108033,0.01544103878854075,-0.0528798928862535
20201116,1.3937827885601424,1.2702513860209583,1.632463283115765,1.5903205767339554,1.588823541963102,1.4168232406298822
20201117,-0.4930699172293217,-0.41934554710992716,-1.519379742619888,-1.498739048378865,-1.4991918124231516,-1.4160805777837457
20201118,1.398110571898733,1.3333261612548528,1.2634056727872096,1.2263201966798856,1.2249493668732299,1.1262444155543774
20201119,-1.4628905431958705,-1.4687727431997388,-0.09802161084116162,0.9455600792371772,0.9477853636044503,0.9729291320197917
20201120,0.6148728674981601,0.6114415322375183,0.12066900996890431,-0.25299384774484407,-0.25389754250281876,-0.2711884560857913
20201123,-2.4558237152904066,-2.8257280030810223,-2.10406890552387,-1.1384938439961623,-1.136373572775642,-1.049624909660357
20201124,-0.17204845415114348,-0.5886082298784404,-0.09147247814810688,0.5826445890073878,0.583484178453088,0.5951242495425169
20201125,-0.4059995516630026,-0.29222609290789203,-0.8589847716744923,-1.3997570510704715,-1.4001477045801094,-1.387885568017711
20201126,-0.06790495082942281,0.19682734896664997,0.5108431012070063,0.2899113619725828,0.28947164512275186,0.2730911131717266
20201127,0.608537486727548,0.49890722247334773,0.9066867174545341,1.9062335962332528,1.9065978898908702,1.8959435798518216
20201130,0.07900671638266571,-0.018523254131630865,-0.1455695508449552,-0.10347807431201948,-0.10342391576735051,-0.1009364677184028
20201201,-0.8284980837296307,0.18399136900498264,0.9035974212543575,0.6118819704783212,0.6115499293654054,0.5975861636960008
20201202,-0.5940256740809079,-0.21533590942564912,0.04962988237395344,-0.25856973745045675,-0.25878722489979683,-0.26345626798323624
20201203,0.32523858180710885,1.2422723489104648,1.6589033711070926,1.924342630578531,1.9242510307347631,1.9125927652894044
20201204,-0.17326932097254294,-0.7316228241152698,-0.5642324693845924,-0.979444437467373,-0.9795232247515355,-0.9780015728991373
20201207,-0.2742271121111882,0.6281840090678301,0.04985846503162375,0.9471699101692802,1.7710782629193076,1.7722093826883376
20201208,-0.030016191777954608,-0.2615792317094291,-0.10565505356615999,-0.34143944486594635,-0.5579188595142125,-0.5582968680647894
20201209,1.1343856494059006,1.4898064811185603,1.8623106484494827,1.7744756168174904,1.6951839209543087,1.6886270312135494
20201210,-1.3317296067909172,-1.6484806839179005,-1.984200233795813,-1.9031696995442497,-1.829986575682915,-1.8240994028559003
20201211,0.7861547631816788,1.1414114597936718,0.8837443426518641,1.2590416229455086,1.6035704610662702,1.6043656492617524
20201214,0.085064433949048,0.009170088178364177,-0.053709260941577325,0.004420477179131188,0.05768574301605056,0.058277624744156875
20201215,-0.35707701081963683,-0.5675517192968064,-0.5465079275757807,-0.6079027636208578,-0.6643549442392598,-0.6640542975677844
20201216,-0.02397091493939005,-0.19303913355985358,-0.2017897299690846,-0.20562065579803881,-0.20918643618783173,-0.2089623153871038
20201217,0.8160168754889027,-2.893912909804032,-3.074343533501026,-3.0544220531773876,-3.0368507481212834,-3.0334057508581913
20201218,0.6933598745192211,0.28947174879729587,0.24111635693592498,0.2879621181195576,0.33089765020761375,0.33132733615946824
20201221,0.8553420648465022,1.2820639472006332,1.2566061889703244,1.3262199135840023,1.3902224471668387,1.3899141385860765
20201222,-3.482474894201111,-3.933590917434296,-3.8298959122403358,-4.022962774172586,-4.2003252792085375,-4.200145462565051
20201223,1.4400639895957252,0.9663732127199808,0.9094171022145365,1.356540161586501,1.0154421323544989,1.407748573806467
20201224,-0.1713694406025482,0.2073864286141965,0.2088154087652791,0.33226702392470164,0.2380194889936737,0.34606160143680575
20201225,0.09391600791932112,0.6675072541410236,0.6531108690577256,0.869789754093956,0.7044377060349435,0.8943407708015533
20201228,-0.2616891269479349,-0.410933171452806,-0.402496709715824,-0.4840497024565592,-0.4218272150087241,-0.49335069508926
20201229,0.58104042542575,0.3667141105565666,0.358920935819478,0.3486546085627279,0.35652346310477223,0.3476614108080981
20201230,1.2663233012314912,1.4889712000034898,1.4699542865606843,1.6261339831767843,1.5069851734213304,1.6440034257851184
20201231,-1.181764543099896,-0.905938089225432,-0.8959784898234254,-0.8823916703954762,-0.8928041519039257,-0.8810701319411416
20210104,2.578460004684787,3.583439211600763,3.554738304403053,3.7303690632826587,3.596410826326281,3.7506107885252353
20210105,-0.17623715615984573,-0.22032264561625817,-0.2189668014585188,-0.25245916889923325,-0.22689693447096063,-0.2562366117244365
20210106,0.7720236413678403,0.9394623628589649,0.9346111325539332,0.9823567209005697,0.9459279119740865,0.987800267113875
20210107,0.20337841102829352,0.234067851162091,0.23309411488351856,0.26436949359697703,0.2404981347992377,0.2678910273658972
20210108,-1.6929617101570769,-1.9187370627342468,-1.9123281909115444,-1.9414023587353946,-1.9192334506690427,-1.9447864608848802
20210111,-2.3367731678584893,-3.298631111967641,-3.28967175616113,-3.352576857399212,-3.304592107608462,-3.3598002805533236
20210112,0.4398001551003311,0.9012161548665791,1.10559605786219,1.122276359994662,1.1095528125891212,1.124193659162649
20210113,0.22760187779571164,0.8703993049146187,1.0673789362418362,1.0870330415030471,1.072037343012858,1.0892735455814015
20210114,-0.9891309374770058,-1.911596306578488,-1.096436565197743,-1.1387176107038872,-1.1064479025822698,-1.1434876251377113
20210115,0.14475093846115217,0.915872638022233,3.3691516145110048,3.3705539582015316,3.369499902976278,3.3707924142724828
20210118,-0.02237690058787122,0.45995863708857193,1.1674632832890486,1.185169090396537,1.171657783703917,1.1871770112697295
20210119,-0.11044031737835067,-0.012592961393872518,-0.028135320706055456,-0.025708529703808936,-0.027561159310039912,-0.02543699989576273
20210120,-0.8279387052239546,-1.4922192100622997,-2.5838680525086857,-2.591798687725828,-2.5857519452449815,-2.592723395438142
20210121,-0.15087576053682833,0.2557989703274336,0.9447565085733649,0.9521280369445229,0.9465029617210594,0.9529646956950585
20210122,-0.7799833147006308,-1.0087568700673895,-1.5743831096617404,-1.576538336591538,-1.5748961346739265,-1.576794867219116
20210125,-0.07044323909186864,-0.177017934174306,-0.32596514528872694,-0.32800554167587964,-0.3264484219381684,-0.32823647433399045
20210126,0.015671358109642937,-0.3145499078990623,-1.371547976571734,-1.3776997475317907,-1.3730052452742227,-1.3783969719040572
20210127,-0.27174850965933983,-0.0019706342367969334,1.1536966255934638,1.1583575551604495,1.6537754720076265,1.657862242949626
20210128,0.6549910401220138,0.4092504859921683,-1.881715372023617,-1.8854665117167329,-2.2840997480051364,-2.2873912776759084
20210129,0.2304504701162864,0.17651369999274358,-0.26549021915108967,-0.32648547394400845,-0.41934563057132884,-0.5510505860559
20210201,-1.2104179930368073,-1.0270870691361718,0.5300895289688542,1.0478507993982122,1.358648208086639,1.7994571455735504
20210202,0.04893392912143854,0.2597174811400236,0.06540783827646947,0.035170504442762984,-0.09175776307785077,-0.2717804382419708
20210203,-0.10508100972724548,-0.3066799981370836,0.2456621913770225,0.69577803407285,0.5794842516952846,0.5333303963550258
20210204,-1.1374454341121192,-1.5026840320478974,-0.875246150225842,-0.4242358202585217,0.48771988322505017,1.6645247009560236
20210205,-0.3130716376951824,-0.6198002338387986,0.001949307640937703,0.47330460671699975,0.9539532504582384,1.5741919789150276
20210208,-0.17715184567896508,-0.05181175442313492,-0.3621732253271433,-0.6097546067475663,-0.636847328056405,-0.671808952367041
20210209,-0.3953508824480536,-0.2667694390826613,-0.6054662681934452,-0.8792819174268712,-0.8459890849599649,-0.8030282128686692
20210210,0.1164352632934183,0.09233940015378751,0.12059343633034589,0.13751701053071597,0.17424569119717362,0.3028829586474366
20210218,0.4302236175833971,0.08634211771661837,0.891569594284766,1.525642585620949,3.4026791176340367,3.6782123957466184
20210219,0.3093671073110838,0.2228260970759105,0.4256353945847832,0.585368148823926,1.0587558585201056,1.1274511755319772
20210222,0.634556880349345,0.5768545129503977,0.6910814575213353,0.7770803288846566,0.9646526179482957,1.0919592212727038
20210223,0.40089285475298286,0.36333859729251716,0.4519181630707231,0.5217913430749211,0.7306989479678173,0.7582929883149349
20210224,-0.4796881915709054,-0.450637609948864,-0.5172807653802808,-0.5694975317159512,-0.7196430392389239,-0.7482806402703647
20210225,2.300456738026136,2.2139230728510344,2.394571736584239,2.532668211403114,2.870970103000467,3.0256051269645585
20210226,-3.272167936804056,-3.1713143015349594,-3.3934885336029046,-3.5657953524984443,-4.031014891310444,-4.166095910509166
20210301,2.5932475081329835,2.5325095926281507,2.661398886621387,2.7603716346752076,3.0105847178390426,3.1110027134100804
20210302,-1.2418499000534755,-1.2192552823701182,-1.2650203020908686,-1.2997076212044705,-1.3794798041972183,-1.4253046559175475
20210303,1.1084883128783154,1.0881096519489222,1.1417660106341192,1.185140002318155,1.3325885316647297,1.325869560087376
20210304,-1.508419156946118,-1.49035552810456,-1.5267556823638377,-1.5543039987476392,-1.6169361119361776,-1.6542989722637191
20210305,-1.5632819023609252,-1.6702274493841136,-1.7148283604789112,-1.7502208407784554,-1.8596030827322507,-1.8687948057083064
20210308,0.36502877633667336,0.7265161839750698,0.7405135172234538,0.7514303401384048,0.7819599873713894,0.7891026120192222
20210309,-0.44676114974395453,-2.091744795181579,-2.123990430449247,-2.1490801179303336,-2.2182277405765705,-2.2360088727073903
20210310,0.07297128947338842,-0.9274871271688749,-1.4740195261630993,-1.4863365674742868,-1.5155568672904516,-1.5306285866242728
20210311,-0.3330148112321679,0.5708614629077625,1.085519634777682,1.0982082719814792,1.730875125681679,1.7422335259772066
20210312,-0.32332317619917533,0.09700545980119081,0.7324741083918677,0.7399166797850123,1.0667766755426336,1.0698273485974812
20210315,0.41078703980799575,-0.2420244297157857,-1.474682609626174,-1.4857617124905538,-1.983244552628976,-1.988677034079625
20210316,0.5082902353562516,0.18566166576550666,-0.47586421269365975,-0.7467029259882758,-1.0876202637360086,-1.0922429742758304
20210317,-0.7837280534939106,-0.43563734218363315,0.2639538431302455,0.5263116522126338,0.939155299220536,1.4667025708299517
20210318,0.07733957744361564,0.06264655080795907,0.0034536392116596964,-0.0701338050217244,0.006865184467173685,0.004857552689968736
20210319,1.5848351032831767,1.883859572578773,-0.054868426125911585,-2.024103313212006,-2.8322899070086573,-3.7116937309944094
20210322,-0.34717273906831003,-0.4268238391058366,-0.09597300273764837,0.1832858145833008,0.32803584851085055,0.4697036147500601
20210323,0.05190569914358313,0.07330342633525196,0.02427164250118145,0.0019236442642185968,-0.02181752876046649,-0.039995116222203995
20210324,1.194806869281039,0.9738243402078053,0.7696132539992652,0.061154273157334155,0.03627657887542091,-0.13050197420615534
20210325,-0.02368815658531183,-0.06030336158238225,-0.021726307233026,-0.0433959220532764,-0.019996716985723646,-0.011504045551183381
20210326,1.7411636006448044,1.7648402682099555,1.3761586830585593,0.9093796303532778,0.7560080675456888,0.5690501274617349
20210329,0.005647743525747817,0.08305193260870691,0.024379536263382018,0.10043081414801969,0.05966051010058865,0.05312136838709333
20210330,-0.7449814168542419,-0.7322497808691913,-0.6483096321853168,-0.5120910830368556,-0.48322719837858424,-0.43761081097144894
20210331,1.5289131096078217,1.5563915191764792,1.388132217602927,1.2202545874321984,1.1497489994867198,1.0738751704242937
20210401,-1.22790751008326,-1.2683616818869015,-1.1475801230784675,-1.0682090189334539,-1.0126512369543768,-0.9642745735488671
20210402,-0.5830723211038096,-0.5737021520258618,-0.5447953344991644,-0.48799123944981493,-0.4792410350695449,-0.4620677123532101
20210406,-1.6590608527195916,-1.6622340184721973,-1.5805744802219512,-1.4789328517210674,-1.4471402773623745,-1.4073326324737896
20210407,0.20138269446565027,0.31253923037572406,0.3049681233621975,0.27977369844365446,0.2787224946121376,0.2726977865619158
20210408,0.25262033248791416,0.8615774617653773,0.8357502957671277,0.7987229296962188,0.789254485254974,0.775941937614445
20210409,-0.03322735651410779,-0.6223797373957826,-0.6101223885734526,-0.582840079847365,-0.5795140224766916,-0.5717590901364143
20210412,-0.16133465249519324,0.9558245809831439,0.9378405021668518,0.9106297980197251,0.9042083708133701,0.8947272420913892
20210413,-0.15442920986122058,1.9825105330249502,1.9516616920000813,1.908535023309822,1.8970933067237914,1.8813551501551729
20210414,-0.293966623573841,-0.028965239982726376,-0.034350106745704934,-0.020361014254420717,-0.024945728702401748,-0.024508578516445945
20210415,-0.6332535563887942,-2.149071918877265,-2.1271378170866524,-2.0971882340489714,-2.0889670656592045,-2.077882650286411
20210416,-0.7790695808300916,-2.6969235787772736,-2.952151052442561,-2.929499555261022,-2.91660261864984,-2.9044611894751218
20210419,-0.08687409627630428,-0.4330777179782099,-0.22508355617570242,-0.5109010203524897,-0.5078204947427654,-0.5061965232231882
20210420,0.09926774875007997,0.0019877546568556614,-0.4297591199785654,-0.38977920805249705,-0.3896447964675429,-0.3886367446701253
20210421,0.000650848891944833,-0.06991196033776496,0.20528400059667282,0.24260453495990264,0.2435105924791976,0.24363167619532933
20210422,0.737162537720789,0.3716622073288309,-0.23416407796745334,-1.0131664347249483,-1.0112647321857826,-1.0085311798286765
20210423,0.8782645796576216,0.636778844064542,-0.08778916548941944,-1.5296867732667367,-1.5288759869653643,-1.5267336453039317
20210426,-0.6240081252182336,-0.5081773732522022,-0.09184858556896153,0.7223554943513286,0.7220611188884019,0.7209622001086117
20210427,1.6587524695992508,1.36336069448445,0.9868218750001565,0.1315663460184508,-0.3536365203621883,-0.35154456565328634
20210428,0.2805390568328749,0.2421126648877987,0.20077577749831166,0.10314479860016218,0.04980478550397037,0.050068991713997826
20210429,-0.1468107905146817,-0.1390519032044379,-0.06497777410446232,0.07187462816641625,0.16670555359240227,0.1665840492055795
20210430,-3.089074121665143,-2.83733379709634,-2.60679805187032,-2.038966881288748,-1.7410287549687984,-1.7427178714661438
20210506,2.191474760418927,3.489557350215903,3.2945633421918328,2.7945583342413265,2.0083285533713657,2.009939393153164
20210507,1.140861942983277,1.6260769632648184,1.523893670428549,1.2869615125861589,0.8771206212240212,0.8777330087998896
20210510,0.5576095364585076,0.7336142908606837,0.6934498544741958,0.6022135673404452,0.441284110799139,0.44150733149698174
20210511,-0.82496902621784,-1.017951278677886,-0.9336034983222162,-0.7647237468989495,-0.4287269553161701,-0.42898583319690303
20210512,4.651517386044538,5.522830740324132,5.383075465965123,5.032309037508526,4.469462576969837,4.470546930649372
20210513,-3.204347230106986,-3.6815612784386396,-3.5543654482920237,-3.2757442600704367,-2.7669922961274516,-2.7676039411236744
20210514,-1.6229331557454336,-2.2371539202502753,-2.184873890725215,-2.0639068290465334,-1.8542419782841795,-1.8545529429263552
20210517,-0.41023721006961156,-0.35751713753768,-0.2707737801019097,-0.2870817258082463,-0.4309397383213066,-0.43096773067709404
20210518,0.6876655066468806,0.9302510047462619,1.2983800980458993,1.2511696577622942,0.9973568856186198,0.7830180400890026
20210519,-1.2021092614328082,-1.7496793502737056,-2.1174505985132446,-2.0657657918655787,-1.8123381372977572,-1.598320014162438
20210520,-0.03440040294766314,0.4639226545808914,1.054732815015762,1.0183910952962913,0.802276892874888,0.3422481911022135
20210521,-0.31722786524718144,0.9267748592785501,1.6805353409392922,1.6339081897454553,1.358193706769369,0.7712931344948021
20210524,0.16975530253725893,-1.5446267471188162,-2.384731324255304,-2.3322252467786746,-2.024939267917936,-1.3708246818642515
20210525,-0.09041608240264143,0.5037495513285796,0.6252115921916761,0.6194275548781445,0.5944430797235046,0.4881687032291435
20210526,0.5834002049028135,-0.9061373942954183,-1.7578575565281762,-1.7369132433418963,-1.6232087063443243,-1.1397887063599679
20210527,0.9298910572233184,-0.4937619581541235,-1.6914071076145858,-2.0438533581775595,-1.5571353421907665,-1.074495588858555
20210528,-0.4116144274636958,-0.06690808805207656,0.3292165114426908,0.5447759412932693,0.35550543493521625,0.16782235705981438
20210531,-0.3569800765957486,-0.0622871532475526,0.15013752282808152,0.41378901132137763,0.33691746372057224,0.2606895260907162
20210601,-0.993480449145148,-0.29480310719690017,0.09883978231577771,1.0887905448515334,0.9805490810983215,0.8732118216576926
20210602,-0.14150901043821001,-0.1347107516242161,-0.19288721493240368,-0.2772059793991304,-0.3513479841069569,-0.5523512038263398
20210603,-0.5665607626627042,-1.0190530210253073,-0.06373705055045348,1.239464002192085,1.0622055312695444,0.5816005821279362
20210604,-0.1684105204862093,0.19905379439722762,-0.9230368325479255,-1.7884341215116017,-1.7823716470418753,-1.7658998818261487
20210607,0.059239040113070345,0.21203595775509843,-0.19212990820050488,-0.8357542646507066,-0.8083804115349713,-0.7341529440742955
20210608,0.29253810706224265,0.3717772890314348,0.05466290615428153,-0.34660532844406905,-0.3752214487143256,-0.764413237783134
20210609,0.033154084997101596,-0.0815648769435035,0.1606252131942361,0.605403675841383,0.5604606145791975,0.5775494369231388
20210610,-0.6724453089145099,-0.7513967069379686,-0.4765020351815131,-0.10247007904985789,-0.09031060823660667,0.19402509466322249
20210611,-0.20980501183305406,-0.2678703236096386,-0.11876179569151787,0.12301309187711704,0.35469738546922974,0.4301543158989727
20210615,-0.6098252283735657,0.17776526340454024,-0.1849458005019573,-1.4514817910686697,-1.904728260136959,-1.9814823039919869
20210616,0.4658677535646072,0.9993690906503292,0.786666185938259,-0.0002858887209418737,-0.5081058820471129,-0.6444222402850254
20210617,-0.07216422275149789,-0.10461265304150019,-0.09551758878405323,-0.055919367099361336,-0.10538098773675089,-0.08727048364397935
20210618,0.19841936261135718,0.2542470508298971,0.2139750152235438,0.09286959589542668,-0.7483840791427198,-0.7166065658599647
20210621,0.3307544696763696,0.4051212681405307,0.3716023083236359,0.25358114053950787,-0.034521106137319124,-0.04363268164747855
20210622,-1.2383230418168587,-1.438778357440202,-1.3518675866375995,-1.041141770565351,-0.406831403555659,-0.3734803533892891
20210623,-1.3847134207894882,-1.4821743355211034,-1.4274681061334897,-1.2496078313975083,-0.4262088042406469,0.26958685671065075
20210624,-0.35130830578553185,-0.5739496476198925,-0.5486505825008404,-0.46025560591928427,-0.22644654844793008,-0.03740800666867894
20210625,-0.16724822366983277,-0.7887757564608967,-0.755651402097817,-0.636814839589221,-0.40485602529019055,0.07668552126319056
20210628,0.016103386029077214,-0.0576049346147217,-0.05386975998452961,-0.08461162298090685,-0.018703365806141636,0.03329047461703935
20210629,0.1869740727808502,-0.2425286990160577,-0.2234799487030894,-0.72879369945116,-0.10907986405999376,0.12196937564295854
20210630,0.21974647076707154,0.08111855659629823,0.0882065148164683,-0.0714198227992065,0.15644481488765188,0.2559004431888067
20210701,-0.6275914581215756,-0.6964178731613645,-0.698189979827107,-0.7969834210399787,-0.8406284088210401,-0.9313474260291772
20210702,2.5092522897045164,2.221087962037435,2.2427906782419216,1.9367157446827996,2.6168671428239687,3.0081281731707907
20210705,0.31375757541197075,0.399606297856318,0.39791861320539074,0.5067492486375833,0.44568951798468026,0.4556338409285656
20210706,1.445678146930555,1.3569048833397943,1.3638837709569407,1.2706751802980856,1.4888887358618499,1.6171816150598093
20210707,-1.8367078848128102,-1.636287353576275,-1.6466821473008266,-1.4164477162409979,-1.750249699968108,-1.897940384189112
20210708,-0.6506696112778426,-0.6209329919953308,-0.6230205596501831,-0.5908742852887071,-0.6565574078628036,-0.6929081463079902
20210709,-1.004631347750276,-1.5011670828559645,-1.5080426660538429,-1.333223524432722,-1.5561797295156368,-1.6431713168547797
20210712,0.47515504493096516,0.6781108147736785,0.6811633446336904,0.6102726074789001,0.7086118533910385,0.7504252413323473
20210713,1.2625659741295137,0.32927745069158765,0.32618397771553387,0.4446080613020489,0.9469056359635895,0.3202169895100959
20210714,0.5544558305894386,0.8611075348869183,0.8630612945570925,0.8265230205944304,0.6888817205004094,0.9195731145756234
20210715,0.44264606953949065,0.528567074519769,0.5292928916832024,0.5195067244873839,0.48615545450832315,0.5555090757405982
20210716,-0.03938983865584686,0.0028284481873196467,0.0030377255366781236,-0.0021438050883908245,-0.022838860941844053,0.007343169257641412
20210719,-1.989275077639753,-1.5115683505250153,-0.7441975374719957,-1.5695913618400386,-1.8183385299667567,-1.4900093397322132
20210720,0.15144743657356066,-0.02935814384002132,-0.32017056578367586,-0.007980259385320418,0.08134062769195782,-0.04729266863827131
20210721,-0.06993324784176236,0.02176164843324843,0.1691813295424074,0.010818627458640755,-0.03531875428127243,0.029158719908440267
20210722,2.336778183719134,2.4328947229834075,2.5884951128500493,2.423100164037717,2.388613480021615,2.4687490054434797
20210723,0.8154115963002713,0.7494369891017553,0.6437339274741478,0.7578821888684502,0.795810590977355,0.7536989757641345
20210726,-1.6353938961854673,-1.7497613678165242,-1.9340023949227825,-1.7366914307022836,-1.683938048894556,-1.7686921073481892
20210727,3.3882476608275884,3.57718263214532,4.786245769047218,4.460399297470281,3.471301744466647,3.6136224995963793
20210728,0.5961152777850197,0.5781242613631348,0.46358778221587305,0.494741885322721,0.5914476227143821,0.5805106052600194
20210729,0.36631714433808166,0.4047885983346583,0.6505921523164385,0.5841599800689917,0.3811072848114934,0.4083751065393795
20210730,-2.0928509812450873,-2.142468678871433,-2.4600635478958415,-2.3745059689727945,-2.115062035388876,-2.152760425418476
20210802,-0.6617495179444338,-0.6913908712496549,-0.8808125176292322,-0.8296356625511653,-0.6733399763053521,-0.6945065436828717
20210803,-1.5983046879108458,-1.614538487782123,-1.9028966378877725,-1.8749449337684234,-1.7908778110965247,-1.804059691540039
20210804,0.7510203919557621,1.1337337923037776,1.3160671305399942,1.4412400097898477,1.3880803581619774,1.2535657083008136
20210805,-0.27097679370466826,-0.7291157071347061,-0.7142771346249721,-0.6893804085076423,-0.6944902532042523,-0.7061345356511171
20210806,-0.32600570661556727,1.9418841156155953,1.8083521644422162,3.602947440098295,3.4193272061705438,2.9594119116896414
20210809,0.021355369452733062,0.16019169152415313,0.14967173573881198,0.29103506037024923,0.27653545265294416,0.24027557851241943
20210810,0.1613228070916591,0.36301655089468327,0.40587396374727924,-0.1696615457512477,-0.10994449732560418,0.038289183585893394
20210811,0.32800160367450104,0.5326838974306117,0.48507632805894596,1.1246069819923048,1.0586325570180775,0.8942564099129839
20210812,-0.6011446150023247,-0.9376346067495376,-0.9194953009525937,-1.1632910799117235,-1.1383716142010787,-1.0759146339247208
20210813,1.3633033031940642,1.844560416010167,1.805207982513367,2.333993406806962,2.2797220101590354,2.144057681255357
20210816,1.34375177480175,1.7888120345951672,1.7771498085351767,1.9340017077726603,1.918173165598871,1.8781711869867348
20210817,0.5283859957399064,0.6936722060630297,0.6951618154891058,0.675233388289258,0.6774424273281492,0.6827006630980152
20210818,-0.6607451388160387,-0.7358673198763043,-0.7246846055992107,-0.8749192019156639,-0.8594450294255028,-0.8208522376757539
20210819,-0.5353014879700474,-0.5894395065219289,-0.5834270152558383,-0.6642086269451114,-0.6559003829713896,-0.6351598159718079
20210820,-3.4247653190786487,-4.33345846994433,-4.322592665105598,-4.468761196810405,-4.454063252622222,-4.41683249342542
20210823,0.7092795819733173,0.7591625812922489,1.064879378708227,1.0392435481435869,1.0420081546112134,1.048703837618966
20210824,-0.7642607979804108,-1.4575733926124212,-1.5769324037762265,-1.519856857254421,-1.525916045760181,-1.5407380799709098
20210825,0.3088230750887549,-0.05065892822975582,-0.3993145488078864,-0.21115539537464756,-0.20430587610946227,-0.1873144595814017
20210826,0.03157170543481887,-0.003607577705326593,-0.03519667922900484,-0.013438975120154628,-0.04934233165086011,-0.04804457506203013
20210827,0.13457028283951594,0.022063450738609547,-0.07225956170853864,-0.06634940960463687,-0.2655517960599786,-0.26236818165155196
20210830,-0.24794097466109014,-0.10764130074842292,0.029650154973374854,-0.5294740355435471,-0.10464789388211948,0.18687673291467066
20210831,0.47331481749730775,0.3016123540383179,0.18168082151302353,-0.5312403735199291,-0.8767856653892914,-0.9375637189861742
20210901,0.6861941746130298,0.4846593890087763,0.31745730052217996,-0.3597575547711232,-0.7008059403165379,-0.934843807035072
20210902,-1.4654242393983974,-1.1653997469029846,-0.9330535853543187,0.24431587452978745,1.0271995206210303,1.566097786715433
20210903,-1.675717408675675,-1.6237901913818478,-1.4403334443561624,-0.006641968819530442,1.7165909225265523,2.4081511522904684
20210906,0.08761590290551129,-0.28550364157802705,-0.01477826680042274,0.2051865100888926,0.021248899477010474,-0.012413137296762966
20210907,-0.04493154680218499,-0.20078203710632966,-0.02868670709021288,0.31695814566254676,0.6013061038053079,0.7271617067725391
20210908,-0.013228491586817308,0.08484757404472995,0.054311389523389084,0.17118375062087787,0.46816486774589,0.5733303264642461
20210909,-0.32515309437681955,-0.1715123288345652,-0.33129519846771044,-0.6295872547969955,-0.8494828704695704,-0.9501477536412843
20210910,-1.3352776787581861,-1.065082365503744,-1.3871881443953318,-2.088540791935184,-2.7268457987680392,-3.0013408935152337
20210913,-0.22213188990075952,-0.0844181527014196,-0.2236995699675282,-0.47413702232932425,-0.8101261366174991,-1.2351143351846623
20210914,-0.007225213681804271,-0.04426665268109414,-0.014495882544070577,0.019787727632286277,0.0024581211503402686,0.06580080377198065
20210915,0.293270086447413,0.46958478660886993,0.32471671655531964,0.14793547278229705,0.18616183066138647,-0.07330714428124524
20210916,-1.2743010406571442,-1.5194443760097414,-1.2936308145132154,-0.9429480117079825,-0.654568235431497,0.5616495130426026
20210917,0.9585412382104227,0.34973354461756384,0.9471645489354051,0.7884388147597615,-0.18320822324894873,-1.1583359974908247
20210922,1.7177534444511386,1.0357874823907425,1.7228937827509412,1.5125850148896938,0.4717538425219575,-0.39376063454450544
20210923,0.1774983936357972,0.12309643680442632,0.17686697359256526,0.16198335264790553,0.07618338166466786,-0.006067752913640652
20210924,-2.2230775862807,-1.7146379008412476,-2.2131856485395045,-2.0813378388325074,-1.26883685855826,-0.4495127039698152
20210927,-1.4752098844745427,-2.5829278815207015,-3.14369620142079,-3.0387906374403837,-2.0050328603130314,1.0248563475516765
20210928,0.6404754667176257,0.34253186648012696,0.3396290385843707,0.32299454054491455,0.3757863390661107,0.8533673011425207
20210929,-0.6834239544575602,-0.9447506515418833,-1.1955234065672202,-1.134852167983076,-0.710557441745963,0.27444700767342023
20210930,-0.24704833625243539,-0.6136795342288658,-0.8981907627510484,-0.8334804770062756,-0.3407136720998988,0.8876915918623749
20211008,0.29104513403352716,-0.6189703187761908,-0.9974139636089067,-0.9090241875318343,-0.2599625687551046,1.3117516665396085
20211011,-0.1441363524420089,-0.610430162293545,-0.740631303337576,-1.23774596915498,-1.0362068446149437,-0.1719876204913886
20211012,0.13477935348320702,-0.2076967824462939,-0.296311619404165,-0.6898758375988083,-0.5562767513059337,0.05368808022205401
20211013,-1.182771536509104,-0.82494280500734,-0.6903781666174846,-0.44946444867661683,-0.6753876795060105,-1.4609751849565604
20211014,0.5441586745268359,0.4613728874687888,0.42208703745896714,0.3994273700218999,0.4684654612039277,0.6790169382791216
20211015,2.3206593410167167,2.120339374179037,1.9964299230105276,2.058629551837744,2.28501550315974,2.896396367090765
20211018,-1.508649490071434,-1.378522405225736,-1.3136087194325903,-1.290819051276692,-1.4058403060918412,-1.7479659589576242
20211019,-0.6082091063573918,-0.5486289096205559,-0.5293325964156935,-0.4766053590526519,-0.5078276494674407,-0.627648417220908
20211020,-0.4865845256551725,-0.5566882467293063,-0.5411302847148945,-0.5166813579015163,-0.5430219152413889,-0.632506616331214
20211021,-0.24297468260990446,0.3379511299156041,0.3365926076887087,0.24641722507350367,0.24302889933560878,0.2855588997760439
20211022,-0.3784075218346553,-1.2244425627338003,-1.2105470906632685,-1.0989395059986549,-1.116665160563613,-1.2319863692093649
20211025,0.05376580745394976,0.6334226108417101,0.622858369419837,0.6011757006810982,0.618733287169042,0.6814992537075025
20211026,-0.07975252842016196,-0.05806326969778264,-0.056392682664398674,-0.08697097553624494,-0.36548937787303737,-0.08846055061530933
20211027,-0.883395934171525,1.653813868069766,1.6411097355985482,1.5497345478961797,0.7171877083235595,1.6678586280153347
20211028,0.02661103311985888,-1.0923177127798895,-1.0873176781070097,-1.0254342655547506,-0.461650409303252,-1.080471204644805
20211029,0.10385935396661475,0.19597260998733823,0.1954207622818087,0.18502502445161415,0.09031985090630396,0.1922750434976795
20211101,-0.46171724784547385,-0.3056234253317714,-0.30544580088232287,-0.28733414531105284,-0.12234882267314112,-0.2945360720007308
20211102,0.017914499846257613,0.8618792559671836,0.8592855123523523,0.8431280647676228,0.6959074395305626,0.8664212280660388
20211103,-0.13113652465175735,-0.7269123274270795,-0.7250194777499822,-0.7155520754695828,-0.6292829972105675,-0.7317846346799097
20211104,-0.05195377979444966,-0.27084655700857985,-0.2699282039182608,-0.2708667701772658,-0.27940245574547984,-0.2769184057343328
20211105,-0.17693943195795578,0.6048243844870329,0.9774325767972576,0.9689692589437827,0.8918501794764948,0.9832249342421092
20211108,0.09745866517127669,0.9525306102243942,1.6200892770880588,1.6100496520423488,1.5185616663943924,1.6294079698720292
20211109,-0.00036942290061503513,0.270867825416856,0.20951497411590558,0.2056868307257388,0.17081508431749665,0.2071481015147421
20211110,0.1427220783918753,0.11993800570159521,0.32937545432092324,0.3287913814467417,0.3234654844773841,0.33148380201687333
20211111,-0.7140178540340304,-1.122222255147928,-1.4455498627241228,-1.4399216035087254,-1.3886372842635986,-1.4488246254212929
20211112,0.4744428551453933,0.8043848806389395,0.6757209395990094,0.6722776337511047,0.6409072202203419,0.6755470141514852
20211115,-0.37970389629900214,-0.5781780803681447,0.05648745712393455,0.05798992989472462,0.07167505160094612,0.0580430074825955
20211116,-0.07146539703203188,-0.16560951498798587,0.18661568753479812,0.18725960093313515,0.19312408233299003,0.18752895812521847
20211117,0.3074351156806752,0.3459418479163382,0.46117544136655764,0.46056364550246626,0.45498865483915085,0.4616906383548169
20211118,0.7578879017099474,0.8755300558343626,0.9459238725463388,0.9444332350290205,0.9308512115516163,0.9465324854707707
20211119,-1.134858554231414,-1.2331130940924442,-1.4021642708567938,-1.4007711381230274,-1.3880768411334818,-1.403050489688114
20211122,-0.20370150536089088,-0.2100266749872858,-0.2719507098083929,-0.2719236901494958,-0.27167709173672183,-0.2721481673598222
20211123,-0.8220786137215573,-1.1356282046233932,-1.316399515422432,-1.3160176989538814,-1.3125376647229985,-1.317055654158212
20211124,0.5414352237393147,0.10647264593333472,0.033983625771536574,0.6609759063833973,0.6655807241121239,0.6608823932315799
20211125,-0.5893631997625032,-0.6261020294573634,-0.7933478223211,-1.2645972743748726,-1.264130177365229,-1.2650775382112702
20211126,0.21080113077812557,-0.11538086097198,-0.39202616357903697,-1.5476774567228753,-1.5441164449753644,-1.5483992576731773
20211129,0.09131835497444224,0.08410958455333108,-0.038518907376299344,-1.5498340151644585,-1.5496987988452862,-1.5501915534812536
20211130,1.725349560406819,1.6065412641958627,1.1733181751831454,-3.5876112011618786,-5.855064976985801,-5.857760876049275
20211201,-0.6766483877313795,-0.810821396803045,-0.712285516975226,1.3692064816724232,2.5559564252854376,2.5549202051083353
20211202,0.807851312698232,0.6492619141710366,0.5482865742925924,0.2495385037425143,0.26593906447110016,0.2751743806615306
20211203,-0.5440382848834829,-0.4950314919671386,-0.44616467055393194,-0.1297197142899532,-0.022172090207006334,0.16238571847619832
20211206,-0.622694544503215,-0.6092088075061041,-0.569216285426239,-0.14531600734810773,0.05351935832748467,0.6205626878860607
20211207,-0.5792302922647379,-0.5644394634169594,-0.5355082705204883,-0.2600451028121704,0.03583249293826998,0.3865461884926392
20211208,0.34716895584468965,0.486574869274751,0.4674909383223903,0.2783473676097117,-0.07679339326062755,-0.32232435689805805
20211209,-0.5461451945595754,-0.18754888061957803,-0.1791175525357086,-0.2793496586178835,-0.6307065450934528,-1.0517382992288904
20211210,1.660341140264122,2.8666926789724982,2.7917563078079506,2.5921827721510824,2.699604172937027,2.8913942429764816
20211213,-1.0093372508938638,-1.7333332019259573,-1.6975548778137364,-1.5412195877119526,-1.423686561717561,-1.1183084085494632
20211214,0.6167240722649331,1.3201492757405453,1.2983375884326096,1.168723005694686,1.0021996455897615,0.41409219612480497
20211215,0.1609304164662737,0.04968915705867516,0.0485664687336155,0.06794246735945525,0.13140139615457214,0.4283551088461718
20211216,0.23982279014039953,-0.22070825354303383,-0.21905377871455847,-0.16857800699487382,-0.04355185556475319,0.7189768953601665
20211217,-0.42402900654967646,-1.2999242625809961,-1.2886676674760786,-1.2047958075486092,-1.071900121964101,-0.03195049672291583
20211220,1.8509429006084785,2.6543033025750526,2.6333384890270186,2.7171610622881364,2.6295304474936225,1.7595631450694378
20211221,0.06632191090138052,-0.04157796066516708,-0.08809428278928795,-0.1180039588615244,-0.09929274206277613,0.13294230661594172
20211222,-0.23742192634746676,-0.5102421414816607,-0.7318334556433332,-0.7879868332183578,-0.7479231953800346,-0.12571316909904373
20211223,0.03946210331025679,-0.30040837021693867,-0.6028016691882127,-0.8947038421429767,-0.8403300593288638,0.21357384181146866
20211224,-0.22277903871933435,-0.14057048833144267,-0.05574237176405476,0.027781639845441547,0.012649576467800905,-0.2803957670669575
20211227,-0.19023427331152581,-0.20646648757913116,-0.21162793995749746,-0.2153085849954765,-0.21428438511078607,-0.19423179893952353
20211228,0.5977711366673077,0.2770516515895523,0.031588189140450446,-0.20728574858491847,-0.16329084284596185,0.6891462965137889
20211229,0.009403562632479934,0.2962046590849482,0.32219335313782554,0.3459437612805036,0.3411720073123762,0.2484767860396132
20211230,0.9688343007937824,0.8137869984777808,0.6635494832167592,0.5168008560685783,0.5436880399509659,1.0645648376776615
20211231,1.0923522020254781,0.44879638382306974,0.31799809958855696,0.19200591063237837,0.21554474604992147,0.671829386620362
20220104,-0.20095972491915648,-0.776219559965277,-0.7572077860925385,-0.7372970090289408,-0.740600468115141,-0.8043894030846405
20220105,2.0268661059168482,2.2665779504154324,2.2943219283778644,2.163722966220751,2.18743296135032,2.6466274026473444
20220106,-1.4400151389892901,-0.3344634613402433,0.7133496089118821,0.7532840848447575,0.7453528374898609,0.5913325471993357
20220107,0.645100732727401,0.4735715675773767,0.3106005316496799,0.28722484870287074,0.2915925745614952,0.3762583259364942
20220110,0.8487951460220806,0.6008612907999107,0.36546409109502986,0.33882238767549866,0.3438306692670766,0.4409311395182029
20220111,-0.28943648405429123,-0.28186419437266336,-0.2745268078486088,-0.26735981365684625,-0.26867294546913467,-0.29411182729364066
20220112,-0.5130721016892479,-0.8655721460614223,-1.1993529065690989,-1.1987943116497521,-1.1986926179211264,-1.1965994208205806
20220113,1.3862035405030324,1.324651150262985,1.265841690953344,1.1727976520851742,1.1769372943098548,1.257146439269479
20220114,-0.07710647074509723,-0.1546353359830394,-0.22800768718792447,-0.5560416308411469,-0.5563281063411011,-0.5618502029606418
20220117,1.44995359248386,1.4197814017825976,1.3908626578641574,1.2760185047332342,1.2787619252162812,1.3319143522001522
20220118,-0.5606213880227946,-0.5583786787872649,-0.5561406506008669,-0.5818740930389602,-0.5827717354584014,-0.600160448083753
20220119,1.7395825498305932,1.726821508319197,1.7144563324007698,1.7023783065673268,1.7045912342643748,1.7474615734371672
20220120,0.9709489849070266,0.8915130653381913,0.8162786388111584,-0.4825059482373465,-1.066363877556529,-1.0633258162185788
20220121,-2.1974166197352285,-2.0964045750964098,-2.000678940607422,-0.38876096528157,1.1882720911416098,1.175862308619892
20220124,-0.32855098438373476,-0.34922409790519215,-0.34554822344830244,-0.2762704857355831,-0.2337146409743051,-0.23779888574670904
20220125,0.1474911763525598,-0.7872144490492399,-0.743396699865073,1.0215553251291656,1.7918280200965255,1.7958463008202754
20220126,0.13121410839396974,-0.5511061889933548,-0.5183970829965795,0.7720070053128251,1.3347568578007605,1.3353027335869434
20220127,0.6964517694958325,0.2631311830181603,0.28292615880542193,1.099694136841724,1.4564530761029162,1.4600284581831173
20220128,-1.7588579390127628,-1.5900706424067375,-1.5952794394892045,-1.9064463240643559,-2.0438088807502006,-2.0534643532862673
20220207,2.6040609778503656,3.295848904478747,3.3100504856474986,4.037676191593495,4.357627831095371,4.373018789030591
20220208,-1.8199308278646784,-1.7445530610104691,-1.7638272309158427,-2.5765931008165097,-2.9318668352798194,-2.9369315469111283
20220209,-0.17549577333161276,-0.28511514161883095,-0.283525520375968,-0.23430953754104306,-0.2130584730365292,-0.21425396655079526
20220210,-1.5715464867160693,-1.2956594450559158,-1.3114759991956042,-1.9415613828006832,-2.2164399153123826,-2.217256924319333
20220211,1.14552326783856,1.0089473116498422,1.025172554170589,1.672642459510908,2.807601553969178,2.8085395985471875
20220214,-0.4548703393935169,-0.3292582958440788,-0.334748505947789,-0.5497254321503632,-0.9263618174294863,-0.9263070396579844
20220215,-1.1613431826047829,-1.76685080030688,-1.7644297997158365,-1.7034402030638693,-1.598261165185778,-1.6013465365376118
20220216,-0.46679069659624844,-0.8776504347630254,-1.2979896401810325,-1.3109594254570147,-1.3345962193965377,-1.3362690624364024
20220217,-0.04084462399624572,0.9438152339783514,1.1479197662015945,1.519855547979143,1.7574176068560206,1.7582167340900787
20220218,-0.01878914271488565,-0.36340824584920833,-0.4086446015270087,-0.5766616697932165,-0.6665408728924503,-0.6667158196453244
20220221,0.08627758579754138,0.2344460354199133,0.21970613517073972,0.17790630064774818,0.22533962863580126,0.22527815899881937
20220222,-0.3383479869990758,-0.6535802155712841,-0.6297530540600066,-0.515276446435224,-0.6142555460620011,-0.614154882029231
20220223,-0.13306361948699547,-0.6658857440348245,-0.656735637713248,-0.603721541730948,-0.6843101289074227,-0.6842689940713733
20220224,-0.37573514176570694,-0.687530045813829,-0.8361535583871686,0.141808186683835,0.08558095686344214,0.08588348397220147
20220225,0.7384203216624543,1.8848771164175198,1.7659626188285957,-2.760067600879042,-2.7257511135081374,-2.5563440759058875
20220228,-0.22597314590856982,0.6185852282920189,0.916188015390316,-0.19123431527945428,0.4823101475332032,0.638183984326403
20220301,-0.4654805972957757,-0.7272978955076097,-0.6996864143589674,0.33655642730674257,0.27897837675438497,0.8251046619712421
20220302,-1.4607387255673108,-2.465333233299532,-2.7128119288853334,-0.7797952941182166,-1.4465915953462902,-0.04974326944154228
20220303,0.3368837410748923,0.42847880076761546,0.27014205073833963,-0.4668020343077587,-0.7071315427975942,-1.343370162688358
20220304,-0.1261996343746275,0.41019332938822717,0.4729287687583688,-0.022358225709909148,-0.04603366361855499,-0.27845345409478817
20220307,0.9435808902270282,0.10826882452973019,-0.1334594248882297,0.3333506770407819,0.024031202073148905,0.2530398023158199
20220308,-0.5128792245637751,-1.2318867675651364,-1.1325628620768875,-0.5142857265697434,0.20810619961239174,0.9690823788656868
20220309,0.5096796490789965,-0.059911323072709965,-0.3508617287163251,0.2574847130010565,0.514277461050756,0.8482033782339214
20220310,-1.0293716258972634,-0.3462932696561462,0.0035776775490536927,-0.7127880998431536,-1.0029780258227206,-1.3882919778894325
20220311,0.33877780477883224,0.10960687255396337,-0.16812476733519163,0.0969682623452795,0.3898058120816962,0.5475004748536716
20220314,-0.3523730196513163,0.024163686582480776,0.507297328197423,0.017875579738242248,-0.5665154755463994,-0.8874602318872379
20220315,-1.762748729049041,-1.3997994937653913,-1.0078175132472234,-1.3314721288832465,-1.6108803799845073,-2.044647386619543
20220316,0.07593136104817741,-0.24255482960597535,-0.6697313104909177,-0.2480177760642115,0.23945703176769956,1.354912229526112
20220317,-0.13450134198222585,-0.3697134781612398,-0.27597828120973067,-0.31052421741211383,-0.38362995338583056,-0.467216413364428
20220318,0.2843536039440338,0.3526960374643955,-0.19518686220408338,-0.17333761957651533,0.24406097981133845,1.1225693138326425
20220321,0.04724393911916144,0.20339826483591594,0.3163821625862632,0.22287822714466987,0.33018173019191394,0.6676069898601915
20220322,0.08176664871167443,0.20012080878263383,0.15656407621975854,0.14315911342345428,0.23628537549624945,0.4528680202628279
20220323,0.15975132122953714,-0.4592254583686218,-0.647948479687775,-0.5376834631673022,-0.5920318907477252,-0.8337490167450687
20220324,0.26349770885130563,0.05205293373029211,-0.20203700087681664,-0.14250452253494061,-0.0951534363117205,-0.05971846504377282
20220325,0.16238290361203744,0.5806646547639016,0.7506253475831087,0.9907783578495243,1.1510057152960533,1.5354445884617296
20220328,0.03532090202233301,0.4437286154224578,0.7448593903129754,0.9259076488478268,0.9791837381899564,1.1698508198952005
20220329,-0.5674001138509482,-0.3903893770317239,-0.12174739764197129,-0.0978776894872701,-0.18020316695396416,-0.286284741851294
20220330,-0.10126195361500077,-0.4585888296453096,-0.7951550559928418,-0.9246640859631036,-0.9154889061842433,-0.9824352424926001
20220331,-0.06610831777972799,-0.024485714791865204,-0.2826187038354429,-0.3205864379015029,-0.31457640913175994,-0.32932681179276596
20220401,-0.08109444418073246,-0.06585265183468975,-0.19825621578038083,-0.21281240424698378,-0.2170211406954512,-0.23224106923272259
20220406,-0.6219231728787653,-0.7382877382612432,0.5374225295195454,1.3017577992491667,1.2786922993081824,1.3103357631813863
20220407,-0.33189501318216974,-0.5607635701034507,-0.6568102148572386,-0.7463593567278353,-0.7675274592379575,-0.8113149240091819
20220408,0.5647433148190361,0.6171770882591869,1.477560518079051,2.0166364630862326,2.017957596800665,2.0698083749012457
20220411,0.08218518419235975,-0.24405252720359463,-0.1717338810319637,-0.13719016628254452,-0.14478558006605546,-0.15435838063232807
20220412,0.26214136330828935,0.6347503170125852,1.0561595369744545,1.1952901626870074,1.2032637697787711,1.229461709017957
20220413,-0.5137782431877971,-0.2409999147514698,-0.32365134991975075,-0.4219172092505946,-0.4176642900570744,-0.41957064157695667
20220414,-0.1678244439588537,0.9842810294352043,1.3083797782468707,1.370957539435021,1.380730646096108,1.4029018787710912
20220415,0.19810624981300556,1.5867217215915128,1.9594050115926307,2.0239428302543234,2.0357891364001612,2.0616218764395637
20220418,-0.5228938876423691,-0.4229600638558364,-0.48659672419956895,-0.5368181434890297,-0.5356282971450921,-0.5382543282889858
20220419,0.8585671551256588,1.1765058440886371,1.3209941348639398,1.3716526719395712,1.3741444159670255,1.3829923378463265
20220420,-1.8454897816318394,-2.5306157660437387,-2.7689047734355707,-2.8337497403943805,-2.8393916668943433,-2.854835102376806
20220421,0.01952138079383775,0.017608682176669055,0.01980956418631824,0.003183234713192429,0.0046469883328531525,0.005573952750256184
20220422,0.10491297445947075,0.23793264011474644,0.2519121535220042,0.2572866878450378,0.2574889869596082,0.25832349238754126
20220425,-2.7195615551626044,-6.062711606732936,-6.347096619873421,-6.424072355278854,-6.4308395527240645,-6.449289271055717
20220426,0.27895789606111543,-0.042458045130465305,-0.0451730231566313,0.07406394653786391,-0.09367566302065461,-0.09335361314619078
20220427,0.13650271305688005,-0.26952235437868416,-0.2923471249678587,-0.38560515062156886,-0.5448710521887704,-0.7424746993961182
20220428,0.11376224704433098,0.9041884492415366,1.0582718303656833,5.777274948791598,5.78978719920387,5.808552889350093
20220429,-0.07600448578801539,0.05956954140992813,0.07126324645947313,0.2859591947138109,0.3280884047014798,0.38047915314434677
20220505,0.013440768924460667,0.2522562402195438,0.2788888055985549,0.9006151189041376,0.9584529709558665,1.0306037328378155
20220506,-0.763373417002494,-1.4853950164767453,-1.5788438163313199,-3.980379879923513,-4.120159410432169,-4.6932063563507604
20220509,-0.42998549894421545,-0.43072740851639313,-0.4428499643939623,-1.1619764461941207,-1.129485673618626,-0.9925822281261675
20220510,0.8212849006722097,0.6291750427174143,0.6220622506450302,0.738957992669486,0.7013571742658329,0.34594477475312113
20220511,-0.45162433440570465,-0.33930695866507726,-0.32889449638296725,-0.025168686136632867,0.2685806232563755,0.40487533074343784
20220512,0.7205982043773845,0.6102263216922046,0.6035849439091974,0.47118288691490884,0.35824402649813547,0.18325947283265445
20220513,-0.34213458439025696,-0.29727953119794426,-0.2900817322447102,0.401936590173969,0.6679937618293069,0.6876758204297341
20220516,-2.619231907088305,-2.387122125724343,-2.4240572743202433,-2.5419971617337143,-2.4903214154293556,-2.078920051583287
20220517,-0.6473735955975808,-0.7500033297380819,-0.35817070885109514,0.26148697469600635,0.44927266630984775,0.5063037402158835
20220518,0.20243267793672146,0.12998952175677034,-0.33951922564420883,-0.8368941502297443,-1.041728685269858,-1.0215847291157236
20220519,0.056652383940088945,-0.013797598332787223,-0.11004083989076391,-0.22077031505296585,-0.2570179015274766,-0.2277142236911196
20220520,-0.07486697401856236,-0.14591066144605833,-0.06536737043611243,0.18904990197264734,0.3114735072435091,0.3458116671229222
20220523,1.0186216823613914,0.9380358867854934,0.5034248637319428,-0.29216699543074187,-1.4369366681730846,-1.4121651688809358
20220524,0.767444288991131,0.7632173961913624,0.4714157394493655,-0.12481245261696407,-0.8971992411664385,-0.9031515510496574
20220525,0.6982033719818497,0.6387177456433881,0.5364279731963054,0.3995927305733713,0.13322981642034598,0.15740608983713508
20220526,0.3942343267375247,0.3684085535267402,0.32818858403330053,0.2774166898115551,0.1728682998360706,0.18347739629162668
20220527,0.18901205256889425,0.1667718750143472,0.1851927020046516,0.25083511984324536,0.3012992013921888,0.31186561339129143
20220530,1.1837735588108536,1.1951515231185408,0.9850306361987315,0.5377541255927276,-0.019519531320944916,-0.03033547684329846
20220531,-0.7425808790305675,-0.7866328130058637,-0.5631813023953647,-0.04777276913297368,0.5472761958409438,0.5732455158151557
20220601,0.6035056086811316,0.606864703135113,0.5361096738296486,0.3860836778200365,0.19846598028360204,0.19503770399893808
20220602,0.9291467939131227,0.9193344183660943,0.8759487581787775,0.7987271965939027,0.6845828555487847,0.6878561174828688
20220606,-0.8006549528568526,-0.7939395207831348,-0.7637509242763602,-0.7098790244770776,-0.6304466446379038,-0.632673437727592
20220607,0.758457255911263,0.7534779932940294,0.7307581461740517,0.6901213085338471,0.630335075410049,0.6319771074967236
20220608,-1.5889175650052518,-1.5706806233867858,-1.5664078738581106,-1.5802913584026996,-1.5703583420763532,-1.578500426561192
20220609,0.061659076900153764,0.2972299280725206,0.30587989943273725,0.33061815984140047,0.3539443464972239,0.3566914293175729
20220610,0.6766023226217711,1.5394573732717227,1.532589630121485,1.5311998282433166,1.5137909176013784,1.5182515836559882
20220613,-1.2261548358855467,-2.8198095802961847,-2.8200375078864974,-2.8431504210488474,-2.8451325394278024,-2.8533785675300316
20220614,-0.2136172068074108,-0.22669953551361616,-0.23255464335764905,-0.2267403434986851,-0.2187755877940377,-0.21884155473165884
20220615,2.356575054172805,2.3007422029654365,2.182962974615159,2.127147092067985,2.0539592369917306,2.053654540001828
20220616,1.7258933160502754,1.2720703412961551,-0.04551498401577625,-0.07951230676984888,-0.11651954261601971,-0.11887562896013137
20220617,0.31494571734879717,0.24154475506985157,0.028866531568039033,0.024385758147716624,0.01975334392866221,0.019372564844044732
20220620,1.5443287826589827,1.435697013923365,1.1158775855901377,1.097181537391622,1.0742884621579198,1.0737214518699905
20220621,0.7858371813161623,0.8003658906117501,0.838386598373982,0.8295558938407799,0.8175554141778367,0.8176279925481366
20220622,1.7813851575245696,1.5755486296249828,0.9800272511762588,0.9695765614561312,0.9593969303645786,0.9583297283431138
20220623,2.201450324163429,2.200985967857381,2.192926631823704,2.1768917788180873,2.1555853851251188,2.1555783779724833
20220624,6.350453439923479,6.292251807182677,6.109822602971737,6.073391052701413,6.026013073809129,6.02570169851915
20220627,0.22954536174970724,0.24736510887657406,0.29772794307785877,0.2957888463851492,0.2928898720876807,0.2929814452931088
20220628,-2.6707355650174147,-2.6320898960496186,-2.516678340953041,-2.506126767767972,-2.4927977692154957,-2.4925949352398025
20220629,0.9120680410896539,0.867376708564953,0.7384726559041641,0.7371473516391763,0.736191656939695,0.7359602166042812
20220630,-0.2183262990895274,-0.22319241054968875,-0.23673107664965354,-0.23569107788196542,-0.23422087130018104,-0.23424573092369322
20220701,2.3183789603778715,2.2811710834273486,2.1724757055993873,2.1680918121787927,2.1629354407813506,2.162741812170351
20220704,-0.16784279902594604,-0.16124254340037925,-0.14230659476764596,-0.14235235902226775,-0.14253222716319014,-0.14249811618757915
20220705,0.8500554089146399,0.8378939840744513,0.8026022548809135,0.8017306953441243,0.8007914806290124,0.8007283542117893
20220706,1.7532199240031432,1.71669213601789,1.611699726667668,1.611487604985855,1.6118644103152855,1.6116754962825408
20220707,1.357094527517384,1.3643476938858181,1.384102490846921,1.3815385660889716,1.3779995888492798,1.3780363520540941
20220708,0.10485171528403536,0.11603058428479207,0.14768962778346317,0.14662791756443205,0.14501500068089623,0.14507249178974801
20220711,-0.1529003193080536,-0.15046890208140842,-0.1435095096262155,-0.1435651707249035,-0.1436830100602255,-0.1436704553280565
20220712,1.8255324946511213,1.8237534921899587,1.8180710679348617,1.8167041658050986,1.8149192577235547,1.8149096673914222
20220713,2.585327366853459,2.5907555723646496,2.6053630075976897,2.603022490334973,2.5998133965690196,2.5998407886836254
20220714,1.9637426427577254,2.4614198490727297,2.4434037330244873,2.4426049969572627,2.441654289047916,2.441622229096597
20220715,1.8863916828746088,1.930670927355137,1.9286537082994093,1.9277600444704415,1.9265824311138715,1.9265792176923209
20220718,-6.127134776795984,-6.870717134340637,-6.843508308171623,-6.841737426022149,-6.839549634079718,-6.839501479699154
20220719,3.9949017800116366,4.09728186591736,4.247116587517433,4.245727622484935,4.243904791531862,4.243897658865196
20220720,-0.8580391276392156,-0.5700304471630967,0.38254284438767927,0.3828821320864906,0.3833969717694823,0.38337877022968336
20220721,-0.8130986736968251,-0.7190440738666888,-0.407897174178242,-0.40762329932541097,-0.4072384842881088,-0.4072443567765053
20220722,-1.0559063712003502,-1.0762153912161427,-1.1432779957863373,-1.1430355012923625,-1.1427178008391796,-1.1427164004364558
20220725,2.0188546556199114,2.4105978246916058,3.5748867910424043,3.574794685580007,3.5747505530034465,3.5747280796739958
20220726,-0.3395268295450697,-0.20756357861516578,-0.44563145456138364,-0.4456860424148387,-0.44577457460800574,-0.44577001217175943
20220727,-1.0098609575240565,-1.2322358007895584,-1.582672332366599,-1.5826306198047548,-1.5825987476871024,-1.5825919772447818
20220728,-1.5390352008027064,-1.9431062377038526,-2.3787348221935667,-2.3786757191633194,-2.378626465574335,-2.3786180459810415
20220729,0.08586766746722523,-0.4109379423181503,-0.40113632013143585,-0.3850173938773337,-0.38495576725227376,-0.3849559356030255
20220801,-0.016547608750535014,1.2675577971257852,1.4195754152920261,1.9801578496916201,1.9800440438285793,1.9800410732340545
20220802,0.028950287776058715,1.2251693730335853,1.3932197095247834,2.0128873261119065,2.0128196213112632,2.012816356952313
20220803,0.4809999301425538,0.9851935614447997,1.2545272475369311,2.247583496067756,2.247604047711672,2.2475988593220007
20220804,0.2049159289835286,0.4963556750116897,0.5348553028052646,0.6768195767301202,0.6768024773522803,0.6768017289673192
20220805,0.14705511830973184,0.2852808231077184,0.3001483216859363,0.35497253029922204,0.3549635814059149,0.3549632916116834
20220808,-0.7931759342901886,-1.3778292292956138,-1.415889130152142,-1.5562493386928318,-1.5562053484332021,-1.5562045994903702
20220809,0.2913344818676609,0.29638469492802505,0.2616301087942233,0.37141707243389854,0.37142397480601697,0.37142340274655017
20220810,0.6333290094755787,0.8002284856038729,0.9386904013061746,1.0927901235351054,1.092785214115508,1.0927844063002417
20220811,-0.4406397572534596,-0.8584458083480662,-1.9580861542611885,-2.078883355896215,-2.0788532939898197,-2.0788526520274906
20220812,-0.30003144891972916,-0.3272602609361531,-0.3232916512884504,-0.35815357861213576,-0.35815396140677946,-0.3581537376795268
20220815,1.2934559035314372,1.0456197576626707,0.10020944091290074,-0.9485292712222697,-0.9485023625795541,-0.948502686701628
20220816,-0.11418444848043954,-0.09108113709293386,-0.012143249872243743,0.07791114267914188,0.1464101335122296,0.14641014161784788
20220817,0.5468909846975847,0.5425141756767047,0.46838792575804483,0.4017087041469243,0.21394072183539548,0.2139405779976845
20220818,-0.47200931364601184,-0.2956845547302449,0.1780729388637693,0.7574492878099207,2.6500255013570513,2.6500252537153033
20220819,0.6346728487130229,0.6621200580591209,0.6846980565784414,0.7596341652943672,0.8179440301993033,0.8179438685959518
20220822,-0.6952205773400705,-0.5167527259186868,-0.621420315244049,-1.1845920935887706,-1.5764588714372803,-1.57645869334528
20220823,-0.12865500895164098,-0.18528389886032098,-0.15914205704707376,-0.013910187224149852,0.17211325630352264,0.17211325932995974
20220824,0.39475639880255353,0.49020588078561045,0.4769750919457141,0.3995128659550816,0.23393208709443722,0.23393204445004803
20220825,0.4668632618274401,0.3054111919046232,0.32406321880639466,0.4232375759836383,0.671794950508486,0.6717949064712327
20220826,-0.8958652308082078,-0.31947206855160726,-0.359728670782434,-0.5773425193072224,-1.3459177287924655,-1.3459176707885772
20220829,-0.5574383361837244,-0.6744869075668415,-0.6712130360486543,-0.6498202648330181,-0.512808043245911,-0.5128080095804255
20220830,0.8114937969809708,0.9167082799008448,0.9390144634562498,1.0569226299084389,1.7469128978117427,1.7469128379215269
20220831,-0.6779338259457838,-0.6958657408931757,-0.7061027849913897,-0.7596258101298444,-1.1571244494160309,-1.1571244158133451
20220901,0.33225045467721986,0.7209175469738975,0.7331063121336838,0.7977428569570759,1.2939320611511784,1.4348235563144147
20220902,0.45340101532706756,-2.141350439849278,-2.0888659441951547,-1.7979181567541267,1.5088791068739447,2.2058666474271695
20220905,-0.7403760364609335,-0.14947960812257843,-0.1687780948736194,-0.27445909779445987,-1.4462371315020532,-1.693217693738765
20220906,-0.11217846121921003,-0.1318945310875497,-0.13438682295487736,-0.14794869591696658,-0.29635033169482344,-0.327629564921982
20220907,0.12336284394733815,1.1804069747423949,1.1839092959123334,1.1283133879131875,1.3768152354980547,1.4136671835211738
20220908,0.22243611375660335,0.031623820213587416,0.03548341415320469,-0.04557093275513964,0.30005364241457555,0.3513085673972953
20220909,-0.876154845629849,-1.5278916028975653,-1.533205269384666,-1.4349610850854526,-1.8623848227004243,-1.9257702695265495
20220913,-0.12982951583635638,-0.71062791321209,-1.134734893192675,-1.1335950522361655,-1.1440719926036065,-1.145625679853401
20220914,0.30966016219824694,-0.03438982172300484,-0.21980040906211534,-0.48131133791629155,-0.3270676323193522,-0.3041938231600325
20220915,-0.7905102465270134,-0.9905909376911326,-1.3580491622620885,-2.191037453222137,-2.734253988728636,-2.8148111100076427
20220916,0.3600448379921428,0.3084897218695396,0.42344330315485146,0.6308938468281959,1.1918610862809416,1.7025923093859032
20220919,-0.16438661377163966,0.2532005427926062,0.36275994258541555,0.5930043906445592,1.2407047176203658,1.5580028571203939
20220920,0.00417298528477654,0.1032357378457535,0.12585318642733853,0.1704414635971533,0.37490772474481027,0.45574530589916795
20220921,1.4270225826707348,1.2649600588670205,1.0752937036737178,0.5482927480368528,-1.298202941945838,-1.1785215467714552
20220922,-0.4116783601224742,-0.5071924519160002,-0.5052278040480737,-0.47751652765457797,-0.5330785722112208,-0.6385968278547943
20220923,0.7988219889414102,1.062238580854157,1.1000661496815705,1.1522633984423791,1.6981204653399908,2.26989823999447
20220926,-1.4317401609379081,-1.0939288883232487,-0.9284779375681875,-0.5137362003899468,1.247966901568432,3.849038391646361
20220927,0.23780625931141602,0.26258631149632056,0.2628229507259468,0.25785335068243626,0.2790442672626906,0.3082111314864837
20220928,0.4515844861324908,0.5976688826154617,0.6554982486304374,0.7940480988451296,1.4313337747316675,2.369811354509302
20220929,-0.6828741584203488,-0.7116306954630299,-0.7021654685337695,-0.6674301782747378,-0.6035948445053179,-0.5051485815281032
20220930,0.0791771003728072,0.13023886595426196,0.17063663947326246,0.27909698637689356,0.6851022584629674,1.287292151353556
20221010,-1.3638585869771338,-1.5103274079186277,-1.6104974572956576,-1.874888869136768,-2.8968757011197557,-4.4108577619545475
20221011,-1.1847072494310937,-1.2242925695345235,-1.2264229641807178,-1.2236960902615945,-1.2968713883927494,-1.3672664737399762
20221012,-0.40034005795300254,-0.7585514235042323,-0.7693801151184455,-0.7939120021897147,-1.0583924815911447,-1.4131682311481413
20221013,0.24118080479782095,1.2841701397104042,1.2919190667350975,1.3065121604572214,1.5040626371909542,1.9173238275072844
20221014,0.6647095562884596,-0.4389477065729689,-0.4659901932474717,-0.5340279093944265,-1.1755528073369321,-3.2247750936101607
20221017,-0.10848014054607473,0.48803409690512484,0.4886186023948857,0.48869778540330494,0.5064586706683247,0.5535602989996462
20221018,-0.4669424544092657,0.3094761786880791,0.3144494225942417,0.3262907497389736,0.4461488866888551,0.8243656877845634
20221019,-0.1448154962002356,0.5413081332511063,0.5404691047615796,0.5373222239681094,0.5203177689281298,0.4588293396001513
20221020,0.05249480107666027,1.7215524568597353,1.7186330743804465,1.7086421579643256,1.6467922707883718,1.4309092868143285
20221021,-0.4352921440855211,-0.5439186787829957,-0.5407664812346955,-0.5322388919171106,-0.45913030001259075,-0.22146830035282328
20221024,-1.084709832794411,-1.316646342478704,-1.310889526177462,-1.2952709255452328,-1.1618790204589922,-0.7279304834748264
20221025,-0.14286042722166248,0.14604434620581852,-0.08021104735361434,-0.07399725228857784,-0.015042714733333074,0.4018061292535379
20221026,0.010971126916487786,0.1243147708716943,-0.0017910407446816157,0.0017286844130576517,0.03434609539324729,0.2663447501062448
20221027,0.4459688040638563,0.7522070230221962,0.6683781204326451,0.6704447350972774,0.6932967262962856,0.849147024538347
20221028,0.5204507289912713,0.7647458985971906,0.7445205502970756,0.7448175832102067,0.7511942494703885,0.7899984851084362
20221031,1.4304990947186584,1.9453912507276836,1.9619946168017113,1.9609044810881069,1.9592936940740682,1.9324863769984502
20221101,-1.0181089468104003,-1.2359520662243328,-1.1790606243605883,-1.180451313871723,-1.1960107879785917,-1.301851005695694
20221102,-1.9198274116371912,-2.1957242696891495,-2.0853092135556484,-2.088182028511659,-2.1176358300733518,-2.322014382206574
20221103,0.14289200592743212,0.16561049465931776,0.16382091598211035,0.1638458935668197,0.16441569946907306,0.16785695535336184
20221104,-1.2145946125902751,-1.3732337080243981,-1.3424669098981492,-1.3431706946142576,-1.351792049761463,-1.4093183421913815
20221107,0.010600531495690395,0.03359255462174889,0.02762003946554248,0.027787093792408377,0.029330366625786867,0.04031596353379799
20221108,-0.22220446288519757,-0.0012886412218841015,-0.035525652104460514,-0.034563199968350056,-0.025737162629051014,0.03720819567920208
20221109,0.8236693372962631,0.7428352604432472,0.7919679057610425,0.7904956821434806,1.4756150238785224,1.3858267520554188
20221110,0.4895833525708955,-0.582555297659729,-0.5669136411516031,-0.5673207437941037,-0.3494311540230653,-0.37838310752978926
20221111,1.4911924471609452,-0.19495521457902087,-0.15937726861020074,-0.1603624343379021,0.3354547199197212,0.26995466673087176
20221114,-0.28585372698060296,0.14340088926883326,0.14082521765733902,0.28451919682845456,0.24866667665028042,0.2534784621162778
20221115,1.0602512954801988,0.16906572131790393,-0.16365366288504812,-0.44236417091900376,-0.315014069929766,-0.3319501957805697
20221116,0.6043453757895325,0.4985160401569027,0.5059636205955866,0.5057479666075536,0.6095720445255036,0.5959170616218967
20221117,0.46205466154383124,0.10794096121249437,-0.049363009671323385,-0.5996871237099142,-0.5964918251398132,-0.5969982412414042
20221118,-2.061575619041431,-1.93156117829441,-1.9985546930029288,-2.17275164871752,-2.507042469468921,-2.4759239464844853
20221121,-1.3337421631330053,-0.703875987455143,-0.42716393282320386,0.538339693207197,1.7396863498944863,1.739240694259422
20221122,0.23036396067143983,-0.19227339854471803,-0.6851454509468164,-1.1487245037320326,-1.77798935982075,-1.7708951835940496
20221123,-0.005161285304795538,0.602850856322444,0.6394790743398716,0.6714932349201143,0.7797781551777296,0.7746782487440346
20221124,0.3820550834886173,-1.0214109649246317,-1.1272429697829385,-1.2235137902222,-1.599726066459545,-1.5920650401791574
20221125,-0.04868680298649872,0.09737981440087078,0.09781158837309953,0.15732086595203928,0.1633400737880196,0.16254842524423455
20221128,0.07633332952712257,-1.5458721007344423,-2.0997055187001052,-2.5153452365632827,-1.0693498398051446,-1.0606896327725683
20221129,0.21296647982310063,0.6905173194672308,0.6156905189883592,0.2077157681224206,-0.6559176871019325,-0.6566528759088202
20221130,0.13333736624127468,-0.3899730422362836,-0.4035406154253459,-0.24790626091356477,0.35809603295123377,0.3589827386673955
20221201,-0.30569819521265973,1.9302000834621145,1.7063689945959308,0.9332004567963647,-2.160183856342557,-2.160396336127142
20221202,0.17687490230567923,0.49523012769765395,0.42175258937681886,0.2596344553577579,-0.27923198468060895,-0.2788944055436126
20221205,-0.4494898569464864,-0.28643814054457234,-0.20455282842230563,-0.13812361944465534,-0.1314044786403355,-0.1322881826389631
20221206,0.5961089468102581,1.1067732697289436,1.0214756954613649,0.8021509806216519,0.014802121224912874,0.015055725708394065
20221207,0.5324389522742261,0.4136671060719927,0.3540193457648612,0.30563028267409764,0.3007358554590251,0.3013795724203024
20221208,-0.05317096988627068,0.16058881996131807,0.17205822465836057,0.13924354868683722,-0.07874751271203823,-0.07905840022677868
20221209,-2.1180698010107077,-1.450415767112227,-1.2879364874238115,-1.2320423490462484,-1.613318825428892,-1.615409549002477
20221212,-0.7387174354163027,-0.7247206887187224,-0.672589891981098,-0.6104866000896494,-0.5032260188153879,-0.503700598703929
20221213,0.07843644828972157,0.1740580028075501,0.18874805377318032,0.18602334593779823,0.11112098040243451,0.1108974004122915
20221214,0.31940225533030825,0.3857392781682497,0.38281059346629304,0.36451358783913834,0.28151657688008846,0.2814774552949996
20221215,0.8293002316065364,0.9901865338666249,1.0070119699160014,0.9925595807259638,0.8478684071863626,0.8475619875434952
20221216,0.5842767763797391,0.6405538936048393,0.6229438436728838,0.5885066681439306,0.48231799276009996,0.48241852092537724
20221219,-2.4200227250042525,-2.6361225228625247,-2.6248748423969626,-2.563135547135198,-2.2887259012202725,-2.2886135509242185
20221220,0.6732774000740961,0.9901768569080696,0.9938021850011487,0.9841986616998469,0.9192905281715487,0.9191956758679856
20221221,1.4298386782149786,1.9072650646518996,1.912504246915244,1.8978374985836388,1.7999382599914466,1.7997976820501234
20221222,-1.0262366307896458,-1.3943343436658446,-1.3899678014173384,-1.3711623280159635,-1.2914675107714435,-1.2914468295539174
20221223,0.51864831332443,0.6428027367737115,0.647174131581371,0.6487721877943553,0.6390041708507661,0.638948340101525
20221226,-0.08486541655469323,0.5256654813279457,0.5212585480123455,0.511586274815006,0.47953210400876956,0.4795525775198386
20221227,1.7051647727415133,2.5676915832050264,2.5729027201092496,2.56874069043608,2.5255600945591685,2.5254665864434953
20221228,-2.1328817631460217,-2.119909661666999,-2.1311048810540867,-2.14053415043832,-2.1432574034346037,-2.143138127258493
20221229,0.4349104600727809,0.6689806499051787,0.6736224288861901,0.678807349388896,0.6865655959607231,0.6865218070624308
20221230,0.4977381454761218,0.7585379849553555,0.7585660720763852,0.7567243246470652,0.7470349367222612,0.7470263506183565
20230103,0.4919580758528075,0.6889827522438331,0.6882760844443491,0.685806591528283,0.6758922542339708,0.6758914568593618
20230104,-1.8853232122556163,-2.389727881356574,-2.39390028792203,-2.3964377872785727,-2.392375685020224,-2.392326892251493
20230105,-0.44479501099726526,-0.580165294823106,-0.768100754357494,-0.768445246288431,-0.766545298189496,-0.7665339791018242
20230106,0.4621314830891854,0.5277161521958906,0.42746680253318403,0.42609057875038625,0.4214567503938379,0.42145940936227433
20230109,0.18343473855796724,0.20894264614147098,0.20883973364898875,0.20850309951082996,0.20717881882865274,0.20717880488028917
20230110,0.5207044198911928,0.4675178660586673,-0.5759343371544193,-0.5772372447552669,-0.5793003422075725,-0.5792897339136835
20230111,-0.13031401049406313,-0.15180633075389138,-0.23563494918650366,-0.23551250624785885,-0.2347845998212612,-0.23478373745440526
20230112,-0.3693057338071457,-0.38798243039797287,-0.33637694361589865,-0.3360314762367198,-0.3348236496035085,-0.3348241617298736
20230113,0.5369315360635034,0.5244347498628787,0.2295154326784726,0.22911373600817686,0.22839902575753399,0.22840202257492848
20230116,-1.131235230146272,-1.1467766696629609,-0.9160061104432984,-0.9153578297635139,-0.9134845245469739,-0.913486854636791
20230117,0.18761750106151526,0.45017336336119146,0.5440970986377824,0.5438815714694872,0.5427577595031193,0.542756789794395
20230118,0.9614573015891815,1.7920985436574397,2.106627531002385,2.105960708255493,2.1024134509687857,2.1024102060848855
20230119,0.7461921067250031,1.0572646275467457,0.982352584443295,0.8688097178687855,0.8678949785436335,0.8678957314578761
20230120,0.04880736553205317,-0.655744352281908,-0.42565258312546156,0.3624053232019409,0.3621418506847786,0.36213950331297884
20230130,0.3784642925570467,-1.4678562717063,-0.900986263009387,1.0405218559038198,1.0403649276142373,1.0403591500403384
20230131,1.61858591260165,1.7677921013035716,1.7908586815467902,1.8698727828270225,1.868867525981436,1.8688672795736314
20230201,1.0273472981929603,0.6710466923825292,0.8007169922412414,1.2448363309323685,1.244506379463,1.2445050545253054
20230202,-1.011268592026897,-0.8065955035145123,-0.8855163172333548,-1.155819877428642,-1.1555648232121714,-1.1555640162054317
20230203,0.0564015305351121,-0.26078111298164314,-0.175929776651852,0.11468063451755428,0.11483889102839717,0.11483802827657308
20230206,-1.3330764350927926,-1.2717778100745307,-1.3069229992749474,-1.4272967605702367,-1.4270502836215875,-1.4270499227385949
20230207,-0.3242412099327303,-0.26383367595030904,-0.2830909683350643,-0.34904658213774287,-0.34903094639810345,-0.349030750009902
20230208,-0.29164625426487384,-0.8626607213212649,-0.8359837353324425,-0.7446184546163459,-0.7444270804810502,-0.7444273501236618
20230209,0.35308110923673064,0.6262985150850183,0.6359451401771372,0.6689851139314732,0.668927971264576,0.6689278723287067
20230210,-0.057987820687120384,-2.9338664774822014,-2.926617108295775,-2.9017922781618655,-2.9014612830240996,-2.9014613531390054
20230213,-0.3210685318087111,-1.4082592710620043,-1.4200478175719298,-1.8945037329914551,-1.8943741125250888,-1.8943739909445587
20230214,0.23576060944519286,0.19134262040379058,0.1961875581662395,0.20189488371791178,0.18906185830715347,0.18906180898376274
20230215,-0.5622281125896349,-0.3520314487249462,-0.3595863879174154,-0.3141805270277202,-0.12694522772433536,-0.1269451509969885
20230216,0.13035287237478563,0.2117415577394669,0.2146948536168759,0.22480976663449526,0.22480999540757007,0.22480996531924674
20230217,0.5935013622695094,-0.38806628336219096,-0.39457435240745603,-0.6309929418253687,-2.035185281494031,-2.0351852144602995
20230220,-0.9249803920488324,0.7785570354249163,0.789259040029987,1.0230482093594186,2.3158027972680117,2.8187253326223427
20230221,-0.5094957955492185,-0.5384917294737809,-0.5404223737011511,-0.4754633131382663,0.20928241774045853,0.39187227847655504
20230222,0.2833948078284715,0.8080670346436271,0.8128112857707256,0.8322931431193337,0.8751067421373444,0.8833545751560233
20230223,-0.14646374583591776,-0.25906545763625716,-0.26067283821624165,-0.2767551138879276,-0.4717676750522355,-0.4987513944477664
20230224,0.08088364539522272,1.0927177900489173,1.0938622367878361,1.0284543617934387,-0.6993561613082333,-0.8762215314210354
20230227,-0.991897350626137,-1.5261129247262417,-1.5307062096464703,-1.5446455820675815,-1.4999741551414183,-1.4815205995643907
20230228,0.1641176281479842,0.19409838988099176,0.7485043775481596,0.7800478723296254,1.3281008666730112,1.7635031963950354
20230301,0.09218677008340354,-0.3369488420048864,-0.241200008087046,-0.22045996913010202,0.25534345603301256,0.8725176938392152
20230302,0.8057359931179271,-1.1493608620323696,-0.9069146155302056,-0.8512848648674429,1.2208429877989802,2.884261708801324
20230303,0.9969842490825991,0.9217133486369553,1.2400027062271128,1.2517279791664766,1.503023968942978,1.7047539130516358
20230306,1.5946384251357282,2.1567368010030523,2.6061144268850995,2.6062221394643905,2.2986501143752984,2.0517438097271
20230307,0.8118453011223313,1.0161027863803014,1.1910795360766486,1.1914809862766675,1.086198627805908,1.0016822273411807
20230308,0.3854917995878947,0.4177321466258536,0.4752844564823768,0.4762763403216374,0.47627636275547497,0.4762763598049681
20230309,-0.40916052087217203,0.13625245624113536,0.1942607403673277,0.1826390769907269,-0.32566985441072216,-0.7337193288258401
20230310,2.208624637303037,2.3091987568725707,2.930416886461529,2.926187317269186,2.5870024032935155,1.936760472783775
20230313,-0.5415696054310296,-0.5822132098630483,-0.3904332958388667,-0.39606674078158954,-0.5990579109915884,-0.9882064733303614
20230314,-1.0273569724975757,-1.0631640264110367,-1.127083272052233,-1.1281848866864201,-1.1281849116020832,-1.1281849083251658
20230315,-1.4494499107327132,-1.4830636851584653,-1.610974498247102,-1.6108826403666066,-1.558734489584396,-1.458762699519626
20230316,-0.4102116984521338,-0.5064767805826893,-0.06194560338451094,-0.07512762734516776,-0.5484645329911708,-1.455885164695363
20230317,0.15774157563249108,0.381252227627263,0.33465950772585745,0.3366254110858998,0.3995053615646395,0.5200507046269048
20230320,-0.4625487230064885,-0.5929209917776442,-0.6649375089897125,-0.6636026090749628,-0.6051018826168936,-0.4929518009755328
20230321,0.377880933421848,0.972221414677874,1.0232725860568443,1.0228426575526732,0.9930987072038517,0.9360774130034474
20230322,-0.34027773754357776,0.13841295492102917,0.11531965111459719,0.11621222058440489,0.1455202035163683,0.20170569506376207
20230323,0.052384324670766994,0.622032618118474,0.6412890779806771,0.6411828726826243,0.6312343700280282,0.6121623724662351
20230324,0.42223554093697707,0.3563856187588672,0.38091915786877917,0.3803365818165943,0.3575046585597025,0.3137342296199204
20230327,-0.271838370821606,-1.0331463933413492,-1.0485352524973814,-1.048623312184544,-1.0446001507214575,-1.036887453779255
20230328,-1.9499621441420607,-0.8613379359535052,-0.9233889058498967,-0.9216107428681444,-0.8569441543982625,-0.7329736877847275
20230329,-0.4012246265884407,0.8025901412161716,0.7832628049771406,0.7842831126543865,0.8150180091534915,0.8739389917751412
20230330,0.6362273439752459,1.9253130832663872,1.9449765888041108,2.069551411619633,2.0617443384060796,2.0467776119924963
20230331,0.571199304607867,1.3533212558258065,1.360556641379208,1.36068133944987,1.3606813422702166,1.3606813418992834
20230403,0.4692780170318014,0.8819113385310484,0.8847831390407664,0.824736925859899,0.8256907985231655,0.8275194374910201
20230404,-0.686054670836265,-1.2010161349030721,-1.2080990763812454,-1.4298781294746645,-1.4275384444633261,-1.423053097404353
20230406,1.8511935370148325,2.4854986811812654,2.483792852822561,1.7598555823988076,1.4718227299813347,1.4864713901065223
20230407,3.038802199332178,3.78201736197948,3.778544490829784,2.7893810477687238,2.3958305146963372,2.415845551047301
20230410,-0.9246160054707271,-1.0501697915992412,-1.0476652886344398,-0.6972225481805963,-0.5578034397318913,-0.5648939612910977
20230411,0.5381115057714431,0.7010842568046497,0.7032625080969186,0.7673962211384278,0.7928991954248602,0.7916021752491158
20230412,0.2046057590482379,0.32465279970768535,0.32741158408161597,0.4849988457365472,0.5476817037078201,0.5444938037998317
20230413,-0.11133445897331662,-0.29251101289282744,-0.2974593525827146,-0.6103124524107602,-0.7347584094924632,-0.7284293864241468
20230414,-0.27115128695241864,-0.23140287682952493,-0.22957242201334066,-0.08973042253188787,-0.03410179150963105,-0.03693093032427966
20230417,3.615900453714503,3.716462474596698,3.7124293170848226,3.2379480722906124,3.0491862538229912,3.0587862273209394
20230418,0.2689780805742327,0.2777598434280354,0.2776003315008443,0.2545862964159554,0.24543042640729107,0.2458960720020042
20230419,-0.5154100689009731,-0.5586180371645287,-0.5591652916477898,-0.5732766379832397,-0.5788875934914302,-0.5786022337340887
20230420,0.012438308796125619,0.005970344485133963,0.00578991532147817,-0.005739708324940682,-0.010325947670082214,-0.010092702530703379
20230421,-0.4088283817116367,-0.2998565477058073,-0.2967456158840813,-0.09570080719934371,-0.0157292116660388,-0.019796375313132053
20230424,-2.166398649542673,-2.1586643026015957,-2.1597132879359227,-2.1807300908599805,-2.189085190940201,-2.1886602705555576
20230425,1.5369331279355238,3.3250458843602106,3.3237134839268707,3.184471603294786,3.129078336055139,3.1318955048166277
20230426,1.3055026170473887,2.0535235659717808,2.0534202842814278,2.01740379861221,2.003074049183134,2.003802825874649
20230427,-0.4954574449761685,-0.8194052030394947,-0.8191096864099354,-0.7912334641549061,-0.7801439302231699,-0.7807079173316918
20230428,2.5739485429831968,3.5432547269696197,3.54285506674651,3.483169263869976,3.4594238552993106,3.4606314898420782
20230504,-0.32250213847855114,-0.1550192894574618,-0.1557453899539203,-0.19822683422617948,-0.2151246299225773,-0.21426524853738638
20230505,1.5261166485416413,1.984856186234566,1.9843924726927038,1.9427025175923096,1.9261178452263132,1.9269613019016476
20230508,-0.026721721480020777,-0.07460885532780581,-0.07446597393775384,-0.06548857538587727,-0.06191757336753617,-0.06209918597018371
20230509,-2.1419996503513383,-2.522702215554016,-2.5223809924876957,-2.490897169880044,-2.4783723983211132,-2.4790093781739664
20230510,0.9630265332348324,1.0804691294772348,1.0804257996800948,1.0734435596957907,1.0706657208397223,1.0708069950630863
20230511,-0.27517858564531394,-0.3158195966729057,-0.31576519914898626,-0.31141983316681093,-0.3096912456128918,-0.30977915743184375
20230512,-2.703020349342093,-2.902565830789605,-2.9025326225408152,-2.8926477684452134,-2.8887149504895175,-2.8889149641795306
20230515,1.573903606942339,2.3593003687082925,2.6508619831451683,2.63631481737302,2.6305276655268903,2.630821986194607
20230516,-0.2665257193977417,-0.45314222045315616,-0.5156733590850968,-0.5136692413968615,-0.5128719473974035,-0.5129124958585634
20230517,0.12224540614548272,0.3658392987329975,0.7792859214805276,0.7788374299060454,0.7786588982856703,0.7786679779753212
20230518,0.6201291807280029,0.8734085090718269,1.0295169553493506,1.0262154857547923,1.0249020982049468,1.0249688939467887
20230519,0.38461505038734833,0.4195586659012559,0.21685662045786447,0.21407898302969186,0.2129740822397569,0.21303027484529358
20230522,0.9115898409541519,2.3931232422101614,3.2235134330822905,3.2214223335690977,3.220590243347255,3.220632561459973
20230523,0.1799556448496748,0.40571028315887847,0.5381027191531784,0.5379722309154262,0.5379202838043124,0.5379229257096697
20230524,-2.105503389692542,-2.571191997574641,-2.716367566191712,-2.711989879202638,-2.7102483696834607,-2.7103369386822904
20230525,-0.9939731794088774,-1.6835028997589288,-1.881771945275234,-1.8803378570058484,-1.8797673117261895,-1.8797963282910164
20230526,-0.8127861580448101,-1.2699641700436808,-1.6040744903358946,-1.6034077591359572,-1.6031424794500997,-1.6031559709387055
20230529,0.23138942854128655,0.615034672071239,1.4678426566595055,1.4668061179376477,1.466393755876681,1.4664147276224007
20230530,0.05836726567246384,-0.20749158190868716,-1.2548479310348672,-1.254157108083367,-1.2538822789741775,-1.2538962561237177
20230531,-0.003821179141358405,0.0036409518084247455,0.041227811280925855,0.06484070304851079,0.06484880628153653,0.06484839417052163
20230601,-2.0656355690643022,-1.2719652764709746,1.6614206320380909,4.987408989084872,4.986215218913233,4.98627593120217
20230602,0.8553931332585776,0.6518064521067967,-0.9548496529079286,-2.105500146478373,-2.1054386051130436,-2.105441734959213
20230605,-0.2655212061938158,-0.017687026113952814,1.0128935516827091,2.0745942298379276,2.1910696719162583,2.1910876632219094
20230606,-0.008786975148398185,0.03878856613947832,0.23902093758681456,0.4437087422106329,0.49851869124298054,0.49852210821367016
20230607,-0.6332607141494082,-0.606748468707885,-0.2893301947195319,-0.09984320033477441,0.6737742324919458,0.6737729818872489
20230608,-0.059704133450728336,-0.03840307266384921,0.07668848849124735,0.2412832148189875,0.37173843032585785,0.37173957028174653
20230609,-0.8133882781778967,-1.3494861423019475,-0.9490579365855782,0.332074558361254,1.2907943187883553,1.2907929238992555
20230612,0.024535890710190036,0.17819664151075093,0.010411441979731872,-0.4349109682329127,-0.7312119234042553,-0.7312124583772961
20230613,0.28459785144249,0.2644300750988695,0.3641981478107295,0.537208147500556,0.6076364057222722,0.6076378469008458
20230614,-0.15159461069381316,-0.11932097222903065,-0.17128935176344945,-0.28947069602823994,-0.35848936056179637,-0.3584897679037274
20230615,-0.024850255466985605,-0.08726060134622271,-0.0598529863833594,0.06098674678741886,0.164804733532994,0.16480423242517483
20230616,-0.17640163263110004,-0.1132816338355264,-0.16001907638723,-0.31025676802205515,-0.42297028224274624,-0.42297011079932323
20230619,-0.7120429665013938,-1.1318744130336353,-1.2360223501636018,-1.393060427689016,-1.4394262028928244,-1.4394279957003089
20230620,0.3143022308669774,1.0693015622185105,1.1549125462301755,1.318514099888529,1.396394987377298,1.3963960387836685
20230621,-0.03952262092779216,-1.1971956710151457,-1.261434709286684,-1.3407814887471627,-1.349198961019524,-1.3492002811440775
20230626,-0.7442680076133009,-1.3219884333108702,-1.5107327128132244,-1.7129888191430531,-1.8466584419946428,-1.8466587099203053
20230627,-0.5082014105484137,-0.7677748318914932,-0.7101646740837884,-0.9050790314533044,-1.0479480636378515,-1.8570452178339067
20230628,-0.021563445171752592,-0.0671829169598621,-0.029658974132218206,-0.06763433822085535,-0.09570387612736919,-0.25466682656740003
20230629,0.08979281674747355,0.022290891588573485,-0.18304530931306787,-0.18373831608021257,-0.18109819165986044,-0.1661560573371457
20230630,-1.2267384633060279,-0.6662988080280537,0.6404166072081954,1.238888294597498,1.2760931050062043,1.4868560731031133
20230703,-0.8211355635971413,-0.5834457972214534,-0.22295544005423024,-0.016519559458275712,0.028027691171014668,0.28032854133716417
20230704,0.1481224178640216,0.11299596849520646,-0.5117203910022377,-0.7967594026437534,-0.8136511983616774,-0.9093436622195272
20230705,0.06489166427917106,0.018484078400808495,0.2017272275978753,0.2389008016971978,0.2377398377812843,0.2311692438195029
20230706,0.10432809788138456,0.06906725402119121,0.17006997443432925,0.17938345362821856,0.17700864994321638,0.16356080361848502
20230707,0.573435770766846,0.16573993639533363,0.8239030883519348,0.8680761193413293,0.8608760123433321,0.8201055962789863
20230710,-0.09479719029223353,-0.0470485862039015,-0.12350981943188105,-0.1286909190554914,-0.1278904584632511,-0.12335790143902382
20230711,1.4061445106103043,-0.14999323595610586,1.6769553351646012,1.8323499147594091,1.836273022383318,1.858507424009321
20230712,0.4981279289712586,-0.18692734983233067,0.282869031793763,0.3255362830120784,0.3285202964793457,0.34542395805363446
20230713,0.1578084885940217,-1.2768690964084932,-1.3138091430714056,-1.3061255892658128,-1.2983083336305705,-1.254037157128347
20230714,-0.2677321715660105,-0.48509916822521026,-0.7064358840560211,-0.7218216399006051,-0.7197873256655573,-0.7082683972099628
20230717,-1.1633633962308867,-0.5136133091708145,-0.9170407765834396,-0.9527517584991568,-0.954636861884186,-0.9653164545307265
20230718,1.1480184633342252,0.9025231296614961,1.319384183249564,1.3531621823547848,1.3528326701835187,1.3509703389923107
20230719,-0.06713442805751609,-0.06357069365125613,-0.08795067212989056,-0.08984703876773158,-0.08977004815490955,-0.08933424880889389
20230720,-0.30164081639352897,-0.1667655203142208,-0.18208613695704384,-0.18425015623941743,-0.18491102503499246,-0.18865386699439102
20230721,-0.4021103938316103,-0.11682550972874267,-0.03198696573359339,-0.02757017548203422,0.4073243882983382,0.3967928380751476
20230724,-0.8520455868829346,-0.9002941040686798,-1.0625492446105387,-1.0746424934639425,-1.2844085271131218,-1.2793287687958048
20230725,0.3076856907040955,0.4686087448042207,0.5264751201357046,0.5312265783331235,0.531226486088479,0.5312264907798203
20230726,-0.0008180742252731493,0.6750003516010904,0.09395287376578049,0.09708272609790436,-0.05576661479269962,-0.05206516230877539
20230727,-0.016897659897286352,-0.2869223419186793,0.2128523731435231,0.2134694685856808,0.33499037335516957,0.332047582717774
20230728,-0.10299148278264283,0.13265641700268227,-0.19761097994320165,-0.19796275988952292,-0.24111701445446987,-0.2400719767450996
20230731,1.2819967864881547,-0.6513144921450598,0.9223291540040766,0.9251118101573792,2.0456808815577237,2.0407447334854485
20230801,-0.2447077788895326,0.4449895722563445,0.01176919657471412,0.012528146468514564,-0.30947822923965573,-0.30805977787747507
20230802,-0.37378044675726974,0.08879638284397297,-0.22074430459688332,-0.22049470120630835,-0.4479777567118956,-0.4469756847310857
20230803,-1.1757383028363686,-1.5719808690932753,-1.5262846729006978,-1.5294977489051116,-1.4677640334415585,-1.4680359757700472
20230804,-0.513212855361467,-0.2785235943487578,-0.5315485091259475,-0.5317230388968921,-0.6605048395915205,-0.6599375508805705
20230807,0.42123827827074295,0.5719490237505617,1.3788960220139068,1.543469759179059,1.6184164470441136,1.6180863053467796
20230808,-1.229652977338744,-1.3883337027129463,-1.4523954081860273,-2.4751169900681598,-2.68730621711457,-2.6863715164087694
20230809,-0.6826543937100683,-0.7171306655653915,0.7363204416388467,-1.0133323242041627,-1.3769140291675035,-1.3753124369997651
20230810,-0.016326079938125005,-0.016234053975256776,0.1302374595413885,0.015102510226287953,-0.008828487874141505,-0.008723070831434886
20230811,-0.06918653041701095,-0.05408631422482912,0.5933713397378912,0.42898010237476925,0.3947749469838766,0.39492562227393163
20230814,0.14371298953695327,-0.14720563749104967,-0.9888826031362231,-0.8037555363099197,-0.7652256042414304,-0.7653953304169622
20230815,-0.4617847529886354,-0.3499165390837642,-0.23561826235807598,0.08202229785482146,0.12241270139184829,0.12223478014496772
20230816,1.2199621012249307,0.709083861915953,-1.3112858936523248,-1.9045095600008055,-1.9045095496164632,-1.9045095501445861
20230817,1.436487148477154,1.1155632702705889,-0.047425943404704296,-0.5430198534168535,-0.5694695132979974,-1.1143121021587223
20230818,-1.4992943042502382,-1.1351108928280256,0.31472609712534094,0.7264919847874941,0.7241000440224684,1.3504240290534641
20230821,1.2968226940917937,1.2809103873094196,1.396590480159963,1.1712856511887204,1.1267889438759764,1.089074692063394
20230822,-2.1250529957499853,-2.1244038483391106,-2.362744399750614,-2.083020687629098,-2.02300337466384,-2.0768387516997384
20230823,-0.6988726859258634,-0.643705743909063,-0.3428472607209674,-0.24681150482098665,-0.24549047963168047,0.5548572404794101
20230824,-0.3661500120689888,-0.1904259882078746,0.2153126124461756,0.6524356153117808,0.6397282928661991,1.588032353343404
20230825,-0.28788742907839593,-0.21970185548335103,0.1166835360183685,0.5294401166929674,0.5241674026254745,1.357975089661162
20230828,0.028267611975548862,0.09086347089930774,0.27139733463550736,0.4891445341450074,0.48592027553553563,0.9298467593149629
20230829,-0.03809303459294289,0.08570538735829476,-0.005347218304254331,-0.13772030520509815,-0.13845118117239463,-0.38366501813870274
20230830,0.628920469386745,0.8627756680122087,1.0175278379660513,1.1780230611528015,1.1725255332009128,1.5283301064215462
20230831,0.04290197987994877,-0.03658291714968813,-0.002554063440393689,0.0517390025723454,0.05251608839486416,0.14871717238695475
20230901,1.2143344234169002,1.5208828598933453,1.6190908179423642,1.697989210503801,1.6921013132122178,1.896201047911776
20230904,-1.1712422608022994,-0.9689337172817847,-1.1460643153625372,-1.3979864798567105,-1.3988238589870574,-1.8705683086117497
20230905,0.6962312057700752,0.7254245810327282,0.7737769487989519,0.8302921814359224,0.8292400833235062,0.9464315401270127
20230906,1.314519100342058,1.441228887686681,1.4896372703780147,1.532068321781317,1.5295361356243238,1.6334874539488045
20230907,-2.758973308393712,-2.7838086957546038,-2.9059204207571856,-3.055743672966157,-3.053828354833534,-3.3564986107582184
20230908,-0.41486134531041285,-0.323646915805476,-0.3810578196252748,-0.46643197260239627,-0.9577737636581471,-1.114192353259309
20230911,-1.1539047098011943,-1.3284437732923906,-1.2929943633819756,-1.2231192644428308,-0.8670293420092793,-0.7542248867038722
20230912,-0.29317589900720636,-0.581444393050539,-0.5588605249314371,-0.5212600293023076,-0.029589735169095466,0.03573804049171847
20230913,-0.08545499958450004,-1.2707896457114636,-1.3128950312883585,-1.362777799750874,-2.133614998637802,-2.2362982128440168
20230914,-0.15575617706735692,-0.3555424588519651,-0.5438793415828497,-0.5285633782284734,-0.33719307378909313,-0.31178561413641065
20230915,-0.4474202805131056,0.20920375041449943,0.5165057232779133,0.8891226907581782,1.1502011583777132,1.466004270973795
20230918,0.2726034767630747,0.06268791123367573,-0.5452236281121569,-0.7692326437836452,-0.8881833246914504,-1.0321795748652494
20230919,-0.33053458079762554,-0.4080781241508872,-0.05118419044799173,0.07011483810975155,0.26086253881169696,0.8082885262291151
20230920,-0.26595243483238656,0.013282703024902004,-0.019113995761351893,0.5178766435650247,0.33664046872073333,-0.18274818753552013
20230921,1.3958821337349603,1.0134652321300417,0.34451928874436094,-2.0369332795936903,-2.0766354107841614,-2.288176937306975
20230922,-1.0072676124469473,-0.8083310393313117,-0.46012792027349686,0.7790810963949486,0.7998199201040957,1.4094453534021216
20230925,-0.33797245609725135,-0.32519998373934594,-0.23339750893148511,0.05516298502694808,0.08452452639820018,0.3176543567107621
20230926,-0.07973368739983899,-0.14055924441382806,-0.10973271154310126,0.09107756196619689,0.09505201138026863,0.1738403043750645
20230927,-0.0591250135522864,-1.059780745960479,-0.9060768109291182,-0.3227685252405036,-0.2525684315620416,0.9190983691654269
20230928,0.2445242798636783,-0.7378423172842082,-0.6103618552560878,-0.10221637180730014,-0.03756106150058569,1.0193256778572055
20231009,-0.3721174201530722,1.0443777199231,0.4828991137584461,-0.9931499824256661,-1.0090389696837765,-1.419879369733454
20231010,-1.035485156580864,0.6890060778658069,0.21975147937725414,-0.7441184863098895,-1.1826330268861371,-2.589075703366143
20231011,0.07383931834669547,1.183860665651114,0.7829384868532936,-0.22184989390099163,-0.6173267918932397,-1.1045159730302956
20231012,-0.2688046986871177,-0.7345478401407335,-0.5385531699689075,-0.00898644711600331,0.1887523664396577,0.2757099120550672
20231013,0.23754382548621095,0.45908694180723086,0.33987481062886893,-0.013032549595314455,-0.13684304889697574,-0.0683338294914747
20231016,-0.30715913381438703,-0.5228148306178443,-0.4158128770908539,-0.10743516954056499,0.0027313784627716192,-0.02571974079988327
20231017,1.0506087664968278,1.4391015825568472,1.3356598272771256,1.1273509768946035,1.03116385337645,0.7047140693795703
20231018,0.22937387882968596,0.22342893853670853,0.2645918759525498,0.42164627575270686,0.46843931488746376,0.30605889879882936
20231019,-0.8537124597100851,-1.092036876336586,-0.9825564254831752,-0.675853044902786,-0.564147310507715,-0.5585065306932786
20231020,1.795683546525416,2.11448333768268,2.425437234236052,2.211875223596137,2.12038909571793,1.4920638870529934
20231023,1.2187623250470099,2.37396709730793,2.9028793581804577,2.5550552225868928,2.4203759156271114,1.6224842262558394
20231024,-1.279781463958928,-1.8347495288612574,-2.0743125467882964,-1.9144996767040174,-1.8504178968670777,-1.449162317829979
20231025,-0.5523065760560724,-0.847934870219262,-0.9882431040586707,-0.8967477512378087,-0.8620709049072386,-0.6640007239000624
20231026,-0.0010293487577953363,0.0727572529043739,0.08972002575506453,0.07884380266700422,0.07490278434111836,0.05420825990023931
20231027,0.16673126659944787,0.6497693286149959,0.7134294418065718,0.6718081624461528,0.6559277233564846,0.5641581233391644
20231030,-0.3236732203432686,-1.3901043368065191,-1.5334557768231818,-1.4407112527466068,-1.4062797641756857,-1.2168199938837272
20231031,1.7138138360351793,2.576619470501038,2.6836103520568537,3.1529004875375537,3.123028959672915,2.9276243253433893
20231101,1.3662175799031917,1.3881415352066262,1.3852918249084654,1.3851515028261288,1.3831445869158663,1.3520868859441972
20231102,-1.3633610048873899,-1.7989597827096635,-1.854053596442868,-2.093316739518812,-2.0784773005400954,-1.9848763184121654
20231103,-0.8337963429911309,-1.1968510645626036,-1.6367917630895525,-1.8380618138114384,-1.8258854203386936,-1.7518810627469124
20231106,0.10433647271475219,-0.011415774457325861,-0.15586476937535637,-0.22178381323714502,-0.21808246461598466,-0.19826890598050648
20231107,0.6764292159521825,0.573130482213731,0.4395307084309609,0.37874286687249403,0.3818431840235115,0.39528435880291773
20231108,-0.5448472083322166,-0.5173035062076158,-0.4793990488658635,-0.4622370685090033,-0.4629651276519476,-0.4644871494831907
20231109,0.3346610716959434,0.31380470704880764,0.28630588316689354,0.27381336798313116,0.2744166562635295,0.2766563266244152
20231110,1.1104492212163368,0.988454508455715,0.8345772930700892,0.7644186087055941,0.7682487557013706,0.7876501753269837
20231113,-0.6651339532077345,-0.5104948467156767,-0.3201631372345217,-0.2332040275908181,-0.23826316918383023,-0.2671236182423274
20231114,-1.1168337094836371,-1.131850851652145,-1.1464952652678941,-1.1533355082592354,-1.152678264774565,-1.1464057660014455
20231115,0.6052199488569695,0.9389196402077381,0.9340906301691182,0.9319775506119494,0.9319388029243193,0.9301443999025825
20231116,-0.659570668398517,-0.7025695029601754,-0.6636083896543931,-0.6458420080020071,-0.6468162240689508,-0.6517956864209203
20231117,-0.24797352219805618,-0.47954085415826386,-0.43006906599155337,-0.4074657093221498,-0.40878176499902097,-0.41629936406566515
20231120,0.6193681229625994,0.7892533556809641,0.7857541597385216,0.7841971776122356,0.7842153607864909,0.7836145586616388
20231121,2.2110788755278463,2.576036383996628,2.4851864228758083,2.587893871336569,2.587482863613896,2.5832864994009106
20231122,-1.326831929199628,-1.4500215879858624,-1.3385450225699365,-1.4648267838947235,-1.4644740488916679,-1.4616759774494483
20231123,0.6780267726488449,0.5805079026687251,-0.06592836163565968,0.6123056085844827,0.6117227582017535,0.6083720951698741
20231124,-0.03006764762409453,0.19143697829625805,0.9392015624888439,0.15457555055481098,0.1551988826092705,0.1582867455055652
20231127,1.2562429596939975,1.7834371986346118,0.5083215987368654,1.2211932586653003,1.2205646801092414,1.8124377337702255
20231128,-0.261415476390812,-0.42472371518755536,0.03131124160085651,-0.2236518610371695,-0.22343887976637009,-0.43530849282432604
20231129,-0.24555793374049095,-0.15782484822151566,-0.482757525628431,-0.30108037737210225,-0.3012187178425362,-0.15004145663715113
20231130,0.2057382500487076,0.4205172965016025,-0.2659376820898013,0.11786277395685973,0.11755672466093325,0.43671217801068274
20231201,1.6286880462715358,1.956468246561738,1.0261342245154197,1.546273828310741,1.545841855036576,1.978107089747293
20231204,0.5892484939565478,0.8118196360970442,0.6722035035215826,0.7502567650171359,0.7501866219582283,0.8149712492908336
20231205,-0.14244989244536846,-0.5228186948789726,-0.5228114895934491,-0.5228111347992553,-0.5228060604581322,-0.5227275333168504
20231206,1.9678495438034542,0.7796519780444042,0.2979542855318651,0.5672745990208494,0.5670606409483712,0.7910306622417125
20231207,1.5040859557008786,1.273759883273602,0.8461085000565722,1.0010673647509674,1.000940589484708,1.1297496697595886
20231208,-1.3979667082313525,-2.2801793587454102,-2.36192981842636,-2.9510716691648073,-2.950936450509295,-3.079042226204498
20231211,1.5748124294383334,1.5532622096089095,1.3193219490661467,1.3767562125871227,1.3171577381365864,1.4066524176312682
20231212,0.6647571223208448,0.8290154572527393,0.8027812265268557,0.9253103742700717,1.120415566895723,1.1608221610211422
20231213,-0.847026054736046,-0.6814924258927216,-0.5523042781069192,-0.4770162890895729,-0.021829476380012314,-0.04325670367522083
20231214,1.1129225732934993,0.9931463109767589,0.873759841166844,0.6472700912247695,0.2979578516448925,0.3238085422423064
20231215,-0.0060532793622863415,0.002483015838755036,0.005048908497538557,0.020673462754792593,0.053736850078908785,0.05426762590663005
20231218,-0.4078165858126463,-0.1869332743836038,-0.1122332413881611,0.2927869832722846,1.5677439238174844,1.5781614324173079
20231219,2.0930258614880417,2.1155586882498336,2.0349812679944703,2.1042953757175225,2.13719853947103,2.17579991313099
20231220,-1.2021260049694305,-0.9676033820596235,-0.9492111180973148,-1.3621342944554249,-1.6586904844386394,-1.6777314758339164
20231221,-0.4968730862139711,-0.3543448566422469,-0.3480791228728003,-0.47094369469584696,-0.6321524886026262,-0.6381750318273693
20231222,-1.4304221854899988,0.16401935644368926,0.14124581161989336,-0.6506558617804659,-2.347775280787725,-2.3581702807330727
20231225,0.1390766370281191,0.05125318210314739,0.05191368830694651,0.1304892299188332,0.29699746684762385,0.37189802856365306
20231226,-0.29001618561530107,-0.6813431926925688,-0.672456994963232,-0.774437763447099,-0.9790495571094237,-1.196031273995506
20231227,0.3096184311240557,0.8799654839769002,0.8655392280708443,0.6491489904663215,0.17572723016707031,-0.6520683980029403
20231228,0.06785867217085984,-0.2268347471582134,-0.22467792684101778,-0.24737081600372576,-0.29268959473212264,-0.41369122594702296
20231229,-0.4115805398432767,-0.8116687647284334,-0.8583559011305915,-0.7314915703149065,-0.45356785953619005,0.2782447740996954
20240102,0.9800586110565832,1.4346666286205012,1.4575574523883388,1.2548970240319104,0.8131396786497354,-0.9280186347970988
20240103,0.5656068977736091,0.40455571167841575,-0.017128469185942352,-0.06964385154260755,-0.18077032105271673,-0.6200483493384411
20240104,0.14026528166573612,0.23783683910307818,0.3546120475110932,0.3317603890880873,0.28139285234031947,0.08308503137202641
20240105,-0.6770675634062046,-0.6533105834826824,-0.2772532113491694,-0.23507653148248625,-0.14456053393337154,0.21274588050806653
20240108,-1.0065781955814235,-1.1813036819269511,-1.3113138748838349,-1.2401069582550883,-1.0847108535376873,-0.47229588359805186
20240109,0.046555271773657814,0.03282190995488206,-0.058525292768541244,-0.05860180831273701,-0.05860174439612449,-0.058665327395287674
20240110,-1.7331987557313806,-1.5018154253012312,1.8512290618669776,1.8595504856046754,1.8732179788489438,1.9287982444220648
20240111,0.6110091615206416,1.5461917040424478,-0.275343230990331,-0.3090122044655823,-0.3799112035336273,-0.66030859578664
20240112,-0.11785261828645711,-0.7058430599691069,-0.673912107850156,-0.6571756249752021,-0.6207617525294749,-0.47721272720435776
20240115,0.06588922594923997,-1.1457807110981573,-0.7432705540094791,-0.7236749340208843,-0.6813048756661698,-0.5141742796730124
20240116,-0.564956922941149,1.5710483912637245,1.4409252321963062,1.409625525940208,1.3419613251423574,1.0750519600728057
20240117,-0.4003593783972957,0.30185920301105945,-1.4165964161566165,-1.829432971193445,-1.8095140137567642,-1.7313298391253837
20240118,-0.763114314095955,3.066862622761889,4.203404720407891,4.240945850245279,4.145512613270883,3.769356949077863
20240119,0.19306698965958358,1.2743911267931536,0.39389674942264685,-0.7892136896063364,-0.7968496622352783,-0.8271621137204486
20240122,0.45240137348487053,1.065155336546973,0.13071187662876127,-0.9788520966083684,-1.5505311972867335,-1.540199196872256
20240123,0.0710287885373315,0.2903994492325118,0.4238139421283711,0.49844208422942754,0.5320242418873858,0.5549389029500862
20240124,0.5239851606662108,0.8782621304294624,0.5822138396962847,0.186955462197942,-0.019233735732555907,-0.5803072711704191
20240125,0.6075843001122743,0.8830856262224549,0.628461633738558,0.2964837110534527,0.12371725855799044,-0.34574621864830524
20240126,-1.300374513612361,-1.7004516277306887,-1.2483443312704092,-0.6832175820118717,-0.39040427916847875,0.4031946076224417
20240129,1.594074459892998,2.136189981686354,2.043729516750921,1.8024687189998885,1.6705252969633764,0.9929566639674541
20240130,-1.0071487027895478,-1.230222300333643,-1.098313866764756,-0.9043921027939505,-0.8023112345503256,-0.27176337984556986
20240131,0.5062187762103662,0.5818804638251528,0.5004944728157246,0.3977688672779894,0.3444880018757535,-0.1264174006590065
20240201,-0.2387213276037159,-0.3013360311487644,-0.3550458616604403,-0.39210690599043263,-0.40964963264496546,-0.5754916804290721
20240202,-0.03307555130675324,-0.052690388237846275,-0.0914355372041896,-0.12514831207254187,-0.1418038113720863,-0.2943449193813814
20240205,1.4301413659707471,1.674526658480611,1.567524770835893,1.425012564749963,1.3506880720865149,0.6964142330332641
20240206,-0.8202302188124129,-0.7728459310209885,-0.6927311888833891,-0.6024134201916893,-0.5561586540731818,-0.14355579068729157
20240207,0.7525773692613165,0.608465313090937,0.5232783122069155,0.43390866093809566,0.38854742513274987,-0.018740533789598723
20240208,0.582952936909438,0.8336276970291815,0.8178817469788866,0.7914922011211025,0.777448582763308,0.6556174750508856
20240219,-1.3865320430615127,0.5882293073288911,0.6793092837467307,0.7555826629599582,0.7930288245659471,1.137576008314289
20240220,-3.2011465307521054,-3.4449834407506357,-3.3503593790930646,-3.2314242794152266,-3.169763317842212,-2.624617664443962
20240221,-0.19083870561234334,-0.303536715314378,-0.30061682179823035,-0.3468403448368209,-0.3438948961373841,-0.2667837232433534
20240222,0.3887009501792147,0.7041852456178088,0.7053911212152455,0.782206078834925,0.7798332601386598,0.6799910870115442
20240223,-0.2389842985253734,-0.17693855567424027,-0.13929658741127157,-1.6969406483116816,-1.6739884066539894,0.13211027593308944
20240226,-0.8791389850184617,-1.2648437529433247,-1.2527727309134475,-1.9885997169989986,-1.977218134686031,-1.1216263741418662
20240227,0.6318779692628915,0.8438988838002592,0.8424311312773978,1.0281100845313205,1.0250890933908012,0.8085266361859316
20240228,0.6048073425056266,0.789815622275249,0.7856780353085207,1.0686613900088746,1.0642366451815675,0.7349826298755974
20240229,-2.553289850767069,-2.9737830550735973,-2.9821037639643855,-2.8747958794899846,-2.8758365189949555,-2.997858318762962
20240301,0.6337335433596168,0.6833868006073689,0.8316890410805493,0.5963183252310075,0.5997342556510626,0.8724156889211162
20240304,-0.778705524711811,-1.5416748114162566,-2.025030737610807,-1.9142787116892646,-1.9156827945952022,-2.043087782966206
20240305,-0.09412208780476257,0.05994259845128794,0.15533783336862053,0.3295831000659689,0.3289346280871617,0.28165105735926543
20240306,0.25551872100742906,0.3481228255379019,0.40864546753362174,0.528816176644563,0.5297701573405986,0.6066160446961972
20240307,-0.04256693606304883,-0.016965519778614185,-0.0009828150857582978,0.08771742160611334,0.087664785579616,0.08412569240707807
20240308,-1.2175956969943997,-0.9338163969633866,-0.7588644335400211,0.7541396979306404,0.7526239081835233,0.6403572135076339
20240311,0.30469144500840345,-0.07594688899740694,-0.3103000708815125,-2.1812204838573575,-2.1811359074703263,-2.183018624496653
20240312,-0.5411285835963543,-2.618887412619644,-2.668478075677602,-2.943489479548896,-2.9469051596140456,-3.215986328192418
20240313,0.0014727087634355575,-0.31193444943522014,-0.316390459512585,-0.3224451577628429,-0.3383937621839591,-0.37963557806673426
20240314,0.02237228927985513,-0.13072598343267058,-0.1281852099811878,-0.07587830743478129,-0.048062270865805785,-0.06922873621068684
20240315,-0.10246942582586618,-0.3931747314856582,-0.36254732214316043,0.03904921216548722,0.5396967515228523,0.4939266292847817
20240318,-0.4085326119184609,-0.47185830410819446,-0.4346187677836204,0.01095764417533237,0.901034809122754,0.8844553456977924
20240319,0.4735837011783912,0.7240719512474796,0.6884977230742788,-0.08669380165312048,-0.925265003544688,-0.9346221810871861
20240320,-0.5751318986750387,-0.026864702952455355,-0.0498180698069709,-0.6161835453757877,-1.4846201262621859,-1.4400523119051778
20240321,-0.4038848445709519,-0.8754636683587464,-0.8376447195647436,0.02160536244553163,1.4117288187832013,1.9815078382789584
20240322,0.6788020323662296,1.4371223758070055,1.4070049706605614,0.21746540046618834,-0.8756210595785634,-1.3427225097898055
20240325,-1.1522410560296135,-0.8134471425372028,-0.8187906667765951,-1.0723508298072433,-1.2847077601012549,-1.4710420541289222
20240326,-0.4012285117676702,-0.683457781298959,-0.6726907254575353,-0.2434836789711276,0.14900634610659239,0.5378422802912153
20240327,0.3413874925408521,0.7379004302062799,0.7329449908248451,0.5427595214908976,0.36530555897918715,0.0317721977765949
20240328,-0.16712822494994023,-0.430880801781231,-0.4284461360100362,-0.3345465287647047,-0.2471623229335873,-0.0831935605593384
20240329,-1.2237542695323504,-0.6423905244230097,-0.6320526126042231,-0.211691442012362,0.16873443826333856,1.4344436791773667
20240401,-0.3568711608126945,1.8529367581316434,1.85820082165002,2.091569465336688,2.2936536352930283,2.9550008221040014
20240402,-0.1116053419568162,-0.4089186641423316,-0.4071690159586529,-0.3400195592528859,-0.27736499861945635,-0.06663267674668083
20240403,-0.13098626465684882,-0.4286719929179693,-0.42793651487627504,-0.401453318775367,-0.3758714616561232,-0.28880896804093015
20240408,-0.0849759433819801,0.03546124489715134,0.033589561787513295,-0.040238482342616594,-0.1081275009467434,-0.3352977500435724
20240409,0.08344740587099658,-0.12355237086869186,-0.12164964992338959,-0.04745106725843051,0.021193833802255202,0.25138673021049035
20240410,0.08076177698363413,0.079832708301699,0.08011943223382954,0.09160606473813925,0.1020826526799836,0.13703720603329403
20240411,-1.0848598018368063,-1.3173226861449754,-1.3185283511873773,-1.369215575712008,-1.414303237142546,-1.563366935491324
20240412,-0.7470789565113236,-1.4975946144316579,-1.4981968945689945,-1.5249817085307298,-1.5481393913132795,-1.623879959048513
20240415,0.032029603175008414,-0.45873864658739066,-0.9319398790394684,-0.916504411604308,-0.9012684716478785,-0.8490475911719744
20240416,0.023310428062237258,-0.5724624115683581,-0.7653010881470895,-0.7827575965559025,-0.7982764823190682,-0.8495720151468895
20240417,0.5801309229399298,-2.0826826296731027,-2.3532983940150247,-2.422220334300992,-2.4846461932441755,-2.6924047102279243
20240418,1.1855238941990542,-0.6033734552945398,-0.9783571632887045,-1.0174780002137191,-1.0523909930579678,-1.1679563302815372
20240419,-0.1155166071169228,-0.583987950456162,-0.4041157831898236,-0.4246977778759228,-0.4439528945074619,-0.5087750985897173
20240422,-0.16992209388075602,0.05367900078712315,0.04214400178642203,0.04920505632948871,0.05569291050716799,0.07739641354559718
20240423,0.5954191372231719,0.36900027678114755,0.2969816298457623,0.2929430503306314,0.2894171881185911,0.2778421496101406
20240424,0.08039487476333809,-0.01768729184806886,0.0019303180916739326,-0.0017081762252900562,-0.005083461161464409,-0.016412877502482895
20240425,1.3424687323023727,0.963009498755274,0.9080399530585439,0.8988282425108426,0.8905289725870384,0.8629616397104802
20240426,-0.5245746905256415,-0.4241517348908914,-0.40290472386596154,-0.4007159152049927,-0.39876316234673603,-0.3923001319613051
20240429,0.5087428170972732,0.5137258245939154,0.4662153428073432,0.46812931572278715,0.46999229015048727,0.47634853110265296
20240430,0.2576132590046213,0.12679166194804614,0.16050938168538387,0.15537563823118739,0.15059907126474537,0.134549413191547
20240506,0.6202080004214967,0.5047634404492845,0.5169785677430225,0.5131002687354206,0.5095229749142784,0.497539585325371
20240507,-1.4401574311911856,-2.3341282419840015,-2.276769917334532,-2.275337250547149,-2.274161272684672,-2.27039428392773
20240508,-0.541831504219816,-0.9401423131424389,-0.9272620176751252,-0.9261786545904989,-0.925217687782623,-0.9220439825161698
20240509,3.5205275943641463,3.403185856378922,3.472409485027698,3.4654327432180607,3.459057779416852,3.4377740476245084
20240510,1.4021412978355285,0.8316178376639292,0.15198127763838265,0.1500485158178383,0.14824506946051297,0.1421792872593901
20240513,0.4017665101317231,0.6008049344074486,0.9060955646987489,1.107380884232739,0.9045240004927564,0.9020623231066085
20240514,-1.6205689275963675,-0.6106868826483849,1.8296418306682294,2.7239052275390074,0.7403187056663482,1.8308601583296118
20240515,2.583743621971318,2.5557285894591875,2.6869295221353897,2.7325909444004832,2.6236640357360534,2.674866611496178
20240516,-2.998516075071383,-2.8667224887087435,-2.7352112943852127,-2.684746403599826,-2.789498270753994,-2.7237450916117982
20240517,-0.44601338963557613,-0.4319465235869832,-0.42214407464269854,-0.41825794665742044,-0.425948185801534,-0.4206641559650094
20240520,-0.920511213861828,-1.0187169350369507,-1.291229358433843,-1.3906642232590596,-1.1687524598263004,-1.2892187802746016
20240521,-0.2291685386215237,-0.314653654749948,-0.39291583138207475,-0.42150038943522616,-0.35779662175028387,-0.3924794099322448
20240522,0.06394681695270249,-0.07345339350213251,0.022415778233017658,0.0576623003191708,-0.02015496551787288,0.02304095612371526
20240523,0.5212532734681173,-0.45605763234515373,-0.19383292488252146,-0.09731585331315729,-0.3100609369699343,-0.19157327985235084
20240524,-0.3037370778090105,-0.39155919930879624,-0.4947069127123916,-0.5224614026644397,-0.46080053756717787,-0.4945893067683222
20240527,-0.9205642173590439,-0.6357084616922242,-0.4165675633731478,-0.47279892520201294,-0.348479308112267,-0.41729209278896784
20240528,-0.15302175592855116,-0.4498108226042791,-0.6773786283709862,-0.6983403695767496,-0.6517017942798882,-0.6771806045988907
20240529,0.28585114868582856,0.057305842814966174,-0.6020079200845739,-0.5774003463281697,-0.5820526723349579,-0.579125790815303
20240530,-0.4286302529174698,-0.07997941168576465,0.8950600952448542,1.1355928549863648,1.113472880055867,1.1252468153170647
20240531,-2.0501431597296875,-0.278937901830279,3.511418709644539,4.498241703984236,4.407621420319837,4.456315101742137
20240603,-0.3012495046996132,-0.7794756975069075,0.11693084812292753,-0.5189767177049616,-0.4608604485596507,-0.4930728289224863
20240604,-0.03976018845820939,-0.09013623408354397,0.40877159008337377,0.33074881374927684,0.33784686088289406,0.3337973850637377
20240605,0.24564682163619617,-0.9610122060496655,-2.2474128160091165,-2.55306545567088,-2.524987868875204,-2.540041875075237
20240606,0.5359082768009479,-0.3992601398720274,-0.40897792346510436,-0.70893836787818,-1.1110618687058862,-1.1261485178772015
20240607,0.013498910413865242,0.03445199315142544,0.07429336380931315,0.07848253664426909,0.08409989820853514,0.08430067408986207
20240611,-0.8838136591226233,0.3560692610749304,0.84865194157782,1.2157022221254783,1.707782589633105,1.7261234518322812
20240612,-0.04976720609680336,0.01286717430476775,0.01511741163813621,0.03510554812905467,0.06190146932773163,0.06290638145718612
20240613,1.0273340716859374,1.2975090393647464,1.8153635212863506,1.8691161139002652,1.9411944795991374,1.9437690396566083
20240614,-0.3691650331029088,-0.8211288749284845,-0.9002735785232223,-1.040486821161767,-1.228457711493093,-1.2354911618765518
20240617,1.9215844181517916,2.3240730711927315,2.866681577086477,2.9613807732101742,3.549318527051708,3.553946662072627
20240618,0.062165028278607926,0.740317357797964,0.6970160111146219,0.9177539942751483,2.287625297251628,2.29874002175456
20240619,-0.6549405322866684,-0.8212781394092881,-0.8974477224332277,-0.9460452196631748,-1.247672680305677,-1.2500982761987136
20240620,-0.1047248146163695,-0.12284861165913487,-0.13166474488296145,-0.1369268032756112,-0.16958678691415463,-0.16984928444516262
20240621,-0.14158649268648688,-0.19416941377812372,-0.189382661081335,-0.20658967217605792,-0.31337353127013967,-0.31424030110088197
20240624,0.07962197306435169,0.09426876069047223,0.09479496926983243,0.09946911130408567,0.12847686544105325,0.1287118599352698
20240625,-0.7706013116139626,-0.8457281059000489,-0.8640793066918786,-0.88705402100112,-1.0296421726046725,-1.030793297376437
20240626,-0.9646897953374064,-0.982036895311734,-1.033550121729397,-1.0339344079122756,-1.0363419279062525,-1.0363483882305515
20240627,0.34279754306082416,1.0048443962410945,1.0242594065926374,1.0379260967884116,1.1227495224140704,1.1234321546747061
20240628,-0.6891105666747417,-2.1405106824398508,-2.1518341576613684,-2.187191563514059,-2.406623070728997,-2.408398844809855
20240701,-0.04775340259634425,-0.7279473046718665,-0.7525513037374122,-0.7491950830077985,-0.7283773441159263,-0.6456818790345047
20240702,0.016717594487672953,-0.06796726422203324,-0.11305564044937919,-0.11322739992998293,-0.11429441000441591,-0.12391696702972736
20240703,0.08133770613581688,0.010365203414863456,0.11661687858702492,0.1123964625681047,0.08620570061466032,-0.31544230254380895
20240704,-0.367597967651178,0.09998975318049609,1.3725796016648135,1.3686836029369405,1.3445133678954015,0.973866224933164
20240705,0.14385107444491985,-0.20351631706954681,-0.9262663987847136,-0.9262655020708932,-0.9262646816480422,-0.926261941287015
20240708,-0.7557945007673857,-0.24299772077191667,1.1260092173356926,1.12875352746288,1.1457903481088807,1.4070714534567104
20240709,0.2386059011792156,0.14856406988016616,0.018891944775794117,0.01751142108764417,0.0089433512607405,-0.1224540371178656
20240710,-0.9010377152553276,-0.383457864122014,0.7282443888997291,0.733206503422468,0.764005975120229,1.236343070340435
20240711,-0.2809488359015912,-0.6932605759786862,-1.8354540945472206,-1.8373241899169819,-1.8489346983043775,-2.0269982502070727
20240712,0.5173128700687184,0.07602712586716584,1.2742435000205476,1.2753483686406903,1.282208014022266,1.5666386428403973
20240715,-0.6939461589009833,-0.832492213278188,-1.5627126006020844,-1.5615473634147015,-1.5543181758790372,-1.2545993855744493
20240716,-0.1540474899837881,0.06220695555475321,-0.35582255580198013,-0.3563372768959139,-0.35953207555979905,-0.49199648208252356
20240717,0.10054872782539534,-0.006360741019226971,0.1796648368803317,0.17995096977108072,0.18172683089956668,0.2553576932564685
20240718,-0.02922270212068758,0.02420276755826753,-0.24366825285605803,-0.24377774899034138,-0.24445744463652921,-0.27263979524245807
20240719,0.1508911502990157,0.0961809508422082,0.1301144677899822,0.13028070165717742,0.13131235005671235,0.1740861645109992
20240722,-0.115755894905263,-0.2243219537239524,0.4704921787704234,0.9883496589467685,0.9895207864110707,1.0380804829015
20240723,0.3916880674721043,0.26005528723634774,0.7810669310074567,1.1438464717206551,1.145715190322408,1.2231972902472086
20240724,-1.2773985423043306,-1.178419416994942,-0.02743535246178741,0.9722010085831905,0.9686419271164923,0.8210821562349888
20240725,0.4194375152604654,0.45714443943064764,1.0463161863758308,1.704679798953974,1.7052473267364516,1.7287809355303598
20240726,-0.4005272175508006,-0.8542209350443717,-0.9461421589719834,-1.4157559049466395,-1.4169199125560166,-1.4651828259371813
20240729,0.013269862748685836,0.27091016206372787,0.19842450368294393,0.3591403646856864,0.3597790634821231,0.637589228832609
20240730,0.2759005087724504,-0.31190587663332964,0.15845372544373942,-0.26045452170114936,-0.2611154745347601,-0.5486013870420698
20240731,-0.0006180644562852333,-0.20702108421328935,-0.10324313617994066,-0.3049477522652833,-0.30518501171437906,-0.4083858201905305
20240801,-0.6401416311747432,-0.2696889679946099,-0.6066076716567965,-0.37861504070745605,-0.37820189986680197,-0.19850560544037213
20240802,0.16077187700533277,0.19519326762948558,0.21229851518831777,0.27654983878270184,0.31358520471107854,0.332058623440703
20240805,0.9212785748443753,1.0387535121591964,1.2880808427605333,1.379841605956794,1.6660890367274896,1.7303678519122083
20240806,1.712526612738485,1.8099718608906146,2.091636995856614,2.222678234411512,2.4713435363268323,2.5271830047246358
20240807,0.6218607133177374,1.0769534365940776,1.3760206112228939,1.242170660062174,2.251091235125914,2.4776514455858134
20240808,1.5950500470251705,1.6207049184660838,1.76039697720537,1.842989417143214,1.9182839716552875,1.9351918516713713
20240809,-1.883763585370833,-1.9928149071963566,-2.1491361311985293,-2.1791862726899938,-2.4336426818430223,-2.490782629256283
20240812,0.4106307590459185,0.48007469831326216,0.5198610199687357,0.49514415004383183,0.6482212196320252,0.682595754123493
20240813,0.28705979602332915,0.24048143709623476,0.24220490065941447,0.27963094728565857,0.1812170802090441,0.15911754327153022
20240814,1.849545234572843,1.9138679524225684,1.98651285929555,1.9898843698198716,2.1370397258036524,2.170084485558068
20240815,0.5616169307265079,0.6051392785497655,0.6265703172430408,0.6085082034632486,0.7039201982061281,0.7253456350545306
20240816,0.38266525255304895,0.40184539489674176,0.4124928098022856,0.4054155718289745,0.44764366053370597,0.45712627548998364
20240819,-0.761123331402025,-0.7903266861271103,-0.8067275467708886,-0.7960907719266772,-0.8604149173306369,-0.8748593574943593
20240820,-0.14218857062869295,-0.1212575963178818,-0.12134351321862935,-0.13765641966947628,-0.09332880986739589,-0.08337472864769391
20240821,0.7376038672077667,0.7789551963351846,0.7907559434641669,0.7673123480685606,0.8566811574229266,0.8767495572791165
20240822,0.736421621333478,0.7399180846298219,0.747773987221231,0.7399415477275104,0.778222103704672,0.7868182730018309
20240823,0.6250848290523291,0.6363846422257078,0.6416877799394757,0.6368067002538174,0.661539603522937,0.6670935516093652
20240826,-1.211529614262281,-2.809649939740466,-2.827342556242347,-2.828776088239332,-2.862944627482758,-2.8706174105749236
20240827,-1.2204332272024043,-1.2051918424383465,-1.1982355641142572,-1.1921610228760438,-1.2221831567852723,-1.2289248390305296
20240828,-0.4624853693964861,-0.6569312123518695,-0.7320410643092246,-0.7300018968734465,-0.7421961550309607,-0.7449344616473789
20240829,-0.2593477807490944,-0.48705221256064035,-0.422833132034552,-0.4210633469840502,-0.4290167042362101,-0.43080268686192474
20240830,-0.20830312585346214,-0.12502930453867636,0.2777860774535644,0.2788456859044006,0.2776290242956816,0.27735581397044295
20240902,-0.9084355796658139,0.15687790626873532,2.0164439825561145,2.0180230824421477,2.023660973043439,2.024926999978424
20240903,0.4460208831459357,0.3859630978073642,-1.3106031516674603,-1.3136523071421236,-1.3106585363506844,-1.3099862628705512
20240904,-1.292946893098618,1.4462488368716453,3.2876381915293074,3.287016697240852,3.2995110067633697,3.3023166913672224
20240905,0.26404077899375156,-1.3364185910859796,-2.157477543009963,-2.1568075450622115,-2.164367235334394,-2.1660648167992416
20240906,0.033861030290528796,-0.6185898260086495,1.300225219213094,1.301824584061025,1.3003270254866275,1.299990737545897
20240909,0.14796793819643095,0.9885546368076858,1.991004831579992,1.9909853564602247,1.9945323302675326,1.9953288279771395
20240910,-0.23258217644311296,-1.889236449027086,-1.9517893613163633,-1.950699475915584,-1.9564331354286442,-1.9577206691431466
20240911,-0.5071830401747673,-0.3351600304120231,-0.9647223033269483,-0.9651972584535047,-0.9650343171993105,-0.9649977273905148
20240912,0.04583193272646441,-0.8117373782340918,-2.056716252842776,-2.056290943446851,-2.059424968099193,-2.0601287353794957
20240913,-0.09940155826724109,-0.030103536653942886,0.003167357113328828,0.003102180170621624,0.046719678353190144,0.04676827879739917
20240918,0.3256437221707831,-0.7936344151957991,-1.999973753991067,-1.9998230576661178,-3.071484057203078,-3.072021248431598
20240919,1.161948578937384,0.3036499434322143,-0.6086542079626023,-0.7886488527505335,-1.914569880132125,-1.9151342703871128
20240920,0.7803492910914763,0.05726974568989163,-0.7341855503597303,-1.3897553277448127,-2.598043203978159,-2.5982452406655243
20240923,0.06082942711536082,0.0642028347406287,0.07063683650047616,0.13408313118568196,0.1484714291824553,0.23499463665535172
20240924,0.9039667118931431,0.6183339281655591,0.30699357914492276,0.076716085416797,-0.3964276736947694,-1.0936981991991488
20240925,1.0938391652674593,0.8860415112932888,0.6685194234122948,0.6987423471200701,0.38318789329194,0.47400918589601215
20240926,0.6663719120303422,0.5541845638661151,0.42996514812720243,0.2968990535827514,0.10488699759261853,-0.29788227596350286
20240927,1.5316693084785342,1.3425804234223762,1.1343277684298159,0.9346292172377547,0.6145600398919447,0.010046729463906362
20240930,-0.6622091384467566,-0.5998230306823568,-0.5343991847007615,-0.5408689541725036,-0.44575417957480384,-0.4651455970387366
20241008,-0.9582890015629353,-0.8888854639517412,-0.8094553320703611,-0.6702391253267156,-0.5432076215353949,-0.12195838244409885
20241009,2.0805553043519955,1.9523666499952186,1.8188277547922134,1.8517602268501134,1.6591678984074563,1.7584088381481964
20241010,-4.898988886798205,-4.655450794098397,-4.397116231658373,-4.357658960345965,-3.9769791260918934,-3.8569548289460855
20241011,1.256208664118238,1.6778747917521841,1.5985650608434592,1.5852503237069946,1.4682857437658487,1.4278049829320645
20241014,0.3786768921452929,0.3731905094962679,0.35680694995418205,0.36287355613291894,0.3394040561696213,0.3577075960950117
20241015,-0.48771471921608883,-1.0316606012114917,-0.9995870177999722,-0.9847165101117061,-0.9366697376648574,-0.8916103945044073
20241016,0.19856347217814574,0.7104471217303916,0.6917926059079764,0.6852719947839294,0.6574944161353296,0.6377239148288818
20241017,-0.3405397541198239,-2.2365388469195437,-2.1903886497108456,-2.169099524638795,-2.0999742165922113,-2.035465103634637
20241018,-0.539480192468125,0.2700849442958939,0.6147371717410168,0.6004062285364469,0.5904160255687901,0.19634112495700934
20241021,0.13346740944614424,-0.4568786775800191,-0.8646715553227908,-0.8602104803861234,-0.841218342950324,-0.7183465885957744
20241022,-0.5011608669459856,0.057415333273595645,0.7999532178514198,0.7922514364828164,0.7810852374778884,0.5692271314665047
20241023,-0.10875051632670187,0.07699208051694399,0.49774543943171234,0.4977492838907234,0.48902259404820897,0.4890182196214134
20241024,-0.5205315066451872,-0.224798334386061,1.809635582063061,1.8062320346867893,1.7829885333899644,1.6891339523716535
20241025,-0.032299791485270776,-0.0005908218937071136,-0.963866832832402,-0.9602970701074982,-0.9520005148818107,-0.8537652778111392
20241028,-0.01953858722401923,-0.3479349259729503,-0.7699462231785452,-0.7709307208778239,-0.7625074445353729,-0.7894644575304048
20241029,-0.41553319281326595,0.40191146476499223,-1.3064514551104982,-1.302851017906969,-1.2960917335096833,-1.1970326609078454
20241030,0.09467891424479326,-0.21348848359545716,0.13902700218743252,0.31026177952567396,0.30954012894600963,0.27620281247438494
20241031,-0.15351030783851477,0.07070777391152228,0.07055160402981892,0.13147928122433888,0.12995425560425716,0.14971273119339573
20241101,-0.6576776357766976,-0.8312155565690154,0.898317438139729,1.5905714115862222,1.5848640892146182,1.554462243427467
20241104,0.35391173141949295,0.3051300664727298,-1.16278905118387,-1.5701779763766779,-1.5646341345776076,-1.561332754883187
20241105,0.3026171625966546,0.5930601276033167,-0.33175384823486986,-1.0602977172297643,-1.0579680712668456,-1.0417622718088064
20241106,0.5248223772694534,1.1462176903060879,0.13851043112683087,-1.335683667070705,-1.3408282413200132,-1.3097590131339427
20241107,-1.9829272307955654,-3.1148008008488617,-0.9611490846428554,1.9816696880329232,2.367475941703286,3.673640208884387
20241108,0.42277894661701604,0.44815165852690464,0.1556304583544997,-0.3746752677180988,-0.6600728050221725,-0.7098326191436299
20241111,-2.047582183857485,-1.9909221571453795,-1.1569603808983082,0.4366504891043389,2.751563651771045,2.7651473682582046
20241112,-0.08536761924087696,0.1858987665533724,-0.3073592148878285,-1.0567986783947896,-1.2045201094925655,-1.515637963098239
20241113,0.0036546017639821956,0.003293833826519776,-0.0009846183350761151,-0.00920468861462181,-0.021361713179379817,-0.0213617046829285
20241114,-0.02733778974113645,-0.025672600174392816,-0.2746927532048625,-0.778143603889077,-1.4431905238837928,-1.4657270638797866
20241115,0.2704033319867565,0.3509617434057967,0.20564595807119268,-0.21537334353915727,-0.7096774771163723,-0.8019727191612134
20241118,0.20260565482369652,0.1964091572936327,0.12292308633538171,-0.2182131440303359,-0.6717573017493067,-0.6717571558154969
20241119,0.02233021061812729,0.06762437148093592,0.06154250587878557,0.15845521887265024,0.5330746864629469,0.13436509263520457
20241120,-0.9712616936312352,-0.980245115654287,-0.8433858254561004,-0.2641303524570655,1.4693602215429271,1.6480005334564796
20241121,-0.5387011070356651,-0.5565175415641648,-0.46973749595523784,-0.13555459916156581,0.7642254467443619,0.9829938284206963
20241122,0.8849888010217858,0.9226287699852801,0.7747910560829346,0.22539118253997564,-1.187566770369884,-2.0244750862319085
20241125,-0.9135002811574471,-0.6147455123526824,-0.5281917539617043,-0.2187574690812013,0.5348944680535286,1.0995836848017042
20241126,0.3347621955521992,0.4700188388235562,0.4675367786517144,0.4893851073452612,0.6527712855594081,0.44875400444845287
20241127,-0.32116260851308576,-0.35305647023422343,-0.34355424102309867,-0.3234020313692732,-0.3238757649964349,-0.17739809686980165
20241128,0.2891828205397967,0.4487291394951485,0.47882239032098695,0.6101408418178733,1.0150890591009885,1.0663224391694577
20241129,0.8720538689089894,0.6452985315929248,0.7128435405691649,0.9853057213309082,1.7600264142626134,2.0112657438757497
20241202,-0.5356499419981943,-0.281134690345765,-0.31068596072103244,-0.16623648603966934,-0.71262785186629,-0.8714836761007339
20241203,-0.17014153686967018,0.3534408955731372,0.34193884442175737,0.5035823447498396,0.2537880246018875,-0.1033118735324702
20241204,-0.341250554509028,-0.019964614875861153,-0.032858721544304414,0.056316844190193616,-0.19129863781875595,-0.438787085059132
20241205,-0.8838338871276293,-1.0807197406409825,-1.0888149729834824,-1.1709100611982537,-1.2777407948935278,-1.2038168054823395
20241206,0.3766554094504431,0.7248414307953828,0.724473750591089,0.7955058905581642,0.7643251591975242,0.6435322734662374
20241209,1.0171701342099186,1.7963750680416353,1.7893082978377968,1.9579400107726923,1.7800561687318517,1.4455428881695576
20241210,-0.16392070913542184,-0.21485122356166608,-0.21358391350426664,-0.2323569787048333,-0.2044951998182054,-0.16355032717273077
20241211,0.2618739232989616,1.345680414123221,1.350008869558872,1.3852103336803063,1.4453936750972791,1.420304868473662
20241212,0.3602664650930877,1.1659192378028973,1.1695602747950258,1.1905874983150884,1.2442358408581637,1.2373859778637604
20241213,1.0205591967718486,0.7687020552153967,0.7630606847338454,0.8111465056139215,0.6996166818719163,0.576274486491339
20241216,0.3916291304103915,-0.06262962111345871,-0.06747623313836093,-0.045422786651699854,-0.13445814129195033,-0.20844329251030969
20241217,0.41845086680504934,0.2909079301242804,0.28973431677080635,0.3003279102366585,0.2769178199955127,0.25027836904224776
20241218,1.9928617012161358,0.18693030730005322,0.18136651833273598,0.21005417608775012,0.10665670864711752,0.016125853152535008
20241219,0.5878332458230945,0.5424641994989519,0.5417554483674778,0.5509030474996984,0.5357970795470028,0.4825284308477666
20241220,-0.5878604778642056,-0.766284570869068,-0.7659671029826688,-0.775976048238697,-0.7671278414532323,-0.8121558054497074
20241223,-1.3652984947273832,-0.7920987131719079,-0.7905804897149177,-0.7960170991352283,-0.7686446666790109,-0.4895436392125002
20241224,0.04451095238943961,0.0715036865350497,0.07150139648938614,0.092714649330782,0.09238155740365275,0.10161633845670279
20241225,-0.6672774448241963,-0.41465437630905916,-0.4141611410379832,0.05598308120664747,0.06418016678817079,0.17787013735805485
20241226,0.3424529967787668,0.3551541478625836,0.31483610371045356,0.25604384334978647,0.25284599847233713,0.23493025299457632
20241227,-0.8043304116142551,-0.5661896380803411,-0.9615480447376222,-1.2300491633230237,-1.2279134383537333,-1.2812377359421605
20241230,0.533872159525963,0.8219682704809683,1.075947728918385,1.4534208526379842,1.4498866752466881,1.480808645122031
20241231,-0.7109209893818945,-0.9461970446734873,-1.012288095059355,-1.1786018041551767,-1.1748216244428102,-1.1784577738761841
20250102,-0.07796420160014828,-1.2767695953372051,-0.998360435406608,0.022857415742297715,0.02738540769085207,0.07423635112078408
20250103,0.20712062484839588,2.1511511453704837,2.112283415072729,1.9745730171026183,1.9684802830761718,1.9535202554747473
20250106,-0.2341833603303065,1.0941159960043323,0.8726198916751378,0.06057824600368489,0.056507795196005906,0.018512527946796253
20250107,-0.5539168833462124,-1.2038781597346897,-1.2447713762843953,-1.3971964169405817,-1.4865035145288026,-1.4891794242293623
20250108,-0.1515680473763531,-0.22929552492779864,-0.2567710326649578,-0.3581790411632215,-0.49460909340023657,-0.49814687560122556
20250109,0.028835525891609676,0.25371220782767423,0.11854290359574898,-0.37864846421374837,-1.051321349127944,-1.5247014353524806
20250110,-0.4954146047765717,-1.3506074353426876,-1.3112799928422822,-1.167769198365674,-0.971050875645601,-0.8315255780643153
20250113,-0.5835564912502174,-0.5827480361333874,-0.3358769453571736,-0.0010237765194518467,0.4518911021634463,0.7705683902915552
20250114,0.24364106696526155,-0.15209977144122566,-1.0557507201620324,-1.1519024810553842,-1.44885896200527,-1.5384225767213826
20250115,1.2262729282497424,2.8022539196250333,2.7188392991555492,2.174768804118087,0.30838429073675544,-1.6256298558618063
20250116,0.060155770168716344,0.012970752917079081,-0.0519270216647567,-0.15007211517553215,-0.14999953135345254,-0.14988715784524015
20250117,0.11503485512085876,-0.31762715768092636,-0.6144258208445256,-1.3966476352658939,-1.1489888816063805,-0.8921797833110964
20250120,0.7443711046328169,0.8980007000380894,0.7883645166981084,0.4692221078992842,0.07640266396078355,-0.19917020988176992
20250121,-0.534875145531204,-0.634461610031282,-0.5857300755869214,-0.44086138237883243,-0.17132884934318593,-0.011850283959956465
20250122,-0.026467421149831583,0.26054592375746854,0.41678130193371843,0.8228362800885632,1.5817397433702443,1.3765227214977436
20250123,-2.4159449506283295,-2.209620561142824,-1.8347635728206406,0.15815405615321093,2.264612232881543,2.3422235466592234
20250124,0.15416801348365994,-0.17068203673810123,-0.42201589591949074,-1.7892010716856486,-3.0910879301001173,-2.922703775771266
20250127,0.5363652467466697,0.9994851879082649,0.8381363648044327,-0.5082815141096758,-1.410367759614588,-1.4346104025851378
20250205,-0.6070614732887671,-1.7630936527238037,-1.693232895640253,-1.1611104223497868,-0.7064809820777833,-0.3565400364569171
20250206,-0.7815946582950554,-0.8409124519467184,-0.6037719985480416,0.36918704028300936,1.5128650568589568,1.9084087619945898
20250207,0.27341659130903556,0.9802316415231342,1.5216739085240523,0.31056394108760155,-0.6065775962947663,-0.964889864893576
20250210,0.22637459105399396,-0.561732620669959,-0.7341522017682887,-0.7213426236825691,-0.6813540730185803,-0.6399174841425923
20250211,0.9139189446527506,0.5405902244862799,0.47100343959036317,-0.3172952451114931,-1.7213067427979651,-1.9060405717365536
20250212,0.6940478409533477,0.164454935313059,-0.12041232583438832,-0.623639280390222,-1.001283335187175,-1.031534642586986
20250213,-0.8884672851006759,-0.8276148542924465,-0.8819885957090432,-0.36627088704704397,0.4323761892451796,0.5443206219915677
20250214,1.364906162168154,0.8120361096315493,0.5152004246343542,-0.013048220970258761,-0.8512479993139657,-0.7003307878328862
20250217,0.9146584927282532,0.9049090314088928,0.9571913566877517,0.6455249699152517,0.0968431921510824,-0.23582339500417904
20250218,0.5167157285680944,0.6164083130166388,0.7174035390855085,0.5631171223797973,0.27361580789409445,-0.03035336268865813
20250219,0.29469851701717575,0.2002786360829814,0.14117244375814134,0.09517821950936566,0.030115741525314828,0.10493343030561919
20250220,-0.12444152608851466,-0.0774915500269649,-0.046123424487558344,-0.03364955243871332,-0.01965608861180629,-0.06838947975938447
20250221,0.16283341324324097,0.08692062852065657,0.03292939395885808,0.029963432021504838,0.037714944146458984,0.1355904638320021
20250224,-0.6701891619637227,-0.5895063714477442,-0.5403248931092952,-0.4940551027015894,-0.4261555656689608,-0.48236093546958436
20250225,-0.562779413149668,-0.5541251399396092,-0.556301234543018,-0.5121678676213793,-0.43571660377192545,-0.39830279818224157
20250226,0.12814828297850067,0.4359053176571046,0.38958797517950794,0.38039518298457187,0.37560614533616965,0.4545421523165144
20250227,-0.5625114890707623,-0.9048522858857544,-0.9150885144158166,-0.865834047530464,-0.7786527268456599,-0.7224194567929579
20250228,-2.049231872826634,-3.954442524671959,-3.9283995355147567,-3.785111997934635,-3.5447807185015616,-3.4847035895623
20250303,0.034814011486470384,0.21781424399696947,0.23201576397825105,0.21941393678309726,0.197002076995224,0.17065036947687265
20250304,-0.06374713673307528,-0.06468710510211834,-0.3266965528507334,-0.32481058513795996,-0.3236407084060315,-0.06765085063607457
20250305,0.3967958672513794,-0.07295646757179464,-0.5910046358924474,-0.5570274496690196,-0.9457818619602512,0.04524333492018152
20250306,-0.2716605633038627,-0.13141130887368555,0.376336221780768,0.18502414680052684,0.2754575547982293,-0.16546379020677
20250307,-0.33307893596659516,-0.2090933163540602,0.005367879441912082,-0.056047389220500954,0.05243432935895552,-0.24057431902626453
20250310,-0.8301687329857845,-0.6257359325004386,-0.09357258944244595,-0.2027664847266205,-0.02599794748506523,-0.6775417589916772
20250311,-0.7041851766440925,-0.592823993674005,1.3141947538209868,0.9742668724019146,0.9345221087672969,-0.18443292549922613
20250312,0.1486473525795979,0.3514199138467232,-0.1666419169396063,-0.20724623614392698,-0.39645026403112993,-0.030728464267014297
20250313,0.052749074674202395,-1.0707253853896581,0.706378744178579,0.7154090580753114,1.023724464472591,0.46759226254496755
20250314,0.30398786249741505,-0.44257475955121095,1.1222828284153494,1.029471843052102,1.2497422470292223,0.6402713592350296
20250317,-0.3398430558533504,0.28109255327698696,-0.17590241292280595,-0.3485926640669553,-0.5771243797455033,-0.4504912514757824
20250318,0.8229120214857093,2.0065797396248297,4.5455806954569296,3.72940715971355,2.586940322424989,1.2951511193923173
20250319,0.33314836969874284,-1.0083430199778127,-0.9643170714489531,-0.5585219071130478,0.2583186377238868,0.37504097693474336
20250320,0.13141266906099508,-0.812851320671607,-0.9532858899170377,-0.7250576426784265,-0.012116499494394944,0.11998665619941667
20250321,-0.945211671326658,-0.13225998265778316,-0.27537977815729675,-0.6399376167931854,-1.1551909130637061,-1.03725993200163
20250324,-0.5705776377244813,0.37835722672704053,0.5466595003307582,0.18092347612587634,-0.5726081144842919,-0.594267490978135
20250325,-0.5540618019958573,-0.16784004321391063,-0.259620422294773,-0.37816955404109576,-0.6526061657080603,-0.5939533610587974
20250326,1.1768842731822737,0.3897457044788001,0.5623512873663501,0.8066919707059983,1.3689143951053264,1.2554585682731958
20250327,-0.6880383548366226,-0.285014699229683,0.08322735803682169,-0.19149627416613457,-0.787813937658697,-1.1268650488134713
20250328,0.1517183272577211,0.2162480316358409,0.20818378963327075,0.239187809004211,0.3144873421195895,0.34063779364138297
20250331,0.27578093777293916,0.34347836964067124,0.561421498212696,0.44141257686724955,0.19455742660005904,0.025803893104859962
20250401,-0.4910434981935885,0.857241227289327,0.808075292448958,0.9142279641374295,1.1668914839325892,1.264221951483409
20250402,-0.6449634123739607,-0.09528034144258102,-0.2783889875401726,-0.14490215889816116,0.14384655369076127,0.3101021147000643
20250403,1.1752672632595496,1.9837417684216776,2.530059989136129,3.413485069441726,2.9091187134240304,1.3822167467265594
20250407,1.9029232788535282,1.0685458869999556,1.9863997753657938,4.066495758253684,2.8993013197772757,-0.48650213400667885
20250408,1.8679057549852462,1.3872622895545845,1.8958292007135364,2.9585857043467465,2.360055283359314,0.607675293159625
20250409,2.121310326711619,1.978613257763157,2.200070174076357,3.0676692285539287,2.577967403335573,1.136268293608385
20250410,-2.2447961089866864,-1.5423727478074034,-1.3793866282441922,-1.5003927070225853,-1.1164242412557506,-0.0047406217747929524
20250411,0.27753497875285116,-0.17958031070861966,-0.3174384023752175,-0.44775618782500404,-0.46713771511255947,-0.516038249009251
20250414,0.08313930242399989,-0.34762884116079595,-0.7199094142178337,-0.9043782510244588,-0.8830827219770507,-0.8120276215969637
20250415,1.1372692417692338,0.8908683488233151,0.5379395092394523,0.6000834182717668,0.5047004199966814,0.22684654053523268
20250416,0.5634479019780592,0.4489896975928369,0.2842690177068982,0.2998335262799376,0.16085522097250138,0.057056817434642415
20250417,-1.3401248844512788,-0.8795299721122803,-0.2067580092025042,-0.09989282110562159,0.8251292726140292,0.9208383531003103
20250418,-0.2558577907100743,-0.13434326013131123,0.19470028773262088,0.24113064696060202,0.46076594268295606,0.45137178833731745
20250421,-0.7359497255788475,-0.9116731020980345,0.4568212652093493,0.5536058213716775,1.163536205416059,1.186494278165625
20250422,0.6635928026855484,1.0576192304733203,0.5234727988362258,0.5413015951683751,0.25656416235141644,0.14973052792888564
20250423,-1.0284506773982718,-1.4988223213956342,-1.409309180554696,-1.4887615030846786,-1.3768657452960664,-1.2243749799300347
20250424,-0.22380888518592168,-0.1522022262046418,-0.7326728248309714,-0.7807327397300022,-1.0335640377505584,-1.0309687626393667
20250425,0.2605116082053757,-0.04140801602480333,0.2968351620660979,0.585033978436377,0.7323600651765119,0.7308477851338927
20250428,0.029475963303367006,0.2957614909506555,0.3296853039307577,0.36402246428584856,0.3707302161760059,0.3536590307165091
20250429,-0.7263130480137032,0.4851801800253015,0.17903716509517953,-0.06954993967877898,-0.22110390206936126,-0.25792163208963736
20250430,-0.3439800680156604,0.5619101197725026,0.25669264921157625,-0.4253424212622028,-0.5705780094349381,-0.5949952406936382
20250506,0.011112024999967168,0.02563588890315988,0.041849611446645923,0.07777537048746896,0.08427468712351643,0.08302202111832961
20250507,-0.29107293357538055,-0.9334691069011533,-1.0380463712446426,-1.267091353981343,-1.2983616833957552,-1.2679488548466755
20250508,0.41150375322398103,0.5855307932090572,0.3905667883736912,-0.04312590519539396,-0.12804493903873126,-0.12717325797422124
20250509,-0.25425469294717484,-0.5756367344660647,-0.6472194890979152,-0.48168968361887604,-0.4463814029476493,-0.44032380979618624
20250512,0.0020881031100562497,-1.2938534460466617,-2.8147449061520255,-2.588684350483013,-2.530727187853577,-2.500973790679987
20250513,0.8465219558345498,0.6042810869302395,0.13736383580543854,-0.28338529381840155,-0.3078405736949418,-0.3000523315156226
20250514,-0.5109109501416198,-0.8952151179499814,-1.2313254294361775,-1.337372950405491,-1.6873551745616884,-1.6799328857779277
20250515,0.05396490473121085,0.34492262640983357,0.4080829888306194,0.4128061132494219,0.4833976911285227,0.5808952689000263
20250516,-0.03743623301293576,0.6105690209244199,0.6385135075306099,0.607894064483957,0.6495049298366614,0.7984041568127758
20250519,0.016089486887255415,0.048105335844455824,0.046361387089794405,0.042482015441195814,0.041722416542705844,0.041730213710743085
20250520,0.08236878072196455,0.128783513362414,0.11777228364911392,0.10572321898537915,0.09697832105263068,0.045733454233048185
20250521,0.13044761503783386,-0.06384285082864832,-0.11570164010980671,-0.13945291742007448,-0.1911074723197907,-0.7245312652715208
20250522,-0.024552117368436724,0.14050220480247583,0.14756638967986518,0.1466803848371065,0.15502445840275134,0.25169630350815836
20250523,0.08937497977176392,0.45633469990978726,0.4655544787403654,0.4588796060928729,0.4715208345174491,0.6298394149354967
20250526,-0.2442200200226387,-0.2572327205158266,-0.23834244226338536,-0.22416480744180364,-0.20710228167631842,-0.0449863020820914
20250527,-0.3877264857460577,-0.6459854058106949,-0.6115019894135092,-0.5850060702969437,-0.5540543533122388,-0.04409226110691508
20250528,0.9847265528001585,1.3909525615128981,1.3810840871242474,1.3591319055272109,1.354833566911836,1.3548776887089211
20250529,0.28778994252829937,0.2804321159676843,0.2823310079449878,0.28041842644046483,0.2831926488309653,0.41663826882467997
20250530,0.61059526582871,0.20329088523338096,0.21520894965090764,0.21910951082600016,0.2314749571714822,0.9007519407983476
20250603,0.9110031992086044,0.8567551261916092,0.8571185721777481,0.851739540567168,0.9159410282974879,1.099102817502221
20250604,-0.4955477089554649,-0.5037649777276308,-0.4816659008854817,-0.478952764567237,-0.5178772629565708,-0.5678894876189488
20250605,0.6782189522179144,0.5532418013713666,0.3979353442513843,0.3972657429440122,0.5262138457572261,0.7765106375033028
20250606,-1.037488241395632,-0.18309670708622094,1.0778668188442408,1.0666719781000729,0.45630398435026265,-1.2586427006381604
20250609,-0.5036540115286369,0.32496802641404293,1.5253000439672444,1.5138261574318612,0.9324702309430553,-0.700511946454794
20250610,0.557512512365689,0.7121847230129447,0.8914958438296385,0.8881330864639148,0.8006085751559844,0.5556654648842092
20250611,1.8453806231472771,1.9990087549451743,2.1148817925516004,2.109843648672248,2.052104503380176,1.8920802758809119
20250612,0.7010957120989101,0.6606214647381716,0.5638905085152173,0.5634112580451284,0.6096828198905753,0.7404275736373702
20250613,-0.912484516049294,-0.9973333957350079,-1.0953549662513236,-1.0935008765704495,-1.0456485301316705,-0.91173921278268
20250616,0.23193136071584508,0.3072432303710577,0.42026635921159095,0.4193306875458802,0.36464986380266506,0.21097627637341063
20250617,-1.1577301765396042,-1.182881045453371,-1.1956596669079356,-1.1946659101980304,-1.188117954759707,-1.170204349491095
20250618,0.7631889910051958,0.7920036641074792,0.8241812313108124,0.8235212775856527,0.807791646969019,0.7638020556181203
20250619,0.7640515733551054,0.7552583895106064,0.7286019782768944,0.7283439194932038,0.7410432207930376,0.7769964349722904
20250620,-3.468413864837159,-3.521013948178397,-3.5637540264597005,-3.5621127254895986,-3.540904853673177,-3.4820112212691376
20250623,-0.3154827423689649,-0.581981082361567,-0.6174748137190439,-0.6171229269303857,-0.5999270838500435,-0.5516322677975303
20250624,0.7838002926405568,3.166882267894718,3.307520172761733,3.3060445613678744,3.237875458403906,3.0464660636554033
20250625,-0.16213249645505973,-1.4476083739611973,-1.4198888752226009,-1.4196421469837484,-1.432856813848666,-1.470257006271249
20250626,0.6290474975203401,0.3788101314112664,-0.002071242346868285,-0.0022372500975702536,-0.025463381614839742,-0.09086575234248384
20250627,0.41444927147030297,0.6772449323694034,0.6769595147854249,0.6503527187354654,0.6402513335462696,0.611868349313407
20250630,-0.047954439801561194,-0.46656804593181056,-0.6048139992177853,-0.7667354737807774,-0.961706483701043,-0.9501292036251374
20250701,-0.46299892874218707,0.07129612647158154,0.2989019276675827,0.5809221100809737,1.354479168846144,1.352107911469626
20250702,0.6309027707153729,1.0030786999115548,1.0724506159029625,1.2583101978139943,1.429211819035874,1.405935923579271
20250703,-0.26239321008717975,-0.3422236732068983,-0.3516282333838451,-0.38200848300208906,-0.3960736761731396,-0.3897532818025147
20250704,-0.022977157034163455,-0.054658656111289054,-0.06339566572215258,-0.14051055904804993,-0.16674266241618838,-0.16544798801763427
20250707,-0.7354890121677018,-0.6743548412517816,-0.6297137655019018,0.0485245493192803,0.2137746915786211,0.21801344430465602
20250708,0.31150113339610935,0.3050850204468526,0.32655825615304807,0.68119678808092,0.7423336467910872,0.7379923486877733
20250709,1.0135919419928638,1.7245566060951978,1.6607852812096093,-0.10677929544614573,-0.34378506444634793,-0.3501671464320941
20250710,0.9816048748980513,1.44974732527236,1.4074629113468689,0.23894185133010332,-0.3025074515476541,-0.3065555642068428
20250711,0.475005526794796,0.5620453592125931,0.5563436246579528,0.3733001803784411,0.2880423550676036,0.21105543420928308
20250714,-0.044873201050434464,0.022679656745953736,0.013999123602750324,-0.19546799941159235,-0.29199924131256094,-0.4826376384797313
20250715,-0.8951371497284049,-1.045462943586587,-1.0324151990064598,-0.6655892141192851,-0.4955070892287813,-0.1587441680028015
20250716,3.0899802078839986,3.2128795027563775,3.213543747553997,3.093134454741428,3.0349322812440187,2.827697544822793
20250717,5.901188939941961,6.139336817502525,6.13464760470201,5.806659343162277,5.651237472428027,5.095476704960742
20250718,0.3086339259600761,0.3063000244992086,0.3078307084138572,0.3345631580728128,0.3466797278421469,0.39043284165941716
20250721,-1.0362683087383604,-1.0102442310817343,-1.017472813100678,-1.159698297463484,-1.2246015022185546,-1.458612692679275
20250722,0.053146160146099075,0.011208399837699834,0.01740996722719257,0.16032120851149245,0.2260467733218225,0.46261360930427914
20250723,-0.28129616137110547,-0.2611462339026439,-0.2648797879830513,-0.34548601566459114,-0.382444138830088,-0.5155581319827383
20250724,1.1063530870857723,1.172506227803966,1.1648654618871417,0.9733594363658502,0.8849636869597816,0.5670559228432746
20250725,0.6242649568730598,0.6432890186781296,0.641494094466347,0.5927951955343125,0.5702456167966724,0.4892044267497635
20250728,-2.9568982232778156,-3.0121814663518602,-3.0081147758321567,-2.884802344467754,-2.82747418912344,-2.6216236184790818
20250729,-0.4118445910371422,-1.1067436854502317,-1.1104542426286765,-1.1824221123801073,-1.2152386113650198,-1.3335802154011087
20250730,-4.300905121682428,-5.037623521329744,-5.760948928386803,-5.5929337279781794,-5.51487204507921,-5.234534194569672
20250731,-0.7116760825341858,-1.0661981944065375,-1.6163868217787511,-1.5921211132332467,-1.997413408799595,-1.9564984838383714
20250801,-1.2592748323415637,-1.4750787021388498,-2.456219032401605,-3.311171701920725,-3.4736181815376748,-3.545309797578891
20250804,-0.17447809792223623,-0.13862490069883263,-0.25451991574580135,-0.43122778324621186,-0.3678735247462642,-0.2678130404492006
20250805,-0.042931419574332726,-0.015076210774757046,0.032164845937836944,0.05177345869635255,0.08309460021179596,0.11744404094229655
20250806,-0.06918804326787165,-0.02882249578186296,-0.055392871524026416,-0.13558333529659444,-0.07780447876658969,0.002006919796172027
20250807,0.6168177646260045,0.5858252434994293,0.30506153358793003,0.022437711576079187,0.01734416396217006,0.05125211529815597
20250808,0.4340437150382037,0.39668018523682846,0.29942887095195136,0.23440095327216898,0.1968066197473425,0.16144173182917854
20250811,-0.5727518470366784,-0.5083116316907118,-0.43871643905272223,-0.4387172190573815,-0.36108344475738996,-0.2690742419969008
20250812,-1.276822140329029,-1.5785249475381695,-1.3901002420304656,-1.2628611680050024,-1.1913817473228372,-0.7515657052417017
20250813,-1.551681037318042,-2.459224755225354,-2.2390651879830434,-2.0942282925270037,-1.4670817079523142,-0.9290173771884669
20250814,-0.016441052318990203,-0.1643443086028792,-0.14827676549672184,-0.14348190626514504,-0.05800509468290535,0.017697324796508145
20250815,-0.12880731550003466,-0.10091057816660085,-0.10514670989632913,-0.09534209381089309,-0.19397538791349017,-0.283758941251092
20250818,0.028118371260357558,-0.23671278050548983,-0.22329619141302748,-0.21047260054552214,-0.19973477669556206,-0.19216040815551041
20250819,-0.22313964910784068,0.2617248549207063,0.24202940622620792,0.22762326604328276,0.18148102066994762,0.14248687367140012
20250820,-0.1409293170855928,-0.6972093821857371,-0.4857127047832718,-0.6756174109990931,-0.7458834703333886,-0.8112893410378816
20250821,-0.011079567589838774,-0.3938507872215373,-0.33019982115523855,-0.41362695263451943,-0.5606593277988638,-0.44062499837305974
20250822,-0.35195304401615546,0.17249989673454297,0.5775250718213825,0.5646498204331073,0.3328227476799234,0.15118845694462116
20250825,0.5204136603384797,0.7335389564998395,-1.0796523806955203,-0.8422929867279931,0.45481053279241795,0.6721585419043905
20250826,-1.4593512895985252,-0.48337186242669444,1.9065989475175014,1.838812356325553,0.42812645494187673,0.03751382379297258
20250827,-0.3017024018997003,-0.22738091637563293,0.510473680922457,0.33992659506756895,-0.07924722953275964,-0.15885957767402434
20250828,-0.09526878991102916,0.09362789549135234,0.6526125665159547,0.6195940823970119,0.29291020960654324,0.20845988607451155
20250829,-0.37969366339552046,2.069561479715318,-1.518564680393786,-0.7616944861696965,2.1242989294849335,2.1894324261820617
20250901,-0.28047931681699806,-2.851149740185719,0.6855052401088717,-0.08669006308054368,-2.9635934087814855,-3.007142545320191
20250902,0.13267728326507447,0.4004222469083817,0.26405293181885187,0.3220294229638909,0.4677603288179947,0.5360389888888222
20250903,0.9515048575243829,0.48889198534017986,1.797990409536726,1.658329730061841,0.906504901141048,0.37658668367617587
20250904,0.6136270087154649,0.9594698815695132,0.9800200671224398,1.0166372154397603,1.011009273740096,1.097369941622599
20250905,0.3414794869430131,0.29846299538397697,0.4848122235149743,0.46744152859769095,0.3608190984386488,0.2915087493667722
20250908,0.7157144011738661,-0.08165307720118378,0.8954237607244422,0.7414962752156901,0.17244898731031985,-0.3442873872384298
20250909,0.7042070513209304,0.4472297511866896,0.8552001060337717,0.799277330670475,0.5630044772703109,0.36761207398774703
20250910,-0.7787534727980628,-0.7239643410233946,-0.9166605115036868,-0.8975652878455047,-0.7871311308381862,-0.7126963192994338
20250911,-0.6124941947166472,-0.725849080561665,-0.7043569759059826,-0.7182738603367786,-0.7324661884394639,-0.7695239094958458
20250912,0.38651285330048096,0.4873395221302963,0.43505992553744804,0.44968860537840427,0.48115311799589705,0.5243970341342582
20250915,-0.6605259533726617,-0.6082491899491164,-0.7105391299924919,-0.6978536094397857,-0.6388257199601628,-0.5930943331169304
20250916,-0.06415311357602305,-0.004645598778251908,-0.02712650773878969,-0.023117818503264345,-0.009950682653682236,0.0030780292744977122
20250917,0.26975343205225377,0.8802875481906877,0.9198471064749647,0.9178321756517445,0.8954636970619528,0.8848305634494463
20250918,2.575083899180794,3.9550133204084794,4.247899222507479,4.213068855730683,4.044292166614288,3.9169896860780486
20250919,0.8762554318897684,1.1282210681052256,1.2079197906292154,1.1976585830795936,1.15160725102045,1.1150552926658164
20250922,1.640276022227633,1.709561317366642,1.8492001647201677,1.828861668535143,1.7478004211462728,1.678000895192146
20250923,1.1550475346939786,1.2264689225279468,1.3013906323294124,1.290695394431718,1.247237408987356,1.2103170153438438
20250924,-2.1587897132729315,-2.830134330090398,-2.8739603063182084,-2.871696146290067,-2.8469101941470853,-2.835052419672287
20250925,0.781390551316369,0.893339617252632,0.9157315068726275,0.9131095334410173,0.9002126227752222,0.8905797929471346
20250926,1.9025021682511176,1.909119029316864,1.979870771636676,1.9693850851953232,1.9282845057863558,1.892478015662713
20250929,0.707090832367119,0.6807928796688635,0.7051667905651635,0.7013732708058182,0.6871853299560341,0.6744079480361634
20250930,1.4074352249882045,1.288424330671288,1.3345081619816723,1.3268963771429456,1.3000012937507133,1.274771187261766
20251009,-2.1417586171062704,-2.84887194241926,-2.8808620991288993,-2.8770171696793576,-2.858576250063675,-2.844572675900916
20251010,-0.05094733307860971,0.4946500036454731,0.9940676578065945,0.9951416308126463,0.9963125971144626,0.9991920005600199
20251013,0.46974692649782473,1.2327213585766525,1.576689463960256,1.5758645264851738,1.5708086840174382,1.567519113496956
20251014,1.2914521134390755,3.05708108661726,3.84512777766431,3.8441268087516494,3.835874549065021,3.8313338924065037
20251015,-0.1698469942418066,-0.2899650919470623,-0.3439611230444588,-0.34384910999571244,-0.34312095948490307,-0.3426634887898772
20251016,-0.9089941530824952,-0.9868128186484492,-1.0286909446462422,-1.0278299717311379,-1.0243648441153004,-1.0214013573504466
20251017,-0.33159993346903693,-0.38427020619723495,-0.40937678160668034,-0.4091641941152824,-0.4082242465098904,-0.4074706409603421
20251020,-1.7376054836873958,-2.678842669519238,-2.766139212964469,-2.7646459606701974,-2.7585523498185243,-2.7533908206101323
20251021,-0.7002939824367165,-1.5359470163155966,-1.5800470135877682,-1.5793485077726206,-1.5764794190307776,-1.574060149016859
20251022,0.34915269569234575,0.4774264933967483,0.5413161546028951,0.5412732082531744,0.5408892430040734,0.5406866723764828
20251023,-0.8923812618410193,-1.343363248949743,-1.7892247649387878,-1.7889672708573228,-1.7875238077147897,-1.7865319281038905
20251024,0.09169111561567682,0.3345289524947939,0.9272567362952379,0.9270777581105125,0.9262650912179564,0.925625098784146
20251027,0.13399020482525886,0.04091800456634903,-0.3295568237041988,-0.3294541177521026,-0.3290755761846041,-0.3287310886042972
20251028,0.02179684415588663,-1.0556978583520569,-1.4305873251163184,-1.4305797380949357,-1.4302371699971996,-1.4301301380483835
20251029,0.5313653047724942,0.11502361591836166,-0.7691322828549418,-1.2166430942422812,-1.2159898669157332,-1.2154532320235067
20251030,-0.46004863367372917,0.0020951772843603167,0.38195609313965706,1.1060432874770254,1.1057420172567947,1.1055493502427627
20251031,0.13640802950774067,-0.02369392907551375,-0.19154980301752572,-0.33718092964832674,-0.33716164452670006,-0.33717580426026983
20251103,0.3960539401832096,0.18606278920597474,-0.11022928308741514,-0.6776108057709719,-0.6775181659918227,-0.6774727004092018
20251104,-1.2521846069176439,-0.9808303353119376,-0.3247257500533885,1.4276529433974658,1.681051698747705,1.6807631186430223
20251105,-0.5051361403572309,0.24870717092201378,0.2530999930927923,-0.20790881293612906,0.25518713273080795,0.2554269266087241
20251106,0.013070579725009496,-0.07796058348308998,-0.09670214414936619,-0.10799598681404718,-0.10032882770055285,-0.10035177889584196
20251107,-0.24148934391215632,-0.37925112457622734,-0.3558428107894792,-0.18256953084013205,0.09317948505554086,0.09312767975092962
20251110,-0.0473051751402219,0.1290899994703868,-0.2373872753149295,-0.5756889630415687,-0.690253888673016,-0.690245576880561
20251111,0.00909659780747955,-0.27763617697820003,-0.31314769205172155,-0.1335288255751834,0.18132987525664254,0.18130123361527406
20251112,0.11860447527826991,-0.8523085366999222,-0.73758303499676,0.2735568676968432,0.9506779135045615,0.9506210222039251
20251113,0.9015327446106748,0.6464896104944995,0.11837949813240434,0.0675721778274575,-1.0085526674268839,-1.008569766357786
20251114,-0.7695923084925058,-1.5251116899279828,-1.6494593571629586,0.16526179162923466,1.909839741732965,2.696065302144242
20251117,-0.11183727691403114,-0.41240064207367144,-0.37470502976594566,0.10106011987543181,0.46203670460297785,0.6472453766027992
20251118,0.5339550802475388,-0.7896897868246745,-0.9011707952762895,1.3024145103983047,2.7415733549745003,3.386994140823896
20251119,-1.3671067701585162,-1.0108585866245174,-0.2545696392017751,-1.1312969931479722,-1.1246217942476393,-0.8528158971461142
20251120,0.524720902030574,0.22802442699269546,0.17731233281677858,0.6812947496220527,0.9899286863607185,1.1188212356121137
20251121,0.3147282139976624,0.16876295081711068,0.18985919713422178,0.4198197106079719,0.5966374584823511,0.6882933006375209
20251124,-2.881235792017415,-2.2146191819702485,-1.7887843974710695,-3.042940899646127,-3.5671739806655585,-3.6654475109183884
20251125,-1.1847021373249036,-0.8705792235516707,-0.7251101215076168,-1.294537952423915,-1.5715092224718559,-2.0913448982053873
20251126,0.3625023763718055,0.26545632238727723,0.23030116273129128,0.40239975362892844,0.4932772891972337,0.643429799220465
20251127,-0.7802616533480111,-0.6465559674388649,-0.6523265553133724,-0.868266187653967,-1.022880069632109,-1.1718889406068496
20251128,0.2261896353987516,0.4248643912879238,0.5708940488843302,0.2661289635831301,0.1733590383443806,-0.15870349997198058
20251201,0.16853388319357523,0.10126854156166024,0.15065312258519334,0.007905785073247906,-0.0510165438081325,-0.1915335761429345
20251202,0.19990853720555563,1.0987247403087905,1.1566622743972519,1.1460700068318468,1.185857001952583,1.1325677660523514
20251203,-0.09845303397669003,0.369423335611739,0.36219381334328743,0.4467826710939627,0.4996271968386532,0.5654924172521777
20251204,0.6189202582191037,1.5794303638244107,1.6080971663400014,1.676900570286269,1.747992857515486,1.774282863874621
20251205,-0.046310725039794276,0.4421945924522277,0.42942157455206365,0.5303310383517237,0.5899958800544963,0.6718455648997814
20251208,-0.8080248732006583,-1.3850435123303526,-1.397916586558988,-1.449728518712484,-1.4961737278090053,-1.5228533790663799
20251209,-0.2358832415474471,-0.2826448138014829,-0.2876611064698539,-0.28228532340254553,-0.28263462254710714,-0.27484996898685893
20251210,1.3136170394268847,1.5814080816247635,1.6003946039935437,1.5930822975477477,1.6034540023767765,1.5832591125044972
20251211,0.877532842883138,0.7167663890919028,0.7370992129318225,0.6650204076098565,0.6315226191167153,0.564205557005718
20251212,1.0725949456137405,1.3109629994461294,1.3162809033102885,1.3376845610003634,1.3568712100120388,1.3678926504229398
20251215,2.765992217948769,2.83917077581851,2.8655493784878545,2.812485180099608,2.7971076483607664,2.7385382013122355
20251216,2.0472223613983656,2.423389532181331,2.425338928335969,2.4746422174219376,2.5104577342565273,2.5439803940904593
20251217,-0.593543390109021,-0.6221065333351081,-0.6250941469518778,-0.6219947530781909,-0.6222738302289053,-0.6177102000156697
20251218,2.0952448323362396,2.2293007791972848,2.235661669042007,2.239577204401254,2.2474711413573116,2.2452321379577556
20251219,1.554664250293421,1.6002840836591319,1.6056240328151734,1.5993043708007064,1.599261713492048,1.5905502074980233
20251222,-0.51822477340123,-0.6044722852242916,-0.6028739783109478,-0.6191070771084194,-0.6290766380084948,-0.6418831353999018
20251223,0.16320643121519796,0.11146864306743898,0.11396806698517614,0.10051746192838995,0.093212873031006,0.0816734933742771
20251224,-3.363040844168417,-3.5291641722383806,-3.5311705675714897,-3.5501834090675635,-3.5650158007930273,-3.5769522871888393
20251225,1.2556513160118357,1.2498706145126333,1.2523418725193782,1.1792457853424465,1.176545742299706,1.1697686577385769
20251226,5.144216612284037,5.136973079544493,5.144712191389934,4.8483026499713695,4.8409293912488245,4.8208146043136395
20251229,-1.5131763252268013,-1.4889598739865801,-1.490683790096308,-1.0316103770665723,-0.7245387742736773,-0.7177505869745016
20251230,2.1162589874896223,2.1155254455484136,2.117840757110745,2.0071511430416997,1.966093695871886,1.9602222986440445
20251231,0.3809776613742353,0.3853723707297675,0.3858486865215171,0.5715704571442283,0.6162229978027605,0.6154791729782078
20260105,1.109064109152387,1.1072975392826543,1.1081232278268374,0.918208271345045,0.8859861671018436,0.8837386605728302
20260106,2.9424519780924316,2.9440444384375892,2.9460926178693936,2.870841474241496,2.860703355328614,2.85573820070061
20260107,2.7903723180533273,2.78527479204031,2.7866231585468677,1.9315770314679688,1.8531105129694398,1.8492143946195183
20260108,-3.916733366622069,-3.918489915175247,-3.920466161898022,-3.8529171547752297,-3.825883034111631,-3.821114718810245
20260109,-0.6508513792318602,-0.6531232305293361,-0.6535301114144567,-0.8850604588485346,-1.0681085504049117,-1.0673218361215175
20260112,-0.6476359792193012,-0.6473933821053806,-0.647613142563675,-0.5838333798886415,-0.5337495280921118,-0.5031551303476369
20260113,0.42699451704052493,0.8311703068437738,0.8317808814225888,1.383037264910016,1.8184935320885256,2.401770237639374
20260114,0.9735173712549482,1.5537686894903195,1.553805959975198,0.899796780949208,-0.08148691692577781,-0.7734927761577218
20260115,-1.3712721557956644,-1.7897175500536233,-1.7900170649596594,-1.570271950016135,-1.2413169628099192,-1.0088021194223467
20260116,-0.8349772323167275,-1.3618370269209428,-1.3619759250894061,-1.1533749331620828,-0.8407207634803624,-0.3767640632303319
20260119,-0.2581373456751238,-0.7798297893559629,-0.7798870700071086,-0.6708566640738487,-0.3550199828499393,-0.1124816467778616
20260120,-0.13120963187147747,-1.112681060980403,-1.8042376462790228,-1.4150665929615938,0.4052909340780334,1.2716450715663494
20260121,0.13821680621002386,-0.22834095247069663,-0.5663107368295701,-0.36039848904925614,0.6030176824745063,1.061478405186277
20260122,-0.4852840136428686,0.7064988928660549,1.808209500731351,1.7468552156142956,1.4616096795596116,1.3254917433180036
20260123,-0.2567849820965021,-0.24650133936474122,-0.2515759307341179,-0.3296601733254171,-0.6952144882570546,-0.8691258037640492
20260126,0.08504209206220534,-0.12617634831862864,-0.31911141418387,-0.2958980738372645,-0.18757334937355782,-0.13596552646397125
20260127,0.11776333719064691,-0.15411993858882705,-0.631752655451567,-0.622170077707194,-0.5777631200248022,-0.5565421667644637
20260128,-1.1491754677920307,-0.15688906563819532,2.691938114605578,2.654693056514626,2.481986245476783,2.399476795944585
20260129,-1.964660698268291,-1.7899221707870547,-1.7706139756306665,-1.8813899340265952,-2.3997229324707336,-2.6463741395549003
20260130,-0.10516072639984425,-0.5121602067932258,-1.6974393422981437,-1.6857913944456435,-1.6319416661060906,-1.6061812658430337
20260202,0.32806868404737677,0.11172820680631591,-0.5693900474773053,-0.5264034344712173,-0.3255136176002787,0.2790573977808938
20260203,-0.10230421103566414,0.38544712465668735,0.717266840624708,0.9268726608562468,1.0884673209426192,1.57477643502037
20260204,-0.32310462228604336,-0.6561407354415344,-0.4011692009749124,-0.3747878999281534,-0.5180307614378874,-0.9491136991145022
20260205,0.23321580409658405,-0.24386659516219958,-0.6115884448557316,-0.7282724545498761,-0.766107827566231,-0.8799702653138524
20260206,0.14480231417442188,0.006529623549985146,-0.16864063301569893,-0.24884277548246386,-0.30156052519054044,-0.32810390212986024
20260209,0.34641352202623366,-0.04697335697244435,-0.683114260902392,-0.037087374573001715,-0.3926754005515506,-0.934420221583209
20260210,-0.15891060356362832,-0.18960479359570964,-0.2302840086091112,0.6301114245243667,0.48117173939328234,0.25425297108406053
20260211,-0.7143048664249945,-0.488489351701802,-0.114577831691527,0.5642184681070056,0.6499540770941143,0.7805675347199652
20260212,-0.3774391034637917,-0.24640651765096697,-0.030958457494437763,0.18063252636362673,0.2509412463801486,0.35805529733825575
20260213,-0.867169128167151,-0.6868594875677402,-0.3985068085234108,-1.0814113133117917,-0.8748022527937207,-0.5600272716207672
20260224,0.4865689077659462,0.8394933665179195,1.439050436055579,4.320697306664554,4.249338963173496,4.140602451700767
20260225,0.21812013789910384,0.41912753772474626,0.19974388224728357,0.6897995416419318,0.8379380269089121,0.534836128177981
20260226,0.2926679865008212,0.5022319463553581,-0.030502977808270645,0.04941199879417438,0.2845898771981105,-0.19658433046684398
20260227,0.6723441202700313,0.8836230066395379,0.48097679290908857,0.7521543829893,0.953552794668002,0.5414866245117977
20260302,-0.19760961161157542,-0.17120945713125435,-0.45843426005597276,-0.7604228156915429,-0.6723429106641869,-0.8525466549668408
20260303,-0.3697795607442902,-0.4397620132801917,-0.2486809997631343,-0.25668572281534163,-0.3387212643414472,-0.17087692222185136
20260304,-0.4949098359980111,-0.5413052670057494,-0.48190309512595425,-0.5825885066922895,-0.6191087139210849,-0.544386242640758
20260305,0.7288136847218719,0.7857551523399073,0.690750015466803,0.7829900346084694,0.8336805333237465,0.7299659427812994
20260306,1.2579555835528031,1.338459031575292,1.1841541751524658,1.2862263269109404,1.3632000042114951,1.205709978996307
20260309,1.7029566770521625,1.7964182568516256,1.5806800258502165,1.6472997132424014,1.7463817428732267,1.5436590186476091
20260310,-0.6427977506735251,-0.5821698529584709,-0.5043810720378791,-0.5065250710203308,-0.5397965433284206,-0.47172328946598474
20260311,1.106042654833281,1.5399922564304258,1.536941827366294,1.6518268672050853,1.666011982406345,1.6369866201159338
20260312,-0.08323338798000468,-0.03651553155854695,-0.02061356875694631,-0.012020949351507132,-0.017809219831407846,-0.005966661301803039
20260313,0.35753839892440065,0.19271694878446077,0.13532979450891647,0.10531373960940293,0.12631392535259156,0.0833483991067675
20260316,1.122727064521655,1.2121746600375078,1.1874658179704571,1.2167480671317907,1.230525414322035,1.20233636502905
20260317,-2.480898652750529,-2.571363275448679,-2.5115644895292766,-2.5492771441249693,-2.578900367101883,-2.5182905658997097
20260318,-3.1934794216847235,-3.376906048373858,-3.3369634513220565,-3.3945160572947906,-3.417933877980226,-3.370019818391505
20260319,1.3942836072884608,2.138377610443342,1.9473009786717714,1.9547612911742511,1.9775323121876462,1.9309427837561532
20260320,0.5986535418652088,0.8213334830844689,1.0871144046651622,1.0998494443788602,1.1053126268905091,1.094134692216965
20260323,0.3334935725840482,0.45926474357831315,0.8296437626770595,0.8388004931539923,0.8416334431101822,0.8358370306724932
20260324,-0.5004959477931292,-0.6598936529882691,-1.108486286511688,-1.1171928355855525,-1.1211561408071984,-1.113047039916927
20260325,-0.34030367192463196,-0.3038272813990457,0.9011144856860172,0.9101559335279108,0.9101558928081293,0.9101557625068971
20260326,0.8086633451723886,0.9574521047171294,1.5751224675056539,1.5826613173019997,1.5864365253510058,1.5787122975686785
20260327,-0.014444924699630192,-0.016158473107123834,-0.17553121490095352,-0.17665764118806676,-0.1765673534553625,-0.17675205492168689
20260330,-0.6109549370091775,-0.6709569690406146,-0.7194738672431196,-0.7211445891637279,-0.7228432262072766,-0.7193677870418108
20260331,-1.3297670901631113,-1.4161827760342542,-1.7959739517096678,-1.800496211483058,-1.8026703366938746,-1.79822198464222
20260401,-1.11190731569444,-1.0063060703568485,-1.8659227821657616,-1.8691521819629715,-1.8716889041135079,-1.8664987117654848
20260402,0.09821693291196312,0.16831511991447343,0.20206530592280325,0.2909478283281634,0.29160514105748747,0.29026027971977064
20260403,-0.13681046930485422,-0.2684870194300936,-0.5149125540372484,-1.3113486855137382,-1.3132924323174269,-1.3093155156358416
