ts_code,trade_date,pre_close,pre_settle,open,high,low,close,settle,change1,change2,vol,amount,oi,oi_chg
A.DCE,20250512,4153.0,4175.0,4162.0,4185.0,4127.0,4176.0,4156.0,1.0,-19.0,174401.0,724892.64,152799.0,
A2505.DCE,20250512,4133.0,4133.0,,,,4133.0,4133.0,0.0,0.0,0.0,0.0,230.0,-2011.0
A2507.DCE,20250512,4153.0,4175.0,4162.0,4185.0,4127.0,4176.0,4156.0,1.0,-19.0,174401.0,724892.64,152799.0,-2533.0
A2509.DCE,20250512,4161.0,4182.0,4165.0,4188.0,4132.0,4184.0,4161.0,2.0,-21.0,64806.0,269713.75,96203.0,-3864.0
A2511.DCE,20250512,4105.0,4126.0,4118.0,4129.0,4073.0,4115.0,4103.0,-11.0,-23.0,10352.0,42480.14,41490.0,340.0
A2601.DCE,20250512,4093.0,4107.0,4102.0,4117.0,4063.0,4107.0,4091.0,0.0,-16.0,3874.0,15850.57,7628.0,148.0
A2603.DCE,20250512,4095.0,4108.0,4102.0,4116.0,4062.0,4104.0,4090.0,-4.0,-18.0,4310.0,17629.1,3787.0,120.0
AG.SHF,20250512,8168.0,8149.0,8180.0,8235.0,8121.0,8232.0,8183.0,83.0,34.0,482373.0,5921480.18,204592.0,
AG2505.SHF,20250512,8160.0,8142.0,8142.0,8158.0,8142.0,8158.0,8157.0,16.0,15.0,416.0,5090.52,4812.0,-404.0
AG2506.SHF,20250512,8168.0,8149.0,8180.0,8235.0,8121.0,8232.0,8183.0,83.0,34.0,482373.0,5921480.18,204592.0,-4828.0
AG2507.SHF,20250512,8182.0,8160.0,8198.0,8246.0,8133.0,8241.0,8194.0,81.0,34.0,11640.0,143074.44,26975.0,-1212.0
AG2508.SHF,20250512,8190.0,8172.0,8200.0,8261.0,8143.0,8255.0,8206.0,83.0,34.0,472442.0,5815965.13,259064.0,15330.0
AG2509.SHF,20250512,8201.0,8185.0,8212.0,8270.0,8157.0,8264.0,8217.0,79.0,32.0,29901.0,368588.2,31687.0,-1054.0
AG2510.SHF,20250512,8213.0,8195.0,8221.0,8280.0,8166.0,8277.0,8223.0,82.0,28.0,70630.0,871267.95,95846.0,337.0
AG2511.SHF,20250512,8226.0,8208.0,8235.0,8290.0,8177.0,8290.0,8245.0,82.0,37.0,6637.0,82090.9,20227.0,-2420.0
AG2512.SHF,20250512,8232.0,8216.0,8246.0,8301.0,8189.0,8295.0,8248.0,79.0,32.0,37934.0,469366.6,119404.0,2995.0
AG2601.SHF,20250512,8246.0,8227.0,8257.0,8314.0,8205.0,8309.0,8263.0,82.0,36.0,2740.0,33964.23,22986.0,-58.0
AG2602.SHF,20250512,8260.0,8245.0,8272.0,8327.0,8216.0,8324.0,8274.0,79.0,29.0,11148.0,138374.23,50061.0,814.0
AG2603.SHF,20250512,8278.0,8257.0,8295.0,8339.0,8231.0,8332.0,8289.0,75.0,32.0,3048.0,37901.11,24098.0,-3.0
AG2604.SHF,20250512,8285.0,8271.0,8306.0,8353.0,8244.0,8349.0,8291.0,78.0,20.0,8627.0,107292.77,28109.0,-132.0
AGL.SHF,20250512,8160.0,8142.0,8142.0,8158.0,8142.0,8158.0,8157.0,16.0,15.0,416.0,5090.52,4812.0,
AL.DCE,20250512,4133.0,4133.0,,,,4133.0,4133.0,0.0,0.0,0.0,0.0,230.0,
AL.SHF,20250512,19585.0,19585.0,19590.0,19920.0,19555.0,19910.0,19755.0,325.0,170.0,186779.0,1845197.17,167645.0,
AL2505.SHF,20250512,19655.0,19620.0,19620.0,19945.0,19600.0,19945.0,19800.0,325.0,180.0,6945.0,68757.29,9175.0,-3560.0
AL2506.SHF,20250512,19585.0,19585.0,19590.0,19920.0,19555.0,19910.0,19755.0,325.0,170.0,186779.0,1845197.17,167645.0,-14093.0
AL2507.SHF,20250512,19500.0,19500.0,19565.0,19865.0,19465.0,19835.0,19690.0,335.0,190.0,149713.0,1474192.27,176326.0,-7284.0
AL2508.SHF,20250512,19445.0,19455.0,19485.0,19815.0,19430.0,19795.0,19655.0,340.0,200.0,36380.0,357581.38,68025.0,1987.0
AL2509.SHF,20250512,19445.0,19440.0,19440.0,19800.0,19415.0,19790.0,19645.0,350.0,205.0,16914.0,166164.62,55643.0,322.0
AL2510.SHF,20250512,19430.0,19435.0,19450.0,19795.0,19415.0,19760.0,19630.0,325.0,195.0,4330.0,42508.79,31774.0,-197.0
AL2511.SHF,20250512,19445.0,19440.0,19430.0,19790.0,19425.0,19765.0,19660.0,325.0,220.0,1769.0,17389.94,13916.0,369.0
AL2512.SHF,20250512,19405.0,19430.0,19455.0,19785.0,19405.0,19745.0,19670.0,315.0,240.0,758.0,7455.75,12557.0,155.0
AL2601.SHF,20250512,19460.0,19455.0,19490.0,19790.0,19445.0,19760.0,19670.0,305.0,215.0,582.0,5724.0,9813.0,66.0
AL2602.SHF,20250512,19470.0,19475.0,19665.0,19755.0,19625.0,19755.0,19650.0,280.0,175.0,29.0,284.98,3076.0,4.0
AL2603.SHF,20250512,19535.0,19495.0,19535.0,19790.0,19450.0,19790.0,19660.0,295.0,165.0,83.0,815.91,1068.0,-5.0
AL2604.SHF,20250512,19525.0,19515.0,19550.0,19810.0,19550.0,19810.0,19710.0,295.0,195.0,57.0,561.77,208.0,32.0
ALL.SHF,20250512,19655.0,19620.0,19620.0,19945.0,19600.0,19945.0,19800.0,325.0,180.0,6945.0,68757.29,9175.0,
AO.SHF,20250512,2827.0,2824.0,2820.0,2856.0,2784.0,2843.0,2815.0,19.0,-9.0,859878.0,4841737.97,272614.0,
AO2505.SHF,20250512,2830.0,2819.0,2830.0,2870.0,2800.0,2851.0,2819.0,32.0,0.0,465.0,2622.27,3810.0,90.0
AO2506.SHF,20250512,2829.0,2832.0,2830.0,2877.0,2793.0,2860.0,2831.0,28.0,-1.0,12373.0,70056.73,8094.0,-693.0
AO2507.SHF,20250512,2832.0,2830.0,2830.0,2875.0,2794.0,2855.0,2831.0,25.0,1.0,50973.0,288653.01,45809.0,-2375.0
AO2508.SHF,20250512,2833.0,2829.0,2824.0,2871.0,2793.0,2851.0,2822.0,22.0,-7.0,1772.0,10003.48,2361.0,-25.0
AO2509.SHF,20250512,2827.0,2824.0,2820.0,2856.0,2784.0,2843.0,2815.0,19.0,-9.0,859878.0,4841737.97,272614.0,-6963.0
AO2510.SHF,20250512,2818.0,2822.0,2815.0,2837.0,2769.0,2827.0,2803.0,5.0,-19.0,9807.0,54982.58,27197.0,2753.0
AO2511.SHF,20250512,2812.0,2823.0,2811.0,2819.0,2755.0,2797.0,2796.0,-26.0,-27.0,623.0,3484.75,1237.0,27.0
AO2512.SHF,20250512,2802.0,2819.0,2767.0,2793.0,2742.0,2793.0,2769.0,-26.0,-50.0,316.0,1750.16,894.0,-8.0
AO2601.SHF,20250512,2793.0,2808.0,2795.0,2795.0,2725.0,2778.0,2757.0,-30.0,-51.0,17923.0,98828.4,20324.0,5163.0
AO2602.SHF,20250512,2784.0,2817.0,2784.0,2784.0,2727.0,2764.0,2751.0,-53.0,-66.0,125.0,687.91,490.0,10.0
AO2603.SHF,20250512,2789.0,2812.0,2789.0,2789.0,2721.0,2762.0,2753.0,-50.0,-59.0,241.0,1327.12,648.0,41.0
AO2604.SHF,20250512,2789.0,2809.0,2789.0,2789.0,2720.0,2762.0,2746.0,-47.0,-63.0,425.0,2334.91,728.0,245.0
AOL.SHF,20250512,2830.0,2819.0,2830.0,2870.0,2800.0,2851.0,2819.0,32.0,0.0,465.0,2622.27,3810.0,
AP.ZCE,20250512,7812.0,7804.0,7820.0,7868.0,7804.0,7837.0,7840.0,33.0,36.0,81940.0,642368.95,113752.0,
AP2505.ZCE,20250512,7966.0,8008.0,8000.0,8000.0,7872.0,7872.0,7949.0,-136.0,-59.0,55.0,437.21,134.0,-62.0
AP2510.ZCE,20250512,7812.0,7804.0,7820.0,7868.0,7804.0,7837.0,7840.0,33.0,36.0,81940.0,642368.95,113752.0,-1937.0
AP2511.ZCE,20250512,7656.0,7643.0,7696.0,7708.0,7657.0,7685.0,7687.0,42.0,44.0,426.0,3274.58,5491.0,-31.0
AP2512.ZCE,20250512,7653.0,7652.0,7688.0,7719.0,7668.0,7697.0,7696.0,45.0,44.0,48.0,369.42,181.0,-6.0
AP2601.ZCE,20250512,7720.0,7703.0,7739.0,7794.0,7730.0,7772.0,7768.0,69.0,65.0,3551.0,27584.79,7540.0,91.0
AP2603.ZCE,20250512,7729.0,7714.0,7741.0,7802.0,7741.0,7783.0,7785.0,69.0,71.0,14.0,108.98,84.0,-2.0
AP2604.ZCE,20250512,7783.0,7794.0,7808.0,7871.0,7808.0,7855.0,7849.0,61.0,55.0,9.0,70.64,44.0,-2.0
APL.ZCE,20250512,7966.0,8008.0,8000.0,8000.0,7872.0,7872.0,7949.0,-136.0,-59.0,55.0,437.21,134.0,
AU.SHF,20250512,788.42,788.16,790.16,792.64,767.5,772.28,780.38,-15.88,-7.78,608130.0,47457545.3,210772.0,
AU2505.SHF,20250512,797.62,797.62,,,,775.0,775.0,-22.62,-22.62,0.0,0.0,288.0,0.0
AU2506.SHF,20250512,786.32,785.96,788.1,790.32,765.64,770.3,777.12,-15.66,-8.84,135723.0,10547382.24,74979.0,-12645.0
AU2507.SHF,20250512,787.96,789.2,790.0,791.92,766.82,771.8,776.62,-17.4,-12.58,3418.0,265448.9,5874.0,-128.0
AU2508.SHF,20250512,788.42,788.16,790.16,792.64,767.5,772.28,780.38,-15.88,-7.78,608130.0,47457545.3,210772.0,4913.0
AU2510.SHF,20250512,790.62,790.64,792.0,794.66,769.72,774.42,780.24,-16.22,-10.4,46591.0,3635279.33,80893.0,2291.0
AU2512.SHF,20250512,792.56,792.28,794.08,796.5,771.76,776.24,781.52,-16.04,-10.76,24021.0,1877329.75,53955.0,113.0
AU2602.SHF,20250512,795.02,794.22,796.62,798.94,774.14,778.8,782.36,-15.42,-11.86,9962.0,779392.75,13374.0,1751.0
AU2604.SHF,20250512,796.94,797.26,798.0,801.02,776.1,780.26,785.42,-17.0,-11.84,2895.0,227381.27,9657.0,-79.0
AUL.SHF,20250512,797.62,797.62,,,,775.0,775.0,-22.62,-22.62,0.0,0.0,288.0,
B.DCE,20250512,3530.0,3551.0,3545.0,3552.0,3503.0,3546.0,3528.0,-5.0,-23.0,152637.0,538626.53,142521.0,
B2505.DCE,20250512,3432.0,3432.0,,,,3432.0,3432.0,0.0,0.0,0.0,0.0,1100.0,0.0
B2506.DCE,20250512,3376.0,3390.0,3388.0,3388.0,3339.0,3359.0,3360.0,-31.0,-30.0,29165.0,98017.33,72340.0,-2632.0
B2507.DCE,20250512,3408.0,3427.0,3420.0,3423.0,3370.0,3393.0,3392.0,-34.0,-35.0,13806.0,46842.38,52136.0,1512.0
B2508.DCE,20250512,3489.0,3509.0,3504.0,3504.0,3466.0,3499.0,3485.0,-10.0,-24.0,8653.0,30164.12,39172.0,1882.0
B2509.DCE,20250512,3530.0,3551.0,3545.0,3552.0,3503.0,3546.0,3528.0,-5.0,-23.0,152637.0,538626.53,142521.0,1144.0
B2510.DCE,20250512,3557.0,3581.0,3572.0,3575.0,3532.0,3574.0,3554.0,-7.0,-27.0,2387.0,8485.24,15819.0,644.0
B2511.DCE,20250512,3577.0,3588.0,3592.0,3592.0,3553.0,3580.0,3575.0,-8.0,-13.0,9.0,32.18,429.0,4.0
B2512.DCE,20250512,3598.0,3607.0,3600.0,3611.0,3570.0,3611.0,3590.0,4.0,-17.0,39.0,140.02,112.0,-1.0
B2601.DCE,20250512,3588.0,3593.0,3593.0,3594.0,3559.0,3587.0,3579.0,-6.0,-14.0,951.0,3404.53,1858.0,-302.0
B2602.DCE,20250512,3567.0,3569.0,3567.0,3568.0,3543.0,3568.0,3559.0,-1.0,-10.0,29.0,103.24,191.0,2.0
B2603.DCE,20250512,3513.0,3519.0,3513.0,3523.0,3500.0,3523.0,3514.0,4.0,-5.0,105.0,369.04,872.0,-20.0
B2604.DCE,20250512,3469.0,3472.0,3467.0,3480.0,3444.0,3480.0,3470.0,8.0,-2.0,59.0,204.74,349.0,30.0
BB.DCE,20250512,145.7,144.75,150.05,151.8,145.1,147.05,148.7,2.3,3.95,13.0,96.66,3.0,
BB2509.DCE,20250512,185.9,182.0,185.8,185.8,185.8,185.8,185.8,3.8,3.8,1.0,9.29,2.0,0.0
BB2511.DCE,20250512,145.7,144.75,150.05,151.8,145.1,147.05,148.7,2.3,3.95,13.0,96.66,3.0,-1.0
BB2601.DCE,20250512,159.1,159.1,,,,163.4,163.4,4.3,4.3,0.0,0.0,0.0,0.0
BB2603.DCE,20250512,159.15,159.15,,,,163.45,163.45,4.3,4.3,0.0,0.0,0.0,0.0
BBL.DCE,20250512,185.9,182.0,185.8,185.8,185.8,185.8,185.8,3.8,3.8,1.0,9.29,2.0,
BC.INE,20250512,68750.0,69010.0,69260.0,69620.0,69060.0,69590.0,69350.0,580.0,340.0,6249.0,216710.74,2447.0,
BC2505.INE,20250512,69600.0,69350.0,68850.0,68900.0,68850.0,68900.0,68880.0,-450.0,-470.0,200.0,6888.5,2280.0,0.0
BC2506.INE,20250512,68750.0,69010.0,69260.0,69620.0,69060.0,69590.0,69350.0,580.0,340.0,6249.0,216710.74,2447.0,-24.0
BC2507.INE,20250512,68350.0,68520.0,68890.0,69150.0,68600.0,69130.0,68900.0,610.0,380.0,1007.0,34693.19,1181.0,67.0
BC2508.INE,20250512,68050.0,68070.0,68730.0,68730.0,68700.0,68700.0,68710.0,630.0,640.0,3.0,103.07,3.0,1.0
BC2509.INE,20250512,68510.0,68510.0,68470.0,68470.0,68470.0,68470.0,68470.0,-40.0,-40.0,2.0,68.47,3.0,-1.0
BC2510.INE,20250512,68790.0,68790.0,,,,68790.0,68790.0,0.0,0.0,0.0,0.0,0.0,0.0
BC2511.INE,20250512,69370.0,69370.0,,,,69200.0,69200.0,-170.0,-170.0,0.0,0.0,0.0,0.0
BC2512.INE,20250512,69160.0,69160.0,,,,69160.0,69160.0,0.0,0.0,0.0,0.0,0.0,0.0
BC2601.INE,20250512,69960.0,69960.0,68470.0,68470.0,68460.0,68460.0,68460.0,-1500.0,-1500.0,3.0,102.7,4.0,3.0
BC2602.INE,20250512,65880.0,65880.0,,,,65880.0,65880.0,0.0,0.0,0.0,0.0,0.0,0.0
BC2603.INE,20250512,67040.0,67040.0,,,,67040.0,67040.0,0.0,0.0,0.0,0.0,0.0,0.0
BC2604.INE,20250512,67170.0,67170.0,,,,67170.0,67170.0,0.0,0.0,0.0,0.0,0.0,0.0
BCL.INE,20250512,69600.0,69350.0,68850.0,68900.0,68850.0,68900.0,68880.0,-450.0,-470.0,200.0,6888.5,2280.0,
BL.DCE,20250512,3432.0,3432.0,,,,3432.0,3432.0,0.0,0.0,0.0,0.0,1100.0,
BR.SHF,20250512,11450.0,11445.0,11505.0,11880.0,11215.0,11820.0,11530.0,375.0,85.0,189461.0,1092298.52,25672.0,
BR2505.SHF,20250512,11580.0,11545.0,11490.0,11800.0,11490.0,11800.0,11585.0,255.0,40.0,34.0,196.95,476.0,-2.0
BR2506.SHF,20250512,11450.0,11445.0,11505.0,11880.0,11215.0,11820.0,11530.0,375.0,85.0,189461.0,1092298.52,25672.0,1552.0
BR2507.SHF,20250512,11550.0,11520.0,11570.0,12015.0,11330.0,11965.0,11690.0,445.0,170.0,93199.0,544751.65,69877.0,6925.0
BR2508.SHF,20250512,11425.0,11425.0,11425.0,11875.0,11245.0,11830.0,11555.0,405.0,130.0,5350.0,30914.32,4988.0,184.0
BR2509.SHF,20250512,11395.0,11405.0,11440.0,11800.0,11230.0,11770.0,11505.0,365.0,100.0,12382.0,71230.82,6800.0,210.0
BR2510.SHF,20250512,11410.0,11410.0,11315.0,11795.0,11245.0,11750.0,11470.0,340.0,60.0,78.0,447.48,218.0,8.0
BR2511.SHF,20250512,11425.0,11430.0,11315.0,11785.0,11265.0,11740.0,11470.0,310.0,40.0,57.0,327.02,85.0,-2.0
BR2512.SHF,20250512,11435.0,11485.0,11345.0,11765.0,11295.0,11730.0,11480.0,245.0,-5.0,40.0,229.68,93.0,2.0
BR2601.SHF,20250512,11440.0,11440.0,11400.0,11780.0,11300.0,11770.0,11500.0,330.0,60.0,164.0,943.37,449.0,6.0
BR2602.SHF,20250512,11445.0,11450.0,11605.0,11775.0,11605.0,11730.0,11680.0,280.0,230.0,9.0,52.56,41.0,7.0
BR2603.SHF,20250512,11470.0,11470.0,11515.0,11700.0,11515.0,11700.0,11580.0,230.0,110.0,9.0,52.12,49.0,-2.0
BR2604.SHF,20250512,11490.0,11480.0,11550.0,11790.0,11550.0,11790.0,11670.0,310.0,190.0,7.0,40.86,10.0,0.0
BRL.SHF,20250512,11580.0,11545.0,11490.0,11800.0,11490.0,11800.0,11585.0,255.0,40.0,34.0,196.95,476.0,
BU.SHF,20250512,3453.0,3428.0,3471.0,3487.0,3442.0,3481.0,3461.0,53.0,33.0,165731.0,573701.72,107567.0,
BU2505.SHF,20250512,3411.0,3387.0,3411.0,3499.0,3411.0,3499.0,3454.0,112.0,67.0,4.0,13.82,2323.0,-2.0
BU2506.SHF,20250512,3453.0,3428.0,3471.0,3487.0,3442.0,3481.0,3461.0,53.0,33.0,165731.0,573701.72,107567.0,-2504.0
BU2507.SHF,20250512,3433.0,3408.0,3450.0,3472.0,3425.0,3467.0,3447.0,59.0,39.0,63805.0,219980.41,137363.0,6001.0
BU2508.SHF,20250512,3406.0,3383.0,3424.0,3452.0,3400.0,3448.0,3424.0,65.0,41.0,8580.0,29384.62,13613.0,-352.0
BU2509.SHF,20250512,3377.0,3358.0,3384.0,3426.0,3372.0,3416.0,3395.0,58.0,37.0,82251.0,279294.19,103414.0,-2445.0
BU2510.SHF,20250512,3330.0,3315.0,3366.0,3375.0,3326.0,3371.0,3348.0,56.0,33.0,406.0,1359.37,3068.0,-9.0
BU2511.SHF,20250512,3282.0,3272.0,3278.0,3327.0,3278.0,3317.0,3298.0,45.0,26.0,38.0,125.35,1182.0,5.0
BU2512.SHF,20250512,3209.0,3198.0,3220.0,3252.0,3201.0,3246.0,3217.0,48.0,19.0,4147.0,13341.21,17768.0,934.0
BU2601.SHF,20250512,3198.0,3194.0,3206.0,3236.0,3195.0,3233.0,3204.0,39.0,10.0,87.0,278.77,566.0,57.0
BU2602.SHF,20250512,3188.0,3188.0,,,,3223.0,3223.0,35.0,35.0,0.0,0.0,7.0,0.0
BU2603.SHF,20250512,3210.0,3191.0,3203.0,3226.0,3203.0,3226.0,3213.0,35.0,22.0,4.0,12.85,103.0,-1.0
BU2604.SHF,20250512,3209.0,3205.0,3216.0,3216.0,3216.0,3216.0,3216.0,11.0,11.0,1.0,3.22,14.0,0.0
BU2606.SHF,20250512,3203.0,3187.0,3199.0,3226.0,3193.0,3225.0,3208.0,38.0,21.0,12.0,38.5,102.0,-3.0
BU2609.SHF,20250512,3219.0,3211.0,3214.0,3231.0,3213.0,3231.0,3218.0,20.0,7.0,5.0,16.09,38.0,2.0
BU2612.SHF,20250512,3194.0,3191.0,3215.0,3224.0,3185.0,3224.0,3203.0,33.0,12.0,18.0,57.66,83.0,6.0
BU2703.SHF,20250512,3205.0,3209.0,3201.0,3236.0,3201.0,3236.0,3212.0,27.0,3.0,9.0,28.91,23.0,2.0
BUL.SHF,20250512,3411.0,3387.0,3411.0,3499.0,3411.0,3499.0,3454.0,112.0,67.0,4.0,13.82,2323.0,
C.DCE,20250512,2375.0,2370.0,2380.0,2389.0,2355.0,2363.0,2367.0,-7.0,-3.0,675649.0,1599398.49,1453598.0,
C2505.DCE,20250512,2337.0,2333.0,2343.0,2400.0,2322.0,2325.0,2340.0,-8.0,7.0,4561.0,10645.21,9160.0,20.0
C2507.DCE,20250512,2375.0,2370.0,2380.0,2389.0,2355.0,2363.0,2367.0,-7.0,-3.0,675649.0,1599398.49,1453598.0,-45810.0
C2509.DCE,20250512,2385.0,2382.0,2385.0,2398.0,2365.0,2375.0,2374.0,-7.0,-8.0,150772.0,358060.13,422170.0,12375.0
C2511.DCE,20250512,2318.0,2315.0,2319.0,2330.0,2299.0,2306.0,2307.0,-9.0,-8.0,31144.0,71875.65,197240.0,-192.0
C2601.DCE,20250512,2282.0,2279.0,2282.0,2290.0,2268.0,2273.0,2274.0,-6.0,-5.0,18777.0,42708.53,61554.0,-3117.0
C2603.DCE,20250512,2275.0,2273.0,2275.0,2283.0,2265.0,2270.0,2270.0,-3.0,-3.0,11229.0,25498.25,24519.0,671.0
CF.ZCE,20250512,12950.0,12925.0,12945.0,13255.0,12920.0,13240.0,13145.0,315.0,220.0,382405.0,2513612.83,582792.0,
CF2505.ZCE,20250512,12685.0,12645.0,12690.0,12980.0,12640.0,12980.0,12760.0,335.0,115.0,2819.0,17925.29,34297.0,-234.0
CF2507.ZCE,20250512,12735.0,12710.0,12710.0,13040.0,12705.0,13040.0,12930.0,330.0,220.0,61704.0,398976.58,49636.0,-2574.0
CF2509.ZCE,20250512,12950.0,12925.0,12945.0,13255.0,12920.0,13240.0,13145.0,315.0,220.0,382405.0,2513612.83,582792.0,8708.0
CF2511.ZCE,20250512,13035.0,13020.0,13015.0,13295.0,12995.0,13290.0,13195.0,270.0,175.0,1529.0,10087.74,6551.0,211.0
CF2601.ZCE,20250512,13125.0,13110.0,13130.0,13395.0,13090.0,13380.0,13305.0,270.0,195.0,44743.0,297659.05,101668.0,12990.0
CF2603.ZCE,20250512,13115.0,13100.0,13095.0,13380.0,13090.0,13370.0,13305.0,270.0,205.0,387.0,2574.27,1980.0,9.0
CFL.ZCE,20250512,12685.0,12645.0,12690.0,12980.0,12640.0,12980.0,12760.0,335.0,115.0,2819.0,17925.29,34297.0,
CJ.ZCE,20250512,9010.0,9000.0,9030.0,9120.0,8980.0,9045.0,9045.0,45.0,45.0,44155.0,199689.58,86911.0,
CJ2505.ZCE,20250512,8610.0,8610.0,8645.0,8660.0,8645.0,8660.0,8655.0,50.0,45.0,12.0,51.92,308.0,0.0
CJ2507.ZCE,20250512,8815.0,8805.0,8840.0,8910.0,8780.0,8850.0,8840.0,45.0,35.0,389.0,1719.27,4568.0,-25.0
CJ2509.ZCE,20250512,9010.0,9000.0,9030.0,9120.0,8980.0,9045.0,9045.0,45.0,45.0,44155.0,199689.58,86911.0,-2449.0
CJ2512.ZCE,20250512,9905.0,9905.0,9920.0,10015.0,9875.0,9935.0,9940.0,30.0,35.0,412.0,2047.82,4821.0,-23.0
CJ2601.ZCE,20250512,9945.0,9950.0,9970.0,10065.0,9915.0,9985.0,9995.0,35.0,45.0,7564.0,37798.38,19846.0,507.0
CJ2603.ZCE,20250512,10140.0,10140.0,10155.0,10235.0,10115.0,10180.0,10170.0,40.0,30.0,137.0,696.53,983.0,20.0
CJL.ZCE,20250512,8610.0,8610.0,8645.0,8660.0,8645.0,8660.0,8655.0,50.0,45.0,12.0,51.92,308.0,
CL.DCE,20250512,2337.0,2333.0,2343.0,2400.0,2322.0,2325.0,2340.0,-8.0,7.0,4561.0,10645.21,9160.0,
CS.DCE,20250512,2738.0,2731.0,2740.0,2752.0,2724.0,2735.0,2735.0,4.0,4.0,107565.0,294239.98,237628.0,
CS2505.DCE,20250512,2704.0,2701.0,,,,2701.0,2701.0,0.0,0.0,1026.0,2786.41,12999.0,-500.0
CS2507.DCE,20250512,2738.0,2731.0,2740.0,2752.0,2724.0,2735.0,2735.0,4.0,4.0,107565.0,294239.98,237628.0,-2559.0
CS2509.DCE,20250512,2810.0,2804.0,2810.0,2822.0,2791.0,2802.0,2802.0,-2.0,-2.0,8444.0,23661.74,36529.0,715.0
CS2511.DCE,20250512,2741.0,2739.0,2743.0,2753.0,2720.0,2732.0,2732.0,-7.0,-7.0,19645.0,53676.72,55086.0,-902.0
CS2601.DCE,20250512,2716.0,2716.0,2720.0,2729.0,2699.0,2710.0,2707.0,-6.0,-9.0,836.0,2263.77,4496.0,61.0
CS2603.DCE,20250512,2690.0,2688.0,2693.0,2699.0,2676.0,2681.0,2683.0,-7.0,-5.0,1825.0,4896.85,9506.0,-49.0
CSL.DCE,20250512,2704.0,2701.0,,,,2701.0,2701.0,0.0,0.0,1026.0,2786.41,12999.0,
CU.SHF,20250512,77450.0,77660.0,77950.0,78280.0,77710.0,78260.0,78030.0,600.0,370.0,125097.0,4880732.24,187730.0,
CU2505.SHF,20250512,77960.0,78130.0,78110.0,78600.0,78080.0,78590.0,78370.0,460.0,240.0,21770.0,853164.08,27885.0,-10225.0
CU2506.SHF,20250512,77450.0,77660.0,77950.0,78280.0,77710.0,78260.0,78030.0,600.0,370.0,125097.0,4880732.24,187730.0,6411.0
CU2507.SHF,20250512,76910.0,77090.0,77450.0,77800.0,77200.0,77790.0,77550.0,700.0,460.0,49554.0,1921530.87,126233.0,585.0
CU2508.SHF,20250512,76460.0,76600.0,76860.0,77430.0,76760.0,77400.0,77120.0,800.0,520.0,22361.0,862311.09,69518.0,3307.0
CU2509.SHF,20250512,76120.0,76270.0,76600.0,77180.0,76460.0,77160.0,76850.0,890.0,580.0,13548.0,520625.86,45950.0,-235.0
CU2510.SHF,20250512,75930.0,76050.0,76320.0,77070.0,76240.0,77000.0,76740.0,950.0,690.0,5830.0,223716.4,17776.0,1336.0
CU2511.SHF,20250512,75660.0,75820.0,76040.0,76850.0,76020.0,76830.0,76560.0,1010.0,740.0,2161.0,82729.02,11816.0,225.0
CU2512.SHF,20250512,75460.0,75620.0,75790.0,76700.0,75790.0,76690.0,76380.0,1070.0,760.0,4853.0,185353.95,25134.0,370.0
CU2601.SHF,20250512,75410.0,75600.0,75720.0,76670.0,75720.0,76640.0,76280.0,1040.0,680.0,1892.0,72169.49,14408.0,56.0
CU2602.SHF,20250512,75330.0,75510.0,75730.0,76560.0,75700.0,76550.0,76250.0,1040.0,740.0,811.0,30921.85,14776.0,54.0
CU2603.SHF,20250512,75270.0,75480.0,75270.0,76510.0,75270.0,76500.0,76050.0,1020.0,570.0,743.0,28253.13,10194.0,249.0
CU2604.SHF,20250512,75280.0,75500.0,75700.0,76450.0,75630.0,76440.0,75840.0,940.0,340.0,546.0,20705.55,1191.0,35.0
CUL.SHF,20250512,77960.0,78130.0,78110.0,78600.0,78080.0,78590.0,78370.0,460.0,240.0,21770.0,853164.08,27885.0,
CY.ZCE,20250512,19220.0,19310.0,19205.0,19675.0,19160.0,19620.0,19440.0,310.0,130.0,6762.0,65732.29,22346.0,
CY2505.ZCE,20250512,18650.0,18865.0,,,,18990.0,18990.0,125.0,125.0,0.0,0.0,160.0,0.0
CY2506.ZCE,20250512,18600.0,18600.0,,,,18600.0,18600.0,0.0,0.0,0.0,0.0,13.0,0.0
CY2507.ZCE,20250512,19220.0,19310.0,19205.0,19675.0,19160.0,19620.0,19440.0,310.0,130.0,6762.0,65732.29,22346.0,163.0
CY2508.ZCE,20250512,19065.0,19065.0,,,,19195.0,19195.0,130.0,130.0,0.0,0.0,1.0,0.0
CY2509.ZCE,20250512,19105.0,19105.0,19125.0,19430.0,19070.0,19430.0,19270.0,325.0,165.0,189.0,1821.01,1309.0,-30.0
CY2510.ZCE,20250512,18930.0,18930.0,,,,19210.0,19210.0,280.0,280.0,0.0,0.0,0.0,0.0
CY2511.ZCE,20250512,19175.0,19175.0,19445.0,19445.0,19445.0,19445.0,19445.0,270.0,270.0,1.0,9.72,7.0,-1.0
CY2512.ZCE,20250512,18975.0,18975.0,,,,19240.0,19240.0,265.0,265.0,0.0,0.0,3.0,0.0
CY2601.ZCE,20250512,19180.0,19180.0,19480.0,19500.0,19480.0,19500.0,19490.0,320.0,310.0,3.0,29.24,9.0,1.0
CY2602.ZCE,20250512,19275.0,19275.0,,,,19275.0,19275.0,0.0,0.0,0.0,0.0,0.0,0.0
CY2603.ZCE,20250512,19360.0,19360.0,,,,19360.0,19360.0,0.0,0.0,0.0,0.0,1.0,0.0
CY2604.ZCE,20250512,19360.0,19360.0,,,,19360.0,19360.0,0.0,0.0,0.0,0.0,0.0,0.0
CYL.ZCE,20250512,18650.0,18865.0,,,,18990.0,18990.0,125.0,125.0,0.0,0.0,160.0,
EB.DCE,20250512,7005.0,6979.0,7040.0,7327.0,6942.0,7320.0,7123.0,341.0,144.0,555381.0,1978038.69,236714.0,
EB2505.DCE,20250512,7156.0,7145.0,7137.0,7137.0,7116.0,7116.0,7291.0,-29.0,146.0,511.0,1862.96,7262.0,-809.0
EB2506.DCE,20250512,7005.0,6979.0,7040.0,7327.0,6942.0,7320.0,7123.0,341.0,144.0,555381.0,1978038.69,236714.0,-1036.0
EB2507.DCE,20250512,6887.0,6855.0,6907.0,7210.0,6838.0,7205.0,7022.0,350.0,167.0,222196.0,780198.22,198761.0,8446.0
EB2508.DCE,20250512,6816.0,6786.0,6850.0,7130.0,6781.0,7130.0,6944.0,344.0,158.0,36119.0,125408.44,72332.0,151.0
EB2509.DCE,20250512,6767.0,6742.0,6788.0,7072.0,6742.0,7068.0,6903.0,326.0,161.0,44067.0,152108.24,65372.0,-1682.0
EB2510.DCE,20250512,6713.0,6691.0,6736.0,7003.0,6694.0,7002.0,6840.0,311.0,149.0,15717.0,53756.75,19603.0,68.0
EB2511.DCE,20250512,6667.0,6657.0,6698.0,6938.0,6656.0,6932.0,6807.0,275.0,150.0,1688.0,5745.58,3812.0,134.0
EB2512.DCE,20250512,6685.0,6676.0,6722.0,6933.0,6673.0,6933.0,6819.0,257.0,143.0,828.0,2823.26,1354.0,281.0
EB2601.DCE,20250512,6713.0,6708.0,6717.0,6950.0,6699.0,6950.0,6839.0,242.0,131.0,1230.0,4206.1,2450.0,151.0
EB2602.DCE,20250512,6720.0,6723.0,6757.0,6967.0,6721.0,6966.0,6837.0,243.0,114.0,88.0,300.86,259.0,-7.0
EB2603.DCE,20250512,6744.0,6744.0,6850.0,6960.0,6847.0,6960.0,6893.0,216.0,149.0,13.0,44.81,176.0,-2.0
EB2604.DCE,20250512,6855.0,6855.0,6831.0,6940.0,6792.0,6940.0,6856.0,85.0,1.0,14.0,48.0,24.0,9.0
EBL.DCE,20250512,7156.0,7145.0,7137.0,7137.0,7116.0,7116.0,7291.0,-29.0,146.0,511.0,1862.96,7262.0,
EC.INE,20250512,1249.8,1264.0,1333.3,1466.2,1301.0,1466.2,1385.0,202.2,121.0,81997.0,567857.09,37399.0,
EC2506.INE,20250512,1249.8,1264.0,1333.3,1466.2,1301.0,1466.2,1385.0,202.2,121.0,81997.0,567857.09,37399.0,512.0
EC2508.INE,20250512,1528.8,1546.6,1648.0,1794.0,1591.9,1794.0,1687.2,247.4,140.6,47561.0,401242.0,39463.0,3359.0
EC2510.INE,20250512,1260.8,1277.3,1319.0,1481.6,1292.3,1481.6,1391.7,204.3,114.4,19564.0,136140.29,17820.0,1226.0
EC2512.INE,20250512,1445.8,1450.9,1500.0,1683.0,1466.7,1683.0,1592.7,232.1,141.8,4720.0,37588.21,4551.0,654.0
EC2602.INE,20250512,1282.0,1293.3,1298.8,1500.2,1298.8,1500.2,1421.2,206.9,127.9,2667.0,18952.8,2944.0,254.0
EC2604.INE,20250512,1173.0,1180.4,1192.5,1367.9,1190.3,1360.0,1299.1,179.6,118.7,1942.0,12614.67,1518.0,386.0
ECL.INE,20250512,1249.8,1264.0,1333.3,1466.2,1301.0,1466.2,1385.0,202.2,121.0,81997.0,567857.09,37399.0,
EG.DCE,20250512,4218.0,4219.0,4240.0,4317.0,4195.0,4302.0,4264.0,83.0,45.0,271616.0,1158206.58,286775.0,
EG2505.DCE,20250512,4317.0,4308.0,4210.0,4436.0,4210.0,4436.0,4324.0,128.0,16.0,613.0,2651.06,8585.0,-2214.0
EG2506.DCE,20250512,4253.0,4245.0,4258.0,4380.0,4253.0,4370.0,4322.0,125.0,77.0,10959.0,47374.48,12218.0,-720.0
EG2507.DCE,20250512,4229.0,4227.0,4247.0,4353.0,4224.0,4338.0,4301.0,111.0,74.0,4762.0,20484.88,10210.0,1151.0
EG2508.DCE,20250512,4224.0,4218.0,4234.0,4333.0,4222.0,4308.0,4276.0,90.0,58.0,50.0,213.84,133.0,-13.0
EG2509.DCE,20250512,4218.0,4219.0,4240.0,4317.0,4195.0,4302.0,4264.0,83.0,45.0,271616.0,1158206.58,286775.0,19632.0
EG2510.DCE,20250512,4223.0,4224.0,4248.0,4313.0,4208.0,4313.0,4250.0,89.0,26.0,43.0,182.76,523.0,-12.0
EG2511.DCE,20250512,4228.0,4227.0,4234.0,4317.0,4213.0,4317.0,4245.0,90.0,18.0,27.0,114.62,430.0,0.0
EG2512.DCE,20250512,4254.0,4247.0,4223.0,4313.0,4210.0,4313.0,4253.0,66.0,6.0,16.0,68.05,21.0,5.0
EG2601.DCE,20250512,4215.0,4223.0,4229.0,4295.0,4187.0,4279.0,4253.0,56.0,30.0,5000.0,21268.6,8122.0,1735.0
EG2602.DCE,20250512,4206.0,4206.0,4220.0,4267.0,4200.0,4267.0,4227.0,61.0,21.0,30.0,126.83,18.0,7.0
EG2603.DCE,20250512,4202.0,4202.0,4234.0,4239.0,4196.0,4239.0,4227.0,37.0,25.0,5.0,21.14,6.0,1.0
EG2604.DCE,20250512,4231.0,4231.0,,,,4231.0,4231.0,0.0,0.0,0.0,0.0,1.0,0.0
EGL.DCE,20250512,4317.0,4308.0,4210.0,4436.0,4210.0,4436.0,4324.0,128.0,16.0,613.0,2651.06,8585.0,
FB.DCE,20250512,1253.5,1256.5,1256.5,1259.0,1250.5,1258.5,1255.5,2.0,-1.0,265.0,332.72,294.0,
FB2505.DCE,20250512,1214.5,1214.5,,,,1214.5,1214.5,0.0,0.0,0.0,0.0,51.0,0.0
FB2506.DCE,20250512,1253.5,1256.5,1256.5,1259.0,1250.5,1258.5,1255.5,2.0,-1.0,265.0,332.72,294.0,51.0
FB2507.DCE,20250512,1277.5,1281.5,1290.5,1290.5,1252.0,1274.5,1272.0,-7.0,-9.5,3.0,3.82,5.0,1.0
FB2508.DCE,20250512,1268.0,1268.0,,,,1268.0,1268.0,0.0,0.0,0.0,0.0,3.0,0.0
FB2509.DCE,20250512,1284.5,1284.0,1290.0,1297.5,1288.0,1293.5,1292.5,9.5,8.5,10.0,12.93,15.0,2.0
FB2510.DCE,20250512,1303.5,1303.5,1260.0,1260.0,1260.0,1260.0,1260.0,-43.5,-43.5,1.0,1.26,2.0,0.0
FB2511.DCE,20250512,1283.5,1283.5,,,,1283.5,1283.5,0.0,0.0,0.0,0.0,5.0,0.0
FB2512.DCE,20250512,1289.5,1289.5,,,,1289.5,1289.5,0.0,0.0,0.0,0.0,0.0,0.0
FB2601.DCE,20250512,1256.0,1256.0,,,,1258.0,1258.0,2.0,2.0,0.0,0.0,0.0,0.0
FB2602.DCE,20250512,1318.5,1318.5,,,,1318.5,1318.5,0.0,0.0,0.0,0.0,1.0,0.0
FB2603.DCE,20250512,1317.0,1317.0,,,,1317.0,1317.0,0.0,0.0,0.0,0.0,0.0,0.0
FB2604.DCE,20250512,1294.5,1294.5,,,,1294.5,1294.5,0.0,0.0,0.0,0.0,1.0,0.0
FBL.DCE,20250512,1214.5,1214.5,,,,1214.5,1214.5,0.0,0.0,0.0,0.0,51.0,
FG.ZCE,20250512,1034.0,1048.0,1034.0,1053.0,1022.0,1045.0,1036.0,-3.0,-12.0,1657586.0,3435146.06,1335775.0,
FG2505.ZCE,20250512,1039.0,1040.0,1044.0,1052.0,1035.0,1047.0,1044.0,7.0,4.0,1233.0,2574.87,5379.0,-822.0
FG2506.ZCE,20250512,1030.0,1038.0,1028.0,1046.0,1018.0,1041.0,1035.0,3.0,-3.0,33689.0,69753.24,63002.0,-1158.0
FG2507.ZCE,20250512,1010.0,1020.0,1012.0,1023.0,1001.0,1019.0,1012.0,-1.0,-8.0,21971.0,44459.1,45336.0,1755.0
FG2508.ZCE,20250512,1051.0,1063.0,1050.0,1063.0,1039.0,1057.0,1052.0,-6.0,-11.0,7010.0,14743.64,19397.0,289.0
FG2509.ZCE,20250512,1034.0,1048.0,1034.0,1053.0,1022.0,1045.0,1036.0,-3.0,-12.0,1657586.0,3435146.06,1335775.0,-2299.0
FG2510.ZCE,20250512,1061.0,1070.0,1060.0,1072.0,1047.0,1068.0,1058.0,-2.0,-12.0,1191.0,2520.66,8441.0,134.0
FG2511.ZCE,20250512,1054.0,1066.0,1055.0,1067.0,1041.0,1062.0,1053.0,-4.0,-13.0,936.0,1971.22,7096.0,85.0
FG2512.ZCE,20250512,1093.0,1103.0,1095.0,1106.0,1081.0,1100.0,1093.0,-3.0,-10.0,565.0,1234.94,1473.0,26.0
FG2601.ZCE,20250512,1078.0,1091.0,1078.0,1093.0,1065.0,1086.0,1078.0,-5.0,-13.0,52604.0,113451.7,80984.0,12116.0
FG2602.ZCE,20250512,1114.0,1124.0,1116.0,1126.0,1102.0,1120.0,1111.0,-4.0,-13.0,190.0,422.26,616.0,37.0
FG2603.ZCE,20250512,1113.0,1121.0,1105.0,1122.0,1100.0,1119.0,1109.0,-2.0,-12.0,362.0,803.24,920.0,19.0
FG2604.ZCE,20250512,1137.0,1142.0,1131.0,1144.0,1119.0,1140.0,1127.0,-2.0,-15.0,224.0,505.09,499.0,46.0
FGL.ZCE,20250512,1039.0,1040.0,1044.0,1052.0,1035.0,1047.0,1044.0,7.0,4.0,1233.0,2574.87,5379.0,
FU.SHF,20250512,2949.0,2923.0,2972.0,3002.0,2933.0,2996.0,2961.0,73.0,38.0,570917.0,1690596.21,142937.0,
FU2506.SHF,20250512,2960.0,2938.0,2970.0,3018.0,2955.0,3013.0,2970.0,75.0,32.0,1334.0,3962.22,1504.0,1.0
FU2507.SHF,20250512,2949.0,2923.0,2972.0,3002.0,2933.0,2996.0,2961.0,73.0,38.0,570917.0,1690596.21,142937.0,-5708.0
FU2508.SHF,20250512,2857.0,2830.0,2871.0,2912.0,2846.0,2908.0,2869.0,78.0,39.0,39368.0,112984.62,89899.0,-1542.0
FU2509.SHF,20250512,2773.0,2751.0,2800.0,2834.0,2770.0,2832.0,2795.0,81.0,44.0,70199.0,196239.55,81809.0,1116.0
FU2510.SHF,20250512,2712.0,2698.0,2733.0,2770.0,2713.0,2766.0,2734.0,68.0,36.0,14024.0,38350.33,45814.0,4407.0
FU2511.SHF,20250512,2672.0,2655.0,2700.0,2731.0,2674.0,2727.0,2701.0,72.0,46.0,2118.0,5720.86,7003.0,-117.0
FU2512.SHF,20250512,2641.0,2630.0,2653.0,2703.0,2645.0,2702.0,2671.0,72.0,41.0,633.0,1691.05,1442.0,78.0
FU2601.SHF,20250512,2638.0,2620.0,2650.0,2700.0,2637.0,2699.0,2663.0,79.0,43.0,13585.0,36186.03,24095.0,892.0
FU2602.SHF,20250512,2631.0,2624.0,2641.0,2690.0,2632.0,2688.0,2657.0,64.0,33.0,239.0,635.11,893.0,-41.0
FU2603.SHF,20250512,2628.0,2612.0,2636.0,2683.0,2629.0,2682.0,2653.0,70.0,41.0,263.0,697.78,1357.0,-11.0
FU2604.SHF,20250512,2626.0,2618.0,2638.0,2681.0,2628.0,2678.0,2653.0,60.0,35.0,335.0,888.94,1139.0,29.0
FU2605.SHF,20250512,2608.0,2593.0,2621.0,2659.0,2605.0,2659.0,2628.0,66.0,35.0,420.0,1104.11,928.0,52.0
FUL.SHF,20250512,2960.0,2938.0,2970.0,3018.0,2955.0,3013.0,2970.0,75.0,32.0,1334.0,3962.22,1504.0,
HC.SHF,20250512,3157.0,3172.0,3161.0,3220.0,3152.0,3220.0,3190.0,48.0,18.0,849309.0,2709674.19,1384049.0,
HC2505.SHF,20250512,3156.0,3158.0,3156.0,3210.0,3156.0,3205.0,3191.0,47.0,33.0,960.0,3064.2,16110.0,-630.0
HC2506.SHF,20250512,3134.0,3144.0,3128.0,3198.0,3127.0,3198.0,3158.0,54.0,14.0,141.0,445.35,616.0,6.0
HC2507.SHF,20250512,3143.0,3150.0,3138.0,3205.0,3138.0,3204.0,3172.0,54.0,22.0,17376.0,55118.77,29165.0,-4220.0
HC2508.SHF,20250512,3155.0,3167.0,3164.0,3217.0,3154.0,3217.0,3177.0,50.0,10.0,84.0,266.91,422.0,0.0
HC2509.SHF,20250512,3153.0,3168.0,3153.0,3219.0,3150.0,3216.0,3185.0,48.0,17.0,48178.0,153483.19,165743.0,2435.0
HC2510.SHF,20250512,3157.0,3172.0,3161.0,3220.0,3152.0,3220.0,3190.0,48.0,18.0,849309.0,2709674.19,1384049.0,-37020.0
HC2511.SHF,20250512,3160.0,3175.0,3165.0,3229.0,3154.0,3222.0,3195.0,47.0,20.0,23748.0,75883.78,135367.0,7834.0
HC2512.SHF,20250512,3173.0,3187.0,3180.0,3237.0,3180.0,3234.0,3206.0,47.0,19.0,33.0,105.8,275.0,8.0
HC2601.SHF,20250512,3165.0,3183.0,3171.0,3270.0,3161.0,3229.0,3204.0,46.0,21.0,16634.0,53302.29,38865.0,2237.0
HC2602.SHF,20250512,3178.0,3189.0,3184.0,3234.0,3184.0,3234.0,3225.0,45.0,36.0,20.0,64.51,230.0,-8.0
HC2603.SHF,20250512,3211.0,3213.0,3194.0,3253.0,3194.0,3253.0,3229.0,40.0,16.0,27.0,87.21,164.0,14.0
HC2604.SHF,20250512,3204.0,3218.0,3196.0,3254.0,3196.0,3250.0,3227.0,32.0,9.0,14.0,45.18,67.0,1.0
HCL.SHF,20250512,3156.0,3158.0,3156.0,3210.0,3156.0,3205.0,3191.0,47.0,33.0,960.0,3064.2,16110.0,
I.DCE,20250512,696.0,696.5,697.0,719.0,693.0,718.5,707.0,22.0,10.5,577719.0,4085561.91,704468.0,
I2505.DCE,20250512,761.0,757.5,768.5,777.0,757.0,761.0,767.0,3.5,9.5,208.0,1595.84,2285.0,-52.0
I2506.DCE,20250512,742.5,741.5,744.0,760.5,740.5,759.0,751.5,17.5,10.0,26726.0,200875.92,46972.0,-2404.0
I2507.DCE,20250512,727.5,727.5,727.5,748.5,725.5,748.0,736.5,20.5,9.0,30693.0,226190.15,74496.0,306.0
I2508.DCE,20250512,713.5,712.0,713.5,734.5,710.0,734.0,722.5,22.0,10.5,8951.0,64678.89,41570.0,1433.0
I2509.DCE,20250512,696.0,696.5,697.0,719.0,693.0,718.5,707.0,22.0,10.5,577719.0,4085561.91,704468.0,4329.0
I2510.DCE,20250512,689.0,689.5,690.5,711.5,686.5,710.5,700.0,21.0,10.5,6355.0,44512.26,21134.0,211.0
I2511.DCE,20250512,682.5,682.5,682.0,703.0,680.0,702.5,693.5,20.0,11.0,4465.0,30970.44,16680.0,197.0
I2512.DCE,20250512,677.0,677.0,677.5,696.0,675.0,695.5,687.5,18.5,10.5,1753.0,12051.95,5985.0,94.0
I2601.DCE,20250512,670.0,670.5,669.0,687.5,667.0,687.0,678.5,16.5,8.0,58917.0,399852.66,137287.0,-3569.0
I2602.DCE,20250512,667.0,667.0,665.5,683.5,664.5,683.0,675.0,16.0,8.0,847.0,5719.46,6118.0,-187.0
I2603.DCE,20250512,665.0,665.5,665.0,681.0,662.5,680.5,673.0,15.0,7.5,1345.0,9053.98,4341.0,45.0
I2604.DCE,20250512,662.5,662.5,662.0,677.0,660.0,676.5,669.0,14.0,6.5,987.0,6605.14,1927.0,173.0
IC.CFX,20250512,5604.8,5605.2,5658.0,5692.0,5625.0,5688.0,5673.2,82.8,68.0,52449.0,5937442.204,101404.0,
IC2505.CFX,20250512,5702.4,5704.8,5753.6,5791.0,5722.2,5786.0,5773.8,81.2,69.0,25583.0,2947445.408,39690.0,-2319.0
IC2506.CFX,20250512,5604.8,5605.2,5658.0,5692.0,5625.0,5688.0,5673.2,82.8,68.0,52449.0,5937442.204,101404.0,2505.0
IC2509.CFX,20250512,5455.8,5455.0,5496.0,5531.2,5477.4,5524.6,5511.8,69.6,56.8,12705.0,1398226.736,52048.0,1668.0
IC2512.CFX,20250512,5350.8,5349.6,5388.2,5425.4,5372.4,5417.8,5404.2,68.2,54.6,5584.0,602863.044,18287.0,1743.0
ICL.CFX,20250512,5702.4,5704.8,5753.6,5791.0,5722.2,5786.0,5773.8,81.2,69.0,25583.0,2947445.408,39690.0,
ICL1.CFX,20250512,5604.8,5605.2,5658.0,5692.0,5625.0,5688.0,5673.2,82.8,68.0,52449.0,5937442.204,101404.0,
ICL2.CFX,20250512,5455.8,5455.0,5496.0,5531.2,5477.4,5524.6,5511.8,69.6,56.8,12705.0,1398226.736,52048.0,
ICL3.CFX,20250512,5350.8,5349.6,5388.2,5425.4,5372.4,5417.8,5404.2,68.2,54.6,5584.0,602863.044,18287.0,
IF.CFX,20250512,3808.6,3806.0,3830.6,3858.8,3822.0,3853.0,3849.6,47.0,43.6,61843.0,7124627.904,152926.0,
IF2505.CFX,20250512,3840.2,3839.2,3869.2,3890.0,3853.4,3885.0,3882.6,45.8,43.4,31355.0,3642916.032,42225.0,2092.0
IF2506.CFX,20250512,3808.6,3806.0,3830.6,3858.8,3822.0,3853.0,3849.6,47.0,43.6,61843.0,7124627.904,152926.0,14106.0
IF2509.CFX,20250512,3743.6,3741.6,3759.2,3793.4,3759.2,3786.6,3783.0,45.0,41.4,13346.0,1511337.72,61534.0,2998.0
IF2512.CFX,20250512,3706.8,3705.2,3724.6,3756.4,3722.6,3749.6,3746.4,44.4,41.2,3543.0,397318.284,10741.0,1453.0
IFL.CFX,20250512,3840.2,3839.2,3869.2,3890.0,3853.4,3885.0,3882.6,45.8,43.4,31355.0,3642916.032,42225.0,
IFL1.CFX,20250512,3808.6,3806.0,3830.6,3858.8,3822.0,3853.0,3849.6,47.0,43.6,61843.0,7124627.904,152926.0,
IFL2.CFX,20250512,3743.6,3741.6,3759.2,3793.4,3759.2,3786.6,3783.0,45.0,41.4,13346.0,1511337.72,61534.0,
IFL3.CFX,20250512,3706.8,3705.2,3724.6,3756.4,3722.6,3749.6,3746.4,44.4,41.2,3543.0,397318.284,10741.0,
IH.CFX,20250512,2666.2,2666.2,2680.2,2697.0,2665.6,2686.6,2685.4,20.4,19.2,31684.0,2549347.476,50672.0,
IH2505.CFX,20250512,2683.6,2683.8,2690.0,2713.0,2681.0,2703.8,2702.2,20.0,18.4,13936.0,1127958.408,16772.0,854.0
IH2506.CFX,20250512,2666.2,2666.2,2680.2,2697.0,2665.6,2686.6,2685.4,20.4,19.2,31684.0,2549347.476,50672.0,7500.0
IH2509.CFX,20250512,2632.0,2632.0,2640.0,2663.0,2632.6,2653.2,2651.6,21.2,19.6,5559.0,441637.362,19398.0,1600.0
IH2512.CFX,20250512,2627.0,2626.8,2638.8,2659.4,2628.0,2649.0,2647.8,22.2,21.0,1311.0,103999.062,2639.0,520.0
IHL.CFX,20250512,2683.6,2683.8,2690.0,2713.0,2681.0,2703.8,2702.2,20.0,18.4,13936.0,1127958.408,16772.0,
IHL1.CFX,20250512,2666.2,2666.2,2680.2,2697.0,2665.6,2686.6,2685.4,20.4,19.2,31684.0,2549347.476,50672.0,
IHL2.CFX,20250512,2632.0,2632.0,2640.0,2663.0,2632.6,2653.2,2651.6,21.2,19.6,5559.0,441637.362,19398.0,
IHL3.CFX,20250512,2627.0,2626.8,2638.8,2659.4,2628.0,2649.0,2647.8,22.2,21.0,1311.0,103999.062,2639.0,
IL.DCE,20250512,761.0,757.5,768.5,777.0,757.0,761.0,767.0,3.5,9.5,208.0,1595.84,2285.0,
IM.CFX,20250512,5945.2,5944.0,6002.0,6039.0,5975.2,6037.0,6022.2,93.0,78.2,134023.0,16106796.612,170704.0,
IM2505.CFX,20250512,6056.2,6057.6,6119.6,6153.0,6084.4,6151.6,6137.2,94.0,79.6,40716.0,4984593.32,51530.0,-6527.0
IM2506.CFX,20250512,5945.2,5944.0,6002.0,6039.0,5975.2,6037.0,6022.2,93.0,78.2,134023.0,16106796.612,170704.0,5031.0
IM2509.CFX,20250512,5759.6,5758.8,5825.0,5845.2,5789.6,5843.4,5832.0,84.6,73.2,29274.0,3407770.688,75460.0,2040.0
IM2512.CFX,20250512,5620.8,5620.0,5665.8,5703.6,5647.6,5702.2,5690.2,82.2,70.2,8380.0,951803.492,27117.0,1059.0
IML.CFX,20250512,6056.2,6057.6,6119.6,6153.0,6084.4,6151.6,6137.2,94.0,79.6,40716.0,4984593.32,51530.0,
IML1.CFX,20250512,5945.2,5944.0,6002.0,6039.0,5975.2,6037.0,6022.2,93.0,78.2,134023.0,16106796.612,170704.0,
IML2.CFX,20250512,5759.6,5758.8,5825.0,5845.2,5789.6,5843.4,5832.0,84.6,73.2,29274.0,3407770.688,75460.0,
IML3.CFX,20250512,5620.8,5620.0,5665.8,5703.6,5647.6,5702.2,5690.2,82.2,70.2,8380.0,951803.492,27117.0,
J.DCE,20250512,1446.5,1460.5,1453.0,1476.0,1440.5,1471.5,1457.0,11.0,-3.5,29067.0,423589.93,50779.0,
J2505.DCE,20250512,1568.5,1570.0,1579.5,1579.5,1578.5,1578.5,1579.0,8.5,9.0,52.0,821.32,798.0,-100.0
J2506.DCE,20250512,1433.5,1437.5,1435.0,1452.0,1427.5,1452.0,1437.5,14.5,0.0,139.0,1998.32,86.0,3.0
J2507.DCE,20250512,1439.0,1453.0,1444.5,1466.5,1440.0,1465.5,1450.0,12.5,-3.0,50.0,725.02,106.0,-12.0
J2508.DCE,20250512,1482.5,1482.5,,,,1482.5,1482.5,0.0,0.0,0.0,0.0,17.0,0.0
J2509.DCE,20250512,1446.5,1460.5,1453.0,1476.0,1440.5,1471.5,1457.0,11.0,-3.5,29067.0,423589.93,50779.0,10.0
J2510.DCE,20250512,1483.5,1486.5,,,,1486.5,1486.5,0.0,0.0,1.0,14.84,43.0,0.0
J2511.DCE,20250512,1488.5,1488.5,,,,1488.5,1488.5,0.0,0.0,0.0,0.0,9.0,0.0
J2512.DCE,20250512,1483.5,1486.0,1475.5,1475.5,1475.5,1475.5,1475.5,-10.5,-10.5,1.0,14.76,8.0,0.0
J2601.DCE,20250512,1474.0,1490.5,1479.5,1500.0,1465.5,1499.5,1481.0,9.0,-9.5,660.0,9776.96,1422.0,173.0
J2602.DCE,20250512,1527.0,1527.0,1490.0,1496.5,1490.0,1490.0,1493.0,-37.0,-34.0,4.0,59.73,9.0,2.0
J2603.DCE,20250512,1584.5,1584.5,,,,1531.5,1531.5,-53.0,-53.0,0.0,0.0,2.0,0.0
J2604.DCE,20250512,1596.5,1596.5,,,,1596.5,1596.5,0.0,0.0,0.0,0.0,0.0,0.0
JD.DCE,20250512,2895.0,2906.0,2909.0,2935.0,2894.0,2927.0,2914.0,21.0,8.0,99227.0,289231.75,102969.0,
JD2505.DCE,20250512,3013.0,3013.0,3134.0,3134.0,3100.0,3110.0,3111.0,97.0,98.0,41.0,127.57,116.0,-13.0
JD2506.DCE,20250512,2895.0,2906.0,2909.0,2935.0,2894.0,2927.0,2914.0,21.0,8.0,99227.0,289231.75,102969.0,-7980.0
JD2507.DCE,20250512,3034.0,3035.0,3045.0,3055.0,3017.0,3052.0,3036.0,17.0,1.0,56539.0,171685.34,132634.0,3633.0
JD2508.DCE,20250512,3671.0,3668.0,3680.0,3697.0,3650.0,3691.0,3673.0,23.0,5.0,41454.0,152295.2,118192.0,6900.0
JD2509.DCE,20250512,3767.0,3767.0,3780.0,3808.0,3760.0,3800.0,3784.0,33.0,17.0,22595.0,85520.43,78881.0,-393.0
JD2510.DCE,20250512,3510.0,3508.0,3512.0,3534.0,3504.0,3530.0,3520.0,22.0,12.0,4697.0,16534.11,24599.0,1134.0
JD2511.DCE,20250512,3505.0,3506.0,3509.0,3532.0,3501.0,3528.0,3518.0,22.0,12.0,844.0,2969.92,4998.0,106.0
JD2512.DCE,20250512,3650.0,3645.0,3648.0,3673.0,3642.0,3673.0,3660.0,28.0,15.0,402.0,1471.36,6637.0,100.0
JD2601.DCE,20250512,3689.0,3686.0,3685.0,3704.0,3681.0,3702.0,3691.0,16.0,5.0,1583.0,5843.02,10875.0,342.0
JD2602.DCE,20250512,3242.0,3239.0,3240.0,3254.0,3231.0,3252.0,3245.0,13.0,6.0,203.0,658.77,2988.0,54.0
JD2603.DCE,20250512,3230.0,3230.0,3230.0,3246.0,3221.0,3238.0,3234.0,8.0,4.0,250.0,808.55,2034.0,9.0
JD2604.DCE,20250512,3269.0,3265.0,3260.0,3282.0,3258.0,3274.0,3271.0,9.0,6.0,123.0,402.43,568.0,12.0
JDL.DCE,20250512,3013.0,3013.0,3134.0,3134.0,3100.0,3110.0,3111.0,97.0,98.0,41.0,127.57,116.0,
JL.DCE,20250512,1568.5,1570.0,1579.5,1579.5,1578.5,1578.5,1579.0,8.5,9.0,52.0,821.32,798.0,
JM.DCE,20250512,877.5,883.5,877.0,891.5,864.5,889.5,878.0,6.0,-5.5,511424.0,2694681.67,399857.0,
JM2505.DCE,20250512,860.0,866.0,868.5,868.5,860.0,860.0,860.5,-6.0,-5.5,49.0,253.1,3264.0,-249.0
JM2506.DCE,20250512,860.5,867.0,857.5,876.5,851.5,875.0,866.0,8.0,-1.0,2129.0,11062.47,5097.0,-879.0
JM2507.DCE,20250512,874.5,878.5,874.5,883.5,863.5,883.5,875.0,5.0,-3.5,2124.0,11154.68,9626.0,-48.0
JM2508.DCE,20250512,879.0,880.0,875.5,886.0,865.0,885.0,876.5,5.0,-3.5,1319.0,6938.16,5590.0,85.0
JM2509.DCE,20250512,877.5,883.5,877.0,891.5,864.5,889.5,878.0,6.0,-5.5,511424.0,2694681.67,399857.0,-3159.0
JM2510.DCE,20250512,882.5,889.5,881.0,892.0,870.0,889.0,881.0,-0.5,-8.5,682.0,3606.02,2846.0,147.0
JM2511.DCE,20250512,891.5,899.5,893.5,893.5,875.5,892.5,886.5,-7.0,-13.0,213.0,1133.06,301.0,11.0
JM2512.DCE,20250512,895.5,904.5,896.0,900.0,879.0,897.0,888.0,-7.5,-16.5,262.0,1396.26,383.0,-74.0
JM2601.DCE,20250512,896.0,905.0,896.5,902.5,878.0,900.5,891.0,-4.5,-14.0,28395.0,151880.93,27484.0,4904.0
JM2602.DCE,20250512,905.0,912.0,902.0,908.5,889.5,905.0,900.0,-7.0,-12.0,42.0,226.88,80.0,11.0
JM2603.DCE,20250512,917.0,925.5,910.5,922.5,898.0,912.5,907.5,-13.0,-18.0,90.0,490.24,156.0,33.0
JM2604.DCE,20250512,918.0,934.5,914.0,918.5,900.0,914.5,908.0,-20.0,-26.5,79.0,430.41,165.0,18.0
JML.DCE,20250512,860.0,866.0,868.5,868.5,860.0,860.0,860.5,-6.0,-5.5,49.0,253.1,3264.0,
JR.ZCE,20250512,2662.0,2662.0,,,,2662.0,2662.0,0.0,0.0,0.0,0.0,0.0,
JR2505.ZCE,20250512,2662.0,2662.0,,,,2662.0,2662.0,0.0,0.0,0.0,0.0,0.0,0.0
JR2507.ZCE,20250512,2662.0,2662.0,,,,2662.0,2662.0,0.0,0.0,0.0,0.0,0.0,0.0
JR2509.ZCE,20250512,2662.0,2662.0,,,,2662.0,2662.0,0.0,0.0,0.0,0.0,0.0,0.0
JR2511.ZCE,20250512,2662.0,2662.0,,,,2662.0,2662.0,0.0,0.0,0.0,0.0,0.0,0.0
JR2601.ZCE,20250512,2662.0,2662.0,,,,2662.0,2662.0,0.0,0.0,0.0,0.0,0.0,0.0
JR2603.ZCE,20250512,2662.0,2662.0,,,,2662.0,2662.0,0.0,0.0,0.0,0.0,0.0,0.0
JRL.ZCE,20250512,2662.0,2662.0,,,,2662.0,2662.0,0.0,0.0,0.0,0.0,0.0,
L.DCE,20250512,6976.0,7014.0,6984.0,7095.0,6946.0,7090.0,7023.0,76.0,9.0,471649.0,1656388.5,540833.0,
L2505.DCE,20250512,7230.0,7246.0,7246.0,7282.0,7177.0,7282.0,7252.0,36.0,6.0,1358.0,4924.38,3255.0,-1193.0
L2506.DCE,20250512,7126.0,7187.0,7138.0,7215.0,7114.0,7215.0,7170.0,28.0,-17.0,5812.0,20838.02,7013.0,-597.0
L2507.DCE,20250512,7056.0,7105.0,7056.0,7173.0,7033.0,7170.0,7112.0,65.0,7.0,17457.0,62077.33,10798.0,262.0
L2508.DCE,20250512,7014.0,7054.0,7011.0,7132.0,6990.0,7129.0,7057.0,75.0,3.0,1484.0,5236.7,6087.0,270.0
L2509.DCE,20250512,6976.0,7014.0,6984.0,7095.0,6946.0,7090.0,7023.0,76.0,9.0,471649.0,1656388.5,540833.0,-3433.0
L2510.DCE,20250512,6952.0,6991.0,6955.0,7060.0,6920.0,7058.0,6986.0,67.0,-5.0,1264.0,4415.69,4369.0,325.0
L2511.DCE,20250512,6967.0,6981.0,6937.0,7052.0,6919.0,7052.0,6969.0,71.0,-12.0,83.0,289.25,265.0,21.0
L2512.DCE,20250512,6948.0,6985.0,6939.0,7041.0,6917.0,7038.0,6979.0,53.0,-6.0,104.0,362.93,445.0,-2.0
L2601.DCE,20250512,6911.0,6947.0,6918.0,7032.0,6883.0,7026.0,6954.0,79.0,7.0,49493.0,172093.31,75486.0,5747.0
L2602.DCE,20250512,6909.0,6945.0,6909.0,7020.0,6885.0,7020.0,6975.0,75.0,30.0,81.0,282.49,264.0,-11.0
L2603.DCE,20250512,6936.0,6936.0,6980.0,7015.0,6980.0,7015.0,6998.0,79.0,62.0,21.0,73.48,86.0,-17.0
L2604.DCE,20250512,6923.0,6964.0,6963.0,7033.0,6960.0,7032.0,6999.0,68.0,35.0,7.0,24.5,20.0,-1.0
LC.GFE,20250512,63020.0,63700.0,63720.0,64480.0,62560.0,64040.0,63660.0,340.0,-40.0,313934.0,1998578.02,284331.0,
LC2505.GFE,20250512,63040.0,63820.0,63600.0,64240.0,63420.0,64160.0,63720.0,340.0,-100.0,271.0,1726.84,1315.0,-786.0
LC2506.GFE,20250512,63100.0,63740.0,63100.0,64400.0,62620.0,64000.0,63780.0,260.0,40.0,18623.0,118797.93,22150.0,1058.0
LC2507.GFE,20250512,63020.0,63700.0,63720.0,64480.0,62560.0,64040.0,63660.0,340.0,-40.0,313934.0,1998578.02,284331.0,-5972.0
LC2508.GFE,20250512,64160.0,64820.0,64500.0,65440.0,63680.0,65120.0,64720.0,300.0,-100.0,23209.0,150223.04,54593.0,684.0
LC2509.GFE,20250512,64300.0,64980.0,65460.0,65620.0,63840.0,65200.0,64880.0,220.0,-100.0,37114.0,240805.17,58892.0,1182.0
LC2510.GFE,20250512,64420.0,65040.0,65000.0,65720.0,64040.0,65460.0,65180.0,420.0,140.0,1453.0,9471.75,12528.0,-21.0
LC2511.GFE,20250512,64640.0,65120.0,65000.0,65860.0,64180.0,65440.0,65160.0,320.0,40.0,3964.0,25834.08,18288.0,722.0
LC2512.GFE,20250512,65400.0,66180.0,66000.0,66500.0,65060.0,66180.0,66100.0,0.0,-80.0,1918.0,12679.55,8700.0,908.0
LC2601.GFE,20250512,65640.0,66380.0,66320.0,66660.0,65220.0,66500.0,66160.0,120.0,-220.0,490.0,3242.52,3214.0,124.0
LC2602.GFE,20250512,65840.0,66760.0,66660.0,66860.0,65560.0,66680.0,66460.0,-80.0,-300.0,41.0,272.53,410.0,13.0
LC2603.GFE,20250512,65900.0,66860.0,66480.0,67040.0,65600.0,66860.0,66660.0,0.0,-200.0,129.0,860.09,1339.0,20.0
LC2604.GFE,20250512,66500.0,67520.0,67560.0,67780.0,66220.0,67680.0,67320.0,160.0,-200.0,90.0,605.91,763.0,23.0
LCL.GFE,20250512,63040.0,63820.0,63600.0,64240.0,63420.0,64160.0,63720.0,340.0,-100.0,271.0,1726.84,1315.0,
LG.DCE,20250512,784.5,785.0,790.5,810.0,787.0,804.0,798.5,19.0,13.5,29602.0,212809.88,26650.0,
LG2507.DCE,20250512,784.5,785.0,790.5,810.0,787.0,804.0,798.5,19.0,13.5,29602.0,212809.88,26650.0,-4061.0
LG2509.DCE,20250512,799.0,798.0,802.5,817.5,800.0,813.0,809.0,15.0,11.0,1777.0,12942.11,5528.0,-234.0
LG2511.DCE,20250512,804.0,802.5,810.0,818.0,805.5,813.5,812.5,11.0,10.0,74.0,541.14,719.0,-15.0
LG2601.DCE,20250512,800.0,799.5,805.5,815.0,805.5,815.0,808.5,15.5,9.0,5.0,36.4,46.0,0.0
LG2603.DCE,20250512,801.5,802.5,,,,813.5,813.5,11.0,11.0,0.0,0.0,5.0,0.0
LGL.DCE,20250512,784.5,785.0,790.5,810.0,787.0,804.0,798.5,19.0,13.5,29602.0,212809.88,26650.0,
LH.DCE,20250512,13925.0,13900.0,13900.0,13930.0,13855.0,13870.0,13885.0,-30.0,-15.0,18946.0,420921.47,71354.0,
LH2505.DCE,20250512,14145.0,14145.0,14145.0,14200.0,14145.0,14200.0,14150.0,55.0,5.0,112.0,2536.22,522.0,-109.0
LH2507.DCE,20250512,13495.0,13495.0,13515.0,13570.0,13480.0,13525.0,13520.0,30.0,25.0,5047.0,109195.73,29892.0,-776.0
LH2509.DCE,20250512,13925.0,13900.0,13900.0,13930.0,13855.0,13870.0,13885.0,-30.0,-15.0,18946.0,420921.47,71354.0,35.0
LH2511.DCE,20250512,13625.0,13595.0,13600.0,13635.0,13560.0,13580.0,13595.0,-15.0,0.0,4307.0,93700.33,29610.0,454.0
LH2601.DCE,20250512,13835.0,13835.0,13825.0,13855.0,13780.0,13785.0,13805.0,-50.0,-30.0,1053.0,23266.2,9279.0,219.0
LH2603.DCE,20250512,13165.0,13155.0,13140.0,13190.0,13135.0,13140.0,13145.0,-15.0,-10.0,1541.0,32416.03,10727.0,683.0
LHL.DCE,20250512,14145.0,14145.0,14145.0,14200.0,14145.0,14200.0,14150.0,55.0,5.0,112.0,2536.22,522.0,
LL.DCE,20250512,7230.0,7246.0,7246.0,7282.0,7177.0,7282.0,7252.0,36.0,6.0,1358.0,4924.38,3255.0,
LR.ZCE,20250512,2360.0,2360.0,,,,2360.0,2360.0,0.0,0.0,0.0,0.0,0.0,
LR2505.ZCE,20250512,2360.0,2360.0,,,,2360.0,2360.0,0.0,0.0,0.0,0.0,0.0,0.0
LR2507.ZCE,20250512,2360.0,2360.0,,,,2360.0,2360.0,0.0,0.0,0.0,0.0,0.0,0.0
LR2509.ZCE,20250512,2360.0,2360.0,,,,2360.0,2360.0,0.0,0.0,0.0,0.0,0.0,0.0
LR2511.ZCE,20250512,2360.0,2360.0,,,,2360.0,2360.0,0.0,0.0,0.0,0.0,0.0,0.0
LR2601.ZCE,20250512,2360.0,2360.0,,,,2360.0,2360.0,0.0,0.0,0.0,0.0,0.0,0.0
LRL.ZCE,20250512,2360.0,2360.0,,,,2360.0,2360.0,0.0,0.0,0.0,0.0,0.0,
LU.INE,20250512,3472.0,3464.0,3490.0,3523.0,3453.0,3518.0,3479.0,54.0,15.0,79621.0,277062.22,63907.0,
LU2506.INE,20250512,3531.0,3522.0,3545.0,3579.0,3499.0,3572.0,3527.0,50.0,5.0,6044.0,21319.28,9144.0,-1612.0
LU2507.INE,20250512,3472.0,3464.0,3490.0,3523.0,3453.0,3518.0,3479.0,54.0,15.0,79621.0,277062.22,63907.0,-1767.0
LU2508.INE,20250512,3420.0,3407.0,3436.0,3475.0,3402.0,3468.0,3430.0,61.0,23.0,28853.0,98971.62,48420.0,-455.0
LU2509.INE,20250512,3377.0,3361.0,3399.0,3433.0,3360.0,3431.0,3384.0,70.0,23.0,1308.0,4427.51,4648.0,-151.0
LU2510.INE,20250512,3358.0,3342.0,3351.0,3400.0,3348.0,3400.0,3372.0,58.0,30.0,23.0,77.58,289.0,-16.0
LU2511.INE,20250512,3335.0,3314.0,3332.0,3385.0,3332.0,3385.0,3355.0,71.0,41.0,6.0,20.13,179.0,-2.0
LU2512.INE,20250512,3314.0,3303.0,3318.0,3365.0,3318.0,3365.0,3342.0,62.0,39.0,8.0,26.74,184.0,-3.0
LU2601.INE,20250512,3318.0,3301.0,3314.0,3355.0,3301.0,3355.0,3320.0,54.0,19.0,18.0,59.78,577.0,-2.0
LU2602.INE,20250512,3298.0,3299.0,3294.0,3337.0,3294.0,3337.0,3313.0,38.0,14.0,4.0,13.25,178.0,-1.0
LU2603.INE,20250512,3275.0,3272.0,3281.0,3322.0,3272.0,3322.0,3301.0,50.0,29.0,6.0,19.81,107.0,-2.0
LU2604.INE,20250512,3275.0,3255.0,3284.0,3303.0,3284.0,3303.0,3293.0,48.0,38.0,4.0,13.17,24.0,-3.0
LU2605.INE,20250512,3269.0,3269.0,3252.0,3264.0,3252.0,3263.0,3260.0,-6.0,-9.0,4.0,13.04,5.0,0.0
LUL.INE,20250512,3531.0,3522.0,3545.0,3579.0,3499.0,3572.0,3527.0,50.0,5.0,6044.0,21319.28,9144.0,
M.DCE,20250512,2899.0,2913.0,2905.0,2911.0,2865.0,2908.0,2893.0,-5.0,-20.0,1806635.0,5226704.3,2579668.0,
M2505.DCE,20250512,2805.0,2801.0,2801.0,2812.0,2724.0,2762.0,2771.0,-39.0,-30.0,741.0,2053.92,15697.0,218.0
M2507.DCE,20250512,2764.0,2782.0,2771.0,2776.0,2718.0,2750.0,2747.0,-32.0,-35.0,265187.0,728618.09,554727.0,-16301.0
M2508.DCE,20250512,2886.0,2901.0,2891.0,2897.0,2852.0,2894.0,2880.0,-7.0,-21.0,30371.0,87480.99,192580.0,7792.0
M2509.DCE,20250512,2899.0,2913.0,2905.0,2911.0,2865.0,2908.0,2893.0,-5.0,-20.0,1806635.0,5226704.3,2579668.0,-28208.0
M2511.DCE,20250512,2931.0,2943.0,2940.0,2944.0,2899.0,2941.0,2926.0,-2.0,-17.0,59535.0,174219.76,315006.0,10910.0
M2512.DCE,20250512,2963.0,2972.0,2974.0,2974.0,2935.0,2969.0,2958.0,-3.0,-14.0,9832.0,29086.7,83278.0,614.0
M2601.DCE,20250512,2945.0,2953.0,2953.0,2954.0,2913.0,2948.0,2938.0,-5.0,-15.0,204192.0,600024.68,575424.0,-9694.0
M2603.DCE,20250512,2839.0,2844.0,2843.0,2857.0,2822.0,2853.0,2841.0,9.0,-3.0,28556.0,81132.03,98731.0,1664.0
MA.ZCE,20250512,2227.0,2230.0,2232.0,2271.0,2221.0,2270.0,2245.0,40.0,15.0,636526.0,1429314.35,757482.0,
MA2505.ZCE,20250512,2303.0,2310.0,2319.0,2338.0,2319.0,2338.0,2326.0,28.0,16.0,841.0,1953.54,3861.0,-752.0
MA2506.ZCE,20250512,2270.0,2271.0,2274.0,2318.0,2265.0,2318.0,2294.0,47.0,23.0,13328.0,30570.94,28089.0,-2725.0
MA2507.ZCE,20250512,2247.0,2250.0,2254.0,2296.0,2243.0,2295.0,2267.0,45.0,17.0,9190.0,20834.78,4187.0,146.0
MA2508.ZCE,20250512,2236.0,2239.0,2244.0,2283.0,2232.0,2282.0,2255.0,43.0,16.0,3545.0,7994.26,1302.0,54.0
MA2509.ZCE,20250512,2227.0,2230.0,2232.0,2271.0,2221.0,2270.0,2245.0,40.0,15.0,636526.0,1429314.35,757482.0,-10354.0
MA2510.ZCE,20250512,2237.0,2239.0,2240.0,2275.0,2233.0,2275.0,2249.0,36.0,10.0,174.0,391.28,2728.0,-28.0
MA2511.ZCE,20250512,2248.0,2254.0,2253.0,2290.0,2248.0,2290.0,2266.0,36.0,12.0,144.0,326.33,4566.0,-30.0
MA2512.ZCE,20250512,2287.0,2285.0,2284.0,2322.0,2280.0,2322.0,2302.0,37.0,17.0,39.0,89.78,667.0,7.0
MA2601.ZCE,20250512,2290.0,2296.0,2295.0,2334.0,2283.0,2334.0,2309.0,38.0,13.0,45145.0,104223.03,157085.0,11690.0
MA2602.ZCE,20250512,2284.0,2280.0,2284.0,2314.0,2277.0,2313.0,2300.0,33.0,20.0,22.0,50.61,1799.0,-6.0
MA2603.ZCE,20250512,2276.0,2279.0,2274.0,2308.0,2271.0,2308.0,2289.0,29.0,10.0,36.0,82.39,1502.0,-5.0
MA2604.ZCE,20250512,2278.0,2285.0,2286.0,2310.0,2276.0,2309.0,2294.0,24.0,9.0,16.0,36.71,46.0,-4.0
MAL.ZCE,20250512,2303.0,2310.0,2319.0,2338.0,2319.0,2338.0,2326.0,28.0,16.0,841.0,1953.54,3861.0,
ML.DCE,20250512,2805.0,2801.0,2801.0,2812.0,2724.0,2762.0,2771.0,-39.0,-30.0,741.0,2053.92,15697.0,
NI.SHF,20250512,123450.0,123660.0,124150.0,126800.0,123910.0,126130.0,125770.0,2470.0,2110.0,235469.0,2961588.77,67717.0,
NI2505.SHF,20250512,123240.0,123370.0,123240.0,126250.0,123240.0,125920.0,124620.0,2550.0,1250.0,672.0,8374.48,6630.0,-12.0
NI2506.SHF,20250512,123450.0,123660.0,124150.0,126800.0,123910.0,126130.0,125770.0,2470.0,2110.0,235469.0,2961588.77,67717.0,-3274.0
NI2507.SHF,20250512,123550.0,123830.0,124200.0,126900.0,124080.0,126290.0,125940.0,2460.0,2110.0,62575.0,788097.77,50799.0,633.0
NI2508.SHF,20250512,123790.0,124030.0,124380.0,127100.0,124270.0,126440.0,126140.0,2410.0,2110.0,11001.0,138774.5,20148.0,412.0
NI2509.SHF,20250512,124050.0,124200.0,124660.0,127270.0,124480.0,126680.0,126280.0,2480.0,2080.0,9521.0,120233.38,14697.0,-509.0
NI2510.SHF,20250512,124220.0,124450.0,124780.0,127380.0,124690.0,126790.0,126490.0,2340.0,2040.0,323.0,4085.74,946.0,26.0
NI2511.SHF,20250512,124500.0,124640.0,125260.0,127580.0,125220.0,127000.0,126790.0,2360.0,2150.0,104.0,1318.72,339.0,47.0
NI2512.SHF,20250512,124670.0,124940.0,125620.0,127770.0,125400.0,127230.0,126660.0,2290.0,1720.0,44.0,557.33,210.0,5.0
NI2601.SHF,20250512,124880.0,125090.0,125510.0,128000.0,125510.0,127600.0,127260.0,2510.0,2170.0,144.0,1832.65,560.0,14.0
NI2602.SHF,20250512,125220.0,125370.0,126040.0,128000.0,126040.0,127260.0,127400.0,1890.0,2030.0,34.0,433.18,65.0,0.0
NI2603.SHF,20250512,125490.0,125580.0,126680.0,128200.0,126680.0,127950.0,127880.0,2370.0,2300.0,20.0,255.77,79.0,-3.0
NI2604.SHF,20250512,125920.0,125930.0,,,,125930.0,125930.0,0.0,0.0,0.0,0.0,15.0,0.0
NIL.SHF,20250512,123240.0,123370.0,123240.0,126250.0,123240.0,125920.0,124620.0,2550.0,1250.0,672.0,8374.48,6630.0,
NR.INE,20250512,12415.0,12520.0,12415.0,12825.0,12300.0,12820.0,12555.0,300.0,35.0,150709.0,1892646.53,47288.0,
NR2505.INE,20250512,12500.0,12600.0,12480.0,12680.0,12400.0,12680.0,12540.0,80.0,-60.0,270.0,3386.15,3700.0,-110.0
NR2506.INE,20250512,12415.0,12520.0,12415.0,12825.0,12300.0,12820.0,12555.0,300.0,35.0,150709.0,1892646.53,47288.0,-1921.0
NR2507.INE,20250512,12370.0,12465.0,12365.0,12770.0,12285.0,12750.0,12515.0,285.0,50.0,61495.0,769754.52,48504.0,2407.0
NR2508.INE,20250512,12355.0,12445.0,12380.0,12735.0,12280.0,12720.0,12510.0,275.0,65.0,23371.0,292435.67,23862.0,1284.0
NR2509.INE,20250512,12370.0,12450.0,12385.0,12740.0,12290.0,12720.0,12505.0,270.0,55.0,8769.0,109681.07,19582.0,-341.0
NR2510.INE,20250512,12385.0,12495.0,12425.0,12780.0,12330.0,12745.0,12650.0,250.0,155.0,837.0,10591.86,3435.0,373.0
NR2511.INE,20250512,12495.0,12560.0,12460.0,12815.0,12460.0,12815.0,12710.0,255.0,150.0,35.0,444.94,1019.0,-9.0
NR2512.INE,20250512,12520.0,12595.0,12495.0,12850.0,12455.0,12845.0,12660.0,250.0,65.0,40.0,506.46,797.0,-14.0
NR2601.INE,20250512,12600.0,12645.0,12565.0,12920.0,12505.0,12920.0,12705.0,275.0,60.0,241.0,3063.08,2478.0,-25.0
NR2602.INE,20250512,12730.0,12730.0,12725.0,12725.0,12725.0,12725.0,12725.0,-5.0,-5.0,1.0,12.73,38.0,0.0
NR2603.INE,20250512,12690.0,12720.0,12645.0,12885.0,12600.0,12885.0,12735.0,165.0,15.0,10.0,127.37,47.0,1.0
NR2604.INE,20250512,12825.0,12825.0,12855.0,12855.0,12855.0,12855.0,12855.0,30.0,30.0,1.0,12.86,28.0,0.0
NRL.INE,20250512,12500.0,12600.0,12480.0,12680.0,12400.0,12680.0,12540.0,80.0,-60.0,270.0,3386.15,3700.0,
OI.ZCE,20250512,9355.0,9388.0,9375.0,9440.0,9213.0,9378.0,9318.0,-10.0,-70.0,655070.0,6103654.24,292927.0,
OI2505.ZCE,20250512,9460.0,9472.0,9400.0,9400.0,9400.0,9400.0,9400.0,-72.0,-72.0,1.0,9.4,1005.0,-101.0
OI2507.ZCE,20250512,9430.0,9463.0,9450.0,9509.0,9288.0,9449.0,9391.0,-14.0,-72.0,36498.0,342760.11,21233.0,-1071.0
OI2509.ZCE,20250512,9355.0,9388.0,9375.0,9440.0,9213.0,9378.0,9318.0,-10.0,-70.0,655070.0,6103654.24,292927.0,-15753.0
OI2511.ZCE,20250512,9280.0,9309.0,9306.0,9351.0,9137.0,9286.0,9246.0,-23.0,-63.0,1959.0,18112.32,1348.0,-201.0
OI2601.ZCE,20250512,9207.0,9231.0,9230.0,9273.0,9051.0,9200.0,9140.0,-31.0,-91.0,28656.0,261920.22,41462.0,2898.0
OI2603.ZCE,20250512,9107.0,9134.0,9149.0,9179.0,8980.0,9105.0,9088.0,-29.0,-46.0,89.0,808.85,267.0,10.0
OIL.ZCE,20250512,9460.0,9472.0,9400.0,9400.0,9400.0,9400.0,9400.0,-72.0,-72.0,1.0,9.4,1005.0,
P.DCE,20250512,7886.0,7940.0,7930.0,8030.0,7898.0,8024.0,7956.0,84.0,16.0,674022.0,5363410.35,404100.0,
P2505.DCE,20250512,8226.0,8226.0,8226.0,8450.0,8226.0,8450.0,8346.0,224.0,120.0,9.0,75.12,333.0,-5.0
P2506.DCE,20250512,8098.0,8134.0,8134.0,8212.0,8098.0,8190.0,8154.0,56.0,20.0,4509.0,36769.7,5844.0,-440.0
P2507.DCE,20250512,7978.0,8020.0,8020.0,8110.0,7986.0,8100.0,8048.0,80.0,28.0,4519.0,36370.05,13151.0,-80.0
P2508.DCE,20250512,7926.0,7972.0,7974.0,8064.0,7942.0,8062.0,8016.0,90.0,44.0,397.0,3182.57,1116.0,16.0
P2509.DCE,20250512,7886.0,7940.0,7930.0,8030.0,7898.0,8024.0,7956.0,84.0,16.0,674022.0,5363410.35,404100.0,-11313.0
P2510.DCE,20250512,7890.0,7940.0,7916.0,8022.0,7914.0,8022.0,7974.0,82.0,34.0,270.0,2152.99,1552.0,-123.0
P2511.DCE,20250512,7892.0,7958.0,7930.0,8012.0,7908.0,8006.0,7978.0,48.0,20.0,128.0,1021.19,757.0,18.0
P2512.DCE,20250512,7898.0,7936.0,7918.0,8020.0,7918.0,8018.0,7978.0,82.0,42.0,72.0,574.48,274.0,34.0
P2601.DCE,20250512,7872.0,7944.0,7918.0,8026.0,7896.0,8022.0,7956.0,78.0,12.0,30678.0,244091.66,84232.0,123.0
P2602.DCE,20250512,7884.0,7940.0,7918.0,8016.0,7918.0,8016.0,7964.0,76.0,24.0,13.0,103.55,811.0,-2.0
P2603.DCE,20250512,7872.0,7932.0,7902.0,8012.0,7900.0,8012.0,7950.0,80.0,18.0,53.0,421.41,114.0,-3.0
P2604.DCE,20250512,7870.0,7922.0,7900.0,7990.0,7900.0,7962.0,7956.0,40.0,34.0,9.0,71.61,50.0,3.0
PB.SHF,20250512,16805.0,16790.0,16900.0,17015.0,16800.0,16995.0,16925.0,205.0,135.0,42622.0,360704.7,33309.0,
PB2505.SHF,20250512,16825.0,16780.0,16840.0,16965.0,16795.0,16955.0,16885.0,175.0,105.0,260.0,2195.13,5740.0,-75.0
PB2506.SHF,20250512,16805.0,16790.0,16900.0,17015.0,16800.0,16995.0,16925.0,205.0,135.0,42622.0,360704.7,33309.0,-145.0
PB2507.SHF,20250512,16795.0,16790.0,16850.0,17010.0,16820.0,17000.0,16925.0,210.0,135.0,20441.0,173008.15,23918.0,1937.0
PB2508.SHF,20250512,16785.0,16780.0,16870.0,17005.0,16815.0,17000.0,16925.0,220.0,145.0,1886.0,15961.43,7171.0,-70.0
PB2509.SHF,20250512,16805.0,16800.0,16875.0,16985.0,16820.0,16940.0,16925.0,140.0,125.0,264.0,2234.24,1207.0,-90.0
PB2510.SHF,20250512,16815.0,16830.0,16870.0,16995.0,16825.0,16995.0,16955.0,165.0,125.0,109.0,924.21,1036.0,85.0
PB2511.SHF,20250512,16850.0,16850.0,16915.0,17025.0,16850.0,17000.0,16965.0,150.0,115.0,24.0,203.6,231.0,11.0
PB2512.SHF,20250512,16850.0,16835.0,16915.0,16915.0,16915.0,16915.0,16915.0,80.0,80.0,4.0,33.83,51.0,-3.0
PB2601.SHF,20250512,16785.0,16750.0,16920.0,17030.0,16915.0,17010.0,16955.0,260.0,205.0,24.0,203.51,65.0,9.0
PB2602.SHF,20250512,16895.0,16870.0,16935.0,16935.0,16935.0,16935.0,16935.0,65.0,65.0,1.0,8.47,26.0,0.0
PB2603.SHF,20250512,16870.0,16810.0,16935.0,17025.0,16935.0,17025.0,16985.0,215.0,175.0,3.0,25.48,24.0,0.0
PB2604.SHF,20250512,16840.0,16790.0,16935.0,17000.0,16935.0,17000.0,16960.0,210.0,170.0,11.0,93.29,27.0,-6.0
PBL.SHF,20250512,16825.0,16780.0,16840.0,16965.0,16795.0,16955.0,16885.0,175.0,105.0,260.0,2195.13,5740.0,
PF.ZCE,20250512,6298.0,6284.0,6304.0,6458.0,6270.0,6454.0,6360.0,170.0,76.0,132584.0,421636.77,52798.0,
PF2505.ZCE,20250512,6240.0,6240.0,6280.0,6362.0,6280.0,6362.0,6346.0,122.0,106.0,5.0,15.86,1679.0,-3.0
PF2506.ZCE,20250512,6298.0,6284.0,6304.0,6458.0,6270.0,6454.0,6360.0,170.0,76.0,132584.0,421636.77,52798.0,-7545.0
PF2507.ZCE,20250512,6264.0,6256.0,6266.0,6402.0,6228.0,6396.0,6314.0,140.0,58.0,107039.0,337936.88,142908.0,8937.0
PF2508.ZCE,20250512,6242.0,6232.0,6248.0,6376.0,6202.0,6374.0,6280.0,142.0,48.0,23184.0,72801.88,29981.0,3731.0
PF2509.ZCE,20250512,6226.0,6214.0,6234.0,6358.0,6184.0,6352.0,6272.0,138.0,58.0,30958.0,97083.82,40020.0,6478.0
PF2510.ZCE,20250512,6276.0,6278.0,6278.0,6414.0,6272.0,6414.0,6394.0,136.0,116.0,59.0,188.61,279.0,0.0
PF2511.ZCE,20250512,6268.0,6274.0,6280.0,6414.0,6280.0,6404.0,6372.0,130.0,98.0,33.0,105.15,93.0,-2.0
PF2512.ZCE,20250512,6282.0,6282.0,6346.0,6412.0,6346.0,6378.0,6368.0,96.0,86.0,20.0,63.68,622.0,-9.0
PF2601.ZCE,20250512,6292.0,6286.0,6276.0,6394.0,6270.0,6382.0,6346.0,96.0,60.0,48.0,152.3,907.0,-2.0
PF2602.ZCE,20250512,6308.0,6300.0,6290.0,6408.0,6288.0,6394.0,6318.0,94.0,18.0,18.0,56.85,169.0,-1.0
PF2603.ZCE,20250512,6314.0,6316.0,6388.0,6406.0,6388.0,6406.0,6394.0,90.0,78.0,4.0,12.79,28.0,-1.0
PF2604.ZCE,20250512,6324.0,6314.0,,,,6410.0,6410.0,96.0,96.0,0.0,0.0,8.0,0.0
PFL.ZCE,20250512,6240.0,6240.0,6280.0,6362.0,6280.0,6362.0,6346.0,122.0,106.0,5.0,15.86,1679.0,
PG.DCE,20250512,4367.0,4385.0,4385.0,4393.0,4335.0,4359.0,4362.0,-26.0,-23.0,79708.0,695468.93,60738.0,
PG2505.DCE,20250512,4600.0,4600.0,,,,4600.0,4600.0,0.0,0.0,0.0,0.0,1004.0,-50.0
PG2506.DCE,20250512,4367.0,4385.0,4385.0,4393.0,4335.0,4359.0,4362.0,-26.0,-23.0,79708.0,695468.93,60738.0,2207.0
PG2507.DCE,20250512,4263.0,4284.0,4274.0,4288.0,4218.0,4262.0,4252.0,-22.0,-32.0,30733.0,261369.06,47343.0,3577.0
PG2508.DCE,20250512,4179.0,4204.0,4192.0,4200.0,4125.0,4177.0,4162.0,-27.0,-42.0,9270.0,77164.45,21194.0,1766.0
PG2509.DCE,20250512,4088.0,4111.0,4110.0,4111.0,4030.0,4090.0,4068.0,-21.0,-43.0,6275.0,51061.85,8827.0,1248.0
PG2510.DCE,20250512,4415.0,4439.0,4415.0,4432.0,4321.0,4388.0,4365.0,-51.0,-74.0,3821.0,33358.08,6957.0,762.0
PG2511.DCE,20250512,4354.0,4383.0,4348.0,4348.0,4256.0,4316.0,4289.0,-67.0,-94.0,143.0,1226.67,216.0,105.0
PG2512.DCE,20250512,4280.0,4303.0,4284.0,4284.0,4188.0,4242.0,4222.0,-61.0,-81.0,231.0,1951.0,242.0,84.0
PG2601.DCE,20250512,4214.0,4230.0,4209.0,4212.0,4123.0,4171.0,4161.0,-59.0,-69.0,208.0,1731.17,289.0,90.0
PG2602.DCE,20250512,4162.0,4162.0,4145.0,4145.0,4047.0,4105.0,4073.0,-57.0,-89.0,48.0,391.1,51.0,23.0
PG2603.DCE,20250512,4075.0,4084.0,4070.0,4070.0,3983.0,4014.0,4015.0,-70.0,-69.0,113.0,907.54,175.0,69.0
PG2604.DCE,20250512,4378.0,4378.0,4289.0,4289.0,4270.0,4282.0,4281.0,-96.0,-97.0,7.0,59.93,12.0,1.0
PGL.DCE,20250512,4600.0,4600.0,,,,4600.0,4600.0,0.0,0.0,0.0,0.0,1004.0,
PK.ZCE,20250512,8106.0,8138.0,8136.0,8222.0,8102.0,8222.0,8168.0,84.0,30.0,62563.0,255519.26,87229.0,
PK2505.ZCE,20250512,7802.0,7802.0,7900.0,7900.0,7900.0,7900.0,7900.0,98.0,98.0,2.0,7.9,281.0,-2.0
PK2510.ZCE,20250512,8106.0,8138.0,8136.0,8222.0,8102.0,8222.0,8168.0,84.0,30.0,62563.0,255519.26,87229.0,5787.0
PK2511.ZCE,20250512,8006.0,8024.0,8024.0,8136.0,8004.0,8132.0,8072.0,108.0,48.0,20385.0,82278.06,43297.0,7885.0
PK2512.ZCE,20250512,8018.0,8024.0,8034.0,8122.0,8034.0,8120.0,8104.0,96.0,80.0,72.0,291.71,521.0,-14.0
PK2601.ZCE,20250512,8054.0,8064.0,8054.0,8126.0,8046.0,8120.0,8094.0,56.0,30.0,430.0,1740.23,2584.0,37.0
PK2603.ZCE,20250512,8036.0,8050.0,8044.0,8102.0,8034.0,8102.0,8070.0,52.0,20.0,10.0,40.34,150.0,2.0
PK2604.ZCE,20250512,8032.0,8046.0,8046.0,8100.0,8046.0,8100.0,8080.0,54.0,34.0,12.0,48.48,42.0,6.0
PKL.ZCE,20250512,7802.0,7802.0,7900.0,7900.0,7900.0,7900.0,7900.0,98.0,98.0,2.0,7.9,281.0,
PL.DCE,20250512,8226.0,8226.0,8226.0,8450.0,8226.0,8450.0,8346.0,224.0,120.0,9.0,75.12,333.0,
PM.ZCE,20250512,3122.0,3122.0,,,,3122.0,3122.0,0.0,0.0,0.0,0.0,0.0,
PM2505.ZCE,20250512,3122.0,3122.0,,,,3122.0,3122.0,0.0,0.0,0.0,0.0,0.0,0.0
PM2507.ZCE,20250512,3122.0,3122.0,,,,3122.0,3122.0,0.0,0.0,0.0,0.0,0.0,0.0
PM2509.ZCE,20250512,3122.0,3122.0,,,,3122.0,3122.0,0.0,0.0,0.0,0.0,0.0,0.0
PM2511.ZCE,20250512,3122.0,3122.0,,,,3122.0,3122.0,0.0,0.0,0.0,0.0,0.0,0.0
PM2601.ZCE,20250512,3122.0,3122.0,,,,3122.0,3122.0,0.0,0.0,0.0,0.0,0.0,0.0
PM2603.ZCE,20250512,3122.0,3122.0,,,,3122.0,3122.0,0.0,0.0,0.0,0.0,0.0,0.0
PML.ZCE,20250512,3122.0,3122.0,,,,3122.0,3122.0,0.0,0.0,0.0,0.0,0.0,
PP.DCE,20250512,6967.0,6994.0,6975.0,7033.0,6935.0,7030.0,6984.0,36.0,-10.0,399837.0,1396232.32,457686.0,
PP2505.DCE,20250512,7076.0,7085.0,7077.0,7100.0,7066.0,7100.0,7077.0,15.0,-8.0,1406.0,4975.34,3607.0,-815.0
PP2506.DCE,20250512,7053.0,7081.0,7058.0,7099.0,7030.0,7097.0,7063.0,16.0,-18.0,11252.0,39741.04,7458.0,-1248.0
PP2507.DCE,20250512,7028.0,7049.0,7035.0,7078.0,6995.0,7078.0,7035.0,29.0,-14.0,13030.0,45833.46,17835.0,933.0
PP2508.DCE,20250512,6995.0,7011.0,7000.0,7045.0,6970.0,7045.0,7005.0,34.0,-6.0,5202.0,18222.0,11894.0,773.0
PP2509.DCE,20250512,6967.0,6994.0,6975.0,7033.0,6935.0,7030.0,6984.0,36.0,-10.0,399837.0,1396232.32,457686.0,-19019.0
PP2510.DCE,20250512,6946.0,6973.0,6951.0,7014.0,6917.0,7013.0,6963.0,40.0,-10.0,2912.0,10138.38,9475.0,390.0
PP2511.DCE,20250512,6943.0,6967.0,6930.0,7000.0,6930.0,7000.0,6977.0,33.0,10.0,28.0,97.69,344.0,2.0
PP2512.DCE,20250512,6929.0,6935.0,6915.0,6994.0,6898.0,6994.0,6943.0,59.0,8.0,45.0,156.22,58.0,-20.0
PP2601.DCE,20250512,6886.0,6912.0,6891.0,6981.0,6854.0,6978.0,6909.0,66.0,-3.0,25016.0,86421.74,43321.0,4692.0
PP2602.DCE,20250512,6871.0,6903.0,6849.0,6955.0,6846.0,6955.0,6907.0,52.0,4.0,31.0,107.06,53.0,-1.0
PP2603.DCE,20250512,6870.0,6901.0,6848.0,6945.0,6847.0,6945.0,6904.0,44.0,3.0,23.0,79.4,20.0,0.0
PP2604.DCE,20250512,6904.0,6905.0,6917.0,6936.0,6917.0,6936.0,6916.0,31.0,11.0,5.0,17.29,5.0,1.0
PPL.DCE,20250512,7076.0,7085.0,7077.0,7100.0,7066.0,7100.0,7077.0,15.0,-8.0,1406.0,4975.34,3607.0,
PR.ZCE,20250512,5822.0,5822.0,5840.0,5954.0,5788.0,5952.0,5884.0,130.0,62.0,45216.0,398977.23,41081.0,
PR2505.ZCE,20250512,5766.0,5766.0,,,,5766.0,5766.0,0.0,0.0,0.0,0.0,717.0,-113.0
PR2506.ZCE,20250512,5848.0,5848.0,5868.0,5978.0,5814.0,5972.0,5908.0,124.0,60.0,8321.0,73722.83,8458.0,-809.0
PR2507.ZCE,20250512,5822.0,5822.0,5840.0,5954.0,5788.0,5952.0,5884.0,130.0,62.0,45216.0,398977.23,41081.0,4036.0
PR2508.ZCE,20250512,5798.0,5796.0,5810.0,5918.0,5764.0,5914.0,5858.0,118.0,62.0,5443.0,47815.84,10333.0,716.0
PR2509.ZCE,20250512,5786.0,5774.0,5786.0,5896.0,5744.0,5894.0,5828.0,120.0,54.0,2856.0,24963.05,7324.0,612.0
PR2510.ZCE,20250512,5778.0,5780.0,5742.0,5904.0,5732.0,5872.0,5790.0,92.0,10.0,28.0,243.19,47.0,1.0
PR2511.ZCE,20250512,5772.0,5780.0,5748.0,5874.0,5748.0,5866.0,5826.0,86.0,46.0,5.0,43.69,26.0,1.0
PR2512.ZCE,20250512,5760.0,5774.0,5720.0,5868.0,5720.0,5868.0,5812.0,94.0,38.0,7.0,61.01,28.0,-1.0
PR2601.ZCE,20250512,5686.0,5736.0,5664.0,5808.0,5664.0,5808.0,5738.0,72.0,2.0,34.0,292.59,101.0,-4.0
PR2602.ZCE,20250512,5798.0,5798.0,5766.0,5836.0,5758.0,5836.0,5788.0,38.0,-10.0,3.0,26.04,9.0,0.0
PR2603.ZCE,20250512,5754.0,5798.0,5766.0,5860.0,5766.0,5858.0,5822.0,60.0,24.0,7.0,61.12,4.0,-1.0
PR2604.ZCE,20250512,5756.0,5756.0,5806.0,5862.0,5806.0,5862.0,5834.0,106.0,78.0,2.0,17.5,2.0,0.0
PRL.ZCE,20250512,5766.0,5766.0,,,,5766.0,5766.0,0.0,0.0,0.0,0.0,717.0,
PS.GFE,20250512,37830.0,37515.0,38100.0,38640.0,37200.0,38450.0,37925.0,935.0,410.0,322808.0,3673144.69,69417.0,
PS2506.GFE,20250512,37830.0,37515.0,38100.0,38640.0,37200.0,38450.0,37925.0,935.0,410.0,322808.0,3673144.69,69417.0,2161.0
PS2507.GFE,20250512,35525.0,35380.0,36000.0,36920.0,34900.0,36720.0,35755.0,1340.0,375.0,83450.0,895248.59,46446.0,2978.0
PS2508.GFE,20250512,34800.0,34720.0,35000.0,35925.0,34045.0,35745.0,34775.0,1025.0,55.0,18123.0,189071.69,19382.0,2116.0
PS2509.GFE,20250512,34560.0,34550.0,34775.0,35530.0,33810.0,35295.0,34465.0,745.0,-85.0,18978.0,196241.34,9781.0,141.0
PS2510.GFE,20250512,34445.0,34535.0,34750.0,35295.0,33690.0,35060.0,34350.0,525.0,-185.0,1227.0,12644.39,814.0,-155.0
PS2511.GFE,20250512,34420.0,34460.0,34430.0,35245.0,33645.0,34800.0,34255.0,340.0,-205.0,11873.0,122024.45,14138.0,-530.0
PS2512.GFE,20250512,36010.0,36255.0,36180.0,36770.0,35200.0,36155.0,35720.0,-100.0,-535.0,3706.0,39718.33,4772.0,422.0
PS2601.GFE,20250512,35655.0,35830.0,35125.0,35940.0,34995.0,35940.0,35505.0,110.0,-325.0,15.0,159.79,56.0,0.0
PS2602.GFE,20250512,35235.0,35660.0,35190.0,36470.0,35110.0,36470.0,35400.0,810.0,-260.0,6.0,63.72,21.0,5.0
PS2603.GFE,20250512,35205.0,35610.0,35580.0,36235.0,34870.0,36185.0,35450.0,575.0,-160.0,17.0,180.81,54.0,0.0
PS2604.GFE,20250512,35060.0,35580.0,35395.0,35890.0,34885.0,35850.0,35390.0,270.0,-190.0,30.0,318.55,81.0,6.0
PSL.GFE,20250512,37830.0,37515.0,38100.0,38640.0,37200.0,38450.0,37925.0,935.0,410.0,322808.0,3673144.69,69417.0,
PX.ZCE,20250512,6472.0,6446.0,6486.0,6656.0,6386.0,6654.0,6524.0,208.0,78.0,308259.0,1005344.22,159038.0,
PX2505.ZCE,20250512,6380.0,6380.0,,,,6458.0,6458.0,78.0,78.0,0.0,0.0,1118.0,0.0
PX2506.ZCE,20250512,6626.0,6596.0,6638.0,6806.0,6524.0,6806.0,6638.0,210.0,42.0,5444.0,18068.94,7087.0,143.0
PX2507.ZCE,20250512,6592.0,6562.0,6612.0,6766.0,6496.0,6762.0,6632.0,200.0,70.0,67536.0,223963.75,72014.0,11841.0
PX2508.ZCE,20250512,6564.0,6524.0,6594.0,6734.0,6468.0,6730.0,6602.0,206.0,78.0,15656.0,51673.01,19018.0,-299.0
PX2509.ZCE,20250512,6472.0,6446.0,6486.0,6656.0,6386.0,6654.0,6524.0,208.0,78.0,308259.0,1005344.22,159038.0,8975.0
PX2510.ZCE,20250512,6438.0,6422.0,6438.0,6620.0,6374.0,6620.0,6538.0,198.0,116.0,37.0,120.96,54.0,11.0
PX2511.ZCE,20250512,6394.0,6394.0,6540.0,6586.0,6540.0,6586.0,6570.0,192.0,176.0,17.0,55.84,110.0,5.0
PX2512.ZCE,20250512,6384.0,6384.0,6530.0,6530.0,6530.0,6530.0,6530.0,146.0,146.0,1.0,3.27,7.0,0.0
PX2601.ZCE,20250512,6374.0,6364.0,6386.0,6576.0,6312.0,6572.0,6418.0,208.0,54.0,8908.0,28582.0,21083.0,259.0
PX2602.ZCE,20250512,6394.0,6390.0,6488.0,6550.0,6488.0,6550.0,6522.0,160.0,132.0,16.0,52.17,21.0,-6.0
PX2603.ZCE,20250512,6390.0,6390.0,6472.0,6548.0,6472.0,6544.0,6526.0,154.0,136.0,7.0,22.84,13.0,-2.0
PX2604.ZCE,20250512,6374.0,6374.0,,,,6518.0,6518.0,144.0,144.0,0.0,0.0,2.0,0.0
PXL.ZCE,20250512,6380.0,6380.0,,,,6458.0,6458.0,78.0,78.0,0.0,0.0,1118.0,
RB.SHF,20250512,3022.0,3036.0,3023.0,3086.0,3014.0,3082.0,3052.0,46.0,16.0,2373248.0,7244981.71,2180461.0,
RB2505.SHF,20250512,2988.0,2987.0,2980.0,3040.0,2976.0,3036.0,3015.0,49.0,28.0,3210.0,9680.64,7620.0,-2850.0
RB2506.SHF,20250512,3002.0,3022.0,3004.0,3064.0,3001.0,3059.0,3036.0,37.0,14.0,3677.0,11166.35,9294.0,-269.0
RB2507.SHF,20250512,3049.0,3066.0,3054.0,3095.0,3044.0,3091.0,3071.0,25.0,5.0,44968.0,138136.93,103549.0,-3031.0
RB2508.SHF,20250512,3035.0,3050.0,3037.0,3087.0,3031.0,3081.0,3058.0,31.0,8.0,1113.0,3404.06,6415.0,214.0
RB2509.SHF,20250512,3019.0,3037.0,3020.0,3077.0,3017.0,3072.0,3046.0,35.0,9.0,88241.0,268851.88,266766.0,429.0
RB2510.SHF,20250512,3022.0,3036.0,3023.0,3086.0,3014.0,3082.0,3052.0,46.0,16.0,2373248.0,7244981.71,2180461.0,-163860.0
RB2511.SHF,20250512,3034.0,3050.0,3039.0,3093.0,3027.0,3092.0,3065.0,42.0,15.0,26305.0,80638.91,177438.0,7421.0
RB2512.SHF,20250512,3045.0,3057.0,3039.0,3101.0,3038.0,3101.0,3074.0,44.0,17.0,276.0,848.49,1045.0,56.0
RB2601.SHF,20250512,3037.0,3054.0,3043.0,3105.0,3030.0,3103.0,3066.0,49.0,12.0,46933.0,143914.53,113690.0,552.0
RB2602.SHF,20250512,3048.0,3061.0,3047.0,3112.0,3043.0,3112.0,3065.0,51.0,4.0,309.0,947.38,1433.0,124.0
RB2603.SHF,20250512,3055.0,3067.0,3063.0,3125.0,3046.0,3125.0,3089.0,58.0,22.0,394.0,1217.42,1137.0,-38.0
RB2604.SHF,20250512,3066.0,3072.0,3061.0,3128.0,3052.0,3128.0,3089.0,56.0,17.0,202.0,624.08,268.0,-15.0
RBL.SHF,20250512,2988.0,2987.0,2980.0,3040.0,2976.0,3036.0,3015.0,49.0,28.0,3210.0,9680.64,7620.0,
RI.ZCE,20250512,2479.0,2479.0,,,,2479.0,2479.0,0.0,0.0,0.0,0.0,0.0,
RI2505.ZCE,20250512,2479.0,2479.0,,,,2479.0,2479.0,0.0,0.0,0.0,0.0,0.0,0.0
RI2507.ZCE,20250512,2479.0,2479.0,,,,2479.0,2479.0,0.0,0.0,0.0,0.0,0.0,0.0
RI2509.ZCE,20250512,2479.0,2479.0,,,,2479.0,2479.0,0.0,0.0,0.0,0.0,0.0,0.0
RI2511.ZCE,20250512,2479.0,2479.0,,,,2479.0,2479.0,0.0,0.0,0.0,0.0,0.0,0.0
RI2601.ZCE,20250512,2479.0,2479.0,,,,2479.0,2479.0,0.0,0.0,0.0,0.0,0.0,0.0
RI2603.ZCE,20250512,2479.0,2479.0,,,,2479.0,2479.0,0.0,0.0,0.0,0.0,0.0,0.0
RIL.ZCE,20250512,2479.0,2479.0,,,,2479.0,2479.0,0.0,0.0,0.0,0.0,0.0,
RM.ZCE,20250512,2551.0,2557.0,2557.0,2573.0,2506.0,2544.0,2535.0,-13.0,-22.0,621178.0,1574498.3,576482.0,
RM2505.ZCE,20250512,2475.0,2478.0,2488.0,2491.0,2431.0,2434.0,2451.0,-44.0,-27.0,1073.0,2630.41,28256.0,-2341.0
RM2507.ZCE,20250512,2497.0,2505.0,2505.0,2513.0,2444.0,2473.0,2473.0,-32.0,-32.0,76443.0,189053.78,126414.0,248.0
RM2508.ZCE,20250512,2566.0,2572.0,2569.0,2584.0,2520.0,2550.0,2547.0,-22.0,-25.0,10962.0,27919.89,33646.0,-135.0
RM2509.ZCE,20250512,2551.0,2557.0,2557.0,2573.0,2506.0,2544.0,2535.0,-13.0,-22.0,621178.0,1574498.3,576482.0,4096.0
RM2511.ZCE,20250512,2396.0,2399.0,2400.0,2408.0,2361.0,2387.0,2380.0,-12.0,-19.0,2841.0,6761.36,8834.0,-103.0
RM2601.ZCE,20250512,2323.0,2326.0,2329.0,2331.0,2293.0,2312.0,2309.0,-14.0,-17.0,67155.0,155072.72,142012.0,10018.0
RM2603.ZCE,20250512,2313.0,2314.0,2317.0,2320.0,2286.0,2303.0,2300.0,-11.0,-14.0,6605.0,15191.43,15364.0,1063.0
RML.ZCE,20250512,2475.0,2478.0,2488.0,2491.0,2431.0,2434.0,2451.0,-44.0,-27.0,1073.0,2630.41,28256.0,
RR.DCE,20250512,3610.0,3602.0,3611.0,3630.0,3594.0,3596.0,3609.0,-6.0,7.0,1378.0,4973.29,6603.0,
RR2505.DCE,20250512,3415.0,3415.0,,,,3415.0,3415.0,0.0,0.0,0.0,0.0,0.0,0.0
RR2506.DCE,20250512,3585.0,3580.0,3589.0,3614.0,3572.0,3589.0,3600.0,9.0,20.0,843.0,3035.18,3530.0,-486.0
RR2507.DCE,20250512,3610.0,3602.0,3611.0,3630.0,3594.0,3596.0,3609.0,-6.0,7.0,1378.0,4973.29,6603.0,384.0
RR2508.DCE,20250512,3613.0,3600.0,3614.0,3625.0,3604.0,3607.0,3613.0,7.0,13.0,800.0,2891.19,1552.0,365.0
RR2509.DCE,20250512,3619.0,3616.0,3622.0,3637.0,3620.0,3625.0,3625.0,9.0,9.0,200.0,725.12,1402.0,91.0
RR2510.DCE,20250512,3609.0,3611.0,3624.0,3635.0,3619.0,3619.0,3625.0,8.0,14.0,115.0,416.95,118.0,6.0
RR2511.DCE,20250512,3588.0,3590.0,3594.0,3625.0,3594.0,3612.0,3615.0,22.0,25.0,76.0,274.81,58.0,-7.0
RR2512.DCE,20250512,3594.0,3594.0,3606.0,3627.0,3606.0,3615.0,3615.0,21.0,21.0,42.0,151.85,86.0,5.0
RR2601.DCE,20250512,3605.0,3606.0,3608.0,3621.0,3608.0,3617.0,3614.0,11.0,8.0,40.0,144.59,174.0,14.0
RR2602.DCE,20250512,3607.0,3607.0,3608.0,3628.0,3607.0,3626.0,3615.0,19.0,8.0,50.0,180.78,126.0,5.0
RR2603.DCE,20250512,3611.0,3611.0,3639.0,3640.0,3608.0,3624.0,3625.0,13.0,14.0,15.0,54.39,36.0,1.0
RR2604.DCE,20250512,3611.0,3607.0,3655.0,3679.0,3629.0,3632.0,3650.0,25.0,43.0,22.0,80.3,21.0,1.0
RRL.DCE,20250512,3415.0,3415.0,,,,3415.0,3415.0,0.0,0.0,0.0,0.0,0.0,
RS.ZCE,20250512,5441.0,5454.0,5450.0,5450.0,5343.0,5400.0,5402.0,-54.0,-52.0,55.0,297.13,126.0,
RS2507.ZCE,20250512,5441.0,5454.0,5450.0,5450.0,5343.0,5400.0,5402.0,-54.0,-52.0,55.0,297.13,126.0,5.0
RS2508.ZCE,20250512,5519.0,5519.0,5478.0,5478.0,5476.0,5476.0,5477.0,-43.0,-42.0,4.0,21.91,2.0,2.0
RS2509.ZCE,20250512,5481.0,5487.0,5508.0,5509.0,5370.0,5435.0,5448.0,-52.0,-39.0,45.0,245.14,14.0,11.0
RS2511.ZCE,20250512,5514.0,5514.0,,,,5514.0,5514.0,0.0,0.0,0.0,0.0,1.0,0.0
RSL.ZCE,20250512,5441.0,5454.0,5450.0,5450.0,5343.0,5400.0,5402.0,-54.0,-52.0,55.0,297.13,126.0,
RU.SHF,20250512,14620.0,14705.0,14660.0,15035.0,14555.0,15025.0,14750.0,320.0,45.0,701114.0,10342210.32,151114.0,
RU2505.SHF,20250512,14450.0,14480.0,14450.0,14700.0,14315.0,14700.0,14550.0,220.0,70.0,323.0,4700.48,4063.0,-57.0
RU2506.SHF,20250512,14505.0,14550.0,14475.0,14880.0,14420.0,14880.0,14610.0,330.0,60.0,473.0,6912.01,665.0,-36.0
RU2507.SHF,20250512,14560.0,14620.0,14560.0,14945.0,14480.0,14945.0,14665.0,325.0,45.0,2883.0,42293.41,1030.0,-13.0
RU2508.SHF,20250512,14640.0,14690.0,14540.0,15050.0,14540.0,15050.0,14860.0,360.0,170.0,120.0,1783.65,1275.0,35.0
RU2509.SHF,20250512,14620.0,14705.0,14660.0,15035.0,14555.0,15025.0,14750.0,320.0,45.0,701114.0,10342210.32,151114.0,6658.0
RU2510.SHF,20250512,14675.0,14765.0,14670.0,15040.0,14640.0,15035.0,14825.0,270.0,60.0,65.0,963.63,254.0,-12.0
RU2511.SHF,20250512,14670.0,14730.0,14690.0,15050.0,14595.0,15050.0,14820.0,320.0,90.0,1056.0,15654.9,3846.0,118.0
RU2601.SHF,20250512,15470.0,15545.0,15495.0,15820.0,15405.0,15815.0,15580.0,270.0,35.0,32314.0,503554.01,29869.0,691.0
RU2603.SHF,20250512,15565.0,15575.0,15490.0,15830.0,15475.0,15820.0,15590.0,245.0,15.0,31.0,483.34,52.0,3.0
RU2604.SHF,20250512,15560.0,15600.0,15560.0,15970.0,15515.0,15970.0,15680.0,370.0,80.0,3.0,47.05,6.0,1.0
RUL.SHF,20250512,14450.0,14480.0,14450.0,14700.0,14315.0,14700.0,14550.0,220.0,70.0,323.0,4700.48,4063.0,
SA.ZCE,20250512,1305.0,1316.0,1299.0,1324.0,1285.0,1318.0,1302.0,2.0,-14.0,1575514.0,4101702.55,1233186.0,
SA2505.ZCE,20250512,1302.0,1300.0,1276.0,1304.0,1275.0,1291.0,1287.0,-9.0,-13.0,781.0,2008.69,3157.0,-796.0
SA2506.ZCE,20250512,1297.0,1302.0,1295.0,1317.0,1288.0,1309.0,1301.0,7.0,-1.0,13830.0,36100.69,30818.0,-1071.0
SA2507.ZCE,20250512,1296.0,1302.0,1294.0,1313.0,1283.0,1308.0,1297.0,6.0,-5.0,7569.0,19640.07,21851.0,-587.0
SA2508.ZCE,20250512,1310.0,1316.0,1310.0,1329.0,1296.0,1325.0,1311.0,9.0,-5.0,2087.0,5471.79,8514.0,-138.0
SA2509.ZCE,20250512,1305.0,1316.0,1299.0,1324.0,1285.0,1318.0,1302.0,2.0,-14.0,1575514.0,4101702.55,1233186.0,11751.0
SA2510.ZCE,20250512,1321.0,1331.0,1325.0,1335.0,1301.0,1330.0,1314.0,-1.0,-17.0,2318.0,6091.29,7558.0,269.0
SA2511.ZCE,20250512,1316.0,1325.0,1318.0,1325.0,1295.0,1318.0,1310.0,-7.0,-15.0,2536.0,6644.29,10905.0,541.0
SA2512.ZCE,20250512,1329.0,1339.0,1332.0,1334.0,1308.0,1327.0,1321.0,-12.0,-18.0,1279.0,3378.71,10504.0,232.0
SA2601.ZCE,20250512,1306.0,1321.0,1307.0,1315.0,1287.0,1305.0,1299.0,-16.0,-22.0,159249.0,413646.46,282926.0,23019.0
SA2602.ZCE,20250512,1334.0,1346.0,1332.0,1340.0,1315.0,1330.0,1324.0,-16.0,-22.0,707.0,1872.11,7062.0,218.0
SA2603.ZCE,20250512,1333.0,1344.0,1326.0,1337.0,1312.0,1327.0,1322.0,-17.0,-22.0,769.0,2033.79,3398.0,203.0
SA2604.ZCE,20250512,1354.0,1366.0,1350.0,1359.0,1334.0,1352.0,1345.0,-14.0,-21.0,331.0,890.16,474.0,69.0
SAL.ZCE,20250512,1302.0,1300.0,1276.0,1304.0,1275.0,1291.0,1287.0,-9.0,-13.0,781.0,2008.69,3157.0,
SC.INE,20250512,472.4,468.5,475.0,482.8,469.9,482.3,474.4,13.8,5.9,95840.0,4546790.55,17723.0,
SC2506.INE,20250512,472.4,468.5,475.0,482.8,469.9,482.3,474.4,13.8,5.9,95840.0,4546790.55,17723.0,-2368.0
SC2507.INE,20250512,462.4,458.6,465.6,473.1,460.3,472.6,465.6,14.0,7.0,52249.0,2433136.16,23477.0,-928.0
SC2508.INE,20250512,459.4,455.8,462.4,469.6,456.9,468.8,463.2,13.0,7.4,6289.0,291314.04,6142.0,-22.0
SC2509.INE,20250512,456.9,454.2,459.4,466.8,454.7,466.6,460.3,12.4,6.1,1169.0,53817.21,2099.0,13.0
SC2510.INE,20250512,454.2,452.2,457.4,464.6,452.3,464.6,458.7,12.4,6.5,79.0,3623.85,752.0,-17.0
SC2511.INE,20250512,452.0,451.1,453.9,461.1,451.0,460.4,457.3,9.3,6.2,47.0,2149.58,327.0,11.0
SC2512.INE,20250512,451.7,448.4,453.3,461.2,449.6,460.0,455.0,11.6,6.6,94.0,4277.25,768.0,-27.0
SC2601.INE,20250512,449.9,448.3,450.3,458.5,449.5,458.5,452.1,10.2,3.8,26.0,1175.55,130.0,-9.0
SC2602.INE,20250512,447.1,447.1,449.6,450.9,449.6,450.9,450.0,3.8,2.9,3.0,135.01,37.0,0.0
SC2603.INE,20250512,441.8,441.8,,,,452.5,452.5,10.7,10.7,0.0,0.0,27.0,0.0
SC2604.INE,20250512,444.0,444.2,450.0,450.0,450.0,450.0,450.0,5.8,5.8,1.0,45.0,18.0,-1.0
SC2605.INE,20250512,441.3,441.3,448.0,454.0,448.0,454.0,451.0,12.7,9.7,2.0,90.2,2.0,2.0
SC2606.INE,20250512,446.0,445.2,448.8,448.9,445.1,448.9,447.4,3.7,2.2,9.0,402.68,138.0,-1.0
SC2609.INE,20250512,441.8,441.8,447.0,447.0,447.0,447.0,447.0,5.2,5.2,1.0,44.7,32.0,-1.0
SC2612.INE,20250512,439.0,439.0,438.0,438.0,438.0,438.0,438.0,-1.0,-1.0,1.0,43.8,22.0,1.0
SC2703.INE,20250512,438.0,438.0,,,,438.0,438.0,0.0,0.0,0.0,0.0,18.0,0.0
SC2706.INE,20250512,437.6,436.2,437.6,437.6,437.6,437.6,437.6,1.4,1.4,1.0,43.76,22.0,0.0
SC2709.INE,20250512,434.0,434.0,,,,439.1,439.1,5.1,5.1,0.0,0.0,26.0,0.0
SC2712.INE,20250512,434.8,431.1,,,,438.5,438.5,7.4,7.4,0.0,0.0,41.0,0.0
SC2803.INE,20250512,436.2,435.5,,,,438.3,438.3,2.8,2.8,0.0,0.0,32.0,0.0
SCL.INE,20250512,472.4,468.5,475.0,482.8,469.9,482.3,474.4,13.8,5.9,95840.0,4546790.55,17723.0,
SCTAS2506.INE,20250512,,468.5,,,,,474.4,,5.9,0.0,0.0,,
SCTAS2507.INE,20250512,,458.6,,,,,465.6,,7.0,0.0,0.0,,
SCTAS2508.INE,20250512,,455.8,,,,,463.2,,7.4,0.0,0.0,,
SCTAS2509.INE,20250512,,454.2,,,,,460.3,,6.1,0.0,0.0,,
SCTASL.INE,20250512,,468.5,,,,,474.4,,5.9,0.0,0.0,,
SF.ZCE,20250512,5482.0,5550.0,5690.0,5746.0,5612.0,5636.0,5664.0,86.0,114.0,211559.0,599162.28,223072.0,
SF2505.ZCE,20250512,5510.0,5486.0,5580.0,5642.0,5572.0,5618.0,5592.0,132.0,106.0,435.0,1216.05,6210.0,-126.0
SF2506.ZCE,20250512,5482.0,5490.0,5626.0,5698.0,5554.0,5580.0,5604.0,90.0,114.0,91357.0,255939.32,62143.0,-19886.0
SF2507.ZCE,20250512,5544.0,5550.0,5690.0,5746.0,5612.0,5636.0,5664.0,86.0,114.0,211559.0,599162.28,223072.0,21649.0
SF2508.ZCE,20250512,5512.0,5512.0,5554.0,5702.0,5554.0,5600.0,5628.0,88.0,116.0,12933.0,36383.8,24211.0,1898.0
SF2509.ZCE,20250512,5460.0,5474.0,5656.0,5658.0,5528.0,5558.0,5586.0,84.0,112.0,79510.0,222046.54,147797.0,4222.0
SF2510.ZCE,20250512,5402.0,5416.0,5420.0,5598.0,5420.0,5504.0,5524.0,88.0,108.0,4373.0,12075.94,11969.0,261.0
SF2511.ZCE,20250512,5544.0,5552.0,5638.0,5704.0,5624.0,5630.0,5656.0,78.0,104.0,43.0,121.6,1158.0,4.0
SF2512.ZCE,20250512,5562.0,5564.0,5640.0,5650.0,5638.0,5650.0,5644.0,86.0,80.0,3.0,8.46,1028.0,-1.0
SF2601.ZCE,20250512,5510.0,5530.0,5550.0,5694.0,5550.0,5606.0,5630.0,76.0,100.0,508.0,1430.01,3770.0,-16.0
SF2602.ZCE,20250512,5454.0,5482.0,5556.0,5610.0,5524.0,5550.0,5578.0,68.0,96.0,96.0,267.71,318.0,-29.0
SF2603.ZCE,20250512,5582.0,5604.0,5684.0,5720.0,5654.0,5654.0,5690.0,50.0,86.0,14.0,39.82,27.0,-11.0
SF2604.ZCE,20250512,5574.0,5598.0,5682.0,5690.0,5674.0,5690.0,5686.0,92.0,88.0,7.0,19.9,12.0,-2.0
SFL.ZCE,20250512,5510.0,5486.0,5580.0,5642.0,5572.0,5618.0,5592.0,132.0,106.0,435.0,1216.05,6210.0,
SH.ZCE,20250512,2476.0,2481.0,2478.0,2548.0,2437.0,2545.0,2487.0,64.0,6.0,587093.0,4381175.19,136783.0,
SH2505.ZCE,20250512,2510.0,2510.0,2353.0,2353.0,2353.0,2353.0,2353.0,-157.0,-157.0,1.0,7.06,1.0,-14.0
SH2506.ZCE,20250512,2464.0,2464.0,2472.0,2532.0,2445.0,2530.0,2490.0,66.0,26.0,53953.0,402899.7,17296.0,-53.0
SH2507.ZCE,20250512,2447.0,2447.0,2449.0,2520.0,2417.0,2518.0,2462.0,71.0,15.0,42255.0,312041.57,32445.0,3327.0
SH2508.ZCE,20250512,2477.0,2477.0,2489.0,2545.0,2441.0,2544.0,2473.0,67.0,-4.0,17237.0,127889.11,11084.0,325.0
SH2509.ZCE,20250512,2476.0,2481.0,2478.0,2548.0,2437.0,2545.0,2487.0,64.0,6.0,587093.0,4381175.19,136783.0,19970.0
SH2510.ZCE,20250512,2487.0,2493.0,2491.0,2561.0,2450.0,2561.0,2513.0,68.0,20.0,1019.0,7683.57,964.0,-10.0
SH2511.ZCE,20250512,2467.0,2464.0,2464.0,2533.0,2436.0,2529.0,2486.0,65.0,22.0,195.0,1454.5,393.0,15.0
SH2512.ZCE,20250512,2477.0,2477.0,2478.0,2538.0,2447.0,2536.0,2486.0,59.0,9.0,181.0,1349.7,348.0,-20.0
SH2601.ZCE,20250512,2459.0,2459.0,2463.0,2516.0,2422.0,2515.0,2463.0,56.0,4.0,4287.0,31676.89,4174.0,-64.0
SH2602.ZCE,20250512,2496.0,2499.0,2472.0,2541.0,2457.0,2540.0,2502.0,41.0,3.0,53.0,397.85,523.0,-29.0
SH2603.ZCE,20250512,2508.0,2510.0,2504.0,2558.0,2470.0,2552.0,2503.0,42.0,-7.0,124.0,931.04,619.0,-3.0
SH2604.ZCE,20250512,2528.0,2532.0,2512.0,2577.0,2503.0,2576.0,2535.0,44.0,3.0,18.0,136.88,21.0,6.0
SHL.ZCE,20250512,2510.0,2510.0,2353.0,2353.0,2353.0,2353.0,2353.0,-157.0,-157.0,1.0,7.06,1.0,
SI.GFE,20250512,8205.0,8300.0,8275.0,8365.0,8175.0,8320.0,8280.0,20.0,-20.0,249065.0,1031581.08,171625.0,
SI2505.GFE,20250512,8185.0,8250.0,8190.0,8220.0,8190.0,8220.0,8210.0,-30.0,-40.0,99.0,406.41,241.0,-919.0
SI2506.GFE,20250512,8205.0,8300.0,8275.0,8365.0,8175.0,8320.0,8280.0,20.0,-20.0,249065.0,1031581.08,171625.0,1447.0
SI2507.GFE,20250512,8240.0,8350.0,8320.0,8400.0,8210.0,8355.0,8350.0,5.0,0.0,125239.0,522896.2,91727.0,6727.0
SI2508.GFE,20250512,8270.0,8350.0,8305.0,8420.0,8245.0,8385.0,8380.0,35.0,30.0,114392.0,479318.72,33899.0,1045.0
SI2509.GFE,20250512,8305.0,8405.0,8380.0,8460.0,8280.0,8415.0,8380.0,10.0,-25.0,61354.0,257103.97,141989.0,5052.0
SI2510.GFE,20250512,8330.0,8420.0,8420.0,8465.0,8300.0,8425.0,8390.0,5.0,-30.0,722.0,3028.96,8045.0,361.0
SI2511.GFE,20250512,8335.0,8435.0,8340.0,8475.0,8305.0,8440.0,8405.0,5.0,-30.0,2328.0,9783.95,13107.0,200.0
SI2512.GFE,20250512,8865.0,8960.0,8950.0,9025.0,8820.0,9015.0,8930.0,55.0,-30.0,632.0,2823.13,6501.0,39.0
SI2601.GFE,20250512,8885.0,9000.0,8990.0,9045.0,8860.0,9015.0,8950.0,15.0,-50.0,350.0,1566.34,1686.0,-25.0
SI2602.GFE,20250512,8955.0,8990.0,9035.0,9055.0,8940.0,9025.0,9015.0,35.0,25.0,20.0,90.19,134.0,4.0
SI2603.GFE,20250512,8990.0,9060.0,9030.0,9100.0,8995.0,9050.0,9055.0,-10.0,-5.0,26.0,117.72,197.0,6.0
SI2604.GFE,20250512,8920.0,9085.0,9030.0,9120.0,8920.0,9070.0,9040.0,-15.0,-45.0,126.0,569.62,237.0,11.0
SIL.GFE,20250512,8185.0,8250.0,8190.0,8220.0,8190.0,8220.0,8210.0,-30.0,-40.0,99.0,406.41,241.0,
SM.ZCE,20250512,5758.0,5762.0,5826.0,5916.0,5762.0,5866.0,5846.0,104.0,84.0,336948.0,984831.39,381170.0,
SM2505.ZCE,20250512,5690.0,5692.0,5750.0,5834.0,5700.0,5786.0,5774.0,94.0,82.0,3271.0,9441.16,40323.0,-2282.0
SM2506.ZCE,20250512,5704.0,5706.0,5780.0,5860.0,5712.0,5804.0,5796.0,98.0,90.0,16773.0,48597.37,32442.0,-2679.0
SM2507.ZCE,20250512,5720.0,5726.0,5820.0,5880.0,5726.0,5828.0,5810.0,102.0,84.0,61918.0,179866.49,112183.0,6241.0
SM2508.ZCE,20250512,5742.0,5744.0,5770.0,5898.0,5748.0,5842.0,5830.0,98.0,86.0,25155.0,73321.47,27305.0,2303.0
SM2509.ZCE,20250512,5758.0,5762.0,5826.0,5916.0,5762.0,5866.0,5846.0,104.0,84.0,336948.0,984831.39,381170.0,-19387.0
SM2510.ZCE,20250512,5748.0,5754.0,5820.0,5908.0,5764.0,5858.0,5836.0,104.0,82.0,313.0,913.27,895.0,-37.0
SM2511.ZCE,20250512,5808.0,5832.0,5858.0,5960.0,5830.0,5920.0,5886.0,88.0,54.0,16.0,47.09,204.0,-1.0
SM2512.ZCE,20250512,5806.0,5816.0,5840.0,5840.0,5840.0,5840.0,5840.0,24.0,24.0,1.0,2.92,51.0,-1.0
SM2601.ZCE,20250512,5802.0,5816.0,5860.0,5950.0,5798.0,5914.0,5888.0,98.0,72.0,10472.0,30827.91,26619.0,2281.0
SM2602.ZCE,20250512,5814.0,5830.0,5836.0,5934.0,5822.0,5904.0,5876.0,74.0,46.0,38.0,111.65,372.0,-8.0
SM2603.ZCE,20250512,5818.0,5842.0,5814.0,5938.0,5814.0,5926.0,5876.0,84.0,34.0,36.0,105.78,122.0,-14.0
SM2604.ZCE,20250512,5846.0,5862.0,5828.0,5940.0,5828.0,5936.0,5874.0,74.0,12.0,9.0,26.43,32.0,2.0
SML.ZCE,20250512,5690.0,5692.0,5750.0,5834.0,5700.0,5786.0,5774.0,94.0,82.0,3271.0,9441.16,40323.0,
SN.SHF,20250512,259540.0,260880.0,259710.0,263460.0,258390.0,263200.0,261110.0,2320.0,230.0,152284.0,3976404.21,38199.0,
SN2505.SHF,20250512,259300.0,260970.0,258300.0,263050.0,258230.0,263050.0,260430.0,2080.0,-540.0,250.0,6510.91,1812.0,-72.0
SN2506.SHF,20250512,259540.0,260880.0,259710.0,263460.0,258390.0,263200.0,261110.0,2320.0,230.0,152284.0,3976404.21,38199.0,8069.0
SN2507.SHF,20250512,259510.0,260780.0,259880.0,263230.0,258500.0,263040.0,261090.0,2260.0,310.0,39462.0,1030338.02,15242.0,540.0
SN2508.SHF,20250512,259480.0,260240.0,260140.0,263000.0,258420.0,262970.0,261190.0,2730.0,950.0,4797.0,125293.71,5328.0,424.0
SN2509.SHF,20250512,259290.0,260530.0,260140.0,263080.0,258500.0,262950.0,261030.0,2420.0,500.0,3835.0,100107.27,3580.0,243.0
SN2510.SHF,20250512,259200.0,260320.0,259730.0,263030.0,258500.0,263030.0,261160.0,2710.0,840.0,230.0,6006.74,666.0,2.0
SN2511.SHF,20250512,260700.0,260950.0,259120.0,262530.0,259000.0,261720.0,261920.0,770.0,970.0,83.0,2174.01,202.0,3.0
SN2512.SHF,20250512,259300.0,259300.0,259710.0,262380.0,259300.0,261610.0,261650.0,2310.0,2350.0,35.0,915.81,220.0,1.0
SN2601.SHF,20250512,258810.0,259160.0,262000.0,262150.0,259000.0,262140.0,260970.0,2980.0,1810.0,22.0,574.14,168.0,12.0
SN2602.SHF,20250512,261400.0,261400.0,,,,262220.0,262220.0,820.0,820.0,0.0,0.0,67.0,0.0
SN2603.SHF,20250512,258980.0,260720.0,261280.0,261280.0,260890.0,261280.0,261160.0,560.0,440.0,4.0,104.47,38.0,1.0
SN2604.SHF,20250512,258830.0,260770.0,258180.0,258180.0,258180.0,258180.0,258180.0,-2590.0,-2590.0,1.0,25.82,14.0,0.0
SNL.SHF,20250512,259300.0,260970.0,258300.0,263050.0,258230.0,263050.0,260430.0,2080.0,-540.0,250.0,6510.91,1812.0,
SP.SHF,20250512,5164.0,5182.0,5150.0,5270.0,5128.0,5256.0,5216.0,74.0,34.0,215608.0,1124772.94,109673.0,
SP2505.SHF,20250512,5156.0,5162.0,5148.0,5238.0,5148.0,5232.0,5204.0,70.0,42.0,828.0,4309.89,12656.0,-604.0
SP2506.SHF,20250512,5164.0,5190.0,5154.0,5286.0,5150.0,5262.0,5224.0,72.0,34.0,57.0,297.84,508.0,-3.0
SP2507.SHF,20250512,5164.0,5182.0,5150.0,5270.0,5128.0,5256.0,5216.0,74.0,34.0,215608.0,1124772.94,109673.0,-5748.0
SP2508.SHF,20250512,5134.0,5166.0,5130.0,5236.0,5112.0,5234.0,5186.0,68.0,20.0,98.0,508.31,674.0,-4.0
SP2509.SHF,20250512,5098.0,5120.0,5096.0,5200.0,5068.0,5188.0,5150.0,68.0,30.0,55928.0,288067.33,76972.0,-1519.0
SP2510.SHF,20250512,5098.0,5128.0,5114.0,5178.0,5106.0,5160.0,5152.0,32.0,24.0,177.0,911.91,376.0,77.0
SP2511.SHF,20250512,5068.0,5084.0,5062.0,5130.0,5036.0,5124.0,5102.0,40.0,18.0,13658.0,69690.3,29358.0,4499.0
SP2512.SHF,20250512,5060.0,5068.0,5052.0,5124.0,5028.0,5116.0,5102.0,48.0,34.0,763.0,3894.28,2283.0,255.0
SP2601.SHF,20250512,5158.0,5170.0,5158.0,5234.0,5126.0,5226.0,5192.0,56.0,22.0,2136.0,11093.52,6361.0,253.0
SP2602.SHF,20250512,5162.0,5156.0,5142.0,5228.0,5142.0,5228.0,5192.0,72.0,36.0,11.0,57.13,24.0,0.0
SP2603.SHF,20250512,5166.0,5166.0,5160.0,5218.0,5160.0,5218.0,5198.0,52.0,32.0,19.0,98.79,153.0,0.0
SP2604.SHF,20250512,5162.0,5176.0,5170.0,5216.0,5170.0,5216.0,5192.0,40.0,16.0,2.0,10.39,39.0,1.0
SPL.SHF,20250512,5156.0,5162.0,5148.0,5238.0,5148.0,5232.0,5204.0,70.0,42.0,828.0,4309.89,12656.0,
SR.ZCE,20250512,5839.0,5840.0,5865.0,5893.0,5844.0,5885.0,5868.0,45.0,28.0,189669.0,1112909.16,308154.0,
SR2505.ZCE,20250512,6047.0,6048.0,6050.0,6060.0,6039.0,6060.0,6049.0,12.0,1.0,777.0,4700.39,7207.0,-666.0
SR2507.ZCE,20250512,5922.0,5928.0,5953.0,5976.0,5927.0,5970.0,5950.0,42.0,22.0,23237.0,138262.54,34835.0,-1576.0
SR2509.ZCE,20250512,5839.0,5840.0,5865.0,5893.0,5844.0,5885.0,5868.0,45.0,28.0,189669.0,1112909.16,308154.0,-8936.0
SR2511.ZCE,20250512,5761.0,5760.0,5802.0,5802.0,5766.0,5801.0,5788.0,41.0,28.0,949.0,5492.91,2176.0,-119.0
SR2601.ZCE,20250512,5712.0,5711.0,5731.0,5754.0,5716.0,5744.0,5736.0,33.0,25.0,8912.0,51116.4,28331.0,-998.0
SR2603.ZCE,20250512,5679.0,5681.0,5694.0,5723.0,5690.0,5718.0,5708.0,37.0,27.0,446.0,2545.87,1961.0,8.0
SRL.ZCE,20250512,6047.0,6048.0,6050.0,6060.0,6039.0,6060.0,6049.0,12.0,1.0,777.0,4700.39,7207.0,
SS.SHF,20250512,12720.0,12720.0,12750.0,12915.0,12730.0,12890.0,12820.0,170.0,100.0,114512.0,734130.74,53827.0,
SS2505.SHF,20250512,12710.0,12695.0,12705.0,12900.0,12700.0,12865.0,12830.0,170.0,135.0,1056.0,6776.16,3576.0,-156.0
SS2506.SHF,20250512,12720.0,12720.0,12750.0,12915.0,12730.0,12890.0,12820.0,170.0,100.0,114512.0,734130.74,53827.0,-13943.0
SS2507.SHF,20250512,12760.0,12765.0,12770.0,12955.0,12765.0,12930.0,12865.0,165.0,100.0,116932.0,752286.7,116190.0,7577.0
SS2508.SHF,20250512,12790.0,12800.0,12820.0,12980.0,12800.0,12965.0,12895.0,165.0,95.0,16292.0,105047.39,48442.0,1406.0
SS2509.SHF,20250512,12810.0,12825.0,12820.0,12995.0,12820.0,12980.0,12910.0,155.0,85.0,6417.0,41435.02,17471.0,-723.0
SS2510.SHF,20250512,12855.0,12860.0,12875.0,13035.0,12865.0,13005.0,12955.0,145.0,95.0,666.0,4314.6,1977.0,-11.0
SS2511.SHF,20250512,12905.0,12915.0,12950.0,13045.0,12950.0,13045.0,12985.0,130.0,70.0,10.0,64.94,275.0,2.0
SS2512.SHF,20250512,12990.0,12995.0,13020.0,13125.0,13010.0,13125.0,13065.0,130.0,70.0,20.0,130.69,118.0,-3.0
SS2601.SHF,20250512,13035.0,13040.0,13150.0,13200.0,13125.0,13190.0,13150.0,150.0,110.0,23.0,151.26,400.0,5.0
SS2602.SHF,20250512,13095.0,13095.0,13240.0,13250.0,13240.0,13250.0,13245.0,155.0,150.0,2.0,13.25,74.0,0.0
SS2603.SHF,20250512,13140.0,13140.0,13195.0,13295.0,13195.0,13295.0,13245.0,155.0,105.0,5.0,33.12,103.0,1.0
SS2604.SHF,20250512,13205.0,13205.0,13225.0,13345.0,13225.0,13340.0,13275.0,135.0,70.0,16.0,106.21,32.0,-1.0
SSL.SHF,20250512,12710.0,12695.0,12705.0,12900.0,12700.0,12865.0,12830.0,170.0,135.0,1056.0,6776.16,3576.0,
T.CFX,20250512,109.06,109.035,108.89,109.09,108.36,108.53,108.68,-0.505,-0.355,110974.0,12077314.89,160433.0,
T2506.CFX,20250512,109.06,109.035,108.89,109.09,108.36,108.53,108.68,-0.505,-0.355,110974.0,12077314.89,160433.0,-16159.0
T2509.CFX,20250512,109.215,109.2,109.065,109.235,108.525,108.725,108.825,-0.475,-0.375,47986.0,5230756.52,77328.0,8115.0
T2512.CFX,20250512,109.155,109.15,108.965,109.17,108.48,108.675,108.815,-0.475,-0.335,1249.0,136035.52,4769.0,298.0
TA.ZCE,20250512,4582.0,4568.0,4594.0,4712.0,4544.0,4710.0,4638.0,142.0,70.0,1391183.0,3225250.47,1239728.0,
TA2505.ZCE,20250512,4688.0,4676.0,4720.0,4832.0,4670.0,4826.0,4752.0,150.0,76.0,7856.0,18664.6,39828.0,-1328.0
TA2506.ZCE,20250512,4684.0,4672.0,4694.0,4838.0,4658.0,4836.0,4762.0,164.0,90.0,124547.0,296385.51,140692.0,11990.0
TA2507.ZCE,20250512,4664.0,4644.0,4664.0,4806.0,4626.0,4806.0,4736.0,162.0,92.0,85363.0,202083.32,56206.0,16065.0
TA2508.ZCE,20250512,4618.0,4594.0,4628.0,4742.0,4574.0,4740.0,4666.0,146.0,72.0,27259.0,63591.33,11409.0,2466.0
TA2509.ZCE,20250512,4582.0,4568.0,4594.0,4712.0,4544.0,4710.0,4638.0,142.0,70.0,1391183.0,3225250.47,1239728.0,36095.0
TA2510.ZCE,20250512,4544.0,4534.0,4538.0,4692.0,4528.0,4692.0,4590.0,158.0,56.0,193.0,442.93,7135.0,125.0
TA2511.ZCE,20250512,4554.0,4516.0,4542.0,4666.0,4510.0,4660.0,4568.0,144.0,52.0,183.0,417.89,8876.0,122.0
TA2512.ZCE,20250512,4542.0,4526.0,4510.0,4656.0,4506.0,4648.0,4588.0,122.0,62.0,61.0,139.91,646.0,8.0
TA2601.ZCE,20250512,4510.0,4506.0,4522.0,4650.0,4480.0,4642.0,4554.0,136.0,48.0,290436.0,661285.24,254613.0,-14041.0
TA2602.ZCE,20250512,4518.0,4524.0,4518.0,4660.0,4496.0,4660.0,4578.0,136.0,54.0,126.0,288.44,136.0,12.0
TA2603.ZCE,20250512,4528.0,4534.0,4530.0,4670.0,4506.0,4648.0,4590.0,114.0,56.0,226.0,518.64,269.0,4.0
TA2604.ZCE,20250512,4510.0,4534.0,4500.0,4646.0,4500.0,4624.0,4588.0,90.0,54.0,51.0,116.98,60.0,0.0
TAL.ZCE,20250512,4688.0,4676.0,4720.0,4832.0,4670.0,4826.0,4752.0,150.0,76.0,7856.0,18664.6,39828.0,
TF.CFX,20250512,106.095,106.105,106.085,106.185,105.765,105.89,105.965,-0.215,-0.14,77590.0,8228924.085,129518.0,
TF2506.CFX,20250512,106.095,106.105,106.085,106.185,105.765,105.89,105.965,-0.215,-0.14,77590.0,8228924.085,129518.0,-13895.0
TF2509.CFX,20250512,106.435,106.445,106.435,106.515,106.09,106.225,106.295,-0.22,-0.15,27778.0,2955071.45,68031.0,6374.0
TF2512.CFX,20250512,106.455,106.465,106.385,106.52,106.15,106.275,106.315,-0.19,-0.15,472.0,50195.885,6916.0,162.0
TFL.CFX,20250512,106.095,106.105,106.085,106.185,105.765,105.89,105.965,-0.215,-0.14,77590.0,8228924.085,129518.0,
TFL1.CFX,20250512,106.435,106.445,106.435,106.515,106.09,106.225,106.295,-0.22,-0.15,27778.0,2955071.45,68031.0,
TFL2.CFX,20250512,106.455,106.465,106.385,106.52,106.15,106.275,106.315,-0.19,-0.15,472.0,50195.885,6916.0,
TL.CFX,20250512,109.06,109.035,108.89,109.09,108.36,108.53,108.68,-0.505,-0.355,110974.0,12077314.89,160433.0,
TL0.CFX,20250512,120.37,120.32,119.7,120.16,118.43,118.74,119.15,-1.58,-1.17,122849.0,14690124.57,71751.0,
TL1.CFX,20250512,109.215,109.2,109.065,109.235,108.525,108.725,108.825,-0.475,-0.375,47986.0,5230756.52,77328.0,
TL2.CFX,20250512,109.155,109.15,108.965,109.17,108.48,108.675,108.815,-0.475,-0.335,1249.0,136035.52,4769.0,
TL2506.CFX,20250512,120.37,120.32,119.7,120.16,118.43,118.74,119.15,-1.58,-1.17,122849.0,14690124.57,71751.0,-10376.0
TL2509.CFX,20250512,120.92,120.85,120.45,120.78,118.75,119.23,119.66,-1.62,-1.19,48981.0,5884136.62,53641.0,8826.0
TL2512.CFX,20250512,120.81,120.74,120.14,120.66,118.65,119.18,119.49,-1.56,-1.25,3340.0,400946.08,4822.0,1333.0
TLL.CFX,20250512,120.37,120.32,119.7,120.16,118.43,118.74,119.15,-1.58,-1.17,122849.0,14690124.57,71751.0,
TLL1.CFX,20250512,120.92,120.85,120.45,120.78,118.75,119.23,119.66,-1.62,-1.19,48981.0,5884136.62,53641.0,
TLL2.CFX,20250512,120.81,120.74,120.14,120.66,118.65,119.18,119.49,-1.56,-1.25,3340.0,400946.08,4822.0,
TS.CFX,20250512,102.346,102.356,102.312,102.382,102.232,102.276,102.318,-0.08,-0.038,48586.0,9944962.14,74392.0,
TS2506.CFX,20250512,102.346,102.356,102.312,102.382,102.232,102.276,102.318,-0.08,-0.038,48586.0,9944962.14,74392.0,-8761.0
TS2509.CFX,20250512,102.538,102.552,102.554,102.602,102.442,102.492,102.53,-0.06,-0.022,25489.0,5227717.472,69773.0,6211.0
TS2512.CFX,20250512,102.688,102.714,102.7,102.752,102.61,102.644,102.688,-0.07,-0.026,520.0,106810.812,1347.0,-3.0
TSL.CFX,20250512,102.346,102.356,102.312,102.382,102.232,102.276,102.318,-0.08,-0.038,48586.0,9944962.14,74392.0,
TSL1.CFX,20250512,102.538,102.552,102.554,102.602,102.442,102.492,102.53,-0.06,-0.022,25489.0,5227717.472,69773.0,
TSL2.CFX,20250512,102.688,102.714,102.7,102.752,102.61,102.644,102.688,-0.07,-0.026,520.0,106810.812,1347.0,
UR.ZCE,20250512,1893.0,1902.0,1892.0,1901.0,1880.0,1897.0,1891.0,-5.0,-11.0,266168.0,1006896.42,266971.0,
UR2505.ZCE,20250512,1935.0,1923.0,1930.0,1940.0,1920.0,1925.0,1927.0,2.0,4.0,771.0,2970.84,6498.0,-536.0
UR2506.ZCE,20250512,1892.0,1910.0,1895.0,1914.0,1888.0,1905.0,1905.0,-5.0,-5.0,833.0,3138.9,1876.0,108.0
UR2507.ZCE,20250512,1923.0,1928.0,1920.0,1945.0,1911.0,1923.0,1922.0,-5.0,-6.0,1155.0,4439.42,3195.0,129.0
UR2508.ZCE,20250512,1902.0,1911.0,1897.0,1926.0,1892.0,1906.0,1902.0,-5.0,-9.0,201.0,764.44,866.0,68.0
UR2509.ZCE,20250512,1893.0,1902.0,1892.0,1901.0,1880.0,1897.0,1891.0,-5.0,-11.0,266168.0,1006896.42,266971.0,-6906.0
UR2510.ZCE,20250512,1862.0,1871.0,1861.0,1872.0,1854.0,1867.0,1863.0,-4.0,-8.0,286.0,1065.81,879.0,-41.0
UR2511.ZCE,20250512,1857.0,1855.0,1855.0,1865.0,1849.0,1865.0,1855.0,10.0,0.0,38.0,140.96,417.0,-25.0
UR2512.ZCE,20250512,1822.0,1827.0,1824.0,1832.0,1821.0,1832.0,1827.0,5.0,0.0,7.0,25.58,83.0,-2.0
UR2601.ZCE,20250512,1790.0,1793.0,1782.0,1805.0,1780.0,1801.0,1793.0,8.0,0.0,22237.0,79747.65,45578.0,1663.0
UR2602.ZCE,20250512,1783.0,1786.0,1783.0,1796.0,1783.0,1796.0,1788.0,10.0,2.0,54.0,193.07,341.0,18.0
UR2603.ZCE,20250512,1794.0,1795.0,1798.0,1802.0,1796.0,1797.0,1798.0,2.0,3.0,42.0,151.07,231.0,5.0
UR2604.ZCE,20250512,1791.0,1793.0,1795.0,1796.0,1790.0,1796.0,1794.0,3.0,1.0,19.0,68.18,139.0,0.0
URL.ZCE,20250512,1935.0,1923.0,1930.0,1940.0,1920.0,1925.0,1927.0,2.0,4.0,771.0,2970.84,6498.0,
V.DCE,20250512,4805.0,4823.0,4810.0,4845.0,4755.0,4836.0,4796.0,13.0,-27.0,1145985.0,2748141.66,1064312.0,
V2505.DCE,20250512,4695.0,4710.0,4710.0,4716.0,4646.0,4715.0,4686.0,5.0,-24.0,1623.0,3803.22,26228.0,-598.0
V2506.DCE,20250512,4719.0,4736.0,4725.0,4760.0,4668.0,4751.0,4709.0,15.0,-27.0,14260.0,33580.59,20458.0,-937.0
V2507.DCE,20250512,4751.0,4768.0,4755.0,4790.0,4702.0,4780.0,4739.0,12.0,-29.0,7678.0,18194.94,13246.0,-24.0
V2508.DCE,20250512,4785.0,4796.0,4787.0,4819.0,4737.0,4810.0,4766.0,14.0,-30.0,438.0,1043.8,3313.0,73.0
V2509.DCE,20250512,4805.0,4823.0,4810.0,4845.0,4755.0,4836.0,4796.0,13.0,-27.0,1145985.0,2748141.66,1064312.0,-13123.0
V2510.DCE,20250512,4847.0,4848.0,4830.0,4869.0,4789.0,4863.0,4817.0,15.0,-31.0,458.0,1103.26,2069.0,4.0
V2511.DCE,20250512,4879.0,4877.0,4820.0,4900.0,4811.0,4893.0,4863.0,16.0,-14.0,117.0,284.49,941.0,6.0
V2512.DCE,20250512,4901.0,4909.0,4871.0,4917.0,4841.0,4910.0,4878.0,1.0,-31.0,402.0,980.51,1649.0,36.0
V2601.DCE,20250512,4914.0,4933.0,4917.0,4943.0,4864.0,4934.0,4908.0,1.0,-25.0,46271.0,113563.13,109958.0,7191.0
V2602.DCE,20250512,4944.0,4953.0,4935.0,4969.0,4898.0,4966.0,4932.0,13.0,-21.0,245.0,604.18,820.0,81.0
V2603.DCE,20250512,4970.0,4983.0,4965.0,5000.0,4928.0,4993.0,4960.0,10.0,-23.0,127.0,314.98,778.0,74.0
V2604.DCE,20250512,5049.0,5063.0,5049.0,5088.0,5002.0,5067.0,5048.0,4.0,-15.0,93.0,234.77,153.0,19.0
VL.DCE,20250512,4695.0,4710.0,4710.0,4716.0,4646.0,4715.0,4686.0,5.0,-24.0,1623.0,3803.22,26228.0,
WH.ZCE,20250512,3198.0,3198.0,,,,3198.0,3198.0,0.0,0.0,0.0,0.0,0.0,
WH2505.ZCE,20250512,3198.0,3198.0,,,,3198.0,3198.0,0.0,0.0,0.0,0.0,0.0,0.0
WH2507.ZCE,20250512,3198.0,3198.0,,,,3198.0,3198.0,0.0,0.0,0.0,0.0,0.0,0.0
WH2509.ZCE,20250512,3198.0,3198.0,,,,3198.0,3198.0,0.0,0.0,0.0,0.0,0.0,0.0
WH2511.ZCE,20250512,3198.0,3198.0,,,,3198.0,3198.0,0.0,0.0,0.0,0.0,0.0,0.0
WH2601.ZCE,20250512,3198.0,3198.0,,,,3198.0,3198.0,0.0,0.0,0.0,0.0,0.0,0.0
WH2603.ZCE,20250512,3198.0,3198.0,,,,3198.0,3198.0,0.0,0.0,0.0,0.0,0.0,0.0
WHL.ZCE,20250512,3198.0,3198.0,,,,3198.0,3198.0,0.0,0.0,0.0,0.0,0.0,
WR.SHF,20250512,3364.0,3381.0,3364.0,3439.0,3364.0,3428.0,3405.0,47.0,24.0,81.0,275.82,15.0,
WR2505.SHF,20250512,3285.0,3285.0,,,,3285.0,3285.0,0.0,0.0,0.0,0.0,0.0,0.0
WR2506.SHF,20250512,3356.0,3356.0,,,,3356.0,3356.0,0.0,0.0,0.0,0.0,0.0,0.0
WR2507.SHF,20250512,3340.0,3340.0,,,,3340.0,3340.0,0.0,0.0,0.0,0.0,3.0,0.0
WR2508.SHF,20250512,3394.0,3394.0,,,,3394.0,3394.0,0.0,0.0,0.0,0.0,1.0,0.0
WR2509.SHF,20250512,3379.0,3379.0,,,,3379.0,3379.0,0.0,0.0,0.0,0.0,1.0,0.0
WR2510.SHF,20250512,3364.0,3381.0,3364.0,3439.0,3364.0,3428.0,3405.0,47.0,24.0,81.0,275.82,15.0,-4.0
WR2511.SHF,20250512,3433.0,3433.0,,,,3433.0,3433.0,0.0,0.0,0.0,0.0,0.0,0.0
WR2512.SHF,20250512,3437.0,3437.0,,,,3437.0,3437.0,0.0,0.0,0.0,0.0,0.0,0.0
WR2601.SHF,20250512,3440.0,3440.0,,,,3440.0,3440.0,0.0,0.0,0.0,0.0,0.0,0.0
WR2602.SHF,20250512,3449.0,3449.0,,,,3449.0,3449.0,0.0,0.0,0.0,0.0,0.0,0.0
WR2603.SHF,20250512,3461.0,3461.0,,,,3461.0,3461.0,0.0,0.0,0.0,0.0,0.0,0.0
WR2604.SHF,20250512,3394.0,3394.0,,,,3383.0,3383.0,-11.0,-11.0,0.0,0.0,2.0,0.0
WRL.SHF,20250512,3285.0,3285.0,,,,3285.0,3285.0,0.0,0.0,0.0,0.0,0.0,
Y.DCE,20250512,7780.0,7812.0,7802.0,7820.0,7744.0,7814.0,7786.0,2.0,-26.0,394521.0,3072004.13,612753.0,
Y2505.DCE,20250512,7926.0,7926.0,7970.0,7970.0,7970.0,7970.0,7970.0,44.0,44.0,5.0,39.85,1198.0,0.0
Y2507.DCE,20250512,7806.0,7838.0,7826.0,7838.0,7758.0,7814.0,7796.0,-24.0,-42.0,11739.0,91529.16,28430.0,54.0
Y2508.DCE,20250512,7782.0,7822.0,7824.0,7824.0,7744.0,7802.0,7786.0,-20.0,-36.0,1886.0,14686.98,7648.0,823.0
Y2509.DCE,20250512,7780.0,7812.0,7802.0,7820.0,7744.0,7814.0,7786.0,2.0,-26.0,394521.0,3072004.13,612753.0,8927.0
Y2511.DCE,20250512,7794.0,7822.0,7818.0,7834.0,7770.0,7832.0,7810.0,10.0,-12.0,197.0,1538.95,2097.0,52.0
Y2512.DCE,20250512,7798.0,7822.0,7810.0,7836.0,7768.0,7836.0,7806.0,14.0,-16.0,103.0,804.21,260.0,35.0
Y2601.DCE,20250512,7766.0,7794.0,7798.0,7830.0,7744.0,7808.0,7782.0,14.0,-12.0,40518.0,315381.45,114848.0,2949.0
Y2603.DCE,20250512,7704.0,7732.0,7716.0,7756.0,7694.0,7748.0,7738.0,16.0,6.0,88.0,681.01,1013.0,22.0
YL.DCE,20250512,7926.0,7926.0,7970.0,7970.0,7970.0,7970.0,7970.0,44.0,44.0,5.0,39.85,1198.0,
ZC.ZCE,20250512,801.4,801.4,,,,801.4,801.4,0.0,0.0,0.0,0.0,0.0,
ZC2505.ZCE,20250512,801.4,801.4,,,,801.4,801.4,0.0,0.0,0.0,0.0,0.0,0.0
ZC2506.ZCE,20250512,801.4,801.4,,,,801.4,801.4,0.0,0.0,0.0,0.0,0.0,0.0
ZC2507.ZCE,20250512,801.4,801.4,,,,801.4,801.4,0.0,0.0,0.0,0.0,0.0,0.0
ZC2508.ZCE,20250512,801.4,801.4,,,,801.4,801.4,0.0,0.0,0.0,0.0,0.0,0.0
ZC2509.ZCE,20250512,801.4,801.4,,,,801.4,801.4,0.0,0.0,0.0,0.0,0.0,0.0
ZC2510.ZCE,20250512,801.4,801.4,,,,801.4,801.4,0.0,0.0,0.0,0.0,0.0,0.0
ZC2511.ZCE,20250512,801.4,801.4,,,,801.4,801.4,0.0,0.0,0.0,0.0,0.0,0.0
ZC2512.ZCE,20250512,801.4,801.4,,,,801.4,801.4,0.0,0.0,0.0,0.0,0.0,0.0
ZC2601.ZCE,20250512,801.4,801.4,,,,801.4,801.4,0.0,0.0,0.0,0.0,0.0,0.0
ZC2602.ZCE,20250512,801.4,801.4,,,,801.4,801.4,0.0,0.0,0.0,0.0,0.0,0.0
ZC2603.ZCE,20250512,801.4,801.4,,,,801.4,801.4,0.0,0.0,0.0,0.0,0.0,0.0
ZC2604.ZCE,20250512,801.4,801.4,,,,801.4,801.4,0.0,0.0,0.0,0.0,0.0,0.0
ZCL.ZCE,20250512,801.4,801.4,,,,801.4,801.4,0.0,0.0,0.0,0.0,0.0,
ZN.SHF,20250512,22190.0,22250.0,22360.0,22515.0,22080.0,22490.0,22325.0,240.0,75.0,229910.0,2566486.17,118030.0,
ZN2505.SHF,20250512,22575.0,22645.0,22685.0,22780.0,22490.0,22725.0,22665.0,80.0,20.0,3490.0,39554.04,2290.0,-1520.0
ZN2506.SHF,20250512,22190.0,22250.0,22360.0,22515.0,22080.0,22490.0,22325.0,240.0,75.0,229910.0,2566486.17,118030.0,-1140.0
ZN2507.SHF,20250512,21935.0,21985.0,22105.0,22345.0,21920.0,22325.0,22140.0,340.0,155.0,117736.0,1303388.15,72443.0,751.0
ZN2508.SHF,20250512,21790.0,21830.0,21850.0,22200.0,21815.0,22190.0,22020.0,360.0,190.0,39619.0,436233.31,24219.0,2755.0
ZN2509.SHF,20250512,21715.0,21730.0,21820.0,22120.0,21755.0,22120.0,21940.0,390.0,210.0,8448.0,92681.21,10163.0,1368.0
ZN2510.SHF,20250512,21635.0,21635.0,21750.0,22060.0,21700.0,22035.0,21870.0,400.0,235.0,936.0,10235.17,2344.0,-43.0
ZN2511.SHF,20250512,21555.0,21610.0,21690.0,21990.0,21635.0,21990.0,21815.0,380.0,205.0,451.0,4919.8,1371.0,114.0
ZN2512.SHF,20250512,21525.0,21550.0,21655.0,21935.0,21600.0,21930.0,21730.0,380.0,180.0,148.0,1608.24,894.0,-4.0
ZN2601.SHF,20250512,21475.0,21495.0,21575.0,21885.0,21535.0,21875.0,21670.0,380.0,175.0,111.0,1202.92,209.0,-22.0
ZN2602.SHF,20250512,21500.0,21445.0,21530.0,21855.0,21530.0,21845.0,21635.0,400.0,190.0,31.0,335.4,170.0,2.0
ZN2603.SHF,20250512,21460.0,21435.0,21605.0,21850.0,21500.0,21845.0,21635.0,410.0,200.0,60.0,649.18,188.0,5.0
ZN2604.SHF,20250512,21475.0,21380.0,21530.0,21770.0,21500.0,21695.0,21635.0,315.0,255.0,52.0,562.54,126.0,12.0
ZNL.SHF,20250512,22575.0,22645.0,22685.0,22780.0,22490.0,22725.0,22665.0,80.0,20.0,3490.0,39554.04,2290.0,
