ts_code,trade_date,pre_close,pre_settle,open,high,low,close,settle,change1,change2,vol,amount,oi,oi_chg
IC.CFX,20260410,7748.8,7745.4,7828.0,7945.4,7796.4,7828.6,7846.8,83.2,101.4,92493.0,14560405.964,156816.0,8278.0
ICL2.CFX,20260410,7748.8,7745.4,7828.0,7945.4,7796.4,7828.6,7846.8,83.2,101.4,92493.0,14560405.964,156816.0,8278.0
IF.CFX,20260410,4500.0,4496.6,4525.0,4591.8,4518.4,4562.0,4573.4,65.4,76.8,59681.0,8167322.316,140107.0,6388.0
IFL2.CFX,20260410,4500.0,4496.6,4525.0,4591.8,4518.4,4562.0,4573.4,65.4,76.8,59681.0,8167322.316,140107.0,6388.0
IH.CFX,20260410,2860.6,2859.0,2878.0,2896.0,2868.8,2873.2,2878.0,14.2,19.0,26301.0,2274310.188,54272.0,1420.0
IHL2.CFX,20260410,2860.6,2859.0,2878.0,2896.0,2868.8,2873.2,2878.0,14.2,19.0,26301.0,2274310.188,54272.0,1420.0
IM.CFX,20260410,7709.4,7711.4,7775.0,7869.6,7761.0,7785.8,7803.0,74.4,91.6,116023.0,18138163.796,197340.0,6242.0
IML2.CFX,20260410,7709.4,7711.4,7775.0,7869.6,7761.0,7785.8,7803.0,74.4,91.6,116023.0,18138163.796,197340.0,6242.0
TF.CFX,20260410,105.985,105.96,105.985,105.995,105.91,105.925,105.935,-0.035,-0.025,79027.0,8372572.66,178180.0,3895.0
TFL.CFX,20260410,105.985,105.96,105.985,105.995,105.91,105.925,105.935,-0.035,-0.025,79027.0,8372572.66,178180.0,3895.0
TL0.CFX,20260410,112.13,112.15,112.12,112.41,112.1,112.37,112.32,0.22,0.17,89328.0,10029025.86,152018.0,6070.0
TLL.CFX,20260410,112.13,112.15,112.12,112.41,112.1,112.37,112.32,0.22,0.17,89328.0,10029025.86,152018.0,6070.0
TS.CFX,20260410,102.492,102.48,102.496,102.504,102.458,102.482,102.482,0.002,0.002,52685.0,10798422.924,75519.0,1003.0
TSL.CFX,20260410,102.492,102.48,102.496,102.504,102.458,102.482,102.482,0.002,0.002,52685.0,10798422.924,75519.0,1003.0
T.CFX,20260410,108.29,108.27,108.295,108.345,108.235,108.26,108.27,-0.01,0.0,96470.0,10446389.63,302927.0,5221.0
TL.CFX,20260410,108.29,108.27,108.295,108.345,108.235,108.26,108.27,-0.01,0.0,96470.0,10446389.63,302927.0,5221.0
AP.ZCE,20260410,9574.0,9527.0,9531.0,9720.0,9531.0,9703.0,9623.0,176.0,96.0,29838.0,287137.66,29613.0,-2974.0
CF.ZCE,20260410,15340.0,15335.0,15345.0,15810.0,15340.0,15705.0,15645.0,370.0,310.0,930902.0,7282024.24,662042.0,143605.0
CJ.ZCE,20260410,8585.0,8535.0,8600.0,8690.0,8540.0,8610.0,8605.0,75.0,70.0,49232.0,211788.65,44947.0,-7541.0
CJL.ZCE,20260410,8585.0,8535.0,8600.0,8690.0,8540.0,8610.0,8605.0,75.0,70.0,49232.0,211788.65,44947.0,-7541.0
CY.ZCE,20260410,21700.0,21645.0,21725.0,22150.0,21715.0,22010.0,21960.0,365.0,315.0,18194.0,199777.16,12908.0,4723.0
FG.ZCE,20260410,970.0,976.0,973.0,975.0,956.0,963.0,965.0,-13.0,-11.0,687113.0,1330179.83,957948.0,-47713.0
JR.ZCE,20260410,2662.0,2662.0,0.0,0.0,0.0,2662.0,2662.0,0.0,0.0,0.0,0.0,0.0,0.0
JRL.ZCE,20260410,2662.0,2662.0,0.0,0.0,0.0,2662.0,2662.0,0.0,0.0,0.0,0.0,0.0,0.0
MA.ZCE,20260410,3205.0,3161.0,3240.0,3249.0,3060.0,3114.0,3148.0,-47.0,-13.0,1764469.0,5553930.06,418409.0,-10525.0
OI.ZCE,20260410,9494.0,9484.0,9528.0,9605.0,9503.0,9521.0,9541.0,37.0,57.0,117724.0,1123227.12,119581.0,-10219.0
OIL.ZCE,20260410,9494.0,9484.0,9528.0,9605.0,9503.0,9521.0,9541.0,37.0,57.0,117724.0,1123227.12,119581.0,-10219.0
PF.ZCE,20260410,8106.0,8028.0,8142.0,8170.0,7790.0,7858.0,7944.0,-170.0,-84.0,166477.0,661125.1,144205.0,6543.0
PK.ZCE,20260410,8378.0,8364.0,8402.0,8444.0,8382.0,8412.0,8410.0,48.0,46.0,66444.0,279374.62,134014.0,24264.0
PL.ZCE,20260410,8753.0,8574.0,8800.0,8843.0,8448.0,8560.0,8625.0,-14.0,51.0,6407.0,110479.05,4492.0,164.0
PM.ZCE,20260410,3122.0,3122.0,0.0,0.0,0.0,3122.0,3122.0,0.0,0.0,0.0,0.0,0.0,0.0
PML.ZCE,20260410,3122.0,3122.0,0.0,0.0,0.0,3122.0,3122.0,0.0,0.0,0.0,0.0,0.0,0.0
PR.ZCE,20260410,8002.0,7928.0,8060.0,8060.0,7690.0,7778.0,7868.0,-150.0,-60.0,39664.0,468095.01,29135.0,69.0
PX.ZCE,20260410,9234.0,9102.0,9300.0,9322.0,8838.0,8950.0,9066.0,-152.0,-36.0,245516.0,1112889.29,104421.0,-3185.0
RI.ZCE,20260410,2479.0,2479.0,0.0,0.0,0.0,2479.0,2479.0,0.0,0.0,0.0,0.0,0.0,0.0
RIL.ZCE,20260410,2479.0,2479.0,0.0,0.0,0.0,2479.0,2479.0,0.0,0.0,0.0,0.0,0.0,0.0
RM.ZCE,20260410,2241.0,2248.0,2246.0,2269.0,2234.0,2241.0,2251.0,-7.0,3.0,406051.0,914138.64,431635.0,-48345.0
RML.ZCE,20260410,2241.0,2248.0,2246.0,2269.0,2234.0,2241.0,2251.0,-7.0,3.0,406051.0,914138.64,431635.0,-48345.0
RS.ZCE,20260410,5750.0,5663.0,5720.0,5799.0,5632.0,5687.0,5691.0,24.0,28.0,114.0,648.76,75.0,3.0
SA.ZCE,20260410,1136.0,1142.0,1137.0,1159.0,1123.0,1146.0,1140.0,4.0,-2.0,644897.0,1470801.99,614143.0,-72148.0
SF.ZCE,20260410,5684.0,5708.0,5682.0,5682.0,5616.0,5676.0,5650.0,-32.0,-58.0,180992.0,511326.56,208382.0,12634.0
SH.ZCE,20260410,2116.0,2157.0,2119.0,2119.0,2054.0,2063.0,2079.0,-94.0,-78.0,155819.0,972510.9,78655.0,233.0
SM.ZCE,20260410,6122.0,6168.0,6108.0,6144.0,6066.0,6120.0,6108.0,-48.0,-60.0,208749.0,637587.13,256010.0,-15897.0
SR.ZCE,20260410,5317.0,5288.0,5300.0,5329.0,5295.0,5325.0,5311.0,37.0,23.0,312932.0,1661987.97,489603.0,33987.0
TA.ZCE,20260410,6524.0,6454.0,6562.0,6570.0,6228.0,6304.0,6370.0,-150.0,-84.0,817078.0,2601760.3,671788.0,-38254.0
UR.ZCE,20260410,1837.0,1839.0,1836.0,1846.0,1824.0,1829.0,1833.0,-10.0,-6.0,84376.0,309395.62,141717.0,-2038.0
WH.ZCE,20260410,3198.0,3198.0,0.0,0.0,0.0,3198.0,3198.0,0.0,0.0,0.0,0.0,0.0,0.0
WHL.ZCE,20260410,3198.0,3198.0,0.0,0.0,0.0,3198.0,3198.0,0.0,0.0,0.0,0.0,0.0,0.0
ZC.ZCE,20260410,801.4,801.4,0.0,0.0,0.0,801.4,801.4,0.0,0.0,0.0,0.0,0.0,0.0
ZCL.ZCE,20260410,801.4,801.4,0.0,0.0,0.0,801.4,801.4,0.0,0.0,0.0,0.0,0.0,0.0
A.DCE,20260410,4826.0,4742.0,4820.0,4902.0,4813.0,4856.0,4865.0,114.0,123.0,460546.0,2240609.91,164987.0,-9038.0
AL.DCE,20260410,4826.0,4742.0,4820.0,4902.0,4813.0,4856.0,4865.0,114.0,123.0,460546.0,2240609.91,164987.0,-9038.0
BB.DCE,20260410,148.0,147.95,0.0,0.0,0.0,147.95,147.95,0.0,0.0,0.0,0.0,36.0,0.0
B.DCE,20260410,3633.0,3620.0,3636.0,3660.0,3614.0,3622.0,3638.0,2.0,18.0,96501.0,351129.6,115252.0,-2891.0
BZ.DCE,20260410,8516.0,8460.0,8600.0,8600.0,8295.0,8415.0,8448.0,-45.0,-12.0,26153.0,662893.75,19504.0,-367.0
CS.DCE,20260410,2759.0,2751.0,2758.0,2782.0,2756.0,2776.0,2771.0,25.0,20.0,132690.0,367701.95,171439.0,-13060.0
CSL.DCE,20260410,2759.0,2751.0,2758.0,2782.0,2756.0,2776.0,2771.0,25.0,20.0,132690.0,367701.95,171439.0,-13060.0
C.DCE,20260410,2354.0,2349.0,2359.0,2386.0,2355.0,2379.0,2376.0,30.0,27.0,761415.0,1809418.84,776337.0,-59174.0
CL.DCE,20260410,2354.0,2349.0,2359.0,2386.0,2355.0,2379.0,2376.0,30.0,27.0,761415.0,1809418.84,776337.0,-59174.0
EB.DCE,20260410,10171.0,10091.0,10224.0,10270.0,9801.0,9943.0,10021.0,-148.0,-70.0,492398.0,2467171.57,167587.0,-4301.0
EG.DCE,20260410,5152.0,5102.0,5202.0,5214.0,4846.0,4943.0,5015.0,-159.0,-87.0,879530.0,4411255.94,245629.0,-9610.0
FB.DCE,20260410,1331.5,1328.5,1334.0,1349.0,1330.5,1349.0,1337.0,20.5,8.5,2624.0,3509.45,3368.0,145.0
I.DCE,20260410,750.0,756.0,750.5,760.0,749.0,753.5,754.0,-2.5,-2.0,227904.0,1719015.3,461074.0,10903.0
JD.DCE,20260410,3218.0,3210.0,3233.0,3256.0,3220.0,3229.0,3234.0,19.0,24.0,234576.0,758764.88,211523.0,11990.0
JM.DCE,20260410,1077.0,1102.5,1075.0,1077.5,1042.5,1056.0,1059.0,-46.5,-43.5,688311.0,4375104.34,314609.0,-25792.0
J.DCE,20260410,1661.5,1677.0,1667.5,1668.0,1622.0,1640.0,1638.0,-37.0,-39.0,15542.0,254600.92,24575.0,409.0
LG.DCE,20260410,837.0,838.0,837.0,838.0,829.0,831.5,832.5,-6.5,-5.5,5291.0,39654.5,11222.0,-296.0
LGL.DCE,20260410,837.0,838.0,837.0,838.0,829.0,831.5,832.5,-6.5,-5.5,5291.0,39654.5,11222.0,-296.0
LH.DCE,20260410,9195.0,9185.0,9205.0,9290.0,9135.0,9140.0,9195.0,-45.0,10.0,125737.0,1850550.72,158282.0,-6494.0
LHL.DCE,20260410,9195.0,9185.0,9205.0,9290.0,9135.0,9140.0,9195.0,-45.0,10.0,125737.0,1850550.72,158282.0,-6494.0
L_F.DCE,20260410,8590.0,8530.0,8662.0,8662.0,8359.0,8450.0,8470.0,-80.0,-60.0,4364.0,18497.77,4599.0,1979.0
L.DCE,20260410,8579.0,8512.0,8629.0,8638.0,8343.0,8398.0,8479.0,-114.0,-33.0,524106.0,2222202.27,228878.0,-12456.0
M.DCE,20260410,2971.0,2970.0,2977.0,3001.0,2963.0,2977.0,2982.0,7.0,12.0,1017919.0,3036406.58,1944718.0,68376.0
PG.DCE,20260410,5845.0,5764.0,5882.0,5902.0,5690.0,5773.0,5788.0,9.0,24.0,68578.0,793890.67,32980.0,-3946.0
PP_F.DCE,20260410,9131.0,9019.0,9176.0,9186.0,8980.0,9040.0,9075.0,21.0,56.0,2275.0,10322.15,1672.0,-116.0
PP_FL.DCE,20260410,9131.0,9019.0,9176.0,9186.0,8980.0,9040.0,9075.0,21.0,56.0,2275.0,10322.15,1672.0,-116.0
PP.DCE,20260410,9117.0,8947.0,9200.0,9200.0,8889.0,8963.0,9025.0,16.0,78.0,701371.0,3164963.73,234679.0,-4934.0
P.DCE,20260410,9650.0,9610.0,9688.0,9752.0,9616.0,9621.0,9688.0,11.0,78.0,490555.0,4752558.8,338468.0,20385.0
RR.DCE,20260410,3579.0,3577.0,3579.0,3603.0,3573.0,3603.0,3588.0,26.0,11.0,3751.0,13462.03,15610.0,-419.0
V_F.DCE,20260410,5115.0,5202.0,5123.0,5150.0,5025.0,5063.0,5090.0,-139.0,-112.0,8144.0,20617.74,4528.0,-918.0
V_FL.DCE,20260410,5115.0,5202.0,5123.0,5150.0,5025.0,5063.0,5090.0,-139.0,-112.0,8144.0,20617.74,4528.0,-918.0
V.DCE,20260410,5093.0,5149.0,5098.0,5111.0,4929.0,4952.0,4992.0,-197.0,-157.0,1012997.0,2528851.53,532268.0,-33762.0
Y.DCE,20260410,8496.0,8472.0,8522.0,8552.0,8501.0,8506.0,8520.0,34.0,48.0,263164.0,2242172.39,564867.0,9567.0
LC.GFE,20260410,152420.0,154140.0,153480.0,157000.0,152220.0,155400.0,154580.0,1260.0,440.0,146392.0,2263212.052,150277.0,-20598.0
PD.GFE,20260410,387.35,386.05,386.65,391.85,384.0,385.05,388.25,-1.0,2.2,2327.0,90350.46,7216.0,140.0
PDL.GFE,20260410,387.35,386.05,386.65,391.85,384.0,385.05,388.25,-1.0,2.2,2327.0,90350.46,7216.0,140.0
PS.GFE,20260410,31690.0,31930.0,31330.0,32500.0,31070.0,32125.0,31900.0,195.0,-30.0,29421.0,281583.75,34814.0,-2834.0
PT.GFE,20260410,511.6,513.2,522.0,529.5,519.3,521.45,524.45,8.25,11.25,4659.0,244343.08,15303.0,-129.0
PTL.GFE,20260410,511.6,513.2,522.0,529.5,519.3,521.45,524.45,8.25,11.25,4659.0,244343.08,15303.0,-129.0
SI.GFE,20260410,8260.0,8285.0,8260.0,8300.0,8125.0,8250.0,8210.0,-35.0,-75.0,195667.0,803316.3325,173408.0,-7907.0
BC.INE,20260410,86670.0,86800.0,86560.0,87590.0,86560.0,87310.0,87170.0,510.0,370.0,2894.0,126148.24,6548.0,171.0
EC.INE,20260410,2036.0,2069.4,2031.0,2035.0,1930.4,1997.9,1974.2,-71.5,-95.2,15280.0,150836.285,16884.0,241.0
LU.INE,20260410,4640.0,4548.0,4733.0,4733.0,4574.0,4635.0,4650.0,87.0,102.0,38532.0,179173.895,26333.0,-2082.0
LUL.INE,20260410,4640.0,4548.0,4733.0,4733.0,4574.0,4635.0,4650.0,87.0,102.0,38532.0,179173.895,26333.0,-2082.0
NR.INE,20260410,14135.0,14025.0,14155.0,14375.0,13825.0,13890.0,14100.0,-135.0,75.0,81365.0,1147650.085,68594.0,675.0
SC.INE,20260410,640.0,630.4,647.8,649.0,623.7,637.3,636.3,6.9,5.9,63642.0,4050171.19,35351.0,-3456.0
SCL.INE,20260410,640.0,630.4,647.8,649.0,623.7,637.3,636.3,6.9,5.9,63642.0,4050171.19,35351.0,-3456.0
AD.SHF,20260410,23485.0,23440.0,23400.0,23670.0,23400.0,23505.0,23555.0,65.0,115.0,4707.0,110882.305,14850.0,372.0
AG.SHF,20260410,18225.0,18526.0,18350.0,18868.0,18300.0,18583.0,18606.0,57.0,80.0,682996.0,19062110.6595,237225.0,2751.0
AL.SHF,20260410,24540.0,24575.0,24575.0,24700.0,24525.0,24610.0,24625.0,35.0,50.0,119006.0,1465548.105,207550.0,-7139.0
AO.SHF,20260410,2650.0,2672.0,2643.0,2665.0,2622.0,2641.0,2642.0,-31.0,-30.0,200474.0,1059662.358,174910.0,-3368.0
AU.SHF,20260410,1041.32,1048.58,1048.5,1059.0,1046.18,1048.36,1052.78,-0.22,4.2,221263.0,23294375.444,182266.0,-434.0
BR.SHF,20260410,16900.0,16700.0,17015.0,17090.0,15850.0,15880.0,16410.0,-820.0,-290.0,449159.0,3686461.03,46656.0,638.0
BU.SHF,20260410,4165.0,4101.0,4185.0,4191.0,4082.0,4101.0,4133.0,0.0,32.0,620645.0,2565657.29,220478.0,-4600.0
CU.SHF,20260410,97810.0,97880.0,97820.0,98750.0,97720.0,98440.0,98290.0,560.0,410.0,71304.0,3504387.395,174447.0,-388.0
FU.SHF,20260410,4139.0,4044.0,4172.0,4190.0,4013.0,4059.0,4092.0,15.0,48.0,448261.0,1834484.293,134372.0,-9946.0
FUL.SHF,20260410,4139.0,4044.0,4172.0,4190.0,4013.0,4059.0,4092.0,15.0,48.0,448261.0,1834484.293,134372.0,-9946.0
HC.SHF,20260410,3270.0,3277.0,3270.0,3282.0,3261.0,3273.0,3271.0,-4.0,-6.0,249410.0,815974.409,1022923.0,25317.0
NI.SHF,20260410,133300.0,134180.0,133310.0,134300.0,132880.0,133010.0,133420.0,-1170.0,-760.0,185130.0,2470008.369,142947.0,-734.0
OP.SHF,20260410,4042.0,4050.0,4018.0,4052.0,4016.0,4040.0,4040.0,-10.0,-10.0,2795.0,45188.136,10793.0,600.0
PB.SHF,20260410,16785.0,16770.0,16710.0,16765.0,16575.0,16685.0,16675.0,-85.0,-95.0,52927.0,441346.62,51416.0,-1230.0
RB.SHF,20260410,3096.0,3106.0,3101.0,3105.0,3083.0,3099.0,3094.0,-7.0,-12.0,488279.0,1511161.802,1389937.0,65234.0
RU.SHF,20260410,17140.0,17040.0,17185.0,17325.0,16765.0,16815.0,17040.0,-225.0,0.0,311929.0,5316727.0,156066.0,1650.0
SN.SHF,20260410,369390.0,372780.0,371000.0,379500.0,369400.0,374790.0,375330.0,2010.0,2550.0,192518.0,7225778.79,34398.0,-453.0
SP.SHF,20260410,4996.0,5052.0,5008.0,5054.0,4988.0,5010.0,5016.0,-42.0,-36.0,116303.0,583471.672,120169.0,-1122.0
SS.SHF,20260410,14290.0,14320.0,14305.0,14525.0,14305.0,14465.0,14435.0,145.0,115.0,121061.0,873979.9225,93058.0,3770.0
WR.SHF,20260410,3265.0,3271.0,3250.0,3274.0,3248.0,3248.0,3258.0,-23.0,-13.0,43.0,140.099,183.0,11.0
ZN.SHF,20260410,23765.0,23780.0,23765.0,23860.0,23590.0,23615.0,23725.0,-165.0,-55.0,75435.0,894904.5125,76609.0,-759.0
ICL.CFX,20260410,7891.0,7883.6,7950.0,8075.8,7937.2,7959.8,7979.4,76.2,95.8,31167.0,4989905.876,47570.0,974.0
ICL1.CFX,20260410,7845.4,7832.2,7899.0,8032.8,7885.6,7919.6,7933.6,87.4,101.4,8315.0,1324016.56,18583.0,2028.0
ICL3.CFX,20260410,7581.0,7579.8,7645.8,7776.8,7629.6,7662.2,7685.0,82.4,105.2,22425.0,3453719.812,72530.0,3715.0
IFL.CFX,20260410,4555.4,4555.4,4588.0,4648.0,4577.8,4620.0,4631.4,64.6,76.0,27283.0,3780288.258,45818.0,4640.0
IFL1.CFX,20260410,4536.0,4535.2,4569.0,4627.2,4558.8,4598.4,4609.0,63.2,73.8,4599.0,634544.076,9164.0,1685.0
IFL3.CFX,20260410,4414.0,4411.0,4440.0,4508.0,4434.4,4480.2,4490.6,69.2,79.6,12920.0,1735384.758,65776.0,2577.0
IHL.CFX,20260410,2882.0,2880.6,2900.0,2915.8,2891.4,2897.0,2900.6,16.4,20.0,10498.0,914407.812,17757.0,999.0
IHL1.CFX,20260410,2875.6,2875.4,2890.0,2909.6,2886.0,2892.6,2893.2,17.2,17.8,2046.0,177853.02,3986.0,326.0
IHL3.CFX,20260410,2817.0,2815.6,2832.0,2851.6,2824.8,2828.4,2833.2,12.8,17.6,6505.0,553782.288,26932.0,2041.0
IML.CFX,20260410,7901.0,7896.4,7970.0,8051.8,7950.0,7975.0,7990.8,78.6,94.4,37485.0,5998962.716,64011.0,-1457.0
IML1.CFX,20260410,7826.6,7822.8,7910.6,7984.4,7877.2,7904.2,7919.4,81.4,96.6,10693.0,1696952.448,21172.0,3033.0
IML3.CFX,20260410,7491.0,7491.8,7550.0,7647.6,7544.8,7566.2,7583.0,74.4,91.2,24566.0,3732567.412,103640.0,2675.0
TL1.CFX,20260410,108.19,108.175,108.195,108.245,108.135,108.165,108.165,-0.01,-0.01,4607.0,498403.015,26654.0,1276.0
TL2.CFX,20260410,108.115,108.105,108.175,108.175,108.075,108.095,108.11,-0.01,0.005,114.0,12324.38,676.0,13.0
TFL1.CFX,20260410,105.785,105.77,105.795,105.805,105.73,105.75,105.75,-0.02,-0.02,2993.0,316546.08,26141.0,275.0
TFL2.CFX,20260410,105.755,105.715,105.75,105.76,105.68,105.725,105.705,0.01,-0.01,206.0,21772.63,925.0,98.0
TLL1.CFX,20260410,111.82,111.83,111.82,112.09,111.79,112.07,112.0,0.24,0.17,7113.0,796398.08,29688.0,187.0
TLL2.CFX,20260410,111.7,111.72,111.65,112.01,111.65,112.01,111.9,0.29,0.18,198.0,22152.54,929.0,14.0
TSL1.CFX,20260410,102.47,102.46,102.476,102.48,102.44,102.46,102.462,0.0,0.002,860.0,176232.444,5034.0,-44.0
TSL2.CFX,20260410,102.462,102.466,102.476,102.478,102.45,102.458,102.46,-0.008,-0.006,335.0,68652.696,418.0,-3.0
APL.ZCE,20260410,10383.0,10383.0,10400.0,10400.0,10400.0,10400.0,10400.0,17.0,17.0,6.0,62.4,86.0,-6.0
CFL.ZCE,20260410,15205.0,15205.0,15225.0,15640.0,15215.0,15545.0,15475.0,340.0,270.0,362401.0,2799167.61,309953.0,-28415.0
CYL.ZCE,20260410,21765.0,21765.0,0.0,0.0,0.0,22080.0,22080.0,315.0,315.0,0.0,0.0,0.0,0.0
FGL.ZCE,20260410,1000.0,1000.0,0.0,0.0,0.0,1000.0,1000.0,0.0,0.0,0.0,0.0,666.0,0.0
MAL.ZCE,20260410,3150.0,3150.0,3300.0,3300.0,3300.0,3300.0,3300.0,150.0,150.0,380.0,1254.0,2496.0,-380.0
PFL.ZCE,20260410,8200.0,8346.0,0.0,0.0,0.0,8260.0,8260.0,-86.0,-86.0,0.0,0.0,958.0,0.0
PKL.ZCE,20260410,8146.0,8090.0,8002.0,8002.0,8002.0,8002.0,8002.0,-88.0,-88.0,4.0,16.0,4075.0,-400.0
PLL.ZCE,20260410,8399.0,8399.0,0.0,0.0,0.0,8449.0,8449.0,50.0,50.0,0.0,0.0,5.0,0.0
PRL.ZCE,20260410,8022.0,8022.0,0.0,0.0,0.0,8022.0,8022.0,0.0,0.0,0.0,0.0,1210.0,0.0
PXL.ZCE,20260410,8772.0,8772.0,0.0,0.0,0.0,8738.0,8738.0,-34.0,-34.0,0.0,0.0,0.0,0.0
RSL.ZCE,20260410,5751.0,5681.0,5898.0,5899.0,5714.0,5714.0,5852.0,33.0,171.0,4.0,23.41,5.0,-1.0
SAL.ZCE,20260410,1135.0,1140.0,1125.0,1150.0,1125.0,1144.0,1135.0,4.0,-5.0,720.0,1632.62,4043.0,-227.0
SFL.ZCE,20260410,5552.0,5552.0,5532.0,5556.0,5532.0,5550.0,5544.0,-2.0,-8.0,486.0,1347.27,1471.0,-708.0
SHL.ZCE,20260410,2188.0,2188.0,0.0,0.0,0.0,2109.0,2109.0,-79.0,-79.0,0.0,0.0,0.0,0.0
SML.ZCE,20260410,6102.0,6114.0,6058.0,6058.0,6058.0,6058.0,6058.0,-56.0,-56.0,2.0,6.06,4903.0,0.0
SRL.ZCE,20260410,5298.0,5277.0,5277.0,5310.0,5277.0,5304.0,5296.0,27.0,19.0,59224.0,313635.62,152149.0,-10099.0
TAL.ZCE,20260410,6522.0,6494.0,6470.0,6502.0,6248.0,6292.0,6310.0,-202.0,-184.0,1053.0,3321.52,50646.0,188.0
URL.ZCE,20260410,1824.0,1824.0,1827.0,1829.0,1815.0,1817.0,1818.0,-7.0,-6.0,174.0,632.72,1553.0,85.0
BL.DCE,20260410,3685.0,3685.0,0.0,0.0,0.0,3685.0,3685.0,0.0,0.0,0.0,0.0,801.0,0.0
BBL.DCE,20260410,147.85,147.85,0.0,0.0,0.0,147.85,147.85,0.0,0.0,0.0,0.0,15.0,0.0
BZL.DCE,20260410,8185.0,8185.0,8520.0,8530.0,8340.0,8440.0,8448.0,255.0,263.0,66.0,1672.78,577.0,-91.0
EBL.DCE,20260410,10019.0,10019.0,0.0,0.0,0.0,10019.0,10019.0,0.0,0.0,0.0,0.0,1478.0,0.0
EGL.DCE,20260410,5220.0,5220.0,0.0,0.0,0.0,5220.0,5220.0,0.0,0.0,0.0,0.0,0.0,0.0
FBL.DCE,20260410,1400.0,1400.0,0.0,0.0,0.0,1400.0,1400.0,0.0,0.0,0.0,0.0,0.0,0.0
IL.DCE,20260410,810.0,810.0,0.0,0.0,0.0,810.0,810.0,0.0,0.0,0.0,0.0,700.0,0.0
JL.DCE,20260410,1629.0,1629.0,0.0,0.0,0.0,1629.0,1629.0,0.0,0.0,0.0,0.0,0.0,-30.0
JDL.DCE,20260410,3190.0,3161.0,3190.0,3200.0,3190.0,3200.0,3196.0,39.0,35.0,8.0,25.57,10.0,-8.0
JML.DCE,20260410,850.0,850.0,0.0,0.0,0.0,850.0,850.0,0.0,0.0,0.0,0.0,556.0,-97.0
LL.DCE,20260410,8500.0,8449.0,0.0,0.0,0.0,8449.0,8449.0,0.0,0.0,0.0,0.0,4134.0,0.0
L_FL.DCE,20260410,8607.0,8572.0,8664.0,8664.0,8452.0,8500.0,8548.0,-72.0,-24.0,1290.0,5518.08,1818.0,-85.0
ML.DCE,20260410,2847.0,2837.0,2850.0,2871.0,2834.0,2844.0,2853.0,7.0,16.0,341671.0,974942.58,768413.0,-70972.0
PL.DCE,20260410,9282.0,9282.0,0.0,0.0,0.0,9282.0,9282.0,0.0,0.0,0.0,0.0,696.0,0.0
PGL.DCE,20260410,7595.0,7595.0,6700.0,6700.0,6700.0,6700.0,6700.0,-895.0,-895.0,2.0,26.8,7.0,-2.0
PPL.DCE,20260410,8957.0,8957.0,0.0,0.0,0.0,8957.0,8957.0,0.0,0.0,156.0,714.96,4752.0,-100.0
RRL.DCE,20260410,3574.0,3574.0,0.0,0.0,0.0,3574.0,3574.0,0.0,0.0,0.0,0.0,0.0,0.0
VL.DCE,20260410,5355.0,5355.0,5015.0,5015.0,4902.0,4902.0,4955.0,-453.0,-400.0,2375.0,5884.99,31294.0,-981.0
YL.DCE,20260410,8508.0,8482.0,8530.0,8564.0,8512.0,8515.0,8531.0,33.0,49.0,62323.0,531696.55,226085.0,-16223.0
LCL.GFE,20260410,151900.0,153740.0,151900.0,156180.0,151900.0,153900.0,153780.0,160.0,40.0,75.0,1153.388,1208.0,-825.0
PSL.GFE,20260410,32060.0,32060.0,0.0,0.0,0.0,32060.0,32060.0,0.0,0.0,0.0,0.0,0.0,-120.0
SIL.GFE,20260410,8225.0,8225.0,8160.0,8165.0,8160.0,8165.0,8160.0,-60.0,-65.0,20.0,81.625,8.0,-99.0
BCL.INE,20260410,84950.0,84950.0,,,,84950.0,84950.0,0.0,0.0,0.0,0.0,1355.0,0.0
ECL.INE,20260410,1624.8,1628.9,1625.2,1625.2,1605.0,1616.8,1611.7,-12.1,-17.2,409.0,3295.9695,2721.0,-69.0
NRL.INE,20260410,13600.0,13600.0,,,,13600.0,13600.0,0.0,0.0,0.0,0.0,570.0,0.0
ADL.SHF,20260410,23200.0,23375.0,23370.0,23375.0,23370.0,23375.0,23370.0,0.0,-5.0,6.0,140.235,534.0,0.0
AGL.SHF,20260410,18111.0,18300.0,18122.0,18805.0,18122.0,18550.0,18558.0,250.0,258.0,2658.0,73991.829,5568.0,-638.0
ALL.SHF,20260410,24475.0,24450.0,24440.0,24615.0,24440.0,24575.0,24570.0,125.0,120.0,6095.0,74891.7,26370.0,-3090.0
AOL.SHF,20260410,2659.0,2657.0,2627.0,2629.0,2620.0,2620.0,2625.0,-37.0,-32.0,120.0,630.12,1290.0,-60.0
AUL.SHF,20260410,1037.0,1039.64,1044.56,1052.76,1043.34,1045.62,1046.4,5.98,6.76,51.0,5336.658,11604.0,0.0
BRL.SHF,20260410,17275.0,17380.0,17160.0,17160.0,16500.0,16500.0,16685.0,-880.0,-695.0,126.0,1051.39,1408.0,-102.0
BUL.SHF,20260410,4061.0,4053.0,,,,4100.0,4100.0,47.0,47.0,0.0,0.0,3325.0,0.0
CUL.SHF,20260410,97730.0,97620.0,97710.0,98680.0,97710.0,98390.0,98280.0,770.0,660.0,14340.0,704737.15,20085.0,-6375.0
HCL.SHF,20260410,3255.0,3255.0,,,,3255.0,3255.0,0.0,0.0,0.0,0.0,810.0,0.0
NIL.SHF,20260410,133000.0,133760.0,133000.0,133500.0,133000.0,133500.0,133050.0,-260.0,-710.0,294.0,3911.7,10464.0,-216.0
OPL.SHF,20260410,4080.0,4066.0,,,,4066.0,4066.0,0.0,0.0,0.0,0.0,57.0,0.0
PBL.SHF,20260410,16750.0,16730.0,16700.0,16725.0,16580.0,16630.0,16650.0,-100.0,-80.0,345.0,2872.5375,2120.0,-130.0
RBL.SHF,20260410,3066.0,3066.0,,,,3066.0,3066.0,0.0,0.0,0.0,0.0,1110.0,0.0
RUL.SHF,20260410,16905.0,16905.0,,,,16905.0,16905.0,0.0,0.0,0.0,0.0,190.0,0.0
SNL.SHF,20260410,369000.0,373390.0,369000.0,400000.0,369000.0,376430.0,373880.0,3040.0,490.0,208.0,7776.852,5280.0,-82.0
SPL.SHF,20260410,4966.0,4966.0,,,,4966.0,4966.0,0.0,0.0,0.0,0.0,620.0,0.0
SSL.SHF,20260410,14240.0,14240.0,14455.0,14455.0,14455.0,14455.0,14455.0,215.0,215.0,12.0,86.73,5160.0,-12.0
WRL.SHF,20260410,3340.0,3340.0,,,,3340.0,3340.0,0.0,0.0,0.0,0.0,0.0,0.0
ZNL.SHF,20260410,23710.0,23705.0,23700.0,23770.0,23540.0,23545.0,23685.0,-160.0,-20.0,1540.0,18241.0,5675.0,-765.0
SCTAS.INE,20260410,,630.4,,,,,636.3,,5.9,0.0,,,
A2605.DCE,20260410,4826.0,4742.0,4820.0,4902.0,4813.0,4856.0,4865.0,114.0,123.0,460546.0,2240609.91,164987.0,-9038.0
A2607.DCE,20260410,4853.0,4775.0,4850.0,4928.0,4842.0,4889.0,4893.0,114.0,118.0,289214.0,1415216.2,210673.0,23598.0
A2609.DCE,20260410,4859.0,4789.0,4858.0,4938.0,4849.0,4896.0,4904.0,107.0,115.0,71224.0,349309.88,54655.0,3215.0
A2611.DCE,20260410,4864.0,4804.0,4866.0,4942.0,4856.0,4899.0,4908.0,95.0,104.0,23029.0,113043.7,54828.0,-927.0
A2701.DCE,20260410,4866.0,4803.0,4876.0,4937.0,4859.0,4896.0,4903.0,93.0,100.0,3699.0,18139.1,4498.0,566.0
A2703.DCE,20260410,4858.0,4811.0,4860.0,4933.0,4859.0,4893.0,4903.0,82.0,92.0,1323.0,6487.39,12569.0,353.0
AD2604.SHF,20260410,23200.0,23375.0,23370.0,23375.0,23370.0,23375.0,23370.0,0.0,-5.0,6.0,140.235,534.0,0.0
AD2605.SHF,20260410,23410.0,23390.0,23410.0,23610.0,23380.0,23490.0,23505.0,100.0,115.0,2180.0,51243.015,5140.0,-91.0
AD2606.SHF,20260410,23485.0,23440.0,23400.0,23670.0,23400.0,23505.0,23555.0,65.0,115.0,4707.0,110882.305,14850.0,372.0
AD2607.SHF,20260410,23460.0,23445.0,23480.0,23735.0,23480.0,23560.0,23625.0,115.0,180.0,277.0,6545.19,421.0,125.0
AD2608.SHF,20260410,23555.0,23455.0,23460.0,23600.0,23445.0,23485.0,23530.0,30.0,75.0,48.0,1129.53,318.0,0.0
AD2609.SHF,20260410,23510.0,23510.0,23365.0,23375.0,23290.0,23290.0,23340.0,-220.0,-170.0,3.0,70.03,15.0,0.0
AD2610.SHF,20260410,23620.0,23620.0,23510.0,23510.0,23510.0,23510.0,23510.0,-110.0,-110.0,1.0,23.51,2.0,0.0
AD2611.SHF,20260410,23665.0,23665.0,,,,23665.0,23665.0,0.0,0.0,0.0,0.0,0.0,0.0
AD2612.SHF,20260410,23740.0,23740.0,,,,23740.0,23740.0,0.0,0.0,0.0,0.0,2.0,0.0
AD2701.SHF,20260410,23350.0,23595.0,23400.0,24355.0,23400.0,23520.0,23670.0,-75.0,75.0,6.0,142.045,7.0,-1.0
AD2702.SHF,20260410,23740.0,23740.0,,,,23740.0,23740.0,0.0,0.0,0.0,0.0,0.0,0.0
AD2703.SHF,20260410,23795.0,23795.0,,,,23795.0,23795.0,0.0,0.0,0.0,0.0,3.0,0.0
AG2604.SHF,20260410,18111.0,18300.0,18122.0,18805.0,18122.0,18550.0,18558.0,250.0,258.0,2658.0,73991.829,5568.0,-638.0
AG2605.SHF,20260410,18232.0,18542.0,18307.0,18863.0,18307.0,18590.0,18599.0,48.0,57.0,32628.0,910312.2525,14599.0,-81.0
AG2606.SHF,20260410,18225.0,18526.0,18350.0,18868.0,18300.0,18583.0,18606.0,57.0,80.0,682996.0,19062110.6595,237225.0,2751.0
AG2607.SHF,20260410,18209.0,18498.0,18313.0,18846.0,18295.0,18583.0,18575.0,85.0,77.0,12880.0,358877.7885,8212.0,-177.0
AG2608.SHF,20260410,18212.0,18511.0,18300.0,18835.0,18285.0,18564.0,18574.0,53.0,63.0,230986.0,6435838.6755,97689.0,-340.0
AG2609.SHF,20260410,18213.0,18496.0,18324.0,18818.0,18282.0,18557.0,18558.0,61.0,62.0,6826.0,190019.0805,6365.0,201.0
AG2610.SHF,20260410,18188.0,18487.0,18310.0,18806.0,18266.0,18542.0,18545.0,55.0,58.0,24644.0,685555.5165,36038.0,1007.0
AG2611.SHF,20260410,18186.0,18469.0,18260.0,18755.0,18260.0,18529.0,18530.0,60.0,61.0,739.0,20541.027,5404.0,4.0
AG2612.SHF,20260410,18172.0,18452.0,18299.0,18765.0,18237.0,18510.0,18502.0,58.0,50.0,13621.0,378027.6225,32946.0,192.0
AG2701.SHF,20260410,18164.0,18478.0,18286.0,18769.0,18248.0,18509.0,18507.0,31.0,29.0,1113.0,30898.425,4765.0,27.0
AG2702.SHF,20260410,18150.0,18440.0,18285.0,18743.0,18235.0,18498.0,18490.0,58.0,50.0,691.0,19164.93,2989.0,20.0
AG2703.SHF,20260410,18191.0,18424.0,18286.0,18767.0,18247.0,18537.0,18516.0,113.0,92.0,289.0,8027.0505,598.0,29.0
AL2604.SHF,20260410,24475.0,24450.0,24440.0,24615.0,24440.0,24575.0,24570.0,125.0,120.0,6095.0,74891.7,26370.0,-3090.0
AL2605.SHF,20260410,24540.0,24575.0,24575.0,24700.0,24525.0,24610.0,24625.0,35.0,50.0,119006.0,1465548.105,207550.0,-7139.0
AL2606.SHF,20260410,24600.0,24625.0,24600.0,24760.0,24580.0,24670.0,24685.0,45.0,60.0,73175.0,903241.885,222944.0,5407.0
AL2607.SHF,20260410,24635.0,24655.0,24685.0,24790.0,24600.0,24710.0,24720.0,55.0,65.0,13574.0,167788.9575,75394.0,1673.0
AL2608.SHF,20260410,24630.0,24655.0,24650.0,24790.0,24620.0,24715.0,24715.0,60.0,60.0,5044.0,62339.7525,27637.0,10.0
AL2609.SHF,20260410,24630.0,24650.0,24585.0,24780.0,24540.0,24710.0,24710.0,60.0,60.0,3105.0,38368.12,20121.0,197.0
AL2610.SHF,20260410,24620.0,24635.0,24630.0,24800.0,24610.0,24685.0,24695.0,50.0,60.0,1568.0,19364.6275,6236.0,543.0
AL2611.SHF,20260410,24610.0,24605.0,24660.0,24755.0,24585.0,24655.0,24680.0,50.0,75.0,224.0,2764.555,2769.0,-6.0
AL2612.SHF,20260410,24595.0,24635.0,24685.0,24740.0,24560.0,24685.0,24680.0,50.0,45.0,725.0,8948.0025,4182.0,-95.0
AL2701.SHF,20260410,24585.0,24650.0,24605.0,24730.0,24605.0,24665.0,24665.0,15.0,15.0,505.0,6228.365,1566.0,165.0
AL2702.SHF,20260410,24590.0,24650.0,24635.0,24735.0,24620.0,24685.0,24675.0,35.0,25.0,145.0,1789.16,820.0,21.0
AL2703.SHF,20260410,24580.0,24630.0,24675.0,24720.0,24600.0,24680.0,24670.0,50.0,40.0,192.0,2368.7425,541.0,53.0
AO2604.SHF,20260410,2659.0,2657.0,2627.0,2629.0,2620.0,2620.0,2625.0,-37.0,-32.0,120.0,630.12,1290.0,-60.0
AO2605.SHF,20260410,2650.0,2672.0,2643.0,2665.0,2622.0,2641.0,2642.0,-31.0,-30.0,200474.0,1059662.358,174910.0,-3368.0
AO2606.SHF,20260410,2667.0,2689.0,2665.0,2684.0,2642.0,2660.0,2662.0,-29.0,-27.0,24643.0,131226.664,89280.0,1613.0
AO2607.SHF,20260410,2712.0,2734.0,2717.0,2728.0,2691.0,2706.0,2708.0,-28.0,-26.0,7688.0,41639.26,53257.0,1669.0
AO2608.SHF,20260410,2748.0,2768.0,2744.0,2769.0,2734.0,2745.0,2750.0,-23.0,-18.0,2640.0,14521.088,22539.0,835.0
AO2609.SHF,20260410,2779.0,2797.0,2774.0,2800.0,2766.0,2778.0,2781.0,-19.0,-16.0,75419.0,419620.954,154973.0,4536.0
AO2610.SHF,20260410,2788.0,2806.0,2785.0,2811.0,2779.0,2795.0,2793.0,-11.0,-13.0,402.0,2245.886,3420.0,-11.0
AO2611.SHF,20260410,2816.0,2838.0,2827.0,2834.0,2802.0,2819.0,2818.0,-19.0,-20.0,47.0,264.964,1296.0,4.0
AO2612.SHF,20260410,2825.0,2840.0,2827.0,2844.0,2811.0,2838.0,2822.0,-2.0,-18.0,35.0,197.606,604.0,3.0
AO2701.SHF,20260410,2844.0,2849.0,2826.0,2853.0,2820.0,2840.0,2835.0,-9.0,-14.0,363.0,2058.616,1942.0,73.0
AO2702.SHF,20260410,2855.0,2863.0,2871.0,2871.0,2844.0,2860.0,2861.0,-3.0,-2.0,8.0,45.776,93.0,0.0
AO2703.SHF,20260410,2880.0,2896.0,2878.0,2888.0,2872.0,2885.0,2880.0,-11.0,-16.0,32.0,184.382,140.0,13.0
AP2604.ZCE,20260410,10383.0,10383.0,10400.0,10400.0,10400.0,10400.0,10400.0,17.0,17.0,6.0,62.4,86.0,-6.0
AP2605.ZCE,20260410,9574.0,9527.0,9531.0,9720.0,9531.0,9703.0,9623.0,176.0,96.0,29838.0,287137.66,29613.0,-2974.0
AP2610.ZCE,20260410,8195.0,8160.0,8230.0,8255.0,8120.0,8234.0,8189.0,74.0,29.0,36830.0,301591.44,49386.0,3249.0
AP2611.ZCE,20260410,8053.0,8033.0,8075.0,8094.0,7998.0,8075.0,8045.0,42.0,12.0,518.0,4167.57,1004.0,125.0
AP2612.ZCE,20260410,8106.0,8097.0,8113.0,8145.0,8053.0,8121.0,8087.0,24.0,-10.0,77.0,622.7,418.0,30.0
AP2701.ZCE,20260410,8122.0,8105.0,8139.0,8156.0,8061.0,8134.0,8113.0,29.0,8.0,317.0,2571.74,1469.0,80.0
AP2703.ZCE,20260410,8129.0,8127.0,8110.0,8154.0,8110.0,8131.0,8127.0,4.0,0.0,7.0,56.89,51.0,0.0
AU2604.SHF,20260410,1037.0,1039.64,1044.56,1052.76,1043.34,1045.62,1046.4,5.98,6.76,51.0,5336.658,11604.0,0.0
AU2605.SHF,20260410,1039.76,1047.24,1045.12,1057.56,1044.82,1047.38,1051.2,0.14,3.96,881.0,92611.582,1722.0,-40.0
AU2606.SHF,20260410,1041.32,1048.58,1048.5,1059.0,1046.18,1048.36,1052.78,-0.22,4.2,221263.0,23294375.444,182266.0,-434.0
AU2608.SHF,20260410,1044.08,1051.34,1051.0,1061.74,1049.1,1051.48,1055.8,0.14,4.46,33650.0,3552817.734,60668.0,985.0
AU2610.SHF,20260410,1047.38,1053.22,1054.1,1064.62,1052.02,1054.16,1058.44,0.94,5.22,6611.0,699738.062,20523.0,84.0
AU2612.SHF,20260410,1049.88,1056.34,1055.84,1067.08,1054.6,1056.94,1060.48,0.6,4.14,2374.0,251758.642,12318.0,274.0
AU2702.SHF,20260410,1052.76,1059.16,1059.56,1070.0,1057.68,1059.92,1063.04,0.76,3.88,547.0,58149.212,2775.0,35.0
AU2704.SHF,20260410,1056.18,1060.04,1062.82,1073.1,1060.9,1063.46,1065.66,3.42,5.62,481.0,51258.752,507.0,4.0
B2604.DCE,20260410,3685.0,3685.0,0.0,0.0,0.0,3685.0,3685.0,0.0,0.0,0.0,0.0,801.0,0.0
B2605.DCE,20260410,3633.0,3620.0,3636.0,3660.0,3614.0,3622.0,3638.0,2.0,18.0,96501.0,351129.6,115252.0,-2891.0
B2606.DCE,20260410,3620.0,3605.0,3621.0,3652.0,3607.0,3619.0,3635.0,14.0,30.0,4886.0,17762.28,55217.0,713.0
B2607.DCE,20260410,3637.0,3625.0,3647.0,3670.0,3624.0,3634.0,3645.0,9.0,20.0,49158.0,179214.87,95515.0,4157.0
B2608.DCE,20260410,3707.0,3705.0,3717.0,3743.0,3692.0,3702.0,3713.0,-3.0,8.0,3345.0,12421.79,29664.0,2181.0
B2609.DCE,20260410,3746.0,3741.0,3758.0,3783.0,3741.0,3754.0,3763.0,13.0,22.0,24645.0,92755.58,39509.0,3681.0
B2610.DCE,20260410,3778.0,3775.0,3789.0,3817.0,3777.0,3789.0,3798.0,14.0,23.0,3067.0,11650.0,8236.0,1218.0
B2611.DCE,20260410,3775.0,3772.0,3791.0,3806.0,3776.0,3786.0,3794.0,14.0,22.0,62.0,235.25,1026.0,29.0
B2612.DCE,20260410,3799.0,3793.0,3814.0,3819.0,3796.0,3805.0,3809.0,12.0,16.0,20.0,76.19,84.0,3.0
B2701.DCE,20260410,3799.0,3792.0,3801.0,3821.0,3790.0,3790.0,3807.0,-2.0,15.0,219.0,833.77,754.0,68.0
B2702.DCE,20260410,3789.0,3776.0,3802.0,3815.0,3786.0,3791.0,3802.0,15.0,26.0,29.0,110.27,73.0,5.0
B2703.DCE,20260410,3740.0,3737.0,3758.0,3779.0,3743.0,3747.0,3757.0,10.0,20.0,108.0,405.82,259.0,44.0
BB2605.DCE,20260410,147.85,147.85,0.0,0.0,0.0,147.85,147.85,0.0,0.0,0.0,0.0,15.0,0.0
BB2607.DCE,20260410,148.0,147.95,0.0,0.0,0.0,147.95,147.95,0.0,0.0,0.0,0.0,36.0,0.0
BB2609.DCE,20260410,147.55,147.55,147.7,147.7,147.55,147.55,147.6,0.0,0.05,2.0,14.76,22.0,0.0
BB2611.DCE,20260410,147.8,147.8,0.0,0.0,0.0,147.8,147.8,0.0,0.0,0.0,0.0,21.0,0.0
BB2701.DCE,20260410,148.0,148.0,0.0,0.0,0.0,148.0,148.0,0.0,0.0,0.0,0.0,0.0,0.0
BB2703.DCE,20260410,154.45,154.45,0.0,0.0,0.0,154.5,154.5,0.05,0.05,0.0,0.0,0.0,0.0
BC2604.INE,20260410,84950.0,84950.0,,,,84950.0,84950.0,0.0,0.0,0.0,0.0,1355.0,0.0
BC2605.INE,20260410,86670.0,86800.0,86560.0,87590.0,86560.0,87310.0,87170.0,510.0,370.0,2894.0,126148.24,6548.0,171.0
BC2606.INE,20260410,86680.0,86810.0,86680.0,87550.0,86650.0,87230.0,87180.0,420.0,370.0,348.0,15169.445,2988.0,50.0
BC2607.INE,20260410,86440.0,86760.0,87050.0,87420.0,87050.0,87420.0,87220.0,660.0,460.0,3.0,130.83,54.0,0.0
BC2608.INE,20260410,85700.0,85700.0,,,,86030.0,86030.0,330.0,330.0,0.0,0.0,1.0,0.0
BC2609.INE,20260410,85990.0,85990.0,,,,86040.0,86040.0,50.0,50.0,0.0,0.0,1.0,0.0
BC2610.INE,20260410,86460.0,86460.0,,,,86600.0,86600.0,140.0,140.0,0.0,0.0,2.0,0.0
BC2611.INE,20260410,85580.0,85580.0,,,,85850.0,85850.0,270.0,270.0,0.0,0.0,0.0,0.0
BC2612.INE,20260410,85840.0,85840.0,,,,86410.0,86410.0,570.0,570.0,0.0,0.0,1.0,0.0
BC2701.INE,20260410,85510.0,85510.0,,,,85760.0,85760.0,250.0,250.0,0.0,0.0,0.0,0.0
BC2702.INE,20260410,85510.0,85510.0,,,,85760.0,85760.0,250.0,250.0,0.0,0.0,0.0,0.0
BC2703.INE,20260410,85460.0,85460.0,,,,85670.0,85670.0,210.0,210.0,0.0,0.0,0.0,0.0
BR2604.SHF,20260410,17275.0,17380.0,17160.0,17160.0,16500.0,16500.0,16685.0,-880.0,-695.0,126.0,1051.39,1408.0,-102.0
BR2605.SHF,20260410,16900.0,16700.0,17015.0,17090.0,15850.0,15880.0,16410.0,-820.0,-290.0,449159.0,3686461.03,46656.0,638.0
BR2606.SHF,20260410,16610.0,16500.0,16800.0,16840.0,15545.0,15595.0,16080.0,-905.0,-420.0,151655.0,1219369.12,61043.0,3903.0
BR2607.SHF,20260410,16285.0,16260.0,16405.0,16495.0,15330.0,15375.0,15815.0,-885.0,-445.0,23271.0,184023.41,11412.0,598.0
BR2608.SHF,20260410,15910.0,15910.0,16065.0,16115.0,15185.0,15200.0,15610.0,-710.0,-300.0,149.0,1163.075,251.0,-15.0
BR2609.SHF,20260410,15715.0,15655.0,15815.0,15900.0,14925.0,14965.0,15265.0,-690.0,-390.0,13221.0,100917.0675,4864.0,54.0
BR2610.SHF,20260410,15520.0,15510.0,15405.0,15405.0,14870.0,14870.0,15135.0,-640.0,-375.0,9.0,68.1125,43.0,0.0
BR2611.SHF,20260410,15350.0,15160.0,14655.0,14655.0,14655.0,14655.0,14655.0,-505.0,-505.0,1.0,7.3275,53.0,-1.0
BR2612.SHF,20260410,14980.0,15040.0,14750.0,14800.0,14345.0,14375.0,14600.0,-665.0,-440.0,13.0,94.9175,35.0,5.0
BR2701.SHF,20260410,14800.0,14810.0,14880.0,14880.0,14205.0,14260.0,14520.0,-550.0,-290.0,113.0,820.4675,368.0,3.0
BR2702.SHF,20260410,14865.0,14930.0,14845.0,14845.0,14305.0,14365.0,14500.0,-565.0,-430.0,17.0,123.2725,22.0,-3.0
BR2703.SHF,20260410,14670.0,14905.0,14710.0,14710.0,14185.0,14400.0,14400.0,-505.0,-505.0,8.0,57.6175,13.0,3.0
BU2604.SHF,20260410,4061.0,4053.0,,,,4100.0,4100.0,47.0,47.0,0.0,0.0,3325.0,0.0
BU2605.SHF,20260410,4185.0,4131.0,4218.0,4218.0,4109.0,4129.0,4160.0,-2.0,29.0,18950.0,78845.563,16515.0,-1431.0
BU2606.SHF,20260410,4165.0,4101.0,4185.0,4191.0,4082.0,4101.0,4133.0,0.0,32.0,620645.0,2565657.29,220478.0,-4600.0
BU2607.SHF,20260410,4073.0,4016.0,4107.0,4107.0,4002.0,4021.0,4057.0,5.0,41.0,7063.0,28657.703,15573.0,-110.0
BU2608.SHF,20260410,4030.0,3957.0,4083.0,4083.0,3956.0,3983.0,4006.0,26.0,49.0,324.0,1297.964,872.0,-9.0
BU2609.SHF,20260410,3950.0,3895.0,3997.0,3997.0,3890.0,3909.0,3935.0,14.0,40.0,38539.0,151655.754,39628.0,-594.0
BU2610.SHF,20260410,3859.0,3828.0,3915.0,3915.0,3820.0,3830.0,3844.0,2.0,16.0,30.0,115.348,267.0,-14.0
BU2611.SHF,20260410,3758.0,3745.0,3823.0,3823.0,3760.0,3760.0,3793.0,15.0,48.0,8.0,30.344,89.0,-1.0
BU2612.SHF,20260410,3693.0,3671.0,3726.0,3737.0,3663.0,3687.0,3701.0,16.0,30.0,433.0,1602.743,4523.0,12.0
BU2701.SHF,20260410,3580.0,3552.0,3601.0,3612.0,3548.0,3572.0,3581.0,20.0,29.0,49.0,175.472,532.0,7.0
BU2702.SHF,20260410,3551.0,3504.0,3559.0,3559.0,3517.0,3552.0,3531.0,48.0,27.0,9.0,31.782,116.0,5.0
BU2703.SHF,20260410,3542.0,3512.0,3552.0,3569.0,3526.0,3526.0,3540.0,14.0,28.0,5.0,17.701,95.0,0.0
BU2706.SHF,20260410,3539.0,3511.0,3576.0,3582.0,3540.0,3540.0,3558.0,29.0,47.0,13.0,46.257,83.0,6.0
BU2709.SHF,20260410,3517.0,3502.0,3550.0,3553.0,3541.0,3541.0,3544.0,39.0,42.0,12.0,42.534,114.0,4.0
BU2712.SHF,20260410,3518.0,3448.0,3518.0,3518.0,3470.0,3509.0,3498.0,61.0,50.0,9.0,31.487,102.0,-5.0
BU2803.SHF,20260410,3537.0,3538.0,3549.0,3549.0,3506.0,3512.0,3530.0,-26.0,-8.0,11.0,38.839,25.0,0.0
BZ2604.DCE,20260410,8185.0,8185.0,8520.0,8530.0,8340.0,8440.0,8448.0,255.0,263.0,66.0,1672.78,577.0,-91.0
BZ2605.DCE,20260410,8516.0,8460.0,8600.0,8600.0,8295.0,8415.0,8448.0,-45.0,-12.0,26153.0,662893.75,19504.0,-367.0
BZ2606.DCE,20260410,8412.0,8343.0,8500.0,8500.0,8186.0,8297.0,8345.0,-46.0,2.0,6152.0,154027.34,10855.0,545.0
BZ2607.DCE,20260410,8285.0,8174.0,8314.0,8322.0,8001.0,8132.0,8137.0,-42.0,-37.0,594.0,14501.63,1970.0,304.0
BZ2608.DCE,20260410,8100.0,8018.0,8150.0,8150.0,7860.0,7951.0,7986.0,-67.0,-32.0,76.0,1820.81,738.0,9.0
BZ2609.DCE,20260410,8015.0,7919.0,8144.0,8144.0,7730.0,7826.0,7872.0,-93.0,-47.0,163.0,3849.68,767.0,37.0
BZ2610.DCE,20260410,7817.0,7740.0,7825.0,7829.0,7576.0,7629.0,7657.0,-111.0,-83.0,33.0,758.06,105.0,0.0
BZ2611.DCE,20260410,7718.0,7718.0,0.0,0.0,0.0,7718.0,7718.0,0.0,0.0,0.0,0.0,16.0,0.0
BZ2612.DCE,20260410,7387.0,7387.0,0.0,0.0,0.0,7387.0,7387.0,0.0,0.0,0.0,0.0,47.0,0.0
BZ2701.DCE,20260410,7306.0,7306.0,0.0,0.0,0.0,7306.0,7306.0,0.0,0.0,0.0,0.0,3.0,0.0
BZ2702.DCE,20260410,7458.0,7458.0,0.0,0.0,0.0,7379.0,7379.0,-79.0,-79.0,0.0,0.0,1.0,0.0
BZ2703.DCE,20260410,7174.0,7174.0,0.0,0.0,0.0,7174.0,7174.0,0.0,0.0,0.0,0.0,0.0,0.0
C2605.DCE,20260410,2354.0,2349.0,2359.0,2386.0,2355.0,2379.0,2376.0,30.0,27.0,761415.0,1809418.84,776337.0,-59174.0
C2607.DCE,20260410,2370.0,2365.0,2370.0,2400.0,2369.0,2396.0,2391.0,31.0,26.0,342870.0,820025.54,725781.0,33954.0
C2609.DCE,20260410,2380.0,2376.0,2382.0,2407.0,2380.0,2404.0,2399.0,28.0,23.0,119663.0,287132.59,223036.0,19302.0
C2611.DCE,20260410,2354.0,2350.0,2355.0,2381.0,2354.0,2375.0,2369.0,25.0,19.0,47887.0,113449.15,177502.0,8669.0
C2701.DCE,20260410,2364.0,2360.0,2365.0,2391.0,2365.0,2386.0,2380.0,26.0,20.0,14987.0,35681.11,30688.0,5418.0
C2703.DCE,20260410,2375.0,2371.0,2377.0,2396.0,2376.0,2392.0,2388.0,21.0,17.0,5413.0,12926.37,19442.0,1955.0
CF2605.ZCE,20260410,15205.0,15205.0,15225.0,15640.0,15215.0,15545.0,15475.0,340.0,270.0,362401.0,2799167.61,309953.0,-28415.0
CF2607.ZCE,20260410,15180.0,15180.0,15185.0,15640.0,15185.0,15535.0,15475.0,355.0,295.0,96733.0,748509.35,176928.0,35.0
CF2609.ZCE,20260410,15340.0,15335.0,15345.0,15810.0,15340.0,15705.0,15645.0,370.0,310.0,930902.0,7282024.24,662042.0,143605.0
CF2611.ZCE,20260410,15535.0,15550.0,15555.0,16005.0,15550.0,15910.0,15845.0,360.0,295.0,2895.0,22936.14,10872.0,52.0
CF2701.ZCE,20260410,15785.0,15790.0,15795.0,16250.0,15795.0,16155.0,16105.0,365.0,315.0,28692.0,231077.91,36758.0,3475.0
CF2703.ZCE,20260410,15640.0,15665.0,15695.0,16110.0,15680.0,16020.0,15925.0,355.0,260.0,238.0,1894.98,584.0,-11.0
CJ2605.ZCE,20260410,8585.0,8535.0,8600.0,8690.0,8540.0,8610.0,8605.0,75.0,70.0,49232.0,211788.65,44947.0,-7541.0
CJ2607.ZCE,20260410,8735.0,8665.0,8720.0,8805.0,8670.0,8720.0,8725.0,55.0,60.0,3888.0,16964.71,8291.0,567.0
CJ2609.ZCE,20260410,8910.0,8855.0,8910.0,8995.0,8865.0,8925.0,8925.0,70.0,70.0,58428.0,260671.33,86785.0,6597.0
CJ2612.ZCE,20260410,9580.0,9500.0,9615.0,9625.0,9510.0,9575.0,9565.0,75.0,65.0,167.0,798.53,2092.0,15.0
CJ2701.ZCE,20260410,9705.0,9665.0,9700.0,9745.0,9615.0,9690.0,9675.0,25.0,10.0,1397.0,6757.83,6123.0,241.0
CJ2703.ZCE,20260410,9735.0,9750.0,9780.0,9800.0,9685.0,9750.0,9730.0,0.0,-20.0,41.0,199.44,159.0,4.0
CS2605.DCE,20260410,2759.0,2751.0,2758.0,2782.0,2756.0,2776.0,2771.0,25.0,20.0,132690.0,367701.95,171439.0,-13060.0
CS2607.DCE,20260410,2746.0,2735.0,2746.0,2775.0,2746.0,2765.0,2762.0,30.0,27.0,64717.0,178751.97,151153.0,14203.0
CS2609.DCE,20260410,2753.0,2740.0,2756.0,2775.0,2754.0,2766.0,2764.0,26.0,24.0,12838.0,35488.63,41785.0,5569.0
CS2611.DCE,20260410,2705.0,2698.0,2709.0,2726.0,2708.0,2722.0,2716.0,24.0,18.0,1275.0,3463.08,7195.0,468.0
CS2701.DCE,20260410,2717.0,2709.0,2728.0,2739.0,2723.0,2734.0,2730.0,25.0,21.0,115.0,313.96,318.0,36.0
CS2703.DCE,20260410,2709.0,2705.0,2727.0,2737.0,2719.0,2719.0,2725.0,14.0,20.0,19.0,51.79,39.0,-2.0
CU2604.SHF,20260410,97730.0,97620.0,97710.0,98680.0,97710.0,98390.0,98280.0,770.0,660.0,14340.0,704737.15,20085.0,-6375.0
CU2605.SHF,20260410,97810.0,97880.0,97820.0,98750.0,97720.0,98440.0,98290.0,560.0,410.0,71304.0,3504387.395,174447.0,-388.0
CU2606.SHF,20260410,97830.0,97950.0,97750.0,98800.0,97750.0,98460.0,98310.0,510.0,360.0,44030.0,2164421.17,146016.0,6129.0
CU2607.SHF,20260410,97770.0,97880.0,97670.0,98760.0,97670.0,98370.0,98290.0,490.0,410.0,11564.0,568330.27,55848.0,2862.0
CU2608.SHF,20260410,97740.0,97780.0,97740.0,98780.0,97710.0,98310.0,98260.0,530.0,480.0,2857.0,140370.675,26915.0,547.0
CU2609.SHF,20260410,97740.0,97800.0,97740.0,98670.0,97680.0,98320.0,98160.0,520.0,360.0,4078.0,200159.125,35278.0,657.0
CU2610.SHF,20260410,97660.0,97780.0,97660.0,98680.0,97660.0,98300.0,98270.0,520.0,490.0,495.0,24323.525,12581.0,4.0
CU2611.SHF,20260410,97710.0,97710.0,97700.0,98620.0,97690.0,98260.0,98200.0,550.0,490.0,240.0,11785.135,11786.0,-2.0
CU2612.SHF,20260410,97770.0,97650.0,97670.0,98600.0,97630.0,98160.0,98070.0,510.0,420.0,2046.0,100328.76,19919.0,492.0
CU2701.SHF,20260410,97670.0,97540.0,97860.0,98650.0,97770.0,98110.0,98330.0,570.0,790.0,291.0,14307.365,4494.0,-59.0
CU2702.SHF,20260410,97700.0,97580.0,97870.0,98600.0,97870.0,98130.0,98390.0,550.0,810.0,653.0,32126.885,2460.0,155.0
CU2703.SHF,20260410,97840.0,97640.0,97870.0,98720.0,97860.0,98190.0,98350.0,550.0,710.0,121.0,5950.32,1018.0,33.0
CY2604.ZCE,20260410,21765.0,21765.0,0.0,0.0,0.0,22080.0,22080.0,315.0,315.0,0.0,0.0,0.0,0.0
CY2605.ZCE,20260410,21690.0,21660.0,21705.0,21990.0,21690.0,21815.0,21865.0,155.0,205.0,4673.0,51086.07,3975.0,-1226.0
CY2606.ZCE,20260410,21565.0,21565.0,0.0,0.0,0.0,21565.0,21565.0,0.0,0.0,0.0,0.0,3.0,0.0
CY2607.ZCE,20260410,21700.0,21645.0,21725.0,22150.0,21715.0,22010.0,21960.0,365.0,315.0,18194.0,199777.16,12908.0,4723.0
CY2608.ZCE,20260410,21490.0,21710.0,0.0,0.0,0.0,21710.0,21710.0,0.0,0.0,0.0,0.0,0.0,0.0
CY2609.ZCE,20260410,21670.0,21660.0,21735.0,22080.0,21725.0,21945.0,21945.0,285.0,285.0,338.0,3708.59,172.0,-67.0
CY2610.ZCE,20260410,21320.0,21320.0,21565.0,22090.0,21565.0,21720.0,21775.0,400.0,455.0,8.0,87.1,1.0,1.0
CY2611.ZCE,20260410,21575.0,21575.0,0.0,0.0,0.0,21805.0,21805.0,230.0,230.0,0.0,0.0,0.0,0.0
CY2612.ZCE,20260410,21430.0,21430.0,0.0,0.0,0.0,21430.0,21430.0,0.0,0.0,0.0,0.0,0.0,0.0
CY2701.ZCE,20260410,21985.0,21865.0,22165.0,22250.0,22165.0,22250.0,22190.0,385.0,325.0,10.0,110.94,7.0,6.0
CY2702.ZCE,20260410,21505.0,21505.0,0.0,0.0,0.0,21505.0,21505.0,0.0,0.0,0.0,0.0,0.0,0.0
CY2703.ZCE,20260410,21700.0,21700.0,0.0,0.0,0.0,21780.0,21780.0,80.0,80.0,0.0,0.0,0.0,0.0
EB2604.DCE,20260410,10019.0,10019.0,0.0,0.0,0.0,10019.0,10019.0,0.0,0.0,0.0,0.0,1478.0,0.0
EB2605.DCE,20260410,10171.0,10091.0,10224.0,10270.0,9801.0,9943.0,10021.0,-148.0,-70.0,492398.0,2467171.57,167587.0,-4301.0
EB2606.DCE,20260410,9965.0,9925.0,10076.0,10076.0,9620.0,9754.0,9827.0,-171.0,-98.0,74671.0,366925.36,111964.0,8985.0
EB2607.DCE,20260410,9753.0,9704.0,9851.0,9853.0,9388.0,9517.0,9609.0,-187.0,-95.0,143688.0,690399.57,112528.0,3869.0
EB2608.DCE,20260410,9540.0,9511.0,9598.0,9632.0,9188.0,9311.0,9371.0,-200.0,-140.0,18129.0,84946.37,48636.0,4240.0
EB2609.DCE,20260410,9363.0,9312.0,9463.0,9463.0,9037.0,9145.0,9230.0,-167.0,-82.0,23179.0,106982.36,12450.0,1279.0
EB2610.DCE,20260410,9199.0,9187.0,9258.0,9301.0,8918.0,9013.0,9065.0,-174.0,-122.0,6610.0,29962.39,8503.0,2312.0
EB2611.DCE,20260410,9055.0,9044.0,9000.0,9036.0,8830.0,8871.0,8924.0,-173.0,-120.0,47.0,209.73,472.0,1.0
EB2612.DCE,20260410,8949.0,8940.0,8969.0,8969.0,8750.0,8769.0,8850.0,-171.0,-90.0,15.0,66.38,176.0,0.0
EB2701.DCE,20260410,8854.0,8834.0,8869.0,8887.0,8637.0,8657.0,8753.0,-177.0,-81.0,130.0,569.0,306.0,0.0
EB2702.DCE,20260410,8859.0,8803.0,8770.0,8774.0,8565.0,8597.0,8660.0,-206.0,-143.0,25.0,108.26,89.0,0.0
EB2703.DCE,20260410,8784.0,8753.0,8739.0,8739.0,8540.0,8562.0,8631.0,-191.0,-122.0,24.0,103.58,18.0,-4.0
EC2604.INE,20260410,1624.8,1628.9,1625.2,1625.2,1605.0,1616.8,1611.7,-12.1,-17.2,409.0,3295.9695,2721.0,-69.0
EC2605.INE,20260410,1806.0,1817.2,1802.2,1802.2,1722.0,1744.3,1758.4,-72.9,-58.8,515.0,4528.131,1906.0,-130.0
EC2606.INE,20260410,2036.0,2069.4,2031.0,2035.0,1930.4,1997.9,1974.2,-71.5,-95.2,15280.0,150836.285,16884.0,241.0
EC2607.INE,20260410,2368.3,2376.6,2350.0,2379.9,2290.1,2344.8,2328.5,-31.8,-48.1,266.0,3096.967,1111.0,-9.0
EC2608.INE,20260410,2216.0,2233.0,2210.4,2214.0,2160.0,2205.0,2181.8,-28.0,-51.2,565.0,6163.8215,2370.0,15.0
EC2609.INE,20260410,1696.7,1719.3,1696.7,1699.9,1660.1,1668.1,1677.3,-51.2,-42.0,38.0,318.6955,514.0,-3.0
EC2610.INE,20260410,1559.6,1548.7,1550.0,1550.6,1512.6,1540.0,1530.2,-8.7,-18.5,1214.0,9288.793,7019.0,88.0
EC2612.INE,20260410,1720.0,1735.2,1716.0,1728.0,1690.0,1705.0,1709.1,-30.2,-26.1,34.0,290.557,485.0,2.0
EC2703.INE,20260410,1502.0,1492.4,1445.0,1483.0,1443.1,1480.0,1458.9,-12.4,-33.5,8.0,58.359,80.0,5.0
EG2604.DCE,20260410,5220.0,5220.0,0.0,0.0,0.0,5220.0,5220.0,0.0,0.0,0.0,0.0,0.0,0.0
EG2605.DCE,20260410,5152.0,5102.0,5202.0,5214.0,4846.0,4943.0,5015.0,-159.0,-87.0,879530.0,4411255.94,245629.0,-9610.0
EG2606.DCE,20260410,5153.0,5103.0,5192.0,5214.0,4862.0,4947.0,5005.0,-156.0,-98.0,13711.0,68636.08,39906.0,2679.0
EG2607.DCE,20260410,5136.0,5089.0,5195.0,5198.0,4859.0,4934.0,5005.0,-155.0,-84.0,39880.0,199626.24,53555.0,4558.0
EG2608.DCE,20260410,5084.0,5043.0,5113.0,5127.0,4820.0,4882.0,4949.0,-161.0,-94.0,2035.0,10071.5,11859.0,526.0
EG2609.DCE,20260410,5006.0,4960.0,5052.0,5060.0,4753.0,4816.0,4898.0,-144.0,-62.0,340966.0,1670128.98,156345.0,5643.0
EG2610.DCE,20260410,4926.0,4889.0,4967.0,4971.0,4693.0,4751.0,4804.0,-138.0,-85.0,4280.0,20564.76,2228.0,-73.0
EG2611.DCE,20260410,4872.0,4846.0,4872.0,4894.0,4644.0,4722.0,4761.0,-124.0,-85.0,203.0,966.66,271.0,-45.0
EG2612.DCE,20260410,4801.0,4784.0,4769.0,4822.0,4612.0,4670.0,4759.0,-114.0,-25.0,93.0,442.62,151.0,16.0
EG2701.DCE,20260410,4737.0,4714.0,4777.0,4780.0,4520.0,4612.0,4638.0,-102.0,-76.0,6272.0,29090.97,5509.0,702.0
EG2702.DCE,20260410,4751.0,4713.0,4694.0,4694.0,4496.0,4600.0,4608.0,-113.0,-105.0,96.0,442.41,89.0,-3.0
EG2703.DCE,20260410,4659.0,4652.0,4668.0,4668.0,4514.0,4574.0,4552.0,-78.0,-100.0,7.0,31.87,15.0,-1.0
FB2604.DCE,20260410,1400.0,1400.0,0.0,0.0,0.0,1400.0,1400.0,0.0,0.0,0.0,0.0,0.0,0.0
FB2605.DCE,20260410,1332.0,1333.0,1335.0,1338.0,1333.0,1333.5,1335.0,0.5,2.0,245.0,327.08,708.0,-222.0
FB2606.DCE,20260410,1331.5,1328.5,1334.0,1349.0,1330.5,1349.0,1337.0,20.5,8.5,2624.0,3509.45,3368.0,145.0
FB2607.DCE,20260410,1332.5,1330.0,1332.5,1342.0,1332.5,1342.0,1336.5,12.0,6.5,1099.0,1469.16,2168.0,69.0
FB2608.DCE,20260410,1334.5,1333.5,1338.5,1347.5,1336.0,1347.5,1340.5,14.0,7.0,1100.0,1474.86,1630.0,156.0
FB2609.DCE,20260410,1333.0,1329.5,1339.5,1340.5,1333.0,1340.5,1336.5,11.0,7.0,449.0,600.1,1171.0,97.0
FB2610.DCE,20260410,1327.5,1327.5,1334.5,1340.0,1330.0,1337.5,1334.5,10.0,7.0,204.0,272.26,140.0,60.0
FB2611.DCE,20260410,1301.5,1301.5,1260.0,1345.5,1260.0,1325.0,1318.5,23.5,17.0,5.0,6.59,3.0,2.0
FB2612.DCE,20260410,1349.5,1349.5,0.0,0.0,0.0,1349.5,1349.5,0.0,0.0,0.0,0.0,2.0,0.0
FB2701.DCE,20260410,1321.5,1321.5,0.0,0.0,0.0,1321.5,1321.5,0.0,0.0,0.0,0.0,2.0,0.0
FB2702.DCE,20260410,1313.0,1313.0,0.0,0.0,0.0,1313.0,1313.0,0.0,0.0,0.0,0.0,0.0,0.0
FB2703.DCE,20260410,1306.5,1306.5,0.0,0.0,0.0,1306.5,1306.5,0.0,0.0,0.0,0.0,0.0,0.0
FG2604.ZCE,20260410,1000.0,1000.0,0.0,0.0,0.0,1000.0,1000.0,0.0,0.0,0.0,0.0,666.0,0.0
FG2605.ZCE,20260410,970.0,976.0,973.0,975.0,956.0,963.0,965.0,-13.0,-11.0,687113.0,1330179.83,957948.0,-47713.0
FG2606.ZCE,20260410,1030.0,1039.0,1031.0,1038.0,1019.0,1026.0,1028.0,-13.0,-11.0,25184.0,51779.63,40806.0,701.0
FG2607.ZCE,20260410,1023.0,1033.0,1022.0,1033.0,1012.0,1019.0,1022.0,-14.0,-11.0,58544.0,119660.37,85232.0,6270.0
FG2608.ZCE,20260410,1094.0,1105.0,1096.0,1103.0,1083.0,1086.0,1094.0,-19.0,-11.0,21904.0,47915.64,33917.0,-909.0
FG2609.ZCE,20260410,1081.0,1091.0,1082.0,1089.0,1069.0,1072.0,1078.0,-19.0,-13.0,395254.0,852550.97,650728.0,60525.0
FG2610.ZCE,20260410,1132.0,1143.0,1129.0,1137.0,1120.0,1121.0,1127.0,-22.0,-16.0,607.0,1368.25,2536.0,62.0
FG2611.ZCE,20260410,1117.0,1126.0,1123.0,1124.0,1106.0,1108.0,1115.0,-18.0,-11.0,639.0,1424.46,5072.0,35.0
FG2612.ZCE,20260410,1179.0,1186.0,1173.0,1182.0,1165.0,1166.0,1171.0,-20.0,-15.0,375.0,878.4,4255.0,21.0
FG2701.ZCE,20260410,1162.0,1175.0,1163.0,1172.0,1152.0,1155.0,1162.0,-20.0,-13.0,9297.0,21605.5,27992.0,4334.0
FG2702.ZCE,20260410,1205.0,1213.0,1205.0,1205.0,1191.0,1195.0,1197.0,-18.0,-16.0,298.0,713.47,861.0,30.0
FG2703.ZCE,20260410,1201.0,1209.0,1198.0,1202.0,1188.0,1191.0,1194.0,-18.0,-15.0,214.0,511.01,357.0,62.0
FU2605.SHF,20260410,4139.0,4044.0,4172.0,4190.0,4013.0,4059.0,4092.0,15.0,48.0,448261.0,1834484.293,134372.0,-9946.0
FU2606.SHF,20260410,4050.0,3955.0,4082.0,4098.0,3938.0,3985.0,4012.0,30.0,57.0,87254.0,350074.396,53530.0,-5.0
FU2607.SHF,20260410,3913.0,3831.0,3988.0,3988.0,3793.0,3845.0,3873.0,14.0,42.0,16443.0,63692.269,24994.0,160.0
FU2608.SHF,20260410,3795.0,3722.0,3850.0,3850.0,3678.0,3722.0,3753.0,0.0,31.0,3478.0,13053.448,4419.0,442.0
FU2609.SHF,20260410,3654.0,3583.0,3712.0,3714.0,3562.0,3625.0,3630.0,42.0,47.0,46983.0,170565.418,54425.0,-2258.0
FU2610.SHF,20260410,3577.0,3506.0,3620.0,3621.0,3491.0,3547.0,3548.0,41.0,42.0,772.0,2739.134,2883.0,16.0
FU2611.SHF,20260410,3514.0,3473.0,3552.0,3587.0,3444.0,3492.0,3490.0,19.0,17.0,1740.0,6074.261,3854.0,-490.0
FU2612.SHF,20260410,3445.0,3368.0,3472.0,3498.0,3371.0,3420.0,3422.0,52.0,54.0,249.0,852.093,1256.0,-7.0
FU2701.SHF,20260410,3393.0,3315.0,3440.0,3440.0,3333.0,3373.0,3378.0,58.0,63.0,2910.0,9832.8,7835.0,-341.0
FU2702.SHF,20260410,3357.0,3299.0,3400.0,3404.0,3322.0,3343.0,3358.0,44.0,59.0,258.0,866.43,534.0,54.0
FU2703.SHF,20260410,3317.0,3251.0,3351.0,3357.0,3280.0,3304.0,3309.0,53.0,58.0,437.0,1446.409,1610.0,9.0
FU2704.SHF,20260410,3298.0,3213.0,3307.0,3336.0,3260.0,3270.0,3289.0,57.0,76.0,107.0,351.958,237.0,20.0
HC2604.SHF,20260410,3255.0,3255.0,,,,3255.0,3255.0,0.0,0.0,0.0,0.0,810.0,0.0
HC2605.SHF,20260410,3256.0,3262.0,3255.0,3267.0,3248.0,3260.0,3257.0,-2.0,-5.0,69566.0,226620.561,441013.0,-22248.0
HC2606.SHF,20260410,3257.0,3268.0,3257.0,3268.0,3257.0,3261.0,3266.0,-7.0,-2.0,108.0,352.815,1107.0,-42.0
HC2607.SHF,20260410,3262.0,3269.0,3267.0,3275.0,3255.0,3267.0,3266.0,-2.0,-3.0,34415.0,112414.198,315621.0,4604.0
HC2608.SHF,20260410,3268.0,3271.0,3267.0,3274.0,3261.0,3274.0,3271.0,3.0,0.0,44.0,143.926,1157.0,-9.0
HC2609.SHF,20260410,3267.0,3274.0,3269.0,3279.0,3259.0,3272.0,3268.0,-2.0,-6.0,13281.0,43406.348,88507.0,5479.0
HC2610.SHF,20260410,3270.0,3277.0,3270.0,3282.0,3261.0,3273.0,3271.0,-4.0,-6.0,249410.0,815974.409,1022923.0,25317.0
HC2611.SHF,20260410,3278.0,3282.0,3278.0,3286.0,3268.0,3283.0,3281.0,1.0,-1.0,440.0,1443.655,981.0,35.0
HC2612.SHF,20260410,3289.0,3289.0,3290.0,3290.0,3284.0,3284.0,3287.0,-5.0,-2.0,2.0,6.574,535.0,0.0
HC2701.SHF,20260410,3281.0,3289.0,3276.0,3289.0,3272.0,3288.0,3280.0,-1.0,-9.0,2444.0,8016.554,8508.0,621.0
HC2702.SHF,20260410,3300.0,3297.0,3288.0,3296.0,3288.0,3296.0,3292.0,-1.0,-5.0,4.0,13.17,49.0,-2.0
HC2703.SHF,20260410,3310.0,3310.0,3293.0,3304.0,3293.0,3304.0,3301.0,-6.0,-9.0,17.0,56.117,22.0,-10.0
I2604.DCE,20260410,810.0,810.0,0.0,0.0,0.0,810.0,810.0,0.0,0.0,0.0,0.0,700.0,0.0
I2605.DCE,20260410,772.0,778.5,777.0,781.0,770.0,775.0,775.0,-3.5,-3.5,88586.0,686595.26,211998.0,-18488.0
I2606.DCE,20260410,768.0,772.0,769.0,776.0,765.5,772.0,771.0,0.0,-1.0,15354.0,118433.69,95453.0,3160.0
I2607.DCE,20260410,761.5,766.0,762.5,769.5,759.0,766.0,765.0,0.0,-1.0,12738.0,97467.06,76417.0,3663.0
I2608.DCE,20260410,756.0,759.5,757.0,765.0,754.5,761.0,761.5,1.5,2.0,5586.0,42555.14,38610.0,1531.0
I2609.DCE,20260410,750.0,756.0,750.5,760.0,749.0,753.5,754.0,-2.5,-2.0,227904.0,1719015.3,461074.0,10903.0
I2610.DCE,20260410,745.5,749.5,747.0,755.0,745.0,750.0,749.5,0.5,0.0,1050.0,7874.42,20538.0,164.0
I2611.DCE,20260410,743.0,747.0,743.5,751.5,742.0,746.0,746.5,-1.0,-0.5,541.0,4040.29,11347.0,149.0
I2612.DCE,20260410,740.0,743.5,741.0,747.5,738.0,743.0,742.5,-0.5,-1.0,1139.0,8461.28,7313.0,318.0
I2701.DCE,20260410,732.5,738.0,733.0,742.5,731.5,737.0,737.0,-1.0,-1.0,7799.0,57483.32,43842.0,1148.0
I2702.DCE,20260410,730.5,735.5,732.5,738.5,729.5,735.0,734.0,-0.5,-1.5,1198.0,8797.24,6182.0,330.0
I2703.DCE,20260410,727.0,731.5,730.0,736.0,725.5,731.5,731.0,0.0,-0.5,915.0,6688.93,3823.0,281.0
IC2604.CFX,20260410,7891.0,7883.6,7950.0,8075.8,7937.2,7959.8,7979.4,76.2,95.8,31167.0,4989905.876,47570.0,974.0
IC2605.CFX,20260410,7845.4,7832.2,7899.0,8032.8,7885.6,7919.6,7933.6,87.4,101.4,8315.0,1324016.56,18583.0,2028.0
IC2606.CFX,20260410,7748.8,7745.4,7828.0,7945.4,7796.4,7828.6,7846.8,83.2,101.4,92493.0,14560405.964,156816.0,8278.0
IC2609.CFX,20260410,7581.0,7579.8,7645.8,7776.8,7629.6,7662.2,7685.0,82.4,105.2,22425.0,3453719.812,72530.0,3715.0
IF2604.CFX,20260410,4555.4,4555.4,4588.0,4648.0,4577.8,4620.0,4631.4,64.6,76.0,27283.0,3780288.258,45818.0,4640.0
IF2605.CFX,20260410,4536.0,4535.2,4569.0,4627.2,4558.8,4598.4,4609.0,63.2,73.8,4599.0,634544.076,9164.0,1685.0
IF2606.CFX,20260410,4500.0,4496.6,4525.0,4591.8,4518.4,4562.0,4573.4,65.4,76.8,59681.0,8167322.316,140107.0,6388.0
IF2609.CFX,20260410,4414.0,4411.0,4440.0,4508.0,4434.4,4480.2,4490.6,69.2,79.6,12920.0,1735384.758,65776.0,2577.0
IH2604.CFX,20260410,2882.0,2880.6,2900.0,2915.8,2891.4,2897.0,2900.6,16.4,20.0,10498.0,914407.812,17757.0,999.0
IH2605.CFX,20260410,2875.6,2875.4,2890.0,2909.6,2886.0,2892.6,2893.2,17.2,17.8,2046.0,177853.02,3986.0,326.0
IH2606.CFX,20260410,2860.6,2859.0,2878.0,2896.0,2868.8,2873.2,2878.0,14.2,19.0,26301.0,2274310.188,54272.0,1420.0
IH2609.CFX,20260410,2817.0,2815.6,2832.0,2851.6,2824.8,2828.4,2833.2,12.8,17.6,6505.0,553782.288,26932.0,2041.0
IM2604.CFX,20260410,7901.0,7896.4,7970.0,8051.8,7950.0,7975.0,7990.8,78.6,94.4,37485.0,5998962.716,64011.0,-1457.0
IM2605.CFX,20260410,7826.6,7822.8,7910.6,7984.4,7877.2,7904.2,7919.4,81.4,96.6,10693.0,1696952.448,21172.0,3033.0
IM2606.CFX,20260410,7709.4,7711.4,7775.0,7869.6,7761.0,7785.8,7803.0,74.4,91.6,116023.0,18138163.796,197340.0,6242.0
IM2609.CFX,20260410,7491.0,7491.8,7550.0,7647.6,7544.8,7566.2,7583.0,74.4,91.2,24566.0,3732567.412,103640.0,2675.0
J2604.DCE,20260410,1629.0,1629.0,0.0,0.0,0.0,1629.0,1629.0,0.0,0.0,0.0,0.0,0.0,-30.0
J2605.DCE,20260410,1661.5,1677.0,1667.5,1668.0,1622.0,1640.0,1638.0,-37.0,-39.0,15542.0,254600.92,24575.0,409.0
J2606.DCE,20260410,1702.0,1702.0,1673.0,1673.0,1652.0,1655.5,1659.5,-46.5,-42.5,38.0,630.76,65.0,2.0
J2607.DCE,20260410,1737.0,1736.5,1692.0,1692.5,1683.0,1689.5,1689.0,-47.0,-47.5,17.0,287.2,36.0,10.0
J2608.DCE,20260410,1760.5,1760.5,1714.0,1714.5,1710.0,1710.0,1712.5,-50.5,-48.0,9.0,154.13,10.0,-2.0
J2609.DCE,20260410,1759.0,1774.0,1753.5,1761.0,1728.0,1741.0,1739.5,-33.0,-34.5,5017.0,87295.38,14320.0,-50.0
J2610.DCE,20260410,1789.0,1789.0,0.0,0.0,0.0,1789.0,1789.0,0.0,0.0,0.0,0.0,20.0,0.0
J2611.DCE,20260410,1792.0,1792.0,0.0,0.0,0.0,1792.0,1792.0,0.0,0.0,0.0,0.0,17.0,0.0
J2612.DCE,20260410,1836.0,1836.0,1800.0,1800.0,1800.0,1800.0,1800.0,-36.0,-36.0,1.0,18.0,14.0,-1.0
J2701.DCE,20260410,1848.0,1862.0,1832.0,1837.0,1815.0,1837.0,1823.5,-25.0,-38.5,245.0,4467.96,2108.0,-56.0
J2702.DCE,20260410,1872.0,1872.0,0.0,0.0,0.0,1870.0,1870.0,-2.0,-2.0,0.0,0.0,9.0,0.0
J2703.DCE,20260410,1905.5,1905.5,0.0,0.0,0.0,1887.0,1887.0,-18.5,-18.5,0.0,0.0,3.0,0.0
JD2604.DCE,20260410,3190.0,3161.0,3190.0,3200.0,3190.0,3200.0,3196.0,39.0,35.0,8.0,25.57,10.0,-8.0
JD2605.DCE,20260410,3434.0,3427.0,3451.0,3468.0,3438.0,3450.0,3453.0,23.0,26.0,72565.0,250630.9,77427.0,-15085.0
JD2606.DCE,20260410,3218.0,3210.0,3233.0,3256.0,3220.0,3229.0,3234.0,19.0,24.0,234576.0,758764.88,211523.0,11990.0
JD2607.DCE,20260410,3366.0,3364.0,3386.0,3400.0,3357.0,3377.0,3374.0,13.0,10.0,34778.0,117358.9,114163.0,4618.0
JD2608.DCE,20260410,3925.0,3918.0,3937.0,3980.0,3924.0,3959.0,3950.0,41.0,32.0,55083.0,217613.18,130601.0,-233.0
JD2609.DCE,20260410,3695.0,3674.0,3710.0,3730.0,3681.0,3712.0,3704.0,38.0,30.0,14785.0,54775.88,46698.0,-865.0
JD2610.DCE,20260410,3555.0,3541.0,3565.0,3585.0,3545.0,3567.0,3562.0,26.0,21.0,4460.0,15888.01,21126.0,-386.0
JD2611.DCE,20260410,3675.0,3668.0,3678.0,3702.0,3668.0,3676.0,3679.0,8.0,11.0,2194.0,8072.89,10081.0,-405.0
JD2612.DCE,20260410,3867.0,3861.0,3867.0,3888.0,3860.0,3863.0,3867.0,2.0,6.0,1378.0,5329.54,13896.0,107.0
JD2701.DCE,20260410,3726.0,3722.0,3714.0,3732.0,3710.0,3718.0,3717.0,-4.0,-5.0,2013.0,7483.69,19161.0,547.0
JD2702.DCE,20260410,3357.0,3348.0,3355.0,3355.0,3333.0,3339.0,3341.0,-9.0,-7.0,782.0,2613.37,11709.0,302.0
JD2703.DCE,20260410,3398.0,3387.0,3398.0,3398.0,3371.0,3377.0,3378.0,-10.0,-9.0,286.0,966.35,3226.0,61.0
JM2604.DCE,20260410,850.0,850.0,0.0,0.0,0.0,850.0,850.0,0.0,0.0,0.0,0.0,556.0,-97.0
JM2605.DCE,20260410,1077.0,1102.5,1075.0,1077.5,1042.5,1056.0,1059.0,-46.5,-43.5,688311.0,4375104.34,314609.0,-25792.0
JM2606.DCE,20260410,1109.5,1134.0,1118.0,1118.0,1076.0,1086.5,1091.0,-47.5,-43.0,15189.0,99432.48,36514.0,1053.0
JM2607.DCE,20260410,1141.0,1163.0,1142.0,1142.0,1106.5,1119.0,1122.5,-44.0,-40.5,6101.0,41097.45,19142.0,933.0
JM2608.DCE,20260410,1175.5,1199.5,1176.5,1176.5,1144.5,1158.0,1160.5,-41.5,-39.0,2363.0,16455.68,10946.0,266.0
JM2609.DCE,20260410,1217.0,1243.5,1215.0,1218.0,1186.0,1203.0,1202.5,-40.5,-41.0,300357.0,2167806.65,253433.0,18790.0
JM2610.DCE,20260410,1242.0,1264.0,1234.0,1240.5,1211.5,1225.0,1226.5,-39.0,-37.5,1115.0,8207.4,6771.0,351.0
JM2611.DCE,20260410,1266.0,1279.5,1264.0,1264.0,1236.5,1247.0,1249.5,-32.5,-30.0,553.0,4147.02,1364.0,92.0
JM2612.DCE,20260410,1279.0,1292.0,1274.5,1274.5,1250.0,1260.5,1262.0,-31.5,-30.0,161.0,1219.2,1007.0,22.0
JM2701.DCE,20260410,1427.5,1452.0,1427.5,1428.0,1401.5,1414.0,1414.5,-38.0,-37.5,9613.0,81592.52,29263.0,1938.0
JM2702.DCE,20260410,1451.5,1467.0,1442.0,1446.5,1419.0,1433.0,1430.0,-34.0,-37.0,184.0,1578.87,363.0,20.0
JM2703.DCE,20260410,1465.0,1475.0,1447.0,1453.5,1425.0,1439.5,1437.0,-35.5,-38.0,181.0,1560.74,246.0,37.0
JR2605.ZCE,20260410,2662.0,2662.0,0.0,0.0,0.0,2662.0,2662.0,0.0,0.0,0.0,0.0,0.0,0.0
JR2607.ZCE,20260410,2662.0,2662.0,0.0,0.0,0.0,2662.0,2662.0,0.0,0.0,0.0,0.0,0.0,0.0
JR2609.ZCE,20260410,2662.0,2662.0,0.0,0.0,0.0,2662.0,2662.0,0.0,0.0,0.0,0.0,0.0,0.0
JR2611.ZCE,20260410,2662.0,2662.0,0.0,0.0,0.0,2662.0,2662.0,0.0,0.0,0.0,0.0,0.0,0.0
JR2701.ZCE,20260410,2662.0,2662.0,0.0,0.0,0.0,2662.0,2662.0,0.0,0.0,0.0,0.0,0.0,0.0
JR2703.ZCE,20260410,2662.0,2662.0,0.0,0.0,0.0,2662.0,2662.0,0.0,0.0,0.0,0.0,0.0,0.0
L2604.DCE,20260410,8500.0,8449.0,0.0,0.0,0.0,8449.0,8449.0,0.0,0.0,0.0,0.0,4134.0,0.0
L2605.DCE,20260410,8579.0,8512.0,8629.0,8638.0,8343.0,8398.0,8479.0,-114.0,-33.0,524106.0,2222202.27,228878.0,-12456.0
L2605F.DCE,20260410,8607.0,8572.0,8664.0,8664.0,8452.0,8500.0,8548.0,-72.0,-24.0,1290.0,5518.08,1818.0,-85.0
L2606.DCE,20260410,8591.0,8530.0,8660.0,8660.0,8359.0,8449.0,8470.0,-81.0,-60.0,13338.0,56488.74,53718.0,2064.0
L2606F.DCE,20260410,8590.0,8530.0,8662.0,8662.0,8359.0,8450.0,8470.0,-80.0,-60.0,4364.0,18497.77,4599.0,1979.0
L2607.DCE,20260410,8569.0,8518.0,8620.0,8621.0,8328.0,8375.0,8449.0,-143.0,-69.0,9598.0,40549.9,49027.0,1056.0
L2607F.DCE,20260410,8547.0,8518.0,8603.0,8611.0,8330.0,8389.0,8449.0,-129.0,-69.0,728.0,3076.33,1228.0,330.0
L2608.DCE,20260410,8472.0,8420.0,8520.0,8527.0,8226.0,8283.0,8340.0,-137.0,-80.0,5802.0,24195.97,38429.0,1474.0
L2608F.DCE,20260410,8474.0,8420.0,8483.0,8494.0,8234.0,8286.0,8340.0,-134.0,-80.0,595.0,2484.53,1119.0,343.0
L2609.DCE,20260410,8384.0,8324.0,8447.0,8447.0,8120.0,8179.0,8266.0,-145.0,-58.0,416980.0,1723585.58,242437.0,16125.0
L2609F.DCE,20260410,8367.0,8324.0,8409.0,8410.0,8120.0,8183.0,8266.0,-141.0,-58.0,980.0,4038.63,2150.0,207.0
L2610.DCE,20260410,8271.0,8228.0,8310.0,8325.0,8009.0,8070.0,8135.0,-158.0,-93.0,2846.0,11576.83,3173.0,556.0
L2610F.DCE,20260410,8262.0,8228.0,8311.0,8316.0,8017.0,8075.0,8135.0,-153.0,-93.0,203.0,825.58,288.0,67.0
L2611.DCE,20260410,8143.0,8097.0,8153.0,8160.0,7911.0,7958.0,8017.0,-139.0,-80.0,201.0,805.76,272.0,-8.0
L2612.DCE,20260410,8025.0,7970.0,8080.0,8083.0,7799.0,7851.0,7916.0,-119.0,-54.0,232.0,918.28,383.0,-30.0
L2701.DCE,20260410,7941.0,7901.0,8028.0,8028.0,7727.0,7761.0,7841.0,-140.0,-60.0,13062.0,51211.5,28211.0,1603.0
L2702.DCE,20260410,7920.0,7865.0,7928.0,7928.0,7659.0,7659.0,7826.0,-206.0,-39.0,31.0,121.31,157.0,9.0
L2703.DCE,20260410,7880.0,7830.0,7880.0,7880.0,7616.0,7616.0,7776.0,-214.0,-54.0,15.0,58.32,36.0,-2.0
LC2604.GFE,20260410,151900.0,153740.0,151900.0,156180.0,151900.0,153900.0,153780.0,160.0,40.0,75.0,1153.388,1208.0,-825.0
LC2605.GFE,20260410,152420.0,154140.0,153480.0,157000.0,152220.0,155400.0,154580.0,1260.0,440.0,146392.0,2263212.052,150277.0,-20598.0
LC2606.GFE,20260410,152640.0,154120.0,154120.0,157480.0,152720.0,155840.0,155160.0,1720.0,1040.0,7627.0,118349.716,26174.0,644.0
LC2607.GFE,20260410,152520.0,154320.0,155000.0,157660.0,152880.0,156020.0,155260.0,1700.0,940.0,24901.0,386641.72,117942.0,1503.0
LC2608.GFE,20260410,153100.0,154820.0,154920.0,158100.0,153520.0,157180.0,156060.0,2360.0,1240.0,488.0,7616.482,14675.0,111.0
LC2609.GFE,20260410,153560.0,155420.0,156300.0,158900.0,153800.0,157600.0,156320.0,2180.0,900.0,141334.0,2209483.212,258584.0,5830.0
LC2610.GFE,20260410,152420.0,154020.0,157420.0,159000.0,153580.0,156500.0,155640.0,2480.0,1620.0,236.0,3673.518,9877.0,5.0
LC2611.GFE,20260410,152620.0,155800.0,162000.0,162000.0,153800.0,156780.0,156020.0,980.0,220.0,1927.0,30067.082,14721.0,707.0
LC2612.GFE,20260410,152480.0,154060.0,154540.0,157620.0,153260.0,156280.0,155720.0,2220.0,1660.0,782.0,12178.64,13167.0,106.0
LC2701.GFE,20260410,152980.0,154700.0,159860.0,159860.0,153300.0,155880.0,156060.0,1180.0,1360.0,864.0,13484.774,7703.0,327.0
LC2702.GFE,20260410,156600.0,156600.0,157980.0,157980.0,157580.0,157580.0,157660.0,980.0,1060.0,26.0,409.93,764.0,16.0
LC2703.GFE,20260410,154800.0,154840.0,158000.0,158940.0,156500.0,156500.0,158260.0,1660.0,3420.0,26.0,411.504,79.0,15.0
LG2605.DCE,20260410,837.0,838.0,837.0,838.0,829.0,831.5,832.5,-6.5,-5.5,5291.0,39654.5,11222.0,-296.0
LG2607.DCE,20260410,831.0,831.0,834.0,834.5,823.5,824.5,826.0,-6.5,-5.0,2362.0,17568.49,7288.0,781.0
LG2609.DCE,20260410,833.5,832.0,833.5,834.0,827.5,828.5,829.0,-3.5,-3.0,239.0,1784.12,2112.0,53.0
LG2611.DCE,20260410,831.0,831.0,828.0,830.5,826.5,829.0,828.0,-2.0,-3.0,315.0,2347.73,1716.0,30.0
LG2701.DCE,20260410,834.0,833.0,832.0,833.5,828.0,833.5,829.5,0.5,-3.5,120.0,896.13,1621.0,-7.0
LG2703.DCE,20260410,838.0,838.5,837.5,838.5,832.5,834.0,835.0,-4.5,-3.5,339.0,2547.86,1230.0,34.0
LH2605.DCE,20260410,9195.0,9185.0,9205.0,9290.0,9135.0,9140.0,9195.0,-45.0,10.0,125737.0,1850550.72,158282.0,-6494.0
LH2607.DCE,20260410,10435.0,10410.0,10400.0,10590.0,10365.0,10390.0,10455.0,-20.0,45.0,87433.0,1462592.28,128322.0,4258.0
LH2609.DCE,20260410,11805.0,11760.0,11815.0,11975.0,11750.0,11760.0,11865.0,0.0,105.0,54320.0,1031435.26,103183.0,1554.0
LH2611.DCE,20260410,12205.0,12155.0,12205.0,12375.0,12190.0,12240.0,12305.0,85.0,150.0,14521.0,285993.14,57469.0,2250.0
LH2701.DCE,20260410,12965.0,12915.0,12970.0,13075.0,12970.0,12990.0,13020.0,75.0,105.0,7334.0,152822.61,37575.0,880.0
LH2703.DCE,20260410,12825.0,12800.0,12855.0,12895.0,12785.0,12805.0,12835.0,5.0,35.0,3636.0,74681.44,12140.0,1281.0
LU2605.INE,20260410,4640.0,4548.0,4733.0,4733.0,4574.0,4635.0,4650.0,87.0,102.0,38532.0,179173.895,26333.0,-2082.0
LU2606.INE,20260410,4548.0,4452.0,4622.0,4630.0,4474.0,4527.0,4548.0,75.0,96.0,26103.0,118723.794,42605.0,-94.0
LU2607.INE,20260410,4484.0,4388.0,4550.0,4555.0,4386.0,4448.0,4456.0,60.0,68.0,6753.0,30098.085,25901.0,-157.0
LU2608.INE,20260410,4371.0,4276.0,4443.0,4443.0,4282.0,4359.0,4340.0,83.0,64.0,394.0,1710.107,3118.0,17.0
LU2609.INE,20260410,4302.0,4182.0,4317.0,4336.0,4222.0,4281.0,4282.0,99.0,100.0,880.0,3768.512,2794.0,206.0
LU2610.INE,20260410,4213.0,4046.0,4229.0,4229.0,4116.0,4175.0,4164.0,129.0,118.0,6.0,24.987,72.0,-1.0
LU2611.INE,20260410,4216.0,4093.0,4187.0,4187.0,4149.0,4149.0,4168.0,56.0,75.0,2.0,8.336,30.0,-1.0
LU2612.INE,20260410,4098.0,4031.0,4125.0,4137.0,4081.0,4137.0,4120.0,106.0,89.0,4.0,16.48,75.0,3.0
LU2701.INE,20260410,4073.0,4034.0,4045.0,4045.0,4045.0,4045.0,4045.0,11.0,11.0,1.0,4.045,43.0,0.0
LU2702.INE,20260410,4096.0,4067.0,4126.0,4126.0,4126.0,4126.0,4126.0,59.0,59.0,1.0,4.126,20.0,0.0
LU2703.INE,20260410,4035.0,4050.0,4043.0,4143.0,4043.0,4090.0,4093.0,40.0,43.0,4.0,16.373,52.0,-1.0
LU2704.INE,20260410,4042.0,4031.0,4039.0,4039.0,4039.0,4039.0,4039.0,8.0,8.0,1.0,4.039,5.0,-1.0
M2605.DCE,20260410,2847.0,2837.0,2850.0,2871.0,2834.0,2844.0,2853.0,7.0,16.0,341671.0,974942.58,768413.0,-70972.0
M2607.DCE,20260410,2828.0,2822.0,2837.0,2857.0,2820.0,2832.0,2838.0,10.0,16.0,78055.0,221562.38,568470.0,2020.0
M2608.DCE,20260410,2963.0,2963.0,2969.0,2993.0,2958.0,2969.0,2975.0,6.0,12.0,6930.0,20622.85,204417.0,1083.0
M2609.DCE,20260410,2971.0,2970.0,2977.0,3001.0,2963.0,2977.0,2982.0,7.0,12.0,1017919.0,3036406.58,1944718.0,68376.0
M2611.DCE,20260410,2994.0,2994.0,2998.0,3024.0,2990.0,3002.0,3007.0,8.0,13.0,17923.0,53902.61,207564.0,3836.0
M2612.DCE,20260410,3036.0,3037.0,3041.0,3062.0,3032.0,3044.0,3048.0,7.0,11.0,5094.0,15527.14,108390.0,168.0
M2701.DCE,20260410,3022.0,3023.0,3025.0,3047.0,3017.0,3025.0,3031.0,2.0,8.0,32512.0,98555.88,148752.0,11118.0
M2703.DCE,20260410,2934.0,2931.0,2939.0,2957.0,2935.0,2947.0,2946.0,16.0,15.0,4954.0,14597.1,69622.0,523.0
MA2604.ZCE,20260410,3150.0,3150.0,3300.0,3300.0,3300.0,3300.0,3300.0,150.0,150.0,380.0,1254.0,2496.0,-380.0
MA2605.ZCE,20260410,3205.0,3161.0,3240.0,3249.0,3060.0,3114.0,3148.0,-47.0,-13.0,1764469.0,5553930.06,418409.0,-10525.0
MA2606.ZCE,20260410,3156.0,3114.0,3189.0,3200.0,3019.0,3060.0,3105.0,-54.0,-9.0,134445.0,417454.07,61430.0,1109.0
MA2607.ZCE,20260410,3086.0,3053.0,3100.0,3122.0,2959.0,2988.0,3038.0,-65.0,-15.0,93775.0,284850.34,76843.0,2047.0
MA2608.ZCE,20260410,2998.0,2960.0,3030.0,3030.0,2882.0,2906.0,2953.0,-54.0,-7.0,49475.0,146082.45,28309.0,2059.0
MA2609.ZCE,20260410,2913.0,2889.0,2946.0,2947.0,2812.0,2834.0,2876.0,-55.0,-13.0,469675.0,1351007.6,372315.0,35572.0
MA2610.ZCE,20260410,2837.0,2820.0,2856.0,2870.0,2758.0,2775.0,2813.0,-45.0,-7.0,169502.0,476725.72,30435.0,4577.0
MA2611.ZCE,20260410,2790.0,2775.0,2820.0,2826.0,2727.0,2744.0,2769.0,-31.0,-6.0,5516.0,15273.0,5355.0,-60.0
MA2612.ZCE,20260410,2762.0,2746.0,2781.0,2786.0,2718.0,2730.0,2754.0,-16.0,8.0,2587.0,7124.82,5066.0,-53.0
MA2701.ZCE,20260410,2749.0,2729.0,2765.0,2773.0,2704.0,2716.0,2739.0,-13.0,10.0,73141.0,200367.19,70107.0,9838.0
MA2702.ZCE,20260410,2722.0,2701.0,2732.0,2742.0,2678.0,2690.0,2711.0,-11.0,10.0,766.0,2076.49,2106.0,112.0
MA2703.ZCE,20260410,2708.0,2685.0,2706.0,2721.0,2663.0,2671.0,2693.0,-14.0,8.0,891.0,2399.63,1480.0,22.0
NI2604.SHF,20260410,133000.0,133760.0,133000.0,133500.0,133000.0,133500.0,133050.0,-260.0,-710.0,294.0,3911.7,10464.0,-216.0
NI2605.SHF,20260410,133300.0,134180.0,133310.0,134300.0,132880.0,133010.0,133420.0,-1170.0,-760.0,185130.0,2470008.369,142947.0,-734.0
NI2606.SHF,20260410,133620.0,134430.0,134000.0,134580.0,133150.0,133320.0,133730.0,-1110.0,-700.0,51891.0,693988.649,92567.0,4841.0
NI2607.SHF,20260410,133900.0,134630.0,134190.0,134820.0,133450.0,133600.0,133980.0,-1030.0,-650.0,6772.0,90737.895,38347.0,342.0
NI2608.SHF,20260410,134170.0,134840.0,134270.0,135060.0,133800.0,133910.0,134300.0,-930.0,-540.0,2507.0,33671.46,16146.0,432.0
NI2609.SHF,20260410,134420.0,135320.0,134420.0,135360.0,134110.0,134180.0,134590.0,-1140.0,-730.0,13677.0,184086.742,45002.0,322.0
NI2610.SHF,20260410,134460.0,134980.0,134590.0,135450.0,134220.0,134220.0,134860.0,-760.0,-120.0,1636.0,22063.362,5452.0,12.0
NI2611.SHF,20260410,134620.0,135240.0,135050.0,135510.0,134320.0,134420.0,134980.0,-820.0,-260.0,1302.0,17574.519,2219.0,214.0
NI2612.SHF,20260410,134990.0,135440.0,135030.0,135710.0,134540.0,134580.0,135200.0,-860.0,-240.0,1863.0,25188.903,4403.0,504.0
NI2701.SHF,20260410,135290.0,136240.0,135610.0,135990.0,134880.0,134880.0,135370.0,-1360.0,-870.0,84.0,1137.149,1147.0,28.0
NI2702.SHF,20260410,135720.0,136670.0,136180.0,136180.0,135340.0,135340.0,135760.0,-1330.0,-910.0,38.0,515.904,485.0,-1.0
NI2703.SHF,20260410,135980.0,137280.0,136490.0,136620.0,135680.0,135680.0,136150.0,-1600.0,-1130.0,171.0,2328.166,437.0,23.0
NR2604.INE,20260410,13600.0,13600.0,,,,13600.0,13600.0,0.0,0.0,0.0,0.0,570.0,0.0
NR2605.INE,20260410,14000.0,13880.0,14090.0,14220.0,13690.0,13740.0,13960.0,-140.0,80.0,12019.0,167789.955,18639.0,-1361.0
NR2606.INE,20260410,14135.0,14025.0,14155.0,14375.0,13825.0,13890.0,14100.0,-135.0,75.0,81365.0,1147650.085,68594.0,675.0
NR2607.INE,20260410,14220.0,14130.0,14260.0,14445.0,13915.0,13975.0,14170.0,-155.0,40.0,24532.0,347706.63,20994.0,1092.0
NR2608.INE,20260410,14255.0,14160.0,14305.0,14475.0,13970.0,14010.0,14225.0,-150.0,65.0,1662.0,23649.085,2743.0,145.0
NR2609.INE,20260410,14345.0,14270.0,14360.0,14505.0,14035.0,14055.0,14280.0,-215.0,10.0,144.0,2056.845,425.0,-23.0
NR2610.INE,20260410,14200.0,14235.0,14430.0,14450.0,14235.0,14235.0,14375.0,0.0,140.0,10.0,143.765,33.0,0.0
NR2611.INE,20260410,14490.0,14490.0,14280.0,14280.0,14280.0,14280.0,14280.0,-210.0,-210.0,1.0,14.28,9.0,0.0
NR2612.INE,20260410,14550.0,14530.0,,,,14440.0,14440.0,-90.0,-90.0,0.0,0.0,8.0,0.0
NR2701.INE,20260410,14690.0,14550.0,14800.0,14800.0,14280.0,14280.0,14495.0,-270.0,-55.0,12.0,173.97,161.0,2.0
NR2702.INE,20260410,14590.0,14590.0,,,,14465.0,14465.0,-125.0,-125.0,0.0,0.0,4.0,0.0
NR2703.INE,20260410,14615.0,14615.0,14815.0,14815.0,14560.0,14560.0,14685.0,-55.0,70.0,2.0,29.375,6.0,-1.0
OI2605.ZCE,20260410,9494.0,9484.0,9528.0,9605.0,9503.0,9521.0,9541.0,37.0,57.0,117724.0,1123227.12,119581.0,-10219.0
OI2607.ZCE,20260410,9440.0,9426.0,9457.0,9537.0,9444.0,9457.0,9475.0,31.0,49.0,20047.0,189949.51,95109.0,587.0
OI2609.ZCE,20260410,9425.0,9410.0,9445.0,9520.0,9430.0,9440.0,9463.0,30.0,53.0,72765.0,688549.64,125074.0,6278.0
OI2611.ZCE,20260410,9422.0,9406.0,9433.0,9514.0,9433.0,9451.0,9453.0,45.0,47.0,73.0,690.1,335.0,-6.0
OI2701.ZCE,20260410,9420.0,9403.0,9435.0,9513.0,9426.0,9441.0,9456.0,38.0,53.0,844.0,7980.87,5187.0,178.0
OI2703.ZCE,20260410,9397.0,9385.0,9384.0,9456.0,9384.0,9434.0,9430.0,49.0,45.0,9.0,84.87,77.0,-1.0
OP2604.SHF,20260410,4080.0,4066.0,,,,4066.0,4066.0,0.0,0.0,0.0,0.0,57.0,0.0
OP2605.SHF,20260410,4044.0,4046.0,4032.0,4044.0,4028.0,4032.0,4036.0,-14.0,-10.0,460.0,7427.312,4048.0,7.0
OP2606.SHF,20260410,4042.0,4050.0,4018.0,4052.0,4016.0,4040.0,4040.0,-10.0,-10.0,2795.0,45188.136,10793.0,600.0
OP2607.SHF,20260410,4072.0,4074.0,4072.0,4072.0,4068.0,4068.0,4070.0,-6.0,-4.0,11.0,179.096,408.0,1.0
OP2608.SHF,20260410,4128.0,4128.0,,,,4128.0,4128.0,0.0,0.0,0.0,0.0,1.0,0.0
OP2609.SHF,20260410,4148.0,4148.0,,,,4148.0,4148.0,0.0,0.0,0.0,0.0,5.0,0.0
OP2610.SHF,20260410,4162.0,4162.0,,,,4152.0,4152.0,-10.0,-10.0,0.0,0.0,0.0,0.0
OP2611.SHF,20260410,4164.0,4164.0,,,,4162.0,4162.0,-2.0,-2.0,0.0,0.0,0.0,0.0
OP2612.SHF,20260410,4164.0,4164.0,,,,4162.0,4162.0,-2.0,-2.0,0.0,0.0,0.0,0.0
OP2701.SHF,20260410,4176.0,4176.0,,,,4176.0,4176.0,0.0,0.0,0.0,0.0,0.0,0.0
OP2702.SHF,20260410,4140.0,4140.0,,,,4140.0,4140.0,0.0,0.0,0.0,0.0,1.0,0.0
OP2703.SHF,20260410,4124.0,4124.0,,,,4124.0,4124.0,0.0,0.0,0.0,0.0,0.0,0.0
P2604.DCE,20260410,9282.0,9282.0,0.0,0.0,0.0,9282.0,9282.0,0.0,0.0,0.0,0.0,696.0,0.0
P2605.DCE,20260410,9560.0,9532.0,9591.0,9673.0,9533.0,9540.0,9610.0,8.0,78.0,113177.0,1087712.09,113585.0,-9850.0
P2606.DCE,20260410,9618.0,9580.0,9661.0,9728.0,9579.0,9579.0,9660.0,-1.0,80.0,13618.0,131551.61,16199.0,763.0
P2607.DCE,20260410,9666.0,9626.0,9708.0,9762.0,9625.0,9629.0,9695.0,3.0,69.0,8167.0,79183.32,20880.0,1250.0
P2608.DCE,20260410,9664.0,9638.0,9693.0,9767.0,9634.0,9634.0,9708.0,-4.0,70.0,1597.0,15503.95,14249.0,447.0
P2609.DCE,20260410,9650.0,9610.0,9688.0,9752.0,9616.0,9621.0,9688.0,11.0,78.0,490555.0,4752558.8,338468.0,20385.0
P2610.DCE,20260410,9618.0,9580.0,9647.0,9718.0,9593.0,9594.0,9657.0,14.0,77.0,474.0,4577.58,3858.0,238.0
P2611.DCE,20260410,9572.0,9510.0,9617.0,9668.0,9550.0,9550.0,9604.0,40.0,94.0,267.0,2564.41,362.0,87.0
P2612.DCE,20260410,9514.0,9474.0,9562.0,9562.0,9500.0,9500.0,9522.0,26.0,48.0,5.0,47.61,51.0,1.0
P2701.DCE,20260410,9446.0,9396.0,9448.0,9544.0,9433.0,9436.0,9478.0,40.0,82.0,6188.0,58655.78,8048.0,1513.0
P2702.DCE,20260410,9428.0,9428.0,9489.0,9489.0,9463.0,9463.0,9471.0,35.0,43.0,6.0,56.83,55.0,1.0
P2703.DCE,20260410,9410.0,9380.0,9410.0,9501.0,9410.0,9430.0,9464.0,50.0,84.0,10.0,94.64,41.0,2.0
PB2604.SHF,20260410,16750.0,16730.0,16700.0,16725.0,16580.0,16630.0,16650.0,-100.0,-80.0,345.0,2872.5375,2120.0,-130.0
PB2605.SHF,20260410,16785.0,16770.0,16710.0,16765.0,16575.0,16685.0,16675.0,-85.0,-95.0,52927.0,441346.62,51416.0,-1230.0
PB2606.SHF,20260410,16800.0,16780.0,16740.0,16775.0,16590.0,16690.0,16690.0,-90.0,-90.0,22460.0,187478.14,42497.0,300.0
PB2607.SHF,20260410,16805.0,16785.0,16780.0,16780.0,16600.0,16690.0,16695.0,-95.0,-90.0,2019.0,16855.4925,3776.0,657.0
PB2608.SHF,20260410,16790.0,16800.0,16760.0,16765.0,16645.0,16645.0,16735.0,-155.0,-65.0,9.0,75.3275,141.0,0.0
PB2609.SHF,20260410,16800.0,16795.0,16750.0,16790.0,16635.0,16680.0,16710.0,-115.0,-85.0,75.0,626.78,958.0,-16.0
PB2610.SHF,20260410,16815.0,16815.0,,,,16815.0,16815.0,0.0,0.0,0.0,0.0,93.0,0.0
PB2611.SHF,20260410,16850.0,16830.0,16745.0,16760.0,16745.0,16760.0,16755.0,-70.0,-75.0,3.0,25.1325,116.0,-2.0
PB2612.SHF,20260410,16835.0,16830.0,16775.0,16775.0,16700.0,16700.0,16735.0,-130.0,-95.0,2.0,16.7375,45.0,0.0
PB2701.SHF,20260410,16840.0,16840.0,16780.0,16780.0,16700.0,16700.0,16740.0,-140.0,-100.0,3.0,25.1125,163.0,-3.0
PB2702.SHF,20260410,16845.0,16845.0,16795.0,16795.0,16710.0,16725.0,16755.0,-120.0,-90.0,5.0,41.895,25.0,0.0
PB2703.SHF,20260410,16900.0,16900.0,17075.0,17075.0,16775.0,16855.0,16860.0,-45.0,-40.0,6.0,50.59,19.0,1.0
PD2606.GFE,20260410,387.35,386.05,386.65,391.85,384.0,385.05,388.25,-1.0,2.2,2327.0,90350.46,7216.0,140.0
PD2608.GFE,20260410,387.75,386.75,390.85,391.65,386.75,386.8,389.7,0.05,2.95,19.0,740.44,776.0,-7.0
PD2610.GFE,20260410,387.9,387.75,387.4,387.4,387.1,387.1,387.45,-0.65,-0.3,11.0,426.24,378.0,-3.0
PD2612.GFE,20260410,388.35,386.7,0.0,0.0,0.0,386.7,386.7,0.0,0.0,3.0,116.505,174.0,-3.0
PD2702.GFE,20260410,383.6,385.7,0.0,0.0,0.0,385.7,385.7,0.0,0.0,0.0,0.0,17.0,0.0
PF2604.ZCE,20260410,8200.0,8346.0,0.0,0.0,0.0,8260.0,8260.0,-86.0,-86.0,0.0,0.0,958.0,0.0
PF2605.ZCE,20260410,8112.0,8028.0,8160.0,8160.0,7818.0,7884.0,7934.0,-144.0,-94.0,6602.0,26266.96,10636.0,-2060.0
PF2606.ZCE,20260410,8106.0,8028.0,8142.0,8170.0,7790.0,7858.0,7944.0,-170.0,-84.0,166477.0,661125.1,144205.0,6543.0
PF2607.ZCE,20260410,8088.0,8036.0,8118.0,8128.0,7780.0,7838.0,7920.0,-198.0,-116.0,103655.0,410436.45,58715.0,1011.0
PF2608.ZCE,20260410,8050.0,7982.0,8078.0,8078.0,7720.0,7776.0,7842.0,-206.0,-140.0,42617.0,167077.11,32113.0,-879.0
PF2609.ZCE,20260410,7986.0,7884.0,8024.0,8024.0,7682.0,7730.0,7810.0,-154.0,-74.0,2039.0,7962.09,6665.0,311.0
PF2610.ZCE,20260410,7960.0,7874.0,8022.0,8022.0,7700.0,7720.0,7784.0,-154.0,-90.0,676.0,2630.92,605.0,-219.0
PF2611.ZCE,20260410,7854.0,7760.0,7860.0,7860.0,7474.0,7710.0,7690.0,-50.0,-70.0,58.0,223.0,182.0,-24.0
PF2612.ZCE,20260410,7714.0,7690.0,7750.0,7750.0,7396.0,7618.0,7638.0,-72.0,-52.0,21.0,80.19,68.0,0.0
PF2701.ZCE,20260410,7754.0,7690.0,7756.0,7756.0,7602.0,7618.0,7646.0,-72.0,-44.0,33.0,126.15,104.0,-2.0
PF2702.ZCE,20260410,7702.0,7668.0,7608.0,7608.0,7608.0,7608.0,7608.0,-60.0,-60.0,1.0,3.8,13.0,0.0
PF2703.ZCE,20260410,7754.0,7692.0,0.0,0.0,0.0,7692.0,7692.0,0.0,0.0,0.0,0.0,3.0,0.0
PG2604.DCE,20260410,7595.0,7595.0,6700.0,6700.0,6700.0,6700.0,6700.0,-895.0,-895.0,2.0,26.8,7.0,-2.0
PG2605.DCE,20260410,5845.0,5764.0,5882.0,5902.0,5690.0,5773.0,5788.0,9.0,24.0,68578.0,793890.67,32980.0,-3946.0
PG2606.DCE,20260410,5655.0,5565.0,5700.0,5707.0,5492.0,5582.0,5594.0,17.0,29.0,11674.0,130614.78,27660.0,-1828.0
PG2607.DCE,20260410,5487.0,5401.0,5530.0,5548.0,5331.0,5406.0,5430.0,5.0,29.0,37074.0,402635.16,35210.0,1635.0
PG2608.DCE,20260410,5314.0,5239.0,5380.0,5392.0,5176.0,5244.0,5262.0,5.0,23.0,2872.0,30227.63,13092.0,955.0
PG2609.DCE,20260410,5178.0,5108.0,5257.0,5257.0,5029.0,5098.0,5125.0,-10.0,17.0,2424.0,24848.07,2669.0,59.0
PG2610.DCE,20260410,5518.0,5419.0,5641.0,5641.0,5384.0,5423.0,5472.0,4.0,53.0,398.0,4355.93,1498.0,156.0
PG2611.DCE,20260410,5375.0,5134.0,5397.0,5397.0,5265.0,5265.0,5355.0,131.0,221.0,23.0,246.37,52.0,4.0
PG2612.DCE,20260410,5263.0,5216.0,5280.0,5280.0,5154.0,5154.0,5232.0,-62.0,16.0,10.0,104.65,52.0,-1.0
PG2701.DCE,20260410,5160.0,5094.0,5150.0,5150.0,5052.0,5100.0,5095.0,6.0,1.0,14.0,142.67,105.0,-1.0
PG2702.DCE,20260410,5051.0,5055.0,0.0,0.0,0.0,5055.0,5055.0,0.0,0.0,1.0,10.1,62.0,0.0
PG2703.DCE,20260410,5000.0,4979.0,5041.0,5041.0,4900.0,4900.0,4947.0,-79.0,-32.0,4.0,39.58,18.0,2.0
PK2604.ZCE,20260410,8146.0,8090.0,8002.0,8002.0,8002.0,8002.0,8002.0,-88.0,-88.0,4.0,16.0,4075.0,-400.0
PK2605.ZCE,20260410,8110.0,8114.0,8102.0,8130.0,8096.0,8118.0,8112.0,4.0,-2.0,32169.0,130455.88,53940.0,-19340.0
PK2610.ZCE,20260410,8378.0,8364.0,8402.0,8444.0,8382.0,8412.0,8410.0,48.0,46.0,66444.0,279374.62,134014.0,24264.0
PK2611.ZCE,20260410,8326.0,8308.0,8350.0,8384.0,8328.0,8348.0,8352.0,40.0,44.0,460.0,1921.06,3460.0,84.0
PK2612.ZCE,20260410,8332.0,8290.0,8350.0,8378.0,8330.0,8364.0,8350.0,74.0,60.0,72.0,300.62,538.0,19.0
PK2701.ZCE,20260410,8346.0,8322.0,8354.0,8388.0,8350.0,8380.0,8370.0,58.0,48.0,96.0,401.74,768.0,6.0
PK2703.ZCE,20260410,8340.0,8348.0,8380.0,8380.0,8380.0,8380.0,8380.0,32.0,32.0,3.0,12.57,19.0,0.0
PL2604.ZCE,20260410,8399.0,8399.0,0.0,0.0,0.0,8449.0,8449.0,50.0,50.0,0.0,0.0,5.0,0.0
PL2605.ZCE,20260410,8753.0,8574.0,8800.0,8843.0,8448.0,8560.0,8625.0,-14.0,51.0,6407.0,110479.05,4492.0,164.0
PL2606.ZCE,20260410,8724.0,8558.0,8734.0,8800.0,8344.0,8500.0,8530.0,-58.0,-28.0,2523.0,43040.62,6804.0,266.0
PL2607.ZCE,20260410,8522.0,8425.0,8605.0,8605.0,8199.0,8298.0,8336.0,-127.0,-89.0,595.0,9919.71,5094.0,233.0
PL2608.ZCE,20260410,8413.0,8317.0,8515.0,8519.0,8169.0,8181.0,8281.0,-136.0,-36.0,220.0,3643.49,2202.0,134.0
PL2609.ZCE,20260410,8093.0,8093.0,8124.0,8124.0,7974.0,7974.0,8039.0,-119.0,-54.0,4.0,64.31,20.0,-2.0
PL2610.ZCE,20260410,8135.0,8135.0,0.0,0.0,0.0,8049.0,8049.0,-86.0,-86.0,0.0,0.0,9.0,0.0
PL2611.ZCE,20260410,7878.0,7878.0,0.0,0.0,0.0,7860.0,7860.0,-18.0,-18.0,0.0,0.0,2.0,0.0
PL2612.ZCE,20260410,7700.0,7700.0,0.0,0.0,0.0,7700.0,7700.0,0.0,0.0,0.0,0.0,1.0,0.0
PL2701.ZCE,20260410,7545.0,7256.0,7591.0,7591.0,7341.0,7458.0,7513.0,202.0,257.0,20.0,300.53,15.0,10.0
PL2702.ZCE,20260410,6799.0,6799.0,0.0,0.0,0.0,7040.0,7040.0,241.0,241.0,0.0,0.0,1.0,0.0
PL2703.ZCE,20260410,7496.0,7496.0,0.0,0.0,0.0,7496.0,7496.0,0.0,0.0,0.0,0.0,0.0,0.0
PM2605.ZCE,20260410,3122.0,3122.0,0.0,0.0,0.0,3122.0,3122.0,0.0,0.0,0.0,0.0,0.0,0.0
PM2607.ZCE,20260410,3122.0,3122.0,0.0,0.0,0.0,3122.0,3122.0,0.0,0.0,0.0,0.0,0.0,0.0
PM2609.ZCE,20260410,3122.0,3122.0,0.0,0.0,0.0,3122.0,3122.0,0.0,0.0,0.0,0.0,0.0,0.0
PM2611.ZCE,20260410,3122.0,3122.0,0.0,0.0,0.0,3122.0,3122.0,0.0,0.0,0.0,0.0,0.0,0.0
PM2701.ZCE,20260410,3122.0,3122.0,0.0,0.0,0.0,3122.0,3122.0,0.0,0.0,0.0,0.0,0.0,0.0
PM2703.ZCE,20260410,3122.0,3122.0,0.0,0.0,0.0,3122.0,3122.0,0.0,0.0,0.0,0.0,0.0,0.0
PP2604.DCE,20260410,8957.0,8957.0,0.0,0.0,0.0,8957.0,8957.0,0.0,0.0,156.0,714.96,4752.0,-100.0
PP2605.DCE,20260410,9117.0,8947.0,9200.0,9200.0,8889.0,8963.0,9025.0,16.0,78.0,701371.0,3164963.73,234679.0,-4934.0
PP2605F.DCE,20260410,9131.0,9019.0,9176.0,9186.0,8980.0,9040.0,9075.0,21.0,56.0,2275.0,10322.15,1672.0,-116.0
PP2606.DCE,20260410,8987.0,8829.0,9100.0,9100.0,8742.0,8807.0,8878.0,-22.0,49.0,9753.0,43295.02,58352.0,198.0
PP2606F.DCE,20260410,8978.0,8829.0,9002.0,9045.0,8742.0,8800.0,8878.0,-29.0,49.0,1981.0,8813.34,787.0,-17.0
PP2607.DCE,20260410,8801.0,8686.0,8842.0,8942.0,8574.0,8629.0,8713.0,-57.0,27.0,5101.0,22223.22,55791.0,257.0
PP2607F.DCE,20260410,8777.0,8686.0,8837.0,8864.0,8583.0,8624.0,8713.0,-62.0,27.0,486.0,2110.0,635.0,80.0
PP2608.DCE,20260410,8648.0,8556.0,8715.0,8773.0,8427.0,8486.0,8562.0,-70.0,6.0,5201.0,22265.68,60456.0,412.0
PP2608F.DCE,20260410,8628.0,8556.0,8679.0,8701.0,8433.0,8498.0,8562.0,-58.0,6.0,399.0,1708.74,726.0,64.0
PP2609.DCE,20260410,8530.0,8435.0,8608.0,8619.0,8309.0,8369.0,8445.0,-66.0,10.0,422398.0,1783588.92,282811.0,16604.0
PP2609F.DCE,20260410,8522.0,8435.0,8562.0,8583.0,8315.0,8351.0,8445.0,-84.0,10.0,2528.0,10676.36,1059.0,97.0
PP2610.DCE,20260410,8328.0,8230.0,8359.0,8400.0,8114.0,8169.0,8241.0,-61.0,11.0,2001.0,8245.98,16578.0,177.0
PP2610F.DCE,20260410,8327.0,8230.0,8379.0,8379.0,8123.0,8173.0,8241.0,-57.0,11.0,239.0,987.21,369.0,70.0
PP2611.DCE,20260410,8152.0,8087.0,8150.0,8188.0,7970.0,8020.0,8024.0,-67.0,-63.0,29.0,116.35,252.0,2.0
PP2612.DCE,20260410,8048.0,7970.0,8059.0,8083.0,7879.0,7879.0,7979.0,-91.0,9.0,218.0,869.73,8073.0,-100.0
PP2701.DCE,20260410,7987.0,7898.0,8012.0,8058.0,7803.0,7826.0,7911.0,-72.0,13.0,11387.0,45045.6,34746.0,1759.0
PP2702.DCE,20260410,7911.0,7825.0,7869.0,7872.0,7819.0,7819.0,7855.0,-6.0,30.0,18.0,70.7,165.0,1.0
PP2703.DCE,20260410,7873.0,7739.0,0.0,0.0,0.0,7739.0,7739.0,0.0,0.0,0.0,0.0,25.0,0.0
PR2604.ZCE,20260410,8022.0,8022.0,0.0,0.0,0.0,8022.0,8022.0,0.0,0.0,0.0,0.0,1210.0,0.0
PR2605.ZCE,20260410,7998.0,7928.0,8038.0,8046.0,7702.0,7792.0,7880.0,-136.0,-48.0,16075.0,189995.81,9516.0,-2048.0
PR2606.ZCE,20260410,8002.0,7928.0,8060.0,8060.0,7690.0,7778.0,7868.0,-150.0,-60.0,39664.0,468095.01,29135.0,69.0
PR2607.ZCE,20260410,7908.0,7854.0,7948.0,8000.0,7562.0,7650.0,7748.0,-204.0,-106.0,23158.0,269152.17,23079.0,562.0
PR2608.ZCE,20260410,7812.0,7790.0,7830.0,7900.0,7462.0,7534.0,7650.0,-256.0,-140.0,9730.0,111631.48,9365.0,708.0
PR2609.ZCE,20260410,7736.0,7694.0,7502.0,7578.0,7416.0,7438.0,7468.0,-256.0,-226.0,19.0,212.85,100.0,-2.0
PR2610.ZCE,20260410,7616.0,7566.0,7642.0,7642.0,7320.0,7426.0,7440.0,-140.0,-126.0,11.0,122.74,55.0,-5.0
PR2611.ZCE,20260410,7492.0,7522.0,7334.0,7334.0,7266.0,7266.0,7300.0,-256.0,-222.0,4.0,43.79,27.0,-2.0
PR2612.ZCE,20260410,7392.0,7288.0,0.0,0.0,0.0,7288.0,7288.0,0.0,0.0,0.0,0.0,25.0,0.0
PR2701.ZCE,20260410,7200.0,7152.0,7204.0,7218.0,7194.0,7200.0,7204.0,48.0,52.0,8.0,86.45,26.0,0.0
PR2702.ZCE,20260410,7110.0,7110.0,7228.0,7228.0,7208.0,7218.0,7220.0,108.0,110.0,8.0,86.63,13.0,0.0
PR2703.ZCE,20260410,7024.0,7024.0,7046.0,7046.0,7046.0,7046.0,7046.0,22.0,22.0,1.0,10.57,2.0,1.0
PS2604.GFE,20260410,32060.0,32060.0,0.0,0.0,0.0,32060.0,32060.0,0.0,0.0,0.0,0.0,0.0,-120.0
PS2605.GFE,20260410,31690.0,31930.0,31330.0,32500.0,31070.0,32125.0,31900.0,195.0,-30.0,29421.0,281583.75,34814.0,-2834.0
PS2606.GFE,20260410,34540.0,34800.0,34495.0,35480.0,34005.0,35270.0,34875.0,470.0,75.0,8828.0,92365.9305,16890.0,338.0
PS2607.GFE,20260410,34660.0,34875.0,34510.0,35355.0,34165.0,35285.0,35020.0,410.0,145.0,1256.0,13196.2725,5093.0,382.0
PS2608.GFE,20260410,35000.0,35110.0,34655.0,35445.0,34655.0,35445.0,35065.0,335.0,-45.0,24.0,252.486,536.0,-1.0
PS2609.GFE,20260410,35380.0,35645.0,35800.0,36000.0,34900.0,35800.0,35550.0,155.0,-95.0,1034.0,11027.6595,2342.0,224.0
PS2610.GFE,20260410,35600.0,35775.0,0.0,0.0,0.0,35775.0,35775.0,0.0,0.0,0.0,0.0,210.0,0.0
PS2611.GFE,20260410,35810.0,36065.0,35590.0,36500.0,35000.0,36005.0,35955.0,-60.0,-110.0,66.0,711.9825,739.0,32.0
PS2612.GFE,20260410,37250.0,37300.0,37000.0,37700.0,37000.0,37700.0,37350.0,400.0,50.0,10.0,112.05,250.0,-5.0
PS2701.GFE,20260410,37435.0,37310.0,37545.0,37545.0,37540.0,37540.0,37540.0,230.0,230.0,2.0,22.5255,46.0,-2.0
PS2702.GFE,20260410,37350.0,37430.0,0.0,0.0,0.0,37605.0,37605.0,175.0,175.0,0.0,0.0,10.0,0.0
PS2703.GFE,20260410,37925.0,37925.0,38490.0,38490.0,38490.0,38490.0,38490.0,565.0,565.0,6.0,69.282,30.0,6.0
PT2606.GFE,20260410,511.6,513.2,522.0,529.5,519.3,521.45,524.45,8.25,11.25,4659.0,244343.08,15303.0,-129.0
PT2608.GFE,20260410,510.95,511.9,521.0,528.0,519.0,519.5,522.8,7.6,10.9,179.0,9358.455,2967.0,-1.0
PT2610.GFE,20260410,509.55,511.15,520.0,526.3,517.45,517.65,521.8,6.5,10.65,98.0,5113.75,1747.0,28.0
PT2612.GFE,20260410,508.65,511.35,521.6,526.8,519.8,520.0,522.7,8.65,11.35,30.0,1568.24,458.0,0.0
PT2702.GFE,20260410,515.0,515.0,0.0,0.0,0.0,515.0,515.0,0.0,0.0,0.0,0.0,15.0,0.0
PX2604.ZCE,20260410,8772.0,8772.0,0.0,0.0,0.0,8738.0,8738.0,-34.0,-34.0,0.0,0.0,0.0,0.0
PX2605.ZCE,20260410,9234.0,9102.0,9300.0,9322.0,8838.0,8950.0,9066.0,-152.0,-36.0,245516.0,1112889.29,104421.0,-3185.0
PX2606.ZCE,20260410,9212.0,9144.0,9250.0,9260.0,8834.0,8942.0,9022.0,-202.0,-122.0,55556.0,250602.72,66674.0,9628.0
PX2607.ZCE,20260410,9192.0,9112.0,9270.0,9272.0,8790.0,8884.0,8974.0,-228.0,-138.0,60107.0,269656.43,89168.0,609.0
PX2608.ZCE,20260410,9090.0,8984.0,9086.0,9116.0,8696.0,8782.0,8870.0,-202.0,-114.0,9941.0,44081.94,18345.0,-2344.0
PX2609.ZCE,20260410,8964.0,8884.0,9016.0,9040.0,8578.0,8656.0,8746.0,-228.0,-138.0,59653.0,260848.46,96157.0,1804.0
PX2610.ZCE,20260410,8816.0,8746.0,8868.0,8870.0,8450.0,8516.0,8616.0,-230.0,-130.0,2129.0,9171.12,1222.0,-49.0
PX2611.ZCE,20260410,8680.0,8596.0,8710.0,8714.0,8370.0,8402.0,8496.0,-194.0,-100.0,265.0,1125.54,104.0,8.0
PX2612.ZCE,20260410,8550.0,8484.0,8578.0,8578.0,8298.0,8312.0,8422.0,-172.0,-62.0,38.0,160.01,88.0,-3.0
PX2701.ZCE,20260410,8444.0,8394.0,8490.0,8514.0,8188.0,8212.0,8318.0,-182.0,-76.0,1382.0,5747.65,1839.0,-25.0
PX2702.ZCE,20260410,8336.0,8302.0,8272.0,8272.0,8134.0,8134.0,8190.0,-168.0,-112.0,11.0,45.05,114.0,-1.0
PX2703.ZCE,20260410,8142.0,8294.0,8158.0,8158.0,8122.0,8122.0,8140.0,-172.0,-154.0,3.0,12.21,16.0,3.0
RB2604.SHF,20260410,3066.0,3066.0,,,,3066.0,3066.0,0.0,0.0,0.0,0.0,1110.0,0.0
RB2605.SHF,20260410,3071.0,3079.0,3070.0,3083.0,3061.0,3074.0,3071.0,-5.0,-8.0,135382.0,415822.477,570219.0,-46158.0
RB2606.SHF,20260410,3078.0,3088.0,3080.0,3088.0,3069.0,3084.0,3078.0,-4.0,-10.0,905.0,2785.984,8272.0,19.0
RB2607.SHF,20260410,3087.0,3096.0,3093.0,3100.0,3078.0,3093.0,3090.0,-3.0,-6.0,37643.0,116318.233,394072.0,6184.0
RB2608.SHF,20260410,3092.0,3102.0,3087.0,3100.0,3084.0,3096.0,3089.0,-6.0,-13.0,56.0,173.022,1659.0,40.0
RB2609.SHF,20260410,3090.0,3103.0,3096.0,3100.0,3081.0,3094.0,3091.0,-9.0,-12.0,11850.0,36639.232,128341.0,5535.0
RB2610.SHF,20260410,3096.0,3106.0,3101.0,3105.0,3083.0,3099.0,3094.0,-7.0,-12.0,488279.0,1511161.802,1389937.0,65234.0
RB2611.SHF,20260410,3113.0,3125.0,3113.0,3120.0,3101.0,3115.0,3112.0,-10.0,-13.0,478.0,1487.547,1190.0,78.0
RB2612.SHF,20260410,3116.0,3127.0,3120.0,3126.0,3109.0,3120.0,3118.0,-7.0,-9.0,128.0,399.167,797.0,28.0
RB2701.SHF,20260410,3114.0,3125.0,3109.0,3230.0,3103.0,3119.0,3123.0,-6.0,-2.0,9457.0,29537.253,38452.0,2798.0
RB2702.SHF,20260410,3130.0,3141.0,3127.0,3137.0,3123.0,3134.0,3130.0,-7.0,-11.0,38.0,118.947,227.0,3.0
RB2703.SHF,20260410,3144.0,3155.0,3138.0,3150.0,3134.0,3150.0,3138.0,-5.0,-17.0,69.0,216.589,259.0,3.0
RI2605.ZCE,20260410,2479.0,2479.0,0.0,0.0,0.0,2479.0,2479.0,0.0,0.0,0.0,0.0,0.0,0.0
RI2607.ZCE,20260410,2479.0,2479.0,0.0,0.0,0.0,2479.0,2479.0,0.0,0.0,0.0,0.0,0.0,0.0
RI2609.ZCE,20260410,2479.0,2479.0,0.0,0.0,0.0,2479.0,2479.0,0.0,0.0,0.0,0.0,0.0,0.0
RI2611.ZCE,20260410,2479.0,2479.0,0.0,0.0,0.0,2479.0,2479.0,0.0,0.0,0.0,0.0,0.0,0.0
RI2701.ZCE,20260410,2479.0,2479.0,0.0,0.0,0.0,2479.0,2479.0,0.0,0.0,0.0,0.0,0.0,0.0
RI2703.ZCE,20260410,2479.0,2479.0,0.0,0.0,0.0,2479.0,2479.0,0.0,0.0,0.0,0.0,0.0,0.0
RM2605.ZCE,20260410,2241.0,2248.0,2246.0,2269.0,2234.0,2241.0,2251.0,-7.0,3.0,406051.0,914138.64,431635.0,-48345.0
RM2607.ZCE,20260410,2223.0,2226.0,2228.0,2251.0,2222.0,2229.0,2235.0,3.0,9.0,58878.0,131619.88,219995.0,10126.0
RM2608.ZCE,20260410,2342.0,2343.0,2345.0,2366.0,2337.0,2345.0,2351.0,2.0,8.0,1845.0,4337.49,10997.0,-45.0
RM2609.ZCE,20260410,2340.0,2342.0,2343.0,2366.0,2335.0,2343.0,2350.0,1.0,8.0,285500.0,670843.92,525283.0,46591.0
RM2611.ZCE,20260410,2300.0,2301.0,2305.0,2320.0,2289.0,2299.0,2303.0,-2.0,2.0,2545.0,5862.06,16207.0,356.0
RM2701.ZCE,20260410,2317.0,2318.0,2321.0,2343.0,2319.0,2325.0,2329.0,7.0,11.0,10081.0,23478.62,53107.0,1220.0
RM2703.ZCE,20260410,2309.0,2308.0,2316.0,2330.0,2310.0,2314.0,2318.0,6.0,10.0,1035.0,2398.8,9935.0,296.0
RR2604.DCE,20260410,3574.0,3574.0,0.0,0.0,0.0,3574.0,3574.0,0.0,0.0,0.0,0.0,0.0,0.0
RR2605.DCE,20260410,3579.0,3577.0,3579.0,3603.0,3573.0,3603.0,3588.0,26.0,11.0,3751.0,13462.03,15610.0,-419.0
RR2606.DCE,20260410,3604.0,3604.0,3607.0,3616.0,3571.0,3582.0,3597.0,-22.0,-7.0,3857.0,13874.64,12858.0,401.0
RR2607.DCE,20260410,3600.0,3600.0,3599.0,3604.0,3581.0,3583.0,3589.0,-17.0,-11.0,2923.0,10491.73,5435.0,-56.0
RR2608.DCE,20260410,3600.0,3600.0,3608.0,3608.0,3607.0,3607.0,3607.0,7.0,7.0,2.0,7.22,36.0,2.0
RR2609.DCE,20260410,3604.0,3598.0,3601.0,3608.0,3597.0,3597.0,3603.0,-1.0,5.0,4.0,14.41,61.0,-2.0
RR2610.DCE,20260410,3611.0,3611.0,3618.0,3618.0,3618.0,3618.0,3618.0,7.0,7.0,1.0,3.62,71.0,0.0
RR2611.DCE,20260410,3607.0,3607.0,3620.0,3620.0,3606.0,3606.0,3613.0,-1.0,6.0,2.0,7.23,29.0,2.0
RR2612.DCE,20260410,3617.0,3614.0,3618.0,3619.0,3618.0,3619.0,3618.0,5.0,4.0,2.0,7.24,61.0,2.0
RR2701.DCE,20260410,3616.0,3616.0,3614.0,3626.0,3614.0,3626.0,3621.0,10.0,5.0,5.0,18.11,44.0,3.0
RR2702.DCE,20260410,3615.0,3611.0,3613.0,3617.0,3613.0,3617.0,3615.0,6.0,4.0,3.0,10.85,58.0,1.0
RR2703.DCE,20260410,3622.0,3619.0,3629.0,3629.0,3629.0,3629.0,3629.0,10.0,10.0,1.0,3.63,37.0,1.0
RS2607.ZCE,20260410,5751.0,5681.0,5898.0,5899.0,5714.0,5714.0,5852.0,33.0,171.0,4.0,23.41,5.0,-1.0
RS2608.ZCE,20260410,5632.0,5632.0,0.0,0.0,0.0,5802.0,5802.0,170.0,170.0,0.0,0.0,0.0,0.0
RS2609.ZCE,20260410,5750.0,5663.0,5720.0,5799.0,5632.0,5687.0,5691.0,24.0,28.0,114.0,648.76,75.0,3.0
RS2611.ZCE,20260410,5905.0,5905.0,0.0,0.0,0.0,5934.0,5934.0,29.0,29.0,0.0,0.0,1.0,0.0
RU2604.SHF,20260410,16905.0,16905.0,,,,16905.0,16905.0,0.0,0.0,0.0,0.0,190.0,0.0
RU2605.SHF,20260410,17005.0,16900.0,17035.0,17185.0,16665.0,16695.0,16920.0,-205.0,20.0,65821.0,1113938.33,34608.0,-6219.0
RU2606.SHF,20260410,17055.0,16940.0,17050.0,17205.0,16745.0,16750.0,16985.0,-190.0,45.0,329.0,5588.095,345.0,48.0
RU2607.SHF,20260410,17100.0,17015.0,17105.0,17260.0,16765.0,16775.0,16985.0,-240.0,-30.0,685.0,11635.13,897.0,60.0
RU2608.SHF,20260410,17130.0,17010.0,17215.0,17270.0,16770.0,16785.0,16885.0,-225.0,-125.0,171.0,2887.89,210.0,76.0
RU2609.SHF,20260410,17140.0,17040.0,17185.0,17325.0,16765.0,16815.0,17040.0,-225.0,0.0,311929.0,5316727.0,156066.0,1650.0
RU2610.SHF,20260410,17150.0,16960.0,17190.0,17300.0,16785.0,16800.0,16970.0,-160.0,10.0,104.0,1765.16,158.0,-12.0
RU2611.SHF,20260410,17130.0,17020.0,17205.0,17280.0,16760.0,16805.0,16955.0,-215.0,-65.0,439.0,7443.75,697.0,53.0
RU2701.SHF,20260410,17830.0,17755.0,17895.0,18025.0,17500.0,17535.0,17755.0,-220.0,0.0,6186.0,109839.665,10129.0,284.0
RU2703.SHF,20260410,17850.0,17710.0,17875.0,17900.0,17500.0,17520.0,17670.0,-190.0,-40.0,24.0,424.085,35.0,-7.0
SA2604.ZCE,20260410,1135.0,1140.0,1125.0,1150.0,1125.0,1144.0,1135.0,4.0,-5.0,720.0,1632.62,4043.0,-227.0
SA2605.ZCE,20260410,1136.0,1142.0,1137.0,1159.0,1123.0,1146.0,1140.0,4.0,-2.0,644897.0,1470801.99,614143.0,-72148.0
SA2606.ZCE,20260410,1164.0,1172.0,1168.0,1192.0,1155.0,1179.0,1172.0,7.0,0.0,47265.0,110824.9,63033.0,-2609.0
SA2607.ZCE,20260410,1167.0,1174.0,1170.0,1201.0,1159.0,1187.0,1178.0,13.0,4.0,83174.0,196005.52,117864.0,3498.0
SA2608.ZCE,20260410,1203.0,1211.0,1203.0,1233.0,1195.0,1222.0,1211.0,11.0,0.0,37881.0,91746.5,55541.0,1233.0
SA2609.ZCE,20260410,1203.0,1210.0,1205.0,1235.0,1192.0,1224.0,1214.0,14.0,4.0,475116.0,1153262.2,602796.0,44724.0
SA2610.ZCE,20260410,1226.0,1232.0,1227.0,1253.0,1216.0,1245.0,1234.0,13.0,2.0,1058.0,2610.32,10659.0,121.0
SA2611.ZCE,20260410,1220.0,1230.0,1220.0,1252.0,1212.0,1242.0,1232.0,12.0,2.0,1425.0,3511.03,17137.0,77.0
SA2612.ZCE,20260410,1260.0,1269.0,1260.0,1288.0,1251.0,1276.0,1268.0,7.0,-1.0,590.0,1496.62,7523.0,-52.0
SA2701.ZCE,20260410,1265.0,1273.0,1269.0,1291.0,1256.0,1282.0,1272.0,9.0,-1.0,14772.0,37586.2,36362.0,5527.0
SA2702.ZCE,20260410,1302.0,1305.0,1302.0,1312.0,1289.0,1305.0,1300.0,0.0,-5.0,329.0,855.35,2508.0,-43.0
SA2703.ZCE,20260410,1302.0,1307.0,1300.0,1317.0,1292.0,1308.0,1303.0,1.0,-4.0,575.0,1497.97,776.0,115.0
SC2605.INE,20260410,640.0,630.4,647.8,649.0,623.7,637.3,636.3,6.9,5.9,63642.0,4050171.19,35351.0,-3456.0
SC2606.INE,20260410,638.6,626.7,647.9,647.9,621.2,630.7,632.2,4.0,5.5,31662.0,2001780.25,27359.0,805.0
SC2607.INE,20260410,630.0,617.8,645.0,645.0,612.5,621.3,621.9,3.5,4.1,8611.0,535582.83,15916.0,1935.0
SC2608.INE,20260410,628.0,616.3,636.7,639.4,609.4,618.0,618.5,1.7,2.2,1755.0,108560.18,5752.0,201.0
SC2609.INE,20260410,624.9,610.6,631.4,634.2,605.6,613.9,616.4,3.3,5.8,2120.0,130685.22,6401.0,64.0
SC2610.INE,20260410,616.1,597.1,620.2,620.3,597.9,606.8,604.4,9.7,7.3,301.0,18193.88,2076.0,-69.0
SC2611.INE,20260410,609.4,593.2,611.9,611.9,592.6,601.6,599.9,8.4,6.7,86.0,5159.55,1120.0,31.0
SC2612.INE,20260410,603.6,591.9,608.7,609.8,585.7,595.7,595.6,3.8,3.7,1234.0,73497.22,4238.0,268.0
SC2701.INE,20260410,598.5,585.3,600.5,600.5,586.8,593.4,591.8,8.1,6.5,28.0,1657.2,226.0,-3.0
SC2702.INE,20260410,597.8,590.3,593.9,595.5,582.2,586.0,590.4,-4.3,0.1,5.0,295.22,98.0,0.0
SC2703.INE,20260410,584.1,573.5,583.1,583.1,583.1,583.1,583.1,9.6,9.6,1.0,58.31,69.0,1.0
SC2704.INE,20260410,580.7,580.7,,,,580.7,580.7,0.0,0.0,0.0,0.0,2.0,0.0
SC2706.INE,20260410,568.1,568.1,579.1,579.1,565.0,565.0,569.7,-3.1,1.6,6.0,341.82,52.0,-5.0
SC2709.INE,20260410,560.5,560.5,,,,560.5,560.5,0.0,0.0,0.0,0.0,46.0,0.0
SC2712.INE,20260410,555.0,555.0,562.0,562.0,562.0,562.0,562.0,7.0,7.0,2.0,112.4,135.0,-1.0
SC2803.INE,20260410,561.4,561.4,,,,561.4,561.4,0.0,0.0,0.0,0.0,52.0,0.0
SC2806.INE,20260410,559.0,559.0,,,,559.0,559.0,0.0,0.0,0.0,0.0,47.0,0.0
SC2809.INE,20260410,533.4,533.4,,,,545.4,545.4,12.0,12.0,0.0,0.0,66.0,0.0
SC2812.INE,20260410,548.0,548.0,564.8,564.8,564.8,564.8,564.8,16.8,16.8,1.0,56.48,47.0,1.0
SC2903.INE,20260410,545.0,545.0,565.5,565.5,561.3,561.3,563.1,16.3,18.1,5.0,281.55,56.0,4.0
SCTAS2605.INE,20260410,,630.4,,,,,636.3,,5.9,0.0,,,
SCTAS2606.INE,20260410,,626.7,,,,,632.2,,5.5,0.0,,,
SCTAS2607.INE,20260410,,617.8,,,,,621.9,,4.1,0.0,,,
SCTAS2608.INE,20260410,,616.3,,,,,618.5,,2.2,0.0,,,
SF2604.ZCE,20260410,5552.0,5552.0,5532.0,5556.0,5532.0,5550.0,5544.0,-2.0,-8.0,486.0,1347.27,1471.0,-708.0
SF2605.ZCE,20260410,5572.0,5594.0,5560.0,5566.0,5506.0,5560.0,5540.0,-34.0,-54.0,56683.0,157045.39,84067.0,-10208.0
SF2606.ZCE,20260410,5552.0,5574.0,5540.0,5542.0,5486.0,5534.0,5512.0,-40.0,-62.0,56470.0,155642.16,63302.0,2715.0
SF2607.ZCE,20260410,5684.0,5708.0,5682.0,5682.0,5616.0,5676.0,5650.0,-32.0,-58.0,180992.0,511326.56,208382.0,12634.0
SF2608.ZCE,20260410,5660.0,5688.0,5648.0,5652.0,5596.0,5646.0,5628.0,-42.0,-60.0,20619.0,58017.86,32973.0,1960.0
SF2609.ZCE,20260410,5654.0,5680.0,5652.0,5652.0,5590.0,5640.0,5624.0,-40.0,-56.0,17565.0,49382.96,38975.0,4878.0
SF2610.ZCE,20260410,5620.0,5646.0,5600.0,5616.0,5560.0,5608.0,5594.0,-38.0,-52.0,373.0,1043.02,1361.0,100.0
SF2611.ZCE,20260410,5750.0,5780.0,5710.0,5750.0,5694.0,5744.0,5732.0,-36.0,-48.0,147.0,421.25,688.0,-89.0
SF2612.ZCE,20260410,5702.0,5742.0,5714.0,5748.0,5664.0,5720.0,5710.0,-22.0,-32.0,64.0,182.7,439.0,-29.0
SF2701.ZCE,20260410,5702.0,5734.0,5702.0,5748.0,5652.0,5702.0,5688.0,-32.0,-46.0,285.0,810.6,857.0,77.0
SF2702.ZCE,20260410,5678.0,5690.0,5678.0,5680.0,5620.0,5670.0,5656.0,-20.0,-34.0,33.0,93.31,185.0,20.0
SF2703.ZCE,20260410,5800.0,5834.0,5834.0,5834.0,5770.0,5792.0,5812.0,-42.0,-22.0,13.0,37.78,32.0,9.0
SH2604.ZCE,20260410,2188.0,2188.0,0.0,0.0,0.0,2109.0,2109.0,-79.0,-79.0,0.0,0.0,0.0,0.0
SH2605.ZCE,20260410,2116.0,2157.0,2119.0,2119.0,2054.0,2063.0,2079.0,-94.0,-78.0,155819.0,972510.9,78655.0,233.0
SH2606.ZCE,20260410,2187.0,2221.0,2180.0,2180.0,2126.0,2136.0,2147.0,-85.0,-74.0,29374.0,189185.97,26515.0,1371.0
SH2607.ZCE,20260410,2200.0,2232.0,2196.0,2200.0,2133.0,2144.0,2158.0,-88.0,-74.0,87146.0,564138.44,93139.0,13600.0
SH2608.ZCE,20260410,2275.0,2299.0,2271.0,2273.0,2225.0,2236.0,2245.0,-63.0,-54.0,14431.0,97185.22,21630.0,2447.0
SH2609.ZCE,20260410,2320.0,2334.0,2316.0,2318.0,2281.0,2292.0,2298.0,-42.0,-36.0,14948.0,103056.76,19560.0,1690.0
SH2610.ZCE,20260410,2367.0,2369.0,2363.0,2366.0,2339.0,2350.0,2353.0,-19.0,-16.0,1661.0,11726.73,1546.0,201.0
SH2611.ZCE,20260410,2356.0,2356.0,2348.0,2367.0,2333.0,2351.0,2347.0,-5.0,-9.0,292.0,2056.33,1026.0,117.0
SH2612.ZCE,20260410,2369.0,2369.0,2367.0,2380.0,2346.0,2362.0,2361.0,-7.0,-8.0,170.0,1203.88,712.0,27.0
SH2701.ZCE,20260410,2349.0,2350.0,2346.0,2352.0,2325.0,2342.0,2338.0,-8.0,-12.0,2674.0,18757.21,4746.0,300.0
SH2702.ZCE,20260410,2366.0,2375.0,2372.0,2373.0,2354.0,2368.0,2363.0,-7.0,-12.0,77.0,545.77,154.0,4.0
SH2703.ZCE,20260410,2383.0,2383.0,2372.0,2377.0,2358.0,2377.0,2370.0,-6.0,-13.0,40.0,284.41,80.0,16.0
SI2604.GFE,20260410,8225.0,8225.0,8160.0,8165.0,8160.0,8165.0,8160.0,-60.0,-65.0,20.0,81.625,8.0,-99.0
SI2605.GFE,20260410,8260.0,8285.0,8260.0,8300.0,8125.0,8250.0,8210.0,-35.0,-75.0,195667.0,803316.3325,173408.0,-7907.0
SI2606.GFE,20260410,8310.0,8330.0,8310.0,8345.0,8175.0,8295.0,8260.0,-35.0,-70.0,17938.0,74091.1775,61885.0,4343.0
SI2607.GFE,20260410,8355.0,8370.0,8350.0,8380.0,8230.0,8335.0,8305.0,-35.0,-65.0,7233.0,30041.935,40546.0,2234.0
SI2608.GFE,20260410,8400.0,8405.0,8385.0,8420.0,8260.0,8385.0,8325.0,-20.0,-80.0,1600.0,6663.2075,14313.0,604.0
SI2609.GFE,20260410,8415.0,8445.0,8400.0,8450.0,8285.0,8410.0,8360.0,-35.0,-85.0,88879.0,371703.77,140311.0,16003.0
SI2610.GFE,20260410,8475.0,8460.0,8415.0,8470.0,8340.0,8465.0,8400.0,5.0,-60.0,42.0,176.455,501.0,13.0
SI2611.GFE,20260410,8515.0,8505.0,8455.0,8520.0,8360.0,8515.0,8420.0,10.0,-85.0,150.0,631.8575,1940.0,66.0
SI2612.GFE,20260410,8835.0,8840.0,8835.0,8880.0,8755.0,8840.0,8800.0,0.0,-40.0,39.0,171.67,466.0,7.0
SI2701.GFE,20260410,8915.0,8880.0,8800.0,8940.0,8800.0,8860.0,8855.0,-20.0,-25.0,53.0,234.7875,415.0,2.0
SI2702.GFE,20260410,8955.0,8960.0,8940.0,8940.0,8940.0,8940.0,8940.0,-20.0,-20.0,1.0,4.47,82.0,0.0
SI2703.GFE,20260410,9025.0,9045.0,8900.0,8990.0,8855.0,8990.0,8915.0,-55.0,-130.0,23.0,102.5325,45.0,12.0
SM2604.ZCE,20260410,6102.0,6114.0,6058.0,6058.0,6058.0,6058.0,6058.0,-56.0,-56.0,2.0,6.06,4903.0,0.0
SM2605.ZCE,20260410,6122.0,6168.0,6108.0,6144.0,6066.0,6120.0,6108.0,-48.0,-60.0,208749.0,637587.13,256010.0,-15897.0
SM2606.ZCE,20260410,6136.0,6168.0,6128.0,6158.0,6080.0,6136.0,6126.0,-32.0,-42.0,20141.0,61694.48,46260.0,1016.0
SM2607.ZCE,20260410,6158.0,6200.0,6154.0,6176.0,6100.0,6158.0,6144.0,-42.0,-56.0,111359.0,342056.99,198786.0,18240.0
SM2608.ZCE,20260410,6164.0,6216.0,6134.0,6184.0,6110.0,6166.0,6158.0,-50.0,-58.0,19342.0,59540.53,34346.0,385.0
SM2609.ZCE,20260410,6180.0,6220.0,6164.0,6200.0,6122.0,6176.0,6164.0,-44.0,-56.0,64089.0,197505.59,121601.0,1988.0
SM2610.ZCE,20260410,6216.0,6180.0,6128.0,6212.0,6110.0,6164.0,6138.0,-16.0,-42.0,48.0,147.29,249.0,-5.0
SM2611.ZCE,20260410,6228.0,6244.0,6202.0,6252.0,6160.0,6200.0,6208.0,-44.0,-36.0,9.0,27.94,177.0,-4.0
SM2612.ZCE,20260410,6210.0,6228.0,6164.0,6190.0,6122.0,6148.0,6158.0,-80.0,-70.0,15.0,46.18,232.0,0.0
SM2701.ZCE,20260410,6210.0,6260.0,6180.0,6224.0,6160.0,6212.0,6204.0,-48.0,-56.0,290.0,899.62,3513.0,-60.0
SM2702.ZCE,20260410,6256.0,6268.0,6220.0,6234.0,6170.0,6222.0,6202.0,-46.0,-66.0,14.0,43.41,64.0,1.0
SM2703.ZCE,20260410,6260.0,6268.0,6210.0,6306.0,6180.0,6222.0,6236.0,-46.0,-32.0,33.0,102.9,8.0,0.0
SN2604.SHF,20260410,369000.0,373390.0,369000.0,400000.0,369000.0,376430.0,373880.0,3040.0,490.0,208.0,7776.852,5280.0,-82.0
SN2605.SHF,20260410,369390.0,372780.0,371000.0,379500.0,369400.0,374790.0,375330.0,2010.0,2550.0,192518.0,7225778.79,34398.0,-453.0
SN2606.SHF,20260410,370090.0,372800.0,368690.0,379770.0,368690.0,375180.0,375660.0,2380.0,2860.0,44602.0,1675523.39,21992.0,147.0
SN2607.SHF,20260410,369690.0,372280.0,371450.0,379580.0,370010.0,375170.0,375700.0,2890.0,3420.0,9474.0,355941.082,9322.0,163.0
SN2608.SHF,20260410,369640.0,371980.0,371870.0,379770.0,370500.0,375300.0,376150.0,3320.0,4170.0,1508.0,56724.387,2322.0,44.0
SN2609.SHF,20260410,369820.0,372880.0,372000.0,379960.0,370480.0,375560.0,375740.0,2680.0,2860.0,387.0,14541.159,979.0,11.0
SN2610.SHF,20260410,370500.0,372080.0,373170.0,381040.0,373170.0,381040.0,377780.0,8960.0,5700.0,16.0,604.449,174.0,2.0
SN2611.SHF,20260410,370600.0,373300.0,377300.0,380750.0,376590.0,380750.0,377840.0,7450.0,4540.0,4.0,151.138,127.0,0.0
SN2612.SHF,20260410,371180.0,376430.0,376900.0,379570.0,375180.0,376100.0,377530.0,-330.0,1100.0,17.0,641.801,334.0,-6.0
SN2701.SHF,20260410,372350.0,371960.0,378170.0,381190.0,376050.0,376810.0,377960.0,4850.0,6000.0,26.0,982.72,199.0,-7.0
SN2702.SHF,20260410,373020.0,374920.0,376390.0,380720.0,376390.0,377510.0,378410.0,2590.0,3490.0,36.0,1362.297,108.0,2.0
SN2703.SHF,20260410,373210.0,376630.0,380320.0,380320.0,378670.0,378670.0,379490.0,2040.0,2860.0,2.0,75.899,10.0,-1.0
SP2604.SHF,20260410,4966.0,4966.0,,,,4966.0,4966.0,0.0,0.0,0.0,0.0,620.0,0.0
SP2605.SHF,20260410,4996.0,5052.0,5008.0,5054.0,4988.0,5010.0,5016.0,-42.0,-36.0,116303.0,583471.672,120169.0,-1122.0
SP2606.SHF,20260410,5048.0,5082.0,4998.0,5082.0,4998.0,5052.0,5052.0,-30.0,-30.0,188.0,950.062,693.0,17.0
SP2607.SHF,20260410,5040.0,5084.0,5040.0,5100.0,5032.0,5060.0,5062.0,-24.0,-22.0,36413.0,184331.652,149690.0,985.0
SP2608.SHF,20260410,5066.0,5126.0,5084.0,5116.0,5072.0,5114.0,5094.0,-12.0,-32.0,28.0,142.636,161.0,-1.0
SP2609.SHF,20260410,5088.0,5132.0,5090.0,5140.0,5082.0,5106.0,5108.0,-26.0,-24.0,48013.0,245343.294,140391.0,5116.0
SP2610.SHF,20260410,5132.0,5152.0,5120.0,5152.0,5104.0,5152.0,5136.0,0.0,-16.0,72.0,369.858,179.0,63.0
SP2611.SHF,20260410,5114.0,5152.0,5114.0,5162.0,5108.0,5136.0,5134.0,-16.0,-18.0,145.0,744.676,1156.0,76.0
SP2612.SHF,20260410,5168.0,5186.0,5158.0,5158.0,5150.0,5152.0,5152.0,-34.0,-34.0,4.0,20.612,267.0,0.0
SP2701.SHF,20260410,5348.0,5390.0,5348.0,5388.0,5338.0,5358.0,5364.0,-32.0,-26.0,533.0,2859.872,7436.0,165.0
SP2702.SHF,20260410,5392.0,5392.0,5370.0,5392.0,5370.0,5390.0,5384.0,-2.0,-8.0,3.0,16.152,15.0,-1.0
SP2703.SHF,20260410,5380.0,5388.0,5450.0,5450.0,5380.0,5388.0,5394.0,0.0,6.0,9.0,48.552,32.0,3.0
SR2605.ZCE,20260410,5298.0,5277.0,5277.0,5310.0,5277.0,5304.0,5296.0,27.0,19.0,59224.0,313635.62,152149.0,-10099.0
SR2607.ZCE,20260410,5317.0,5289.0,5301.0,5333.0,5299.0,5328.0,5315.0,39.0,26.0,60157.0,319760.3,100517.0,2874.0
SR2609.ZCE,20260410,5317.0,5288.0,5300.0,5329.0,5295.0,5325.0,5311.0,37.0,23.0,312932.0,1661987.97,489603.0,33987.0
SR2611.ZCE,20260410,5333.0,5296.0,5319.0,5340.0,5310.0,5336.0,5324.0,40.0,28.0,3193.0,16999.11,11317.0,257.0
SR2701.ZCE,20260410,5457.0,5425.0,5445.0,5461.0,5428.0,5458.0,5445.0,33.0,20.0,8696.0,47346.17,42725.0,1192.0
SR2703.ZCE,20260410,5461.0,5422.0,5450.0,5468.0,5436.0,5464.0,5452.0,42.0,30.0,58.0,316.23,576.0,10.0
SS2604.SHF,20260410,14240.0,14240.0,14455.0,14455.0,14455.0,14455.0,14455.0,215.0,215.0,12.0,86.73,5160.0,-12.0
SS2605.SHF,20260410,14290.0,14320.0,14305.0,14525.0,14305.0,14465.0,14435.0,145.0,115.0,121061.0,873979.9225,93058.0,3770.0
SS2606.SHF,20260410,14220.0,14240.0,14250.0,14445.0,14235.0,14400.0,14365.0,160.0,125.0,65708.0,471960.8425,82872.0,8102.0
SS2607.SHF,20260410,14135.0,14160.0,14175.0,14370.0,14150.0,14325.0,14285.0,165.0,125.0,8095.0,57837.725,18098.0,182.0
SS2608.SHF,20260410,14205.0,14215.0,14245.0,14410.0,14245.0,14355.0,14330.0,140.0,115.0,1777.0,12736.3825,4044.0,512.0
SS2609.SHF,20260410,14180.0,14225.0,14225.0,14415.0,14215.0,14365.0,14315.0,140.0,90.0,777.0,5562.065,2862.0,-48.0
SS2610.SHF,20260410,14185.0,14215.0,14260.0,14365.0,14250.0,14360.0,14325.0,145.0,110.0,28.0,200.6075,159.0,7.0
SS2611.SHF,20260410,14240.0,14280.0,14390.0,14390.0,14390.0,14390.0,14390.0,110.0,110.0,1.0,7.195,80.0,0.0
SS2612.SHF,20260410,14225.0,14250.0,14370.0,14410.0,14325.0,14410.0,14360.0,160.0,110.0,13.0,93.35,149.0,-4.0
SS2701.SHF,20260410,14270.0,14330.0,14365.0,14475.0,14365.0,14450.0,14405.0,120.0,75.0,12.0,86.4375,106.0,1.0
SS2702.SHF,20260410,14350.0,14350.0,14420.0,14500.0,14420.0,14450.0,14445.0,100.0,95.0,4.0,28.895,14.0,1.0
SS2703.SHF,20260410,14390.0,14380.0,14435.0,14560.0,14435.0,14445.0,14470.0,65.0,90.0,6.0,43.415,19.0,4.0
T2606.CFX,20260410,108.29,108.27,108.295,108.345,108.235,108.26,108.27,-0.01,0.0,96470.0,10446389.63,302927.0,5221.0
T2609.CFX,20260410,108.19,108.175,108.195,108.245,108.135,108.165,108.165,-0.01,-0.01,4607.0,498403.015,26654.0,1276.0
T2612.CFX,20260410,108.115,108.105,108.175,108.175,108.075,108.095,108.11,-0.01,0.005,114.0,12324.38,676.0,13.0
TA2604.ZCE,20260410,6522.0,6494.0,6470.0,6502.0,6248.0,6292.0,6310.0,-202.0,-184.0,1053.0,3321.52,50646.0,188.0
TA2605.ZCE,20260410,6524.0,6454.0,6562.0,6570.0,6228.0,6304.0,6370.0,-150.0,-84.0,817078.0,2601760.3,671788.0,-38254.0
TA2606.ZCE,20260410,6544.0,6482.0,6588.0,6588.0,6252.0,6320.0,6396.0,-162.0,-86.0,118162.0,377873.82,163568.0,11207.0
TA2607.ZCE,20260410,6530.0,6476.0,6564.0,6570.0,6238.0,6302.0,6354.0,-174.0,-122.0,172678.0,548476.9,236209.0,2967.0
TA2608.ZCE,20260410,6446.0,6398.0,6486.0,6490.0,6166.0,6218.0,6282.0,-180.0,-116.0,33199.0,104269.95,35228.0,3077.0
TA2609.ZCE,20260410,6342.0,6294.0,6382.0,6396.0,6078.0,6130.0,6200.0,-164.0,-94.0,466240.0,1445011.29,581866.0,20730.0
TA2610.ZCE,20260410,6242.0,6202.0,6280.0,6288.0,5996.0,6038.0,6112.0,-164.0,-90.0,12082.0,36924.26,4689.0,-101.0
TA2611.ZCE,20260410,6154.0,6120.0,6182.0,6198.0,5924.0,5964.0,6052.0,-156.0,-68.0,1173.0,3549.1,1252.0,32.0
TA2612.ZCE,20260410,6070.0,6022.0,6100.0,6112.0,5868.0,5898.0,5972.0,-124.0,-50.0,798.0,2383.0,1817.0,15.0
TA2701.ZCE,20260410,6012.0,5964.0,6050.0,6058.0,5806.0,5842.0,5918.0,-122.0,-46.0,55876.0,165298.58,66235.0,5101.0
TA2702.ZCE,20260410,5972.0,5926.0,5988.0,5988.0,5780.0,5808.0,5836.0,-118.0,-90.0,182.0,531.03,187.0,-40.0
TA2703.ZCE,20260410,5982.0,5928.0,6004.0,6004.0,5760.0,5778.0,5844.0,-150.0,-84.0,342.0,999.16,2503.0,145.0
TF2606.CFX,20260410,105.985,105.96,105.985,105.995,105.91,105.925,105.935,-0.035,-0.025,79027.0,8372572.66,178180.0,3895.0
TF2609.CFX,20260410,105.785,105.77,105.795,105.805,105.73,105.75,105.75,-0.02,-0.02,2993.0,316546.08,26141.0,275.0
TF2612.CFX,20260410,105.755,105.715,105.75,105.76,105.68,105.725,105.705,0.01,-0.01,206.0,21772.63,925.0,98.0
TL2606.CFX,20260410,112.13,112.15,112.12,112.41,112.1,112.37,112.32,0.22,0.17,89328.0,10029025.86,152018.0,6070.0
TL2609.CFX,20260410,111.82,111.83,111.82,112.09,111.79,112.07,112.0,0.24,0.17,7113.0,796398.08,29688.0,187.0
TL2612.CFX,20260410,111.7,111.72,111.65,112.01,111.65,112.01,111.9,0.29,0.18,198.0,22152.54,929.0,14.0
TS2606.CFX,20260410,102.492,102.48,102.496,102.504,102.458,102.482,102.482,0.002,0.002,52685.0,10798422.924,75519.0,1003.0
TS2609.CFX,20260410,102.47,102.46,102.476,102.48,102.44,102.46,102.462,0.0,0.002,860.0,176232.444,5034.0,-44.0
TS2612.CFX,20260410,102.462,102.466,102.476,102.478,102.45,102.458,102.46,-0.008,-0.006,335.0,68652.696,418.0,-3.0
UR2604.ZCE,20260410,1824.0,1824.0,1827.0,1829.0,1815.0,1817.0,1818.0,-7.0,-6.0,174.0,632.72,1553.0,85.0
UR2605.ZCE,20260410,1837.0,1839.0,1836.0,1846.0,1824.0,1829.0,1833.0,-10.0,-6.0,84376.0,309395.62,141717.0,-2038.0
UR2606.ZCE,20260410,1846.0,1845.0,1845.0,1854.0,1832.0,1837.0,1841.0,-8.0,-4.0,9708.0,35748.06,39955.0,206.0
UR2607.ZCE,20260410,1887.0,1885.0,1885.0,1899.0,1882.0,1888.0,1890.0,3.0,5.0,17826.0,67373.14,73416.0,-168.0
UR2608.ZCE,20260410,1881.0,1878.0,1880.0,1889.0,1875.0,1880.0,1882.0,2.0,4.0,6189.0,23292.2,26171.0,-850.0
UR2609.ZCE,20260410,1877.0,1875.0,1877.0,1885.0,1869.0,1876.0,1876.0,1.0,1.0,45763.0,171711.16,100318.0,7858.0
UR2610.ZCE,20260410,1859.0,1860.0,1860.0,1870.0,1857.0,1858.0,1861.0,-2.0,1.0,124.0,461.55,905.0,3.0
UR2611.ZCE,20260410,1871.0,1872.0,1872.0,1894.0,1872.0,1874.0,1877.0,2.0,5.0,176.0,660.54,821.0,-105.0
UR2612.ZCE,20260410,1872.0,1872.0,1870.0,1890.0,1868.0,1868.0,1871.0,-4.0,-1.0,37.0,138.49,330.0,-16.0
UR2701.ZCE,20260410,1865.0,1864.0,1863.0,1870.0,1858.0,1861.0,1864.0,-3.0,0.0,1628.0,6067.63,10236.0,765.0
UR2702.ZCE,20260410,1861.0,1862.0,1863.0,1865.0,1859.0,1860.0,1862.0,-2.0,0.0,13.0,48.42,386.0,2.0
UR2703.ZCE,20260410,1912.0,1911.0,1913.0,1914.0,1901.0,1906.0,1908.0,-5.0,-3.0,20.0,76.3,99.0,0.0
V2604.DCE,20260410,5355.0,5355.0,5015.0,5015.0,4902.0,4902.0,4955.0,-453.0,-400.0,2375.0,5884.99,31294.0,-981.0
V2605.DCE,20260410,5093.0,5149.0,5098.0,5111.0,4929.0,4952.0,4992.0,-197.0,-157.0,1012997.0,2528851.53,532268.0,-33762.0
V2605F.DCE,20260410,5115.0,5202.0,5123.0,5150.0,5025.0,5063.0,5090.0,-139.0,-112.0,8144.0,20617.74,4528.0,-918.0
V2606.DCE,20260410,5129.0,5184.0,5142.0,5142.0,4964.0,4984.0,5023.0,-200.0,-161.0,13623.0,34217.36,110574.0,1779.0
V2606F.DCE,20260410,5127.0,5184.0,5135.0,5135.0,4966.0,4992.0,5023.0,-192.0,-161.0,1952.0,4906.46,3540.0,165.0
V2607.DCE,20260410,5161.0,5215.0,5198.0,5198.0,4994.0,5013.0,5055.0,-202.0,-160.0,38031.0,96123.35,104754.0,1039.0
V2607F.DCE,20260410,5168.0,5215.0,5121.0,5130.0,4996.0,5030.0,5055.0,-185.0,-160.0,1000.0,2529.52,1542.0,57.0
V2608.DCE,20260410,5188.0,5249.0,5205.0,5205.0,5021.0,5045.0,5089.0,-204.0,-160.0,10409.0,26488.53,61516.0,-1027.0
V2608F.DCE,20260410,5195.0,5249.0,5147.0,5159.0,5031.0,5058.0,5089.0,-191.0,-160.0,312.0,793.94,1300.0,79.0
V2609.DCE,20260410,5214.0,5269.0,5226.0,5227.0,5044.0,5067.0,5109.0,-202.0,-160.0,832036.0,2125685.35,556786.0,41854.0
V2609F.DCE,20260410,5221.0,5269.0,5184.0,5191.0,5051.0,5066.0,5109.0,-203.0,-160.0,1593.0,4062.85,2020.0,139.0
V2610.DCE,20260410,5237.0,5295.0,5253.0,5253.0,5066.0,5089.0,5131.0,-206.0,-164.0,7632.0,19581.26,7359.0,870.0
V2610F.DCE,20260410,5244.0,5295.0,5205.0,5205.0,5076.0,5104.0,5131.0,-191.0,-164.0,88.0,225.35,319.0,67.0
V2611.DCE,20260410,5260.0,5315.0,5260.0,5260.0,5092.0,5118.0,5160.0,-197.0,-155.0,259.0,668.33,1461.0,29.0
V2612.DCE,20260410,5288.0,5321.0,5288.0,5288.0,5120.0,5142.0,5177.0,-179.0,-144.0,506.0,1309.88,1951.0,163.0
V2701.DCE,20260410,5297.0,5354.0,5303.0,5314.0,5130.0,5152.0,5195.0,-202.0,-159.0,71457.0,185627.13,98202.0,4595.0
V2702.DCE,20260410,5315.0,5380.0,5286.0,5289.0,5144.0,5179.0,5227.0,-201.0,-153.0,235.0,614.21,416.0,-14.0
V2703.DCE,20260410,5326.0,5395.0,5300.0,5300.0,5156.0,5194.0,5229.0,-201.0,-166.0,132.0,345.14,243.0,32.0
WH2605.ZCE,20260410,3198.0,3198.0,0.0,0.0,0.0,3198.0,3198.0,0.0,0.0,0.0,0.0,0.0,0.0
WH2607.ZCE,20260410,3198.0,3198.0,0.0,0.0,0.0,3198.0,3198.0,0.0,0.0,0.0,0.0,0.0,0.0
WH2609.ZCE,20260410,3198.0,3198.0,0.0,0.0,0.0,3198.0,3198.0,0.0,0.0,0.0,0.0,0.0,0.0
WH2611.ZCE,20260410,3198.0,3198.0,0.0,0.0,0.0,3198.0,3198.0,0.0,0.0,0.0,0.0,0.0,0.0
WH2701.ZCE,20260410,3198.0,3198.0,0.0,0.0,0.0,3198.0,3198.0,0.0,0.0,0.0,0.0,0.0,0.0
WH2703.ZCE,20260410,3198.0,3198.0,0.0,0.0,0.0,3198.0,3198.0,0.0,0.0,0.0,0.0,0.0,0.0
WR2604.SHF,20260410,3340.0,3340.0,,,,3340.0,3340.0,0.0,0.0,0.0,0.0,0.0,0.0
WR2605.SHF,20260410,3265.0,3271.0,3250.0,3274.0,3248.0,3248.0,3258.0,-23.0,-13.0,43.0,140.099,183.0,11.0
WR2606.SHF,20260410,3369.0,3369.0,,,,3359.0,3359.0,-10.0,-10.0,0.0,0.0,2.0,0.0
WR2607.SHF,20260410,3261.0,3243.0,3259.0,3260.0,3259.0,3260.0,3259.0,17.0,16.0,3.0,9.779,24.0,-2.0
WR2608.SHF,20260410,3364.0,3364.0,,,,3364.0,3364.0,0.0,0.0,0.0,0.0,1.0,0.0
WR2609.SHF,20260410,3323.0,3323.0,,,,3323.0,3323.0,0.0,0.0,0.0,0.0,15.0,0.0
WR2610.SHF,20260410,3408.0,3408.0,,,,3408.0,3408.0,0.0,0.0,0.0,0.0,0.0,0.0
WR2611.SHF,20260410,3417.0,3417.0,,,,3417.0,3417.0,0.0,0.0,0.0,0.0,0.0,0.0
WR2612.SHF,20260410,3391.0,3391.0,,,,3391.0,3391.0,0.0,0.0,0.0,0.0,1.0,0.0
WR2701.SHF,20260410,3401.0,3401.0,,,,3401.0,3401.0,0.0,0.0,0.0,0.0,10.0,0.0
WR2702.SHF,20260410,3383.0,3383.0,,,,3383.0,3383.0,0.0,0.0,0.0,0.0,3.0,0.0
WR2703.SHF,20260410,3438.0,3438.0,,,,3438.0,3438.0,0.0,0.0,0.0,0.0,0.0,0.0
Y2605.DCE,20260410,8508.0,8482.0,8530.0,8564.0,8512.0,8515.0,8531.0,33.0,49.0,62323.0,531696.55,226085.0,-16223.0
Y2607.DCE,20260410,8478.0,8452.0,8488.0,8534.0,8472.0,8480.0,8497.0,28.0,45.0,15724.0,133611.21,73200.0,1555.0
Y2608.DCE,20260410,8526.0,8498.0,8546.0,8578.0,8528.0,8531.0,8547.0,33.0,49.0,1861.0,15906.04,42344.0,401.0
Y2609.DCE,20260410,8496.0,8472.0,8522.0,8552.0,8501.0,8506.0,8520.0,34.0,48.0,263164.0,2242172.39,564867.0,9567.0
Y2611.DCE,20260410,8468.0,8460.0,8478.0,8520.0,8477.0,8482.0,8492.0,22.0,32.0,1522.0,12925.34,33467.0,507.0
Y2612.DCE,20260410,8466.0,8448.0,8480.0,8510.0,8470.0,8470.0,8486.0,22.0,38.0,786.0,6670.78,22566.0,227.0
Y2701.DCE,20260410,8428.0,8404.0,8442.0,8475.0,8431.0,8434.0,8449.0,30.0,45.0,2587.0,21857.86,19588.0,-7.0
Y2703.DCE,20260410,8390.0,8374.0,8412.0,8442.0,8396.0,8401.0,8414.0,27.0,40.0,1352.0,11377.07,8829.0,716.0
ZC2605.ZCE,20260410,801.4,801.4,0.0,0.0,0.0,801.4,801.4,0.0,0.0,0.0,0.0,0.0,0.0
ZC2606.ZCE,20260410,801.4,801.4,0.0,0.0,0.0,801.4,801.4,0.0,0.0,0.0,0.0,0.0,0.0
ZC2607.ZCE,20260410,801.4,801.4,0.0,0.0,0.0,801.4,801.4,0.0,0.0,0.0,0.0,0.0,0.0
ZC2608.ZCE,20260410,801.4,801.4,0.0,0.0,0.0,801.4,801.4,0.0,0.0,0.0,0.0,0.0,0.0
ZC2609.ZCE,20260410,801.4,801.4,0.0,0.0,0.0,801.4,801.4,0.0,0.0,0.0,0.0,0.0,0.0
ZC2610.ZCE,20260410,801.4,801.4,0.0,0.0,0.0,801.4,801.4,0.0,0.0,0.0,0.0,0.0,0.0
ZC2611.ZCE,20260410,801.4,801.4,0.0,0.0,0.0,801.4,801.4,0.0,0.0,0.0,0.0,0.0,0.0
ZC2612.ZCE,20260410,801.4,801.4,0.0,0.0,0.0,801.4,801.4,0.0,0.0,0.0,0.0,0.0,0.0
ZC2701.ZCE,20260410,801.4,801.4,0.0,0.0,0.0,801.4,801.4,0.0,0.0,0.0,0.0,0.0,0.0
ZC2702.ZCE,20260410,801.4,801.4,0.0,0.0,0.0,801.4,801.4,0.0,0.0,0.0,0.0,0.0,0.0
ZC2703.ZCE,20260410,801.4,801.4,0.0,0.0,0.0,801.4,801.4,0.0,0.0,0.0,0.0,0.0,0.0
ZC2704.ZCE,20260410,801.4,801.4,0.0,0.0,0.0,801.4,801.4,0.0,0.0,0.0,0.0,0.0,0.0
ZN2604.SHF,20260410,23710.0,23705.0,23700.0,23770.0,23540.0,23545.0,23685.0,-160.0,-20.0,1540.0,18241.0,5675.0,-765.0
ZN2605.SHF,20260410,23765.0,23780.0,23765.0,23860.0,23590.0,23615.0,23725.0,-165.0,-55.0,75435.0,894904.5125,76609.0,-759.0
ZN2606.SHF,20260410,23810.0,23825.0,23820.0,23915.0,23630.0,23665.0,23765.0,-160.0,-60.0,38607.0,458809.5275,56609.0,2.0
ZN2607.SHF,20260410,23845.0,23840.0,23835.0,23935.0,23660.0,23680.0,23785.0,-160.0,-55.0,9531.0,113360.8025,16211.0,1835.0
ZN2608.SHF,20260410,23830.0,23840.0,23840.0,23935.0,23675.0,23720.0,23775.0,-120.0,-65.0,1181.0,14042.0125,3141.0,435.0
ZN2609.SHF,20260410,23855.0,23850.0,23800.0,23930.0,23670.0,23690.0,23770.0,-160.0,-80.0,742.0,8818.7875,4124.0,149.0
ZN2610.SHF,20260410,23790.0,23875.0,23925.0,23925.0,23665.0,23700.0,23735.0,-175.0,-140.0,105.0,1246.22,718.0,13.0
ZN2611.SHF,20260410,23880.0,23855.0,23840.0,23915.0,23725.0,23740.0,23840.0,-115.0,-15.0,13.0,154.9675,184.0,-1.0
ZN2612.SHF,20260410,23870.0,23810.0,23820.0,23895.0,23675.0,23675.0,23775.0,-135.0,-35.0,16.0,190.2125,207.0,-4.0
ZN2701.SHF,20260410,23865.0,23820.0,23795.0,23910.0,23690.0,23690.0,23845.0,-130.0,25.0,22.0,262.315,94.0,-5.0
ZN2702.SHF,20260410,23725.0,23740.0,23935.0,23935.0,23705.0,23705.0,23835.0,-35.0,95.0,8.0,95.345,46.0,0.0
ZN2703.SHF,20260410,23870.0,23600.0,23820.0,23925.0,23730.0,23730.0,23860.0,130.0,260.0,23.0,274.39,54.0,12.0
