ts_code,trade_date,pre_close,pre_settle,open,high,low,close,settle,change1,change2,vol,amount,oi,oi_chg
A.DCE,20260113,4356.0,4349.0,4364.0,4386.0,4328.0,4329.0,4354.0,-20.0,5.0,158094.0,688377.64,255946.0,
A2601.DCE,20260113,4333.0,4333.0,,,,4333.0,4333.0,0.0,0.0,0.0,0.0,21.0,-9.0
A2603.DCE,20260113,4313.0,4307.0,4319.0,4340.0,4289.0,4295.0,4314.0,-12.0,7.0,25143.0,108473.23,55999.0,-684.0
A2605.DCE,20260113,4356.0,4349.0,4364.0,4386.0,4328.0,4329.0,4354.0,-20.0,5.0,158094.0,688377.64,255946.0,-9446.0
A2607.DCE,20260113,4368.0,4362.0,4374.0,4397.0,4340.0,4343.0,4366.0,-19.0,4.0,18158.0,79285.02,39360.0,1213.0
A2609.DCE,20260113,4379.0,4368.0,4387.0,4408.0,4355.0,4358.0,4375.0,-10.0,7.0,4476.0,19584.55,13846.0,890.0
A2611.DCE,20260113,4386.0,4380.0,4391.0,4414.0,4361.0,4363.0,4384.0,-17.0,4.0,3055.0,13394.02,10947.0,-75.0
AD.SHF,20260113,23340.0,23205.0,23400.0,23940.0,23010.0,23165.0,23430.0,-40.0,225.0,27925.0,654290.96,22099.0,
AD2601.SHF,20260113,23050.0,23125.0,,,,23125.0,23125.0,0.0,0.0,0.0,0.0,750.0,0.0
AD2602.SHF,20260113,23265.0,23115.0,23385.0,23855.0,22965.0,23125.0,23305.0,10.0,190.0,2294.0,53466.9,3165.0,-126.0
AD2603.SHF,20260113,23340.0,23205.0,23400.0,23940.0,23010.0,23165.0,23430.0,-40.0,225.0,27925.0,654290.96,22099.0,109.0
AD2604.SHF,20260113,23320.0,23245.0,23855.0,23980.0,23075.0,23225.0,23525.0,-20.0,280.0,499.0,11740.67,852.0,16.0
AD2605.SHF,20260113,23350.0,23235.0,23380.0,24010.0,23100.0,23165.0,23575.0,-70.0,340.0,541.0,12756.28,646.0,-11.0
AD2606.SHF,20260113,23410.0,23310.0,,,,23310.0,23310.0,0.0,0.0,0.0,0.0,12.0,0.0
AD2607.SHF,20260113,23245.0,23385.0,24080.0,24080.0,23760.0,23760.0,23920.0,375.0,535.0,2.0,47.84,4.0,-1.0
AD2608.SHF,20260113,23470.0,23470.0,23975.0,23980.0,23525.0,23525.0,23775.0,55.0,305.0,6.0,142.67,25.0,2.0
AD2609.SHF,20260113,23215.0,23215.0,23140.0,23140.0,23140.0,23140.0,23140.0,-75.0,-75.0,2.0,46.28,8.0,0.0
AD2610.SHF,20260113,23400.0,23615.0,24330.0,24330.0,23210.0,23210.0,23575.0,-405.0,-40.0,10.0,235.78,9.0,-2.0
AD2611.SHF,20260113,23215.0,23215.0,23965.0,23965.0,23465.0,23650.0,23735.0,435.0,520.0,6.0,142.41,2.0,0.0
AD2612.SHF,20260113,23620.0,23490.0,23950.0,23950.0,23670.0,23670.0,23760.0,180.0,270.0,3.0,71.29,6.0,-1.0
ADL.SHF,20260113,23050.0,23125.0,,,,23125.0,23125.0,0.0,0.0,0.0,0.0,750.0,
AG.SHF,20260113,20945.0,19834.0,20900.0,21518.0,20600.0,21004.0,21071.0,1170.0,1237.0,1141819.0,36089356.33,334660.0,
AG2601.SHF,20260113,21069.0,20613.0,21415.0,21598.0,21048.0,21202.0,21192.0,589.0,579.0,152.0,4831.81,1370.0,-104.0
AG2602.SHF,20260113,20957.0,19879.0,20866.0,21550.0,20617.0,21030.0,21084.0,1151.0,1205.0,136532.0,4318031.27,72853.0,-7320.0
AG2603.SHF,20260113,20952.0,19899.0,20827.0,21510.0,20620.0,21013.0,21090.0,1114.0,1191.0,43801.0,1385671.96,18511.0,-253.0
AG2604.SHF,20260113,20945.0,19834.0,20900.0,21518.0,20600.0,21004.0,21071.0,1170.0,1237.0,1141819.0,36089356.33,334660.0,8931.0
AG2605.SHF,20260113,20883.0,19759.0,20850.0,21479.0,20561.0,20985.0,21071.0,1226.0,1312.0,289004.0,9134493.17,25336.0,160.0
AG2606.SHF,20260113,20857.0,19771.0,20828.0,21476.0,20561.0,20976.0,21045.0,1205.0,1274.0,515332.0,16267847.28,130310.0,785.0
AG2607.SHF,20260113,20800.0,19828.0,20800.0,21441.0,20521.0,20954.0,21007.0,1126.0,1179.0,16977.0,534977.14,16905.0,-20.0
AG2608.SHF,20260113,20858.0,19811.0,20816.0,21450.0,20554.0,20950.0,21033.0,1139.0,1222.0,156835.0,4948152.98,45518.0,-623.0
AG2609.SHF,20260113,20803.0,19862.0,20793.0,21433.0,20555.0,20914.0,21019.0,1052.0,1157.0,23112.0,728694.84,15276.0,1354.0
AG2610.SHF,20260113,20799.0,19931.0,20890.0,21439.0,20550.0,20935.0,21020.0,1004.0,1089.0,32618.0,1028462.97,27858.0,417.0
AG2611.SHF,20260113,20888.0,19951.0,20879.0,21453.0,20565.0,20933.0,21020.0,982.0,1069.0,10836.0,341671.9,13478.0,23.0
AG2612.SHF,20260113,20826.0,19959.0,20954.0,21473.0,20563.0,20910.0,21036.0,951.0,1077.0,15618.0,492817.74,16259.0,204.0
AGL.SHF,20260113,21069.0,20613.0,21415.0,21598.0,21048.0,21202.0,21192.0,589.0,579.0,152.0,4831.81,1370.0,
AL.DCE,20260113,4333.0,4333.0,,,,4333.0,4333.0,0.0,0.0,0.0,0.0,21.0,
AL.SHF,20260113,24650.0,24585.0,24750.0,25075.0,24260.0,24375.0,24610.0,-210.0,25.0,825553.0,10158961.28,370981.0,
AL2601.SHF,20260113,24565.0,24465.0,24150.0,24895.0,24150.0,24295.0,24410.0,-170.0,-55.0,5750.0,70180.53,13375.0,-1195.0
AL2602.SHF,20260113,24575.0,24520.0,24635.0,25005.0,24220.0,24305.0,24545.0,-215.0,25.0,291834.0,3582066.96,152911.0,-19753.0
AL2603.SHF,20260113,24650.0,24585.0,24750.0,25075.0,24260.0,24375.0,24610.0,-210.0,25.0,825553.0,10158961.28,370981.0,-8100.0
AL2604.SHF,20260113,24670.0,24630.0,24770.0,25090.0,24300.0,24420.0,24625.0,-210.0,-5.0,143470.0,1766760.64,110895.0,3092.0
AL2605.SHF,20260113,24720.0,24670.0,24750.0,25120.0,24310.0,24465.0,24670.0,-205.0,0.0,100903.0,1244772.58,73092.0,2160.0
AL2606.SHF,20260113,24735.0,24695.0,24745.0,25120.0,24360.0,24495.0,24700.0,-200.0,5.0,33430.0,412930.18,24544.0,1431.0
AL2607.SHF,20260113,24710.0,24695.0,24820.0,25080.0,24350.0,24465.0,24700.0,-230.0,5.0,6757.0,83452.68,7582.0,469.0
AL2608.SHF,20260113,24710.0,24685.0,24820.0,25060.0,24340.0,24490.0,24680.0,-195.0,-5.0,3994.0,49289.86,5235.0,426.0
AL2609.SHF,20260113,24750.0,24685.0,24955.0,25070.0,24340.0,24500.0,24710.0,-185.0,25.0,4242.0,52414.18,4090.0,325.0
AL2610.SHF,20260113,24730.0,24700.0,24960.0,25075.0,24380.0,24495.0,24685.0,-205.0,-15.0,2194.0,27084.52,3571.0,84.0
AL2611.SHF,20260113,24740.0,24750.0,24740.0,25060.0,24375.0,24525.0,24790.0,-225.0,40.0,1934.0,23974.26,1673.0,150.0
AL2612.SHF,20260113,24735.0,24705.0,25000.0,25040.0,24405.0,24530.0,24710.0,-175.0,5.0,2261.0,27937.04,2926.0,247.0
ALL.SHF,20260113,24565.0,24465.0,24150.0,24895.0,24150.0,24295.0,24410.0,-170.0,-55.0,5750.0,70180.53,13375.0,
AO.SHF,20260113,2866.0,2839.0,2869.0,2875.0,2756.0,2780.0,2808.0,-59.0,-31.0,964869.0,5419602.73,553364.0,
AO2601.SHF,20260113,2625.0,2613.0,2553.0,2580.0,2533.0,2533.0,2555.0,-80.0,-58.0,45.0,229.98,3255.0,0.0
AO2602.SHF,20260113,2717.0,2695.0,2708.0,2720.0,2616.0,2642.0,2664.0,-53.0,-31.0,38117.0,203092.28,47687.0,-7652.0
AO2603.SHF,20260113,2822.0,2800.0,2822.0,2829.0,2714.0,2746.0,2767.0,-54.0,-33.0,32803.0,181565.06,79616.0,-5944.0
AO2604.SHF,20260113,2845.0,2817.0,2840.0,2854.0,2740.0,2767.0,2792.0,-50.0,-25.0,6744.0,37660.39,33005.0,-566.0
AO2605.SHF,20260113,2866.0,2839.0,2869.0,2875.0,2756.0,2780.0,2808.0,-59.0,-31.0,964869.0,5419602.73,553364.0,7569.0
AO2606.SHF,20260113,2881.0,2856.0,2875.0,2896.0,2775.0,2796.0,2826.0,-60.0,-30.0,4970.0,28092.49,17433.0,1966.0
AO2607.SHF,20260113,2900.0,2877.0,2904.0,2908.0,2798.0,2816.0,2843.0,-61.0,-34.0,1674.0,9521.21,4880.0,295.0
AO2608.SHF,20260113,2915.0,2898.0,2901.0,2967.0,2818.0,2845.0,2873.0,-53.0,-25.0,454.0,2609.2,1329.0,-70.0
AO2609.SHF,20260113,2939.0,2918.0,2938.0,2951.0,2836.0,2861.0,2884.0,-57.0,-34.0,20841.0,120229.76,39998.0,1981.0
AO2610.SHF,20260113,2961.0,2934.0,2957.0,2962.0,2858.0,2877.0,2914.0,-57.0,-20.0,393.0,2290.69,783.0,84.0
AO2611.SHF,20260113,2985.0,2939.0,2967.0,2967.0,2885.0,2899.0,2921.0,-40.0,-18.0,221.0,1291.25,620.0,-39.0
AO2612.SHF,20260113,3005.0,2986.0,3029.0,3042.0,2905.0,2925.0,2961.0,-61.0,-25.0,294.0,1741.58,499.0,38.0
AOL.SHF,20260113,2625.0,2613.0,2553.0,2580.0,2533.0,2533.0,2555.0,-80.0,-58.0,45.0,229.98,3255.0,
AP.ZCE,20260113,9630.0,9637.0,9639.0,9892.0,9590.0,9779.0,9755.0,142.0,118.0,153672.0,1499065.15,139730.0,
AP2601.ZCE,20260113,9978.0,9978.0,,,,9978.0,9978.0,0.0,0.0,0.0,0.0,70.0,-2.0
AP2603.ZCE,20260113,9745.0,9732.0,9769.0,10012.0,9730.0,9883.0,9875.0,151.0,143.0,3660.0,36140.76,3940.0,298.0
AP2604.ZCE,20260113,9651.0,9635.0,9669.0,9871.0,9625.0,9776.0,9752.0,141.0,117.0,222.0,2165.02,996.0,34.0
AP2605.ZCE,20260113,9630.0,9637.0,9639.0,9892.0,9590.0,9779.0,9755.0,142.0,118.0,153672.0,1499065.15,139730.0,10729.0
AP2610.ZCE,20260113,8481.0,8464.0,8479.0,8644.0,8445.0,8550.0,8553.0,86.0,89.0,1690.0,14454.96,6529.0,429.0
AP2611.ZCE,20260113,8299.0,8267.0,8285.0,8450.0,8285.0,8337.0,8364.0,70.0,97.0,36.0,301.12,207.0,2.0
AP2612.ZCE,20260113,8333.0,8283.0,8361.0,8477.0,8324.0,8341.0,8382.0,58.0,99.0,20.0,167.64,60.0,6.0
APL.ZCE,20260113,9978.0,9978.0,,,,9978.0,9978.0,0.0,0.0,0.0,0.0,70.0,
AU.SHF,20260113,1026.28,1016.9,1026.86,1035.34,1025.1,1027.18,1029.58,10.28,12.68,197421.0,20326458.28,103633.0,
AU2601.SHF,20260113,1022.0,993.64,,,,993.64,993.64,0.0,0.0,0.0,0.0,1536.0,0.0
AU2602.SHF,20260113,1026.28,1016.9,1026.86,1035.34,1025.1,1027.18,1029.58,10.28,12.68,197421.0,20326458.28,103633.0,-12817.0
AU2603.SHF,20260113,1027.54,1019.98,1028.56,1036.66,1026.62,1028.64,1030.8,8.66,10.82,1534.0,158127.67,1185.0,99.0
AU2604.SHF,20260113,1028.9,1020.54,1031.32,1038.3,1028.04,1030.44,1032.52,9.9,11.98,130801.0,13505568.8,144219.0,13684.0
AU2606.SHF,20260113,1031.26,1022.96,1033.9,1040.68,1030.54,1032.62,1034.72,9.66,11.76,27949.0,2891985.27,58834.0,1787.0
AU2608.SHF,20260113,1034.2,1026.96,1035.76,1043.6,1033.52,1035.56,1038.22,8.6,11.26,6752.0,701011.96,11059.0,154.0
AU2610.SHF,20260113,1036.6,1029.48,1038.44,1046.14,1036.0,1038.4,1040.16,8.92,10.68,4001.0,416170.26,9663.0,-35.0
AU2612.SHF,20260113,1039.1,1035.2,1040.66,1048.8,1038.0,1041.1,1042.8,5.9,7.6,2334.0,243391.41,6383.0,231.0
AUL.SHF,20260113,1022.0,993.64,,,,993.64,993.64,0.0,0.0,0.0,0.0,1536.0,
B.DCE,20260113,3522.0,3514.0,3530.0,3539.0,3486.0,3492.0,3511.0,-22.0,-3.0,130483.0,458164.03,200501.0,
B2601.DCE,20260113,3975.0,3975.0,,,,3975.0,3975.0,0.0,0.0,0.0,0.0,1800.0,0.0
B2602.DCE,20260113,3804.0,3778.0,3816.0,3827.0,3782.0,3790.0,3801.0,12.0,23.0,7843.0,29814.6,15582.0,89.0
B2603.DCE,20260113,3798.0,3775.0,3808.0,3832.0,3788.0,3796.0,3808.0,21.0,33.0,26263.0,100033.69,57483.0,3748.0
B2604.DCE,20260113,3615.0,3602.0,3620.0,3635.0,3582.0,3585.0,3606.0,-17.0,4.0,8845.0,31897.02,36298.0,4192.0
B2605.DCE,20260113,3522.0,3514.0,3530.0,3539.0,3486.0,3492.0,3511.0,-22.0,-3.0,130483.0,458164.03,200501.0,-1055.0
B2606.DCE,20260113,3454.0,3449.0,3462.0,3469.0,3421.0,3427.0,3447.0,-22.0,-2.0,3381.0,11655.62,19575.0,704.0
B2607.DCE,20260113,3449.0,3442.0,3453.0,3464.0,3419.0,3424.0,3439.0,-18.0,-3.0,895.0,3078.11,5141.0,-8.0
B2608.DCE,20260113,3543.0,3537.0,3546.0,3555.0,3512.0,3513.0,3537.0,-24.0,0.0,46.0,162.74,239.0,19.0
B2609.DCE,20260113,3572.0,3564.0,3579.0,3592.0,3544.0,3550.0,3566.0,-14.0,2.0,931.0,3320.37,5121.0,75.0
B2610.DCE,20260113,3598.0,3596.0,3602.0,3615.0,3584.0,3584.0,3602.0,-12.0,6.0,13.0,46.84,127.0,-1.0
B2611.DCE,20260113,3596.0,3596.0,3582.0,3582.0,3582.0,3582.0,3582.0,-14.0,-14.0,1.0,3.58,48.0,1.0
B2612.DCE,20260113,3627.0,3622.0,3632.0,3632.0,3619.0,3619.0,3623.0,-3.0,1.0,3.0,10.87,21.0,1.0
BB.DCE,20260113,148.4,148.4,148.7,148.8,148.45,148.7,148.65,0.3,0.25,4.0,29.73,94.0,
BB2601.DCE,20260113,146.0,146.0,,,,146.0,146.0,0.0,0.0,0.0,0.0,1.0,0.0
BB2603.DCE,20260113,148.4,148.4,148.7,148.8,148.45,148.7,148.65,0.3,0.25,4.0,29.73,94.0,1.0
BB2605.DCE,20260113,147.75,147.85,,,,147.85,147.85,0.0,0.0,0.0,0.0,37.0,0.0
BB2607.DCE,20260113,146.15,146.45,146.35,146.35,146.35,146.35,146.35,-0.1,-0.1,1.0,7.32,21.0,0.0
BB2609.DCE,20260113,148.15,148.2,148.25,148.25,148.25,148.25,148.25,0.05,0.05,1.0,7.41,22.0,-1.0
BB2611.DCE,20260113,149.4,149.4,,,,149.45,149.45,0.05,0.05,0.0,0.0,0.0,0.0
BBL.DCE,20260113,146.0,146.0,,,,146.0,146.0,0.0,0.0,0.0,0.0,1.0,
BC.INE,20260113,92330.0,91420.0,92680.0,93300.0,90650.0,91110.0,91780.0,-310.0,360.0,12392.0,568729.83,7360.0,
BC2601.INE,20260113,90760.0,90760.0,,,,90760.0,90760.0,0.0,0.0,0.0,0.0,1940.0,0.0
BC2602.INE,20260113,92330.0,91420.0,92680.0,93300.0,90650.0,91110.0,91780.0,-310.0,360.0,12392.0,568729.83,7360.0,-111.0
BC2603.INE,20260113,92300.0,91680.0,92720.0,93290.0,90710.0,91020.0,91850.0,-660.0,170.0,865.0,39727.05,2507.0,35.0
BC2604.INE,20260113,91790.0,91750.0,92880.0,92960.0,91930.0,91990.0,92430.0,240.0,680.0,6.0,277.29,17.0,-1.0
BC2605.INE,20260113,92380.0,91650.0,92930.0,92930.0,91350.0,91510.0,91770.0,-140.0,120.0,11.0,504.75,24.0,1.0
BC2606.INE,20260113,90330.0,90330.0,91480.0,91480.0,91480.0,91480.0,91480.0,1150.0,1150.0,1.0,45.74,15.0,0.0
BC2607.INE,20260113,90950.0,90950.0,,,,90950.0,90950.0,0.0,0.0,0.0,0.0,4.0,0.0
BC2608.INE,20260113,91670.0,91670.0,,,,91670.0,91670.0,0.0,0.0,0.0,0.0,0.0,0.0
BC2609.INE,20260113,91500.0,91500.0,,,,91500.0,91500.0,0.0,0.0,0.0,0.0,1.0,0.0
BC2610.INE,20260113,91510.0,91510.0,,,,91510.0,91510.0,0.0,0.0,0.0,0.0,0.0,0.0
BC2611.INE,20260113,91140.0,91140.0,,,,91140.0,91140.0,0.0,0.0,0.0,0.0,0.0,0.0
BC2612.INE,20260113,91420.0,91420.0,,,,91420.0,91420.0,0.0,0.0,0.0,0.0,0.0,0.0
BCL.INE,20260113,90760.0,90760.0,,,,90760.0,90760.0,0.0,0.0,0.0,0.0,1940.0,
BL.DCE,20260113,3975.0,3975.0,,,,3975.0,3975.0,0.0,0.0,0.0,0.0,1800.0,
BR.SHF,20260113,12070.0,11975.0,12170.0,12210.0,11945.0,12000.0,12045.0,25.0,70.0,130171.0,784133.6,95318.0,
BR2601.SHF,20260113,11760.0,11855.0,11915.0,12040.0,11905.0,11905.0,11950.0,50.0,95.0,48.0,286.91,1206.0,-6.0
BR2602.SHF,20260113,12070.0,11920.0,12090.0,12170.0,11900.0,11935.0,12000.0,15.0,80.0,44961.0,269815.42,18882.0,-3860.0
BR2603.SHF,20260113,12105.0,11975.0,12170.0,12210.0,11945.0,12000.0,12045.0,25.0,70.0,130171.0,784133.6,95318.0,3387.0
BR2604.SHF,20260113,12135.0,11980.0,12090.0,12220.0,11955.0,12020.0,12065.0,40.0,85.0,5187.0,31300.94,17441.0,1066.0
BR2605.SHF,20260113,12130.0,11980.0,12155.0,12220.0,11980.0,12015.0,12080.0,35.0,100.0,14677.0,88654.61,12233.0,-242.0
BR2606.SHF,20260113,12145.0,11925.0,12175.0,12180.0,11950.0,11950.0,12015.0,25.0,90.0,138.0,829.2,310.0,71.0
BR2607.SHF,20260113,12150.0,12075.0,12175.0,12180.0,12100.0,12100.0,12130.0,25.0,55.0,21.0,127.4,200.0,-3.0
BR2608.SHF,20260113,11915.0,11915.0,12160.0,12160.0,12080.0,12080.0,12145.0,165.0,230.0,6.0,36.44,56.0,-2.0
BR2609.SHF,20260113,12145.0,12020.0,12140.0,12180.0,12050.0,12055.0,12120.0,35.0,100.0,8.0,48.49,79.0,-2.0
BR2610.SHF,20260113,12145.0,12145.0,,,,12145.0,12145.0,0.0,0.0,0.0,0.0,59.0,0.0
BR2611.SHF,20260113,11945.0,11990.0,,,,12090.0,12090.0,100.0,100.0,0.0,0.0,21.0,0.0
BR2612.SHF,20260113,12110.0,12100.0,,,,12100.0,12100.0,0.0,0.0,0.0,0.0,10.0,0.0
BRL.SHF,20260113,11760.0,11855.0,11915.0,12040.0,11905.0,11905.0,11950.0,50.0,95.0,48.0,286.91,1206.0,
BU.SHF,20260113,3157.0,3161.0,3131.0,3153.0,3093.0,3140.0,3125.0,-21.0,-36.0,280447.0,876646.19,207908.0,
BU2601.SHF,20260113,3100.0,3100.0,3100.0,3100.0,3081.0,3081.0,3099.0,-19.0,-1.0,337.0,1044.66,4051.0,335.0
BU2602.SHF,20260113,3142.0,3143.0,3150.0,3150.0,3083.0,3126.0,3111.0,-17.0,-32.0,34142.0,106235.47,33971.0,-6341.0
BU2603.SHF,20260113,3157.0,3161.0,3131.0,3153.0,3093.0,3140.0,3125.0,-21.0,-36.0,280447.0,876646.19,207908.0,-14617.0
BU2604.SHF,20260113,3160.0,3162.0,3147.0,3152.0,3097.0,3144.0,3126.0,-18.0,-36.0,20727.0,64808.27,84024.0,-2121.0
BU2605.SHF,20260113,3161.0,3162.0,3152.0,3156.0,3106.0,3148.0,3131.0,-14.0,-31.0,12591.0,39428.42,38872.0,1376.0
BU2606.SHF,20260113,3162.0,3163.0,3167.0,3167.0,3112.0,3155.0,3134.0,-8.0,-29.0,59882.0,187712.11,58639.0,-4499.0
BU2607.SHF,20260113,3168.0,3165.0,3120.0,3145.0,3108.0,3138.0,3119.0,-27.0,-46.0,11.0,34.32,112.0,-6.0
BU2608.SHF,20260113,3152.0,3146.0,,,,3146.0,3146.0,0.0,0.0,0.0,0.0,47.0,0.0
BU2609.SHF,20260113,3145.0,3138.0,3135.0,3141.0,3106.0,3141.0,3117.0,3.0,-21.0,1066.0,3323.64,5866.0,-68.0
BU2610.SHF,20260113,3139.0,3139.0,3096.0,3122.0,3096.0,3122.0,3105.0,-17.0,-34.0,3.0,9.32,43.0,1.0
BU2611.SHF,20260113,3108.0,3108.0,3077.0,3099.0,3077.0,3099.0,3088.0,-9.0,-20.0,2.0,6.18,28.0,0.0
BU2612.SHF,20260113,3088.0,3087.0,3075.0,3081.0,3055.0,3078.0,3061.0,-9.0,-26.0,188.0,575.52,1032.0,109.0
BU2703.SHF,20260113,3104.0,3111.0,3076.0,3101.0,3076.0,3101.0,3088.0,-10.0,-23.0,2.0,6.18,47.0,0.0
BU2706.SHF,20260113,3125.0,3134.0,3109.0,3132.0,3101.0,3132.0,3119.0,-2.0,-15.0,16.0,49.91,140.0,-3.0
BU2709.SHF,20260113,3148.0,3157.0,3132.0,3153.0,3120.0,3153.0,3134.0,-4.0,-23.0,17.0,53.29,49.0,5.0
BU2712.SHF,20260113,3163.0,3182.0,3146.0,3172.0,3125.0,3158.0,3150.0,-24.0,-32.0,12.0,37.81,23.0,0.0
BUL.SHF,20260113,3100.0,3100.0,3100.0,3100.0,3081.0,3081.0,3099.0,-19.0,-1.0,337.0,1044.66,4051.0,
BZ.DCE,20260113,5573.0,5535.0,5576.0,5590.0,5510.0,5584.0,5556.0,49.0,21.0,16727.0,278831.4,29870.0,
BZ2603.DCE,20260113,5573.0,5535.0,5576.0,5590.0,5510.0,5584.0,5556.0,49.0,21.0,16727.0,278831.4,29870.0,-159.0
BZ2604.DCE,20260113,5629.0,5594.0,5642.0,5650.0,5583.0,5638.0,5625.0,44.0,31.0,744.0,12556.98,2360.0,170.0
BZ2605.DCE,20260113,5688.0,5663.0,5674.0,5703.0,5640.0,5692.0,5678.0,29.0,15.0,232.0,3951.93,1072.0,10.0
BZ2606.DCE,20260113,5731.0,5712.0,5731.0,5757.0,5691.0,5756.0,5714.0,44.0,2.0,81.0,1388.7,239.0,1.0
BZ2607.DCE,20260113,5773.0,5729.0,5760.0,5806.0,5738.0,5791.0,5767.0,62.0,38.0,306.0,5294.92,335.0,0.0
BZ2608.DCE,20260113,5783.0,5733.0,5765.0,5807.0,5737.0,5797.0,5766.0,64.0,33.0,290.0,5016.68,257.0,-3.0
BZ2609.DCE,20260113,5792.0,5766.0,5788.0,5806.0,5765.0,5806.0,5789.0,40.0,23.0,8.0,138.96,23.0,3.0
BZ2610.DCE,20260113,5750.0,5750.0,5790.0,5800.0,5769.0,5800.0,5785.0,50.0,35.0,5.0,86.78,7.0,1.0
BZ2611.DCE,20260113,5708.0,5708.0,,,,5714.0,5714.0,6.0,6.0,0.0,0.0,0.0,0.0
BZ2612.DCE,20260113,5703.0,5703.0,,,,5703.0,5703.0,0.0,0.0,0.0,0.0,0.0,0.0
BZL.DCE,20260113,5573.0,5535.0,5576.0,5590.0,5510.0,5584.0,5556.0,49.0,21.0,16727.0,278831.4,29870.0,
C.DCE,20260113,2290.0,2276.0,2292.0,2295.0,2276.0,2284.0,2288.0,8.0,12.0,476026.0,1089316.17,1099156.0,
C2601.DCE,20260113,2301.0,2298.0,,,,2298.0,2298.0,0.0,0.0,0.0,0.0,9186.0,-11.0
C2603.DCE,20260113,2290.0,2276.0,2292.0,2295.0,2276.0,2284.0,2288.0,8.0,12.0,476026.0,1089316.17,1099156.0,6449.0
C2605.DCE,20260113,2279.0,2275.0,2279.0,2286.0,2270.0,2277.0,2280.0,2.0,5.0,184628.0,421051.46,621422.0,17310.0
C2607.DCE,20260113,2288.0,2284.0,2285.0,2290.0,2278.0,2280.0,2285.0,-4.0,1.0,28552.0,65250.06,264987.0,-2674.0
C2609.DCE,20260113,2297.0,2295.0,2297.0,2300.0,2289.0,2291.0,2294.0,-4.0,-1.0,7901.0,18127.0,53279.0,559.0
C2611.DCE,20260113,2259.0,2253.0,2258.0,2261.0,2252.0,2252.0,2256.0,-1.0,3.0,6667.0,15046.1,21632.0,-311.0
CF.ZCE,20260113,14625.0,14565.0,14625.0,14890.0,14620.0,14760.0,14765.0,195.0,200.0,547023.0,4038008.75,837159.0,
CF2601.ZCE,20260113,14710.0,14650.0,14825.0,14940.0,14705.0,14800.0,14850.0,150.0,200.0,3218.0,23896.74,50998.0,-1145.0
CF2603.ZCE,20260113,14645.0,14580.0,14625.0,14895.0,14625.0,14775.0,14770.0,195.0,190.0,76669.0,566139.53,189454.0,2479.0
CF2605.ZCE,20260113,14625.0,14565.0,14625.0,14890.0,14620.0,14760.0,14765.0,195.0,200.0,547023.0,4038008.75,837159.0,19206.0
CF2607.ZCE,20260113,14630.0,14565.0,14640.0,14885.0,14620.0,14765.0,14770.0,200.0,205.0,2133.0,15753.56,5933.0,-214.0
CF2609.ZCE,20260113,14795.0,14730.0,14795.0,15035.0,14780.0,14915.0,14920.0,185.0,190.0,80117.0,597604.35,114790.0,4667.0
CF2611.ZCE,20260113,14885.0,14815.0,14900.0,15155.0,14870.0,15030.0,15040.0,215.0,225.0,1193.0,8969.87,3343.0,199.0
CFL.ZCE,20260113,14710.0,14650.0,14825.0,14940.0,14705.0,14800.0,14850.0,150.0,200.0,3218.0,23896.74,50998.0,
CJ.ZCE,20260113,9160.0,9160.0,9110.0,9145.0,9015.0,9060.0,9085.0,-100.0,-75.0,91864.0,417255.78,121852.0,
CJ2601.ZCE,20260113,9150.0,9140.0,9105.0,9105.0,8955.0,8955.0,9050.0,-185.0,-90.0,70.0,316.7,963.0,-100.0
CJ2603.ZCE,20260113,9020.0,9015.0,8990.0,9010.0,8915.0,8970.0,8960.0,-45.0,-55.0,2977.0,13339.24,8260.0,-704.0
CJ2605.ZCE,20260113,9160.0,9160.0,9110.0,9145.0,9015.0,9060.0,9085.0,-100.0,-75.0,91864.0,417255.78,121852.0,-1980.0
CJ2607.ZCE,20260113,9200.0,9210.0,9190.0,9205.0,9075.0,9130.0,9155.0,-80.0,-55.0,908.0,4157.39,4269.0,-40.0
CJ2609.ZCE,20260113,9355.0,9340.0,9310.0,9350.0,9220.0,9265.0,9295.0,-75.0,-45.0,6619.0,30763.0,14587.0,-170.0
CJ2612.ZCE,20260113,9850.0,9855.0,9825.0,9835.0,9745.0,9775.0,9805.0,-80.0,-50.0,250.0,1225.84,1296.0,-38.0
CJL.ZCE,20260113,9150.0,9140.0,9105.0,9105.0,8955.0,8955.0,9050.0,-185.0,-90.0,70.0,316.7,963.0,
CL.DCE,20260113,2301.0,2298.0,,,,2298.0,2298.0,0.0,0.0,0.0,0.0,9186.0,
CS.DCE,20260113,2566.0,2553.0,2567.0,2574.0,2551.0,2561.0,2565.0,8.0,12.0,89060.0,228488.09,197666.0,
CS2601.DCE,20260113,2538.0,2534.0,2538.0,2540.0,2538.0,2540.0,2539.0,6.0,5.0,100.0,253.9,2400.0,0.0
CS2603.DCE,20260113,2566.0,2553.0,2567.0,2574.0,2551.0,2561.0,2565.0,8.0,12.0,89060.0,228488.09,197666.0,-1451.0
CS2605.DCE,20260113,2596.0,2589.0,2594.0,2602.0,2582.0,2591.0,2594.0,2.0,5.0,17549.0,45528.64,53742.0,3920.0
CS2607.DCE,20260113,2595.0,2592.0,2595.0,2600.0,2583.0,2587.0,2591.0,-5.0,-1.0,1349.0,3496.23,12699.0,12.0
CS2609.DCE,20260113,2626.0,2621.0,2623.0,2628.0,2615.0,2619.0,2623.0,-2.0,2.0,230.0,603.3,2876.0,34.0
CS2611.DCE,20260113,2570.0,2564.0,2570.0,2571.0,2564.0,2564.0,2568.0,0.0,4.0,14.0,35.96,126.0,1.0
CSL.DCE,20260113,2538.0,2534.0,2538.0,2540.0,2538.0,2540.0,2539.0,6.0,5.0,100.0,253.9,2400.0,
CU.SHF,20260113,103800.0,102760.0,104600.0,104800.0,101810.0,102290.0,103020.0,-470.0,260.0,225437.0,11612670.7,172960.0,
CU2601.SHF,20260113,103430.0,102970.0,103930.0,104430.0,101630.0,102090.0,102490.0,-880.0,-480.0,14760.0,756398.9,18565.0,-2590.0
CU2602.SHF,20260113,103800.0,102760.0,104600.0,104800.0,101810.0,102290.0,103020.0,-470.0,260.0,225437.0,11612670.7,172960.0,-9731.0
CU2603.SHF,20260113,103980.0,102980.0,104500.0,104990.0,101970.0,102480.0,103240.0,-500.0,260.0,266762.0,13770570.16,220164.0,4160.0
CU2604.SHF,20260113,103960.0,103140.0,104580.0,105060.0,102080.0,102630.0,103300.0,-510.0,160.0,69035.0,3566001.66,92745.0,1738.0
CU2605.SHF,20260113,104100.0,103150.0,104980.0,105110.0,102120.0,102710.0,103370.0,-440.0,220.0,53859.0,2783833.85,68335.0,338.0
CU2606.SHF,20260113,104060.0,103040.0,104480.0,105020.0,102040.0,102730.0,103320.0,-310.0,280.0,17327.0,895161.28,34959.0,31.0
CU2607.SHF,20260113,103860.0,102950.0,104700.0,104900.0,101880.0,102580.0,103150.0,-370.0,200.0,4367.0,225247.87,18179.0,661.0
CU2608.SHF,20260113,103730.0,102850.0,104530.0,104740.0,101730.0,102560.0,102990.0,-290.0,140.0,2475.0,127453.81,11249.0,116.0
CU2609.SHF,20260113,103600.0,102620.0,104100.0,104670.0,101520.0,102430.0,102890.0,-190.0,270.0,6823.0,351023.78,20598.0,86.0
CU2610.SHF,20260113,103320.0,102480.0,104050.0,104370.0,101330.0,102300.0,102610.0,-180.0,130.0,2613.0,134070.76,11023.0,188.0
CU2611.SHF,20260113,103470.0,102310.0,104010.0,104300.0,101380.0,102290.0,102580.0,-20.0,270.0,1784.0,91502.44,11011.0,303.0
CU2612.SHF,20260113,103350.0,102240.0,104730.0,104730.0,101190.0,102210.0,102560.0,-30.0,320.0,3562.0,182664.96,10748.0,624.0
CUL.SHF,20260113,103430.0,102970.0,103930.0,104430.0,101630.0,102090.0,102490.0,-880.0,-480.0,14760.0,756398.9,18565.0,
CY.ZCE,20260113,20640.0,20605.0,20610.0,20890.0,20610.0,20765.0,20760.0,160.0,155.0,10121.0,105047.3,16032.0,
CY2601.ZCE,20260113,20225.0,20225.0,,,,20225.0,20225.0,0.0,0.0,0.0,0.0,372.0,0.0
CY2602.ZCE,20260113,20655.0,20655.0,,,,20655.0,20655.0,0.0,0.0,0.0,0.0,0.0,0.0
CY2603.ZCE,20260113,20640.0,20605.0,20610.0,20890.0,20610.0,20765.0,20760.0,160.0,155.0,10121.0,105047.3,16032.0,-153.0
CY2604.ZCE,20260113,20580.0,20715.0,,,,20760.0,20760.0,45.0,45.0,0.0,0.0,0.0,0.0
CY2605.ZCE,20260113,20650.0,20655.0,20700.0,20900.0,20655.0,20805.0,20850.0,150.0,195.0,521.0,5432.0,265.0,24.0
CY2606.ZCE,20260113,21060.0,21060.0,,,,21060.0,21060.0,0.0,0.0,0.0,0.0,0.0,0.0
CY2607.ZCE,20260113,21120.0,21120.0,,,,21100.0,21100.0,-20.0,-20.0,0.0,0.0,2.0,0.0
CY2608.ZCE,20260113,21470.0,21470.0,,,,21470.0,21470.0,0.0,0.0,0.0,0.0,4.0,0.0
CY2609.ZCE,20260113,20870.0,20820.0,20975.0,20975.0,20975.0,20975.0,20975.0,155.0,155.0,1.0,10.49,16.0,-1.0
CY2610.ZCE,20260113,20725.0,20725.0,,,,20800.0,20800.0,75.0,75.0,0.0,0.0,0.0,0.0
CY2611.ZCE,20260113,21150.0,21150.0,,,,21150.0,21150.0,0.0,0.0,0.0,0.0,0.0,0.0
CY2612.ZCE,20260113,21055.0,21055.0,,,,21055.0,21055.0,0.0,0.0,0.0,0.0,0.0,0.0
CYL.ZCE,20260113,20225.0,20225.0,,,,20225.0,20225.0,0.0,0.0,0.0,0.0,372.0,
EB.DCE,20260113,7074.0,7006.0,7074.0,7099.0,6991.0,7028.0,7040.0,22.0,34.0,352157.0,1239593.37,242728.0,
EB2601.DCE,20260113,6775.0,6811.0,6952.0,6952.0,6952.0,6952.0,6952.0,141.0,141.0,4.0,13.9,3145.0,-158.0
EB2602.DCE,20260113,7074.0,7006.0,7074.0,7099.0,6991.0,7028.0,7040.0,22.0,34.0,352157.0,1239593.37,242728.0,-15148.0
EB2603.DCE,20260113,7124.0,7068.0,7147.0,7153.0,7040.0,7081.0,7091.0,13.0,23.0,189777.0,672907.44,194225.0,12002.0
EB2604.DCE,20260113,7163.0,7120.0,7170.0,7192.0,7081.0,7120.0,7136.0,0.0,16.0,32232.0,115010.73,63717.0,2851.0
EB2605.DCE,20260113,7183.0,7135.0,7180.0,7208.0,7104.0,7145.0,7151.0,10.0,16.0,12944.0,46285.41,25063.0,-43.0
EB2606.DCE,20260113,7169.0,7121.0,7177.0,7195.0,7095.0,7136.0,7141.0,15.0,20.0,4952.0,17683.51,13617.0,1163.0
EB2607.DCE,20260113,7160.0,7107.0,7154.0,7180.0,7081.0,7115.0,7120.0,8.0,13.0,178.0,633.68,382.0,-4.0
EB2608.DCE,20260113,7150.0,7091.0,7091.0,7166.0,7076.0,7121.0,7113.0,30.0,22.0,21.0,74.69,145.0,-1.0
EB2609.DCE,20260113,7140.0,7097.0,7131.0,7160.0,7067.0,7092.0,7105.0,-5.0,8.0,240.0,852.6,1202.0,71.0
EB2610.DCE,20260113,7194.0,7155.0,7177.0,7191.0,7103.0,7130.0,7130.0,-25.0,-25.0,76.0,270.98,142.0,46.0
EB2611.DCE,20260113,7239.0,7210.0,7218.0,7225.0,7172.0,7185.0,7195.0,-25.0,-15.0,35.0,125.92,103.0,24.0
EB2612.DCE,20260113,7298.0,7274.0,7265.0,7300.0,7240.0,7240.0,7260.0,-34.0,-14.0,16.0,58.08,109.0,0.0
EBL.DCE,20260113,6775.0,6811.0,6952.0,6952.0,6952.0,6952.0,6952.0,141.0,141.0,4.0,13.9,3145.0,
EC.INE,20260113,1280.8,1268.8,1275.7,1276.9,1175.0,1199.7,1227.9,-69.1,-40.9,44098.0,270757.54,38770.0,
EC2602.INE,20260113,1748.0,1785.7,1764.0,1764.0,1711.0,1720.4,1738.5,-65.3,-47.2,6210.0,53980.52,11862.0,-1482.0
EC2604.INE,20260113,1280.8,1268.8,1275.7,1276.9,1175.0,1199.7,1227.9,-69.1,-40.9,44098.0,270757.54,38770.0,1678.0
EC2606.INE,20260113,1485.1,1496.6,1480.0,1480.0,1408.0,1413.5,1441.1,-83.1,-55.5,2459.0,17718.41,3264.0,328.0
EC2608.INE,20260113,1565.2,1566.3,1569.0,1573.0,1504.4,1529.9,1543.1,-36.4,-23.2,260.0,2006.05,1359.0,-92.0
EC2610.INE,20260113,1154.0,1146.2,1146.2,1157.9,1105.0,1107.4,1127.7,-38.8,-18.5,1672.0,9427.75,7446.0,218.0
EC2612.INE,20260113,1388.9,1381.1,1407.1,1407.1,1350.0,1372.1,1366.7,-9.0,-14.4,39.0,266.52,94.0,4.0
ECL.INE,20260113,1748.0,1785.7,1764.0,1764.0,1711.0,1720.4,1738.5,-65.3,-47.2,6210.0,53980.52,11862.0,
EG.DCE,20260113,3880.0,3869.0,3880.0,3880.0,3794.0,3815.0,3831.0,-54.0,-38.0,318388.0,1219971.41,318217.0,
EG2601.DCE,20260113,3665.0,3664.0,3626.0,3626.0,3620.0,3620.0,3624.0,-44.0,-40.0,6.0,21.74,161.0,-6.0
EG2602.DCE,20260113,3712.0,3702.0,3726.0,3726.0,3642.0,3669.0,3673.0,-33.0,-29.0,7515.0,27605.71,8044.0,-1069.0
EG2603.DCE,20260113,3747.0,3739.0,3740.0,3745.0,3672.0,3696.0,3703.0,-43.0,-36.0,11662.0,43187.45,35072.0,764.0
EG2604.DCE,20260113,3843.0,3838.0,3838.0,3838.0,3762.0,3781.0,3795.0,-57.0,-43.0,3795.0,14404.02,18268.0,1784.0
EG2605.DCE,20260113,3880.0,3869.0,3880.0,3880.0,3794.0,3815.0,3831.0,-54.0,-38.0,318388.0,1219971.41,318217.0,22568.0
EG2606.DCE,20260113,3910.0,3902.0,3898.0,3898.0,3830.0,3849.0,3861.0,-53.0,-41.0,2571.0,9927.42,9923.0,766.0
EG2607.DCE,20260113,3940.0,3936.0,3910.0,3912.0,3858.0,3858.0,3884.0,-78.0,-52.0,45.0,174.78,175.0,15.0
EG2608.DCE,20260113,3966.0,3954.0,3915.0,3953.0,3887.0,3887.0,3914.0,-67.0,-40.0,41.0,160.49,93.0,15.0
EG2609.DCE,20260113,3984.0,3967.0,3970.0,3981.0,3914.0,3933.0,3947.0,-34.0,-20.0,1936.0,7642.82,6315.0,1005.0
EG2610.DCE,20260113,4003.0,3990.0,3988.0,3988.0,3946.0,3952.0,3964.0,-38.0,-26.0,13.0,51.54,54.0,-1.0
EG2611.DCE,20260113,4000.0,3986.0,3975.0,4008.0,3956.0,3970.0,3975.0,-16.0,-11.0,9.0,35.78,29.0,5.0
EG2612.DCE,20260113,4018.0,4018.0,3974.0,4027.0,3974.0,3982.0,3995.0,-36.0,-23.0,8.0,31.96,18.0,5.0
EGL.DCE,20260113,3665.0,3664.0,3626.0,3626.0,3620.0,3620.0,3624.0,-44.0,-40.0,6.0,21.74,161.0,
FB.DCE,20260113,1266.5,1269.5,1268.5,1269.5,1263.5,1266.5,1266.5,-3.0,-3.0,571.0,723.33,1500.0,
FB2601.DCE,20260113,1315.0,1315.0,,,,1315.0,1315.0,0.0,0.0,0.0,0.0,6.0,0.0
FB2602.DCE,20260113,1268.0,1268.0,1266.5,1271.0,1264.5,1268.0,1266.5,0.0,-1.5,13.0,16.47,258.0,-7.0
FB2603.DCE,20260113,1266.5,1269.5,1268.5,1269.5,1263.5,1266.5,1266.5,-3.0,-3.0,571.0,723.33,1500.0,141.0
FB2604.DCE,20260113,1265.5,1268.5,1265.5,1268.5,1265.5,1266.0,1267.0,-2.5,-1.5,89.0,112.77,818.0,8.0
FB2605.DCE,20260113,1268.5,1271.5,1266.0,1268.5,1264.5,1265.0,1266.0,-6.5,-5.5,465.0,588.85,564.0,22.0
FB2606.DCE,20260113,1270.5,1270.5,1265.5,1269.0,1264.5,1264.5,1266.0,-6.0,-4.5,67.0,84.84,262.0,11.0
FB2607.DCE,20260113,1272.0,1272.0,1270.0,1270.0,1264.5,1265.0,1265.5,-7.0,-6.5,63.0,79.73,130.0,11.0
FB2608.DCE,20260113,1300.5,1300.5,,,,1300.5,1300.5,0.0,0.0,0.0,0.0,0.0,0.0
FB2609.DCE,20260113,1284.0,1284.0,,,,1284.0,1284.0,0.0,0.0,0.0,0.0,0.0,0.0
FB2610.DCE,20260113,1284.5,1284.5,,,,1284.5,1284.5,0.0,0.0,0.0,0.0,1.0,0.0
FB2611.DCE,20260113,1308.5,1308.5,1310.0,1315.0,1308.5,1308.5,1310.5,0.0,2.0,8.0,10.48,2.0,0.0
FB2612.DCE,20260113,1251.5,1251.5,1297.5,1297.5,1254.0,1279.5,1275.0,28.0,23.5,8.0,10.2,2.0,-2.0
FBL.DCE,20260113,1315.0,1315.0,,,,1315.0,1315.0,0.0,0.0,0.0,0.0,6.0,
FG.ZCE,20260113,1143.0,1131.0,1143.0,1144.0,1096.0,1096.0,1119.0,-35.0,-12.0,1644160.0,3680878.2,1172762.0,
FG2601.ZCE,20260113,1001.0,992.0,1082.0,1082.0,978.0,978.0,1009.0,-14.0,17.0,66.0,133.13,1876.0,-27.0
FG2602.ZCE,20260113,1056.0,1042.0,1053.0,1055.0,1017.0,1019.0,1035.0,-23.0,-7.0,75456.0,155886.98,25324.0,7134.0
FG2603.ZCE,20260113,1044.0,1033.0,1046.0,1046.0,1005.0,1007.0,1023.0,-26.0,-10.0,70823.0,144935.04,109952.0,1848.0
FG2604.ZCE,20260113,1144.0,1134.0,1139.0,1148.0,1102.0,1103.0,1123.0,-31.0,-11.0,34237.0,76869.9,30840.0,-1820.0
FG2605.ZCE,20260113,1143.0,1131.0,1143.0,1144.0,1096.0,1096.0,1119.0,-35.0,-12.0,1644160.0,3680878.2,1172762.0,91374.0
FG2606.ZCE,20260113,1179.0,1170.0,1181.0,1182.0,1141.0,1143.0,1162.0,-27.0,-8.0,19814.0,46037.18,26151.0,-587.0
FG2607.ZCE,20260113,1173.0,1164.0,1175.0,1175.0,1136.0,1137.0,1153.0,-27.0,-11.0,1247.0,2876.04,7660.0,159.0
FG2608.ZCE,20260113,1247.0,1240.0,1245.0,1247.0,1215.0,1216.0,1231.0,-24.0,-9.0,466.0,1147.69,2505.0,-4.0
FG2609.ZCE,20260113,1241.0,1229.0,1239.0,1242.0,1205.0,1208.0,1224.0,-21.0,-5.0,56973.0,139469.02,122665.0,14838.0
FG2610.ZCE,20260113,1262.0,1249.0,1255.0,1260.0,1230.0,1233.0,1242.0,-16.0,-7.0,458.0,1137.68,1987.0,-53.0
FG2611.ZCE,20260113,1252.0,1243.0,1249.0,1252.0,1224.0,1224.0,1234.0,-19.0,-9.0,331.0,816.73,4150.0,-31.0
FG2612.ZCE,20260113,1282.0,1275.0,1284.0,1284.0,1260.0,1261.0,1271.0,-14.0,-4.0,491.0,1248.05,3810.0,38.0
FGL.ZCE,20260113,1001.0,992.0,1082.0,1082.0,978.0,978.0,1009.0,-14.0,17.0,66.0,133.13,1876.0,
FU.SHF,20260113,2461.0,2448.0,2450.0,2463.0,2418.0,2461.0,2438.0,13.0,-10.0,604292.0,1473699.65,226172.0,
FU2602.SHF,20260113,2501.0,2491.0,2490.0,2509.0,2463.0,2509.0,2484.0,18.0,-7.0,5667.0,14077.29,10704.0,-1255.0
FU2603.SHF,20260113,2461.0,2448.0,2450.0,2463.0,2418.0,2461.0,2438.0,13.0,-10.0,604292.0,1473699.65,226172.0,-8193.0
FU2604.SHF,20260113,2455.0,2445.0,2439.0,2457.0,2416.0,2456.0,2436.0,11.0,-9.0,54373.0,132486.84,89071.0,2405.0
FU2605.SHF,20260113,2465.0,2455.0,2459.0,2471.0,2430.0,2469.0,2448.0,14.0,-7.0,178994.0,438321.14,192971.0,5184.0
FU2606.SHF,20260113,2465.0,2453.0,2458.0,2472.0,2426.0,2472.0,2453.0,19.0,0.0,17999.0,44154.71,41852.0,376.0
FU2607.SHF,20260113,2473.0,2458.0,2466.0,2480.0,2442.0,2477.0,2461.0,19.0,3.0,10642.0,26191.22,15600.0,-139.0
FU2608.SHF,20260113,2461.0,2446.0,2456.0,2475.0,2434.0,2475.0,2457.0,29.0,11.0,1567.0,3851.58,4846.0,206.0
FU2609.SHF,20260113,2452.0,2438.0,2444.0,2467.0,2428.0,2467.0,2448.0,29.0,10.0,19149.0,46878.68,44083.0,-2355.0
FU2610.SHF,20260113,2435.0,2422.0,2434.0,2451.0,2416.0,2451.0,2434.0,29.0,12.0,1901.0,4627.54,6881.0,-572.0
FU2611.SHF,20260113,2427.0,2413.0,2420.0,2444.0,2409.0,2442.0,2426.0,29.0,13.0,3073.0,7457.48,10340.0,-423.0
FU2612.SHF,20260113,2435.0,2421.0,2424.0,2451.0,2416.0,2450.0,2435.0,29.0,14.0,556.0,1354.35,1493.0,-133.0
FU2701.SHF,20260113,2436.0,2418.0,2421.0,2451.0,2418.0,2451.0,2436.0,33.0,18.0,1194.0,2909.6,2473.0,194.0
FUL.SHF,20260113,2501.0,2491.0,2490.0,2509.0,2463.0,2509.0,2484.0,18.0,-7.0,5667.0,14077.29,10704.0,
HC.SHF,20260113,3311.0,3306.0,3315.0,3323.0,3296.0,3303.0,3309.0,-3.0,3.0,404061.0,1337428.5,1440250.0,
HC2601.SHF,20260113,3300.0,3279.0,3300.0,3300.0,3280.0,3280.0,3292.0,1.0,13.0,150.0,493.8,14070.0,-60.0
HC2602.SHF,20260113,3300.0,3289.0,3300.0,3300.0,3300.0,3300.0,3300.0,11.0,11.0,10.0,33.0,1147.0,0.0
HC2603.SHF,20260113,3294.0,3289.0,3299.0,3304.0,3279.0,3281.0,3291.0,-8.0,2.0,17300.0,56944.9,201026.0,-7821.0
HC2604.SHF,20260113,3305.0,3297.0,3305.0,3315.0,3296.0,3299.0,3304.0,2.0,7.0,70.0,231.3,1101.0,-19.0
HC2605.SHF,20260113,3311.0,3306.0,3315.0,3323.0,3296.0,3303.0,3309.0,-3.0,3.0,404061.0,1337428.5,1440250.0,12752.0
HC2606.SHF,20260113,3321.0,3317.0,3324.0,3324.0,3306.0,3321.0,3316.0,4.0,-1.0,113.0,374.74,2128.0,9.0
HC2607.SHF,20260113,3322.0,3315.0,3319.0,3333.0,3306.0,3313.0,3319.0,-2.0,4.0,38733.0,128579.29,140521.0,5314.0
HC2608.SHF,20260113,3319.0,3316.0,3332.0,3332.0,3314.0,3317.0,3325.0,1.0,9.0,13.0,43.24,1875.0,-2.0
HC2609.SHF,20260113,3331.0,3322.0,3335.0,3336.0,3314.0,3316.0,3326.0,-6.0,4.0,87.0,289.39,1436.0,-19.0
HC2610.SHF,20260113,3330.0,3329.0,3335.0,3342.0,3317.0,3321.0,3330.0,-8.0,1.0,8524.0,28392.64,75205.0,1268.0
HC2611.SHF,20260113,3341.0,3340.0,3341.0,3348.0,3330.0,3330.0,3337.0,-10.0,-3.0,11.0,36.72,88.0,3.0
HC2612.SHF,20260113,3347.0,3345.0,3337.0,3337.0,3337.0,3337.0,3337.0,-8.0,-8.0,1.0,3.34,53.0,0.0
HCL.SHF,20260113,3300.0,3279.0,3300.0,3300.0,3280.0,3280.0,3292.0,1.0,13.0,150.0,493.8,14070.0,
I.DCE,20260113,822.5,821.5,822.0,828.0,814.0,819.5,820.5,-2.0,-1.0,311621.0,2558086.96,653307.0,
I2601.DCE,20260113,864.0,861.5,850.0,850.0,823.5,830.0,832.5,-31.5,-29.0,5.0,41.64,152.0,-400.0
I2602.DCE,20260113,842.5,839.0,840.5,845.0,833.5,836.5,839.5,-2.5,0.5,7289.0,61201.54,26380.0,-311.0
I2603.DCE,20260113,837.5,834.5,835.5,843.0,829.5,834.0,836.5,-0.5,2.0,14271.0,119426.96,86833.0,935.0
I2604.DCE,20260113,831.5,829.5,831.5,837.5,823.5,828.0,830.5,-1.5,1.0,5788.0,48082.81,60692.0,2126.0
I2605.DCE,20260113,822.5,821.5,822.0,828.0,814.0,819.5,820.5,-2.0,-1.0,311621.0,2558086.96,653307.0,-1527.0
I2606.DCE,20260113,817.5,815.5,817.5,822.5,809.0,814.5,815.0,-1.0,-0.5,2757.0,22475.16,25677.0,315.0
I2607.DCE,20260113,811.5,810.5,812.5,817.0,803.5,809.0,808.5,-1.5,-2.0,2004.0,16203.68,15186.0,789.0
I2608.DCE,20260113,807.5,807.0,808.5,813.0,799.5,806.0,806.0,-1.0,-1.0,1727.0,13923.16,6643.0,550.0
I2609.DCE,20260113,802.0,800.5,803.5,806.5,791.5,798.0,799.5,-2.5,-1.0,38760.0,309906.11,106531.0,3775.0
I2610.DCE,20260113,797.5,794.5,797.5,801.5,788.0,794.0,794.0,-0.5,-0.5,1197.0,9505.76,3455.0,9.0
I2611.DCE,20260113,793.0,791.5,794.5,797.5,783.5,790.0,790.0,-1.5,-1.5,1292.0,10208.39,2939.0,-111.0
I2612.DCE,20260113,789.0,787.5,790.5,793.5,780.0,786.5,786.0,-1.0,-1.5,1200.0,9434.92,2049.0,-4.0
IC.CFX,20260113,8236.6,8230.0,8260.6,8265.0,8078.0,8131.2,8121.2,-98.8,-108.8,120900.0,19714075.66,171420.0,
IC2601.CFX,20260113,8273.8,8277.4,8296.2,8303.0,8125.0,8172.8,8168.4,-104.6,-109.0,43150.0,7078689.492,40507.0,-5529.0
IC2602.CFX,20260113,8258.2,8249.6,8278.2,8288.0,8102.0,8150.6,8147.2,-99.0,-102.4,15560.0,2545605.824,31014.0,4930.0
IC2603.CFX,20260113,8236.6,8230.0,8260.6,8265.0,8078.0,8131.2,8121.2,-98.8,-108.8,120900.0,19714075.66,171420.0,3885.0
IC2606.CFX,20260113,8083.4,8074.6,8108.0,8113.2,7930.0,7985.2,7967.6,-89.4,-107.0,32704.0,5233560.508,74145.0,2850.0
ICL.CFX,20260113,8273.8,8277.4,8296.2,8303.0,8125.0,8172.8,8168.4,-104.6,-109.0,43150.0,7078689.492,40507.0,
ICL1.CFX,20260113,8258.2,8249.6,8278.2,8288.0,8102.0,8150.6,8147.2,-99.0,-102.4,15560.0,2545605.824,31014.0,
ICL2.CFX,20260113,8236.6,8230.0,8260.6,8265.0,8078.0,8131.2,8121.2,-98.8,-108.8,120900.0,19714075.66,171420.0,
ICL3.CFX,20260113,8083.4,8074.6,8108.0,8113.2,7930.0,7985.2,7967.6,-89.4,-107.0,32704.0,5233560.508,74145.0,
IF.CFX,20260113,4774.0,4779.4,4788.0,4828.0,4738.6,4758.6,4754.0,-20.8,-25.4,97329.0,13953539.562,184613.0,
IF2601.CFX,20260113,4789.4,4793.0,4809.2,4841.8,4751.6,4766.2,4767.8,-26.8,-25.2,39504.0,5679309.912,43353.0,-4859.0
IF2602.CFX,20260113,4780.6,4785.2,4796.0,4832.4,4744.0,4763.0,4759.8,-22.2,-25.4,11881.0,1705346.382,18273.0,4351.0
IF2603.CFX,20260113,4774.0,4779.4,4788.0,4828.0,4738.6,4758.6,4754.0,-20.8,-25.4,97329.0,13953539.562,184613.0,1785.0
IF2606.CFX,20260113,4735.2,4736.0,4748.8,4785.2,4695.0,4715.0,4709.6,-21.0,-26.4,24015.0,3411943.11,61171.0,4163.0
IFL.CFX,20260113,4789.4,4793.0,4809.2,4841.8,4751.6,4766.2,4767.8,-26.8,-25.2,39504.0,5679309.912,43353.0,
IFL1.CFX,20260113,4780.6,4785.2,4796.0,4832.4,4744.0,4763.0,4759.8,-22.2,-25.4,11881.0,1705346.382,18273.0,
IFL2.CFX,20260113,4774.0,4779.4,4788.0,4828.0,4738.6,4758.6,4754.0,-20.8,-25.4,97329.0,13953539.562,184613.0,
IFL3.CFX,20260113,4735.2,4736.0,4748.8,4785.2,4695.0,4715.0,4709.6,-21.0,-26.4,24015.0,3411943.11,61171.0,
IH.CFX,20260113,3140.2,3142.2,3150.0,3181.2,3125.0,3137.6,3133.6,-4.6,-8.6,41076.0,3881934.972,57216.0,
IH2601.CFX,20260113,3141.8,3143.2,3153.8,3181.0,3124.4,3136.6,3133.8,-6.6,-9.4,14480.0,1368667.014,14532.0,-1655.0
IH2602.CFX,20260113,3139.4,3141.8,3153.0,3180.6,3124.2,3132.4,3132.8,-9.4,-9.0,4204.0,397239.24,5098.0,1612.0
IH2603.CFX,20260113,3140.2,3142.2,3150.0,3181.2,3125.0,3137.6,3133.6,-4.6,-8.6,41076.0,3881934.972,57216.0,2024.0
IH2606.CFX,20260113,3133.4,3135.4,3144.0,3174.6,3117.0,3128.6,3125.4,-6.8,-10.0,7618.0,718465.662,18012.0,1155.0
IHL.CFX,20260113,3141.8,3143.2,3153.8,3181.0,3124.4,3136.6,3133.8,-6.6,-9.4,14480.0,1368667.014,14532.0,
IHL1.CFX,20260113,3139.4,3141.8,3153.0,3180.6,3124.2,3132.4,3132.8,-9.4,-9.0,4204.0,397239.24,5098.0,
IHL2.CFX,20260113,3140.2,3142.2,3150.0,3181.2,3125.0,3137.6,3133.6,-4.6,-8.6,41076.0,3881934.972,57216.0,
IHL3.CFX,20260113,3133.4,3135.4,3144.0,3174.6,3117.0,3128.6,3125.4,-6.8,-10.0,7618.0,718465.662,18012.0,
IL.DCE,20260113,864.0,861.5,850.0,850.0,823.5,830.0,832.5,-31.5,-29.0,5.0,41.64,152.0,
IM.CFX,20260113,8311.4,8306.2,8324.8,8335.0,8115.0,8160.4,8150.8,-145.8,-155.4,178731.0,29298080.944,207812.0,
IM2601.CFX,20260113,8395.2,8394.8,8415.0,8419.4,8198.0,8233.8,8235.8,-161.0,-159.0,60818.0,10071949.652,54431.0,-11425.0
IM2602.CFX,20260113,8354.4,8350.0,8398.0,8399.4,8161.0,8200.4,8195.8,-149.6,-154.2,21828.0,3598056.652,39945.0,5127.0
IM2603.CFX,20260113,8311.4,8306.2,8324.8,8335.0,8115.0,8160.4,8150.8,-145.8,-155.4,178731.0,29298080.944,207812.0,-632.0
IM2606.CFX,20260113,8104.8,8095.4,8130.0,8130.0,7912.2,7960.4,7945.8,-135.0,-149.6,43725.0,6996990.116,99430.0,5511.0
IML.CFX,20260113,8395.2,8394.8,8415.0,8419.4,8198.0,8233.8,8235.8,-161.0,-159.0,60818.0,10071949.652,54431.0,
IML1.CFX,20260113,8354.4,8350.0,8398.0,8399.4,8161.0,8200.4,8195.8,-149.6,-154.2,21828.0,3598056.652,39945.0,
IML2.CFX,20260113,8311.4,8306.2,8324.8,8335.0,8115.0,8160.4,8150.8,-145.8,-155.4,178731.0,29298080.944,207812.0,
IML3.CFX,20260113,8104.8,8095.4,8130.0,8130.0,7912.2,7960.4,7945.8,-135.0,-149.6,43725.0,6996990.116,99430.0,
J.DCE,20260113,1770.0,1764.0,1774.0,1785.0,1738.0,1745.0,1761.0,-19.0,-3.0,20384.0,358963.35,37939.0,
J2601.DCE,20260113,1500.0,1500.0,,,,1500.0,1500.0,0.0,0.0,0.0,0.0,40.0,0.0
J2602.DCE,20260113,1510.0,1507.0,1540.5,1540.5,1430.5,1472.0,1480.5,-35.0,-26.5,81.0,1199.58,86.0,-4.0
J2603.DCE,20260113,1535.5,1531.5,1566.0,1566.0,1465.5,1508.0,1505.5,-23.5,-26.0,131.0,1972.43,76.0,4.0
J2604.DCE,20260113,1729.0,1729.0,,,,1729.0,1729.0,0.0,0.0,0.0,0.0,9.0,0.0
J2605.DCE,20260113,1770.0,1764.0,1774.0,1785.0,1738.0,1745.0,1761.0,-19.0,-3.0,20384.0,358963.35,37939.0,-1031.0
J2606.DCE,20260113,1808.5,1808.5,1789.0,1789.0,1789.0,1789.0,1789.0,-19.5,-19.5,2.0,35.78,13.0,1.0
J2607.DCE,20260113,1775.5,1775.5,1806.5,1806.5,1806.5,1806.5,1806.5,31.0,31.0,1.0,18.06,9.0,1.0
J2608.DCE,20260113,1834.0,1834.0,1834.0,1834.0,1834.0,1834.0,1834.0,0.0,0.0,1.0,18.34,5.0,0.0
J2609.DCE,20260113,1844.0,1843.5,1847.5,1862.5,1815.5,1824.0,1837.5,-19.5,-6.0,940.0,17274.28,1346.0,-28.0
J2610.DCE,20260113,1840.5,1842.0,,,,1842.0,1842.0,0.0,0.0,0.0,0.0,13.0,0.0
J2611.DCE,20260113,1860.0,1859.0,,,,1859.0,1859.0,0.0,0.0,0.0,0.0,2.0,0.0
J2612.DCE,20260113,1855.0,1855.0,,,,1855.0,1855.0,0.0,0.0,0.0,0.0,4.0,0.0
JD.DCE,20260113,3020.0,3030.0,3029.0,3053.0,2987.0,2990.0,3024.0,-40.0,-6.0,277375.0,838971.4,272149.0,
JD2601.DCE,20260113,3300.0,3284.0,3299.0,3350.0,3299.0,3350.0,3317.0,66.0,33.0,50.0,165.88,353.0,-30.0
JD2602.DCE,20260113,2996.0,3006.0,3006.0,3015.0,2946.0,2960.0,2986.0,-46.0,-20.0,41494.0,123940.18,58720.0,-6923.0
JD2603.DCE,20260113,3020.0,3030.0,3029.0,3053.0,2987.0,2990.0,3024.0,-40.0,-6.0,277375.0,838971.4,272149.0,1928.0
JD2604.DCE,20260113,3297.0,3307.0,3311.0,3335.0,3268.0,3274.0,3305.0,-33.0,-2.0,70754.0,233849.86,138830.0,7024.0
JD2605.DCE,20260113,3578.0,3577.0,3580.0,3605.0,3550.0,3561.0,3582.0,-16.0,5.0,41410.0,148362.89,96450.0,1532.0
JD2606.DCE,20260113,3460.0,3461.0,3456.0,3490.0,3449.0,3454.0,3470.0,-7.0,9.0,14107.0,48959.57,57725.0,43.0
JD2607.DCE,20260113,3697.0,3707.0,3700.0,3727.0,3691.0,3700.0,3709.0,-7.0,2.0,8515.0,31585.79,41053.0,2115.0
JD2608.DCE,20260113,4260.0,4255.0,4257.0,4285.0,4255.0,4261.0,4269.0,6.0,14.0,8819.0,37648.92,74820.0,441.0
JD2609.DCE,20260113,3962.0,3958.0,3955.0,3984.0,3953.0,3962.0,3971.0,4.0,13.0,3522.0,13986.85,29458.0,-57.0
JD2610.DCE,20260113,3721.0,3724.0,3713.0,3742.0,3710.0,3720.0,3731.0,-4.0,7.0,728.0,2716.55,7159.0,69.0
JD2611.DCE,20260113,3783.0,3784.0,3771.0,3797.0,3766.0,3782.0,3787.0,-2.0,3.0,315.0,1193.04,5393.0,-63.0
JD2612.DCE,20260113,3890.0,3882.0,3873.0,3899.0,3873.0,3888.0,3892.0,6.0,10.0,255.0,992.66,1186.0,28.0
JDL.DCE,20260113,3300.0,3284.0,3299.0,3350.0,3299.0,3350.0,3317.0,66.0,33.0,50.0,165.88,353.0,
JL.DCE,20260113,1500.0,1500.0,,,,1500.0,1500.0,0.0,0.0,0.0,0.0,40.0,
JM.DCE,20260113,1238.0,1221.5,1243.5,1244.0,1188.5,1191.0,1215.0,-30.5,-6.5,1292258.0,9421112.12,504497.0,
JM2601.DCE,20260113,1200.5,1196.5,1242.0,1242.0,1101.0,1101.0,1144.5,-95.5,-52.0,289.0,1984.98,2220.0,-1140.0
JM2602.DCE,20260113,1133.5,1113.5,1139.0,1139.0,1072.0,1081.0,1105.5,-32.5,-8.0,12897.0,85553.15,6772.0,-1584.0
JM2603.DCE,20260113,1142.0,1124.5,1132.5,1148.0,1081.5,1089.5,1110.0,-35.0,-14.5,9071.0,60436.43,19259.0,1366.0
JM2604.DCE,20260113,1181.0,1165.5,1183.5,1184.0,1129.5,1133.0,1156.0,-32.5,-9.5,5355.0,37143.56,13257.0,-69.0
JM2605.DCE,20260113,1238.0,1221.5,1243.5,1244.0,1188.5,1191.0,1215.0,-30.5,-6.5,1292258.0,9421112.12,504497.0,-8128.0
JM2606.DCE,20260113,1255.5,1241.0,1255.5,1255.5,1207.0,1209.5,1233.5,-31.5,-7.5,4287.0,31735.89,7296.0,162.0
JM2607.DCE,20260113,1275.5,1263.0,1274.0,1274.5,1228.0,1229.5,1251.0,-33.5,-12.0,1614.0,12115.77,3317.0,129.0
JM2608.DCE,20260113,1289.5,1275.5,1289.5,1291.5,1246.5,1248.0,1265.5,-27.5,-10.0,138.0,1048.22,427.0,-48.0
JM2609.DCE,20260113,1310.5,1295.5,1309.5,1314.0,1264.5,1268.0,1288.5,-27.5,-7.0,65027.0,502843.72,67466.0,3106.0
JM2610.DCE,20260113,1306.0,1306.0,1303.5,1312.0,1278.5,1281.0,1291.5,-25.0,-14.5,192.0,1487.99,589.0,-47.0
JM2611.DCE,20260113,1320.0,1309.5,1317.0,1320.0,1289.0,1291.0,1301.0,-18.5,-8.5,413.0,3223.98,422.0,-121.0
JM2612.DCE,20260113,1323.5,1314.5,1330.0,1330.0,1297.5,1301.5,1306.0,-13.0,-8.5,334.0,2617.99,300.0,-195.0
JML.DCE,20260113,1200.5,1196.5,1242.0,1242.0,1101.0,1101.0,1144.5,-95.5,-52.0,289.0,1984.98,2220.0,
JR.ZCE,20260113,2662.0,2662.0,,,,2662.0,2662.0,0.0,0.0,0.0,0.0,0.0,
JR2601.ZCE,20260113,2662.0,2662.0,,,,2662.0,2662.0,0.0,0.0,0.0,0.0,0.0,0.0
JR2603.ZCE,20260113,2662.0,2662.0,,,,2662.0,2662.0,0.0,0.0,0.0,0.0,0.0,0.0
JR2605.ZCE,20260113,2662.0,2662.0,,,,2662.0,2662.0,0.0,0.0,0.0,0.0,0.0,0.0
JR2607.ZCE,20260113,2662.0,2662.0,,,,2662.0,2662.0,0.0,0.0,0.0,0.0,0.0,0.0
JR2609.ZCE,20260113,2662.0,2662.0,,,,2662.0,2662.0,0.0,0.0,0.0,0.0,0.0,0.0
JR2611.ZCE,20260113,2662.0,2662.0,,,,2662.0,2662.0,0.0,0.0,0.0,0.0,0.0,0.0
JRL.ZCE,20260113,2662.0,2662.0,,,,2662.0,2662.0,0.0,0.0,0.0,0.0,0.0,
L.DCE,20260113,6737.0,6671.0,6722.0,6787.0,6673.0,6766.0,6735.0,95.0,64.0,554956.0,1868966.89,477388.0,
L2601.DCE,20260113,6506.0,6431.0,6506.0,6550.0,6451.0,6550.0,6535.0,119.0,104.0,848.0,2771.03,6776.0,-777.0
L2602.DCE,20260113,6572.0,6507.0,6542.0,6619.0,6512.0,6601.0,6573.0,94.0,66.0,19608.0,64442.22,13966.0,-281.0
L2602F.DCE,20260113,6541.0,6484.0,6519.0,6560.0,6487.0,6551.0,6530.0,67.0,46.0,1750.0,5710.12,1589.0,-107.0
L2603.DCE,20260113,6603.0,6538.0,6618.0,6650.0,6542.0,6639.0,6603.0,101.0,65.0,15744.0,51984.67,47012.0,-1070.0
L2603F.DCE,20260113,6600.0,6538.0,6579.0,6648.0,6545.0,6639.0,6603.0,101.0,65.0,1527.0,5043.93,1575.0,-46.0
L2604.DCE,20260113,6706.0,6646.0,6707.0,6755.0,6646.0,6739.0,6712.0,93.0,66.0,5295.0,17770.42,32314.0,744.0
L2604F.DCE,20260113,6707.0,6646.0,6684.0,6755.0,6647.0,6741.0,6712.0,95.0,66.0,980.0,3286.96,1910.0,34.0
L2605.DCE,20260113,6737.0,6671.0,6722.0,6787.0,6673.0,6766.0,6735.0,95.0,64.0,554956.0,1868966.89,477388.0,-13392.0
L2605F.DCE,20260113,6737.0,6671.0,6715.0,6789.0,6682.0,6770.0,6735.0,99.0,64.0,2096.0,7074.68,2095.0,-600.0
L2606.DCE,20260113,6735.0,6676.0,6735.0,6784.0,6674.0,6765.0,6733.0,89.0,57.0,7450.0,25083.85,26731.0,1105.0
L2606F.DCE,20260113,6734.0,6676.0,6699.0,6782.0,6675.0,6767.0,6733.0,91.0,57.0,637.0,2144.64,446.0,53.0
L2607.DCE,20260113,6754.0,6724.0,6740.0,6790.0,6740.0,6790.0,6767.0,66.0,43.0,11.0,37.22,150.0,-3.0
L2607F.DCE,20260113,6724.0,6724.0,,,,6767.0,6767.0,43.0,43.0,0.0,0.0,1.0,0.0
L2608.DCE,20260113,6766.0,6722.0,6740.0,6803.0,6714.0,6791.0,6774.0,69.0,52.0,43.0,145.65,165.0,6.0
L2609.DCE,20260113,6772.0,6699.0,6761.0,6816.0,6711.0,6802.0,6766.0,103.0,67.0,27599.0,93370.28,45745.0,2349.0
L2610.DCE,20260113,6782.0,6764.0,6751.0,6819.0,6735.0,6799.0,6794.0,35.0,30.0,78.0,264.98,306.0,-44.0
L2611.DCE,20260113,6791.0,6757.0,6759.0,6839.0,6747.0,6835.0,6785.0,78.0,28.0,33.0,111.96,214.0,11.0
L2612.DCE,20260113,6805.0,6770.0,6789.0,6857.0,6770.0,6853.0,6793.0,83.0,23.0,53.0,180.02,117.0,35.0
LC.GFE,20260113,156060.0,155420.0,168000.0,174060.0,161540.0,166980.0,167860.0,11560.0,12440.0,608177.0,10209559.67,460281.0,
LC2601.GFE,20260113,146000.0,146000.0,162000.0,163520.0,162000.0,162800.0,163020.0,16800.0,17020.0,67.0,1092.32,1755.0,-596.0
LC2602.GFE,20260113,153440.0,148320.0,166100.0,166100.0,160920.0,165300.0,165000.0,16980.0,16680.0,43992.0,725885.15,22224.0,-11613.0
LC2603.GFE,20260113,153900.0,153180.0,161900.0,171560.0,161160.0,166040.0,166220.0,12860.0,13040.0,41610.0,691664.68,41498.0,-3001.0
LC2604.GFE,20260113,156660.0,155600.0,169880.0,174260.0,161740.0,167160.0,167880.0,11560.0,12280.0,13020.0,218590.88,44724.0,-1629.0
LC2605.GFE,20260113,156060.0,155420.0,168000.0,174060.0,161540.0,166980.0,167860.0,11560.0,12440.0,608177.0,10209559.67,460281.0,-46421.0
LC2606.GFE,20260113,156300.0,155560.0,169640.0,174220.0,162400.0,167080.0,167680.0,11520.0,12120.0,14090.0,236283.61,26024.0,-863.0
LC2607.GFE,20260113,157040.0,156220.0,166100.0,174960.0,161780.0,167600.0,168540.0,11380.0,12320.0,273521.0,4610012.76,130039.0,-15584.0
LC2608.GFE,20260113,157460.0,156060.0,170000.0,174780.0,163820.0,168660.0,168700.0,12600.0,12640.0,7371.0,124357.74,18579.0,-1790.0
LC2609.GFE,20260113,158420.0,157260.0,168000.0,176120.0,163720.0,169200.0,169540.0,11940.0,12280.0,149972.0,2542920.22,119056.0,-10666.0
LC2610.GFE,20260113,159000.0,156580.0,168840.0,175360.0,163140.0,169520.0,169800.0,12940.0,13220.0,8032.0,136384.87,11367.0,-2360.0
LC2611.GFE,20260113,159500.0,157620.0,171800.0,176520.0,164280.0,170180.0,169920.0,12560.0,12300.0,12335.0,209612.34,13849.0,222.0
LC2612.GFE,20260113,161080.0,159980.0,163980.0,179160.0,163980.0,170440.0,171780.0,10460.0,11800.0,9785.0,168102.73,11955.0,746.0
LCL.GFE,20260113,146000.0,146000.0,162000.0,163520.0,162000.0,162800.0,163020.0,16800.0,17020.0,67.0,1092.32,1755.0,
LG.DCE,20260113,773.0,774.0,772.0,775.5,772.0,774.5,773.0,0.5,-1.0,2730.0,19001.21,11723.0,
LG2601.DCE,20260113,770.0,770.0,,,,770.0,770.0,0.0,0.0,0.0,0.0,66.0,0.0
LG2603.DCE,20260113,773.0,774.0,772.0,775.5,772.0,774.5,773.0,0.5,-1.0,2730.0,19001.21,11723.0,-254.0
LG2605.DCE,20260113,786.5,786.0,786.5,788.5,784.5,786.0,786.5,0.0,0.5,568.0,4021.35,2586.0,79.0
LG2607.DCE,20260113,799.5,798.5,799.5,799.5,798.0,798.0,798.0,-0.5,-0.5,27.0,194.03,895.0,8.0
LG2609.DCE,20260113,811.0,810.0,809.0,810.5,809.0,810.0,809.5,0.0,-0.5,7.0,51.0,434.0,-1.0
LG2611.DCE,20260113,812.5,812.0,812.0,814.0,811.0,811.0,812.5,-1.0,0.5,53.0,387.7,184.0,5.0
LGL.DCE,20260113,770.0,770.0,,,,770.0,770.0,0.0,0.0,0.0,0.0,66.0,
LH.DCE,20260113,11735.0,11785.0,11735.0,11840.0,11730.0,11795.0,11795.0,10.0,10.0,57954.0,1093734.34,161067.0,
LH2601.DCE,20260113,12110.0,12100.0,12100.0,12160.0,12100.0,12160.0,12130.0,60.0,30.0,16.0,310.54,168.0,-21.0
LH2603.DCE,20260113,11735.0,11785.0,11735.0,11840.0,11730.0,11795.0,11795.0,10.0,10.0,57954.0,1093734.34,161067.0,-8770.0
LH2605.DCE,20260113,12165.0,12205.0,12165.0,12205.0,12110.0,12170.0,12170.0,-35.0,-35.0,16639.0,324117.12,98403.0,-888.0
LH2607.DCE,20260113,12825.0,12870.0,12820.0,12865.0,12805.0,12830.0,12835.0,-40.0,-35.0,3588.0,73690.86,43930.0,-176.0
LH2609.DCE,20260113,13730.0,13790.0,13750.0,13795.0,13705.0,13750.0,13760.0,-40.0,-30.0,3422.0,75347.38,35618.0,-390.0
LH2611.DCE,20260113,13705.0,13730.0,13685.0,13750.0,13650.0,13660.0,13695.0,-70.0,-35.0,1784.0,39099.24,16147.0,-9.0
LHL.DCE,20260113,12110.0,12100.0,12100.0,12160.0,12100.0,12160.0,12130.0,60.0,30.0,16.0,310.54,168.0,
LL.DCE,20260113,6506.0,6431.0,6506.0,6550.0,6451.0,6550.0,6535.0,119.0,104.0,848.0,2771.03,6776.0,
LR.ZCE,20260113,2360.0,2360.0,,,,2360.0,2360.0,0.0,0.0,0.0,0.0,0.0,
LR2601.ZCE,20260113,2360.0,2360.0,,,,2360.0,2360.0,0.0,0.0,0.0,0.0,0.0,0.0
LRL.ZCE,20260113,2360.0,2360.0,,,,2360.0,2360.0,0.0,0.0,0.0,0.0,0.0,
LU.INE,20260113,3026.0,3016.0,3009.0,3070.0,2988.0,3066.0,3022.0,50.0,6.0,80472.0,243202.46,76667.0,
LU2602.INE,20260113,3040.0,3043.0,3019.0,3084.0,3015.0,3078.0,3045.0,35.0,2.0,830.0,2528.06,5329.0,-269.0
LU2603.INE,20260113,3026.0,3016.0,3009.0,3070.0,2988.0,3066.0,3022.0,50.0,6.0,80472.0,243202.46,76667.0,-1361.0
LU2604.INE,20260113,3023.0,3008.0,3012.0,3071.0,2985.0,3069.0,3027.0,61.0,19.0,43991.0,133192.09,72941.0,6068.0
LU2605.INE,20260113,3019.0,3003.0,3008.0,3066.0,2985.0,3063.0,3023.0,60.0,20.0,12477.0,37725.33,20542.0,2511.0
LU2606.INE,20260113,3019.0,3003.0,3001.0,3061.0,2982.0,3060.0,3026.0,57.0,23.0,679.0,2054.81,1182.0,16.0
LU2607.INE,20260113,3019.0,3005.0,3005.0,3074.0,3001.0,3074.0,3034.0,69.0,29.0,12.0,36.41,233.0,-1.0
LU2608.INE,20260113,3032.0,3025.0,3011.0,3011.0,3011.0,3011.0,3011.0,-14.0,-14.0,1.0,3.01,233.0,1.0
LU2609.INE,20260113,3050.0,3030.0,3038.0,3085.0,3016.0,3081.0,3055.0,51.0,25.0,79.0,241.42,1363.0,-1.0
LU2610.INE,20260113,3045.0,3036.0,3087.0,3087.0,3087.0,3087.0,3087.0,51.0,51.0,3.0,9.26,50.0,1.0
LU2611.INE,20260113,3054.0,3054.0,3028.0,3108.0,3028.0,3108.0,3082.0,54.0,28.0,13.0,40.07,128.0,4.0
LU2612.INE,20260113,3063.0,3072.0,,,,3094.0,3094.0,22.0,22.0,0.0,0.0,30.0,0.0
LU2701.INE,20260113,3088.0,3077.0,,,,3112.0,3112.0,35.0,35.0,0.0,0.0,13.0,0.0
LUL.INE,20260113,3040.0,3043.0,3019.0,3084.0,3015.0,3078.0,3045.0,35.0,2.0,830.0,2528.06,5329.0,
L_F.DCE,20260113,6737.0,6671.0,6715.0,6789.0,6682.0,6770.0,6735.0,99.0,64.0,2096.0,7074.68,2095.0,
L_FL.DCE,20260113,6541.0,6484.0,6519.0,6560.0,6487.0,6551.0,6530.0,67.0,46.0,1750.0,5710.12,1589.0,
M.DCE,20260113,2790.0,2786.0,2799.0,2805.0,2756.0,2761.0,2776.0,-25.0,-10.0,1180639.0,3277481.11,2258105.0,
M2601.DCE,20260113,3124.0,3124.0,3124.0,3310.0,3124.0,3154.0,3133.0,30.0,9.0,110.0,344.71,1456.0,-74.0
M2603.DCE,20260113,3117.0,3095.0,3119.0,3138.0,3091.0,3117.0,3116.0,22.0,21.0,205862.0,641592.49,551279.0,-15977.0
M2605.DCE,20260113,2790.0,2786.0,2799.0,2805.0,2756.0,2761.0,2776.0,-25.0,-10.0,1180639.0,3277481.11,2258105.0,-34267.0
M2607.DCE,20260113,2734.0,2731.0,2736.0,2745.0,2706.0,2709.0,2721.0,-22.0,-10.0,63867.0,173818.25,405557.0,8062.0
M2608.DCE,20260113,2879.0,2877.0,2882.0,2894.0,2853.0,2853.0,2870.0,-24.0,-7.0,17776.0,51022.61,106705.0,1286.0
M2609.DCE,20260113,2886.0,2882.0,2889.0,2903.0,2858.0,2859.0,2875.0,-23.0,-7.0,151910.0,436787.51,364206.0,15589.0
M2611.DCE,20260113,2903.0,2902.0,2905.0,2921.0,2880.0,2880.0,2896.0,-22.0,-6.0,16676.0,48303.25,79569.0,3340.0
M2612.DCE,20260113,2950.0,2946.0,2955.0,2970.0,2930.0,2930.0,2946.0,-16.0,0.0,5592.0,16479.5,25275.0,3447.0
MA.ZCE,20260113,2263.0,2267.0,2250.0,2295.0,2229.0,2263.0,2262.0,-4.0,-5.0,1600904.0,3621444.92,830030.0,
MA2601.ZCE,20260113,2225.0,2228.0,2163.0,2219.0,2094.0,2169.0,2180.0,-59.0,-48.0,380.0,828.24,2972.0,-75.0
MA2602.ZCE,20260113,2250.0,2257.0,2241.0,2267.0,2212.0,2226.0,2239.0,-31.0,-18.0,104259.0,232336.95,40114.0,11960.0
MA2603.ZCE,20260113,2266.0,2274.0,2256.0,2288.0,2227.0,2249.0,2258.0,-25.0,-16.0,156119.0,352438.85,124579.0,1535.0
MA2604.ZCE,20260113,2271.0,2276.0,2262.0,2298.0,2235.0,2262.0,2265.0,-14.0,-11.0,70643.0,160005.54,27254.0,876.0
MA2605.ZCE,20260113,2263.0,2267.0,2250.0,2295.0,2229.0,2263.0,2262.0,-4.0,-5.0,1600904.0,3621444.92,830030.0,-33561.0
MA2606.ZCE,20260113,2262.0,2268.0,2256.0,2305.0,2241.0,2272.0,2274.0,4.0,6.0,32189.0,73193.34,23597.0,-389.0
MA2607.ZCE,20260113,2260.0,2264.0,2262.0,2300.0,2240.0,2270.0,2265.0,6.0,1.0,680.0,1540.31,3112.0,75.0
MA2608.ZCE,20260113,2270.0,2268.0,2263.0,2303.0,2248.0,2280.0,2270.0,12.0,2.0,249.0,565.33,2210.0,58.0
MA2609.ZCE,20260113,2261.0,2261.0,2250.0,2297.0,2242.0,2268.0,2270.0,7.0,9.0,49105.0,111471.59,102149.0,6478.0
MA2610.ZCE,20260113,2266.0,2271.0,2260.0,2297.0,2250.0,2277.0,2278.0,6.0,7.0,89.0,202.75,1175.0,-13.0
MA2611.ZCE,20260113,2271.0,2278.0,2270.0,2302.0,2258.0,2280.0,2287.0,2.0,9.0,126.0,288.2,1734.0,-3.0
MA2612.ZCE,20260113,2288.0,2293.0,2283.0,2316.0,2274.0,2298.0,2298.0,5.0,5.0,218.0,501.0,1954.0,51.0
MAL.ZCE,20260113,2225.0,2228.0,2163.0,2219.0,2094.0,2169.0,2180.0,-59.0,-48.0,380.0,828.24,2972.0,
ML.DCE,20260113,3124.0,3124.0,3124.0,3310.0,3124.0,3154.0,3133.0,30.0,9.0,110.0,344.71,1456.0,
NI.SHF,20260113,144200.0,141580.0,145000.0,145470.0,138130.0,138450.0,141090.0,-3130.0,-490.0,1277690.0,18027017.32,119485.0,
NI2601.SHF,20260113,141800.0,141010.0,142010.0,142010.0,139240.0,140200.0,141120.0,-810.0,110.0,174.0,2455.55,9108.0,0.0
NI2602.SHF,20260113,144200.0,141580.0,145000.0,145470.0,138130.0,138450.0,141090.0,-3130.0,-490.0,1277690.0,18027017.32,119485.0,-4663.0
NI2603.SHF,20260113,144390.0,141930.0,145460.0,145730.0,138310.0,138640.0,141270.0,-3290.0,-660.0,322068.0,4549983.75,108985.0,-3345.0
NI2604.SHF,20260113,144680.0,142100.0,145750.0,145810.0,138540.0,138980.0,141560.0,-3120.0,-540.0,40410.0,572074.06,30621.0,-1414.0
NI2605.SHF,20260113,144830.0,142450.0,145000.0,146000.0,138870.0,139270.0,141820.0,-3180.0,-630.0,197034.0,2794480.2,80504.0,-2514.0
NI2606.SHF,20260113,144910.0,141830.0,145990.0,146050.0,139000.0,139340.0,141760.0,-2490.0,-70.0,15867.0,224936.27,17099.0,250.0
NI2607.SHF,20260113,144810.0,141400.0,146000.0,146000.0,139100.0,139490.0,142130.0,-1910.0,730.0,3216.0,45711.79,4629.0,-20.0
NI2608.SHF,20260113,145000.0,141920.0,145800.0,146010.0,139170.0,139780.0,142370.0,-2140.0,450.0,2638.0,37558.18,4424.0,29.0
NI2609.SHF,20260113,145170.0,142300.0,145300.0,146140.0,139520.0,139940.0,142250.0,-2360.0,-50.0,27486.0,390995.21,15652.0,-61.0
NI2610.SHF,20260113,144900.0,140890.0,145150.0,145720.0,139240.0,139950.0,141970.0,-940.0,1080.0,2805.0,39823.2,5336.0,11.0
NI2611.SHF,20260113,145080.0,141850.0,145950.0,146130.0,139490.0,140240.0,142190.0,-1610.0,340.0,2137.0,30386.38,1233.0,98.0
NI2612.SHF,20260113,145160.0,142300.0,145180.0,146410.0,139830.0,140550.0,142740.0,-1750.0,440.0,2767.0,39498.58,3131.0,191.0
NIL.SHF,20260113,141800.0,141010.0,142010.0,142010.0,139240.0,140200.0,141120.0,-810.0,110.0,174.0,2455.55,9108.0,
NR.INE,20260113,13010.0,12895.0,13010.0,13050.0,12815.0,12840.0,12930.0,-55.0,35.0,70227.0,908141.84,70162.0,
NR2601.INE,20260113,12860.0,12860.0,,,,12860.0,12860.0,0.0,0.0,0.0,0.0,1830.0,0.0
NR2602.INE,20260113,12960.0,12855.0,12980.0,12995.0,12770.0,12800.0,12880.0,-55.0,25.0,8587.0,110629.3,13981.0,-1705.0
NR2603.INE,20260113,13010.0,12895.0,13010.0,13050.0,12815.0,12840.0,12930.0,-55.0,35.0,70227.0,908141.84,70162.0,-402.0
NR2604.INE,20260113,13050.0,12910.0,13035.0,13080.0,12855.0,12895.0,12970.0,-15.0,60.0,19212.0,249207.63,22247.0,1956.0
NR2605.INE,20260113,13095.0,12970.0,13100.0,13135.0,12910.0,12945.0,13020.0,-25.0,50.0,7125.0,92769.97,8848.0,228.0
NR2606.INE,20260113,13125.0,12935.0,13125.0,13170.0,12925.0,12980.0,13025.0,45.0,90.0,381.0,4963.56,1477.0,-47.0
NR2607.INE,20260113,13150.0,13150.0,13170.0,13170.0,13065.0,13065.0,13110.0,-85.0,-40.0,5.0,65.57,9.0,-3.0
NR2608.INE,20260113,13140.0,13100.0,13145.0,13145.0,13090.0,13090.0,13115.0,-10.0,15.0,2.0,26.24,27.0,-1.0
NR2609.INE,20260113,13195.0,13195.0,13110.0,13110.0,13070.0,13075.0,13085.0,-120.0,-110.0,3.0,39.26,16.0,0.0
NR2610.INE,20260113,12925.0,12925.0,13080.0,13080.0,13080.0,13080.0,13080.0,155.0,155.0,1.0,13.08,9.0,0.0
NR2611.INE,20260113,13305.0,13305.0,13150.0,13150.0,13150.0,13150.0,13150.0,-155.0,-155.0,1.0,13.15,9.0,0.0
NR2612.INE,20260113,12915.0,12915.0,12885.0,13140.0,12885.0,13140.0,13010.0,225.0,95.0,2.0,26.03,11.0,0.0
NRL.INE,20260113,12860.0,12860.0,,,,12860.0,12860.0,0.0,0.0,0.0,0.0,1830.0,
OI.ZCE,20260113,8980.0,8971.0,8974.0,9087.0,8953.0,9017.0,9017.0,46.0,46.0,242364.0,2185391.13,251744.0,
OI2601.ZCE,20260113,9689.0,9689.0,9598.0,9722.0,9430.0,9430.0,9565.0,-259.0,-124.0,20.0,191.3,1309.0,-11.0
OI2603.ZCE,20260113,9300.0,9269.0,9285.0,9419.0,9282.0,9363.0,9349.0,94.0,80.0,26811.0,250661.18,95378.0,2483.0
OI2605.ZCE,20260113,8980.0,8971.0,8974.0,9087.0,8953.0,9017.0,9017.0,46.0,46.0,242364.0,2185391.13,251744.0,-4586.0
OI2607.ZCE,20260113,8984.0,8970.0,8991.0,9075.0,8962.0,9017.0,9011.0,47.0,41.0,366.0,3298.04,907.0,-93.0
OI2609.ZCE,20260113,8962.0,8948.0,8965.0,9036.0,8926.0,8986.0,8986.0,38.0,38.0,3757.0,33760.99,8121.0,665.0
OI2611.ZCE,20260113,8934.0,8907.0,8945.0,8989.0,8926.0,8988.0,8970.0,81.0,63.0,23.0,206.32,159.0,-15.0
OIL.ZCE,20260113,9689.0,9689.0,9598.0,9722.0,9430.0,9430.0,9565.0,-259.0,-124.0,20.0,191.3,1309.0,
OP.SHF,20260113,4208.0,4178.0,4208.0,4212.0,4100.0,4100.0,4182.0,-78.0,4.0,4151.0,69459.9,15864.0,
OP2601.SHF,20260113,4100.0,4110.0,4102.0,4102.0,4102.0,4102.0,4102.0,-8.0,-8.0,1.0,16.41,47.0,-2.0
OP2602.SHF,20260113,4198.0,4166.0,4198.0,4198.0,4096.0,4096.0,4174.0,-70.0,8.0,1076.0,17967.44,443.0,-319.0
OP2603.SHF,20260113,4208.0,4178.0,4208.0,4212.0,4100.0,4100.0,4182.0,-78.0,4.0,4151.0,69459.9,15864.0,-38.0
OP2604.SHF,20260113,4218.0,4194.0,4194.0,4212.0,4154.0,4154.0,4182.0,-40.0,-12.0,27.0,451.8,95.0,1.0
OP2605.SHF,20260113,4208.0,4200.0,4200.0,4240.0,4166.0,4166.0,4202.0,-34.0,2.0,395.0,6640.5,496.0,3.0
OP2606.SHF,20260113,4248.0,4248.0,4228.0,4228.0,4228.0,4228.0,4228.0,-20.0,-20.0,1.0,16.91,24.0,-1.0
OP2607.SHF,20260113,4276.0,4276.0,4262.0,4262.0,4262.0,4262.0,4262.0,-14.0,-14.0,2.0,34.1,9.0,-2.0
OP2608.SHF,20260113,4314.0,4314.0,,,,4298.0,4298.0,-16.0,-16.0,0.0,0.0,1.0,0.0
OP2609.SHF,20260113,4354.0,4354.0,,,,4338.0,4338.0,-16.0,-16.0,0.0,0.0,4.0,0.0
OP2610.SHF,20260113,4300.0,4270.0,,,,4256.0,4256.0,-14.0,-14.0,0.0,0.0,2.0,0.0
OP2611.SHF,20260113,4364.0,4364.0,,,,4348.0,4348.0,-16.0,-16.0,0.0,0.0,1.0,0.0
OP2612.SHF,20260113,4332.0,4334.0,4318.0,4368.0,4318.0,4352.0,4324.0,18.0,-10.0,11.0,190.33,5.0,-4.0
OPL.SHF,20260113,4100.0,4110.0,4102.0,4102.0,4102.0,4102.0,4102.0,-8.0,-8.0,1.0,16.41,47.0,
P.DCE,20260113,8724.0,8658.0,8746.0,8866.0,8732.0,8778.0,8796.0,120.0,138.0,558865.0,4916216.2,439704.0,
P2601.DCE,20260113,8556.0,8556.0,8680.0,8680.0,8680.0,8680.0,8680.0,124.0,124.0,588.0,4982.68,797.0,-588.0
P2602.DCE,20260113,8712.0,8648.0,8734.0,8832.0,8694.0,8752.0,8764.0,104.0,116.0,9897.0,86741.91,8505.0,4.0
P2603.DCE,20260113,8714.0,8682.0,8742.0,8850.0,8724.0,8766.0,8780.0,84.0,98.0,2924.0,25676.04,7538.0,12.0
P2604.DCE,20260113,8742.0,8698.0,8778.0,8878.0,8756.0,8772.0,8808.0,74.0,110.0,1327.0,11689.98,3202.0,384.0
P2605.DCE,20260113,8724.0,8658.0,8746.0,8866.0,8732.0,8778.0,8796.0,120.0,138.0,558865.0,4916216.2,439704.0,21772.0
P2606.DCE,20260113,8688.0,8632.0,8716.0,8832.0,8706.0,8744.0,8762.0,112.0,130.0,1665.0,14590.35,2190.0,587.0
P2607.DCE,20260113,8660.0,8594.0,8698.0,8798.0,8682.0,8700.0,8740.0,106.0,146.0,1234.0,10786.34,1396.0,267.0
P2608.DCE,20260113,8636.0,8590.0,8684.0,8758.0,8662.0,8686.0,8696.0,96.0,106.0,38.0,330.52,58.0,-6.0
P2609.DCE,20260113,8618.0,8558.0,8626.0,8766.0,8626.0,8678.0,8696.0,120.0,138.0,38958.0,338784.34,64731.0,-317.0
P2610.DCE,20260113,8582.0,8516.0,8630.0,8720.0,8612.0,8628.0,8658.0,112.0,142.0,53.0,458.95,129.0,5.0
P2611.DCE,20260113,8600.0,8552.0,8648.0,8724.0,8626.0,8676.0,8662.0,124.0,110.0,18.0,155.93,57.0,-5.0
P2612.DCE,20260113,8598.0,8552.0,8652.0,8724.0,8614.0,8640.0,8662.0,88.0,110.0,13.0,112.61,13.0,2.0
PB.SHF,20260113,17440.0,17420.0,17480.0,17495.0,17270.0,17310.0,17370.0,-110.0,-50.0,33329.0,289495.59,34986.0,
PB2601.SHF,20260113,17405.0,17360.0,17405.0,17450.0,17200.0,17315.0,17275.0,-45.0,-85.0,480.0,4146.3,3765.0,60.0
PB2602.SHF,20260113,17440.0,17420.0,17480.0,17495.0,17270.0,17310.0,17370.0,-110.0,-50.0,33329.0,289495.59,34986.0,-5327.0
PB2603.SHF,20260113,17475.0,17460.0,17540.0,17540.0,17320.0,17360.0,17415.0,-100.0,-45.0,41289.0,359564.58,64233.0,698.0
PB2604.SHF,20260113,17505.0,17490.0,17505.0,17550.0,17355.0,17405.0,17440.0,-85.0,-50.0,4249.0,37056.2,8508.0,950.0
PB2605.SHF,20260113,17520.0,17525.0,17530.0,17575.0,17385.0,17430.0,17475.0,-95.0,-50.0,1076.0,9401.88,1288.0,-112.0
PB2606.SHF,20260113,17540.0,17525.0,17580.0,17590.0,17395.0,17400.0,17485.0,-125.0,-40.0,172.0,1503.92,169.0,20.0
PB2607.SHF,20260113,17575.0,17535.0,17565.0,17570.0,17485.0,17505.0,17525.0,-30.0,-10.0,68.0,595.94,59.0,-6.0
PB2608.SHF,20260113,17580.0,17580.0,17600.0,17600.0,17490.0,17540.0,17540.0,-40.0,-40.0,24.0,210.48,48.0,-5.0
PB2609.SHF,20260113,17640.0,17590.0,17640.0,17640.0,17500.0,17575.0,17555.0,-15.0,-35.0,62.0,544.24,152.0,33.0
PB2610.SHF,20260113,17635.0,17660.0,17675.0,17695.0,17615.0,17615.0,17645.0,-45.0,-15.0,7.0,61.77,131.0,0.0
PB2611.SHF,20260113,17675.0,17660.0,17630.0,17630.0,17600.0,17600.0,17620.0,-60.0,-40.0,4.0,35.25,60.0,2.0
PB2612.SHF,20260113,17680.0,17700.0,17700.0,17700.0,17700.0,17700.0,17700.0,0.0,0.0,1.0,8.85,44.0,0.0
PBL.SHF,20260113,17405.0,17360.0,17405.0,17450.0,17200.0,17315.0,17275.0,-45.0,-85.0,480.0,4146.3,3765.0,
PD.GFE,20260113,505.1,509.85,494.4,504.9,474.2,483.25,487.7,-26.6,-22.15,21838.0,1065112.99,13122.0,
PD2606.GFE,20260113,505.1,509.85,494.4,504.9,474.2,483.25,487.7,-26.6,-22.15,21838.0,1065112.99,13122.0,-100.0
PD2608.GFE,20260113,507.6,510.25,500.0,505.0,475.1,485.0,488.55,-25.25,-21.7,303.0,14804.4,997.0,38.0
PD2610.GFE,20260113,510.3,514.1,482.15,505.6,480.0,486.7,492.0,-27.4,-22.1,90.0,4428.19,651.0,0.0
PD2612.GFE,20260113,513.0,518.4,489.65,504.7,483.8,491.0,492.65,-27.4,-25.75,31.0,1527.34,434.0,3.0
PDL.GFE,20260113,505.1,509.85,494.4,504.9,474.2,483.25,487.7,-26.6,-22.15,21838.0,1065112.99,13122.0,
PF.ZCE,20260113,6502.0,6530.0,6514.0,6544.0,6458.0,6506.0,6502.0,-24.0,-28.0,137521.0,447065.64,189825.0,
PF2601.ZCE,20260113,6430.0,6430.0,,,,6430.0,6430.0,0.0,0.0,0.0,0.0,389.0,0.0
PF2602.ZCE,20260113,6484.0,6514.0,6478.0,6530.0,6446.0,6490.0,6486.0,-24.0,-28.0,51214.0,165298.09,34168.0,-6982.0
PF2603.ZCE,20260113,6502.0,6530.0,6514.0,6544.0,6458.0,6506.0,6502.0,-24.0,-28.0,137521.0,447065.64,189825.0,4309.0
PF2604.ZCE,20260113,6560.0,6584.0,6564.0,6602.0,6518.0,6564.0,6560.0,-20.0,-24.0,23454.0,76934.0,49320.0,319.0
PF2605.ZCE,20260113,6564.0,6588.0,6562.0,6596.0,6518.0,6568.0,6562.0,-20.0,-26.0,12127.0,39787.23,11005.0,-365.0
PF2606.ZCE,20260113,6546.0,6570.0,6554.0,6586.0,6502.0,6556.0,6552.0,-14.0,-18.0,13460.0,44090.88,22926.0,792.0
PF2607.ZCE,20260113,6596.0,6610.0,6542.0,6620.0,6510.0,6576.0,6570.0,-34.0,-40.0,20.0,65.7,122.0,-2.0
PF2608.ZCE,20260113,6574.0,6582.0,6520.0,6608.0,6486.0,6574.0,6554.0,-8.0,-28.0,14.0,45.88,13.0,-4.0
PF2609.ZCE,20260113,6556.0,6572.0,6512.0,6576.0,6504.0,6564.0,6542.0,-8.0,-30.0,28.0,91.58,114.0,2.0
PF2610.ZCE,20260113,6644.0,6656.0,6658.0,6668.0,6652.0,6652.0,6660.0,-4.0,4.0,3.0,9.99,12.0,2.0
PF2611.ZCE,20260113,6608.0,6608.0,6596.0,6666.0,6596.0,6666.0,6646.0,58.0,38.0,11.0,36.55,12.0,7.0
PF2612.ZCE,20260113,6596.0,6596.0,6590.0,6656.0,6590.0,6656.0,6624.0,60.0,28.0,2.0,6.62,3.0,-1.0
PFL.ZCE,20260113,6430.0,6430.0,,,,6430.0,6430.0,0.0,0.0,0.0,0.0,389.0,
PG.DCE,20260113,4239.0,4236.0,4237.0,4336.0,4177.0,4313.0,4256.0,77.0,20.0,59476.0,506293.9,24117.0,
PG2601.DCE,20260113,4255.0,4255.0,,,,4255.0,4255.0,0.0,0.0,0.0,0.0,0.0,0.0
PG2602.DCE,20260113,4239.0,4236.0,4237.0,4336.0,4177.0,4313.0,4256.0,77.0,20.0,59476.0,506293.9,24117.0,-5347.0
PG2603.DCE,20260113,4155.0,4151.0,4154.0,4236.0,4091.0,4224.0,4169.0,73.0,18.0,66445.0,554036.27,87016.0,5518.0
PG2604.DCE,20260113,4365.0,4357.0,4350.0,4443.0,4307.0,4431.0,4376.0,74.0,19.0,20900.0,182926.38,46736.0,4950.0
PG2605.DCE,20260113,4278.0,4276.0,4272.0,4352.0,4226.0,4346.0,4289.0,70.0,13.0,1663.0,14267.96,4190.0,247.0
PG2606.DCE,20260113,4193.0,4191.0,4196.0,4263.0,4143.0,4255.0,4197.0,64.0,6.0,1385.0,11625.96,6383.0,159.0
PG2607.DCE,20260113,4110.0,4100.0,4101.0,4171.0,4064.0,4162.0,4115.0,62.0,15.0,149.0,1226.56,492.0,-16.0
PG2608.DCE,20260113,4007.0,4010.0,4009.0,4077.0,3985.0,4063.0,4032.0,53.0,22.0,77.0,621.07,237.0,-26.0
PG2609.DCE,20260113,3940.0,3926.0,3890.0,3989.0,3890.0,3978.0,3941.0,52.0,15.0,481.0,3791.56,1542.0,-98.0
PG2610.DCE,20260113,4304.0,4301.0,4300.0,4348.0,4300.0,4344.0,4329.0,43.0,28.0,30.0,259.78,53.0,10.0
PG2611.DCE,20260113,4220.0,4215.0,4203.0,4358.0,4203.0,4358.0,4264.0,143.0,49.0,13.0,110.87,36.0,4.0
PG2612.DCE,20260113,4130.0,4126.0,4179.0,4280.0,4179.0,4195.0,4206.0,69.0,80.0,5.0,42.07,12.0,2.0
PGL.DCE,20260113,4255.0,4255.0,,,,4255.0,4255.0,0.0,0.0,0.0,0.0,0.0,
PK.ZCE,20260113,7868.0,7868.0,7850.0,7874.0,7820.0,7862.0,7852.0,-6.0,-16.0,71465.0,280574.66,158087.0,
PK2601.ZCE,20260113,8050.0,8050.0,,,,8050.0,8050.0,0.0,0.0,0.0,0.0,1012.0,-40.0
PK2603.ZCE,20260113,7868.0,7868.0,7850.0,7874.0,7820.0,7862.0,7852.0,-6.0,-16.0,71465.0,280574.66,158087.0,5506.0
PK2604.ZCE,20260113,7860.0,7854.0,7850.0,7870.0,7832.0,7852.0,7854.0,-2.0,0.0,20312.0,79759.93,34637.0,-328.0
PK2605.ZCE,20260113,7872.0,7866.0,7868.0,7884.0,7842.0,7874.0,7868.0,8.0,2.0,20943.0,82390.05,77005.0,3249.0
PK2610.ZCE,20260113,8262.0,8250.0,8224.0,8268.0,8200.0,8246.0,8240.0,-4.0,-10.0,513.0,2113.18,2639.0,180.0
PK2611.ZCE,20260113,8208.0,8196.0,8176.0,8234.0,8170.0,8208.0,8196.0,12.0,0.0,40.0,163.91,433.0,20.0
PK2612.ZCE,20260113,8218.0,8210.0,8228.0,8244.0,8192.0,8194.0,8226.0,-16.0,16.0,14.0,57.58,59.0,8.0
PKL.ZCE,20260113,8050.0,8050.0,,,,8050.0,8050.0,0.0,0.0,0.0,0.0,1012.0,
PL.DCE,20260113,8556.0,8556.0,8680.0,8680.0,8680.0,8680.0,8680.0,124.0,124.0,588.0,4982.68,797.0,
PL.ZCE,20260113,6071.0,6019.0,6080.0,6090.0,5980.0,6014.0,6021.0,-5.0,2.0,22746.0,273927.83,17345.0,
PL2601.ZCE,20260113,6125.0,6125.0,,,,6127.0,6127.0,2.0,2.0,0.0,0.0,0.0,0.0
PL2602.ZCE,20260113,5978.0,5938.0,5974.0,5980.0,5876.0,5905.0,5917.0,-33.0,-21.0,7379.0,87089.62,2970.0,-1120.0
PL2603.ZCE,20260113,6071.0,6019.0,6080.0,6090.0,5980.0,6014.0,6021.0,-5.0,2.0,22746.0,273927.83,17345.0,-661.0
PL2604.ZCE,20260113,6098.0,6043.0,6098.0,6114.0,6029.0,6065.0,6063.0,22.0,20.0,10578.0,128263.77,7983.0,177.0
PL2605.ZCE,20260113,6089.0,6047.0,6079.0,6111.0,6027.0,6070.0,6059.0,23.0,12.0,8668.0,105042.47,5506.0,137.0
PL2606.ZCE,20260113,6086.0,6086.0,6158.0,6158.0,6158.0,6158.0,6158.0,72.0,72.0,1.0,12.32,5.0,0.0
PL2607.ZCE,20260113,6062.0,6062.0,,,,6093.0,6093.0,31.0,31.0,0.0,0.0,36.0,0.0
PL2608.ZCE,20260113,6004.0,6004.0,,,,6004.0,6004.0,0.0,0.0,0.0,0.0,1.0,0.0
PL2609.ZCE,20260113,6049.0,6049.0,,,,6049.0,6049.0,0.0,0.0,0.0,0.0,5.0,0.0
PL2610.ZCE,20260113,6050.0,6050.0,,,,6050.0,6050.0,0.0,0.0,0.0,0.0,1.0,0.0
PL2611.ZCE,20260113,6037.0,6037.0,,,,6037.0,6037.0,0.0,0.0,0.0,0.0,0.0,0.0
PL2612.ZCE,20260113,6018.0,6018.0,,,,6018.0,6018.0,0.0,0.0,0.0,0.0,0.0,0.0
PLL.ZCE,20260113,6125.0,6125.0,,,,6127.0,6127.0,2.0,2.0,0.0,0.0,0.0,
PM.ZCE,20260113,3122.0,3122.0,,,,3122.0,3122.0,0.0,0.0,0.0,0.0,0.0,
PM2601.ZCE,20260113,3122.0,3122.0,,,,3122.0,3122.0,0.0,0.0,0.0,0.0,0.0,0.0
PM2603.ZCE,20260113,3122.0,3122.0,,,,3122.0,3122.0,0.0,0.0,0.0,0.0,0.0,0.0
PM2605.ZCE,20260113,3122.0,3122.0,,,,3122.0,3122.0,0.0,0.0,0.0,0.0,0.0,0.0
PM2607.ZCE,20260113,3122.0,3122.0,,,,3122.0,3122.0,0.0,0.0,0.0,0.0,0.0,0.0
PM2609.ZCE,20260113,3122.0,3122.0,,,,3122.0,3122.0,0.0,0.0,0.0,0.0,0.0,0.0
PM2611.ZCE,20260113,3122.0,3122.0,,,,3122.0,3122.0,0.0,0.0,0.0,0.0,0.0,0.0
PML.ZCE,20260113,3122.0,3122.0,,,,3122.0,3122.0,0.0,0.0,0.0,0.0,0.0,
PP.DCE,20260113,6560.0,6499.0,6542.0,6578.0,6500.0,6545.0,6540.0,46.0,41.0,427937.0,1399488.06,493438.0,
PP2601.DCE,20260113,6340.0,6311.0,6311.0,6350.0,6311.0,6343.0,6344.0,32.0,33.0,566.0,1795.56,3040.0,-263.0
PP2602.DCE,20260113,6411.0,6370.0,6436.0,6436.0,6361.0,6397.0,6402.0,27.0,32.0,10375.0,33210.45,14023.0,-1393.0
PP2602F.DCE,20260113,6389.0,6351.0,6372.0,6397.0,6346.0,6373.0,6373.0,22.0,22.0,903.0,2875.86,519.0,-140.0
PP2603.DCE,20260113,6438.0,6394.0,6438.0,6461.0,6382.0,6426.0,6425.0,32.0,31.0,12994.0,41746.09,55225.0,612.0
PP2603F.DCE,20260113,6442.0,6394.0,6417.0,6458.0,6389.0,6427.0,6425.0,33.0,31.0,362.0,1162.98,908.0,-27.0
PP2604.DCE,20260113,6534.0,6460.0,6521.0,6548.0,6473.0,6513.0,6511.0,53.0,51.0,7602.0,24749.46,39568.0,1887.0
PP2604F.DCE,20260113,6535.0,6460.0,6511.0,6546.0,6477.0,6514.0,6511.0,54.0,51.0,466.0,1518.37,636.0,-63.0
PP2605.DCE,20260113,6560.0,6499.0,6542.0,6578.0,6500.0,6545.0,6540.0,46.0,41.0,427937.0,1399488.06,493438.0,-9272.0
PP2605F.DCE,20260113,6563.0,6499.0,6530.0,6575.0,6506.0,6547.0,6540.0,48.0,41.0,366.0,1196.16,613.0,-2.0
PP2606.DCE,20260113,6546.0,6483.0,6535.0,6560.0,6486.0,6528.0,6526.0,45.0,43.0,5918.0,19313.15,27498.0,1350.0
PP2606F.DCE,20260113,6540.0,6483.0,6522.0,6559.0,6486.0,6513.0,6526.0,30.0,43.0,202.0,658.75,304.0,40.0
PP2607.DCE,20260113,6548.0,6498.0,6550.0,6563.0,6496.0,6530.0,6521.0,32.0,23.0,937.0,3055.33,5078.0,-92.0
PP2607F.DCE,20260113,6498.0,6498.0,,,,6521.0,6521.0,23.0,23.0,0.0,0.0,0.0,0.0
PP2608.DCE,20260113,6577.0,6534.0,6569.0,6589.0,6527.0,6553.0,6554.0,19.0,20.0,576.0,1887.84,10991.0,-156.0
PP2609.DCE,20260113,6607.0,6555.0,6619.0,6620.0,6553.0,6585.0,6590.0,30.0,35.0,32346.0,106584.74,90201.0,1293.0
PP2610.DCE,20260113,6545.0,6514.0,6528.0,6557.0,6503.0,6526.0,6525.0,12.0,11.0,293.0,956.01,9476.0,0.0
PP2611.DCE,20260113,6525.0,6486.0,6511.0,6520.0,6479.0,6479.0,6503.0,-7.0,17.0,18.0,58.53,142.0,0.0
PP2612.DCE,20260113,6469.0,6436.0,6458.0,6482.0,6443.0,6445.0,6469.0,9.0,33.0,979.0,3166.66,6504.0,341.0
PPL.DCE,20260113,6340.0,6311.0,6311.0,6350.0,6311.0,6343.0,6344.0,32.0,33.0,566.0,1795.56,3040.0,
PP_F.DCE,20260113,6535.0,6460.0,6511.0,6546.0,6477.0,6514.0,6511.0,54.0,51.0,466.0,1518.37,636.0,
PP_FL.DCE,20260113,6389.0,6351.0,6372.0,6397.0,6346.0,6373.0,6373.0,22.0,22.0,903.0,2875.86,519.0,
PR.ZCE,20260113,6090.0,6088.0,6110.0,6122.0,6032.0,6098.0,6080.0,10.0,-8.0,57388.0,523263.38,44987.0,
PR2601.ZCE,20260113,5956.0,5956.0,5980.0,5980.0,5878.0,5878.0,5900.0,-78.0,-56.0,146.0,1289.29,242.0,-92.0
PR2602.ZCE,20260113,6106.0,6102.0,6132.0,6142.0,6038.0,6114.0,6098.0,12.0,-4.0,6694.0,60624.75,2804.0,-338.0
PR2603.ZCE,20260113,6090.0,6088.0,6110.0,6122.0,6032.0,6098.0,6080.0,10.0,-8.0,57388.0,523263.38,44987.0,-1431.0
PR2604.ZCE,20260113,6086.0,6078.0,6100.0,6120.0,6032.0,6094.0,6082.0,16.0,4.0,30751.0,280484.9,15550.0,-526.0
PR2605.ZCE,20260113,6080.0,6080.0,6072.0,6114.0,6028.0,6088.0,6070.0,8.0,-10.0,8567.0,77995.97,12213.0,88.0
PR2606.ZCE,20260113,6136.0,6140.0,6100.0,6168.0,6084.0,6128.0,6124.0,-12.0,-16.0,23.0,211.27,203.0,12.0
PR2607.ZCE,20260113,6146.0,6130.0,6096.0,6166.0,6084.0,6084.0,6124.0,-46.0,-6.0,13.0,119.42,21.0,3.0
PR2608.ZCE,20260113,6180.0,6180.0,,,,6176.0,6176.0,-4.0,-4.0,0.0,0.0,14.0,0.0
PR2609.ZCE,20260113,6100.0,6110.0,6060.0,6110.0,6060.0,6090.0,6088.0,-20.0,-22.0,4.0,36.53,12.0,2.0
PR2610.ZCE,20260113,6086.0,6086.0,,,,6118.0,6118.0,32.0,32.0,0.0,0.0,2.0,0.0
PR2611.ZCE,20260113,6086.0,6086.0,,,,6112.0,6112.0,26.0,26.0,0.0,0.0,3.0,0.0
PR2612.ZCE,20260113,6086.0,6086.0,,,,6086.0,6086.0,0.0,0.0,0.0,0.0,0.0,0.0
PRL.ZCE,20260113,5956.0,5956.0,5980.0,5980.0,5878.0,5878.0,5900.0,-78.0,-56.0,146.0,1289.29,242.0,
PS.GFE,20260113,49995.0,51285.0,49655.0,51000.0,48145.0,49005.0,49670.0,-2280.0,-1615.0,28379.0,422886.88,48844.0,
PS2601.GFE,20260113,48725.0,50475.0,49300.0,49300.0,49300.0,49300.0,49300.0,-1175.0,-1175.0,9.0,133.11,9.0,0.0
PS2602.GFE,20260113,49300.0,50885.0,50000.0,50020.0,47990.0,48000.0,49425.0,-2885.0,-1460.0,2669.0,39577.16,6950.0,-1634.0
PS2603.GFE,20260113,49970.0,50975.0,50975.0,50975.0,48380.0,48400.0,49590.0,-2575.0,-1385.0,2930.0,43590.64,11524.0,-833.0
PS2604.GFE,20260113,49915.0,51075.0,49700.0,50250.0,48400.0,48700.0,49270.0,-2375.0,-1805.0,298.0,4404.98,2617.0,-71.0
PS2605.GFE,20260113,49995.0,51285.0,49655.0,51000.0,48145.0,49005.0,49670.0,-2280.0,-1615.0,28379.0,422886.88,48844.0,14.0
PS2606.GFE,20260113,50650.0,52035.0,50000.0,51500.0,49200.0,49500.0,50325.0,-2535.0,-1710.0,1885.0,28460.15,15281.0,212.0
PS2607.GFE,20260113,50205.0,52565.0,50060.0,50720.0,48985.0,49490.0,49910.0,-3075.0,-2655.0,205.0,3069.55,2196.0,29.0
PS2608.GFE,20260113,49300.0,51065.0,49260.0,49600.0,48800.0,48800.0,49260.0,-2265.0,-1805.0,19.0,280.79,333.0,-9.0
PS2609.GFE,20260113,50825.0,51305.0,53475.0,53475.0,49170.0,49205.0,50965.0,-2100.0,-340.0,45.0,688.09,441.0,-7.0
PS2610.GFE,20260113,52200.0,51200.0,51000.0,51000.0,50000.0,50000.0,50740.0,-1200.0,-460.0,4.0,60.89,106.0,-3.0
PS2611.GFE,20260113,50000.0,51615.0,49855.0,49855.0,49850.0,49850.0,49850.0,-1765.0,-1765.0,4.0,59.82,391.0,0.0
PS2612.GFE,20260113,52685.0,50285.0,,,,50285.0,50285.0,0.0,0.0,0.0,0.0,74.0,0.0
PSL.GFE,20260113,48725.0,50475.0,49300.0,49300.0,49300.0,49300.0,49300.0,-1175.0,-1175.0,9.0,133.11,9.0,
PT.GFE,20260113,622.8,625.85,614.15,623.35,590.5,605.05,608.35,-20.8,-17.5,30480.0,1854317.7,31250.0,
PT2606.GFE,20260113,622.8,625.85,614.15,623.35,590.5,605.05,608.35,-20.8,-17.5,30480.0,1854317.7,31250.0,-680.0
PT2608.GFE,20260113,622.1,624.5,618.4,622.7,590.55,604.0,607.65,-20.5,-16.85,1518.0,92244.58,3707.0,-131.0
PT2610.GFE,20260113,621.7,624.5,618.45,621.0,593.9,605.15,609.25,-19.35,-15.25,491.0,29915.61,2573.0,5.0
PT2612.GFE,20260113,622.7,625.0,601.05,626.0,595.0,604.75,609.65,-20.25,-15.35,158.0,9632.67,910.0,-55.0
PTL.GFE,20260113,622.8,625.85,614.15,623.35,590.5,605.05,608.35,-20.8,-17.5,30480.0,1854317.7,31250.0,
PX.ZCE,20260113,7308.0,7318.0,7308.0,7338.0,7216.0,7282.0,7274.0,-36.0,-44.0,296946.0,1079851.56,216387.0,
PX2601.ZCE,20260113,7290.0,7292.0,,,,7292.0,7292.0,0.0,0.0,0.0,0.0,1007.0,0.0
PX2602.ZCE,20260113,7274.0,7278.0,7278.0,7298.0,7190.0,7244.0,7244.0,-34.0,-34.0,1527.0,5530.73,4455.0,-466.0
PX2603.ZCE,20260113,7308.0,7318.0,7308.0,7338.0,7216.0,7282.0,7274.0,-36.0,-44.0,296946.0,1079851.56,216387.0,-12582.0
PX2604.ZCE,20260113,7322.0,7334.0,7328.0,7356.0,7238.0,7298.0,7296.0,-36.0,-38.0,36951.0,134790.05,43598.0,-584.0
PX2605.ZCE,20260113,7334.0,7344.0,7332.0,7372.0,7252.0,7320.0,7308.0,-24.0,-36.0,103537.0,378344.8,171330.0,-87.0
PX2606.ZCE,20260113,7320.0,7330.0,7296.0,7358.0,7238.0,7302.0,7298.0,-28.0,-32.0,20640.0,75312.3,15486.0,134.0
PX2607.ZCE,20260113,7334.0,7334.0,,,,7300.0,7300.0,-34.0,-34.0,0.0,0.0,31.0,0.0
PX2608.ZCE,20260113,7304.0,7282.0,,,,7282.0,7282.0,0.0,0.0,0.0,0.0,14.0,0.0
PX2609.ZCE,20260113,7264.0,7274.0,7250.0,7298.0,7198.0,7262.0,7230.0,-12.0,-44.0,684.0,2472.38,3665.0,200.0
PX2610.ZCE,20260113,7248.0,7246.0,,,,7246.0,7246.0,0.0,0.0,0.0,0.0,8.0,0.0
PX2611.ZCE,20260113,7206.0,7238.0,7220.0,7220.0,7220.0,7220.0,7220.0,-18.0,-18.0,1.0,3.61,8.0,0.0
PX2612.ZCE,20260113,7206.0,7246.0,,,,7246.0,7246.0,0.0,0.0,0.0,0.0,17.0,0.0
PXL.ZCE,20260113,7290.0,7292.0,,,,7292.0,7292.0,0.0,0.0,0.0,0.0,1007.0,
RB.SHF,20260113,3165.0,3158.0,3169.0,3173.0,3150.0,3158.0,3161.0,0.0,3.0,837879.0,2648877.8,1687943.0,
RB2601.SHF,20260113,3133.0,3132.0,3132.0,3134.0,3132.0,3134.0,3132.0,2.0,0.0,930.0,2913.0,5460.0,-660.0
RB2602.SHF,20260113,3115.0,3110.0,3122.0,3125.0,3110.0,3114.0,3116.0,4.0,6.0,517.0,1611.26,5540.0,2.0
RB2603.SHF,20260113,3140.0,3132.0,3147.0,3148.0,3125.0,3132.0,3136.0,0.0,4.0,13349.0,41874.43,269337.0,-4402.0
RB2604.SHF,20260113,3145.0,3140.0,3145.0,3151.0,3130.0,3140.0,3143.0,0.0,3.0,978.0,3074.37,3410.0,-258.0
RB2605.SHF,20260113,3165.0,3158.0,3169.0,3173.0,3150.0,3158.0,3161.0,0.0,3.0,837879.0,2648877.8,1687943.0,-38760.0
RB2606.SHF,20260113,3173.0,3170.0,3170.0,3181.0,3145.0,3167.0,3168.0,-3.0,-2.0,485.0,1536.66,6438.0,40.0
RB2607.SHF,20260113,3199.0,3195.0,3200.0,3209.0,3184.0,3194.0,3196.0,-1.0,1.0,42571.0,136083.54,187613.0,8464.0
RB2608.SHF,20260113,3201.0,3199.0,3203.0,3207.0,3192.0,3199.0,3198.0,0.0,-1.0,44.0,140.75,533.0,5.0
RB2609.SHF,20260113,3208.0,3200.0,3204.0,3216.0,3195.0,3198.0,3203.0,-2.0,3.0,1288.0,4126.37,4049.0,244.0
RB2610.SHF,20260113,3211.0,3206.0,3205.0,3219.0,3196.0,3202.0,3208.0,-4.0,2.0,26425.0,84785.54,119173.0,3428.0
RB2611.SHF,20260113,3214.0,3213.0,3218.0,3222.0,3205.0,3211.0,3215.0,-2.0,2.0,53.0,170.41,338.0,0.0
RB2612.SHF,20260113,3219.0,3221.0,3219.0,3232.0,3215.0,3225.0,3222.0,4.0,1.0,251.0,808.81,284.0,9.0
RBL.SHF,20260113,3133.0,3132.0,3132.0,3134.0,3132.0,3134.0,3132.0,2.0,0.0,930.0,2913.0,5460.0,
RI.ZCE,20260113,2479.0,2479.0,,,,2479.0,2479.0,0.0,0.0,0.0,0.0,0.0,
RI2601.ZCE,20260113,2479.0,2479.0,,,,2479.0,2479.0,0.0,0.0,0.0,0.0,0.0,0.0
RI2603.ZCE,20260113,2479.0,2479.0,,,,2479.0,2479.0,0.0,0.0,0.0,0.0,0.0,0.0
RI2605.ZCE,20260113,2479.0,2479.0,,,,2479.0,2479.0,0.0,0.0,0.0,0.0,0.0,0.0
RI2607.ZCE,20260113,2479.0,2479.0,,,,2479.0,2479.0,0.0,0.0,0.0,0.0,0.0,0.0
RI2609.ZCE,20260113,2479.0,2479.0,,,,2479.0,2479.0,0.0,0.0,0.0,0.0,0.0,0.0
RI2611.ZCE,20260113,2479.0,2479.0,,,,2479.0,2479.0,0.0,0.0,0.0,0.0,0.0,0.0
RIL.ZCE,20260113,2479.0,2479.0,,,,2479.0,2479.0,0.0,0.0,0.0,0.0,0.0,
RM.ZCE,20260113,2330.0,2328.0,2330.0,2337.0,2305.0,2314.0,2323.0,-14.0,-5.0,480155.0,1115489.73,834183.0,
RM2601.ZCE,20260113,2770.0,2770.0,2992.0,2992.0,2548.0,2600.0,2619.0,-170.0,-151.0,23.0,60.25,198.0,-3.0
RM2603.ZCE,20260113,2397.0,2390.0,2398.0,2413.0,2375.0,2405.0,2397.0,15.0,7.0,11409.0,27343.77,20996.0,-340.0
RM2605.ZCE,20260113,2330.0,2328.0,2330.0,2337.0,2305.0,2314.0,2323.0,-14.0,-5.0,480155.0,1115489.73,834183.0,6401.0
RM2607.ZCE,20260113,2324.0,2324.0,2326.0,2331.0,2302.0,2305.0,2316.0,-19.0,-8.0,27538.0,63767.59,43423.0,6715.0
RM2608.ZCE,20260113,2422.0,2421.0,2424.0,2429.0,2400.0,2405.0,2416.0,-16.0,-5.0,1327.0,3205.41,3788.0,9.0
RM2609.ZCE,20260113,2394.0,2393.0,2397.0,2403.0,2374.0,2378.0,2387.0,-15.0,-6.0,36577.0,87325.91,64120.0,2427.0
RM2611.ZCE,20260113,2319.0,2314.0,2317.0,2326.0,2293.0,2298.0,2307.0,-16.0,-7.0,4372.0,10085.1,7940.0,1415.0
RML.ZCE,20260113,2770.0,2770.0,2992.0,2992.0,2548.0,2600.0,2619.0,-170.0,-151.0,23.0,60.25,198.0,
RR.DCE,20260113,3659.0,3654.0,3658.0,3661.0,3656.0,3659.0,3658.0,5.0,4.0,1891.0,6917.78,11316.0,
RR2601.DCE,20260113,3610.0,3610.0,,,,3610.0,3610.0,0.0,0.0,0.0,0.0,0.0,0.0
RR2602.DCE,20260113,3659.0,3654.0,3658.0,3661.0,3656.0,3659.0,3658.0,5.0,4.0,1891.0,6917.78,11316.0,-1369.0
RR2603.DCE,20260113,3568.0,3564.0,3567.0,3574.0,3567.0,3572.0,3571.0,8.0,7.0,803.0,2868.01,9805.0,80.0
RR2604.DCE,20260113,3562.0,3565.0,3563.0,3574.0,3563.0,3572.0,3568.0,7.0,3.0,656.0,2340.96,1418.0,384.0
RR2605.DCE,20260113,3585.0,3585.0,3591.0,3592.0,3587.0,3587.0,3589.0,2.0,4.0,7.0,25.13,32.0,-2.0
RR2606.DCE,20260113,3572.0,3572.0,3579.0,3579.0,3577.0,3577.0,3578.0,5.0,6.0,4.0,14.31,16.0,0.0
RR2607.DCE,20260113,3581.0,3581.0,3581.0,3583.0,3580.0,3580.0,3581.0,-1.0,0.0,3.0,10.74,11.0,1.0
RR2608.DCE,20260113,3595.0,3595.0,3597.0,3597.0,3595.0,3595.0,3596.0,0.0,1.0,2.0,7.19,26.0,1.0
RR2609.DCE,20260113,3593.0,3604.0,3602.0,3602.0,3602.0,3602.0,3602.0,-2.0,-2.0,2.0,7.2,27.0,0.0
RR2610.DCE,20260113,3591.0,3591.0,,,,3591.0,3591.0,0.0,0.0,0.0,0.0,7.0,0.0
RR2611.DCE,20260113,3597.0,3602.0,,,,3602.0,3602.0,0.0,0.0,0.0,0.0,19.0,0.0
RR2612.DCE,20260113,3582.0,3588.0,3592.0,3593.0,3583.0,3593.0,3589.0,5.0,1.0,3.0,10.77,32.0,0.0
RRL.DCE,20260113,3610.0,3610.0,,,,3610.0,3610.0,0.0,0.0,0.0,0.0,0.0,
RS.ZCE,20260113,5557.0,5550.0,5462.0,5520.0,5005.0,5460.0,5219.0,-90.0,-331.0,511.0,2666.68,80.0,
RS2607.ZCE,20260113,5557.0,5550.0,5462.0,5520.0,5005.0,5460.0,5219.0,-90.0,-331.0,511.0,2666.68,80.0,70.0
RS2608.ZCE,20260113,5498.0,5498.0,,,,5498.0,5498.0,0.0,0.0,0.0,0.0,0.0,0.0
RS2609.ZCE,20260113,5447.0,5443.0,5408.0,5483.0,5270.0,5483.0,5372.0,40.0,-71.0,36.0,193.39,6.0,3.0
RS2611.ZCE,20260113,5481.0,5481.0,,,,5481.0,5481.0,0.0,0.0,0.0,0.0,0.0,0.0
RSL.ZCE,20260113,5557.0,5550.0,5462.0,5520.0,5005.0,5460.0,5219.0,-90.0,-331.0,511.0,2666.68,80.0,
RU.SHF,20260113,16130.0,15975.0,16110.0,16235.0,15940.0,15975.0,16075.0,0.0,100.0,380256.0,6113416.75,194674.0,
RU2601.SHF,20260113,16055.0,16020.0,16080.0,16110.0,16000.0,16000.0,16055.0,-20.0,35.0,85.0,1364.77,2337.0,-47.0
RU2603.SHF,20260113,16070.0,15945.0,16040.0,16185.0,15905.0,15925.0,16020.0,-20.0,75.0,3558.0,57015.88,2335.0,-66.0
RU2604.SHF,20260113,16135.0,15955.0,16030.0,16145.0,16030.0,16085.0,16060.0,130.0,105.0,8.0,128.48,220.0,0.0
RU2605.SHF,20260113,16130.0,15975.0,16110.0,16235.0,15940.0,15975.0,16075.0,0.0,100.0,380256.0,6113416.75,194674.0,-5832.0
RU2606.SHF,20260113,16140.0,16030.0,16150.0,16150.0,15975.0,16005.0,16055.0,-25.0,25.0,24.0,385.42,76.0,2.0
RU2607.SHF,20260113,16090.0,15965.0,16105.0,16210.0,15930.0,15935.0,16015.0,-30.0,50.0,308.0,4933.3,731.0,42.0
RU2608.SHF,20260113,15820.0,15820.0,,,,15880.0,15880.0,60.0,60.0,0.0,0.0,20.0,0.0
RU2609.SHF,20260113,16110.0,15960.0,16090.0,16215.0,15915.0,15945.0,16055.0,-15.0,95.0,36480.0,585798.81,37888.0,1538.0
RU2610.SHF,20260113,16125.0,16125.0,16125.0,16125.0,15980.0,15990.0,16040.0,-135.0,-85.0,9.0,144.37,56.0,2.0
RU2611.SHF,20260113,16075.0,15935.0,16095.0,16160.0,15910.0,15940.0,16050.0,5.0,115.0,28.0,449.53,98.0,1.0
RUL.SHF,20260113,16055.0,16020.0,16080.0,16110.0,16000.0,16000.0,16055.0,-20.0,35.0,85.0,1364.77,2337.0,
SA.ZCE,20260113,1239.0,1228.0,1242.0,1242.0,1209.0,1212.0,1224.0,-16.0,-4.0,1041362.0,2549463.87,1206897.0,
SA2601.ZCE,20260113,1149.0,1143.0,1155.0,1156.0,1129.0,1136.0,1148.0,-7.0,5.0,586.0,1342.27,3778.0,-258.0
SA2602.ZCE,20260113,1197.0,1186.0,1198.0,1201.0,1168.0,1169.0,1182.0,-17.0,-4.0,58188.0,136479.6,24376.0,3689.0
SA2603.ZCE,20260113,1202.0,1193.0,1210.0,1210.0,1175.0,1177.0,1190.0,-16.0,-3.0,72485.0,172507.15,134701.0,1040.0
SA2604.ZCE,20260113,1236.0,1227.0,1237.0,1238.0,1207.0,1210.0,1224.0,-17.0,-3.0,39817.0,97481.82,38679.0,1333.0
SA2605.ZCE,20260113,1239.0,1228.0,1242.0,1242.0,1209.0,1212.0,1224.0,-16.0,-4.0,1041362.0,2549463.87,1206897.0,12386.0
SA2606.ZCE,20260113,1266.0,1255.0,1263.0,1264.0,1237.0,1238.0,1254.0,-17.0,-1.0,20135.0,50484.75,38160.0,2632.0
SA2607.ZCE,20260113,1266.0,1257.0,1263.0,1269.0,1239.0,1243.0,1252.0,-14.0,-5.0,1227.0,3073.61,12476.0,94.0
SA2608.ZCE,20260113,1300.0,1291.0,1297.0,1297.0,1273.0,1274.0,1289.0,-17.0,-2.0,851.0,2193.49,3686.0,-297.0
SA2609.ZCE,20260113,1302.0,1292.0,1304.0,1304.0,1271.0,1273.0,1285.0,-19.0,-7.0,34101.0,87650.46,125267.0,4193.0
SA2610.ZCE,20260113,1316.0,1306.0,1315.0,1315.0,1287.0,1292.0,1299.0,-14.0,-7.0,348.0,904.17,5668.0,-33.0
SA2611.ZCE,20260113,1316.0,1309.0,1311.0,1313.0,1289.0,1291.0,1304.0,-18.0,-5.0,958.0,2498.27,6595.0,-213.0
SA2612.ZCE,20260113,1328.0,1323.0,1330.0,1330.0,1305.0,1306.0,1315.0,-17.0,-8.0,342.0,899.71,5177.0,-67.0
SAL.ZCE,20260113,1149.0,1143.0,1155.0,1156.0,1129.0,1136.0,1148.0,-7.0,5.0,586.0,1342.27,3778.0,
SC.INE,20260113,437.5,435.7,436.0,445.7,432.0,445.6,437.7,9.9,2.0,65173.0,2853070.28,22578.0,
SC2602.INE,20260113,437.5,435.7,436.0,445.7,432.0,445.6,437.7,9.9,2.0,65173.0,2853070.28,22578.0,-2473.0
SC2603.INE,20260113,438.6,436.8,436.6,446.7,433.3,446.7,439.4,9.9,2.6,51190.0,2249297.55,33792.0,4111.0
SC2604.INE,20260113,438.5,437.1,438.5,445.8,433.6,445.4,439.7,8.3,2.6,11257.0,495039.49,15997.0,-198.0
SC2605.INE,20260113,440.4,439.1,439.1,446.4,435.2,446.4,441.4,7.3,2.3,3800.0,167746.06,6251.0,-347.0
SC2606.INE,20260113,441.9,440.6,441.1,447.0,436.6,447.0,442.9,6.4,2.3,2057.0,91108.34,5496.0,-530.0
SC2607.INE,20260113,443.5,442.2,442.7,447.8,437.8,447.6,443.9,5.4,1.7,411.0,18244.48,2264.0,-21.0
SC2608.INE,20260113,445.1,444.0,443.0,449.1,439.3,448.1,445.1,4.1,1.1,148.0,6587.67,993.0,-38.0
SC2609.INE,20260113,445.7,445.3,445.7,449.9,439.5,449.9,444.0,4.6,-1.3,421.0,18694.76,1760.0,56.0
SC2610.INE,20260113,447.3,446.2,446.5,449.8,441.4,449.8,446.9,3.6,0.7,153.0,6837.79,990.0,29.0
SC2611.INE,20260113,447.3,446.0,443.8,450.1,441.6,449.9,446.3,3.9,0.3,176.0,7855.25,321.0,137.0
SC2612.INE,20260113,449.0,448.3,447.2,452.0,442.3,451.5,448.3,3.2,0.0,443.0,19860.36,1077.0,92.0
SC2701.INE,20260113,451.4,446.8,445.0,450.8,445.0,450.8,449.5,4.0,2.7,5.0,224.75,12.0,4.0
SC2703.INE,20260113,445.9,445.9,,,,451.3,451.3,5.4,5.4,0.0,0.0,34.0,0.0
SC2706.INE,20260113,459.4,456.8,456.0,456.0,449.1,449.1,453.0,-7.7,-3.8,3.0,135.92,73.0,0.0
SC2709.INE,20260113,462.8,460.1,465.9,465.9,465.9,465.9,465.9,5.8,5.8,1.0,46.59,87.0,0.0
SC2712.INE,20260113,460.0,460.0,448.9,466.6,448.9,466.6,463.1,6.6,3.1,21.0,972.66,105.0,7.0
SC2803.INE,20260113,461.0,461.0,492.2,492.3,463.2,468.1,473.3,7.1,12.3,27.0,1277.93,90.0,3.0
SC2806.INE,20260113,462.5,459.7,466.8,469.8,466.6,469.8,467.4,10.1,7.7,9.0,420.66,124.0,2.0
SC2809.INE,20260113,465.0,464.9,471.0,472.0,471.0,472.0,471.5,7.1,6.6,2.0,94.3,153.0,1.0
SC2812.INE,20260113,465.5,465.2,476.9,477.0,472.7,477.0,475.9,11.8,10.7,6.0,285.55,46.0,3.0
SCL.INE,20260113,437.5,435.7,436.0,445.7,432.0,445.6,437.7,9.9,2.0,65173.0,2853070.28,22578.0,
SCTAS2602.INE,20260113,,435.7,,,,,437.7,,2.0,0.0,0.0,,
SCTAS2603.INE,20260113,,436.8,,,,,439.4,,2.6,0.0,0.0,,
SCTAS2604.INE,20260113,,437.1,,,,,439.7,,2.6,0.0,0.0,,
SCTAS2605.INE,20260113,,439.1,,,,,441.4,,2.3,0.0,0.0,,
SCTASL.INE,20260113,,435.7,,,,,437.7,,2.0,0.0,0.0,,
SF.ZCE,20260113,5698.0,5688.0,5662.0,5748.0,5658.0,5682.0,5704.0,-6.0,16.0,162961.0,464672.15,220837.0,
SF2601.ZCE,20260113,5496.0,5496.0,5510.0,5524.0,5510.0,5522.0,5516.0,26.0,20.0,14.0,38.62,2996.0,-2.0
SF2602.ZCE,20260113,5530.0,5530.0,5502.0,5560.0,5490.0,5500.0,5518.0,-30.0,-12.0,12801.0,35188.62,6069.0,-829.0
SF2603.ZCE,20260113,5698.0,5688.0,5662.0,5748.0,5658.0,5682.0,5704.0,-6.0,16.0,162961.0,464672.15,220837.0,-3885.0
SF2604.ZCE,20260113,5688.0,5664.0,5664.0,5732.0,5652.0,5670.0,5688.0,6.0,24.0,45992.0,130772.04,42108.0,-1394.0
SF2605.ZCE,20260113,5674.0,5668.0,5650.0,5726.0,5640.0,5660.0,5678.0,-8.0,10.0,31427.0,89228.93,66608.0,1255.0
SF2606.ZCE,20260113,5636.0,5624.0,5606.0,5680.0,5602.0,5618.0,5634.0,-6.0,10.0,19045.0,53652.05,29971.0,745.0
SF2607.ZCE,20260113,5770.0,5776.0,5790.0,5798.0,5762.0,5768.0,5778.0,-8.0,2.0,106.0,306.22,376.0,-25.0
SF2608.ZCE,20260113,5758.0,5764.0,5744.0,5780.0,5734.0,5734.0,5760.0,-30.0,-4.0,4.0,11.52,71.0,-1.0
SF2609.ZCE,20260113,5736.0,5744.0,5734.0,5778.0,5712.0,5730.0,5744.0,-14.0,0.0,650.0,1866.36,2158.0,136.0
SF2610.ZCE,20260113,5696.0,5702.0,5730.0,5750.0,5678.0,5694.0,5698.0,-8.0,-4.0,111.0,316.24,426.0,22.0
SF2611.ZCE,20260113,5836.0,5848.0,5842.0,5886.0,5818.0,5824.0,5840.0,-24.0,-8.0,34.0,99.28,311.0,-20.0
SF2612.ZCE,20260113,5824.0,5818.0,5816.0,5848.0,5808.0,5808.0,5826.0,-10.0,8.0,11.0,32.04,79.0,4.0
SFL.ZCE,20260113,5496.0,5496.0,5510.0,5524.0,5510.0,5522.0,5516.0,26.0,20.0,14.0,38.62,2996.0,
SH.ZCE,20260113,2180.0,2191.0,2164.0,2169.0,2123.0,2131.0,2143.0,-60.0,-48.0,485679.0,3122740.28,208787.0,
SH2601.ZCE,20260113,1964.0,1964.0,,,,1939.0,1939.0,-25.0,-25.0,0.0,0.0,79.0,0.0
SH2602.ZCE,20260113,2100.0,2107.0,2084.0,2086.0,2044.0,2047.0,2063.0,-60.0,-44.0,39525.0,247008.9,20914.0,2123.0
SH2603.ZCE,20260113,2180.0,2191.0,2164.0,2169.0,2123.0,2131.0,2143.0,-60.0,-48.0,485679.0,3122740.28,208787.0,9209.0
SH2604.ZCE,20260113,2299.0,2301.0,2283.0,2293.0,2236.0,2245.0,2266.0,-56.0,-35.0,40535.0,275540.66,34880.0,2661.0
SH2605.ZCE,20260113,2369.0,2365.0,2357.0,2365.0,2303.0,2313.0,2334.0,-52.0,-31.0,62398.0,436936.29,46826.0,3588.0
SH2606.ZCE,20260113,2426.0,2416.0,2416.0,2420.0,2360.0,2370.0,2395.0,-46.0,-21.0,1448.0,10402.95,11203.0,721.0
SH2607.ZCE,20260113,2447.0,2437.0,2437.0,2445.0,2399.0,2410.0,2432.0,-27.0,-5.0,282.0,2057.4,529.0,89.0
SH2608.ZCE,20260113,2479.0,2469.0,2466.0,2467.0,2444.0,2445.0,2453.0,-24.0,-16.0,27.0,198.69,91.0,-3.0
SH2609.ZCE,20260113,2498.0,2492.0,2492.0,2492.0,2446.0,2454.0,2474.0,-38.0,-18.0,693.0,5142.59,1727.0,4.0
SH2610.ZCE,20260113,2507.0,2504.0,2490.0,2493.0,2469.0,2470.0,2480.0,-34.0,-24.0,7.0,52.07,139.0,1.0
SH2611.ZCE,20260113,2508.0,2506.0,2490.0,2502.0,2473.0,2473.0,2486.0,-33.0,-20.0,7.0,52.21,88.0,0.0
SH2612.ZCE,20260113,2525.0,2521.0,2505.0,2518.0,2479.0,2490.0,2501.0,-31.0,-20.0,36.0,270.12,483.0,1.0
SHL.ZCE,20260113,1964.0,1964.0,,,,1939.0,1939.0,-25.0,-25.0,0.0,0.0,79.0,
SI.GFE,20260113,8755.0,8780.0,8710.0,8810.0,8620.0,8635.0,8725.0,-145.0,-55.0,270076.0,1178421.41,242469.0,
SI2601.GFE,20260113,8640.0,8640.0,,,,8640.0,8640.0,0.0,0.0,0.0,0.0,63.0,0.0
SI2602.GFE,20260113,8685.0,8715.0,8600.0,8730.0,8550.0,8565.0,8640.0,-150.0,-75.0,9314.0,40257.61,24654.0,-2062.0
SI2603.GFE,20260113,8720.0,8735.0,8680.0,8765.0,8580.0,8590.0,8680.0,-145.0,-55.0,14274.0,61955.68,55804.0,710.0
SI2604.GFE,20260113,8745.0,8750.0,8605.0,8780.0,8605.0,8620.0,8700.0,-130.0,-50.0,4471.0,19454.28,28638.0,823.0
SI2605.GFE,20260113,8755.0,8780.0,8710.0,8810.0,8620.0,8635.0,8725.0,-145.0,-55.0,270076.0,1178421.41,242469.0,3592.0
SI2606.GFE,20260113,8765.0,8780.0,8755.0,8820.0,8650.0,8655.0,8730.0,-125.0,-50.0,879.0,3837.49,6975.0,300.0
SI2607.GFE,20260113,8755.0,8780.0,8700.0,8810.0,8650.0,8650.0,8715.0,-130.0,-65.0,62.0,270.19,720.0,-8.0
SI2608.GFE,20260113,8790.0,8775.0,8725.0,8800.0,8670.0,8670.0,8735.0,-105.0,-40.0,15.0,65.53,192.0,0.0
SI2609.GFE,20260113,8800.0,8810.0,8770.0,8840.0,8665.0,8665.0,8755.0,-145.0,-55.0,7128.0,31203.73,17833.0,399.0
SI2610.GFE,20260113,8820.0,8840.0,8795.0,8845.0,8660.0,8690.0,8780.0,-150.0,-60.0,84.0,368.78,421.0,-17.0
SI2611.GFE,20260113,8845.0,8860.0,8985.0,8985.0,8705.0,8715.0,8780.0,-145.0,-80.0,128.0,562.11,857.0,19.0
SI2612.GFE,20260113,9165.0,9180.0,9125.0,9215.0,9055.0,9085.0,9150.0,-95.0,-30.0,26.0,118.98,110.0,-1.0
SIL.GFE,20260113,8640.0,8640.0,,,,8640.0,8640.0,0.0,0.0,0.0,0.0,63.0,
SM.ZCE,20260113,5930.0,5938.0,5916.0,5972.0,5906.0,5916.0,5940.0,-22.0,2.0,143149.0,425112.43,260989.0,
SM2601.ZCE,20260113,5912.0,5904.0,5920.0,5920.0,5864.0,5864.0,5884.0,-40.0,-20.0,342.0,1006.25,9194.0,49.0
SM2602.ZCE,20260113,5904.0,5928.0,5902.0,5950.0,5882.0,5892.0,5918.0,-36.0,-10.0,32291.0,95031.32,12907.0,1180.0
SM2603.ZCE,20260113,5930.0,5938.0,5916.0,5972.0,5906.0,5916.0,5940.0,-22.0,2.0,143149.0,425112.43,260989.0,3675.0
SM2604.ZCE,20260113,5940.0,5952.0,5930.0,5978.0,5920.0,5932.0,5948.0,-20.0,-4.0,14366.0,42717.95,26937.0,178.0
SM2605.ZCE,20260113,5942.0,5958.0,5950.0,5986.0,5930.0,5944.0,5958.0,-14.0,0.0,94595.0,281779.02,245515.0,-1826.0
SM2606.ZCE,20260113,5956.0,5964.0,5952.0,5996.0,5942.0,5946.0,5964.0,-18.0,0.0,8661.0,25824.89,23987.0,1562.0
SM2607.ZCE,20260113,5992.0,5990.0,5982.0,6012.0,5958.0,5958.0,5982.0,-32.0,-8.0,8.0,23.93,410.0,0.0
SM2608.ZCE,20260113,6008.0,6008.0,,,,5992.0,5992.0,-16.0,-16.0,0.0,0.0,34.0,0.0
SM2609.ZCE,20260113,5998.0,6012.0,5992.0,6036.0,5980.0,5986.0,6006.0,-26.0,-6.0,4017.0,12062.9,14360.0,308.0
SM2610.ZCE,20260113,5998.0,6012.0,6004.0,6004.0,5996.0,5996.0,5998.0,-16.0,-14.0,7.0,20.99,69.0,6.0
SM2611.ZCE,20260113,6084.0,6084.0,6066.0,6106.0,6066.0,6072.0,6088.0,-12.0,4.0,12.0,36.53,74.0,-2.0
SM2612.ZCE,20260113,6094.0,6090.0,6102.0,6110.0,6086.0,6086.0,6098.0,-4.0,8.0,7.0,21.34,144.0,4.0
SML.ZCE,20260113,5912.0,5904.0,5920.0,5920.0,5864.0,5864.0,5884.0,-40.0,-20.0,342.0,1006.25,9194.0,
SN.SHF,20260113,376920.0,364320.0,381000.0,395000.0,375330.0,379330.0,382570.0,15010.0,18250.0,470223.0,17989632.31,42853.0,
SN2601.SHF,20260113,372480.0,364050.0,381900.0,392990.0,375830.0,380580.0,382350.0,16530.0,18300.0,130.0,4970.65,2698.0,-32.0
SN2602.SHF,20260113,376920.0,364320.0,381000.0,395000.0,375330.0,379330.0,382570.0,15010.0,18250.0,470223.0,17989632.31,42853.0,-7782.0
SN2603.SHF,20260113,377630.0,364950.0,381000.0,395470.0,376000.0,380010.0,383050.0,15060.0,18100.0,192763.0,7383875.5,47519.0,3573.0
SN2604.SHF,20260113,377370.0,364510.0,382370.0,393860.0,375240.0,379360.0,382140.0,14850.0,17630.0,40908.0,1563263.81,15551.0,1068.0
SN2605.SHF,20260113,377610.0,366560.0,379120.0,392800.0,374700.0,378580.0,381710.0,12020.0,15150.0,29920.0,1142095.33,10193.0,376.0
SN2606.SHF,20260113,376420.0,365460.0,379590.0,391000.0,374090.0,377750.0,381200.0,12290.0,15740.0,3110.0,118556.23,4678.0,317.0
SN2607.SHF,20260113,374950.0,367940.0,379590.0,390000.0,372750.0,376310.0,380900.0,8370.0,12960.0,573.0,21825.66,1219.0,52.0
SN2608.SHF,20260113,374950.0,369450.0,375200.0,390000.0,372190.0,376300.0,380290.0,6850.0,10840.0,430.0,16352.9,976.0,-5.0
SN2609.SHF,20260113,372070.0,365210.0,378990.0,389830.0,372350.0,375150.0,380030.0,9940.0,14820.0,391.0,14859.38,454.0,-10.0
SN2610.SHF,20260113,373260.0,365400.0,378810.0,386830.0,372000.0,377260.0,376840.0,11860.0,11440.0,67.0,2524.86,106.0,4.0
SN2611.SHF,20260113,372500.0,365130.0,380810.0,383800.0,370520.0,377090.0,375740.0,11960.0,10610.0,77.0,2893.22,112.0,-2.0
SN2612.SHF,20260113,374500.0,370420.0,380000.0,388990.0,371430.0,375880.0,378460.0,5460.0,8040.0,135.0,5109.25,162.0,27.0
SNL.SHF,20260113,372480.0,364050.0,381900.0,392990.0,375830.0,380580.0,382350.0,16530.0,18300.0,130.0,4970.65,2698.0,
SP.SHF,20260113,5490.0,5522.0,5496.0,5546.0,5450.0,5492.0,5504.0,-30.0,-18.0,299655.0,1649497.33,216747.0,
SP2601.SHF,20260113,5418.0,5456.0,5420.0,5470.0,5410.0,5422.0,5432.0,-34.0,-24.0,574.0,3118.83,8610.0,-248.0
SP2602.SHF,20260113,5480.0,5514.0,5476.0,5506.0,5448.0,5478.0,5480.0,-36.0,-34.0,76.0,416.61,772.0,18.0
SP2603.SHF,20260113,5460.0,5496.0,5476.0,5510.0,5424.0,5460.0,5472.0,-36.0,-24.0,12866.0,70412.44,38633.0,-582.0
SP2604.SHF,20260113,5498.0,5542.0,5462.0,5522.0,5458.0,5494.0,5490.0,-48.0,-52.0,31.0,170.24,394.0,-1.0
SP2605.SHF,20260113,5490.0,5522.0,5496.0,5546.0,5450.0,5492.0,5504.0,-30.0,-18.0,299655.0,1649497.33,216747.0,-2357.0
SP2606.SHF,20260113,5498.0,5548.0,5488.0,5556.0,5478.0,5530.0,5510.0,-18.0,-38.0,22.0,121.26,384.0,-4.0
SP2607.SHF,20260113,5514.0,5546.0,5526.0,5564.0,5472.0,5514.0,5530.0,-32.0,-16.0,8093.0,44765.2,27671.0,1618.0
SP2608.SHF,20260113,5534.0,5568.0,5528.0,5570.0,5528.0,5542.0,5542.0,-26.0,-26.0,7.0,38.8,82.0,0.0
SP2609.SHF,20260113,5536.0,5572.0,5548.0,5590.0,5506.0,5540.0,5552.0,-32.0,-20.0,2717.0,15088.85,14516.0,36.0
SP2610.SHF,20260113,5550.0,5594.0,5528.0,5584.0,5528.0,5560.0,5544.0,-34.0,-50.0,25.0,138.61,40.0,-10.0
SP2611.SHF,20260113,5560.0,5564.0,5556.0,5586.0,5546.0,5582.0,5564.0,18.0,0.0,21.0,116.87,130.0,-5.0
SP2612.SHF,20260113,5572.0,5574.0,5564.0,5590.0,5550.0,5570.0,5564.0,-4.0,-10.0,9.0,50.08,41.0,0.0
SPL.SHF,20260113,5418.0,5456.0,5420.0,5470.0,5410.0,5422.0,5432.0,-34.0,-24.0,574.0,3118.83,8610.0,
SR.ZCE,20260113,5285.0,5286.0,5283.0,5284.0,5238.0,5253.0,5260.0,-33.0,-26.0,221246.0,1163778.6,429949.0,
SR2601.ZCE,20260113,5316.0,5313.0,5290.0,5300.0,5273.0,5288.0,5286.0,-25.0,-27.0,170.0,898.59,7951.0,-137.0
SR2603.ZCE,20260113,5288.0,5286.0,5288.0,5288.0,5241.0,5255.0,5263.0,-31.0,-23.0,52974.0,278876.89,100564.0,818.0
SR2605.ZCE,20260113,5285.0,5286.0,5283.0,5284.0,5238.0,5253.0,5260.0,-33.0,-26.0,221246.0,1163778.6,429949.0,-1446.0
SR2607.ZCE,20260113,5293.0,5295.0,5288.0,5292.0,5250.0,5264.0,5273.0,-31.0,-22.0,1416.0,7466.26,6440.0,83.0
SR2609.ZCE,20260113,5291.0,5296.0,5290.0,5291.0,5250.0,5266.0,5271.0,-30.0,-25.0,20168.0,106309.5,80971.0,2819.0
SR2611.ZCE,20260113,5300.0,5306.0,5299.0,5303.0,5263.0,5278.0,5285.0,-28.0,-21.0,539.0,2848.85,6799.0,26.0
SRL.ZCE,20260113,5316.0,5313.0,5290.0,5300.0,5273.0,5288.0,5286.0,-25.0,-27.0,170.0,898.59,7951.0,
SS.SHF,20260113,13855.0,13865.0,13890.0,13980.0,13705.0,13790.0,13810.0,-75.0,-55.0,256128.0,1768989.12,130200.0,
SS2601.SHF,20260113,13600.0,13600.0,,,,13600.0,13600.0,0.0,0.0,0.0,0.0,1212.0,0.0
SS2602.SHF,20260113,13760.0,13785.0,13800.0,13905.0,13620.0,13720.0,13740.0,-65.0,-45.0,40387.0,277484.44,31713.0,-856.0
SS2603.SHF,20260113,13855.0,13865.0,13890.0,13980.0,13705.0,13790.0,13810.0,-75.0,-55.0,256128.0,1768989.12,130200.0,1464.0
SS2604.SHF,20260113,13920.0,13935.0,13970.0,14045.0,13775.0,13865.0,13880.0,-70.0,-55.0,19089.0,132506.51,40562.0,3592.0
SS2605.SHF,20260113,13955.0,13970.0,13970.0,14075.0,13805.0,13895.0,13915.0,-75.0,-55.0,30671.0,213425.76,28718.0,-344.0
SS2606.SHF,20260113,14010.0,14000.0,14020.0,14105.0,13845.0,13930.0,13960.0,-70.0,-40.0,749.0,5228.26,1191.0,60.0
SS2607.SHF,20260113,13995.0,14050.0,13930.0,14055.0,13870.0,13975.0,13985.0,-75.0,-65.0,61.0,426.61,411.0,19.0
SS2608.SHF,20260113,14015.0,14070.0,14185.0,14185.0,13950.0,14000.0,14070.0,-70.0,0.0,35.0,246.25,930.0,7.0
SS2609.SHF,20260113,14125.0,14095.0,14200.0,14250.0,13955.0,14025.0,14065.0,-70.0,-30.0,335.0,2356.42,1860.0,-15.0
SS2610.SHF,20260113,14140.0,14120.0,14185.0,14210.0,14020.0,14095.0,14080.0,-25.0,-40.0,81.0,570.27,177.0,5.0
SS2611.SHF,20260113,14130.0,14145.0,14230.0,14230.0,14050.0,14050.0,14125.0,-95.0,-20.0,5.0,35.31,58.0,3.0
SS2612.SHF,20260113,14210.0,14185.0,14200.0,14240.0,14095.0,14185.0,14185.0,0.0,0.0,13.0,92.21,103.0,-7.0
SSL.SHF,20260113,13600.0,13600.0,,,,13600.0,13600.0,0.0,0.0,0.0,0.0,1212.0,
T.CFX,20260113,107.845,107.79,107.85,107.885,107.8,107.85,107.845,0.06,0.055,54073.0,5831102.235,232379.0,
T2603.CFX,20260113,107.845,107.79,107.85,107.885,107.8,107.85,107.845,0.06,0.055,54073.0,5831102.235,232379.0,1748.0
T2606.CFX,20260113,107.75,107.705,107.755,107.83,107.725,107.775,107.79,0.07,0.085,3947.0,425365.83,16145.0,41.0
T2609.CFX,20260113,107.745,107.715,107.78,107.8,107.73,107.765,107.785,0.05,0.07,241.0,25970.96,2680.0,83.0
TA.ZCE,20260113,5142.0,5156.0,5130.0,5170.0,5090.0,5140.0,5128.0,-16.0,-28.0,1099211.0,2817786.45,1441469.0,
TA2601.ZCE,20260113,5086.0,5094.0,5060.0,5112.0,5054.0,5080.0,5080.0,-14.0,-14.0,476.0,1208.82,36389.0,-290.0
TA2602.ZCE,20260113,5106.0,5128.0,5090.0,5132.0,5056.0,5102.0,5098.0,-26.0,-30.0,90227.0,227532.36,43848.0,51.0
TA2603.ZCE,20260113,5122.0,5136.0,5112.0,5152.0,5070.0,5120.0,5108.0,-16.0,-28.0,169509.0,432914.4,221971.0,1360.0
TA2604.ZCE,20260113,5138.0,5150.0,5138.0,5164.0,5086.0,5134.0,5122.0,-16.0,-28.0,77514.0,198482.52,66730.0,-1224.0
TA2605.ZCE,20260113,5142.0,5156.0,5130.0,5170.0,5090.0,5140.0,5128.0,-16.0,-28.0,1099211.0,2817786.45,1441469.0,-21239.0
TA2606.ZCE,20260113,5126.0,5130.0,5116.0,5154.0,5074.0,5128.0,5114.0,-2.0,-16.0,29865.0,76357.81,30959.0,1541.0
TA2607.ZCE,20260113,5116.0,5130.0,5130.0,5130.0,5062.0,5112.0,5126.0,-18.0,-4.0,56.0,143.54,138.0,48.0
TA2608.ZCE,20260113,5090.0,5094.0,5058.0,5108.0,5048.0,5108.0,5064.0,14.0,-30.0,5.0,12.66,59.0,-2.0
TA2609.ZCE,20260113,5094.0,5102.0,5088.0,5120.0,5036.0,5088.0,5078.0,-14.0,-24.0,45465.0,115413.1,197478.0,5236.0
TA2610.ZCE,20260113,5112.0,5090.0,5074.0,5106.0,5064.0,5086.0,5084.0,-4.0,-6.0,10.0,25.42,313.0,4.0
TA2611.ZCE,20260113,5068.0,5076.0,5058.0,5100.0,5042.0,5074.0,5070.0,-2.0,-6.0,33.0,83.64,355.0,3.0
TA2612.ZCE,20260113,5052.0,5062.0,5030.0,5100.0,5030.0,5058.0,5054.0,-4.0,-8.0,80.0,202.15,483.0,-15.0
TAL.ZCE,20260113,5086.0,5094.0,5060.0,5112.0,5054.0,5080.0,5080.0,-14.0,-14.0,476.0,1208.82,36389.0,
TF.CFX,20260113,105.625,105.585,105.61,105.64,105.58,105.625,105.615,0.04,0.03,44516.0,4701064.87,138720.0,
TF2603.CFX,20260113,105.625,105.585,105.61,105.64,105.58,105.625,105.615,0.04,0.03,44516.0,4701064.87,138720.0,-139.0
TF2606.CFX,20260113,105.62,105.585,105.62,105.625,105.585,105.605,105.605,0.02,0.02,3037.0,320715.685,19904.0,374.0
TF2609.CFX,20260113,105.515,105.48,105.515,105.515,105.47,105.495,105.475,0.015,-0.005,793.0,83645.35,2612.0,360.0
TFL.CFX,20260113,105.625,105.585,105.61,105.64,105.58,105.625,105.615,0.04,0.03,44516.0,4701064.87,138720.0,
TFL1.CFX,20260113,105.62,105.585,105.62,105.625,105.585,105.605,105.605,0.02,0.02,3037.0,320715.685,19904.0,
TFL2.CFX,20260113,105.515,105.48,105.515,105.515,105.47,105.495,105.475,0.015,-0.005,793.0,83645.35,2612.0,
TL.CFX,20260113,107.845,107.79,107.85,107.885,107.8,107.85,107.845,0.06,0.055,54073.0,5831102.235,232379.0,
TL0.CFX,20260113,111.2,111.04,111.25,111.4,111.09,111.35,111.31,0.31,0.27,89373.0,9944052.52,145256.0,
TL1.CFX,20260113,107.75,107.705,107.755,107.83,107.725,107.775,107.79,0.07,0.085,3947.0,425365.83,16145.0,
TL2.CFX,20260113,107.745,107.715,107.78,107.8,107.73,107.765,107.785,0.05,0.07,241.0,25970.96,2680.0,
TL2603.CFX,20260113,111.2,111.04,111.25,111.4,111.09,111.35,111.31,0.31,0.27,89373.0,9944052.52,145256.0,-1663.0
TL2606.CFX,20260113,111.3,111.12,111.32,111.53,111.21,111.48,111.43,0.36,0.31,9834.0,1095369.51,31493.0,-440.0
TL2609.CFX,20260113,111.03,110.9,111.15,111.26,110.97,111.24,111.19,0.34,0.29,215.0,23891.14,1821.0,-1.0
TLL.CFX,20260113,111.2,111.04,111.25,111.4,111.09,111.35,111.31,0.31,0.27,89373.0,9944052.52,145256.0,
TLL1.CFX,20260113,111.3,111.12,111.32,111.53,111.21,111.48,111.43,0.36,0.31,9834.0,1095369.51,31493.0,
TLL2.CFX,20260113,111.03,110.9,111.15,111.26,110.97,111.24,111.19,0.34,0.29,215.0,23891.14,1821.0,
TS.CFX,20260113,102.34,102.326,102.338,102.344,102.316,102.33,102.332,0.004,0.006,31235.0,6392457.568,72809.0,
TS2603.CFX,20260113,102.34,102.326,102.338,102.344,102.316,102.33,102.332,0.004,0.006,31235.0,6392457.568,72809.0,2021.0
TS2606.CFX,20260113,102.374,102.36,102.374,102.376,102.346,102.356,102.354,-0.004,-0.006,1994.0,408192.024,5988.0,29.0
TS2609.CFX,20260113,102.388,102.38,102.394,102.394,102.37,102.37,102.372,-0.01,-0.008,466.0,95416.212,903.0,2.0
TSL.CFX,20260113,102.34,102.326,102.338,102.344,102.316,102.33,102.332,0.004,0.006,31235.0,6392457.568,72809.0,
TSL1.CFX,20260113,102.374,102.36,102.374,102.376,102.346,102.356,102.354,-0.004,-0.006,1994.0,408192.024,5988.0,
TSL2.CFX,20260113,102.388,102.38,102.394,102.394,102.37,102.37,102.372,-0.01,-0.008,466.0,95416.212,903.0,
UR.ZCE,20260113,1783.0,1776.0,1779.0,1788.0,1768.0,1774.0,1778.0,-2.0,2.0,106933.0,380343.74,230249.0,
UR2601.ZCE,20260113,1692.0,1689.0,1691.0,1695.0,1691.0,1692.0,1693.0,3.0,4.0,13.0,44.01,4298.0,-6.0
UR2602.ZCE,20260113,1704.0,1698.0,1701.0,1707.0,1689.0,1694.0,1698.0,-4.0,0.0,20865.0,70346.07,12698.0,-1220.0
UR2603.ZCE,20260113,1765.0,1759.0,1763.0,1770.0,1748.0,1753.0,1760.0,-6.0,1.0,15610.0,54958.53,60096.0,-355.0
UR2604.ZCE,20260113,1775.0,1769.0,1772.0,1780.0,1761.0,1765.0,1772.0,-4.0,3.0,6341.0,22468.21,23539.0,1175.0
UR2605.ZCE,20260113,1783.0,1776.0,1779.0,1788.0,1768.0,1774.0,1778.0,-2.0,2.0,106933.0,380343.74,230249.0,-6626.0
UR2606.ZCE,20260113,1771.0,1765.0,1768.0,1775.0,1753.0,1757.0,1765.0,-8.0,0.0,3351.0,11829.12,15367.0,664.0
UR2607.ZCE,20260113,1785.0,1778.0,1788.0,1789.0,1771.0,1771.0,1779.0,-7.0,1.0,47.0,167.18,927.0,-11.0
UR2608.ZCE,20260113,1773.0,1766.0,1770.0,1774.0,1761.0,1761.0,1766.0,-5.0,0.0,16.0,56.5,334.0,-9.0
UR2609.ZCE,20260113,1763.0,1755.0,1757.0,1764.0,1748.0,1749.0,1756.0,-6.0,1.0,3407.0,11962.44,19398.0,511.0
UR2610.ZCE,20260113,1756.0,1750.0,1760.0,1761.0,1746.0,1747.0,1751.0,-3.0,1.0,60.0,210.1,676.0,1.0
UR2611.ZCE,20260113,1775.0,1769.0,1769.0,1776.0,1768.0,1768.0,1769.0,-1.0,0.0,24.0,84.93,414.0,2.0
UR2612.ZCE,20260113,1772.0,1769.0,1771.0,1776.0,1766.0,1768.0,1771.0,-1.0,2.0,21.0,74.38,104.0,9.0
URL.ZCE,20260113,1692.0,1689.0,1691.0,1695.0,1691.0,1692.0,1693.0,3.0,4.0,13.0,44.01,4298.0,
V.DCE,20260113,4940.0,4805.0,4940.0,4949.0,4838.0,4888.0,4890.0,83.0,85.0,1615530.0,3949990.41,1034623.0,
V2601.DCE,20260113,4670.0,4527.0,4602.0,4674.0,4560.0,4580.0,4606.0,53.0,79.0,3678.0,8470.5,32093.0,-1989.0
V2602.DCE,20260113,4718.0,4592.0,4701.0,4729.0,4603.0,4649.0,4661.0,57.0,69.0,29724.0,69276.18,37175.0,-659.0
V2602F.DCE,20260113,4688.0,4597.0,4694.0,4695.0,4605.0,4636.0,4645.0,39.0,48.0,2319.0,5382.21,1174.0,-41.0
V2603.DCE,20260113,4746.0,4615.0,4754.0,4756.0,4630.0,4678.0,4689.0,63.0,74.0,59190.0,138777.42,140230.0,-2695.0
V2603F.DCE,20260113,4748.0,4615.0,4748.0,4748.0,4640.0,4678.0,4689.0,63.0,74.0,3652.0,8571.99,1111.0,-313.0
V2604.DCE,20260113,4901.0,4749.0,4901.0,4905.0,4801.0,4851.0,4858.0,102.0,109.0,12134.0,29474.63,69256.0,1803.0
V2604F.DCE,20260113,4903.0,4749.0,4894.0,4897.0,4810.0,4853.0,4858.0,104.0,109.0,760.0,1845.38,780.0,3.0
V2605.DCE,20260113,4940.0,4805.0,4940.0,4949.0,4838.0,4888.0,4890.0,83.0,85.0,1615530.0,3949990.41,1034623.0,-24293.0
V2605F.DCE,20260113,4943.0,4805.0,4931.0,4935.0,4840.0,4889.0,4890.0,84.0,85.0,877.0,2147.37,1228.0,122.0
V2606.DCE,20260113,4980.0,4830.0,4980.0,4982.0,4878.0,4925.0,4927.0,95.0,97.0,9267.0,22830.42,39980.0,1920.0
V2606F.DCE,20260113,4970.0,4830.0,4968.0,4968.0,4887.0,4914.0,4927.0,84.0,97.0,977.0,2413.79,233.0,42.0
V2607.DCE,20260113,5013.0,4850.0,5009.0,5011.0,4917.0,4970.0,4963.0,120.0,113.0,1881.0,4668.1,13122.0,1048.0
V2607F.DCE,20260113,4818.0,4850.0,4976.0,4976.0,4953.0,4953.0,4963.0,103.0,113.0,3.0,7.44,1.0,-1.0
V2608.DCE,20260113,5042.0,4870.0,5037.0,5050.0,4954.0,4999.0,5003.0,129.0,133.0,3959.0,9905.32,9185.0,2913.0
V2609.DCE,20260113,5050.0,4905.0,5029.0,5060.0,4963.0,5009.0,5011.0,104.0,106.0,116199.0,291181.41,168022.0,4527.0
V2610.DCE,20260113,5076.0,4913.0,5076.0,5084.0,4995.0,5017.0,5038.0,104.0,125.0,169.0,425.72,767.0,16.0
V2611.DCE,20260113,5110.0,4950.0,5106.0,5114.0,5025.0,5059.0,5065.0,109.0,115.0,213.0,539.51,682.0,15.0
V2612.DCE,20260113,5119.0,4984.0,5119.0,5126.0,5040.0,5082.0,5071.0,98.0,87.0,715.0,1813.07,754.0,2.0
VL.DCE,20260113,4670.0,4527.0,4602.0,4674.0,4560.0,4580.0,4606.0,53.0,79.0,3678.0,8470.5,32093.0,
V_F.DCE,20260113,4688.0,4597.0,4694.0,4695.0,4605.0,4636.0,4645.0,39.0,48.0,2319.0,5382.21,1174.0,
V_FL.DCE,20260113,4688.0,4597.0,4694.0,4695.0,4605.0,4636.0,4645.0,39.0,48.0,2319.0,5382.21,1174.0,
WH.ZCE,20260113,3198.0,3198.0,,,,3198.0,3198.0,0.0,0.0,0.0,0.0,0.0,
WH2601.ZCE,20260113,3198.0,3198.0,,,,3198.0,3198.0,0.0,0.0,0.0,0.0,0.0,0.0
WH2603.ZCE,20260113,3198.0,3198.0,,,,3198.0,3198.0,0.0,0.0,0.0,0.0,0.0,0.0
WH2605.ZCE,20260113,3198.0,3198.0,,,,3198.0,3198.0,0.0,0.0,0.0,0.0,0.0,0.0
WH2607.ZCE,20260113,3198.0,3198.0,,,,3198.0,3198.0,0.0,0.0,0.0,0.0,0.0,0.0
WH2609.ZCE,20260113,3198.0,3198.0,,,,3198.0,3198.0,0.0,0.0,0.0,0.0,0.0,0.0
WH2611.ZCE,20260113,3198.0,3198.0,,,,3198.0,3198.0,0.0,0.0,0.0,0.0,0.0,0.0
WHL.ZCE,20260113,3198.0,3198.0,,,,3198.0,3198.0,0.0,0.0,0.0,0.0,0.0,
WR.SHF,20260113,3443.0,3472.0,3437.0,3518.0,3300.0,3458.0,3384.0,-14.0,-88.0,1013.0,3428.49,157.0,
WR2601.SHF,20260113,3600.0,3600.0,,,,3600.0,3600.0,0.0,0.0,0.0,0.0,0.0,0.0
WR2602.SHF,20260113,3442.0,3442.0,3317.0,3464.0,3317.0,3464.0,3390.0,22.0,-52.0,2.0,6.78,15.0,0.0
WR2603.SHF,20260113,3490.0,3490.0,,,,3465.0,3465.0,-25.0,-25.0,0.0,0.0,2.0,0.0
WR2604.SHF,20260113,3482.0,3482.0,3360.0,3360.0,3360.0,3360.0,3360.0,-122.0,-122.0,1.0,3.36,1.0,0.0
WR2605.SHF,20260113,3443.0,3472.0,3437.0,3518.0,3300.0,3458.0,3384.0,-14.0,-88.0,1013.0,3428.49,157.0,80.0
WR2606.SHF,20260113,3512.0,3512.0,3449.0,3449.0,3449.0,3449.0,3449.0,-63.0,-63.0,2.0,6.9,5.0,0.0
WR2607.SHF,20260113,3480.0,3477.0,3520.0,3520.0,3401.0,3471.0,3437.0,-6.0,-40.0,15.0,51.57,35.0,2.0
WR2608.SHF,20260113,3511.0,3511.0,,,,3511.0,3511.0,0.0,0.0,0.0,0.0,1.0,0.0
WR2609.SHF,20260113,3517.0,3517.0,,,,3517.0,3517.0,0.0,0.0,0.0,0.0,3.0,0.0
WR2610.SHF,20260113,3513.0,3513.0,,,,3513.0,3513.0,0.0,0.0,0.0,0.0,0.0,0.0
WR2611.SHF,20260113,3499.0,3499.0,3463.0,3463.0,3463.0,3463.0,3463.0,-36.0,-36.0,1.0,3.46,1.0,0.0
WR2612.SHF,20260113,3527.0,3527.0,,,,3527.0,3527.0,0.0,0.0,0.0,0.0,1.0,0.0
WRL.SHF,20260113,3600.0,3600.0,,,,3600.0,3600.0,0.0,0.0,0.0,0.0,0.0,
Y.DCE,20260113,7994.0,7972.0,8008.0,8038.0,7976.0,7986.0,8010.0,14.0,38.0,279777.0,2241100.24,709684.0,
Y2601.DCE,20260113,8228.0,8228.0,,,,8228.0,8228.0,0.0,0.0,0.0,0.0,1336.0,-250.0
Y2603.DCE,20260113,8164.0,8150.0,8172.0,8210.0,8142.0,8170.0,8186.0,20.0,36.0,11542.0,94503.41,46070.0,1078.0
Y2605.DCE,20260113,7994.0,7972.0,8008.0,8038.0,7976.0,7986.0,8010.0,14.0,38.0,279777.0,2241100.24,709684.0,20236.0
Y2607.DCE,20260113,7916.0,7892.0,7926.0,7958.0,7896.0,7908.0,7932.0,16.0,40.0,2062.0,16357.54,18961.0,806.0
Y2608.DCE,20260113,7922.0,7896.0,7930.0,7960.0,7896.0,7896.0,7930.0,0.0,34.0,1608.0,12753.73,10506.0,728.0
Y2609.DCE,20260113,7864.0,7838.0,7872.0,7908.0,7832.0,7842.0,7876.0,4.0,38.0,41426.0,326331.27,93351.0,7225.0
Y2611.DCE,20260113,7834.0,7806.0,7862.0,7876.0,7806.0,7812.0,7846.0,6.0,40.0,1790.0,14046.57,6118.0,760.0
Y2612.DCE,20260113,7858.0,7822.0,7882.0,7906.0,7830.0,7838.0,7874.0,16.0,52.0,418.0,3291.71,3171.0,191.0
YL.DCE,20260113,8228.0,8228.0,,,,8228.0,8228.0,0.0,0.0,0.0,0.0,1336.0,
ZC.ZCE,20260113,801.4,801.4,,,,801.4,801.4,0.0,0.0,0.0,0.0,0.0,
ZC2602.ZCE,20260113,801.4,801.4,,,,801.4,801.4,0.0,0.0,0.0,0.0,0.0,0.0
ZC2603.ZCE,20260113,801.4,801.4,,,,801.4,801.4,0.0,0.0,0.0,0.0,0.0,0.0
ZC2604.ZCE,20260113,801.4,801.4,,,,801.4,801.4,0.0,0.0,0.0,0.0,0.0,0.0
ZC2605.ZCE,20260113,801.4,801.4,,,,801.4,801.4,0.0,0.0,0.0,0.0,0.0,0.0
ZC2606.ZCE,20260113,801.4,801.4,,,,801.4,801.4,0.0,0.0,0.0,0.0,0.0,0.0
ZC2607.ZCE,20260113,801.4,801.4,,,,801.4,801.4,0.0,0.0,0.0,0.0,0.0,0.0
ZC2608.ZCE,20260113,801.4,801.4,,,,801.4,801.4,0.0,0.0,0.0,0.0,0.0,0.0
ZC2609.ZCE,20260113,801.4,801.4,,,,801.4,801.4,0.0,0.0,0.0,0.0,0.0,0.0
ZC2610.ZCE,20260113,801.4,801.4,,,,801.4,801.4,0.0,0.0,0.0,0.0,0.0,0.0
ZC2611.ZCE,20260113,801.4,801.4,,,,801.4,801.4,0.0,0.0,0.0,0.0,0.0,0.0
ZC2612.ZCE,20260113,801.4,801.4,,,,801.4,801.4,0.0,0.0,0.0,0.0,0.0,0.0
ZC2701.ZCE,20260113,801.4,801.4,,,,801.4,801.4,0.0,0.0,0.0,0.0,0.0,0.0
ZCL.ZCE,20260113,801.4,801.4,,,,801.4,801.4,0.0,0.0,0.0,0.0,0.0,
ZN.SHF,20260113,24125.0,24030.0,24215.0,24735.0,24035.0,24235.0,24300.0,205.0,270.0,152709.0,1855788.04,68022.0,
ZN2601.SHF,20260113,24130.0,24040.0,24155.0,24600.0,24150.0,24200.0,24300.0,160.0,260.0,705.0,8565.8,1915.0,-90.0
ZN2602.SHF,20260113,24125.0,24030.0,24215.0,24735.0,24035.0,24235.0,24300.0,205.0,270.0,152709.0,1855788.04,68022.0,-5011.0
ZN2603.SHF,20260113,24175.0,24070.0,24290.0,24785.0,24060.0,24280.0,24350.0,210.0,280.0,188273.0,2292298.09,111306.0,9828.0
ZN2604.SHF,20260113,24205.0,24115.0,24325.0,24795.0,24100.0,24315.0,24380.0,200.0,265.0,33029.0,402683.86,32152.0,2095.0
ZN2605.SHF,20260113,24225.0,24135.0,24300.0,24795.0,24115.0,24330.0,24410.0,195.0,275.0,12216.0,149100.93,11753.0,3.0
ZN2606.SHF,20260113,24235.0,24150.0,24255.0,24775.0,24130.0,24325.0,24380.0,175.0,230.0,1518.0,18505.6,2252.0,180.0
ZN2607.SHF,20260113,24220.0,24150.0,24350.0,24795.0,24125.0,24315.0,24410.0,165.0,260.0,421.0,5139.23,698.0,137.0
ZN2608.SHF,20260113,24170.0,24160.0,24330.0,24755.0,24150.0,24335.0,24445.0,175.0,285.0,99.0,1210.07,405.0,-15.0
ZN2609.SHF,20260113,24260.0,24205.0,24400.0,24820.0,24160.0,24390.0,24570.0,185.0,365.0,537.0,6597.36,835.0,190.0
ZN2610.SHF,20260113,24235.0,24160.0,24385.0,24800.0,24225.0,24370.0,24420.0,210.0,260.0,65.0,793.7,110.0,-2.0
ZN2611.SHF,20260113,24250.0,24175.0,24365.0,24810.0,24225.0,24355.0,24425.0,180.0,250.0,58.0,708.43,133.0,16.0
ZN2612.SHF,20260113,24275.0,24230.0,24400.0,24780.0,24290.0,24430.0,24480.0,200.0,250.0,57.0,697.81,105.0,-5.0
ZNL.SHF,20260113,24130.0,24040.0,24155.0,24600.0,24150.0,24200.0,24300.0,160.0,260.0,705.0,8565.8,1915.0,
